x	y	clickSelects
-0.072923043267058	2.19011271543123	598
-0.12267360642496	0.573635969140104	412
-0.073232174232412	1.67831472843326	1150
-0.02792925490981	1.65738621958065	1150
-0.016292119456347	0.371339491478864	1256
0.0208803968634901	0.740242477919268	139
-0.0189203504187621	0.369865529445495	669
-0.018214145110458	0.37688338899396	545
-0.09637140221185	0.23518617148225	104
-0.020752042218405	0.364802873143007	3
-0.012820983557582	1.40766853535904	111
-0.017550784666464	1.57169217806884	37
-0.080970611549868	1.89257023239534	730
-0.100310352575734	0.899175109168524	412
-0.011534365783616	0.360511765653052	139
-0.096137108193727	0.242035006438114	669
0.02985193864532	0.85092153430846	43
0.0134511209989201	0.616154957654506	104
-0.093272469595547	0.235569653943089	104
-0.020102659682851	0.377577857251157	3
-0.051597706710445	1.30142573517224	111
0.1187501419081	1.98795110696662	111
-0.030787560079978	1.223830841954	73
-0.018330511525977	1.00551162153839	412
-0.0995695595099651	0.659202311909455	3
-0.014166205232313	0.371208576111533	3
-0.015347816318416	0.37893202012248	3
-0.103098193814339	1.20369581133255	111
0.0851890649389599	1.14713953143334	111
-0.117475466180197	1.4384170617228	37
-0.00910562593960296	1.02998466790547	182
-0.093272469595547	0.235569653943089	429
-0.0193970371530801	0.366192847465021	669
0.02815116431931	0.853170603770355	1062
0.0188829387710501	0.802294169757989	43
0.00311898799675991	0.502762052394406	104
-0.017976428418263	0.371565368446839	104
-0.11970102342276	0.558225710292978	298
-0.096137108193727	0.242035006438114	298
-0.042787561223083	1.93302009139937	238
-0.059895240455321	1.717752132447	287
-0.00345033963764196	1.14943683644767	68
0.0134083221407599	0.732809802990012	224
-0.090317976448515	0.669061238399392	3
-0.060284381791251	2.16258479005218	37
-0.00347936205117605	1.98170059861407	37
-0.0516001477995141	0.903545546087218	24
-0.102457783377442	0.660588327296913	43
-0.02525538423758	0.364338526937313	43
0.0106009433988701	0.61660263308013	980
0.01245606099412	0.729642947601528	980
-0.013681086344275	1.81023978893903	111
-0.052887377620489	1.60438847223222	37
0.0219449891449901	0.604979973837995	833
0.0171969696972101	0.6231109361475	833
-0.00148616591005801	0.493472537133287	68
0.0454713206828801	1.03055267141964	24
-0.014403247750541	0.378706772006315	733
0.00929369730438001	1.16740914508438	111
0.0246764539448701	1.35298390590671	38
-0.0906758566882639	1.40867986281243	38
0.00618638660438009	0.576477152183012	833
-0.039186953611693	0.922931671562021	24
0.00406465878701989	0.502465533558202	224
0.0107141518178699	0.60581199387469	3
-0.000478084347007024	1.3709501638807	111
-0.12164245494058	1.30019686139392	37
0.00970670302835996	1.14158901238698	249
0.02312878206013	0.844410378022078	833
-0.02781562089065	1.22802103888	68
-0.015347816318416	0.37893202012248	43
-0.000774256091958026	0.478359852244081	734
-0.095245091868864	0.687903974082071	298
-0.110388254889036	1.06154790010097	37
-0.018214145110458	0.37688338899396	1183
-0.092032448226814	0.23697863397343	17
0.01472032280215	1.2694387611458	279
0.0139244910457701	0.707117317655063	238
0.0560243587818701	1.05309311118314	38
0.02071033976068	0.619654262070186	1209
-0.019158571508784	0.379365857410272	334
-0.035686375984849	0.913328676530643	68
-0.00846239516314695	0.35404085495687	68
-0.086121268949171	0.675002416397241	889
-0.096137108193727	0.242035006438114	889
-0.097377910532371	0.240542022477606	43
-0.097143027122115	0.237162373455149	43
-0.09637140221185	0.23518617148225	229
-0.096137108193727	0.242035006438114	3
-0.099500128796714	1.05880191064278	238
-0.020502617845964	1.01914232740836	238
-0.099433443515879	0.676843749338784	655
-0.043560867517109	0.921699823432368	655
-0.094265025297932	1.28432830848032	66
0.06539237544042	1.13171426714508	37
0.01752720663538	1.2755226422516	37
-0.08099479198284	0.984414555559719	37
-0.102163503808709	0.689875842635001	730
-0.015347816318416	0.37893202012248	249
-0.109354266626408	0.863050805546596	68
-0.00527398969716897	0.477488926421695	889
-0.095130840444701	0.236596957820061	889
-0.018214145110458	0.37688338899396	43
-0.102537005736107	0.235660452575005	214
0.00723946400005993	0.488268758507376	214
-0.091024595665219	0.237122002991149	229
0.01576144152501	1.60229522415955	804
-0.023794227545143	1.2985584437509	316
-0.057591789675408	1.09248788240403	316
-0.030818178831588	1.20239174286677	316
0.0667605113363201	1.16231897070513	25
-0.072654963564471	0.813684617637598	25
0.03421953996475	0.834222913411223	25
-0.038970744143351	0.925096182488378	654
0.01941215691541	0.855969390849965	655
0.00412220233842997	0.584688687978919	655
0.0420949107134301	1.43123288253053	556
0.02067143915831	0.736911103181128	1689
-0.009655738224707	1.00653305747073	38
-0.102671274411752	0.87857072812902	124
0.0470813309773701	1.02223537730356	431
-0.080320563771056	1.48842152713161	246
0.0021757351090701	0.474411697803033	67
0.0221363827366201	0.828601002746447	1425
-0.097143027122115	0.237162373455149	889
-0.0983840697417549	0.235738558043426	889
-0.105023178775003	0.883475154801159	889
-0.097377910532371	0.240542022477606	43
-0.096137108193727	0.242035006438114	214
-0.097377910532371	0.240542022477606	229
-0.096137108193727	0.242035006438114	229
-0.029731004473792	0.345775793052049	229
-0.015585563735411	0.367953045033641	1926
-0.014166205232313	0.371208576111533	105
0.07342449452721	1.19118116511623	3
-0.123057103605577	1.54340621177898	605
-0.033442042895494	1.44534751623059	316
0.0359567356322099	0.955226288458801	25
0.0723704316698	1.33834833781534	238
-0.107716043763044	0.904769020219444	655
0.02815116431931	0.853170603770355	655
-0.020223248421943	1.05770161045864	58
-0.079058018938721	0.75697971488138	66
-0.102265195832466	0.691599408766923	66
-0.05564445845036	1.35496099121962	66
0.0320562094079899	2.19405643259155	1100
-0.123937421001449	0.576144939336015	124
0.0199748383373199	0.816145358093415	280
0.02071033976068	0.619654262070186	67
-0.118762523195768	0.553384366373815	334
0.0102311088017399	0.702585899181489	334
-0.096137108193727	0.242035006438114	889
-0.019158571508784	0.379365857410272	43
-0.096137108193727	0.242035006438114	214
-0.024313397124111	0.3659966060891	214
0.000344742360089967	0.492789185887372	105
-0.0922286810360859	0.690816729130252	3
-0.019974769487078	2.14244892201687	605
-0.00453821978255597	1.10877007382252	316
0.0175961394352699	0.5981193511888	654
-0.067865935146432	0.711755146382647	654
0.0677542594623499	1.1463429102107	655
-0.025102217333131	1.80641953735669	556
-0.055251813597091	1.55241254122609	1100
0.00587275941937993	1.10942886892628	37
0.0719209532338101	1.22330482969085	37
-0.122017188169303	1.29552114734932	37
-0.096405473886426	1.25707331482272	37
-0.095080827997432	1.06800280532728	124
-0.08022503153188	0.99658193478287	431
-0.041266149978971	0.917175638317783	280
0.0824830199630799	1.41621418654948	48
-0.106981327836145	1.05444666120463	48
-0.122158159031819	0.562163941337484	471
-0.069483540242398	0.751221757400001	249
-0.020102659682851	0.377577857251157	334
-0.016530336807333	0.368144408677948	334
-0.09725237812986	0.681622664012837	139
0.0164081369867899	0.62622736687686	45
-0.092032448226814	0.23697863397343	45
-0.019567251513126	0.365520341358932	43
-0.0983840697417549	0.235738558043426	1869
-0.09226437551552	0.235713379343593	1105
-0.0983840697417549	0.235738558043426	214
-0.097377910532371	0.240542022477606	214
-0.09226437551552	0.235713379343593	728
-0.011770433688446	0.355872791717833	1102
-0.056251245977976	1.04689585808188	316
0.06991431740428	1.29595468582155	654
-0.107716043763044	0.904769020219444	238
-0.057485571783666	1.23486887047474	125
0.0199608633344199	0.822468756555753	471
0.01907494722282	0.595721290290657	67
-0.103250921556249	1.23409303276187	249
-0.096443567771121	0.680139452192221	334
-0.124602896274683	0.979131587158817	2061
-0.097377910532371	0.240542022477606	1105
-0.095130840444701	0.236596957820061	1105
-0.097143027122115	0.237162373455149	728
0.00879676246335004	0.487414760352364	3
0.09963685089923	1.77949854249081	38
-0.105166297023248	0.880193515273028	316
0.00054783995575991	0.496939009547311	371
0.00613444205661007	0.682871512286078	38
-0.07364591162525	0.771777778499113	435
-0.099757192446549	0.655297232448676	124
-0.096241314969685	0.686836268875307	431
0.06892720093439	1.21592723744522	431
-0.0193970371530801	0.366192847465021	471
0.00629422913861011	0.492662541702029	991
-0.00148616591005801	0.493472537133287	45
0.00534918755862002	0.492926040448312	45
-0.086911230181714	0.229106632261964	1105
0.01734516874017	0.625758479340949	1102
-0.097377910532371	0.240542022477606	1102
0.0188355425920801	0.620457651196463	845
0.0624325143621001	1.18564528668859	25
-0.112101266019652	1.04768550826712	331
-0.038904973542054	0.929111675326236	331
0.00677407053849	1.15887956728563	776
0.01467686164519	0.735276478162195	776
0.0165336808659899	1.2124774788033	38
-0.0952164320201691	0.681157813082274	124
-0.000570723044758026	0.494812744879114	3
-0.0549075683396481	1.27573421879286	371
0.01250505166035	1.89713514701114	435
0.03677933566459	1.76838169088333	125
-0.071628101910084	0.763334381290163	368
-0.070507983366273	0.794223305479028	1577
0.0110138586220001	0.604778828279209	1577
0.0044290228036501	0.589409817445568	1577
-0.014403247750541	0.378706772006315	285
-0.0624348435154331	1.46106133794491	371
-0.103562036047107	1.56850031266975	280
0.0678172610047201	1.18600960855482	48
0.03640192400996	0.938788794189634	48
-0.00261401057251698	0.490545561864625	1577
-0.095130840444701	0.236596957820061	285
0.08628059853848	2.02275925542868	371
-0.091257700246266	1.37163441560103	37
-0.0234880535970961	1.25672638559611	48
0.00258037932383992	0.483450231636558	383
-0.00352163872092004	0.474149158372519	3
0.12184426007138	1.95849514291653	284
-0.010163439162421	1.29196260106712	1100
-0.091767613007577	1.48936108054513	712
-0.105729855255568	1.21598325877398	249
-0.0974405832181709	0.682234778422797	2060
0.0374286628334699	0.810845182831202	2060
-0.073223581217558	0.99453871880133	368
-0.096137108193727	0.242035006438114	3
0.11639443947102	1.78066803385533	373
0.01929242516628	1.22369962593886	25
-0.110257745745264	1.74184845260789	284
-0.103644124835421	1.46882567066553	1250
-0.017210009272331	1.58459734632279	37
-0.054700864888618	1.25949195619545	280
-0.03120486327724	2.22239466470836	1927
0.01550709799207	0.772677127000575	401
-0.088365999410735	1.28257377303037	25
-0.025172476107477	1.29713892111076	25
0.01315078610995	1.84612344407112	284
-0.049146950147049	1.37732441319967	37
-0.0910479760372061	0.675792813976663	125
-0.0949653856213411	1.56836248062911	29
-0.012917954971723	1.37780027709822	48
0.0142760759902201	0.824940041804654	434
-0.107181021901128	0.641732616030609	249
-0.010588781023776	0.365631674129636	196
-0.116398470967498	1.16987057261416	25
0.01684069725096	0.816652723355379	25
0.0186458974861401	0.715391627292022	25
-0.101359210933904	0.660664567431849	331
0.0232314192277401	0.72939087008126	371
0.0178735688544001	0.734755518301334	371
0.06075886825058	2.22918933627802	38
0.0595441485792601	1.19610321819928	1503
-0.124977601805591	0.558844515069414	434
-0.097377910532371	0.240542022477606	427
-0.097143027122115	0.237162373455149	807
0.0240430655875199	0.711070985371289	807
-0.019158571508784	0.379365857410272	43
-0.0203416302346749	0.368475478983346	196
0.01941215691541	0.855969390849965	267
0.02146351256	0.847376777316535	892
-0.096819037799234	1.20168993335861	331
-0.11961117224721	0.577077730519334	434
-0.020102659682851	0.377577857251157	807
-0.096137108193727	0.242035006438114	50
-0.095130840444701	0.236596957820061	43
0.06129860825808	2.10040371283926	267
-0.041266149978971	0.917175638317783	249
-0.021759147442838	1.48100542699851	249
0.01143063198497	0.592168951909955	807
-0.101064294387908	0.68532976749055	50
-0.000570723044758026	0.494812744879114	43
-0.026441257102126	0.363619239944434	43
-0.019863933957261	0.361526576860549	43
-0.115658962409281	1.14583094563864	25
-0.028953135623905	1.66703232576744	37
-0.055482683396313	0.87964278421573	145
0.01547194622686	0.622694327313849	39
-0.000570723044758026	0.494812744879114	196
0.10531449543226	1.7208840274502	331
-0.040929768578009	1.46469414827904	38
0.00701082012030008	1.15173663158128	29
-0.124694452579831	0.986263919899003	29
-0.05374754117533	1.09407736454212	280
0.0306666686091801	0.946281515643287	249
0.0199748383373199	0.816145358093415	249
0.06991431740428	1.29595468582155	249
-0.107072276081164	0.662888490995349	68
-0.12267360642496	0.573635969140104	807
0.00517983866350003	0.504643699516743	50
-0.00149666200867504	0.482469111552101	145
0.00146295379833994	0.494893052944525	39
-0.068464483469612	1.42810013648416	371
-0.038398179403548	1.38160031257117	371
-0.123518007924309	1.63200334747106	37
-0.039302944329498	0.91604749026802	247
0.00707379544406006	0.479276582352766	159
-0.020102659682851	0.377577857251157	43
0.01331775820682	0.605356643054037	39
0.0331291022628399	0.946513759206217	10
0.06851837641184	1.86860302503728	515
-0.105416414499855	1.04873296987529	37
-0.070543847149796	0.770203229495149	280
-0.063812642189928	1.28026970514585	280
-0.05788555099311	0.79532369895527	479
-0.014886770828672	1.53633516801635	48
-0.035968831258607	1.85737103101678	247
-0.047442208971352	0.924115232367184	244
-0.095969812929849	0.894410290860133	43
0.00311898799675991	0.502762052394406	2275
-0.009293727790188	0.456073412678248	3
-0.027469441793655	1.27117167251607	1147
0.00963909874621005	2.48595897364976	25
-0.101962790832554	1.05925954501104	284
0.0176918192008699	0.719565354431095	881
-0.066785055129916	1.64563560372145	37
0.12186034339837	1.98381168209148	37
-0.0848666197617099	1.34257700743853	730
0.05547731396394	1.1679921804839	479
-0.00960001427771495	1.03727642874134	479
-0.115313963145235	1.71347437388493	427
-0.12347553480717	0.556792096865517	1811
0.0128850866205401	0.610545714302348	81
-0.102536274341126	1.77806761123706	267
-0.00605018204633701	1.13629614282518	556
-0.086981207071393	1.60468480541436	48
0.04379451528569	2.24357577921788	427
0.0160231159918101	1.21252382427599	159
-0.114595689114071	0.547244793182223	793
-0.020102659682851	0.377577857251157	10
0.10050898255124	1.48374005897594	515
-0.08511638180597	1.17675645938839	1147
0.0272367685763699	1.55598696269827	1147
-0.121407951222161	1.14725753001388	496
0.10019599829814	1.76889622371029	37
-0.012875835975803	1.05366569186536	479
-0.00244079803951902	0.471126949782794	1063
0.0323452059716101	0.977749512238662	137
-0.087217889781958	0.663866801191109	787
0.0237232699090499	0.713638506236142	793
0.00896481225551993	0.492128352305967	39
-0.09637140221185	0.23518617148225	10
0.00707379544406006	0.479276582352766	1186
-0.00194602219037798	1.13568132581027	38
0.05309486945971	1.50610255536982	37
-0.100819222591072	2.3755173379046	427
-0.098168823041514	0.687746604583514	1063
-0.097377910532371	0.240542022477606	1063
-0.097143027122115	0.237162373455149	137
-0.090967323623925	0.898614393905517	159
-0.116641261791993	1.76268107412891	515
-0.074330323289492	1.53069979951011	1147
0.03447664640411	0.97182845085374	137
-0.041436656222777	0.898903112171458	736
-0.108281468882082	0.645520743507427	1977
0.02989780877379	0.926554873884291	1068
0.0177492519103299	0.595227497350813	747
-0.047925246213776	0.907859828577178	2114
-0.072302701839881	1.74267663765696	427
-0.082425544704021	1.80143525587556	249
-0.110338098676593	0.849872373842272	92
-0.058025120397605	1.41410126384568	92
-0.018996383856784	1.31923290057466	244
-0.102681366651573	1.0555737937624	159
0.02914090827009	0.850194643443579	1413
0.0756843018347999	1.19442365384231	1068
-0.070366916061645	0.801468705223961	411
0.11776856522397	1.52691714566497	1147
0.0158022039799699	1.55688786190325	1147
0.09246983573312	1.37285358943565	1147
0.0251083658076701	0.846457709358145	38
0.0454713206828801	1.03055267141964	496
0.00494461876596009	0.469813771168076	304
-0.112866571356297	1.19615913431089	304
-0.019158571508784	0.379365857410272	92
0.0164081369867899	0.62622736687686	92
-0.123772993166973	0.577314792300307	736
0.00054783995575991	0.496939009547311	1068
-0.018214145110458	0.37688338899396	10
-0.036356148618519	1.61561703385441	556
0.07220203913663	2.21298096712158	37
-0.112027960310082	1.19533670299639	280
0.03161303472819	1.42607086254653	184
0.04787699052231	1.61863299467974	304
-0.109807379890326	0.839691205245575	304
0.0219669676107399	0.737367294197512	304
-0.101266516077574	0.692713412415691	137
-0.074408177161607	1.36870333543167	244
0.02331055544269	1.23518688884366	244
-0.048346796170467	0.918407768682048	244
-0.058974781830785	1.50485345137093	244
-0.044244112891168	0.926934125736513	344
-0.092032448226814	0.23697863397343	10
-0.124040195202132	0.555901205020012	7
-0.040914521453715	1.94920423981552	515
0.0643292682207499	2.24063482312439	37
-0.083379731143692	1.34515176627472	37
0.000316209741000106	1.1611667746825	159
0.00331455875400999	0.500775576905248	1456
-0.096137108193727	0.242035006438114	10
-0.06624444124805	1.59980319276392	1147
-0.098329329973193	1.68938364348142	1269
-0.101024123731621	1.65827163817955	37
-0.123354917712551	1.53494974525214	29
-0.071340852399212	1.16969252458179	184
-0.020885907631029	1.3255585742082	184
-0.079937858767849	1.60669910911117	180
0.02925573344454	1.43810273256966	1101
0.0466166434581801	0.961130247100853	1969
-0.049708767554532	1.34362100284968	854
-0.098998763331808	0.857240417817248	244
0.0251841740976899	0.836074585229517	159
-0.000570723044758026	0.494812744879114	10
-0.07640606993505	1.18223328598654	1147
0.02457180626394	1.64689071726532	496
-0.0743364393224381	1.67443996070638	37
0.0517090810329299	1.99159933947217	180
-0.03225592919599	1.23496149834901	244
-0.076753101793448	0.95830947633558	244
-0.057847920615181	0.801659902314209	159
-0.118510458272788	0.573441504604193	159
0.0162592455870301	0.627582261636106	159
0.0155973587990501	1.27052745091417	37
-0.037989593217755	1.62774748657776	37
0.0175364910554501	0.733330581242133	304
0.0250086331933801	0.834928050042477	296
-0.096137108193727	0.242035006438114	7
0.0303282311201201	0.844511130549609	351
0.0218274673794601	1.97004158414765	273
0.04614295958649	1.39802604690917	520
-0.015152901869373	1.29609766400793	137
-0.063490582729046	1.26349702256321	137
-0.047548243551124	1.66935136732481	36
-0.0705549097121611	0.814071296630962	244
0.01531521245533	0.727747129092032	244
0.0780569233308901	1.19262149489088	344
-0.108294092945733	0.639689841394849	344
0.00630226554778002	0.602546468166961	159
0.01180002015905	0.612245133117511	159
0.0462566872024099	0.953429823156482	251
-0.055004990368751	1.11701420193952	25
0.0535657544530099	1.08368528213472	331
0.0108641326535499	0.611057113688543	25
-0.050534029477033	0.915619662502463	293
-0.0718984633220801	1.00693784940884	37
0.06574705194344	1.81495913348524	76
-0.054518739198486	0.884141546408189	48
0.0266190256743799	0.584514224454369	146
-0.03678402693044	0.905631255444274	427
0.0241183840227399	0.847325027462465	249
-0.096137108193727	0.242035006438114	344
-0.017032168380782	0.369236102173919	344
-0.0189203504187621	0.369865529445495	159
-0.092032448226814	0.23697863397343	226
-0.095130840444701	0.236596957820061	670
-0.00234378905400001	1.13852798656952	496
0.04513079375681	1.59691992740613	37
-0.049414175005687	0.917488466275825	37
0.01044809727062	1.24700933547942	280
-0.065292760737287	0.783069958151982	180
-0.0682097944029491	0.800300215330088	448
0.0384085062421999	0.955582928486419	527
-0.096417094347944	0.67097262354071	2219
-0.093272469595547	0.235569653943089	226
-0.021285884904317	0.366801743582157	440
-0.073529969818787	1.13745416544022	331
0.000897230601009991	1.16443143702681	293
-0.034128967233788	1.25299044764777	293
0.09309770978069	1.41590382227055	293
-0.010690804918846	1.51629110064139	37
0.0756817271544401	1.82240746287602	37
-0.095682298818372	0.931549150101555	37
0.0744678823328999	1.31791973306199	37
-0.018229314626791	1.05719924020369	37
-0.040901631725638	1.70828227085451	48
-0.052765438857308	1.09467882268724	146
0.00803550792657992	0.76093858039321	244
0.01075271400935	0.619253829122378	244
-0.0416420456291861	0.932143021626211	251
-0.034891298109159	0.921283920897693	440
-0.069517235192769	0.809602873237303	400
-0.026580258991764	1.0301388786898	37
-0.07362122796349	1.16832278141457	904
-0.00149666200867504	0.482469111552101	180
-0.124873206795736	0.574946472025238	75
-0.097143027122115	0.237162373455149	244
-0.098539478571452	0.670550561513613	344
-0.022638711096449	0.35801867464205	226
-0.096137108193727	0.242035006438114	226
-0.00825793302260403	0.468213372732792	670
-0.017976428418263	0.371565368446839	159
0.01803136183456	0.730393410142901	440
-0.021669661453389	1.03404580947109	670
-0.105219297372702	1.03935956299401	670
0.0251841740976899	0.836074585229517	670
-0.089761374557946	0.957438623165618	440
-0.099397265431747	1.06578476553104	838
0.07293794391994	1.24897297771766	132
-0.071699670228878	1.24665812808055	37
-0.063775886312482	1.23111724976502	76
-0.055992015410279	1.52382523542375	76
0.01007951133171	0.596034547629953	249
-0.111532619021387	0.885697639359451	1004
0.01789238155316	0.826726182252699	1009
-0.00432991685527795	0.478771691703076	296
-0.013221840775977	0.371008922019284	7
0.0373868232193999	0.950530256967205	344
-0.015347816318416	0.37893202012248	1739
-0.000367251708515037	0.495589908112128	1739
-0.025499063861349	0.365272944321409	400
-0.103541801797234	0.231070590323699	838
0.0292585516555499	1.42068785592232	556
-0.07610523499399	1.38739242351995	76
-0.093666454487926	1.22072383899733	209
-0.0737925545792471	1.15327603884844	209
-0.014166205232313	0.371208576111533	75
-0.0995695595099651	0.659202311909455	1526
-0.092032448226814	0.23697863397343	93
0.0184912801496899	0.724747169271462	1893
0.0221410275829299	0.715762402405879	496
-0.02523968800511	1.20485321689433	37
-0.073407294244553	1.67597558605635	703
0.0050105235373501	0.497801431969785	947
-0.103061737250611	0.885382142655965	249
-0.019158571508784	0.379365857410272	488
0.0220380666940201	0.837404230483612	1131
0.04172683956623	0.967007355792959	1009
0.05464821511533	1.08490490831495	1009
0.0573587040943699	1.07288364063309	1526
-0.098437065849721	0.230944754347977	93
-0.012366642577865	2.16159723946963	446
-0.020510509132983	0.365707045384944	492
0.06327876877982	1.7317313739089	76
-0.0189203504187621	0.369865529445495	75
-0.119941436994446	0.562420169315719	75
-0.020510509132983	0.365707045384944	1957
0.0159767274647999	0.714917285349046	1526
-0.0983840697417549	0.235738558043426	1181
-0.00667638187933595	1.00045827404757	492
-0.097051659218561	0.69928832477896	492
0.00802841733921	0.594479183040441	492
0.09217585281537	1.45471327420018	209
-0.0248458671410871	0.983706617621584	209
0.0580001771461201	1.19506977399014	159
-0.097377910532371	0.240542022477606	1009
-0.093272469595547	0.235569653943089	541
-0.10153186615052	0.230556128074192	296
-0.095130840444701	0.236596957820061	1058
0.01075271400935	0.619253829122378	1058
-0.034847124569291	1.20068538331471	37
0.0331291022628399	0.946513759206217	76
-0.111069438375255	0.891836191246764	249
-0.000367251708515037	0.495589908112128	249
0.00629422913861011	0.492662541702029	75
-0.0941192803587601	0.681195082539921	1009
-0.118269310320517	0.546329417745956	1009
0.0156292825129301	0.738486115211736	343
-0.067390110565086	0.792653737197519	343
-0.086911230181714	0.229106632261964	1042
-0.096137108193727	0.242035006438114	1058
-0.099233928736406	1.08903997536462	556
0.07852747571988	1.39653055161308	76
0.0808387727191999	1.35861672118622	37
0.02920763385423	0.83825610143417	249
0.0405143524007301	0.9392761257935	49
-0.00559008197978805	0.339287063918259	49
0.0492495148043299	1.08772073759756	600
-0.114465677923061	1.12089491745137	248
0.04770379366721	1.51170171608004	76
-0.123792597881215	0.987379882486301	37
0.0506085122665201	1.96584902807345	463
0.0108641326535499	0.611057113688543	209
0.01451921357066	0.740605984592832	209
0.0182830423931899	0.621334020868583	1368
-0.096137108193727	0.242035006438114	75
-0.097143027122115	0.237162373455149	1131
0.00427574167004008	0.595932060249185	49
-0.040255378818582	0.923723235339125	209
-0.020102659682851	0.377577857251157	1368
-0.099670785199638	0.642791409550833	49
0.00578947636126004	0.473848538183026	49
0.0222709602358999	0.848807575937907	343
-0.015347816318416	0.37893202012248	93
-0.076640749593801	1.48398429306989	331
-0.120980223660065	1.29288236564195	331
0.0355196141443701	0.971420081534927	75
0.05765766788977	1.08693258655777	75
-0.091958622237018	0.66868159405316	36
0.00927594470651005	0.699636632289858	546
0.0473408614890101	1.46378257966703	331
-0.097873169695462	1.06054398121289	192
0.07643071344774	1.27591346798395	293
-0.095142241272327	1.04935776385258	297
-0.061106583669584	0.765383416690776	721
-0.071561261822886	0.97460866575096	249
-0.097237148469152	0.682442450173573	75
0.01868508478298	0.61570342497224	49
0.000141582973189891	0.473095911368868	49
-0.020102659682851	0.377577857251157	49
-0.096137108193727	0.242035006438114	343
0.00423448275089	0.504946704337393	671
0.0197735432913599	0.737204684446171	128
0.0169247568837501	0.727427352605111	128
0.11291354664268	2.20408567415795	331
0.08552426670194	1.28325341297338	95
-0.090046661811633	0.95077916937128	192
-0.061681868057258	1.09291898020846	293
0.08613307857645	1.27294118388744	719
-0.084948922223039	1.18207583172382	132
0.06064091401051	1.10326402786765	76
0.00876357784008008	1.17619383352764	297
-0.121641916634671	1.14299825021629	48
0.0229270074258701	0.824723664433093	721
0.00962748046626993	0.587329589758556	146
0.04210071130921	0.979241428487192	75
-0.0727404161102681	1.1911295584303	75
-0.024313397124111	0.3659966060891	49
-0.0983840697417549	0.235738558043426	343
-0.014640525716104	0.360912965492547	140
-0.124977601805591	0.558844515069414	563
-0.014640525716104	0.360912965492547	2266
0.00517983866350003	0.504643699516743	671
-0.095318613607805	0.682623984088311	671
-0.058571150140645	1.39084672097168	95
-0.0000468475466119944	2.01385094566479	95
-0.013338692683238	1.32512206865595	192
-0.07223942286365	1.21317865437186	293
0.0994762722995901	1.42038619633673	40
0.03382036245361	0.96535297429146	40
-0.078497755525055	0.945358499993127	40
-0.00768762146989899	1.37421139866824	76
0.11168154650786	1.60606098461743	463
-0.107249386688503	0.853345629991971	463
0.0848624448551301	1.54877166260861	297
-0.000152064235553029	1.26843287508305	209
-0.016590573862445	1.02581284314096	721
0.05613244212201	1.03680560397634	721
-0.102265195832466	0.691599408766923	2184
0.0161345440873599	0.611399121299148	49
-0.0993305566835549	0.674320487758298	343
-0.015585563735411	0.367953045033641	343
0.0231258329294499	0.601388381906922	140
0.00517983866350003	0.504643699516743	867
0.0860321931125301	1.88082951285107	331
-0.028625214660003	1.00268038811248	95
0.0679727906973699	1.29130679831518	1813
-0.06960047870216	1.23808979232505	293
0.12263612042902	2.05615942849382	293
-0.101666934410719	1.05628378785207	719
-0.017743435988696	1.046993054498	132
-0.01591264004229	1.08161741856977	132
-0.00175714192468901	1.30310433328059	76
-0.09694590997124	0.899861775555032	1683
0.11506722593152	1.891440325032	40
-0.068376958773583	0.801707748054559	40
-0.021520612863171	0.998554087889761	297
0.0552315654804001	1.64489324416601	297
-0.000863811679425952	1.10623737747543	209
-0.0200359245516381	0.975425282798305	209
-0.056831134729754	0.798484420278238	721
-0.108444908142763	0.959144073105258	721
-0.098855401160309	0.666214720942788	721
-0.093956831568875	0.689834754414872	721
0.04383316323135	0.956499108670843	2044
0.04424857870331	1.0199180895293	75
0.0309906813817	1.320839874749	36
0.02080739888184	1.30840159875182	36
0.0197735432913599	0.737204684446171	49
0.000220496509770074	0.489810920328544	49
-0.019158571508784	0.379365857410272	49
0.0269211019853599	0.573731711180377	140
0.0210842828058	0.831242334970924	1700
0.08136781004294	1.28967313622219	1700
0.00400777566518995	0.535389606024745	192
0.03013102547199	0.84297437665413	192
0.01460264033349	1.1190705522701	421
0.01517251954313	0.620804020159549	721
-0.097643911571182	0.64130420399287	2044
0.0121677337630699	0.704996851741528	136
0.01722522560617	0.598645268328296	49
-0.097430364358141	0.231088278936867	133
0.00228178332203011	0.470412125350638	382
0.0332634089892501	0.834998935435253	9
-0.095130840444701	0.236596957820061	128
-0.041504535971334	1.45597604909691	95
-0.076028301841881	1.16023530458406	95
-0.121737334137209	0.574827583371763	331
-0.071662162644253	0.789664040483671	1700
0.01734516874017	0.625758479340949	1700
0.0324706385278299	0.963142745704105	192
0.00102859940625999	1.1311464413871	293
0.02798385444853	0.945894722163713	586
-0.083212975923192	0.76438821725841	132
0.04403086432387	1.43790449805495	40
-0.085412427103123	0.985233552413714	40
0.00399920057726	0.479912606769569	461
0.08122108719566	1.46750326875251	461
-0.036539240009079	0.932341919478953	297
0.05661430300433	1.15717862227021	209
-0.103374808991311	0.910076035496851	209
-0.094348437469474	0.680323749533614	48
0.01180002015905	0.612245133117511	721
-0.020102659682851	0.377577857251157	75
0.000392182379910011	0.486084407244131	75
-0.096417094347944	0.67097262354071	2175
-0.017976428418263	0.371565368446839	49
-0.069459976048206	0.800495077128142	49
-0.095352620527315	1.57322549610619	25
-0.056628448990549	1.66318634413305	95
-0.00128296822489105	1.15988990289209	1700
0.03458053418287	0.98163570441671	1700
0.0405143524007301	0.9392761257935	192
-0.025803712458826	1.0159709034114	1675
-0.061359446739188	0.99160667509455	65
-0.0476831359104311	0.861645106136232	827
0.0121426790316701	1.21261910405528	132
-0.116929154632171	1.11885174191636	586
-0.10109830697651	0.90295230242073	40
-0.06961297854649	1.43036000472027	40
-0.105593666759897	0.638493856681844	951
-0.095071563060291	0.86071538134298	721
0.03304741889258	0.90895347141441	2044
-0.099468303838715	0.667612102908411	36
-0.103913108250006	1.20262044696037	36
-0.020510509132983	0.365707045384944	1349
0.09791292902867	1.59778334231174	95
-0.097855532070923	1.24863682668639	95
-0.021248737287944	1.05493665121866	1700
-0.104987787954359	0.854601056391225	192
0.0280514543602499	0.843151517016697	293
0.08022982006282	1.46461021429627	293
-0.014823515505031	1.32202209349158	719
-0.000987044637874024	1.12272372872415	1343
0.03738714434977	1.36368998537837	1343
-0.021512709200696	1.31125439309632	76
0.04276773927399	0.963596947366096	850
-0.089019981921073	0.687083630164723	721
0.00534918755862002	0.492926040448312	721
-0.120522478329388	0.823649116446208	75
0.00237808840031994	0.489131910049758	2087
-0.017976428418263	0.371565368446839	133
0.00143593308515011	0.558862588649819	9
-0.015703656001115	0.99001563196354	331
-0.058801047109414	1.07523740122332	192
0.0505022070069101	0.938808889769426	192
-0.092171374830445	1.14923845156896	1675
-0.063683358833321	1.28320210252926	293
-0.109742783813379	1.16931820270494	1685
-0.057804487632621	0.783166946188683	295
-0.061430095735037	1.61162333832049	40
0.03344596890443	1.316723538855	76
-0.08450118136401	0.986759300755176	1787
0.0230742290455299	0.740397021643424	461
0.0251083658076701	0.846457709358145	461
-0.047388404649292	0.931965764706078	75
-0.049048200014217	0.915729616534399	75
-0.052205056668083	0.842216850499078	75
0.0112134102003001	0.710326406151611	75
0.02219470895952	0.828346731183707	75
0.06416887277809	1.17272709286308	1697
-0.059840839499979	0.808920952230752	668
-0.00355861009283198	0.479313648253881	49
0.0142357870866501	0.621259499219061	49
0.00992909024162003	0.60643309108319	49
-0.012277211829855	0.363837405287102	130
-0.019158571508784	0.379365857410272	9
-0.095130840444701	0.236596957820061	9
0.0021968269653001	0.498624822083093	9
-0.053146952389537	0.797663278535504	293
-0.108371011203328	0.871206370120882	719
0.07095846514965	1.06556238713298	719
-0.11522961190165	1.00658714358729	1343
0.08092829646162	1.42432358448036	1685
-0.047334051434518	0.929136921650264	40
0.02512855970745	0.805947085733257	850
-0.020648185992684	1.00614400615337	297
-0.072699915520096	0.798926668536636	86
-0.00544797937298702	0.486716713831215	75
0.01436137239032	0.73216462218702	899
-0.0203416302346749	0.368475478983346	337
0.02866816588461	0.892267191803423	1958
-0.0203416302346749	0.368475478983346	157
-0.016292119456347	0.371339491478864	857
0.01722522560617	0.598645268328296	9
-0.0983840697417549	0.235738558043426	9
0.07691804998798	1.30668000301382	95
-0.061507902603401	1.05111184443837	95
-0.063009438417914	1.07336252920844	65
0.0377554476761901	0.987942030651266	1810
-0.081606814264315	0.996201781078747	293
-0.09766482957999	1.23932622415316	117
0.1178076625879	1.80424188347781	1306
0.08456454081189	1.30038172894393	86
0.0385535565641999	0.965056877344708	86
0.03208497098802	0.837706994904806	721
0.0188231640871599	0.737900975231973	75
-0.01599866065974	0.348394226074183	9
-0.059892087992134	1.10094052506527	192
-0.061738916930102	1.24359806401873	1810
0.02289871564087	1.35183478568522	293
-0.10953233203569	1.05900603073635	293
-0.01617933301653	1.02294996325945	117
-0.118466954582756	1.17094920850863	117
0.06807954340381	1.20262424189319	295
-0.064528581793331	1.21392294778845	40
0.10004245272128	1.61180612849555	581
-0.0363487435075019	0.922616902764015	48
-0.09715203736286	0.695862633656713	131
0.0623086369677599	1.2141171727044	75
0.02248697274843	0.85199718339655	75
-0.096342454657647	0.687882071103601	337
-0.000367251708515037	0.495589908112128	49
-0.010824382253204	0.351300901743403	49
-0.102663843926641	0.651760077402746	157
-0.10153186615052	0.230556128074192	564
-0.014403247750541	0.378706772006315	564
0.0911694574897699	1.90054120866728	95
0.00351005266956994	1.34848710961039	95
0.02470698476542	1.24159632133305	95
-0.101029654589758	0.876120018372571	293
-0.045308143287534	1.10582268366375	424
0.0132276632480599	1.22991529895419	424
0.0629826399326301	1.25015523939083	132
0.02152555162797	1.61493124188605	295
0.06141389192503	1.18893082080161	40
-0.027652219872348	1.00331489755386	40
0.02914090827009	0.850194643443579	705
0.0319832493654	0.914335197417623	297
-0.056323238563554	1.25125697758565	165
-0.060550958542318	1.09638798457718	297
0.0587207362591	1.0635576835618	131
-0.12425843702827	0.899271816355753	131
0.01661705573255	0.715356445926867	899
0.0204039468889701	0.859016005326779	668
-0.03647630181998	0.941617660505143	49
-0.014403247750541	0.378706772006315	9
0.00872436346503003	0.613555726074978	564
0.0799802628116799	1.94444225213427	95
-0.123704161934692	1.03623868944815	95
-0.032625476601243	0.906829051603578	192
-0.108371011203328	0.871206370120882	2081
-0.101363828169474	0.862105083440548	424
-0.00536690063283296	1.02083851769476	424
0.0161094492979299	1.80202280975883	117
0.10251493423164	1.91584583275972	295
-0.041112473417527	1.18565729933029	40
0.0159293792758901	1.29575908420117	297
-0.110434991362585	0.894238895297873	131
-0.080860321219729	1.13194263258792	707
-0.023891261243258	1.00296339900968	707
-0.027663226992516	2.05229141997586	75
-0.100762422954054	0.887036698771288	75
0.00478750214379997	1.13975549226365	75
-0.015110304486893	0.364024612072732	75
0.01977252287481	0.622307431051383	939
0.00927594470651005	0.699636632289858	564
-0.074868963267047	1.4220533103938	95
-0.072986783489876	1.45980599656371	192
-0.0336270756749481	1.44248580447983	1299
0.11222763398587	1.65877447271965	248
0.0331397379782401	1.37041623932529	117
0.09728504896653	1.73048051264292	295
-0.106960621089107	1.24222288842351	40
-0.085602300430149	1.34637334447598	40
-0.100864552375544	1.25353455563263	40
0.0671127467016599	1.23216548650973	297
-0.061388604259549	1.24122280623489	86
-0.07790351165759	0.783265923803163	75
0.03110677517342	0.916139037052415	75
0.0182471411156	0.821993774561738	75
-0.100291495923165	0.655670204414549	75
-0.015347816318416	0.37893202012248	2183
0.0249749039373901	0.739026556611345	157
0.0178993980378499	0.613544736633775	32
0.01734516874017	0.625758479340949	32
-0.096137108193727	0.242035006438114	9
-0.097143027122115	0.237162373455149	9
-0.03633693608184	1.82539691613966	95
0.09960362269181	2.31329723115585	192
0.06108988316967	1.70692069771801	424
-0.101206073134788	1.0322062771976	40
-0.084680117757763	1.33017995893049	76
-0.102842788762815	1.37923197677127	526
-0.109508017681082	1.15033884962082	297
0.0608771911307	1.15731601402128	297
0.0698105366744499	1.19730377148028	86
0.0772744921556801	1.32724852783782	131
-0.118709150952566	1.26587889205929	131
-0.066640054848462	0.918828991779304	131
-0.014403247750541	0.378706772006315	75
-0.124873206795736	0.574946472025238	1
0.0642812412745799	1.2152985288203	75
-0.020223248421943	1.05770161045864	75
-0.069509323529108	0.764098283471036	75
-0.0189203504187621	0.369865529445495	157
0.000344742360089967	0.492789185887372	817
-0.018214145110458	0.37688338899396	32
-0.02104640920793	0.368762664919926	32
-0.096137108193727	0.242035006438114	9
-0.016530336807333	0.368144408677948	564
-0.028219223497901	1.43943198882825	2115
0.0261045984906201	1.71223563880154	52
0.0593556323983799	1.86700613194026	52
-0.0737552386153461	1.16858527628683	52
-0.059398854146585	1.01406567156622	526
-0.000367251708515037	0.495589908112128	75
-0.122062872059936	0.568879886932016	299
0.01451921357066	0.740605984592832	299
0.0117425037646399	1.16797629063572	75
-0.0189203504187621	0.369865529445495	75
-0.12267360642496	0.573635969140104	75
0.0188231640871599	0.737900975231973	75
-0.000163842490525035	0.479171728806753	2228
0.0355196141443701	0.971420081534927	278
0.00331455875400999	0.500775576905248	239
-0.096137108193727	0.242035006438114	564
-0.096137108193727	0.242035006438114	564
-0.030015034169138	1.62133192232202	2115
-0.080929665136946	1.15842979006588	634
0.01451921357066	0.740605984592832	293
-0.084606027720353	1.23059993579691	132
-0.08005468934522	1.29433985703597	40
0.0248109103984999	2.14156245266117	131
0.00872436346503003	0.613555726074978	218
0.00166561643026997	0.485349621927486	75
0.0221363827366201	0.828601002746447	1238
0.01438632214499	0.624497495722151	573
0.0237105734822001	0.718314277550736	817
-0.123772993166973	0.577314792300307	939
-0.000570723044758026	0.494812744879114	32
-0.013458414464305	0.371102668234816	9
0.0196227514102001	0.613127193699983	564
-0.0983840697417549	0.235738558043426	70
-0.02525538423758	0.364338526937313	70
-0.015752116620809	1.03025846136594	424
0.0124038971142499	0.697236945792135	297
0.0162592455870301	0.627582261636106	75
-0.00166936501914505	0.494574561418616	1307
0.00991060221995999	0.489435929417455	1
-0.02104640920793	0.368762664919926	218
0.0118423880977601	0.605930040544131	75
-0.017976428418263	0.371565368446839	75
-0.081428087161933	0.938666412006139	75
-0.068401468501462	0.797931601224751	1238
-0.092032448226814	0.23697863397343	32
-0.097143027122115	0.237162373455149	4
-0.091024595665219	0.237122002991149	4
-0.086911230181714	0.229106632261964	70
0.00767755828364991	1.23380183481298	65
0.0188231640871599	0.737900975231973	120
0.0151761776525401	1.2576211398234	132
0.0260401559346799	1.53675426618984	40
-0.124120266935778	1.44931916055798	40
0.02382845800898	0.697514442337459	297
0.0127155769129099	1.20534850671662	297
0.10172543398229	1.58491469352976	86
0.04210071130921	0.979241428487192	299
0.01263127929094	0.614505382376052	796
-0.072702149921653	1.01994573688072	75
-0.124543179936584	0.560518950560658	75
-0.055408274634816	1.10496201369302	1
-0.097377910532371	0.240542022477606	573
-0.016530336807333	0.368144408677948	239
-0.097377910532371	0.240542022477606	79
0.0209631065097	1.53200324957998	52
-0.073253753423958	0.998417659468495	52
-0.080945014337833	1.49886855516073	86
-0.023371146167001	0.363740631694513	1307
-0.016530336807333	0.368144408677948	218
0.02982410606639	0.917922127723373	1523
-0.087028522680065	0.686042660454257	573
0.00228035641711011	0.462972954365071	939
0.00146295379833994	0.494893052944525	32
-0.014166205232313	0.371208576111533	70
-0.00260586835405996	0.478945912988125	70
0.0445370049524201	1.45827793439699	165
-0.011502740606347	1.29606967799451	48
0.07576778254674	1.30989289269661	165
-0.0203416302346749	0.368475478983346	218
-0.065156610583475	0.773763525643043	278
-0.020102659682851	0.377577857251157	133
-0.00852974704644804	0.460516720267239	939
0.0238220601130299	0.595532499945024	4
-0.0193970371530801	0.366192847465021	22
-0.044045640163959	0.941483817852726	120
0.0648363333940301	1.23372572645291	117
0.0411387683673301	1.45913708450951	52
-0.123329907874503	1.10351567026572	526
0.0207247071744401	0.732709144426155	526
0.0771141827789401	1.27918254968674	765
-0.100534858692203	0.874889851596662	165
-0.114825748853656	1.02133758720359	86
0.0126599918649899	0.702192786462237	1
0.00146295379833994	0.494893052944525	75
0.07339276538522	1.18702743405082	585
-0.00166936501914505	0.494574561418616	585
0.02071033976068	0.619654262070186	573
-0.015347816318416	0.37893202012248	70
-0.096137108193727	0.242035006438114	70
-0.108054430311611	0.883304756411924	88
0.00406465878701989	0.502465533558202	88
0.0262676504999899	0.941610847299138	117
-0.064213709295706	0.802970758059762	117
-0.0636405210489081	0.998370604877503	117
-0.078276929297517	1.37148479309195	52
0.0945137916804899	2.03168220965491	165
0.0134083221407599	0.732809802990012	1
0.0178735688544001	0.734755518301334	2299
-0.09226437551552	0.235713379343593	1
0.01075271400935	0.619253829122378	75
0.06224779537138	1.20967261339563	1
-0.023563076761965	1.04289125619172	1
0.07576778254674	1.30989289269661	120
-0.068370255148055	0.804603418160125	120
-0.116963923788654	1.94486305813514	52
-0.062409483543366	2.3031497227101	1454
0.10695074693861	2.18141164219867	765
-0.038677031136468	2.03122826653501	131
-0.095345640850522	0.685735924893534	2299
-0.086911230181714	0.229106632261964	147
-0.071667396417865	0.966889278052459	147
-0.122836963944539	0.57852037443238	278
-0.104042171442006	0.886934318191119	1523
-0.097377910532371	0.240542022477606	4
-0.098437065849721	0.230944754347977	22
0.03447664640411	0.97182845085374	1883
0.0795187927401899	2.38654439598709	846
0.02344548900227	0.863959209641684	65
-0.0638256429002681	1.23985138191296	52
0.0555960162479301	2.08211123289082	765
-0.082618097043685	1.00019007144173	2299
-0.016530336807333	0.368144408677948	1371
0.00879676246335004	0.487414760352364	75
0.0132998956135699	0.617779090303243	75
-0.00656683658989499	0.476178259260961	75
-0.123937421001449	0.576144939336015	278
0.0663744222856899	1.11787995996752	277
0.02235616102011	0.787565854483257	573
-0.0189203504187621	0.369865529445495	476
-0.097143027122115	0.237162373455149	22
-0.019158571508784	0.379365857410272	82
-0.092032448226814	0.23697863397343	340
0.02233925327797	0.602833156821904	120
0.0270330994619601	0.726833671858516	88
-0.0694356818930531	0.796951468658111	2299
-0.017976428418263	0.371565368446839	1
-0.097377910532371	0.240542022477606	75
0.0182830423931899	0.621334020868583	147
0.06360160910305	1.21812463675942	278
0.0197735432913599	0.737204684446171	573
-0.014403247750541	0.378706772006315	476
-0.097143027122115	0.237162373455149	4
-0.092032448226814	0.23697863397343	22
0.00406465878701989	0.502465533558202	22
-0.025499063861349	0.365272944321409	1158
0.06572406132433	1.15906302025897	120
-0.034571662999472	1.68950276993926	15
0.0165824920795301	0.73782389261631	752
-0.100548085675036	1.08489095799602	1
-0.023580705093272	1.31050668354922	278
-0.062260161270435	1.42919419110044	65
0.09537075591871	1.78197819972058	15
-0.076848419677341	0.80154775385069	645
-0.069427957305935	0.804753138037939	165
0.02815116431931	0.853170603770355	165
0.0207926557425799	2.24729452370443	131
-0.118510458272788	0.573441504604193	737
0.0849221674237901	1.40322732239351	278
-0.067341874923985	0.80468120490284	278
-0.084779008368687	0.957382851067977	278
-0.095130840444701	0.236596957820061	22
-0.09637140221185	0.23518617148225	22
-0.0189203504187621	0.369865529445495	22
-0.014640525716104	0.360912965492547	1891
-0.097143027122115	0.237162373455149	2295
-0.10078154775476	0.892302885233167	2262
0.0226137635613901	1.69389778392121	117
-0.097377910532371	0.240542022477606	75
-0.04370175625238	1.43372208072705	1
-0.120756488502985	0.962837968318938	278
0.02359885328805	1.30493522289834	278
-0.019197461514616	1.056607904891	133
0.00331455875400999	0.500775576905248	4
-0.013458414464305	0.371102668234816	1623
0.0716622944521399	1.3040315457326	65
0.08048457638917	1.38935883356302	53
-0.05452305232815	1.10586045253535	88
-0.093272469595547	0.235569653943089	737
0.0174931090616599	0.610154130743747	750
0.0125826136168801	0.469780323754255	278
0.03042946700751	0.70788658365563	1710
-0.091024595665219	0.237122002991149	1623
-0.10467323552341	1.2062700334896	53
-0.104399247191253	1.65737648172753	1770
0.0438704802338199	1.88501002898573	117
0.06380496779455	1.23083387608413	52
-0.075836610211582	0.787869651255121	645
-0.0504370014683549	0.895462346696609	231
0.000141582973189891	0.473095911368868	737
0.0238674777466401	0.736015525665165	75
-0.015347816318416	0.37893202012248	220
-0.103365736201461	0.681526981679248	220
-0.0180362893388371	1.32683189261758	562
-0.096137108193727	0.242035006438114	219
-0.09226437551552	0.235713379343593	82
0.0186881953840901	0.600183818873659	1623
-0.0189203504187621	0.369865529445495	53
0.03710485225125	2.24995460676966	1770
-0.101734202321582	1.17895278684902	52
-0.10023956275058	1.36547850739577	165
0.00534918755862002	0.492926040448312	231
0.000220496509770074	0.489810920328544	220
-0.106807827694595	0.898805248397854	278
0.05271944424784	1.09200290469855	791
0.00054783995575991	0.496939009547311	4
-0.02525538423758	0.364338526937313	219
-0.097377910532371	0.240542022477606	22
0.02480902191354	0.926196487153016	2294
0.0610165842504	1.08427607393094	53
-0.09117567476271	1.52561335793826	88
-0.092365677136146	1.0742012749961	165
-0.0193970371530801	0.366192847465021	924
0.00966223170800995	0.617029058950693	737
-0.04239141590332	0.914158601954341	147
-0.019381943428758	1.26477881582369	1022
0.01916584906492	1.28665653554687	1
-0.0995695595099651	0.659202311909455	1
0.0912420730738901	1.28948713773669	278
-0.017269693916999	0.367961893065261	219
0.0270537856212401	1.32241299698693	120
-0.00827021576823395	1.56937593570539	165
-0.091032249592029	0.684912176162483	392
-0.024313397124111	0.3659966060891	1
-0.104492137122277	0.659267802795566	346
0.0167829884439099	0.579834024432486	791
0.01138678251115	0.429694718660432	2207
-0.095130840444701	0.236596957820061	2207
-0.016292119456347	0.371339491478864	781
0.00228035641711011	0.462972954365071	53
0.0466827974515001	0.969109743853824	1862
-0.019158571508784	0.379365857410272	1
0.0208803968634901	0.740242477919268	791
0.00517983866350003	0.504643699516743	791
-0.016292119456347	0.371339491478864	4
-0.032694595747216	2.21668735061583	65
0.0251307042840401	0.736768792865856	53
-0.08511638180597	1.17675645938839	2293
-0.042977464960096	0.944501987894718	88
0.04242926030318	1.88511301842112	15
0.0223611291011301	1.48983584523482	117
-0.047971942471071	1.47759678687675	117
-0.097577913246868	1.07843015529143	117
-0.00242690960133596	1.11763740878194	1862
-0.12105013975475	0.567756114435754	1
0.09108551996308	1.40343875695165	1
-0.099168083678595	0.693351950336599	1
0.09529963253988	1.61900498521024	278
-0.109557748395122	0.866068115830154	278
-0.013221840775977	0.371008922019284	4
-0.098237941787074	0.879046149174795	41
-0.119776139168264	0.574359893847246	53
-0.074469573472052	0.763011022351806	88
0.10285008398206	1.72586220412561	117
0.0301626674306701	0.723532252795876	1769
-0.019567251513126	0.365520341358932	426
-0.0747106229369769	0.767981317235289	278
0.0976413318282701	1.57434168676354	278
-0.0881502250470621	0.227818612821621	5
-0.097143027122115	0.237162373455149	4
-0.015347816318416	0.37893202012248	781
0.0478930212773101	1.08775756613226	52
0.0537791234717	1.08006155666998	1386
0.00146295379833994	0.494893052944525	1769
0.00612538819659991	0.499932279680118	1
0.00107830904276995	0.483808067674784	278
-0.091424704142228	1.23137304773645	15
-0.061015156524684	1.43490438011624	15
-0.0957640579321291	1.2685878554783	117
0.04306932719526	1.59907933478338	52
-0.016292119456347	0.371339491478864	1
-0.037985327205542	1.21547554540794	278
-0.100325810251687	0.661606749744971	278
0.09776002720841	1.48607594776832	35
-0.110025791818306	1.12328116055954	278
-0.045671936524721	1.19734753820199	278
-0.084937472280893	0.67327390255	278
-0.015347816318416	0.37893202012248	41
0.0713809899720399	1.51371470959242	117
0.01941215691541	0.855969390849965	392
0.0115404994393	0.61232013889572	212
0.01661705573255	0.715356445926867	1350
-0.054475099349775	1.08068753598615	278
0.0451382395200599	1.08610109652704	35
0.01011738423609	1.24434603257575	278
0.08022745883566	1.35831371405093	278
-0.097377910532371	0.240542022477606	82
0.06495807549535	1.07967526306394	53
0.0337433192502301	1.42556991929092	53
-0.00727141567409295	1.05906759583564	53
-0.077361519955351	1.01122057543024	2201
-0.0144251022087381	1.98084338804938	117
-0.0705116130107331	0.818402008356771	52
-0.046924222116117	0.883298223729416	392
-0.035032274414622	0.90583050928703	392
0.00832912629312999	0.591198001909639	212
0.00146295379833994	0.494893052944525	1
-0.122030741993938	1.30026891990361	278
0.03157865188701	0.9494539045873	41
-0.118361733071664	0.954167680736221	53
-0.012977086411517	1.58511307960623	110
-0.100066420422981	0.689827773297654	88
0.01732850779563	0.845358917129593	1393
0.01979805940413	1.276799501681	52
-0.077354340199065	0.973406522532788	212
0.01977252287481	0.622307431051383	109
0.00258037932383992	0.483450231636558	1
-0.089883510126343	0.959703049294625	278
-0.09637140221185	0.23518617148225	393
0.0221563676408401	0.822676106466612	41
-0.018214145110458	0.37688338899396	41
-0.014814750118914	0.349056913100372	781
-0.098232592173867	0.674369963818032	2201
-0.076529003250876	1.47827805847654	15
-0.097135393430922	0.668256212963741	117
-0.038235681811702	0.918890801156699	117
-0.090851897263908	1.65875167978678	392
-0.088097239583278	1.90599226764472	467
0.0136954249718599	0.471633855407319	212
0.0134511209989201	0.616154957654506	1
-0.044981340226237	1.40915956611057	278
-0.033485910703738	0.918915091449467	336
-0.093272469595547	0.235569653943089	5
0.00907899111041011	0.648593686753616	5
-0.102537005736107	0.235660452575005	5
-0.026790988445387	1.47971006247349	1568
-0.114484464019327	1.04912109222125	1568
0.09398663631379	2.15897702378521	15
-0.043594237936381	0.912655803477929	165
-0.09637140221185	0.23518617148225	1
0.00258037932383992	0.483450231636558	1
-0.007972283136086	1.40441705548104	278
-0.020752042218405	0.364802873143007	82
0.0124038971142499	0.697236945792135	53
-0.054593887238043	1.07899808806572	117
-0.100758409960479	1.06636394938203	117
0.12314812320001	1.9112566516428	117
-0.014080772179456	1.37264944091675	52
0.01438632214499	0.624497495722151	212
-0.019158571508784	0.379365857410272	193
-0.088348045512079	0.98300962635026	278
-0.026277455417077	1.5370017705859	278
-0.09637140221185	0.23518617148225	5
-0.093272469595547	0.235569653943089	5
-0.096137108193727	0.242035006438114	5
-0.021285884904317	0.366801743582157	5
-0.051692339040525	1.08761065570841	393
-0.00779869850764703	1.13520249394529	88
0.0624701694105001	1.19232171525031	117
0.0156982762357201	0.593821830784014	578
-0.0807319364710331	0.972103708364596	392
0.01696408833635	0.59690967800161	1
0.00517983866350003	0.504643699516743	5
-0.117573395116365	0.573085766778771	88
-0.106273646752959	0.640757461097959	88
-0.111591589652286	0.858980578128181	117
-0.073253114579421	1.4281891863413	15
-0.122526943133976	1.25765503052407	117
-0.062074628698203	0.808656978467849	117
-0.040255378818582	0.923723235339125	578
-0.0983840697417549	0.235738558043426	212
-0.080250660889467	1.13809696496274	72
-0.078515465985105	0.988370064991439	1
0.00505121338782	1.47231218637871	35
0.01440187308301	0.682656298234185	278
0.00534918755862002	0.492926040448312	278
-0.00450339258079602	0.484795309885356	5
-0.095130840444701	0.236596957820061	5
-0.096137108193727	0.242035006438114	5
-0.075763091337462	0.799881459930994	41
-0.051301731926985	2.44271766822866	65
-0.0197309222830639	1.98454151250553	425
0.00200270218536991	0.487658538091255	212
0.03137829151453	0.715924789067658	1350
0.00361445717787001	1.8246944521978	35
-0.093272469595547	0.235569653943089	795
-0.09212823388528	0.691383960187716	493
0.07383993975639	1.93298391624123	117
-0.071554085449294	0.796257011419592	1350
0.00629422913861011	0.492662541702029	1350
0.0218316432398	0.735705232936284	144
-0.091213003771823	0.681491448317094	144
0.0684586214271501	1.81345360183246	35
-0.0673542370232591	0.82103916030932	278
0.02530794863116	0.835924242671613	278
-0.0983840697417549	0.235738558043426	41
-0.059652163289498	1.57738059882562	54
-0.096971666696513	0.670702363940489	1148
-0.109093772088094	0.645360080020218	117
-0.00261401057251698	0.490545561864625	701
0.01075271400935	0.619253829122378	701
-0.096137108193727	0.242035006438114	841
0.02291683372008	0.738827127938301	144
-0.091024595665219	0.237122002991149	493
-0.0683964742762611	0.786426118114305	258
-0.11079618446605	1.29683691133876	88
-0.108470452063709	0.940842391089323	1148
0.0108641326535499	0.611057113688543	212
-0.102265195832466	0.691599408766923	701
0.01278139712076	0.605545645457218	701
-0.022800505609489	1.00974005065271	1350
0.02344548900227	0.863959209641684	144
0.06578274075861	1.16417000682769	278
0.0162592455870301	0.627582261636106	576
0.00595900774395997	0.477334858952402	41
0.00992909024162003	0.60643309108319	41
-0.103541801797234	0.231070590323699	493
0.0137669242585501	0.712267140644516	71
-0.015347816318416	0.37893202012248	258
-0.103133846196295	0.877378943073035	1148
-0.0395006607777449	1.38793734587628	88
0.000750875354269986	0.484066194836557	392
0.03874151206316	1.01605742683595	746
0.05289755916926	1.10447350839845	576
-0.096137108193727	0.242035006438114	41
0.00645389293976995	0.58575545209756	493
-0.015347816318416	0.37893202012248	493
0.0340273773975801	1.37274556338771	963
-0.10719993931754	0.874019096490783	1350
0.0975250329005899	1.66729403600463	197
-0.076823656296803	0.800023062320303	576
0.0177234200354801	0.718223074182507	41
-0.113625980052342	0.858104513670044	88
-0.049185871126712	1.26131998881807	117
0.0353961701543	0.842021330977072	117
0.02418067332672	0.735318757869657	1177
0.01075271400935	0.619253829122378	1177
-0.096241314969685	0.686836268875307	197
0.0521313171870099	1.06745532928518	197
-0.020528433363635	1.15425373491993	173
-0.017032168380782	0.369236102173919	41
-0.020102659682851	0.377577857251157	576
-0.09637140221185	0.23518617148225	576
-0.014403247750541	0.378706772006315	41
-0.091024595665219	0.237122002991149	576
0.0173809729883401	0.726723394757273	493
0.000992126383799974	0.470153291037121	493
-0.118674352682867	0.576706232752732	1638
-0.0295875751270061	1.22445676739167	88
-0.036955765265007	1.62071336083192	117
-0.118739382077068	2.04752976537211	407
0.05401933831677	1.05695810191381	746
-0.095130840444701	0.236596957820061	963
-0.093272469595547	0.235569653943089	963
0.0164081369867899	0.62622736687686	41
-0.00940803604630003	0.358695428475107	41
-0.116852726359339	0.876326955989805	56
-0.042570306994818	1.93633157843081	117
0.000245672711949974	1.49814075295773	117
0.00146295379833994	0.494893052944525	185
-0.000774256091958026	0.478359852244081	1177
0.0204039468889701	0.859016005326779	841
-0.074797957993601	0.790419107945468	841
-0.00751154458676095	0.474904571452351	963
0.0208591572847701	0.620548013827626	197
-0.017976428418263	0.371565368446839	576
-0.091024595665219	0.237122002991149	576
-0.016087830882352	0.360817894093213	576
-0.013221840775977	0.371008922019284	41
0.0153223633718	0.628060179496321	56
-0.0335985085296801	1.65596307743505	117
0.0136315311367501	0.817343677087729	1113
-0.019158571508784	0.379365857410272	841
-0.0974405832181709	0.682234778422797	72
-0.014403247750541	0.378706772006315	576
-0.097143027122115	0.237162373455149	576
-0.014403247750541	0.378706772006315	656
0.0417026072492701	0.966587998200175	56
0.01483431674671	0.710136293908455	56
-0.083566675051197	1.84308338029074	117
-0.104781381521357	1.06490765996488	1113
-0.122173011039165	0.823771756011498	746
-0.030677532480001	0.991281918916826	42
0.04481973045891	1.40733924142244	185
-0.015347816318416	0.37893202012248	841
-0.057125057970135	1.08052684823595	197
-0.096137108193727	0.242035006438114	41
0.0174753146253701	1.60991975668353	234
-0.076035114552215	1.02284664839399	52
0.0503623007065499	1.14348771027878	42
-0.064262143449864	0.768669083698523	72
-0.093350844712286	0.671362339594516	35
-0.103450535812615	0.901417890376597	197
0.0851509910600701	1.40399426317034	197
-0.057443828492759	1.71687578139564	432
-0.051741518559253	1.88563202468264	234
-0.066583598644861	1.05572930826446	963
-0.013155866234363	1.04083676128244	197
-0.057695945829332	1.10992654189769	41
0.0110461552396499	2.11601816850484	117
-0.063034973078907	1.03890883763671	35
-0.019411789520126	1.30874724709174	41
-0.105462344232819	1.08137953377483	54
0.0202957558030901	0.683156849246948	977
-0.118480815835634	1.4284371228774	432
-0.100185695728309	1.36115400162011	432
-0.020752042218405	0.364802873143007	42
-0.076832173573508	1.23259125551946	165
0.0115358263846099	1.2946747243194	1
-0.00733656206489297	0.480374084029122	1
-0.025499063861349	0.365272944321409	963
-0.020102659682851	0.377577857251157	41
-0.097377910532371	0.240542022477606	395
-0.100956372228123	0.671646820106279	395
-0.107084647938079	1.06233536067311	56
-0.043594237936381	0.912655803477929	52
-0.103212562503199	1.22857316560334	142
-0.120800069838725	0.572874182392706	906
0.01843029013308	0.609744209743809	72
-0.095130840444701	0.236596957820061	41
-0.0277110429494351	0.983417129085125	54
0.0265830247974601	0.856048292647214	977
-0.00382426290840499	1.29121920988866	234
0.03115744872625	0.943870131140996	1113
0.01410343512811	0.611778931139277	746
0.02727182718509	0.888829890099887	724
0.0292400737829399	0.853006119433423	724
0.00166561643026997	0.485349621927486	253
-0.057748119518826	1.09547432941178	323
-0.0983840697417549	0.235738558043426	395
0.0213882233419	1.54875038291894	54
0.01357012872953	1.59958013817988	117
0.01774825475424	0.613890983297059	42
-0.080911242910129	1.18616747115169	746
-0.119889300862437	0.958488368834526	42
-0.112658302467696	1.39411285231137	35
-0.026884881369431	1.01372957745837	197
-0.015759254766632	0.353580867065705	395
0.03341077903858	0.976750094721197	977
0.0153568261728101	0.69197281554975	977
-0.062909598013255	1.85049366103832	117
0.01803136183456	0.730393410142901	142
0.00991060221995999	0.489435929417455	609
-0.117597383730692	1.52477758727862	165
0.01357319394104	1.26544785331401	35
0.01194905007182	0.609364497184107	1061
-0.096137108193727	0.242035006438114	451
-0.080637281020715	1.17820607068622	977
-0.066047965885246	1.27439557635531	234
-0.007858271862769	1.03974343515533	234
-0.00247265563374	1.8083216687166	117
-0.036378168636467	1.92509611935051	117
0.0590057696046999	1.17229475468012	117
0.0156292825129301	0.738486115211736	609
-0.0474739681348591	0.878294550613769	746
-0.00639236951684896	0.485388133988219	1078
-0.021187323878177	0.333012050533049	56
0.0150451771044	0.561086036877439	977
-0.066317011349285	0.822412069605117	977
-0.022697905591795	1.00787300794849	609
-0.107139762345613	0.898738585770717	784
-0.02525538423758	0.364338526937313	906
0.00166561643026997	0.485349621927486	72
-0.119082914400072	0.54435129784689	72
0.00402588922230995	1.10736826300075	72
0.0650649995988799	1.18363549410266	762
-0.0189203504187621	0.369865529445495	378
0.01868508478298	0.61570342497224	41
-0.097143027122115	0.237162373455149	41
-0.088024440657044	0.688567041344809	56
-0.080284033439014	0.996040124738475	977
-0.123937421001449	0.576144939336015	977
0.0241183840227399	0.847325027462465	746
-0.00166936501914505	0.494574561418616	398
-0.021248737287944	1.05493665121866	528
0.02523066465422	1.35652920598393	762
0.0208803968634901	0.740242477919268	378
-0.096137108193727	0.242035006438114	378
-0.018214145110458	0.37688338899396	643
-0.031510685802655	1.23459361108107	117
0.0214950106815099	0.852864065227666	398
-0.00432991685527795	0.478771691703076	173
0.0389532285481899	0.986454282741873	264
-0.082897939063368	0.983020061545816	432
0.0925604346275499	1.50547442135812	234
0.0456551860315599	1.04622650285895	2185
0.0159835109172	0.601917828635005	746
0.00683193580099006	0.462999148067205	906
-0.070543563743842	0.786147992361852	905
-0.102537005736107	0.235660452575005	1341
0.0406377676038401	0.965484713245946	56
-0.121899942698391	0.576520187374766	56
-0.0144960341564691	1.02997753563187	56
0.02207532194057	0.780096569236015	88
-0.090288264456081	1.49258126568211	117
-0.102895404798249	1.37558754053032	117
0.0166321743615201	0.672512915307671	444
-0.102191307820453	0.670255383745214	55
0.0059763902218799	0.681578945063226	483
0.02418067332672	0.735318757869657	72
-0.063148311416554	1.06176827493172	1882
-0.014403247750541	0.378706772006315	1341
0.0229377623296001	0.730706506949546	444
-0.121218279116148	0.559885907072072	483
-0.016530336807333	0.368144408677948	906
0.0021968269653001	0.498624822083093	802
-0.041644414699613	1.41685398451316	197
0.0241183840227399	0.847325027462465	35
-0.097377910532371	0.240542022477606	1541
-0.048417102114185	0.892704353425049	88
-0.00920971148189198	1.58999956562827	117
0.0335479026393499	1.45565857800897	117
0.0362813882415001	0.95366786772937	42
0.0109042225210401	0.6026098247801	2265
-0.08935902000747	0.98079451949077	35
-0.097377910532371	0.240542022477606	41
-0.097143027122115	0.237162373455149	813
-0.021285884904317	0.366801743582157	1341
-0.096137108193727	0.242035006438114	1341
-0.108072297680325	0.655132742476842	88
-0.092860570336559	0.88276231831506	234
0.00318611446794992	1.13467111513226	117
0.01725368484967	1.47423898671138	117
0.0157892733320499	0.800835706382543	142
0.000392182379910011	0.486084407244131	444
0.0175604568727199	1.64277477281128	42
-0.019808317637093	0.35786061919215	906
0.02268135883155	0.733991062866301	35
-0.091029662351938	1.15102045524005	197
-0.017976428418263	0.371565368446839	41
0.0438583806852999	1.05710245234633	117
0.0366891765046899	0.986804006795009	444
0.0221563676408401	0.822676106466612	746
0.0183201250946901	0.852501485593387	906
0.0118036101930901	0.463548370963156	906
-0.049027488867559	0.881722646016263	35
-0.07373741814435	0.804669477883408	197
-0.081788511682313	1.38824866927573	129
-0.114465677923061	1.12089491745137	597
0.0108641326535499	0.611057113688543	906
0.01962797212043	0.599915457362238	72
-0.033219037643323	1.61570760754611	72
-0.00414493775121605	2.35612677248764	117
-0.069979575615489	1.2422491557702	117
-0.039624039768442	0.946905604933833	746
0.0282509112534499	0.851799916960605	906
0.0735425643810901	1.94620684418401	121
-0.106121297107407	1.07313844386592	197
-0.091024595665219	0.237122002991149	30
0.03217055805247	0.719439453204748	813
0.0795512406660801	1.26728424074901	117
-0.045671936524721	1.19734753820199	117
-0.090698442692842	2.17275723703783	42
0.01174970812696	1.28811367482239	1053
-0.107490209667386	0.66049642871853	2259
0.0652983921107599	1.21179581631479	758
-0.104114142722625	0.884430892170787	35
-0.046924222116117	0.883298223729416	35
0.0384299964532799	0.954295283426986	917
0.01396935233076	0.595414259507896	926
0.02258234735529	1.3014266579994	142
0.0590057696046999	1.17229475468012	42
-0.059304087535029	1.09827139958307	42
0.05183406776473	1.12286607706743	555
0.0147596987658101	0.603171560879181	165
-0.028506562460007	0.911399927627165	469
0.0419686788140301	0.938054012465432	929
0.02233925327797	0.602833156821904	121
0.0341740196904601	0.950276884048448	813
-0.072160532366485	0.999004993881049	813
-0.104282525905353	1.40370356863148	142
-0.085434726838171	1.16920545558275	42
0.01075271400935	0.619253829122378	35
-0.099757192446549	0.655297232448676	35
-0.058212937117933	1.35026707663927	117
-0.097401777593131	0.883360594787849	758
0.00618638660438009	0.576477152183012	72
0.0930342165485401	1.52761005762883	31
0.0050105235373501	0.497801431969785	30
0.08648545542656	1.38993146453335	1053
-0.114019747903185	0.853911423866086	35
-0.0193970371530801	0.366192847465021	813
-0.0439830226272711	1.99860391245396	117
0.0855229834428499	1.41564359949298	35
0.00399920057726	0.479912606769569	30
-0.073843957345607	2.37324261792606	596
0.00414046738847995	1.51003236045848	142
0.0788032028730601	1.37348129942817	42
-0.044660698377622	0.911746920157604	786
-0.0782759165927151	2.4070390223441	469
-0.097377910532371	0.240542022477606	72
0.0932109393829199	1.38782062233995	72
-0.0505076865942981	1.31938198727744	85
-0.0489936539028481	0.877902100533806	35
-0.079859697661477	0.980144411948354	961
0.00239925137087993	0.488441022550277	30
-0.059671620313492	1.49776054127846	309
-0.023371146167001	0.363740631694513	309
-0.11317246456183	0.890110082806066	117
-0.099124672375424	1.60198280446865	42
-0.075097444955039	1.02065986941162	42
-0.076604291982163	0.768592114909402	1434
0.0093555546297599	1.47406972171143	35
-0.022697417122892	1.02909351972347	1097
0.00311898799675991	0.502762052394406	30
-0.060197754894785	1.07873952290529	1377
0.01359244411549	1.26550101769926	117
-0.092429499970239	0.662002055332508	117
-0.096770975777541	1.12890195505034	117
0.11633509949349	1.84769554664572	102
-0.107991732537692	1.28256409476207	42
0.03101633857808	2.11846970497167	42
0.00423448275089	0.504946704337393	786
0.0218316432398	0.735705232936284	780
-0.010286428868245	1.41017771098966	35
0.0193121269312999	0.855528625574083	35
-0.013743617885568	2.02962919160372	596
0.0442939400660001	1.57650336165507	117
0.0060642165081799	1.74709722647865	117
-0.00658118898548998	1.40397666854689	117
-0.040216097280652	1.38440214851926	117
0.08131360198753	1.17359932151754	42
-0.04176352282581	0.931228698560154	42
0.08484339548901	1.82986202225988	973
0.0406612701423701	0.970038022778692	35
-0.0389869643376241	0.914395849673986	31
-0.120547005587817	0.573728328346513	30
-0.020102659682851	0.377577857251157	1377
0.00248529529372998	1.51267614138517	118
-0.106172777311953	0.661635293846701	1097
0.11423638143286	1.70925388525053	1097
-0.020495328457081	1.01290974350597	35
0.0561857034951401	1.18373298706256	35
-0.0673542370232591	0.82103916030932	30
-0.103050711440176	1.96104959767004	142
0.04353910158131	1.95066008739894	142
-0.044660698377622	0.911746920157604	142
-0.070366916061645	0.801468705223961	42
0.0207247071744401	0.732709144426155	958
-0.09226437551552	0.235713379343593	309
-0.096870230830005	1.25169640954837	117
-0.0673743341733361	0.815518301444585	117
0.0324047573326101	0.817326126353269	42
0.01681386962356	1.26941970272347	1633
0.00842692151691993	1.13949323995292	1996
0.00524635260076001	0.573483601246351	35
-0.020102659682851	0.377577857251157	30
-0.013221840775977	0.371008922019284	30
-0.119070296670237	1.3899730877382	204
-0.093251477645354	0.680364363452476	30
-0.108378217031494	1.63254477206129	309
0.0000572865235399789	1.47189889638865	117
-0.048974968868209	1.09849119822794	200
0.0793829630488001	1.73034672907075	117
-0.111443349837583	1.26800564728778	117
-0.024299462018554	1.33899044068548	72
-0.0599323105091401	0.762056438412076	499
-0.024792406132662	1.28066519654708	59
-0.080825312054019	1.18433390855523	1932
0.07126362128774	1.6876480505985	200
-0.076588659024837	1.18579311494811	1278
-0.09756077439911	1.79807647578529	72
0.03713431399635	1.37767117167682	855
-0.0247389518912901	1.21233358314044	855
0.0235871088737301	1.2388736966453	309
0.00937864696566004	1.25509879439815	102
0.10686150897244	1.76551249920281	207
0.0708998979790401	1.22232703481242	821
0.0193121269312999	0.855528625574083	72
-0.060263743497468	1.06148653558989	35
-0.122918290200971	0.548696274138425	198
-0.031860321152591	1.21060965871401	117
-0.093839833199822	2.2349550322109	102
-0.061944464940988	0.817159738238143	207
0.0097567262245899	1.15520056948794	42
-0.0412448549379399	1.18825933566364	207
-0.041395190939709	1.36091284821924	42
-0.073832542612403	1.62701667796435	406
-0.106160391576348	0.895449779046536	59
-0.040563075216582	1.68480738716218	72
-0.075692618811801	1.01187905168004	163
-0.124040195202132	0.555901205020012	163
0.01898025686829	0.737779830130365	499
0.0292400737829399	0.853006119433423	260
-0.088024440657044	0.688567041344809	35
-0.108697215760838	0.898193760833307	198
-0.088201849555939	1.40078952582499	309
-0.0630738583263	0.796850339241988	207
0.0885234337912599	1.5028902369841	207
-0.066198106007746	1.76180470771261	207
0.0747033330062801	1.44005857351511	406
0.0219669676107399	0.737367294197512	1932
-0.00497045079436498	1.13026516789111	1285
0.0079169526910301	1.2203966552961	1278
-0.0705549097121611	0.814071296630962	855
0.0136743342032599	0.604794698000431	260
-0.108640960822343	1.28830411678506	60
0.04369622276524	1.33635441871729	60
0.000275533168069941	1.00391331331042	117
0.07529628664476	1.15738583823525	117
-0.050086193520213	1.1308054551256	102
0.00423448275089	0.504946704337393	207
-0.094756338271172	0.663245711165957	626
0.0532548327649101	1.16338532715985	207
-0.0983349127676511	0.682409991602935	406
-0.10851809566377	1.37459823864725	406
-0.03098690303386	1.5384169913949	42
0.01734516874017	0.625758479340949	1932
0.00311898799675991	0.502762052394406	1285
-0.0879303860938741	0.966692086645438	1278
-0.039486340970872	2.0849389779359	72
-0.072987745142575	0.974194853714916	72
-0.021695506948499	0.364988116691722	163
-0.097377910532371	0.240542022477606	163
-0.018214145110458	0.37688338899396	1656
0.00977841357619003	0.604644388453801	260
-0.010588781023776	0.365631674129636	1345
0.0348884027326499	0.962367440205714	1917
0.04790998182438	1.04661289559061	198
0.01438632214499	0.624497495722151	309
-0.104087123954772	1.32934213911845	117
-0.117573395116365	0.573085766778771	207
-0.117938440184038	1.15099926141724	207
0.0113444259276001	0.707187884942925	406
-0.094248479361808	0.685763602471219	555
-0.0705549097121611	0.814071296630962	1932
0.01438632214499	0.624497495722151	1932
0.0175364910554501	0.733330581242133	1285
0.08622176890081	1.55781250287764	72
0.01568567145911	1.27393167250043	72
0.000344742360089967	0.492789185887372	163
-0.048523078435092	1.35535593810787	102
-0.039685380105916	0.937894439742104	207
-0.079953156232673	0.75969841502966	207
0.0732819701542999	1.05598405271813	406
-0.026451057929011	1.23136886497125	42
0.0379119789492599	0.978134089574933	1932
0.0197807584291401	0.708166144632218	1932
0.0370257451209699	1.02602583178678	20
0.00318730711760007	2.01334711678335	757
-0.102163503808709	0.689875842635001	163
-0.101165424248015	0.694451964237461	163
0.0050105235373501	0.497801431969785	260
-0.070495664302751	0.777237507847289	35
0.02366483371235	1.64563148547683	27
0.0923973179113999	1.50864550682479	27
-0.0924431199949231	1.2762870742848	102
-0.025983367189776	1.30767971800945	207
0.10437851790771	1.86898431811147	207
0.03496135327825	1.49472541825633	406
0.0724922865958699	1.75920649398351	72
0.01597833823558	0.710441977102736	163
-0.096054236276329	1.41630010647682	117
-0.029738970524462	0.936233266030198	207
-0.108914436035263	1.19153872463427	207
-0.0421508878950601	1.10638387734061	207
-0.099168083678595	0.693351950336599	200
0.0263632929511199	0.715446038673642	20
0.08884919552791	1.77033864272378	222
-0.117138002411725	0.979990096895205	207
-0.045113546132976	0.934426787161611	207
-0.078298567526814	1.16565027471723	207
0.0211198196773099	0.810119553116359	207
-0.045966179377645	1.16836831260656	207
-0.052784352477138	0.888136371229007	406
0.01765475965927	0.740298686205787	59
-0.016292119456347	0.371339491478864	59
-0.065179290470481	0.791824283546313	59
0.0164081369867899	0.62622736687686	200
0.0188355425920801	0.620457651196463	200
-0.00169007367368501	0.480209701443966	260
-0.019863933957261	0.361526576860549	260
-0.017291538326337	1.3750563632462	35
-0.049103105201245	0.905478295524904	117
-0.00244079803951902	0.471126949782794	1381
-0.09804961701637	0.696048178347393	42
0.0053652207983601	0.598019044353694	200
0.0454718501782101	0.982475801786595	260
-0.040632736321551	0.943098366619427	117
0.04306912817327	1.04847027773661	222
-0.092847559197717	0.690370849987406	102
-0.073285853047516	1.16028512146371	222
-0.0189203504187621	0.369865529445495	282
0.0208591572847701	0.620548013827626	1381
0.01803136183456	0.730393410142901	1381
-0.101856825842951	0.667402291326183	207
0.0439614685093801	0.971829273415856	207
-0.097377910532371	0.240542022477606	42
0.01007818080377	0.481003626194185	557
-0.102537005736107	0.235660452575005	172
-0.02525538423758	0.364338526937313	200
-0.097143027122115	0.237162373455149	200
0.0188355425920801	0.620457651196463	2149
-0.096137108193727	0.242035006438114	1867
-0.00355846467952103	0.478691047018537	1859
-0.017976428418263	0.371565368446839	312
-0.097430364358141	0.231088278936867	33
0.0280514543602499	0.843151517016697	210
-0.094348437469474	0.680323749533614	198
-0.015422337315917	1.03504815707168	60
-0.0705549097121611	0.814071296630962	117
-0.049628412069316	1.09983908976031	102
-0.096137108193727	0.242035006438114	2149
-0.00148616591005801	0.493472537133287	1867
-0.020102659682851	0.377577857251157	1867
-0.096137108193727	0.242035006438114	44
0.01576200546203	1.31872171212386	44
-0.082206358099115	1.00142307164751	27
0.0260987272233599	0.841850856337702	557
-0.099536305499818	0.669511629497833	309
0.0932783706481599	2.28714983962882	72
-0.074803050822287	1.59621013916157	14
-0.087067691568827	1.32057645770777	117
-0.080003902984029	1.12852738952472	102
-0.12056145802905	1.44020776758929	42
0.07412885391832	2.22616854066459	1462
0.01138916208852	0.587812925207883	309
0.0251083658076701	0.846457709358145	2057
-0.050273857320699	1.22686816332877	27
-0.034992636031515	1.9817597149675	42
-0.065445312198688	1.23819575930971	42
-0.011933313688984	1.30391926365671	102
0.0554605126361401	1.60599620084261	42
-0.108229904741504	0.885906468243102	42
-0.102560827311122	0.660480261428816	642
-0.071528849535497	0.79517747166631	216
-0.000774256091958026	0.478359852244081	1622
-0.053245509647419	1.09252136568864	484
-0.055822973739652	1.10184113967132	42
-0.085524906511808	0.984240564963648	42
-0.00128231978136095	0.490391125951653	375
0.0265369779033899	1.70790445082054	102
-0.101099519847146	1.54925808948956	42
-0.092818210136838	1.10030906190235	42
-0.067343652835787	0.788413695125862	687
-0.090909222119913	0.884617785495287	687
-0.124775978470868	1.1361316608237	20
-0.076773812850041	0.760593811331745	519
-0.060508037010933	1.43396117887809	102
0.08326232345846	1.46707081161243	42
-0.039245222998516	0.924437346640337	42
0.0477413299884999	1.04974024864959	228
0.02899482529405	0.897808591037402	59
0.0449747220671699	0.952730369215836	642
0.04219976152642	1.44975848679611	20
-0.087073448355802	1.81878833976791	271
0.02217151351284	0.580514986415023	772
-0.079313141269918	1.01600206842263	102
0.08224891354102	1.42165093936759	102
-0.040255378818582	0.923723235339125	320
-0.0389869643376241	0.914395849673986	161
-0.119879669383335	1.28546513473293	102
-0.070240071511856	1.23286695549995	42
-0.081509709046234	1.15991332634257	519
0.06307168704568	1.08616924650381	102
-0.114362253444318	1.42112922977304	102
-0.09334713335628	1.21044706663223	2035
0.09657939420216	1.6739862190035	1144
-0.049492687988156	1.10350987223145	59
-0.00881869756495901	1.55720206197746	59
-0.0450449083572701	2.11494710594345	118
0.00188969795641003	1.76277871313644	102
-0.08612647562865	1.63333724236569	42
-0.058884671737084	1.07707156984751	20
-0.120936899316879	0.963582101809898	20
-0.098172379067876	1.78296490050213	98
-0.013456970196614	1.76942792196769	519
-0.107129480948601	0.878284117763771	772
-0.065520989757438	1.27953660381654	57
-0.084195070067048	2.21252000218181	42
-0.079459509762735	1.00012582280346	42
-0.08147584634314	1.44691955934655	320
-0.048694411279023	1.5869467958212	20
0.0356231984837301	0.981196315639045	271
-0.053291526861481	1.26058842131831	210
0.000379809253409968	1.1757008268391	42
-0.00775584793482698	1.13858960913204	59
0.02982410606639	0.917922127723373	59
-0.097727451781113	1.04342090981144	20
0.0483099958162101	1.08268685713896	519
-0.064235157057487	0.791730137280781	625
-0.077428590554259	0.986979954766887	484
0.02431913840843	0.829212282778897	1018
-0.027086859243341	0.973974730963493	1018
-0.076237292890744	0.981141081196416	320
0.0281045680372201	0.733814257350186	625
-0.019789641390361	1.32456559848275	772
-0.08103566612222	1.53465740181136	423
-0.094220898782802	0.688255049650046	98
0.000942470271509954	1.11709594489226	271
0.0511331019158401	1.06678482195111	72
0.08218989977852	1.91798774550741	102
-0.0631097567767031	0.807335037932168	943
-0.108182253928443	0.870635446267398	271
0.0700185411143699	1.21411329321098	72
-0.02104640920793	0.368762664919926	949
0.0128850866205401	0.610545714302348	14
0.0135668725142799	0.73737110072793	98
-0.0959534940271261	0.694612612359566	271
-0.097599498476768	0.885026855102932	271
0.0210358890926501	0.735825759939949	271
0.01774825475424	0.613890983297059	57
-0.091024595665219	0.237122002991149	98
0.0134335687953699	0.715670368811567	98
-0.071596149872373	0.805524103051115	943
0.00389486891380009	0.483119956669061	271
-0.069076598896102	1.40232138767462	161
-0.074713270551633	1.22731163434287	210
0.000344742360089967	0.492789185887372	14
-0.100584172487781	1.56373899901457	108
-0.046183604358348	0.858509801100359	210
0.0992133682034899	1.74304401431411	210
-0.023371146167001	0.363740631694513	72
-0.047894636907197	1.35967804970036	161
-0.013221840775977	0.371008922019284	14
0.03226269461975	1.81697250069116	102
-0.017203723819695	1.0522962074929	2105
-0.106735444580497	0.905432611849825	98
-0.107983641208166	1.52832704125007	465
-0.077947822044136	0.79080494066521	210
0.0234264520626299	0.601259678385466	210
-0.0331855089458391	1.20418719397181	98
-0.083040059863115	0.975391123568128	98
0.0228569832943	1.35316686686241	210
-0.117410571683782	0.558824607086125	72
-0.105838233502797	1.38318880359365	210
0.01075271400935	0.619253829122378	14
-0.00677094613691298	1.46649782824806	102
-0.086421319515271	0.954324119829061	102
-0.069196355841293	1.14813183088983	663
-0.000145419921333989	1.14176632063914	472
0.02163807708752	1.27335678944223	108
0.0477734067718001	1.02249286239406	72
-0.066983044186824	0.783896421608995	465
0.0339819980633	0.945918242176879	465
0.0430514282122301	0.933667309743328	210
-0.041488141902379	2.23441830847679	363
-0.035629489873895	1.16688531820739	102
0.0406377676038401	0.965484713245946	228
-0.025557333138186	1.03802783470267	228
-0.124543179936584	0.560518950560658	1049
-0.062122019025419	0.792430564846231	108
-0.068425167062156	0.798213856730632	72
-0.042977464960096	0.944501987894718	72
0.0208803968634901	0.740242477919268	465
0.01075271400935	0.619253829122378	988
0.0384666124456201	1.93967093043237	657
-0.013367551013299	1.51262646142302	363
-0.080326070989727	1.01522864327837	102
-0.123772993166973	0.577314792300307	663
0.01787796811868	0.715672131416366	108
0.02136293461637	0.854696586398775	108
-0.026630381610629	1.0190790119592	108
0.0164081369867899	0.62622736687686	988
-0.014640525716104	0.360912965492547	988
0.0242413557288499	0.810860219823436	19
-0.107058473444189	0.874163060796988	663
-0.079035759565999	0.765940790217679	108
-0.101346093191256	0.903610898744755	360
-0.105186335669203	0.663064204862769	508
-0.028116421939085	1.27973129677265	98
0.0694424705458201	1.2185242503218	465
0.00693277068417997	0.679754496425457	12
-0.00969213232643196	1.98973485876311	42
-0.0726295169815741	0.811697899964242	360
0.0256044602516601	0.878769625235304	98
-0.0467081117021601	0.92741931184434	98
0.01569247280433	0.827037411812058	72
0.06614390930725	1.18464557457542	988
-0.041516100754578	0.91099225875671	19
0.00802841733921	0.594479183040441	1797
0.01172257234118	1.50476456321685	360
0.0957440320077101	1.52109056676075	1681
-0.042155392458609	1.14452937551709	72
-0.103525704545326	0.88149845384004	72
0.00987943932033009	1.49302082235807	19
-0.033034680749594	2.23959326261967	13
0.0431986386115599	1.46401464833556	102
-0.074006429093732	1.1662243714306	102
-0.00045443754955099	1.0981349176172	42
0.0827979353763799	1.40253643173182	1681
0.0195122375416299	0.842802409600339	108
-0.00769592179756895	1.13155920241118	508
0.00223015455216991	1.14593288019282	98
0.02152102059678	0.798315982837851	19
-0.021979476518623	0.984716747835175	13
0.104637324783	1.92740859898698	13
-0.082432095461172	0.970141937346621	42
-0.109364355998434	1.00802483379154	966
-0.074191977784525	0.997221320388048	108
-0.087854829050649	0.682966742545428	360
0.08770102139307	1.35845481764372	108
-0.103058146838092	0.665369741483365	1483
-0.032689300565	0.918450536326035	1483
-0.00614249593267302	1.0847061248468	508
-0.098150590574265	0.696417198500445	72
0.0483642209842501	0.96083887044109	72
0.02879251766073	0.911798375339204	72
0.0028937417847601	1.61962591619362	84
-0.052584961250519	1.08377315692898	98
0.0372563468309499	1.45083396755594	638
0.07751743948417	1.47809640322104	72
0.02882021461513	1.24005459981865	1001
0.0867894379362399	1.37516406625036	16
-0.06417005302005	0.795657171618239	1172
0.0208591572847701	0.620548013827626	12
0.0199509533553199	1.33524625942882	175
-0.044619035248439	2.27538343289423	34
-0.0694356818930531	0.796951468658111	98
0.0718508046333299	1.21398941471595	98
-0.000367251708515037	0.495589908112128	26
0.10374091604663	2.09242433245758	72
0.0506008472165	1.10297490543842	565
-0.123000643170403	0.57416433219859	1172
0.02312878206013	0.844410378022078	1172
0.0178134187950001	0.732117457140415	12
-0.047279147775788	0.915949509784063	12
-0.073629382096326	1.89639007057255	34
-0.095654309699987	1.94097380038201	108
0.00423448275089	0.504946704337393	98
-0.010579077795499	1.11114989896458	1172
0.03142620386051	0.945843106844617	1172
-0.062032563460892	0.789858209560419	98
0.02402417762956	0.741865580872846	98
-0.0922286810360859	0.690816729130252	26
0.0210991666410201	0.583857123129377	1172
-0.123937421001449	0.576144939336015	1172
-0.060046443472038	1.19528824245202	175
0.0142136284852801	1.2590166507973	175
0.00821615389740993	1.16500456621908	98
-0.10046519304174	0.668065019763108	12
-0.120499145679361	1.12494220519883	26
-0.081133819173886	1.15147843860826	26
0.01768322546937	1.61282510332052	26
-0.042559755114874	1.66586826143967	26
-0.032996303507122	1.7498818515742	672
0.08834982783317	1.38278896237815	360
-0.032944490487866	1.37125717259076	98
0.00799831593261002	1.15412256796378	26
-0.079514586062023	2.14182781098137	72
-0.081041632211675	0.772055568023728	1172
0.10993014196639	1.86939226707662	34
-0.040020676943469	1.21238064874533	98
0.0163791051055	1.60003155403812	72
-0.110945005020139	1.27023740696305	72
-0.111604061809444	0.866840002437552	262
0.0223426565667599	0.801651030162244	98
0.00154854267638993	1.10357486383883	12
0.0165335309869901	0.444765185372943	2254
0.0280678177010301	0.916862597394644	509
0.0832469871344801	1.42367779380049	262
-0.059202531665345	1.50470291051549	175
-0.114307315804575	1.64837813481316	433
0.09119060712157	1.4112643817161	98
0.05410169472738	1.16012656867145	26
-0.120547005587817	0.573728328346513	12
0.00644128198489002	1.14177588701591	509
0.0418013289971899	1.52056724506251	262
-0.08850948500048	1.88401336829247	433
-0.085387432397373	2.2153287259733	1088
0.04732568815996	0.950158425677041	26
-0.0296216532288039	1.53171368139923	72
-0.104390930052744	0.671819913090147	2254
0.0132998956135699	0.617779090303243	12
0.0476861846857	1.02894408177181	262
-0.0673542370232591	0.82103916030932	98
0.00386109399799994	1.99176789568178	16
0.00305396448406992	0.482478537541652	2254
0.0105539031509101	0.709869518030557	12
0.0165356730723001	1.52011101430336	509
-0.116570911085172	1.96391881136143	175
0.06192838114632	1.16178596391212	98
0.0589582972899101	1.19559097863584	98
-0.101094323540872	1.38100570433381	72
0.00655198532776002	2.05343677779659	16
-0.044208034235163	1.48941886371091	262
0.07827228422293	1.68004555103954	262
-0.016518165691314	1.22852559477166	72
-0.105424698393157	0.866276866856268	12
-0.083559382746156	0.996354943344629	72
0.01438632214499	0.624497495722151	16
0.0554414672591701	0.949191521245479	898
-0.104458233231452	1.37247541388585	98
-0.0322601827040701	1.1823397314685	582
0.0630786815670199	1.16951097339617	26
0.08002312036355	1.42208942289199	523
-0.042146253820658	1.34330534559016	509
0.0618751525116801	1.58851501886534	1733
-0.043885463096598	0.867180293396301	98
0.04152154941617	0.963790855307583	98
0.02119118403709	0.712831562045073	107
-0.095106264593778	1.2256960769484	16
0.0228969360451301	1.2751640243358	16
0.0287430335382499	0.862443752909094	898
0.04361447604799	1.55677548772608	21
0.0227362688253201	1.85709921716038	865
0.07349918651044	1.36678550891661	72
-0.117971466214363	0.865457641406465	16
0.00133817662977997	1.48414768475906	16
-0.10166645163239	0.887988985554227	16
0.0315984738145201	1.32217892547771	12
-0.084863190475947	1.16349242280115	21
-0.0208303861143621	1.30425949388034	21
0.0645392570475001	1.11707801624792	509
0.0734413183386999	1.12321541673931	509
-0.051863548077808	1.12255187272604	509
-0.064144644203429	0.801866956848821	865
0.0688628447200399	1.29206237976838	107
-0.071547835628435	0.811221522730666	72
-0.0974405832181709	0.682234778422797	16
-0.038340604881855	0.929948967996648	16
-0.073692533730922	0.801693379074237	12
0.0326306773396701	1.68349774332755	12
0.10641436052023	1.66948104927562	509
-0.080446817814073	1.3405279432476	999
-0.093149973259154	0.849661821352779	19
-0.118457060410785	0.960950743160074	19
0.0444948610142899	1.80738076462509	21
-0.090777560369088	1.30966451831722	865
0.01247192494872	1.5182601216408	865
0.0500614102857799	1.66016763352231	865
-0.093990411707905	1.2493889899444	26
-0.084592789968668	1.39467320966845	72
0.000225496839620032	1.81460630127182	72
-0.04170724083273	1.44409448556769	72
-0.030998990163165	1.20459768838793	72
-0.058319203430615	1.10848814355166	12
-0.074133361335797	1.40988837588158	509
-0.043768442039736	1.38122627315474	509
0.00151485212465996	1.48744940765005	87
-0.057548264256808	1.63463722638236	175
0.10230272579695	1.97944888939441	98
-0.011283228788647	1.09616312910583	98
0.04417180958236	1.45761897054173	98
-0.076560841948812	0.981341989841675	582
-0.0500234805080611	1.3325246904369	582
-0.099602244192224	1.22060085084724	72
0.0526367030753701	1.53369973525412	1115
0.02253234755683	1.27821857646276	16
-0.043166182285198	1.1709930672382	19
-0.028505669039839	1.21032131903372	12
-0.072316038176627	0.994332092846845	12
-0.011323609258359	1.88503205804133	433
-0.117875578645882	1.38963197192085	72
-0.117808691849787	1.4409814617802	72
-0.111256867761337	1.21486323092755	16
-0.059879136749047	1.24822400114304	1115
0.0745638066862999	1.42081336531914	16
-0.087924614973926	0.680766304187496	12
-0.082070821354859	0.940610818368144	12
-0.026448799901176	1.5832019437312	175
0.0196437366426101	1.59651259980495	433
-0.124993461191058	1.37313908503156	98
-0.0593343697747321	1.56851207498852	98
-0.11317246456183	0.890110082806066	90
-0.090055832975529	1.16845311901994	26
0.10945030702136	1.74434409780989	873
0.09922653331244	1.69055620666192	16
-0.120790847701796	1.29326118291398	509
-0.118595734128958	1.15532376627994	509
-0.042349929232096	1.52387931162799	865
0.0802224804236	1.46738494768156	26
-0.053391455068711	1.34202365189722	16
-0.100956174931158	0.877624198007769	16
-0.088366600351933	1.2541145123243	16
-0.0837676665271579	0.965572079867504	16
-0.106189493776532	1.21227836635481	87
0.07621455446096	1.85801323364586	98
-0.0855755005271021	1.27676338692577	98
-0.104775962164991	0.886387406832263	12
-0.115462576400131	0.569613698104489	12
-0.0785647304834221	1.34860659180182	2104
-0.059530131262325	1.92745746702113	433
-0.072133838071596	1.76515089367467	98
0.0226688210911801	1.70244572215666	16
-0.00296419642733003	1.1183602581378	12
-0.0793838341658	0.974928566168519	12
-0.038292898675392	1.6561637182694	21
0.10050297007128	1.70064794791828	84
-0.015091288690454	1.02707393226708	87
-0.042937434455422	1.71131807646888	98
0.01898573238613	0.611858093626254	90
-0.074134602109164	1.3526468751821	16
0.0176127017835399	1.20323506945002	338
0.01547194622686	0.622694327313849	12
0.0138617702333199	0.461826885999822	90
-0.014300863906029	1.37229835663212	26
0.0102779941700699	1.85937768001182	16
0.06780503706096	1.83148357987857	16
-0.112951924093199	0.829768293471755	87
0.0314544824355001	1.47919960947485	175
-0.113879990023179	0.598192545389304	90
-0.020707470858935	1.56195233058032	16
0.0321735943282999	1.24339192942415	16
0.01534623194107	0.59928097987766	1197
-0.109093772088094	0.645360080020218	12
0.10514269849684	1.77870653244813	34
0.0551334371022201	1.07281178260034	34
0.0353279436451199	0.833860317402368	1197
0.1239481992898	1.0654840449736	1551
-0.084969432586524	1.79795679082598	34
-0.07614184623693	1.42236536847507	87
-0.0489936539028481	0.877902100533806	90
-0.0166154465789931	0.990517490803548	90
-0.034918268989648	1.33003814027545	12
0.0555570413267801	1.57423837457967	21
0.0174267313613801	0.698265439983451	90
-0.118888533775619	1.13386206469181	90
-0.0259432080144431	1.25560100743142	26
-0.063528531434063	1.08528175816538	87
0.0441899399696599	1.05040359768627	87
-0.083951656070875	1.11791837724332	87
-0.094188581335796	1.14449361628723	87
-0.085597100569528	1.30851815960374	175
-0.055492154318446	1.10694869753951	433
0.0993987889072101	1.64916829418509	433
-0.060282412642353	1.04637830373486	34
-0.111468399002903	0.893299491993537	394
-0.03059443589459	1.49459171807933	394
-0.046321924200292	0.932885451513641	19
-0.113874813825593	1.16171906229731	16
0.12349137122488	1.06641356162839	12
-0.013902203848152	1.65967220362522	87
-0.0394060067882061	1.64312452106047	470
-0.00544097311920699	1.42531579714265	470
-0.00117149568658703	1.85746844094763	16
-0.037045678938296	2.05273217597761	87
0.0639602490748501	1.72600124978781	433
0.11713846517486	2.19324818044007	470
-0.110614229826761	1.29965137494828	26
-0.036095910731431	1.18776559291374	26
-0.109490465290625	0.872885532369033	12
0.03358435004498	0.926524948387741	12
0.0641335499843501	1.08266978066025	12
0.0196227514102001	0.613127193699983	12
0.0730390938030801	2.26792623370216	87
-0.079221649067169	1.53083955321708	470
-0.039517404968531	1.45433446470839	12
-0.080182365798033	1.75228590428692	87
-0.0827757581559721	1.7056920746271	433
-0.032815284730296	0.909234045813484	90
-0.00465538428778101	2.08615304476488	26
-0.11943011469888	1.56101550324187	87
-0.09083285897412	1.22722040051192	470
-0.023291763545262	1.31285753046144	34
-0.092297120544837	1.5821204790952	6
-0.112539166766621	0.974733148286778	26
-0.00877043000723199	2.14445917964044	288
0.03445418771214	0.976325821692411	288
-0.073691257278506	0.812669156474405	470
-0.101879450162301	0.882501621457683	470
-0.090036353499687	0.684391728324106	26
0.01898573238613	0.611858093626254	19
-0.052515735658586	1.89974296864392	21
-0.079157072908654	0.956705564000863	87
-0.089807437459572	1.98353332757934	288
-0.0413235330946	0.920840792632856	470
0.000739302801969988	1.16815839409531	470
0.0316342484908501	1.71736622188123	90
0.03853100987753	0.963574561442642	26
0.0229654062519999	0.916780835124616	696
-0.093244367621623	1.14931505228279	34
0.0164753209786701	1.65188950180935	12
-0.118165839086484	1.29959972021326	12
0.04648241988364	1.4427441022108	12
-0.0341650633976039	1.34294098289197	87
-0.077957066411965	1.88199583706925	34
0.0116469738970399	1.85454844284885	6
-0.120297877785137	1.09483799669098	394
-0.065971068575219	1.04792746059386	26
0.0106120948777699	2.04800408337183	12
-0.0421844852240531	1.19669282636281	12
0.0433635698158401	0.977878625834088	695
-0.057472741364114	1.7033311078362	288
-0.026057979214041	1.24691735200197	6
0.000121864426430029	1.08409777411701	394
0.0102311088017399	0.702585899181489	12
-0.124666387093524	1.58520518724157	84
-0.076347558366763	1.33807924016752	34
-0.117832148337804	1.58373013848513	6
-0.07762961325545	1.3473351915795	12
0.0346527754428601	1.36382877813422	666
0.00928574068241006	2.13819320259598	87
0.0355196141443701	0.971420081534927	397
-0.114712473775033	1.15139794592272	399
-0.100183497531468	1.32630203393332	87
0.00618638660438009	0.576477152183012	1995
-0.122836963944539	0.57852037443238	1995
0.04049222183021	1.5486092724916	19
-0.120800069838725	0.572874182392706	1995
-0.076634827720478	0.985558206286919	288
0.00820298028824995	0.671077512413217	190
-0.025499063861349	0.365272944321409	190
-0.089853702309307	0.682529954751804	810
-0.080027694487128	0.743299892765569	1995
0.0282196524334699	0.823080160277089	972
-0.00379860641413898	1.1339987566411	972
-0.095130840444701	0.236596957820061	12
-0.021777373537743	1.01722972155674	399
-0.00656683658989499	0.476178259260961	972
0.0698531640510101	1.25145561838449	972
0.0717653906673801	1.33962354496715	972
-0.10440054382428	1.07564908146267	190
-0.0983349127676511	0.682409991602935	1995
-0.020510509132983	0.365707045384944	223
0.0118237578958	1.24876414171706	26
-0.122434140823543	2.06657215332183	12
-0.017976428418263	0.371565368446839	12
-0.063157134762267	0.800411269074334	972
-0.0779727108969091	1.14166687063856	972
-0.112121076388327	0.892541318176335	972
-0.114758353929052	0.81938838399703	288
0.01578602954155	0.717117905272836	190
-0.00639236951684896	0.485388133988219	26
-0.106076455719905	0.882520799422087	26
0.01451921357066	0.740605984592832	399
-0.123445104356706	0.546585418611198	84
-0.016292119456347	0.371339491478864	190
-0.02104640920793	0.368762664919926	223
-0.120381627164191	0.562538880332327	223
0.0149063837445	0.593549974981996	89
-0.017032168380782	0.369236102173919	12
-0.097143027122115	0.237162373455149	190
-0.097143027122115	0.237162373455149	223
0.01734516874017	0.625758479340949	223
-0.051768851703379	1.5666975156136	223
0.0841069091876101	1.5058968617597	288
-0.09715203736286	0.695862633656713	143
-0.117624506456062	1.15577897107718	26
0.0616671064037999	1.14225477468777	12
-0.0252205333812	1.5097829049765	481
-0.118510458272788	0.573441504604193	112
-0.047279750435708	1.33473184893878	12
0.0455157130221799	0.900008532835022	1947
-0.020997142372608	1.32005504946449	481
0.11954331416573	1.0237762265544	907
-0.078024565275264	1.00520613796966	89
-0.099708364915671	0.889886203766295	1947
-0.072699915520096	0.798926668536636	811
-0.095130840444701	0.236596957820061	811
-0.078449879302914	1.49198123084083	2291
0.0292400737829399	0.853006119433423	348
-0.095948707550074	0.644294048850974	481
0.000247082026920031	1.49839787734352	288
-0.000367251708515037	0.495589908112128	223
0.04403086432387	1.43790449805495	2291
0.0021968269653001	0.498624822083093	2291
-0.101741617664052	0.888592503447384	12
-0.077120435359411	1.65067190915633	12
0.00054783995575991	0.496939009547311	348
-0.0222298007375999	0.358606570134929	223
-0.02525538423758	0.364338526937313	12
-0.00149666200867504	0.482469111552101	313
0.00054783995575991	0.496939009547311	101
0.0362229592188399	1.45704833506746	399
-0.088416975988279	0.987787602090576	84
0.00200270218536991	0.487658538091255	2
0.01936831310884	0.605642653074276	101
-0.023949046156541	1.02826670967411	250
-0.102715471119213	1.05752484372534	84
0.00724015798729005	0.603732723510741	101
-0.124249956188427	0.574635766807935	1145
0.00423448275089	0.504946704337393	12
-0.081295802823416	2.30262206666434	274
-0.075158192263186	1.00908207173598	1145
-0.090142686156867	1.91299167747908	1146
0.00523490719363995	1.12565018026835	250
0.0415687931719699	1.388345341053	63
-0.121627797254978	1.77009038999632	274
-0.035769431445186	1.77829655962086	288
-0.026381004302077	1.02622900281685	274
0.00449883978497989	1.1599592073334	63
-0.0861195068046911	2.20697094588104	399
-0.015151468762642	1.0319805258633	447
-0.103734839176654	0.632398990248191	447
0.02268135883155	0.733991062866301	12
0.00922024416223999	0.667791660483995	178
0.03206540995214	0.935700276028471	63
-0.062074628698203	0.808656978467849	447
0.00887752251483009	0.607613110705266	449
0.0180502726617999	0.595368179144003	63
-0.082035521667866	0.662671120665763	63
-0.117501766363817	0.565600680523401	63
-0.00149666200867504	0.482469111552101	449
-0.121737334137209	0.574827583371763	63
0.0197807584291401	0.708166144632218	1863
-0.039624039768442	0.946905604933833	63
-0.124952880214354	1.49792613600926	447
0.0683238266978701	1.28605166783767	12
0.03208497098802	0.837706994904806	178
0.10729208585278	2.20757449590791	313
0.0755663150480399	2.00290742704834	313
-0.10950536219182	0.878701178426404	447
0.0167725030874499	0.720430067737166	1106
0.0104174819796401	0.718739158609205	1106
0.0816126121535501	1.32700589879686	116
-0.010183828678569	1.29435258841429	449
-0.087387249015852	0.722673455000625	116
-0.0741602673366501	1.01175617186719	313
-0.107517799538505	0.888502871330688	12
-0.11970102342276	0.558225710292978	261
-0.102794704679008	1.65645881886743	261
-0.111171439199994	1.94466160003357	449
0.0158223764337	0.719435567484336	1391
-0.091949145894619	0.693860605093375	354
-0.032460986911295	0.971390210440418	354
-0.097237148469152	0.682442450173573	261
-0.112483980947968	0.557086815192602	12
-0.11317246456183	0.890110082806066	1488
-0.093022892916237	0.674960938237222	12
-0.115087398484552	1.99562853825529	178
-0.0823510862435221	1.00312759471662	1488
-0.072918027843341	1.92295104765479	154
-0.023510587146398	1.04299886959596	250
0.01774862527007	1.18644647150503	261
0.05751016335263	1.19058033321007	250
-0.087626514186656	1.1597659686113	775
-0.038097364235657	0.892474619091647	775
-0.107839993235002	1.06597586123123	553
0.0025156494023999	1.1545148274179	116
0.01145007137091	0.686782226041095	261
-0.00462268540320798	1.28211892671078	327
-0.052193618285365	0.910800755900251	327
-0.082032550577386	1.18028878985735	590
-0.063572295960305	1.8664293636341	178
-0.0565663142892771	1.57919561436744	116
0.0301841197658399	1.26431485027923	650
-0.063190664525118	1.03277231368281	775
-0.083104786171878	1.15335268144086	327
-0.069386344850098	0.753065618039157	327
-0.04036993597788	0.909469127783397	590
0.04324948549316	1.03013565818268	674
-0.100044369244137	0.676204243857904	206
0.0208803968634901	0.740242477919268	511
-0.029509457023464	0.914502424084826	594
-0.015347816318416	0.37893202012248	77
0.00981469698979009	0.615757571559063	511
-0.02121958673418	1.29508628577565	2205
-0.070533394282619	0.821722290587315	1725
0.0184450142754899	0.827717408808414	1725
-0.112867465863898	1.52984596196727	685
-0.03295992442956	2.06132148598507	206
-0.102057245296829	0.664978536125621	511
-0.051017426849387	1.61784728750417	594
0.12149972511626	2.08550885430081	261
0.01860735352752	0.741819914728264	2205
0.0265290818339099	0.815198356231166	803
0.06898275776555	2.45784334389182	206
-0.077907494146008	0.97546206078246	443
0.07862154401418	1.3817093315009	511
0.09870794253496	1.56324031780444	261
0.08474844180631	1.50225651165363	77
-0.05294150406946	1.07083270338757	1725
-0.123685854892774	2.30579882022	74
-0.033799876638838	1.22376961910104	261
-0.075035583729517	1.02184915142533	18
0.07612819148895	1.29480771691519	685
-0.087316631498188	1.12771841647223	685
0.09886371610902	1.66321864241483	206
-0.065899164840952	1.06302476726557	178
-0.102915871876574	0.875734374042324	178
0.0228773756503899	1.60463988064794	594
-0.096156362498606	1.06796905169505	89
0.0465255021436599	1.03448883133664	532
0.01734516874017	0.625758479340949	178
-0.111069438375255	0.891836191246764	206
-0.00389405790612896	1.11714865580098	443
-0.060068207498977	1.49712820359328	992
0.0287479131578701	0.888668959710862	206
-0.096108792122344	0.64688633987962	178
0.02418067332672	0.735318757869657	805
0.000650149504580089	0.569837880161056	18
-0.0381864046489691	2.09000318887839	992
0.0546622371236001	1.79899253839548	775
-0.06892171978616	1.0013372533851	51
-0.093575694018272	1.07802559333359	992
-0.035320162158418	0.918540497013525	178
0.0164081369867899	0.62622736687686	355
-0.120573297287633	1.39166406599804	18
0.0397127202726699	1.0384853126124	675
-0.110746899365887	1.12478233185985	992
0.08414307082664	1.36280666585378	2
0.0676947584702801	1.13559493407702	992
-0.097430364358141	0.231088278936867	127
0.0262050455599501	0.730176421069069	594
-0.120110016276458	0.565414401764867	675
-0.016560468468663	1.01657820102507	18
0.0248189003633199	0.728767108288868	594
0.0354949418101	0.791476898025814	675
0.00423448275089	0.504946704337393	2152
-0.085241113327827	1.17086169179547	18
0.10872383579387	1.84150310360827	594
0.000750875354269986	0.484066194836557	992
-0.0189203504187621	0.369865529445495	675
-0.0912208012083759	1.48912152879433	675
-0.099274301988016	0.891042103959244	675
0.0322729673704401	0.850803585943136	127
0.00595900774395997	0.477334858952402	675
-0.092722904607801	1.55888111161837	675
0.0185567431526601	1.25435851003636	675
0.02805259239656	1.76671799933851	992
-0.0736431245584121	0.799662551001322	127
-0.100129906757929	1.52114218837102	18
0.01808263751978	0.77401332341068	18
-0.119554361768871	1.26674884685456	594
-0.063404891481351	1.02606169161359	18
-0.09018339447293	1.31413191152678	319
-0.00203481921375404	1.11366715822917	319
-0.072901075549671	1.24646877312711	675
-0.052390208632604	1.26914094100665	135
0.07373539388537	1.28452929126018	135
-0.123929043283095	1.58296249738401	18
0.0052126381175901	0.60042983464949	127
0.0135668725142799	0.73737110072793	127
0.02450485425413	0.846510000505664	127
0.0923717097766501	1.58492115817035	169
0.08934458826654	1.58151024610806	542
-0.072593376179242	2.106084066399	594
-0.033615199348923	0.914437267088404	1084
-0.02085433859269	1.32637490969119	221
0.02815116431931	0.853170603770355	135
0.0148681498168699	1.19421299009923	18
0.02162567815965	0.729632680965693	127
0.01278139712076	0.605545645457218	169
0.0116362983123799	0.469823151945045	135
-0.019158571508784	0.379365857410272	542
-0.063352920462957	1.10208183625742	1084
0.0388220115505	0.984723284532239	1084
-0.00355861009283198	0.479313648253881	127
-0.020752042218405	0.364802873143007	127
-0.074535402349184	0.991953609824165	78
0.00858435853473005	0.578790354917024	78
-0.05824016313837	1.11726473547653	1084
-0.061039260478121	0.805977047806815	1084
-0.122038604481965	0.560027624928487	169
0.00305396448406992	0.482478537541652	237
-0.090847468619748	0.684416898296553	135
-0.102537005736107	0.235660452575005	127
-0.106388833982781	0.669903869556973	127
-0.00128231978136095	0.490391125951653	237
0.0293392762014699	0.843321512986621	237
0.0210358890926501	0.735825759939949	127
0.04636671425182	1.07222038296751	127
-0.017032168380782	0.369236102173919	237
-0.097051659218561	0.69928832477896	237
-0.00244118321021403	0.471722904387071	237
0.00966223170800995	0.617029058950693	62
-0.088960104187779	0.864233216018403	1084
0.0271617938328299	0.851962525547219	237
-0.010409451158617	1.00060834255133	1084
0.02283969762703	0.732573655025535	23
-0.120712714777653	0.574725430484483	237
-0.041317670564013	1.37605993120848	127
0.00166561643026997	0.485349621927486	169
0.06726956462738	1.1960761365483	1084
-0.112515869444922	1.50088753046169	266
0.01519477683144	0.613951646454307	237
-0.0189203504187621	0.369865529445495	78
0.0410612246290001	0.989760980928646	122
0.0942969248947201	1.50057416634542	169
0.0146416027795	0.463600809932027	122
-0.017976428418263	0.371565368446839	127
0.0106009433988701	0.61660263308013	127
-0.09226437551552	0.235713379343593	78
-0.109185108647474	1.19663200324171	1658
0.00858731376628996	1.23723290243706	1658
-0.082337516935449	1.94638165911586	221
-0.069017222534896	1.59176344219775	221
-0.096443567771121	0.680139452192221	69
0.0176918192008699	0.719565354431095	62
0.0242187423731799	0.844262939158624	78
-0.106970562714308	1.47613909878335	69
0.00331455875400999	0.500775576905248	169
-0.097143027122115	0.237162373455149	78
-0.065012335890517	2.24273688219319	1658
-0.0189203504187621	0.369865529445495	169
-0.102291387896616	0.671246052545205	370
0.01531757675451	1.67565004045256	1658
-0.039245222998516	0.924437346640337	78
0.06088142164002	1.06102226137108	797
0.0388220115505	0.984723284532239	1832
0.06194447765221	1.18874934714665	1658
0.0410892212548599	0.989162800325736	797
-0.110172042062664	1.05777495268432	257
-0.043022042611626	1.20953950613136	257
0.05013092900673	1.08054552884323	257
-0.118737564234894	0.827011722349049	78
-0.116199005918482	0.84037023608766	122
0.0948388568416201	2.08118958881737	257
-0.0884812497629191	1.90638766754548	18
-0.047946913352921	1.18457586772592	211
0.05745112425087	1.654169256325	169
0.0670998620079699	1.18904265027874	257
0.01438632214499	0.624497495722151	985
-0.02104640920793	0.368762664919926	1588
0.0324270277733501	0.932785603229907	257
-0.02525538423758	0.364338526937313	985
-0.088647396507462	1.33291525524442	1655
-0.101038833934269	0.907646930398697	1655
0.0763746941441601	1.89629873892701	376
-0.010588781023776	0.365631674129636	1834
-0.017976428418263	0.371565368446839	330
0.06227326925261	1.79544217084188	169
0.01075271400935	0.619253829122378	257
-0.080139624442246	1.18443877576324	1655
-0.043347243063161	0.929875972056582	1655
0.00612538819659991	0.499932279680118	330
-0.092032448226814	0.23697863397343	1588
-0.094955356262463	0.694070025183407	169
-0.120381627164191	0.562538880332327	257
-0.019158571508784	0.379365857410272	985
0.01075271400935	0.619253829122378	330
-0.078964005732283	0.788527148813764	169
-0.098165693848028	0.855657066330386	983
-0.096971666696513	0.670702363940489	983
0.0720972385485099	1.29082904296435	257
-0.074892869126191	1.53932227445466	376
-0.071942050070693	1.90804665824936	18
-0.097242289010546	1.84065576469566	956
0.04179072234647	1.43478726013031	956
0.0282766542216399	0.8334903831787	983
-0.068479314075772	0.80126820355223	257
-0.1035927365267	2.25725944921546	18
-0.016292119456347	0.371339491478864	330
0.00896481225551993	0.492128352305967	330
-0.0303197684926551	1.62821447959094	956
0.0551150578213	1.17025797546588	983
-0.117380314427338	1.80211863360895	257
-0.047768948675926	1.10116721020155	2202
-0.078099901486649	1.67509012152486	215
0.00054783995575991	0.496939009547311	330
-0.027081034088658	1.02146834778244	330
-0.0652458120066171	0.780899444284021	330
0.00054783995575991	0.496939009547311	330
0.0471060774338401	0.955298524905275	983
0.0221250575118399	0.734361745420173	227
-0.094727765972198	1.08033319503774	257
-0.030167603131645	1.18675402258276	983
-0.064671461889483	2.3783678721412	257
0.00191288772293996	1.18760561433862	18
0.11179562756687	1.67213560408771	923
0.0621738954397799	1.02829194969531	18
-0.068197951869629	1.59253788933838	254
0.0131646560467	0.609957197590443	257
0.0150294798855899	0.691499567824201	727
0.0156292825129301	0.738486115211736	2203
0.0158442621369199	0.588568171469956	18
-0.024062386806616	1.04258409775885	903
0.000344742360089967	0.492789185887372	254
-0.120800069838725	0.572874182392706	525
0.01480745122456	0.461799732335899	727
0.11796555192494	2.0893576694309	727
-0.009293727790188	0.456073412678248	903
-0.054580780935485	1.74810964955134	127
-0.115526007065319	1.49969009717682	257
0.03307135299074	0.850191773098196	257
-0.019567251513126	0.365520341358932	18
-0.00811603128120897	1.07798256336484	127
-0.096482917725097	1.38565477418788	254
-0.100239130848602	1.26529426298403	254
0.0262364148277501	0.716786267960055	254
0.0186881953840901	0.600183818873659	254
0.0153689688712799	0.828206181090331	254
0.0167444211335599	0.826390663025002	243
-0.098217718573266	0.580344984347904	18
-0.0910099333539121	0.670483539303831	1044
-0.055822973739652	1.10184113967132	18
0.0134511209989201	0.616154957654506	126
-0.1219892775702	0.565976617593703	126
-0.122203198098001	0.56922682169761	254
0.0135668725142799	0.73737110072793	272
0.00736799566318003	0.681579841524026	18
-0.0165408020385061	2.25202632830237	211
0.0114100656978799	1.25682095538328	1044
-0.124083535644124	0.573563561305243	18
-0.014166205232313	0.371208576111533	252
0.0255916214194001	0.849889094825896	126
0.0447161457178	1.52381066674444	1799
-0.027383185562429	0.355533247580909	69
-0.00128231978136095	0.490391125951653	18
-0.00355861009283198	0.479313648253881	126
0.0710600921956801	1.27600859519367	1527
0.00333969197720996	0.587380711056927	166
0.0165433863122799	0.732549970279776	272
0.0683238266978701	1.28605166783767	1044
-0.124666387093524	1.58520518724157	1044
0.00517983866350003	0.504643699516743	272
0.01331775820682	0.605356643054037	272
0.00329324233702999	0.476343070215659	1029
0.01977252287481	0.622307431051383	166
-0.098150590574265	0.696417198500445	211
-0.11250757349231	1.16798743147003	225
-0.014403247750541	0.378706772006315	1016
0.00351654961615	0.477413732079204	438
-0.000570723044758026	0.494812744879114	225
-0.013221840775977	0.371008922019284	1016
-0.092032448226814	0.23697863397343	554
-0.095130840444701	0.236596957820061	272
-0.090852035042349	0.689341512584823	858
-0.015347816318416	0.37893202012248	1016
0.0240518057446699	0.580201396466008	1016
0.00517983866350003	0.504643699516743	166
-0.092032448226814	0.23697863397343	166
0.00054783995575991	0.496939009547311	438
0.0021968269653001	0.498624822083093	438
-0.016157367017702	0.428149620448284	171
0.0281045680372201	0.733814257350186	1016
-0.121899942698391	0.576520187374766	554
-0.109741482274491	1.68386048745005	225
-0.071125037124812	1.9221682513506	225
0.05324539003282	1.08026565748975	333
-0.124695619678983	1.94379424770573	955
0.0342572363752101	1.78834542891293	403
-0.027095308321313	2.12568232423703	403
0.04317585492423	1.53233768005794	333
0.0354391887871099	1.80419681785817	955
0.0363112282006901	0.997009014180762	955
0.0476393379351101	2.27456823992214	403
0.0676500350796501	2.19530071783524	403
0.0371182789300499	1.99222011612244	403
-0.0387386598569151	1.78479034305415	403
-0.045687049010536	1.60732082737081	403
-0.103753235856622	1.20652745566348	171
-0.0399499028742431	0.899223623635807	333
0.0242187423731799	0.844262939158624	686
-0.106908475852629	1.37008443145463	955
-0.077788017825528	2.44606745772074	990
-0.014458115771794	2.48395902476068	955
-0.11429045341609	0.876156653023841	955
-0.107083470545841	0.894419424893789	438
-0.108518359902075	1.12493700406415	403
-0.084742461885197	1.16682791191257	438
0.00736799566318003	0.681579841524026	1374
-0.04036993597788	0.909469127783397	902
0.0819367591303699	1.30393278407461	902
-0.023670575769901	1.50820029432358	171
0.0137317754473301	0.804285117077973	1374
0.0212512502403399	0.596740496514263	902
-0.0979305991428781	1.23686166819248	599
-0.0260088868105099	1.72620024140625	1374
-0.106030862206075	1.60735887516196	1374
0.0223918752401999	1.75310455822551	69
-0.058612940607971	0.809928975869818	1143
0.01209782669143	0.589970986844552	1852
0.00801920966492009	0.489775904282435	599
-0.108439524414463	0.875221289715453	69
-0.100066420422981	0.689827773297654	69
-0.010133709802075	1.03678830509903	69
-0.00128296822489105	1.15988990289209	69
0.11259127599398	1.84113214379055	69
-0.000724528997309015	0.494303339079031	599
-0.091058778118794	1.62954588845604	69
0.02672772306007	1.34100853937613	69
0.02845051228597	0.804387927962203	2029
-0.08392344606971	1.16292526243095	2029
-0.073840162757799	2.26359802417081	202
-0.123406366620361	1.56895417493622	202
-0.093618196062376	1.28379549386377	69
0.0224901052239801	0.586676399027188	69
0.0385720147586599	1.52188777571997	933
-0.124818150693437	1.86930282891613	933
-0.113690860408714	1.14926734343592	69
0.01670294786703	0.734166616744906	69
-0.10921027940355	0.889100793632981	176
-0.090825997977918	1.56965023561175	379
0.01438632214499	0.624497495722151	69
-0.095318613607805	0.682623984088311	176
-0.099939350174557	0.899586810505138	176
-0.120006780811304	0.849823649438858	379
-0.043208101982178	1.67904294596384	176
-0.03681846644494	1.19822719188156	176
0.0352573732685	0.956028083125752	379
-0.014236827052984	1.32030861502913	176
-0.108968179392071	1.22364635080778	379
-0.089828574256739	1.32110818330469	176
0.01194905007182	0.609364497184107	275
-0.063151988931914	0.793824831193215	275
-0.060759297334816	2.03791813580947	176
0.0454044543183501	1.5983611892283	176
-0.108912151760502	0.87341732240607	176
-0.099168083678595	0.693351950336599	176
0.01734516874017	0.625758479340949	275
0.0375184203054599	1.37379861850582	783
-0.123524847150033	2.48515962237198	783
-0.049934209887702	1.34147203158655	783
-0.071561552202228	1.8745596842264	783
-0.096001417665018	1.35842835945882	1089
