x	y	clickSelects
0.050673784488684	2.29005713467171	149
0.069867802231351	1.5015396044364	149
-0.064750271155908	1.30312152438421	149
-0.020175524433258	1.3908213905631	515
0.0609330916763	0.947832068844886	279
-0.0857246761391281	1.09190689512546	279
-0.083930458609527	0.666366310477099	111
0.009110493166681	0.872609479834163	238
-0.103933439686224	1.30386362389463	238
0.122018266337814	0.733345427977064	58
0.078554702920755	0.981804944241382	58
0.073562719660118	1.0479541603215	58
0.010920394326794	1.13886915495417	58
-0.065744861432863	1.37147855476114	58
0.038862259222069	0.975296380953439	58
-0.000241068897638974	0.970009762339189	58
0.100867632889055	0.446810857217158	58
0.079708524358681	0.367421650970304	73
0.123473531684717	0.231289526408319	73
0.00752766015997303	0.966892143543684	38
-0.076357812630326	0.904977485348945	38
0.086983922922502	0.580373197409533	38
0.107367587020467	0.575640766685351	37
0.01821452605258	0.718431610720085	730
-0.037085238115142	0.790945893544294	730
-0.083087513858585	0.697221927120962	730
0.043678072798485	0.704822591767274	287
0.092167821706509	0.656955893518297	287
0.00394535650694899	0.350163043166594	182
-0.033010516784704	0.785238656711702	182
0.015060475074157	0.27735337157758	412
0.055660852653119	0.628177041306509	265
0.124271074084571	0.420410517476059	48
-0.067748742660267	0.893819584520454	139
0.10137093838675	0.433264599015147	139
0.101431964186917	0.115380333186248	68
-0.076323552139275	0.230844812868895	1066
-0.075252976392563	0.475720614397611	24
0.013851170720425	0.28555713885778	545
0.105115108051097	0.11587423974745	224
0.097096628469687	2.42450609796671	149
0.116062606626706	0.649323503677042	515
0.101213966700231	0.995502368225914	515
0.095654670293339	0.579963803938871	515
0.100989459320551	0.823958468273678	279
0.109394475416083	0.820065856500845	279
0.026379668759805	0.534525240488865	279
-0.051649527145473	1.55838864451064	58
0.052742994335984	0.978618516025469	58
-0.121509250424278	1.29291719168238	38
0.02453420529598	0.429324786019155	73
-0.061007315208967	0.917657096555164	73
-0.085490030250671	0.713448479398923	73
-0.065610978966387	0.716431611978343	73
0.088500958865466	0.439100137862556	38
-0.058025068720851	0.69223561336679	38
-0.094352732122178	1.15354902560747	38
-0.054010159780869	1.22669366399659	38
-0.079232355566707	0.682056462610025	38
-0.0320766960947	0.72024245558355	38
0.115070774503277	0.624802171651783	38
0.10193690538575	0.64409560410058	730
0.11870714353143	0.42363075291266	730
0.054556565631879	0.670237835778276	730
-0.036544163840458	0.760699144803011	730
0.084181295994324	0.665604150955936	287
0.028739556449423	0.412823934817331	182
0.108122562240956	0.175991203394677	182
0.072713960778735	0.38590729380584	182
0.039141396509466	0.692179246178882	265
0.07407864240074	0.680124179678414	48
0.114217619902902	0.581157601065129	48
0.12049916719747	0.519096113713056	48
0.027036818133141	0.672508607701464	139
0.00202976825048101	0.694130165173115	139
0.067033687812483	0.358492084058578	68
0.073132998201308	0.374802033190706	45
-0.081961857018375	0.229947862004473	24
-0.118195456350368	0.607066139487221	45
0.021321105412909	0.270747656873398	45
0.118898057460993	0.281050265312851	43
0.066411236921801	0.264706136384588	43
0.123571440288768	0.24101531245589	104
-0.0810362962242031	0.234785144539953	105
0.028213792092094	0.202862839690483	614
0.121232659199439	0.182156725762376	3
-0.031527138238278	0.592115976267726	267
0.048615221613079	0.594727345267202	267
0.082771050441507	0.896815531305126	238
-0.017359062468011	1.21179724653104	58
0.056771628404088	0.97787842130093	58
0.057438640971067	0.563358341622771	58
-0.123058334135366	1.5129569004248	58
0.019458832152582	1.14416721951757	58
0.069936764996787	0.898827252048708	38
-0.111910105001396	1.29334807089708	38
0.025405877568985	0.698776146593225	38
0.056966987311893	0.574847203461523	38
0.071784579457497	0.920234813341423	38
0.074499625270029	0.816997116220039	38
0.113518926219648	0.366282873298972	38
-0.056082543004349	0.529493040616148	38
0.042227391787829	0.556178688673442	38
-0.0128870149214561	0.710399544995365	38
-0.020497848371674	1.11199906209039	38
0.059480396711897	0.641052954458003	37
0.106622917277801	0.588140371643507	730
-0.0993221657523961	1.25006411813289	287
-0.035674298102369	1.05783550470265	287
0.017657213259796	0.573051681788539	182
0.048366340456782	0.667366493411828	182
0.00424631457118402	0.506283734296981	265
0.000237767652861987	0.537534910803714	265
0.006841008026653	0.840474991315901	265
-0.066770924140494	0.653954145803011	48
-0.014053847408839	0.88256081546781	48
-0.107551249720163	1.07409860272803	48
-0.067654405437191	0.977441430116091	48
-0.070400859761209	0.501505278658213	139
0.118922652500295	0.375069764938999	139
0.111456077930181	0.603483807889384	139
0.112888737300016	0.530990050250735	139
0.116624873772185	0.182137118130988	139
0.059016415952729	0.256326770046779	139
0.015294896044662	0.278162213902786	1114
0.038694232292148	0.205296640432502	365
0.100016908006532	0.120010510073789	68
-0.083551727938351	0.234432692564786	68
-0.030215221479351	0.598993035456943	45
-0.117808094960863	0.6250145739531	45
-0.057484727329245	0.373295613012343	45
0.015411966923028	0.273536476353793	105
0.082493760528195	0.254382862583429	105
-0.051297147010364	0.279964527981055	105
0.067790850469007	1.12957269509801	279
-0.102000655593897	1.29529488482626	267
0.085387630778499	0.842322708957117	58
0.077898985958447	0.881448195232808	58
0.12229792906802	0.723351950130982	58
0.089035764762423	0.786589585831262	58
-0.124710624917909	1.59115598358287	58
-0.108711701400833	0.920189174029663	73
0.096179280616039	0.538648406901476	73
-0.054318967765954	0.7970402141266	37
0.069008280283308	0.658292138224361	730
-0.062321880592209	0.68618144971689	730
0.019522441595603	0.862547594864817	287
0.061761862741383	0.81626126011836	287
0.0951889126987	0.738632646958069	182
0.071330724064289	0.734987099909435	182
-0.100293108415826	0.47040645656939	182
0.065477667553691	0.767506007986449	265
0.094259740196391	0.595371628598863	48
-0.066807555201163	0.608278568103292	48
-0.042661454510603	0.939685883570671	48
0.015457495839933	0.80723845533569	48
0.056498986048305	0.614360412974534	48
-0.100033817744813	0.748187327551582	139
0.043102962515317	0.634278442967089	139
-0.117683345598909	0.922765467381416	139
-0.108413430378178	0.540164767181251	139
0.116806560169247	0.186652357412269	139
0.036467210424147	0.203934868193623	365
0.071798980906936	0.265844710051394	365
-0.020834097083851	0.511613554669253	45
0.098888777266799	0.329928821188889	43
0.066724413233344	0.31325016406327	43
-0.077705952522055	0.219489405593902	224
0.077261979894975	0.255226020547624	104
-0.077453470472797	0.232779835540681	105
0.124782475581062	0.182408055461285	105
0.009712651572164	2.30782399077202	515
0.097251103114864	1.00121033856878	515
0.00369689599904699	0.811798307824261	267
-0.014484635195104	0.902406589927803	267
-0.034680542406757	1.04293174467816	238
0.102264262150582	0.578603133372524	58
0.00506763372653402	0.757523011740979	58
0.084736268104	0.590417561269469	58
0.064767627019699	0.642082059726526	58
-0.03239940711548	0.819755734297273	58
0.064925349948279	0.76726673472899	38
0.114661233724882	0.566724983658099	38
-0.100782998175185	1.13413516968206	38
0.121960640673023	0.559389664645748	38
0.011789735632532	0.920745003832336	38
-0.00136559255860602	0.672072410727508	38
-0.072719713216351	0.974733122444722	38
-0.054413417064456	0.585837108698223	37
0.101195532127383	0.498253355933304	730
0.049335027428193	0.780073650082983	730
-0.03870497088741	0.741137065812089	182
0.005262221385684	0.512031630814658	182
-0.038693354798141	0.63933722036042	182
-0.016569062903145	0.680138755554896	182
-0.027618481146478	0.539674987603796	265
0.00453089671630802	0.732900885907077	265
0.105976248259983	0.560353296739734	48
0.082969541973571	0.587475202634388	48
-0.040462686925438	0.604754570326244	48
0.071420891769274	0.389213886459458	48
-0.117647590581644	0.812380197966984	139
-0.042434695602105	0.493348496437046	139
0.113458398477887	0.291312754454961	139
-0.051212034620169	0.677892151175863	68
-0.089604971441997	0.643433064464871	68
0.054589351488158	0.491644549154559	68
0.066976103531667	0.319826647398192	24
0.012033868815864	0.278745780030142	45
0.040809428220546	0.203219540564102	45
-0.093043774497215	0.222768833065034	224
-0.07111968265105	0.313208278872937	224
-0.07094904351385	0.380718125365714	224
-0.092034048669296	0.445522687811937	224
-0.082419655495353	0.233193131416827	105
0.118196562228378	0.242320399855721	150
0.011754916732771	0.281372060387824	3
0.061681115679093	0.263711617402395	3
0.080137793356834	0.865433434311455	515
-0.031192079604534	1.60180406375394	279
-0.014834291534106	1.5838946560357	279
0.04412211809753	0.88915347776326	279
-0.076603973572384	0.824153449103461	111
0.071361771549568	0.7262897329614	267
0.09391199398294	0.669901717822348	267
-0.069067663778307	0.972063661910082	238
-0.100478040137253	1.09969282572879	238
0.00562827461502702	1.01182057204945	58
-0.00406522330548398	0.429227618089417	73
-0.0339952215806431	0.733778408485543	38
0.076557582202045	0.604368416361053	38
-0.0307054651486181	1.16565955225465	38
0.027852839567805	0.687569072087643	38
-0.089387578442469	1.27117058293853	38
-0.10024225780763	0.865065433920962	37
0.062931249316837	0.547729808857574	37
-0.00223613415379798	0.772504347964956	730
-0.120374484378931	1.09096831877933	37
-0.00378140263450899	0.967795149886218	730
0.051460711290332	0.612258803211713	287
0.069727539759216	0.385801955037832	182
0.035396432196193	0.466725892841156	265
0.079209195654163	0.500078134789878	48
-0.092467469742407	0.848005084840422	139
0.121066775515316	0.433829111247393	139
-0.116481309831554	0.738114262908448	1255
0.012026084612033	0.289837787604186	139
0.11591871714345	0.174904340631822	365
-0.00014524790521997	0.578676776448136	68
-0.097544121739642	0.673438585486195	45
0.060390744645715	0.364303090800014	45
-0.082169064587061	0.236774202358555	45
0.120347204675558	0.185991676553372	45
0.080485258072782	0.257068088536019	43
0.013121641770455	0.279767699268434	43
0.100016908006532	0.120010510073789	224
-0.083737908511861	0.22877209625747	224
-0.062240183005722	0.305203915491668	224
0.00554275582446101	0.286711803244251	224
0.111309605549709	0.181980240451276	105
0.012033868815864	0.278745780030142	150
0.011498023079137	0.336624413133328	150
-0.110803387821232	0.459443068926749	3
0.005001576447417	0.865957329524269	279
0.079053710778696	0.661631068732092	267
0.040131749795511	0.864731970456934	58
0.069969263714623	0.52867037379663	58
0.085662296777448	0.741941921500143	58
0.016135880631586	0.850732722344252	38
-0.062467844620329	0.309801502589746	73
-0.084668392973682	1.01989287793429	38
0.105790214475084	0.717697467889795	38
-0.115828256733741	0.773785287864349	38
-0.0357792039975841	0.490121537073595	38
0.113722152018877	0.602189904932526	37
-0.00426765089968095	0.582903111763538	37
0.103722512730827	0.416853788590744	37
0.035098933224287	0.485851519043397	37
0.12153655306886	0.52694964156391	730
0.00365008339661299	0.562935795251131	730
0.076683812949392	0.378655762979807	730
-0.112552391535287	1.23557165752051	730
0.078559622762277	0.749676675827279	730
-0.057749384039705	0.834180711701171	730
0.039993104973606	0.514960196644264	182
-0.016400781449797	0.572237753319214	182
0.00817652654026202	0.338962583152498	182
0.06186062425588	0.357741341499468	412
0.027771951267834	0.742373491775251	265
0.079570145228978	0.763337974722232	48
0.082356238465802	0.628159539523305	48
0.112218928121841	0.491449575009501	48
0.120670097976111	0.476619554338002	48
0.087044106476623	0.441638993455855	249
0.00740307188559303	0.610482479799214	139
0.032815403254154	0.366142018787795	139
0.110036423624627	0.32498366705649	139
-0.083695519206344	0.688785612197766	139
-0.088710684294944	0.703573846540549	139
0.102399525798718	0.117299474519056	139
-0.0677308446591131	0.313690065148889	139
0.118953671862165	0.179834361949081	365
0.036753086259938	0.201820036031048	669
0.099656247802199	0.331815653857026	45
-0.065702660842638	0.31607422553335	45
0.072710625622992	0.41707172853995	24
-0.011695260712141	0.451642364714758	24
0.067548340449791	0.318802665212234	986
0.00117623543193102	0.48252428001632	986
-0.087317882620792	0.237384251320992	45
0.115608465357206	0.186299139240439	45
0.000776688621735022	0.352048086761598	45
0.065489225639875	0.355547728786076	45
0.118120978889795	0.244375655095875	45
0.06236086555426	0.320546678971835	43
-0.068963513526156	0.314828859252295	43
-0.056569727949022	0.290633672465782	105
0.097562209856745	0.115000243967763	105
-0.064597227917345	0.305341471824813	105
0.100016908006532	0.120010510073789	105
0.093889617581682	0.118439499749841	3
-0.053653587195057	0.358827001653956	3
0.083501664502068	0.392384662981595	111
0.018367792610167	0.829297483333388	267
-0.0207746737714249	0.988671257086972	531
0.123354566767087	0.590947111225201	238
0.052797082482648	0.922030848508497	58
0.063290808798754	0.849550199490433	58
0.088677796020536	0.849616322225486	58
-0.00354484317794901	1.04700024821793	58
0.03049571918554	0.923980449102548	58
-0.100148984908403	1.17454361335102	38
-0.018352728007117	1.1938578183179	38
0.025877598476256	0.411269705912165	38
0.018017613170541	0.769205738148173	38
-0.116324475584052	1.3809189809081	38
0.014934540671332	0.898217861891499	38
0.0777523493116	0.433534383076771	38
0.05813655915135	0.715461475650941	1121
-0.050826378671743	0.6591935709474	37
0.00498545190653899	0.507781451762519	730
-0.044506854454758	0.736749627466821	730
0.061802844160068	0.94558449361944	730
0.044368158676903	0.669134990108944	730
0.123464855857915	0.601645564298873	730
-0.086301853630135	0.945703872556395	730
0.026623351655261	0.78063822308428	730
0.097272915516348	0.65688066161766	730
0.123872973350244	0.604124974614114	730
0.030144605017981	0.584906855490603	287
-0.00957000809214104	0.579774229140394	182
-0.039161062814552	1.08901282450278	182
0.058618145560352	0.36437714389542	265
-0.120526671671304	1.39940081097727	48
0.090781206753832	0.486535889128405	48
0.044850432057957	0.707591551668516	48
-0.028685703766678	0.651023545716546	48
-0.048771780950712	0.584357296916619	48
0.094947887254408	0.403735668890812	139
0.099512421035594	0.417615146961316	139
-0.045407935078298	0.699363698281953	139
0.00786619848547498	0.286267021437013	139
0.062725108718174	0.317862420602534	365
0.114780510940388	0.186715900106377	68
0.120849457155895	0.438173574485037	68
0.035638057835823	0.489475669058684	68
-0.00468178241765005	0.465755425283856	45
0.119206353411777	0.2470188515999	45
0.016380379319214	0.275419905166199	224
0.041410591957728	0.200814038540429	105
0.071919056574483	0.253245083916554	105
0.100016908006532	0.120010510073789	105
0.037696326948433	0.205971227736404	105
0.064434435329492	0.341936858030371	3
0.076098312562271	1.0740564470278	279
0.121480553160651	0.64020464340443	279
0.094856478898742	0.719185615272619	279
0.063257582436927	0.702491424654574	279
-0.058314987758318	0.923711435964832	279
0.083942521829056	0.604779984485651	267
0.077220703909473	0.738460904395082	267
0.10401831341822	0.469896997594155	267
-0.00859296311294	0.890547241709827	267
0.110012651534021	0.611681749581382	531
0.033964789102392	0.735033202798929	58
0.055375105647692	0.657542686056916	58
-0.120675064906806	1.48249260350187	58
-0.012486145635809	0.79046408844468	58
0.108816878172987	0.495620868452665	58
0.118600530194889	0.423195172858579	58
-0.113438072792919	1.2283631935312	58
0.064517949325159	0.925569475243218	38
-0.0938484613763429	0.719224232193155	73
-0.011298809011373	0.76462441615392	73
0.00590722352207901	0.768057059738152	38
-0.032081372706232	0.869257949987343	38
-0.05945891419669	0.830315085636916	38
0.066801633102473	0.602142090623657	38
0.038283736044829	0.720836466604604	1121
-0.005663273287144	0.635388364497997	37
0.035975286202201	0.547688897346695	37
-0.00555626145120103	0.587657809316251	1443
0.021826362657195	0.557987058125936	730
-0.062823952151488	0.857394068994548	730
-0.105647623020499	0.787189716656199	730
0.073033142509399	0.729640273281755	730
0.080030677492234	0.610846998566906	730
0.121922227013416	0.622176535883978	730
0.107392381743958	0.615351126303269	730
0.059235197336255	0.623660531431575	730
0.017945468320655	0.900380154189855	182
-0.0966937626305659	0.827505006892985	182
0.064834928603684	0.658341892705081	182
-0.000254062888868978	0.583708746473685	412
0.024420011190238	0.549372588319379	265
0.040669175287878	0.565612752126066	265
0.062187923424185	0.615797249571748	265
-0.119681168245412	0.85834177188548	48
0.082897400478742	0.622310380942676	48
-0.077418222214212	0.880364898023754	48
-0.081135087974979	0.954585641755473	48
0.093573782105303	0.43538226330796	48
-0.0169959355381319	0.607933324417665	249
0.02926527396072	0.418847510806475	249
0.00749662804023299	0.469406068609071	139
-0.035844470826004	0.720487653558002	139
-0.0973712240517069	0.845663831169363	139
0.106199967359928	0.33339755798933	139
0.118135061153962	0.243857274041694	139
0.015652859716573	0.337983200567294	365
0.007749377042301	0.288399075081261	365
0.068874872073491	0.39025435165328	68
0.018334264989142	0.565427608396658	68
0.037479400015963	0.473752599062259	45
0.115371693829373	0.27856388709014	45
0.086704527167299	0.236142016457259	986
0.01396977201862	0.290038552143514	45
0.042354252672471	0.204275509631594	105
0.037553857296827	0.205800202487664	105
0.101208678337821	0.119944633438756	105
0.056717197366808	0.322394542945991	150
-0.06352372527658	0.305960743878006	3
0.090236604042842	0.969877830819968	515
0.116322852008218	0.787107144506453	279
0.072198762615408	1.0017440393453	279
0.016596258492109	1.13158245607193	279
-0.018750639628077	1.0039517902553	279
0.059430194355287	0.688627162007462	279
0.084169395952359	0.518832148526276	279
-0.04910658805654	0.699623258457103	267
-0.029840599737738	0.721824024124737	267
0.085335445085817	0.546950540298089	267
0.048095795614571	0.628576918783637	531
-0.092204136565472	0.772876482513563	531
0.090434570012397	0.543230300050404	531
0.124708941829264	0.457237454820327	531
-0.089759861871742	0.880932805434173	58
0.060425379205197	0.863731250313409	58
0.00907507640497601	0.604908580611028	58
-0.097260399168988	0.955839058363182	58
0.015542751918563	0.585401883337114	58
-0.066007807646728	1.13449419332967	38
0.049887210265642	0.797272630611608	38
0.118244760740724	0.709448082724242	38
0.095008691578536	0.47319606662382	38
0.006404535148538	0.915327142240915	38
0.048746155029991	0.726025760701262	38
-0.070648570952445	1.05168690931544	38
-0.00296707719317102	0.569341631121255	38
0.010063567696044	0.637062240196497	37
0.037788955274956	0.572635786514782	1443
-0.096243377846731	0.814210300364353	1443
0.054779482819119	0.508724171512303	730
0.121890354830632	0.426703515593318	730
-0.0446931066170631	0.590680666785717	730
0.10848497196896	0.419062790767989	730
0.05488367614835	0.454840406394779	730
0.099907652667266	0.585099588566934	730
0.099119065585806	0.611313161712336	730
0.00483329519667403	0.563893014338927	730
0.105376480611907	0.441153658951135	730
0.112098227937355	0.42603388816779	730
-0.0474317237509611	0.916684297530142	730
0.030735397253655	0.92269205769462	730
-0.0879962247828719	0.819163984424285	125
0.071880533712097	0.649870904205599	125
-0.02717008270463	0.60499638223131	182
0.064977530041817	0.419343426774494	412
0.022154177017347	0.609636794574421	265
-0.100344688966226	0.935582114624212	265
-0.061620543947593	0.904301126773837	265
0.00106731530403098	0.558086131311643	48
-0.033975951915139	0.754953641382446	48
0.078723835308122	0.532451618443553	48
-0.0619534090376041	0.776560433921657	48
0.122660598265409	0.492196448969845	48
0.079094933066828	0.439093864128702	48
0.107734358139506	0.296159429066055	249
-0.070439069977026	0.611029309512729	139
-0.094319873514654	0.706816300351162	139
0.033901614250328	0.209068299172667	139
-0.034345395356867	0.551089949286567	139
-0.00448344984692795	0.592613371977059	139
0.124329113731845	0.403427697869316	68
-0.119288963694567	0.705948029880756	68
-0.01615209775913	0.555152033521901	68
-0.096713168016322	0.5486221915169	68
0.032545988567025	0.400826173131312	45
0.117244188086401	0.183076129350149	986
-0.108554086280966	0.466320884720236	43
-0.067951140053582	0.299519779320654	43
0.117118691910661	0.184862759637728	43
0.041410591957728	0.200814038540429	43
0.042354252672471	0.204275509631594	224
0.062640070585158	0.263070278780488	224
-0.0810362962242031	0.234785144539953	229
0.040668314146765	0.203443313791849	148
0.012878154594853	0.289448919179957	105
-0.086942338311315	0.227447584191049	3
0.046316291158953	0.729159989916431	515
0.120854597607311	0.458164678703386	279
-0.016517003279037	0.6247455331853	279
0.000297112882754025	0.879215660045575	279
-0.040070006618472	0.762528240318768	279
0.122610440071919	0.452425946646181	279
-0.039541051909719	0.512023898874354	267
0.044640481729287	0.438852854959083	267
0.076318667016026	0.384057565458644	267
0.019461548596131	0.280696522992423	531
0.117060487086914	0.243299180292514	531
0.010796125416713	0.281562374488883	531
-0.105478565090323	0.460443252040585	58
0.023764645723463	0.386457261937295	58
-0.033768808730939	0.419481021744755	58
0.08883709933195	0.240175147091761	58
0.087099303751923	0.529747259438758	38
0.119114527872658	0.325177148617617	38
0.06580672018708	0.913092361109033	38
-0.051587820853304	1.32696988024479	38
0.00133089559354299	0.477538605205525	38
0.047143922458838	0.659082448341464	38
0.080346943669273	0.405029270624166	38
-0.000805876425322039	0.485018970156623	38
-0.077467470612507	0.870339165259971	38
-0.054705364312757	0.833393484352843	38
0.114703885472754	0.397136600814377	38
0.10117507689098	0.39076853874372	38
-0.014453429225337	0.558913435608661	38
-0.049446910297301	0.742753427385997	730
-0.011339937780847	0.487075931187683	730
0.00119586739786598	0.570431897259378	730
-0.119241876863299	1.17593794589702	125
0.084085359936565	0.446124366300201	730
-0.051246446626894	1.18666261778714	730
0.089565340374542	0.495789195500039	730
0.058384084180964	0.322981812274466	730
-0.023771563188573	0.637334439417755	125
0.024158715995102	1.15347777567115	125
-0.0570011369799071	0.743267028299214	182
-0.0910642237646599	0.551350270977798	182
-0.070400859761209	0.501505278658213	182
-0.065594866402414	0.566430874259846	182
0.072341974969414	0.510823799931598	412
0.054189267559163	0.957829301292833	265
-0.00223369515725302	0.48615435967104	48
-0.074456080613559	0.876817941172044	48
0.037553857296827	0.205800202487664	48
0.045822649045631	0.183531398274509	249
-0.053766351089496	0.362266139541516	139
-0.034076063870446	0.737728747380117	139
0.069381470936526	0.423772238148834	139
0.103732626452163	0.521436855783896	833
0.065689736041394	0.359724557564065	45
-0.015129016021126	0.606948889072732	45
0.073056596341035	0.30487181013529	45
0.063805632296211	0.37627757640908	45
0.094856471977352	0.12045190662312	229
-0.060423766884729	0.295887439284902	105
-0.036186862976616	0.6270171670092	105
0.049912790450796	0.580014289709298	279
0.065035498535326	0.477331600173049	267
-0.0416025882980749	0.634050077116787	267
-0.0563598101419061	0.611063561766476	267
0.10609117165072	0.332476942699193	267
0.070900862520935	0.308605615005713	238
0.105154585988417	0.292143730686677	38
-0.042219658888631	0.911670845651454	38
0.042182766521695	0.713898136628138	38
0.121903444239185	0.429199281715627	38
-0.00677723136910502	0.580200608769145	38
0.099307950310227	0.508775922636275	38
-0.021525213502511	0.703794778375094	38
-0.070067941434468	0.486632034969839	1121
-0.065884665570688	0.488349174364122	730
-0.075441243349557	0.67945767463963	730
0.088678416084212	0.50324197525776	730
-0.045823436370643	0.510485719509945	730
0.083411650638656	0.618449194337202	730
0.07899743839923	0.577095277867029	287
0.047176975552369	0.535153861087798	125
0.096710927261324	0.689372814677256	125
-0.0980618080094881	0.985211736405262	125
-0.103788911216411	0.444758806922466	182
0.013520295163615	0.338503117667659	182
0.094189197306962	0.367606772056122	431
0.073475918147899	0.42142576189642	48
0.079209668276016	0.428768889309775	48
0.118138371132784	0.180447031494813	48
-0.07114862896719	0.378577573850334	249
0.034503608937655	0.536183960376864	249
-0.071185549104964	0.311241560727486	139
-0.079527613956511	0.694883761009715	139
-0.016569252092642	0.562947543483216	139
0.063302736681479	0.362903355459305	139
0.078025842788797	0.339294090955458	139
0.042951525259877	0.505094308674555	68
0.117342704764437	0.345952344139346	68
0.077533054649678	0.260601117249014	45
0.0999512188193	0.114575498016231	889
-0.088451940531819	0.236329240204797	889
0.018171093367463	0.26715868454574	45
-0.100293108415826	0.47040645656939	45
0.040809428220546	0.203219540564102	43
0.102399525798718	0.117299474519056	43
0.102399525798718	0.117299474519056	229
0.070652809575006	0.268888627604447	138
0.040668314146765	0.203443313791849	550
-0.06447902851556	0.307207646680037	1092
0.109132403832604	0.29458614312465	3
-0.08122500793231	0.235766624368238	3
0.122575556408169	0.396715538811983	267
0.076117147648318	0.253053607252456	267
-0.056234632573075	0.384251452688208	238
0.069085593464973	0.387564583761539	38
0.063424577147891	0.760317422887148	38
0.00877736285491498	0.904986726368831	38
0.066669892317675	0.427440386618986	556
0.03032548667071	0.666454320074432	38
0.00689832555310899	0.738648502778518	38
-0.043925280212216	0.520118587106247	38
0.07369808824309	0.47434294014951	37
-0.049642672792528	0.508354784801471	1443
0.042719128511169	0.390610850538464	730
0.025799278194862	0.421945507277185	1940
0.093489271672516	0.609299382303877	730
0.122131861934463	0.180349316264513	125
0.103901680460604	0.381750975573545	124
0.016264060210955	0.277911997289014	730
0.076181518048083	0.255983459399451	730
0.015576671979609	0.33609904888797	730
0.032834687242956	0.775368752405886	265
0.049946160929931	0.559986001368968	265
0.00669434721098899	0.53837825943048	265
0.060799654044064	0.478672910350884	48
0.114532077436088	0.184693605364931	48
0.015177732069325	0.27932688383505	48
0.029374031280368	0.481478661776449	249
-0.085571164016519	0.229847444986234	249
0.025956598851898	0.194993339222305	249
-0.044895324322663	0.63653428537705	139
0.099528185369793	0.324850067786278	139
-0.112129670691732	0.618713184787432	139
0.09710330703455	0.36683588960106	139
-0.088451494251702	0.547320465834389	139
0.082302283390036	0.43059697876087	139
0.031424380577247	0.545634722266631	68
-0.113991083224335	0.725902809318669	68
-0.100805032580133	0.751116526802375	45
0.10608456407206	0.11554947952902	43
0.098530935268423	0.114685501585135	105
0.098824213396972	0.117698428333674	138
0.00818123701896401	0.346066404909312	550
-0.083489572013423	0.234005799423924	17
0.0252959405035	0.425173895752904	3
-0.021194304208222	0.842941935164235	267
0.020655219343751	0.659692948344853	267
0.111217216999763	0.344756812075317	267
0.072029580817919	0.349125833105354	238
0.00186167492663197	0.349031800973569	233
-0.00265058961838505	0.743315436646197	655
0.066781346086378	0.313570068973072	655
0.076514814826089	0.26183685287315	58
-0.012612686173804	0.451020231376638	66
0.12279442892035	0.281917925719607	38
0.030364970806192	0.74469157385072	38
-0.00443394412671805	0.349800185353971	38
0.020013767410082	0.377956549949373	38
0.00198850300591202	0.678550823462555	38
0.036490393896694	0.437957344671837	38
0.10328837032392	0.363949412683366	38
0.074829283345076	0.375148165284353	37
0.100472396109118	0.452113706689294	37
-0.05919013348211	0.684959955646667	1940
0.102791475248153	0.498611836194902	730
0.120347204675558	0.185991676553372	125
-0.062037369042005	0.376230397198569	730
0.109279793125138	0.562473276326357	125
0.010793695966878	0.753586540082093	125
0.011845249376164	0.434431530560475	125
-0.00924295281909604	0.478295936570643	931
0.084762324085832	0.500018550618395	265
0.012999343702421	0.330906443425385	265
-0.0223843211977151	0.681662675438501	48
0.11250341034791	0.324683498437253	48
0.106305454459769	0.113418378970792	48
-0.083302636137941	0.236827924872992	249
0.01631846704279	0.280989652980043	1469
0.121136500876355	0.376402054363513	139
-0.106994510862189	0.471560932496899	139
-0.0379789627380071	0.489604940055572	139
0.00880917939430997	0.387705991333509	139
-0.078664784528411	0.672968875991944	139
-0.051280151153804	0.729284955616484	68
-0.0678698228078219	0.478232330424638	68
0.016710413280685	0.337631339872675	45
0.013193362673108	0.272548061182313	45
0.120101162411072	0.184862881765368	45
0.10608456407206	0.11554947952902	602
-0.0545591353013229	0.362001290053369	138
0.102399525798718	0.117299474519056	602
-0.071946165595236	0.306037531938601	138
0.020859838005212	0.388858189189363	550
0.093660993696916	0.118873844218748	17
-0.021034703256683	0.459907920510227	1092
0.076035374468664	0.378510651051142	1092
0.059885040331736	0.358845287142545	3
0.095041066990773	0.501352764809605	279
0.068618021053806	0.479730294682493	279
0.023253537186614	0.382802229953154	238
0.070791760692128	0.452504885586466	38
0.00097419635462298	0.727451242097638	38
0.011466385994301	0.631760466975963	38
0.049389704098031	0.655308260712486	38
0.117464896011344	0.277592044494117	38
-0.096755058060623	0.843300774011913	1100
0.111969985982693	0.472631327702884	730
-0.053834314937912	0.352421420403278	931
-0.080797881700446	0.85856557446875	265
0.071174576356739	0.69761203073763	265
-0.102958626935742	0.455842795456678	48
-0.068143296296743	0.309503349107289	48
0.075183366904261	0.381960679160213	249
0.120740723585078	0.176318744695516	428
0.025092689844866	0.199477097962405	334
0.097618792928583	0.415228444204171	139
0.033162952320712	0.445012444283254	139
0.109817799520891	0.357679949456477	139
0.00420519828699101	0.26812553677394	139
0.01821274511414	0.56036657397568	139
-0.03689760368234	0.628972140493492	68
0.037696326948433	0.205971227736404	45
0.097562209856745	0.115000243967763	43
0.095084329946948	0.116528257679441	214
0.094856471977352	0.12045190662312	602
0.099049026225973	0.117973999074777	602
-0.0748089657344651	0.219393336238323	138
0.097018108152481	0.115496554643379	3
0.031648736583213	0.422890427813138	3
0.087421611400193	0.810778447204264	279
-0.00284320153676698	0.640137665597353	267
-0.037919290683364	0.617807013561331	25
0.065689736041394	0.359724557564065	267
0.105374351564394	0.325533844021657	233
0.022804141069218	0.384627572120631	233
0.067560057482006	0.359524493774832	233
0.111352215024696	0.318226344432023	233
0.068693476029582	0.381940452899372	233
0.068354229771458	0.389718184177468	38
-0.122388211560959	0.748556124695713	38
-0.017139295852366	0.739796887542133	38
-0.055363204696087	0.5553074014001	38
0.035223822827499	0.74777207055862	38
0.011936240413226	0.596094671358791	38
0.016403199768508	0.53440600129399	38
0.06656481977097	0.383728280887843	38
-0.118720572055662	0.611306338047522	38
0.060766698587923	0.456883901291398	603
0.057156960871457	0.357711859911521	603
0.031851813914782	0.676254329678009	125
0.00453096548501902	0.612988162805715	125
0.00142500072962998	0.657153888458348	125
0.071178668340018	0.56418655899886	125
0.110615458243138	0.351197489704416	931
0.00932469800445002	0.341707063228901	48
-0.064623610090885	0.315979921254306	249
-0.062567553982871	0.301985986222224	249
-0.00115954616633196	0.47986315289436	139
0.110669567518647	0.311528519809417	45
-0.068863563623634	0.353211145291481	45
0.074466644151736	0.344218688741401	45
-0.054273426746462	0.380990134504247	45
-0.08260539956401	0.229726638911107	45
0.038781822781068	0.20517001285253	45
-0.082541730933415	0.227747577421546	45
0.11465638208585	0.18715691528407	45
0.120282453978703	0.183000575454587	285
-0.089398130497487	0.237320459445753	138
0.121299822344429	0.186162945808802	3
-0.044566550604007	1.21926753682085	279
0.038515345604711	1.0543100927973	279
0.030479473371702	0.893808484973141	279
-0.020034658958903	0.817238130020377	267
0.014135088177698	0.598422803414044	267
0.02660684145064	0.584662717596802	267
0.09412203785173	0.394672492724539	267
0.069542169287679	0.414427983923924	331
-0.015858114938593	0.565274432116282	233
0.119035743302326	0.505531373063013	233
-0.123519127807094	0.670235318377259	233
-0.108082644852781	0.559310820097887	233
-0.044749926800387	0.661075002870169	233
0.08428819180792	0.490055706642105	233
0.031809393203386	0.503207326403808	233
-0.093679231302681	0.630345286848699	38
0.070443498295321	0.706215161734173	38
-0.101359839332123	1.1265742236063	38
0.100661563046513	0.552904708056075	38
0.118217772063692	0.612153450935208	38
0.050016986064366	0.788080481507415	38
-0.00363959576278405	0.957696690095493	38
0.035947794912014	0.731905949138523	38
0.029808576801151	0.916302999585161	38
-0.099807862905703	1.27817421776654	38
-0.095586128181497	0.861665313750693	38
0.078620811174304	0.609803112983539	38
0.075155793583904	0.414308708336046	38
-0.0689512237067	0.727392570260236	603
0.053081029587242	0.542887540559792	603
-0.10260587499115	0.745686126226411	730
-0.0896666617498521	0.825774325197096	125
0.018965097288505	0.493390943292383	124
-0.035926454705655	0.617799890819983	125
0.005973474628304	0.467467031721512	534
-0.007675729363669	0.519491362184669	534
0.037474062379702	0.477739488226088	534
0.060216339603065	0.650237865165777	534
0.103630702613695	0.601725482031059	125
0.10038362703608	0.570672970756898	125
0.044137146385846	0.627699469484039	125
0.062493132502627	0.444950159037736	125
0.026936209521951	0.51510359007087	931
-0.108739769267808	0.695886451310142	265
-0.089686705726959	0.929107432522833	265
0.104430145710372	0.49321651626174	48
-0.07123621591289	0.73787766490572	48
-0.091652429362869	0.764951675689526	48
0.094498872428741	0.440257953880568	48
-0.092851251227662	0.644106259535769	48
0.069915031808426	0.445154456468188	48
-0.103619998913807	0.462399264542407	48
-0.032768203580094	0.419772324331675	48
-0.0348500426477461	0.425667273894407	48
0.00978236674996102	0.497664685642157	428
0.102192730486495	0.407083144749674	428
0.110995494798596	0.318221248339962	139
0.07197299757685	0.483196142385161	139
-0.100386162230772	0.835353506851405	139
0.110669567518647	0.311528519809417	139
-0.064616891789536	0.383377429468236	139
0.015471381875962	0.56302371958881	139
-0.0950350238897441	0.748301384387411	835
-0.112071098145688	0.614227379661671	835
0.122423486977499	0.181535288082974	45
0.00347398867388699	0.287122914663175	45
0.122426466987997	0.243574824915405	45
-0.084497995179495	0.231037644513301	43
0.101208678337821	0.119944633438756	602
0.101208678337821	0.119944633438756	602
0.122303703379116	0.181907575563644	3
0.00927888771497898	0.353111341212464	3
0.039667383583647	1.42663876343752	279
-0.096738946650501	1.99761429988393	279
0.078240675426756	0.588705650058744	279
0.039591322903447	0.941363494894894	279
0.088679066224759	0.875998161211978	279
0.118119860821938	0.336297762756959	279
0.119999189645928	0.627253582424808	279
0.033519548165438	1.01096117452595	279
-0.00986177600342497	0.448824673599958	267
0.095184213834905	0.578928261416085	267
0.01615062303075	0.782648713582268	267
-0.079291465522501	0.832122255751203	25
0.061421329471134	0.38745915969548	267
-0.089209484557127	0.233455181887783	25
0.010917490560197	0.276037115764849	1433
-0.055623349606976	0.295443143430728	233
0.00116436537291797	0.347509711029971	233
-0.059202280744308	0.369778409117415	233
0.048913486158008	0.319369000737371	233
-0.0634064217002081	0.306352310248783	38
0.119171809284461	0.238067375746981	38
-0.107053171372283	1.10281634700266	38
0.071975772438741	0.302210123463023	38
0.055493002011055	0.31524661199843	38
-0.100253528737342	0.997909716954645	38
0.048578355350414	0.997176967294071	38
0.034770843571387	0.735917745635377	38
0.00465866554342498	0.877046414650015	38
0.050156527800305	0.791646269038271	38
0.099431601351864	0.336651784886497	38
0.072055709910724	0.547384425313168	603
0.00185063216610198	0.645205234924585	730
0.027422548882212	0.67010205340247	125
-0.016099018504904	0.657700878764953	534
0.123591773822267	0.236368491328844	931
-0.011373728153808	0.677716622467833	431
-0.099763192761145	0.445465297183966	265
-0.0187051939573351	0.955378614560371	48
-0.063537787769324	0.297705421622391	48
0.027272111407577	0.199036397138684	48
0.041854003228057	0.829768704109116	428
0.122950311126005	0.347059220555477	428
0.100016908006532	0.120010510073789	428
0.033076871976604	0.439054789325066	139
-0.011606754509858	0.459345154024776	139
0.047794375498949	0.500020831728472	835
0.03079288404848	0.766149840729219	835
-0.058066679588387	0.30430577035691	45
0.060952345626457	0.431247959369918	45
0.072029580817919	0.349125833105354	45
-0.096452557045187	0.56164574821998	45
0.093889617581682	0.118439499749841	43
0.020976115083937	0.328004315799254	205
-0.0637246957272281	0.488493702947156	138
0.066724413233344	0.31325016406327	3
0.058473437942388	0.319060874043464	3
-0.088330356874923	0.551065418483967	3
0.035338292230157	1.85998600575642	279
0.12064783002266	0.603027361280258	267
0.083239383794014	0.673181850111837	267
0.06243575896886	0.782116590401883	267
0.01243788392464	0.668436926114306	25
0.010759414775628	0.488217793828537	25
0.023169283104627	0.368152752115192	267
0.098309390274211	0.334461413799817	1433
0.031785540198119	0.415468366138307	1433
0.086716257766382	0.244999506086624	1433
-0.067458433526983	0.495791745531013	233
0.064850208043816	0.460240801766714	38
0.082007014191892	0.519556638601025	38
0.078481608968404	0.436778523185079	38
0.08020556262757	0.841234126419612	38
-0.00913446083524705	1.04146573631483	38
0.073611292144096	0.807588303558952	38
-0.021645320619152	1.25439694762381	38
0.030321221697685	0.482429096092559	38
0.074026341368252	0.443516078160179	38
-0.06762428237007	0.852781603864987	38
0.081874914036317	0.460943506430991	38
-0.012893939025581	0.646055164136773	38
-0.061628136696371	0.585716491043367	603
-0.110110519577162	1.1654236308193	730
0.10706170044698	0.388637799918788	125
-0.066937671594986	0.3116202310015	125
-0.123498606053293	0.987156601388877	534
0.035292670131043	0.533176249611394	931
0.104461123745472	0.388986162803376	931
-0.030120990287957	0.414309279766617	931
-0.094850667285648	0.460666514666917	931
0.019051459915883	0.378703081916466	931
0.08107300775899	0.36875755887818	931
0.100975058200001	0.496231361350488	265
0.036053993847968	0.798238018037337	48
-0.074857876253653	0.978760769894605	48
0.092232805591424	0.352088443862317	48
0.006117662961242	0.355055168760127	48
-0.0422599986879501	0.581458870998304	48
0.037696326948433	0.205971227736404	48
0.00642301611337898	0.279535744207984	48
0.038551687485727	0.206310802197901	249
0.034579295683378	0.199682655568057	428
-0.0261595540705401	0.914283083186581	139
-0.061199532926723	0.753815765460358	139
0.04696454755852	0.456749319337007	139
-0.10133885897942	0.918176556872571	139
-0.11067417498229	0.834712920423803	68
0.027886210454897	0.705389489774482	835
-0.103682532625478	0.81764405193788	835
-0.085856183452259	0.626464488996376	835
-0.038292933050433	0.42144645178546	45
-0.00969810989313902	0.434085587878429	45
0.10608456407206	0.11554947952902	45
-0.00503732644654198	0.421352116670073	45
0.079786309983991	0.395104912876864	45
0.064656272611458	0.315126494178403	602
0.063879946829389	0.323428116982852	602
0.10900422883453	0.328278091476086	845
0.016149899589559	0.537579403415603	3
-0.075797437025831	0.686640968711279	3
0.020387010423221	0.524498537102402	3
0.094063602748621	2.1628901069075	279
-0.069996458537204	1.81321871413765	279
0.014676673747148	1.28944452516342	279
-0.00369448547316298	0.642025000258126	267
0.106173921879863	0.414628171908498	25
0.052711122527247	0.488274696441766	1433
-0.081674517413447	0.668728511973947	331
0.123502362296492	0.343283835666041	233
0.025913405280265	0.779032514337857	38
0.109601486001457	0.610730090741056	38
-0.088323764702257	1.18542053127801	38
0.043918960859752	0.978489347248233	38
0.043890179952899	0.791202018347336	38
-0.03183971465405	1.03756228524641	38
0.107099021409718	0.516047103705498	38
-0.016337569629684	0.860656232321885	38
-0.056973138654196	0.752439857512293	38
0.072375872794746	0.547297079010708	38
0.065967460881104	0.600158420557022	38
-0.083621507871262	0.635334363982913	38
0.015575422342906	0.415742361202171	37
-0.092240889939956	0.639993151468491	603
0.071453860364017	0.464803240113828	730
-0.0352904715922731	0.495376976317345	125
0.012147017878351	0.79887241399264	125
-0.00948840764864001	0.695656245387007	931
-0.118551420920162	0.99593122584854	931
-0.025238595571893	0.64047045433062	931
0.08215689420089	0.467460595951298	931
0.065946885617938	0.563910488440886	265
0.024098294890264	0.525418947436922	265
0.068747514556274	0.65187218271133	48
-0.115011002443399	0.944136282391176	48
0.116711290165102	0.53524580207099	48
-0.105269697787164	0.557852737089901	48
0.109544526568958	0.290302815447444	1095
0.098746708621943	0.476661304283017	139
-0.0739658245360451	0.485354502080119	139
-0.110028949202918	0.696133899174851	139
-0.07257062962162	0.649572739808215	139
-0.049036114580276	0.521737672464109	139
-0.072344668348349	0.609345459618148	68
-0.046991402043055	0.778293336897295	68
-0.014415928407017	0.555177754972383	835
-0.111996537267092	0.814247038374144	835
-0.102431176521237	0.55625376511573	45
0.037696326948433	0.205971227736404	45
0.101431964186917	0.115380333186248	45
-0.060215859669308	0.30453727724719	45
-0.093234931902205	0.231028367138366	45
-0.088263717869818	0.238387595906777	697
0.039866591080225	0.202943212324465	602
-0.080277868342256	0.22934105361967	602
0.00859842801066002	0.283290922379595	602
0.00653340321684398	0.288454236807508	602
0.03944198686062	0.198350070328571	39
-0.037924268232613	0.424281632112051	81
-0.010389978825877	0.440013525390872	81
0.053892783894791	0.322757141906076	930
-0.071157080022027	0.381149107031336	141
0.074510448777945	0.268117431065801	141
0.109395082840322	1.18265328188427	279
-0.071870662092982	0.657153071190527	267
-0.00356894586228596	0.546708436350594	267
0.092536692789359	0.428116899132271	331
0.090567527385875	0.39632342235674	331
-0.095767660357632	0.748733377632699	233
0.088856666419813	0.43253212852094	233
0.076834286011155	0.741178515249618	331
-0.077240946581482	0.946686456145341	38
0.026803658381778	0.858698190133023	38
0.053200342380778	0.947222965556465	38
0.070579936572642	0.66816367606463	38
0.090307300955298	0.585814808628665	38
0.077634798219409	0.409865853906768	38
0.05611326839784	0.766292259527141	730
-0.024108558274321	0.526026918916607	125
0.031289150348536	0.420257913366435	125
0.115392170641835	0.787264927145676	125
0.024079913755564	0.683873741105924	931
0.067474214837699	0.676782277473462	931
0.023148741532076	0.806014873021255	931
0.060526257184275	0.679699229493102	931
0.045532385689265	0.666517083970353	931
0.056772400041638	0.630124033888293	931
0.090574364127162	0.496072602132195	265
-0.06359005110074	0.635947708604303	265
-0.030437375330084	1.01403842579357	48
0.068717470392602	0.357280734770843	48
0.064871219966261	0.348127733414648	334
0.118494918086713	0.481417000852032	139
0.020660402224236	0.629281205713167	139
-0.099584721215336	0.777683776493848	139
0.040020595177559	0.548540609114648	139
0.124880874362968	0.444303842425168	68
0.098903196359743	0.457133743534986	68
0.074535930111764	0.603623544757126	68
0.020377584415466	0.568389060031498	45
0.096124424054373	0.222012164907218	45
0.041314673416722	0.194824013101817	45
0.03515746345339	0.4254596716306	45
0.018256675684936	0.281118466485825	45
0.038781822781068	0.20517001285253	677
-0.040728894070242	0.433200161135699	81
0.069673661201724	0.304906730583237	3
-0.011571818796437	0.451254806274139	930
0.02018278320061	0.27187991567395	141
0.00512404423304502	0.475296722793474	141
0.058407427851222	1.24588577669932	279
0.06748226773943	0.806316105132145	267
0.071771697770068	0.306587785180764	267
-0.017068380070815	0.564746498535813	267
0.060149607925813	0.548790636977826	267
0.005614140274665	0.632896464062615	267
-0.062329754554016	0.797032728430835	331
0.121329541371902	0.671494882044695	331
-0.101769840004255	1.26284112474093	233
0.097467210496151	0.627685219800411	233
-0.106841848022092	1.06103047259576	233
0.045226965010259	0.613948614745107	233
0.032588250828312	0.683103960376895	371
0.025568280683841	0.725570767225098	331
0.07257152997164	0.910810691555515	38
0.074884120486554	0.262903243200753	38
0.056159562246576	1.02070393418283	38
-0.029559315297179	0.72455715627642	38
-0.0548962625474631	0.924320050876875	38
-0.063391940698995	1.33753122499407	38
0.104791931701075	0.812294786892149	38
0.048727361646406	0.862821244749457	38
0.099763821957915	0.419985757801539	1100
0.100140647683377	0.426127941980725	38
0.039825842607304	0.66696324717926	38
0.085769880472572	0.565280779770745	38
0.021145909280719	0.369883649901632	38
0.113263296072117	0.449110221620153	730
0.05208767328637	0.59817324124266	730
0.090883449620387	0.786726994816461	125
-0.102026444521498	0.761299998378797	125
0.113263296072117	0.449110221620153	125
0.086344755189349	0.496882197301482	125
-0.00746862235979795	0.822436083821954	125
-0.069960014242746	1.081258173988	931
-0.039984136506364	1.02530281938584	931
0.06557699970789	0.386932575756259	931
-0.047215146347214	0.599099239332749	931
-0.0693670235459271	0.578334599658059	931
-0.020580453599613	0.608095559699884	265
0.069511796932049	0.696252358395548	48
-0.0782459842446021	1.00905080688194	48
-0.012427989272952	0.743567894992249	48
-0.00431232969226103	0.485885688647743	48
0.072804502076985	0.442502854792527	1095
0.122521709586275	0.346536468357881	139
-0.059855461178319	0.298040811468472	139
-0.11216593817871	0.933096766078673	139
0.00992732911272198	0.287483154644558	139
0.07057835264413	0.350031676941318	68
0.044374249130671	0.642919866770354	68
0.031726236428579	0.207803441974487	68
-0.106573038202296	0.797519035021478	835
-0.0243095122477141	0.534675927266603	45
0.066310163244391	0.341460177532649	45
-0.068801115459698	0.380582561823847	43
-0.066506690329768	0.305004470365024	205
0.119333131688538	0.182282413888035	205
-0.085997278453428	0.232044715046486	205
0.117758935701685	0.18579244427824	602
0.016147649088182	0.27715705428069	602
0.010674665448521	0.280521944517367	930
0.099049026225973	0.117973999074777	3
0.029829102730688	0.449080827963097	141
-0.120375007544511	0.61137609999349	141
0.042213502720723	0.203026867879198	141
-0.00695785392278703	2.07358306445161	279
0.041818400524314	0.473739289044385	267
-0.0265765250055821	0.66794382651939	267
0.120073691216898	0.596483187654376	331
0.080595936392598	0.623960966593024	331
0.065756261129159	0.747799132275784	371
0.087725060773998	0.631700849028092	331
0.049722609931803	0.992060341617804	38
-0.071624538538773	1.00079738117237	284
0.116910630596348	0.965723544828422	38
0.086716459335975	0.922297711169703	38
-0.025579601071665	1.20767643866294	38
-0.102369813261123	1.13119601065896	38
0.070291307428006	0.452607188729091	37
-0.048854236002383	1.06646752069655	730
0.068529655160714	0.441247360491065	730
0.087378095947046	0.745825917700385	730
0.103328578390066	0.678249498697939	125
-0.064557797874777	1.48446790954943	931
0.041988966817966	0.624128906886587	265
-0.0703518480716741	0.842512387654687	265
0.116280611234147	0.620347531025071	48
-0.041750960951994	0.712966513154321	48
0.093552753966639	0.46070344663317	48
0.096206129260349	0.473236755060598	48
-0.046211599723944	0.629984030667612	1095
-0.044206528131677	0.619732357748615	428
-0.0413598686686391	0.629729757925465	139
0.115045086216192	0.604355168579463	139
0.090156790728006	0.579506495948607	139
-0.117773701936105	0.605825783480116	139
-0.00370504844852104	0.881849500015219	139
-0.016900048004645	0.658661010073196	139
-0.06555239267191	0.306580134507208	139
0.030782954552569	0.207505912692939	68
0.019344335875693	0.280933409101806	68
-0.086292223157368	0.978376439211655	68
0.068101492402785	0.262271332789347	68
0.114733061959942	0.314520630504427	45
-0.020229691417991	0.453208940616536	45
-0.095135657059232	0.546654784567884	1599
-0.041120977934743	0.424258195440815	45
0.121111794377736	0.179141647091449	43
0.042354252672471	0.204275509631594	794
0.100016908006532	0.120010510073789	205
-0.073353227483454	0.304623779476568	205
-0.069913808683402	0.313119974154828	602
-0.068014840359115	0.313546390856079	81
0.107927644807347	0.29221516080147	141
-0.000261499533373955	0.418924448289687	141
0.021167053049045	0.418587997830415	141
0.013116774021993	0.288921964121577	7
-0.060360706696613	0.54589229097657	7
-0.124683273242453	0.835686131346299	267
-0.109901291430836	0.953494785926017	331
0.068179240901291	0.645366098895517	233
0.104402080718933	0.598465597938656	331
0.023521103517319	1.1916817812504	331
0.056405091014392	0.932755821751405	284
-0.039484496844056	1.1932426544213	38
0.095016712409722	0.801546025036497	38
0.08232742722192	1.14301657465606	38
0.05123413515547	1.07359417445084	38
0.03160692206483	0.490949834066082	38
0.054964244221234	0.451722891513435	38
0.067742704134297	0.665271313756516	730
-0.0892809969517801	1.19563665034571	730
0.067080124783857	0.598094655173125	125
-0.027949651102661	0.942641494566255	125
0.078023461351509	0.782672163072425	125
-0.108993965652126	1.17219107173463	125
0.085354232737604	0.630422820195143	280
0.00538183550621901	1.05576767598989	931
0.104837102719931	0.416220335351151	265
-0.101347213827407	0.88179032922343	48
-0.072391302948466	0.807613825605016	249
0.061429372762437	0.481345239713722	249
0.120659214565191	0.627973796369938	139
0.036843447154921	0.378636725309277	139
-0.039862055344274	0.932669779960265	68
0.107317578306402	0.538887334028311	68
0.039757660510417	0.444747196353488	45
-0.0416605418743981	0.506200856011463	1599
-0.00987337203435601	0.4439768887272	145
0.100551419702578	0.357926886975422	45
0.096203115968927	0.456627265540678	45
0.121398742574191	0.241417964167068	43
-0.057242307275117	0.37297545232847	43
0.011988691527179	0.284799745342619	196
0.031040024391465	0.196147843238279	81
0.118712197794477	0.183374419341836	81
0.017118402415364	0.272918331062532	81
-0.093349695811496	0.64219287768028	141
0.103367485671149	0.114346150555686	7
0.037553857296827	0.205800202487664	7
0.023014488143145	0.389660674510525	7
0.060616275323565	1.36224294553489	279
-0.03039294975594	0.97877193939453	267
-0.00334090362066997	0.842909879828965	267
-0.00828353712382901	0.445100385912808	331
0.039643722112155	0.433939582135276	875
0.06511105803976	0.398556078826345	331
-0.024194758888865	0.448531100918845	331
0.060482336863726	0.358191751351412	331
-0.053441606355261	0.72373030799625	38
-0.050578883436999	1.16448772597026	284
0.00256541813827199	1.14645483763783	38
0.118366330512551	0.655573705315093	38
0.02024493946221	0.657411963181332	38
-0.12208743744502	0.747153151199089	38
0.022885354661994	0.653397475328437	38
0.048532841753045	0.534406837320923	38
0.10715451813433	0.463794628691001	38
-0.050705143900618	0.508421048790937	37
0.12263029284291	0.547154291573177	37
0.086582182833578	0.662300594285597	730
0.110643195107218	0.35655311985742	125
0.073846515929873	0.668761817178454	125
0.107617868887142	0.385447767345241	125
0.114697320973585	0.838374107891562	265
0.017503033019123	0.520364474786381	48
-0.020760689045201	0.575222189980768	48
0.054305578206247	0.754619328688737	48
-0.108816264676423	0.612484118891754	249
-0.066563483935567	0.493176537040619	139
0.01332005928076	0.883738044593424	139
-0.092741599358918	0.991020034055324	1101
0.05479202192564	0.528112685049174	139
-0.097476509406087	0.864455141788667	139
0.076736165581122	0.41438953823299	139
-0.052513873099029	0.650858572968154	139
0.052555229336295	0.526747763064239	68
0.00871781723554699	0.287594042751951	807
0.070465309635795	0.353831319607391	45
0.011002513934158	0.371280065356042	45
0.040325365549594	0.200397334614641	45
-0.08122500793231	0.235766624368238	43
0.038639775260826	0.206266317114601	43
-0.116845641628497	0.509483654863962	602
0.031871319204596	0.208938791074023	81
-0.08179655502848	0.223027013363486	81
0.013298900222718	0.373280499442782	81
0.101763539863773	0.409317369261577	141
0.064962134336854	0.322672051951055	7
-0.050826264437059	0.603359586654167	7
0.024919678987662	0.730979738660177	515
-0.058257949507482	0.374613003977085	267
0.105266479646771	0.357859262674225	267
0.101921007867713	0.728876730764408	267
0.022527488673702	0.844715856374998	267
0.117113552732043	0.381580074869598	267
0.064785985755579	0.424002249991302	267
0.075142019075677	0.301777001575378	267
0.061654059065414	0.351800499252886	741
-0.010654860885162	0.451883260200191	741
-0.049440067809798	0.367599347213297	25
-0.067191742187187	0.493829161854785	331
-0.031582565500253	0.424735849165972	331
-0.000164861868513055	0.356676894965662	331
0.078678225137408	0.26259505048812	233
-0.00433407869220004	0.353177629429992	331
-0.110656442533185	0.644397455007954	331
0.123980858479337	0.51358605805831	38
-0.102228039228538	0.460686406315464	284
0.099130796439219	0.846789424242941	284
0.103063696110162	0.741068618578979	38
0.005958965176875	0.471963858426288	38
0.00285057958482499	0.479770657142203	38
-0.056528446326396	0.543317537255374	38
0.079630133547205	0.515760911804678	38
0.03191529279804	0.557609194920132	38
-0.06897588461835	0.559737134901694	38
-0.043921109222822	0.617524023335063	38
0.112408877455432	0.371448640879394	38
0.06596784953796	0.594239678739251	37
-0.064597227917345	0.305341471824813	125
0.121449543272597	0.644665833671294	125
0.086015038918517	0.747762005305112	125
-0.077240699395032	0.665150107072989	265
0.01890349333036	0.328370271839149	280
-0.076785378459204	0.929229760328379	48
0.123709969240509	0.181681585450052	48
0.109025281388138	0.183477362947398	48
-0.064494446582208	0.313383378753647	48
-0.065723972939714	0.370515300217974	139
0.11446354017319	0.181312165443546	139
0.079717180659238	0.470768915828626	139
0.104761829210315	0.694168199917728	139
0.01006312585176	0.542962493732579	139
0.12009968193094	0.550745378278759	139
0.028133833306072	0.191589496329161	807
0.033191475972592	0.397818289425012	45
0.063537840481133	0.488689068026474	45
0.100240956796967	0.117900473796604	794
0.031871319204596	0.208938791074023	39
-0.074712513172472	0.583005275002389	81
0.070586741982016	0.415816282175147	3
0.051170065007682	0.523471868971206	3
-0.030300004085223	0.544364722353582	141
0.078325843891532	0.259703655124405	7
-0.060825395625954	0.830063024361047	7
0.115795343305052	0.429417094863551	279
0.105863813236374	0.808820653345156	267
-0.107338071835148	1.26245335485477	267
0.099999302534441	0.330091219821512	267
0.019344335875693	0.280933409101806	331
-0.055166148379219	0.37953665388416	875
0.073900555668895	0.261278348340013	875
-0.100592004794299	0.456672517656466	331
-0.065238764269526	1.12117679482215	284
-0.071880976593987	0.735715036675084	284
-0.049317927651542	1.18753522915005	38
0.013160798872233	0.518325851424407	38
0.107310093934545	0.433250951982497	38
-0.023810981733743	0.625853840275407	389
0.00895188276933101	0.497851806202327	389
-0.00677399219566499	0.57786575687091	37
0.123679931515416	0.428273510917969	730
0.015627175187146	0.341537131270202	125
0.081413770019005	0.254130779678942	48
-0.087317882620792	0.237384251320992	139
-0.102068630373444	0.815490731228456	139
-0.020316860286532	0.82093312044708	139
0.0773171318532	0.736129341123339	68
-0.050951851127813	0.802820370351809	68
0.115668815379411	0.654907411673233	68
-0.107634284901001	0.702120974994324	45
0.100240956796967	0.117900473796604	500
-0.116887746008089	0.623185754663944	28
0.00935916698057698	0.349008138809799	28
-0.083302636137941	0.236827924872992	28
-0.052370953718335	0.5916623748783	81
0.115213617090357	0.322499836550818	81
0.008799278536888	0.553155029004989	3
0.088987529957205	0.402646670966908	3
-0.037503785269657	0.575162944606347	141
-0.0873298186837021	0.636557322567514	141
-0.079532057234967	0.229463646148963	141
-0.123525270532069	0.844451809641442	7
0.102137497844556	0.421929638370867	7
-0.122480580191689	0.86934801710293	267
0.014142411760122	0.85338464645635	267
0.013566579201939	0.63406842832352	267
0.056958551637998	0.517428877285242	331
0.072254272451495	0.68868480283917	38
-0.015746799191605	0.814997087073553	38
-0.096898270373121	1.06024043398493	38
-0.069156774557903	1.13249667448378	38
0.00589334944766301	0.727496034514274	38
0.046296825289483	0.595009706529805	38
0.016411294638033	0.626621070292535	38
-0.031051317684382	0.624230681900702	38
0.109383176810684	0.380845007268288	37
-0.096744558225565	1.10481342486886	730
0.069751529346145	0.522369738259367	37
-0.024074708506068	0.525926068663621	29
-0.059005681642256	0.927841659178812	125
0.048183955555465	0.636380684416077	125
0.007795708156492	0.642759035771592	125
0.047677832824423	0.653733292630083	280
0.053122992169804	0.555283322650879	48
-0.021038433620186	0.791491310930161	48
0.068170010996692	0.481309157308884	249
0.035304801563655	0.567281912408352	249
-0.111704517895736	0.617230395022592	68
-0.105657623920431	0.687444165064591	139
-0.089263875274018	0.625614413717258	68
0.04371201754003	0.605777950710592	68
-0.074751595974741	0.727850253857497	68
0.122232940036049	0.406887556101426	68
0.01919417235756	0.391664928008721	807
-0.109110168202146	0.472478199710051	45
0.039583430306176	0.204237090917593	591
0.013017540358165	0.274676257989934	28
0.122882401619702	0.178979599996992	39
-0.0321160658098369	0.396549576678907	39
0.038497819001063	0.203789734806858	81
-0.01718923746598	0.442607993543872	3
0.077533054649678	0.260601117249014	141
0.065897786050444	0.302562098495401	10
0.0855425261613	0.242675620570083	7
-0.079937096787517	0.517625457250328	7
-0.02912554064424	0.536299471598173	7
0.038409233560029	0.201646713791609	7
0.04758659405445	1.91455107608406	1067
-0.027778336284455	1.62465396164331	1067
-0.071447111546148	1.75235591978148	279
-0.0164515878345159	0.808198218152077	267
-0.068039313152455	0.78792466409132	267
0.115408194208687	0.445162839136814	25
0.016532197168655	0.604802123835568	741
0.10267801906751	0.391994779884131	331
-0.000462643382433958	0.515436473995657	331
0.050620342329582	0.53008629193557	331
0.079827856976931	0.468858733295727	331
0.061216838644601	0.547949124914619	331
-0.038950172435836	0.843928648414418	38
0.066195727453202	0.538747509432467	38
0.074573314010713	0.830469403239246	284
-0.107615912663844	1.21559787727121	284
0.079877117658093	0.660897680226148	38
0.026576226116179	0.760796222421656	38
0.121708794931818	0.679021993849032	38
-0.078900998640958	0.93514077584822	38
0.021721812897084	0.769039005364497	38
0.057097851189582	0.66229826589858	38
-0.00807438100096103	0.694430552398235	38
-0.035622304068038	0.675104343203205	38
0.084870789104903	0.521042521389973	38
-0.044405241449879	0.579023046749615	38
-0.097476509406087	0.864455141788667	389
0.000663709076124008	0.519533854916918	389
0.092731191446255	0.543065839532822	37
-0.0449647509475381	1.14495055461023	730
-0.044684248862851	0.554200983809558	125
0.072657800299598	0.383305395633691	125
0.106692687996255	0.5015890193505	125
-0.00678746408736697	0.809572369701198	125
0.075454744384519	0.683821058688314	125
0.087807481612974	0.692722300830822	125
-0.0430690448027909	0.57346555647109	125
-0.00693939281617395	0.63980603814927	280
0.123210764919557	0.466396553957022	280
0.00387653219510498	0.708141612506223	280
0.113051314032482	0.514057778899189	48
0.121777121875894	0.341935753424283	48
-0.0959864959248829	0.563438326876835	48
-0.079463173416321	0.523197264846742	48
-0.014454453748143	0.45272900006039	48
0.122364433701668	0.24035359537679	139
0.061054417677989	0.636679270448439	1281
-0.093954319782667	0.924702896602237	1101
0.122303768206164	0.374412463436946	68
-0.100740696914002	0.680454021808075	68
0.046229215112936	0.497233752360564	139
-0.074782399243982	0.664054751281412	68
0.11429561643462	0.468176873937706	68
-0.00289078931473596	0.579075590435341	50
0.081856202233357	0.257107175292356	50
0.013509127277178	0.344794543136899	1103
0.075165335137436	0.257209430833364	45
0.018374734500031	0.282152856428861	45
0.0999512188193	0.114575498016231	159
0.044381999657707	0.202679925180319	591
0.026977506007763	0.203553757328831	591
-0.100850699298742	0.443628595119236	28
0.10608456407206	0.11554947952902	39
-0.088075513848056	0.232243373946371	39
-0.08122500793231	0.235766624368238	81
0.00189589406584301	0.338893444514401	81
0.00503759589709402	0.338089499406936	7
-0.081417445665477	0.61208423432069	7
0.01458262671301	0.493033607097596	7
-0.022562669784411	0.556042309229785	7
0.099683639141806	1.25997907785092	1067
-0.101512569911037	2.21017845799099	1067
-0.011808434716541	2.0821987397591	1067
0.023615704533636	1.48490549298626	267
0.080931108689076	1.18433218124009	267
-0.025685829211743	0.760301617544381	267
0.024172530932912	0.628889831882681	267
0.044225647911581	0.5231736841351	267
0.096823652225134	0.456100185404016	741
0.013973315254512	0.501457296311537	741
-0.122575479990502	0.653907868776261	331
0.101610047438903	0.37980650507703	331
0.031648736583213	0.422890427813138	331
-0.088499328224819	1.01832565433554	331
-0.043717484250633	0.520834104666169	371
0.102636665498985	0.490573470473928	38
-0.097035942149287	0.732743418632911	38
-0.048944586589301	0.725301826786428	38
0.028139899071439	0.631265781103659	38
0.043741867669064	0.474704919739219	38
-0.00234256163603497	0.637019473166098	38
0.034021872042803	0.76611786088338	38
0.097274928903834	0.563611174628572	38
0.0831988520395	0.606845622659788	38
-0.043754685818016	0.588475654904192	38
0.001899352334576	0.548894796120637	38
0.100564500275542	0.367080600975287	389
-0.105034761332027	1.0031256786139	125
0.073351749918922	0.481869624682078	125
-0.023584628490291	0.958969368512011	125
0.07525602776208	0.600675916595364	125
0.095346398116974	0.526211336190543	125
0.00234212068193401	0.781118195307051	125
-0.026922152353302	0.748118269358643	125
0.057973071201214	0.393847115444628	280
0.023599216303037	0.719704538241084	64
0.00606309209678202	0.346867572965916	280
-0.012412699754492	0.718269040594987	48
-0.047674044840646	0.592177540440364	48
0.099304937171747	0.505718307840894	48
-0.063744452775187	0.295042085391214	48
0.00456816169233298	0.286938862185413	48
0.117759800142773	0.282471802145346	48
-0.062538552020642	0.381870829079164	48
0.070269190663812	0.265556124830997	48
0.10111499199214	0.294558826341225	48
-0.035423772947963	0.501200161522387	249
0.071765838693969	0.255166881182571	139
-0.045143130485794	0.707093559633631	1281
-0.112552497014119	0.753811140278864	1281
-0.017357676009216	0.573940528104474	1101
-0.00342890841643795	0.347084811325234	68
0.065063824017161	0.404622548875772	68
0.062694259093245	0.394951447454225	68
0.101748592997136	0.345182953226683	45
-0.102084266003461	0.470368499056555	45
-0.120079066300023	0.609258218620155	45
0.118384691279066	0.178674980413968	81
0.042257856003487	0.196980559438474	81
-0.062538552020642	0.381870829079164	81
0.00446857943002599	0.27415036469175	81
0.065325865235887	0.262861989073419	7
-0.066984597771106	2.01550510601502	1067
0.122766856900877	0.449005424309506	267
0.05415247505019	0.716506463588676	267
-0.027555275660434	0.899197768763587	267
0.054321278302634	1.15839977459462	267
0.049984768059476	0.621964996678465	267
-0.049715781366691	0.714770595183814	267
-0.090225865327876	1.07427811584437	267
-0.034022923958694	0.603468255799749	331
0.061807999581973	0.421370640795967	331
-0.05353917479065	1.10057594823512	38
0.035532801448622	0.640735697705549	38
0.107590075962841	0.794953124235399	38
0.020085271724456	0.780806987283611	38
0.118936497741315	0.769419542458409	38
0.04026669920501	0.757965647801547	38
-0.0116904523311741	0.664325489634926	38
0.086505504918974	0.745332894358986	38
0.061505912012588	0.520081191112475	38
0.120358718235258	0.510577353930703	38
-0.04698898403995	0.913224136659823	37
0.046003920633074	0.744885773296432	125
-0.058676283054274	1.62917003964644	125
-0.048152958991184	0.966791334171177	280
0.06329111213899	0.584441443757784	48
-0.106633144028901	0.448789152258521	48
0.065980513050473	0.395192537939902	249
-0.042643761397166	0.963429954178608	249
0.067679956483809	0.674665827518234	139
-0.0204651507128339	0.451713003718264	139
0.123438682675579	0.237968942821512	139
0.061107728972463	0.604949758586006	1101
-0.115221389819714	0.735221288014365	68
-0.058244933303057	0.681817016025684	418
-0.051558155977198	0.696918501249245	418
0.042949016380456	0.539624254882203	68
0.082850201174396	0.741033254324742	68
-0.105166164113958	0.672936774423952	45
0.063136664272819	0.514226803061901	45
0.095352845448118	0.505351659273877	45
0.102742922573752	0.392368310036827	45
0.042354252672471	0.204275509631594	159
0.039779090018646	0.200510609805517	159
0.093889617581682	0.118439499749841	591
-0.0914798158471321	0.228087817639609	43
0.075286073197518	0.374444536343327	43
-0.0753468821246061	0.489796195871948	81
-0.001393769382802	0.484109456721356	81
0.010899167883487	0.287246186010641	81
0.121353351206443	0.182752495784492	81
0.112928457160744	0.340067551502285	81
0.041799519647906	0.397078576623939	81
-0.053400511813248	0.416940334283861	3
-0.063756732436817	0.48630109587882	81
0.031582249960708	0.506224711392673	7
0.081258475174268	1.96060637652137	1067
0.092754995907935	1.81010843839586	1067
0.062464952730761	1.87358893872792	515
0.066737508412706	0.992420132323325	267
-0.054411968582849	1.00868108636146	267
0.074854300823485	0.826864793927451	267
0.108470532009286	0.329655042732613	267
-0.027462388153943	0.538340882081545	267
-0.0531898686889431	0.981887719760229	741
-0.052094605651955	1.01466387633791	25
0.008528276457543	0.818636115172537	331
0.119357572302014	0.532560959533184	331
0.032128931676923	0.896036821874173	38
0.097901499172258	0.55617740526605	38
0.03977125400007	0.408851322156507	38
0.033732126867857	0.452939817878207	38
0.00204050578005999	0.560024150928034	38
0.023759063795239	0.651264043063784	38
-0.090299748528478	0.805994990046298	730
-0.056658087304038	0.991686011521149	280
-0.053562429600988	1.01753458868411	280
0.0941539965837	0.519743459549279	280
0.118737926195222	0.314753315784957	64
0.042039034445028	0.390117133008217	64
-0.095593008522938	0.656627897423276	64
0.081387319040384	0.634408708545697	280
0.100740678773712	0.522083809059183	48
0.078471843657063	0.457206937897974	427
-0.062335851634773	0.789932372720803	139
0.064171654458818	0.485732177503607	139
0.063954270935259	0.322248435587135	1281
-0.026278215774959	0.542421848920557	1101
0.111184638434095	0.184316954965133	68
-0.066506690329768	0.305004470365024	68
0.07566762813164	0.447752229850856	45
-0.063356684427346	0.491097956951266	45
-0.0705044325166641	0.500306571249906	1103
0.065571837931723	0.308660773550095	1103
0.022489920634698	0.268206781281558	159
-0.085571164016519	0.229847444986234	28
0.040809428220546	0.203219540564102	39
0.104893456811117	0.115628390955747	81
-0.0312245540295461	1.53829114829414	515
-0.043125775756902	1.18051461974063	267
0.059904429103125	0.568199008459006	515
-0.09716568789142	1.32035928812157	331
0.070382324564244	0.805830890333551	38
-0.106837685010648	0.984719455548287	38
0.036180810205617	0.908716647347813	38
-0.00815625275061604	0.447236021496961	38
-0.08030744077388	0.703784191584633	38
-0.04965142560146	0.598380497501994	38
-0.061289351463132	0.550456659022134	76
0.013156794915609	0.493010674907412	76
0.074603343772472	0.578203093560509	37
0.0000892555684219865	0.933690460366565	125
-0.00437392011378601	0.591016973792894	125
0.070986869841864	0.353366108030942	125
-0.100363263990504	0.466540367526316	64
0.113633834175524	0.500352544461611	48
-0.095962011051818	0.807702138546604	427
0.032407350174033	0.668440567198784	427
-0.025238595571893	0.64047045433062	249
-0.066756743112976	0.477959398846626	249
-0.063794795672857	1.01753763048993	249
0.071287588976776	0.264276840617753	68
0.018505605858043	0.187064001741191	68
0.030928551547844	0.204706831153891	68
-0.102011475134536	0.466932762910107	45
0.062951559619966	0.456274314985756	45
-0.077047033591277	0.500694814933612	244
0.018608326070034	0.411605854353009	244
0.072582676904633	0.384350136335571	244
0.064670073341199	0.31181786205613	45
0.00677529899048401	0.285736269760089	159
-0.086184619732495	0.236123322786976	106
0.099049026225973	0.117973999074777	81
-0.056873086234611	0.300309053515181	81
-0.064774878027586	0.490761641416607	7
-0.00498759402085902	0.433996421736953	7
-0.023890094838648	0.454586299070078	7
0.037608647882513	0.20711353772814	7
0.078759229268583	1.84269056372152	515
0.065177587616063	0.971674682356367	515
0.065084893974701	0.442240768253511	515
0.032244714720153	0.916012921100719	267
0.123673039680199	0.689809180123764	38
0.081799368031128	0.399762364743371	38
-0.048445291670827	0.653453770260231	38
-0.0784796240364	0.94980134888986	38
0.045905182693858	0.472884603805059	38
-0.039122714595913	0.627220265872619	38
0.123514080089453	0.24287820052469	38
0.060117357527859	0.633610452364636	38
-0.054679117313201	1.13385431499899	957
-0.068668602160042	0.73136510075907	38
-0.121102177432907	0.652477373308532	38
0.108868194371592	0.510989565299766	76
-0.116735879131597	1.10347519729695	730
-0.012434468784606	0.503051224787482	37
-0.048232269941027	0.52446708692997	125
-0.116705976209562	0.627036866466407	280
0.099740996211348	0.376391763212294	280
0.00127895252931998	1.04444044144137	64
0.111163328147034	0.281286290023334	64
0.115512159663563	0.341223781300699	64
0.016661363985291	0.533736574564848	1101
0.030635278330455	0.421883323830497	1101
-0.068014840359115	0.313546390856079	137
0.100240956796967	0.117900473796604	68
-0.041501253227732	0.581515216340443	68
0.121111794377736	0.179141647091449	36
-0.083044372546371	0.682180077735982	36
-0.114287338326147	0.836912597966762	36
-0.123833612332733	0.831099819787172	68
0.058403404219201	0.317775373492352	45
0.04424217516909	0.198701429250084	849
0.064901015060074	0.31117291095482	81
-0.109449529315806	0.461998384442011	7
0.027382137341492	0.674663694948638	515
-0.079904219291944	0.99578890295446	267
-0.061889535335828	0.803965258946621	267
0.103653932529616	0.897553520012053	267
-0.023690807275628	0.530610829377923	38
0.040948482099729	0.478580764251729	38
0.020156123117601	0.390900277633415	38
-0.00265131827002396	0.584210230411085	38
0.016613495135723	0.331217334708252	881
-0.015886785030477	0.696132433774788	38
-0.034758177658155	0.419525324247651	38
0.00686841367344498	0.665144451172393	37
0.094208884205796	0.498448915278947	76
0.061760162272581	0.479405040864798	730
-0.085154636237357	1.34050777269515	37
0.074121112747073	0.894907102284486	125
-0.060300711974975	0.512113855035726	280
-0.050213986369632	1.1449268114523	280
0.014024777259099	0.934608849046881	280
-0.098202352808367	0.613227087645544	48
-0.118090946517552	0.998814291656978	139
0.106861333742868	0.356887215086796	1101
0.036522335852647	0.207297817123143	418
0.105115108051097	0.11587423974745	68
-0.087130100884153	0.237118284594784	68
0.080061143498152	0.432228844923371	36
-0.120508014843182	0.615690727905052	36
0.080357910698528	0.257215224171048	736
-0.050399910947049	0.349705876137232	45
0.104035474737042	0.409310623269828	244
0.00606309209678202	0.346867572965916	543
-0.027486662549049	0.452074087660825	296
-0.084684593287582	0.233409320972883	296
0.101669496418565	0.392532489652143	515
-0.0701496502032209	0.493887094478101	1147
0.054344819593172	0.927813990907279	25
0.000657798014588984	1.02376581485094	331
0.065351727152768	0.877062671931687	331
0.027138685988238	0.554574168914885	38
-0.043430673408112	0.434116101242743	38
0.063602737907204	0.389381392318231	38
-0.014890195510759	0.724604034028355	38
0.094108250532895	0.404783786495865	38
-0.063766002539993	0.563531421859638	38
0.048357678121421	0.458109680828555	730
-0.078281395296945	0.803191748387488	730
-0.029737738339882	0.66725456623283	125
-0.068610273120157	0.547585584933954	64
-0.121846250900716	0.629925597351914	64
-0.04122707546674	0.618982894883518	48
-0.059569042727315	1.02654719140957	48
0.108369635459442	0.355030068782642	1101
-0.078813794031539	0.574206013256155	1101
0.122303703379116	0.181907575563644	68
0.034283591628648	0.54298997946526	68
-0.101058038489116	0.711848228021155	36
0.083773099006954	0.366399892545136	36
-0.00461967941108499	0.608531864926303	1103
0.00825941752640003	0.543191981010004	159
-0.044743888832505	0.505358631555819	296
0.071692036465372	0.346362986464002	296
-0.061522099687644	0.380190314132824	296
0.115731854933365	0.187487856053893	296
0.12350754349332	0.242745326891321	849
0.101208678337821	0.119944633438756	10
0.097562209856745	0.115000243967763	7
-0.099275117500817	1.50400167233332	267
0.039942468353388	0.814949916732872	267
-0.11448784404049	1.18648048362015	267
0.025150232658741	0.735944371119855	267
0.051899817624209	0.773646565419557	331
0.031795458705576	0.980126606407313	496
0.010104417989469	1.11532695346134	38
-0.026418650154433	1.0949848814771	38
-0.110352955268826	0.926555707330242	38
-0.00538948224288005	1.02944148007669	38
-0.078928143927033	1.11055437677352	38
0.123576940358053	0.669510858362226	38
0.106463440649668	0.673797746460495	38
0.095997523147378	0.451855827220965	38
0.090421325653373	0.445727429967386	37
-0.091478613586696	0.86755762709488	37
-0.066737164894828	0.952328796711979	76
-0.122492414463174	0.987085070347663	125
-0.037539356827422	0.961952036824672	125
-0.108773514423853	1.23311759089358	64
0.077211788945854	0.472007118976544	64
-0.109183144919876	1.40456676064341	64
0.089881736207108	0.493729428960287	146
0.115078476918476	0.411056076296129	427
0.070964447968452	0.444062795660433	427
0.040870800354296	0.687269799611206	249
0.025560717812351	0.628954074682114	249
0.123569370509402	0.52417943346755	304
0.098366380984785	0.387293833639059	1281
0.017123955108374	0.282758230312041	137
-0.0176505093992519	0.441537071626768	137
0.011435052164173	0.345586359534767	137
-0.034281244997129	0.428156349580238	137
0.107370534094369	0.375152449935485	68
-0.071946981804873	0.783237728948074	36
0.036497107631046	0.572501936322481	36
0.057180765882181	0.360400469618308	244
0.030273797175019	0.37101773381166	244
0.083672578691893	0.343133843615129	159
0.02390851004595	0.379340724910219	159
0.062684453300664	0.354165224781235	296
0.124903594959521	0.182012025006066	296
-0.065987679188536	0.307513263284778	81
0.119193404424687	0.244707761116713	81
0.093660993696916	0.118873844218748	81
0.114962660520183	0.291796164284053	7
0.073801450112501	0.263821135664735	1057
0.093871497847781	0.560303220251927	267
-0.074631020389954	1.02192914052189	267
0.113584426885181	0.626502401853156	331
0.076411059130296	0.818775694347858	331
0.112086131733773	0.638592768126788	331
-0.027647982423385	0.678971371060624	38
0.08915590913083	0.464419715693188	496
0.106544750429322	0.603809174306831	38
-0.055518606762969	0.905150061735222	38
-0.052807488401347	1.05611371245382	38
-0.000139098748093036	0.671526283251667	2227
-0.096347435163504	0.741125753839811	37
0.032825013804521	0.636979753849839	76
0.092466481313358	0.724337726181369	37
0.101699106591996	0.665705167921025	125
-0.057391643059692	0.961729206148124	2315
0.072767146587327	0.385716568545947	64
-0.121231592511206	0.86691450571585	64
-0.01935008339109	1.14809965035655	48
0.103351704116027	0.553642127753183	48
-0.027798393216885	0.651223960663636	146
-0.034448335962462	0.541954737061582	1101
-0.01949216567165	0.446873798128596	1101
0.10448534009539	0.318647543864073	36
0.106965407509187	0.48901645619291	36
0.032346872311138	0.575829611963773	36
0.116177550077348	0.518175560782183	36
0.034259945339335	0.465002297977833	1103
0.050402936513329	0.485485199291675	159
-0.098418730991417	0.456664983439944	159
-0.063498558177528	0.378061063576994	159
-0.058428259642251	0.386813306072484	159
0.00719899703081101	0.351884505430336	1068
0.076546532652395	0.265512944430924	159
-0.056873086234611	0.300309053515181	296
0.025459459491772	0.405166733598734	731
0.105464663298177	0.740969345283697	267
-0.094298659093745	0.545177063828264	267
0.113868524982432	0.661973780528045	331
0.011019531374001	0.920290456880142	331
-0.040049987653199	0.803112740231215	38
-0.014881338830562	0.725936101630237	38
0.011492025653249	0.639509454000152	301
-0.060212672686881	1.0681719432744	301
0.023773967911304	0.382745334417078	496
-0.0354387430491711	1.16369036042201	38
0.117306778560973	0.283622779370995	2227
0.014220143139159	0.494459281213574	37
0.055555466801071	0.519197266446693	37
-0.059909728092775	0.74657393001531	37
0.124084842773493	0.42244932844075	37
0.00700169767126802	1.10955993697658	37
0.113141270849358	0.621790548418392	125
-0.014241741146471	0.633285961104568	125
-0.000364489027962045	0.510267465884901	2315
0.022081211594766	0.939956394929091	280
0.00853375217484298	0.758278465247857	64
-0.00919468694633296	0.747235749677643	146
0.036647073673281	0.875338885575696	304
0.08219833761128	0.385138109772934	1101
0.108465137021644	0.401993137233056	1101
-0.0643609961455181	0.304766926988457	1101
0.072127724149804	0.375973207866715	1101
0.028360724004511	0.195176790423022	137
0.035579181345031	0.203763845482922	137
-0.080093915239182	0.23379307948698	137
0.114310336198884	0.522705324586202	36
-0.117488554376476	0.839452870775087	36
-0.0775253747704721	0.808917964251373	244
0.062808805810316	0.316695773742817	2251
0.017976766404383	0.383120602780107	159
0.01396977201862	0.290038552143514	1057
0.019672148559994	0.858885943554754	267
0.073912223523199	0.75526562265076	293
0.11044080628584	0.906338678474526	496
0.098903233558557	0.481414043036564	496
0.095757267106891	0.588087675069241	301
0.106192213229504	0.358292392161116	37
0.026990344738569	0.699612984981083	76
0.015853427117155	0.818034719530823	76
0.034388341672784	1.05293393228962	125
0.123061485312495	0.720940802067806	125
0.071479322149303	0.829623333355064	280
0.091720989872135	0.46538368783727	64
-0.035903259747248	0.820407907381272	48
0.011801246748064	0.672775365564494	180
0.11817214764183	0.528455549470065	249
0.081208982623067	0.458093493558106	249
0.00884324697970101	0.286515705357266	1101
0.100550185551761	0.283940803900106	137
0.062334795193174	0.30970482515336	137
0.116880646920808	0.495281527123226	36
0.106199967359928	0.33339755798933	36
0.049657159039171	0.419997114504574	159
0.071377344364576	0.314629111385809	159
-0.068713375221286	0.493813464814206	159
0.062871660365441	0.323002776317477	159
-0.034549726945567	0.420155156219981	296
-0.087317882620792	0.237384251320992	296
0.117125389700363	0.287182396450427	296
-0.081473682900374	0.228536111693798	296
-0.056696604866002	0.370748186930681	2264
0.038133260713089	0.445049795552297	7
0.101208678337821	0.119944633438756	7
-0.074990552195786	0.217557573405758	351
0.071757897145845	0.97824170657645	267
-0.114330897550358	1.72122040660517	496
0.004226172518486	0.279945746483218	301
-0.00155480747102599	0.930793665030067	301
0.00813705333770798	0.510871498511438	38
0.098470986552066	0.716369223728172	38
-0.0574094752217	0.982179254636816	1451
0.102516936028459	0.421147513811897	1451
0.028105442659966	0.418267121272333	2227
0.043600848968427	0.410182040421195	957
0.029533261173318	0.614500405843495	76
0.06534556504234	0.620307441537345	37
-0.063924159966344	1.31228083493663	64
0.116512401930711	0.282130472095631	64
0.088701114287242	0.797656341831402	48
-0.022844728299232	0.96574051003505	48
0.00898589343439799	0.714740085696902	304
0.12149619632178	0.231186482565789	1101
0.036825411500762	0.519562672294431	1101
-0.036764649224728	0.40581640834981	137
0.037609792652227	0.612414885761963	137
0.01575410124617	0.614770165983414	36
-0.046594987446666	0.501328634217081	36
0.120251080430973	0.244425325371958	36
-0.0653923174469651	0.640163197758326	36
0.118591204171446	0.179051132302135	411
-0.08122500793231	0.235766624368238	2264
0.015294896044662	0.278162213902786	7
0.034368135901626	2.49580042479353	515
-0.092637648469599	1.37338978133468	267
0.123924051660744	0.599772072001654	267
0.114437227817669	0.555282401689158	273
-0.054938814511928	1.28389549449305	38
0.033755809604537	0.91541593260853	496
0.049881815601506	0.689542708106486	38
0.040464655362828	0.964271853442339	1451
0.019252914493357	0.707920852767385	957
0.119736347308349	0.508046379208316	76
-0.075132202618887	0.883977785561797	37
-0.110659103750863	1.12931620272514	125
0.022146777524865	0.926538565335132	125
0.070937440079671	0.778906727727552	280
0.059266633474044	0.604494341195177	64
0.033078406687082	0.841248361183448	280
0.112382866095709	0.81295963705375	48
0.049006754901948	0.557396917101261	180
0.0595773932882	0.486925164993059	146
0.023131701954217	0.697967564028577	527
0.071711909107287	0.535895817698949	527
-0.072174345970594	0.834784593466906	1101
-0.117427392607654	0.692161931962442	137
0.123502362296492	0.343283835666041	159
0.11010534681553	0.184583845238524	159
0.015294896044662	0.278162213902786	159
-0.032192613751116	0.415938254241521	159
0.011386824247256	0.342559473393019	159
-0.035539896836005	0.41542579298007	296
0.103709709723131	0.291693251461763	2264
0.030097749512996	0.201241505156614	7
-0.113682841118489	0.457898526960845	700
-0.086267158576657	0.701419886874989	1147
-0.059048625020023	1.03162502303371	273
0.070100322979163	0.897574032668875	331
0.04612518622531	0.844602848859174	331
0.078952728570286	0.596297759976128	293
-0.0914037881391609	0.552795259691941	1159
-0.000164861868513055	0.356676894965662	301
-0.055705367948292	1.37694311108623	1451
-0.123191561786488	0.757689696660484	37
0.009544841158586	0.693072507250712	76
-0.057399746193585	0.699304208082732	76
0.073822945409536	0.610082328323572	125
0.016305919194517	1.01890123550287	64
0.08573773928055	0.843474678638645	64
0.124889921914843	0.622358787316454	64
0.086881009833052	0.409048124230078	64
-0.070810163083462	1.22603258303882	280
0.030782465051078	0.918635864643239	280
0.122876674605576	0.577490184597607	48
0.044891816117592	0.845389909854684	48
0.087215846953442	0.636702713376916	48
0.025017107510835	0.589541203288059	146
0.049760410083766	0.646131446517512	249
-0.00574549481701903	0.485702568503699	527
0.078130023146384	0.526433368400543	1101
-0.053571462988785	0.788947207063187	1101
-0.052999758242091	0.78038950265245	1101
0.111184638434095	0.184316954965133	1101
0.063602737907204	0.389381392318231	1101
0.122442561639491	0.274165310970393	1101
0.099130262121242	0.416665548761867	1101
-0.059965023684913	0.386927154172888	137
0.047705693158822	0.604746038769476	36
-0.0168332714987141	0.588536952941069	36
0.044118927551964	0.531488495900463	36
-0.054722189318824	0.576614374915122	244
-0.037023182703976	0.401073127628308	300
-0.066651265961307	0.315444208824148	159
0.013851170720425	0.28555713885778	159
0.010945330676795	0.276416604647118	2264
0.100985188417207	0.116902087174144	2264
0.105730146165985	0.359511235576962	2264
0.106500970425397	0.320421021287625	351
0.053186213488584	0.67071782768938	267
0.120252184085485	0.649016942770704	267
-0.090247598391749	1.18350949745873	25
-0.031063079681745	0.978723607646554	267
-0.122728940657521	1.26831634042282	331
0.10196805023109	0.66314517577343	273
0.029105280946998	1.00219240156554	331
-0.094404851869617	1.04535601481266	331
0.082139606280704	0.691483058790977	331
0.08078985601507	1.0060374192021	496
0.109720152068187	0.495951471594247	1159
-0.09063825141842	1.36235547165833	301
0.120660716846229	0.799691880912895	38
0.031488894304165	0.911155636166517	556
0.11329013656347	0.453277627089561	37
0.103093386349364	0.564199751267718	37
0.097787864111214	0.619146024312831	37
0.074626343714174	0.587542235637707	64
0.020624158746644	0.603603583603783	64
0.103016725849368	0.751559625316154	48
0.039293580667633	0.683687501947367	48
0.00903826892801102	0.671626459962159	48
0.096012653004667	0.563653185407315	559
0.059413506535889	0.316997040143908	1101
0.015184438133595	0.719457608606319	137
-0.069660957515672	0.806888555045444	36
0.00580529865573298	0.279096925425891	36
0.120293044841916	0.371284592800309	36
0.10220465656718	0.359918979557512	300
0.062070405303005	0.35318373411469	300
0.042495091630087	0.200038364753643	159
0.00980887678164	0.288149721009537	296
0.009250321262946	0.336578294490794	296
-0.074697344537348	0.308606940927582	7
-0.0445103000485631	0.586515665484309	2264
0.12244463317079	0.242057074651275	7
0.084256560052328	0.110986704959488	7
0.026760273939849	1.32693919192848	515
0.121884464104841	0.453038349409621	267
0.118338368087591	0.408640813759056	267
-0.037223253742831	0.545288855783407	267
0.091802430740707	0.524127140099996	267
-0.100433615841371	0.8353720073848	331
0.107561149555144	0.462903942688579	331
0.062567460553566	0.450687228027623	38
0.077487992726899	0.72657730576935	38
0.069441967338132	0.548487005196448	38
-0.056013633828268	0.997396268573554	1159
0.103597676848723	0.433615136053077	301
0.118669429557437	0.615146716430552	38
-0.112062767966068	1.00703134625801	957
0.090389385205626	0.449527879734851	76
0.118291772775425	0.56018571787792	37
-0.048019777708144	0.997342897422124	76
0.052876387593508	0.528799959705098	125
0.107258814248653	0.585590736611595	64
0.093786049319578	0.87514868560755	64
0.068553682802574	0.720520321824115	64
-0.021502618991836	0.689862011584061	870
0.116527214320815	0.553597407200476	48
0.017768381071508	0.961886525115414	48
-0.084923178067016	0.592804942579698	146
0.029309219108608	0.744548979930782	427
0.037463656888181	0.437451428551227	527
0.102758325083572	0.415973302523097	249
-0.053872814207254	0.928618122314036	1101
-0.032624136438818	0.741368429531634	1101
0.077322016320987	0.401877403729659	1101
-0.064835232213833	0.725602679020396	36
-0.053179674931442	0.672437878628002	36
-0.076598562886831	0.30822008420469	244
0.048695936610164	0.422907902907895	300
-0.083302636137941	0.236827924872992	159
0.058306394350203	0.326081529334552	159
0.047701391647943	0.409369831272385	251
-0.091147417708994	0.56045591593333	2264
0.082557815208744	0.252584804121293	7
0.025331787819487	0.479203049213587	358
0.003356524521959	0.537511722199725	358
0.117880498807963	0.184506992886859	331
0.034190191960754	0.19824118541581	331
0.00589893203584102	0.266017008208901	331
0.013034352060711	1.33633653977008	301
0.029521408994235	0.373277065819633	556
0.050662926404466	0.473606862124241	957
0.070299769720545	0.297338756257378	957
-0.028162117803202	0.661679396428937	76
0.001860490255637	0.482081127746971	76
0.00711365775204498	0.342335316219834	76
-0.0772707280223141	0.227526798569944	37
-0.039782097627545	0.687281361876306	280
0.02124099043292	0.408551419497509	280
0.115855070153313	0.185888522895754	64
0.040973965679944	0.714144035184763	870
0.094106989203161	0.329065210092711	48
0.111959799434211	0.282097133993796	559
0.115129145502227	0.174879507080908	146
0.073414068107935	0.961749678369973	427
0.031871319204596	0.208938791074023	249
0.093889617581682	0.118439499749841	527
0.026588665676004	0.895328397816529	36
0.093907619859728	0.44526210539806	36
-0.119342371524844	0.613802076545877	36
0.080522859606287	0.626271552602595	36
0.034590319904455	0.733521672168767	36
-0.0864988450067971	0.225363822143249	36
0.103459956154833	0.796201824200024	36
-0.083901425410979	0.979571885929681	300
0.102731648332164	0.113836810049806	296
0.031871319204596	0.208938791074023	296
0.031726236428579	0.207803441974487	296
0.074347658032066	0.633418021093012	7
0.02608371668743	0.191933405972328	7
0.043591482115717	0.55404929343221	7
0.00196150706172998	0.784999703997381	7
-0.0442907014844231	0.424045387891702	7
-0.059184309954494	0.59144692520169	7
-0.020000707069713	0.731046917814565	358
-0.068955817587005	1.11386034994502	267
0.025888359198456	0.375664210859594	331
0.017865525172757	0.385083327571066	331
-0.0688771681834171	0.382727985196994	331
0.120280732528526	0.282659354282163	331
0.115731854933365	0.187487856053893	331
0.114714975596202	0.183697756311341	331
0.082260628043222	0.565638396363525	301
0.031678392734526	0.879634187032764	38
0.047052533801346	0.508556774248459	38
-0.00581138923347901	0.54945511897719	38
-0.076365149320957	0.585929806332709	37
0.044020253126952	0.620505192365737	37
0.109913585459605	0.345128541303768	76
-0.030500626127924	1.19970089829743	64
-0.086836003329262	0.622447708845748	64
0.116757264832881	0.515282423247641	64
-0.097367367742705	0.664338537353703	48
-0.068418630326225	0.571429644812624	48
-0.096307284693929	0.454634884547893	146
-0.057953070877151	0.382402695721024	527
0.044731276119146	0.992510791028089	527
0.082215162173664	0.502083804085308	249
-0.122443919899984	0.774137604880984	1101
-0.084332905383567	0.862574565621666	1101
0.047195742668756	0.633340873397725	1101
-0.01857741962482	0.902390253164704	36
0.088073515905468	0.681226704442981	36
0.013298811043371	0.503608754036923	36
-0.123948018350407	0.393776611203237	36
-0.082130235647518	0.538987571488513	36
0.041269333643695	0.203819925027964	1519
-0.106522136832901	0.588354670084554	296
-0.058345078251556	0.682323854483268	296
-0.0372915820085969	0.751490566828518	7
0.123099888685299	0.334238736480665	7
0.015041846231279	0.503028355819612	7
0.094597764083872	0.820518030341092	358
-0.110649403300315	1.87927351122331	358
0.067582943805344	0.531323221713529	267
0.096965293503339	0.32063314495823	331
0.07215382030197	0.29861646525481	331
0.122940287171056	0.308333526046859	496
0.069934732095216	0.580848843233057	496
0.098815486337021	0.46654196070749	496
0.109262294010457	0.7546498111258	301
0.038204157723294	0.974312823119512	301
-0.021252844478617	1.00038288897522	301
0.092256080180548	0.458021279773166	556
-0.115678078318955	0.944325610305333	957
-0.116479315083623	0.605774951779001	725
0.102478852296999	0.389236018313891	76
-0.060670778031837	0.605074091503852	76
0.082037581898505	0.593666851436959	76
0.054078580492531	0.698532986261838	76
-0.092240889939956	0.639993151468491	280
-0.07714759383647	0.578699130818	280
-0.0501714528680181	0.883473837610055	64
-0.115910594778296	0.613763153004584	64
-0.067706565079888	0.958340753186299	64
-0.012997055617276	0.70286637306829	64
0.09338156741619	0.393936168149368	48
-0.0350535686555981	0.428162248862574	559
-0.016464939216536	0.434203451557856	146
-0.035777283375254	0.422155683495702	527
0.091433366294116	0.569765673711695	527
0.114865609888823	0.526948307623155	527
-0.00798029453834304	0.750717136610391	1101
0.051245009114768	0.611598170352504	1101
-0.099886217379451	0.82039123213975	1101
0.036178326058018	0.607682852132982	100
0.013248269016789	0.570750773381261	100
0.08404704660241	0.557876755691598	36
0.016623465748201	0.728640583579989	36
-0.072337293397902	0.719523276725789	36
-0.065833074944235	0.311301897637495	36
-0.094562329969593	0.226709085152364	36
0.074634977711643	0.463048375539464	7
0.015970481584006	0.476851936086379	7
0.084358536740632	0.387133666489521	83
-0.084298196700488	1.36974532881121	358
0.100758539237107	0.658502145056247	358
-0.101665425923346	2.35975622584859	358
0.082002778261875	0.991524469029217	267
0.020787920385722	0.563111148766677	267
0.124537855920399	0.392203427164268	267
0.062453080874869	0.351641249247008	267
0.096779932910263	0.402122718754386	267
0.071623440276723	0.635468987447737	331
0.10923588033135	0.296921735466033	331
-0.107067692521647	0.472673475114585	331
-0.056585089119422	0.468851028074745	331
0.00288692706128402	0.348814113833058	331
0.02602837584618	0.472638201381168	496
0.07787629499014	0.609444195206219	957
0.053873319298079	0.902828394417179	957
-0.108353758939882	0.669122748130204	725
0.090493441165012	0.529665569522704	725
0.081827250944746	0.49391714566737	76
0.075829648467041	0.509189652130427	76
0.09818413376026	0.532607760143766	76
-0.019483220805852	0.459837056318028	280
0.069661665441362	0.836161073703224	64
0.00932221643588599	0.507746316182929	64
0.004288781998395	0.477310190509563	64
0.080841447796097	0.434434662285895	64
0.016386026862818	0.623084382452703	48
-0.0972752709224159	0.21864307444868	559
0.122253321679307	0.184352763871985	146
-0.062240183005722	0.305203915491668	146
0.06714981516671	0.261973009824887	146
-0.069092786837423	0.313649817293797	249
0.066127988197467	0.516944878714601	1101
-0.023880532694789	0.84920959647257	100
-0.0938596702572671	0.84727099740606	100
0.020253253581351	0.589274032100477	100
-0.020257284837765	0.88593310980719	100
0.097999830571602	0.389122380912708	36
0.04170023083227	0.920250379490707	36
-0.0722885816707129	0.734466568386016	300
0.010098540879158	0.270662636116998	300
-0.078963614002717	0.228301508749056	704
-0.05675321663019	0.371308896014283	159
-0.082169064587061	0.236774202358555	296
0.05018482223745	0.375337911729788	296
0.065749602086841	0.256458143490035	296
0.043553605686048	0.545882369280956	296
-0.105375358339475	0.721950910309985	296
-0.099688841287744	0.463437373923185	7
0.034770822032403	1.91181618442597	358
-0.00946984974231002	0.994014602785219	267
0.05195216164846	0.643111552877684	267
0.063277230289135	0.605619902897121	331
-0.04520232040386	0.781965185974323	331
0.036744402384701	0.944483930263099	496
0.092057635983012	0.616565452626356	496
0.00249396488112702	0.832928773724287	496
-0.00844670571321904	1.07113516504872	301
-0.09443292267479	1.44142453137822	301
0.054248918863167	0.735881583881336	556
0.024350778435992	0.697265320319045	38
0.051415871502037	0.773063500826355	957
0.119613489195201	0.6468945891468	37
0.063296954176187	0.630611280610872	725
0.118497726843686	0.43638235986192	725
-0.042477270734843	0.78071949856701	76
-0.024330070879597	0.595858912166543	76
0.075296954056968	0.475331320484115	280
0.074441229790543	1.01887439763497	280
0.095291833444627	0.811368371884299	280
0.105383547032982	0.562010682919528	64
-0.076638066831792	1.00489507875502	64
-0.038616152707363	0.852529739954501	64
0.068770758116363	0.50522194451132	48
0.019302740857098	0.516486295194138	48
0.072891242594839	0.41312391765109	146
0.049390149489899	0.850149500620749	249
0.022141869692369	0.42120274212027	249
0.114713385067719	0.530712182061488	588
-0.114776828920575	0.847695546604717	100
0.07332372624597	0.415334342511705	36
-0.013650536393908	0.755009518614214	36
-0.00788798365422905	0.607789367840998	36
-0.109713023812555	0.465053598454189	36
-0.046210760436436	0.692535587665845	36
-0.063680258485436	0.470742490719737	36
0.110231231750084	0.183609853776424	300
0.00604461712405802	0.347928889816607	300
0.067827507504736	0.394271502330261	300
0.083424271615028	0.456885162776299	300
0.03944198686062	0.198350070328571	300
-0.0592372802675421	0.290115839645414	159
0.00250031616841301	0.285069856125307	704
-0.053546713586011	0.371031787307834	296
0.110844839489368	0.291968159822136	296
0.078341724940176	0.253432640299319	296
0.065380007835478	0.319981573029139	296
-0.043631424116839	0.421702509675766	296
0.012443827445837	0.343134856662021	7
-0.11066676323826	0.613552230175362	7
-0.079598211264317	0.606914754163767	83
-0.079279025722008	0.686941914947059	83
-0.081174566453568	0.659689091843957	7
0.072543187264724	2.17393579512559	358
0.046124370282321	1.06521691512613	267
-0.0708850512293781	1.3251724189016	267
0.042044889473116	0.846707733413669	331
0.057732065421201	0.912735077543328	331
0.07142960033296	0.759922827995366	331
0.110992323419817	0.79006927158429	38
-0.051917856405341	0.496617136212415	496
0.012253156902892	0.69447190522137	301
0.018789703307464	0.707939109265159	556
0.062913376410636	0.908999549934535	38
0.045306291139895	0.791484078713737	957
-0.0777586230919311	0.669124765890588	76
0.071728707009484	0.642095437219444	76
0.08867434341871	0.710210684364385	76
0.051755189935129	0.499219967269284	280
0.084172375063276	0.733680448833034	64
-0.027117961705597	1.12218561701515	64
0.096722258366211	0.333759372712642	64
0.067169401892249	0.487071910023876	64
-0.00535733035155195	0.62617612439442	64
0.096437370314417	0.357145930728233	64
0.065894760438762	0.320580386506278	64
0.055726844677552	0.554723169600343	64
0.00173820534783098	0.688446175293386	64
0.085218589439599	0.750300157655603	64
0.108133524690588	0.711718056578158	64
0.037555778500754	0.853674205231579	209
-0.00175880458626598	0.862445026251529	146
0.008219863175566	0.697773850653755	146
0.095730495084062	0.53584205336651	318
-0.076891078890003	0.794666541900913	249
0.011590477824409	0.500431004465581	249
-0.072741576966169	0.476251035767644	36
0.118240690634517	0.397175851984235	36
0.091434315891022	0.434691417080717	36
0.06987772090508	0.399791956124909	36
0.109186358402615	0.369317531341562	36
0.098086107124719	0.332720503318748	300
0.067247302570369	0.339857448390486	300
0.061244866586918	0.25556038490069	1141
0.014208650520608	0.279575570941452	1141
-0.087130100884153	0.237118284594784	296
0.122882401619702	0.178979599996992	296
-0.070302029821312	0.304191609046719	7
-0.016439195291535	0.43771358338949	440
-0.0593443553069441	1.13311506235868	331
-0.030526173940334	1.01307573248523	331
0.054483168810363	0.954364600843205	38
0.113801500651543	0.346874404409837	496
-0.030037448090764	0.652247890264925	301
0.010570429398668	1.17281646904263	38
-0.0825459615622251	0.752966119593724	76
0.045310125289102	0.471498686246256	37
-0.07457612496527	0.727706729894646	76
0.00376870483397401	0.645559996778127	76
0.047347960275979	0.528418455953492	76
0.08884922623167	0.587816520180134	76
0.032440432070505	0.984092958200276	76
0.00180659767770802	1.0105168640668	280
0.113173182011997	0.705488787187368	280
0.075817506632632	0.834766832430065	64
0.052639819978864	0.613127422583136	48
0.038424002181926	0.550704614950623	48
0.053656860235532	0.712538743706443	146
0.061812090693275	0.616813141175415	318
0.02684561331442	0.693696066174779	249
-0.00721527932666899	0.59674717214691	249
-0.065702660842638	0.31607422553335	588
-0.124534480284747	0.663574839465678	152
-0.089209484557127	0.233455181887783	100
0.033901614250328	0.209068299172667	100
-0.060091070562933	0.30808608672788	75
0.038355954634717	0.196683204867785	36
-0.00321693521709399	0.514419762923644	36
0.062684453300664	0.354165224781235	300
0.045822649045631	0.183531398274509	300
0.042354252672471	0.204275509631594	1141
0.074149584051832	0.256915064757472	1141
-0.03097458798717	2.41844939022315	358
0.039663476866684	0.942206898558862	331
0.023333243938497	0.920590531322954	331
0.071534187789167	0.983848348998902	331
0.114134043255622	0.644491990460854	331
-0.051747520440089	1.18691475708716	331
-0.062378288309687	1.13816411989203	851
0.071959660439117	0.666207400715924	851
0.00209935865939498	0.517962475236105	851
-0.066655232201259	0.480846078314276	496
0.043568989757572	0.394734008613315	301
0.017446075469607	0.376362974730715	132
0.113797539702022	0.400185000379697	76
0.111535935592572	0.451281925297201	76
-0.084610999294616	0.69980434346158	76
-0.081723523917099	0.987376613144936	76
-0.016745703387842	0.75659236423617	76
-0.098725830647012	0.682484972683021	76
0.069703499550105	0.503015263611729	76
-0.037323342104833	0.50266216377328	76
0.111144529721776	0.563242832823233	280
0.09700273477188	0.712699092664451	280
0.104586833869534	0.390883241616119	64
-0.07999332711434	0.968199545110778	64
0.071565833619762	0.810708284107446	64
0.088995636261181	0.568378965325202	64
0.027607236830219	0.417409509959314	64
-0.0674876120028119	0.556913401875607	209
-0.040520927544345	0.961468859104936	209
-0.088506471494464	0.890675971576966	48
0.103867097037319	0.393686926385276	249
-0.00637393563464705	0.469341930621061	588
-0.06116524717311	0.307436200901771	100
0.039779090018646	0.200510609805517	36
0.00758436733460299	0.506282183445989	36
0.003592205066762	0.457376871698589	300
0.107990210506326	0.327193913343194	300
0.030789646427584	0.437159239898651	300
-0.101576846127267	0.455185694789395	704
0.124678559979234	0.235274941821933	704
0.053746396568041	0.317926786348119	1141
-0.108804901369176	0.455745659149025	296
-0.082169064587061	0.236774202358555	296
0.063367830324674	0.321686609023458	296
0.074510448777945	0.268117431065801	83
-0.097252550547787	0.564458650951786	83
0.101011487469708	0.330239522106872	83
0.107615010281454	0.108255625651579	83
0.059485976070667	1.94169979896107	358
0.049846061237737	0.904228910963393	331
0.042014135682176	0.89778939715163	331
-0.054982221445638	0.605058793633063	293
0.119805705811055	0.784728865570745	851
0.121044172275281	0.700842728726672	851
-0.013464881282186	0.821732568932681	301
0.118487071364636	0.478287415692762	556
0.044478022719187	0.465351704204103	556
-0.115416354219761	1.09819745076028	248
-0.00794960975870496	0.553696885990483	76
0.000210257578728001	0.779107100617904	725
0.119624244345657	0.457278402947687	37
0.098446097869131	0.582517942752133	76
-0.086007088663021	0.916755758590183	76
0.038815812506095	0.567866446434518	76
0.096287560262974	0.670082260095571	76
0.052904016945995	0.730760138645504	64
0.111372417331635	0.325326645849584	64
0.072694731934862	0.311154623973236	64
0.029842899863814	0.582913712687413	64
0.046086263457151	0.726041370139257	48
0.098845957182404	0.702637529173976	48
0.01596195030142	0.822961844219302	180
0.00606309209678202	0.346867572965916	249
0.061208160332585	0.657426119728498	230
-0.0732616901916931	0.990955958306688	230
-0.104642481125971	0.46323130760875	152
-0.0810362962242031	0.234785144539953	75
-0.062467844620329	0.309801502589746	75
0.040809428220546	0.203219540564102	36
0.015620134667463	0.571156932117407	36
0.065092853108448	0.395578961212554	49
0.038132545545259	0.403568509295918	300
0.082523955489625	0.364180575721569	300
0.02919217893997	0.377957558951429	1009
0.081478344077328	0.253342508255091	1141
0.040668314146765	0.203443313791849	296
-0.019078021495236	0.44861181330358	83
-0.083551727938351	0.234432692564786	83
0.077776956297007	1.75857049848462	358
0.108015274337569	0.902367837006428	331
-0.03836031972869	1.12350995901791	331
0.075401933965407	0.750038059702527	331
0.030630022900343	1.03736669818765	331
0.092922059851978	0.560369873861548	331
0.071233895250222	0.350987123490622	331
0.014817837534359	0.865666130794053	851
-0.10894364367689	1.06452553942852	851
-0.0572069580761581	0.471298363470275	556
0.11893951909033	0.345363976531312	556
0.118440313523166	0.503679569163104	248
0.108016870829012	0.590534572678425	248
0.124953981232188	0.396290746717135	76
0.090226668962259	0.460437272901721	76
-0.069090907434581	0.947956553663206	76
0.118757071253483	0.424810347418484	76
0.071646011191993	0.420386414624006	76
0.010359413573744	0.34259677273397	76
0.01057186869101	0.493413175372899	76
-0.0583189760810901	0.383790057179872	280
0.057726744401321	0.322202331502122	64
0.00922150912490299	0.334067037197765	64
0.01483583411214	0.686628371801077	64
-0.100222359398331	0.469085004019253	1459
0.055962044913675	0.62260137015099	48
0.097167760011232	0.326247043856302	48
-0.057918411725104	0.609819027275193	48
0.015154999530816	0.887840609921818	48
-0.010092275769114	0.860222833226743	146
-0.094429576405331	0.563557113714173	249
-0.001876899481141	0.855967848697869	230
0.070426897831157	0.502282389772767	249
0.116273131864241	0.288702222939739	249
0.019209183776404	0.279296358036826	152
-0.062424628335009	0.281078275743244	100
-0.062467844620329	0.309801502589746	75
0.096051021947323	0.118449944332367	36
0.00728073680222502	0.34610581881503	36
0.051529516201095	0.499065803945666	36
-0.053272356773833	0.675836311861988	36
0.031162084221843	0.531089412237627	49
0.061862786654137	0.321343366849948	49
0.102399525798718	0.117299474519056	1141
-0.090204715380968	0.437065301201001	1141
0.095084329946948	0.116528257679441	296
-0.076323552139275	0.230844812868895	541
0.033901614250328	0.209068299172667	7
0.040149013524947	1.08434824955297	331
-0.094631321402376	1.54724319254315	331
0.071403625954625	0.421820350604535	301
0.051726480606367	0.637548426304206	248
-0.114945309440707	1.13255364810143	248
0.097933271309895	0.605681711518409	248
-0.082527018995657	0.748073867621875	76
0.122201971997864	0.375005165979363	76
0.001980735207605	0.575621294815968	76
0.048674822804355	0.663328411330614	76
0.004540137798419	1.05433135804047	76
-0.026167436000604	0.821431814018064	280
-0.060374411109986	0.785957848029261	76
0.082714514599542	0.700927898224587	64
0.07335065208869	0.530079152990146	48
-0.07233569589781	1.24112869829565	48
0.029070043397124	0.379100210671308	48
0.029314914174408	0.373447321264728	249
-0.075135053125618	1.21356500399516	318
0.04152149613881	0.796260151414181	318
0.084588949014454	0.653272070089471	230
0.078139679697541	0.337542542528937	36
-0.082726062844336	0.626817063476873	744
-0.0563125233980431	0.656297020218492	49
0.058808733618794	0.320586893562198	300
0.018467807654153	0.531445309302731	300
-0.070349543920797	0.475076349089377	300
-0.040921884794231	0.512206850799242	704
-0.064074334074739	0.381944001736519	1141
0.079420754053751	0.250493642358332	296
-0.064198161340968	0.387257968008869	83
-0.062120496941753	0.306877213180841	83
0.109769343207112	0.650320558362019	331
0.00789645254527899	1.05920716613155	331
0.122147034643282	0.503827111931903	851
-0.037412980238277	0.71134285279803	851
0.071600193146827	0.445952660596959	851
0.031648736583213	0.422890427813138	851
0.063250297181815	0.39731570169092	301
-0.00966361004778504	0.477909237990235	248
0.113521577433445	0.471701138085613	248
-0.114989650054427	0.700943679776618	76
-0.037216695829723	0.417384788767231	37
0.030744514041775	0.546735075069461	76
0.025531637357562	0.529173437826112	76
0.109684080396272	0.408464884598227	76
-0.112630572342714	0.614940238363513	76
0.014593991838153	0.63361833495244	76
0.096477972574275	0.660764759003256	76
0.110662170803551	0.617182938815361	76
-0.062109164999244	0.789964704618348	280
-0.082169064587061	0.236774202358555	64
0.113932534386832	0.526897204828232	64
0.042925826717449	0.648941082821681	64
-0.0914798158471321	0.228087817639609	1459
-0.101807644162803	0.450100292330431	1459
0.027508666493548	0.707945390236037	48
0.08705035083068	0.4474121304484	48
-0.015725345429778	0.762361077592642	48
0.040476163807589	0.647126534287315	48
0.122412971515396	0.373903681933777	146
-0.088361217031906	0.788107928778535	318
-0.04467586168451	0.770297278879815	230
0.100016908006532	0.120010510073789	711
0.072881048644481	0.261605548827934	249
0.016147649088182	0.27715705428069	249
0.101431964186917	0.115380333186248	75
-0.0928691343887	0.540180131261224	75
0.00641373378280302	0.506983559046781	36
0.044120504981461	0.429773207568515	49
-0.04151968453601	0.420704335056984	300
-0.058894847587935	0.382778024126237	704
0.023253537186614	0.382802229953154	704
-0.062567553982871	0.301985986222224	704
0.02043123226476	0.279485078533931	1141
-0.07763623361811	0.228145530889719	296
-0.000314117149991966	2.3041329117506	1955
0.063208411521746	0.627900342795295	331
-0.041663541756996	1.09025680003075	640
0.00418745924800601	0.688453229252455	851
-0.048358604430039	0.731678427000437	851
-0.011911566040521	0.599812698946228	851
0.00640019719778301	0.567449664090146	851
-0.013689252467601	0.590093760265828	248
-0.00503848195210799	0.431964366266736	248
-0.102469278905138	0.987402297980898	248
-0.027893834211534	0.411192676249866	132
-0.00746017675020405	0.674175541333577	76
0.014434502767668	0.539312251852338	76
0.032935548853581	0.449865231090311	37
-0.0511704700557351	0.597626777093605	76
0.102792803525042	0.429055743419517	76
0.1077902821913	0.676715825670833	76
0.076856761173312	0.710928736272566	76
-0.040756371199141	0.923318270221357	76
-0.0150005273834229	0.755706170404615	76
0.100492453898562	0.552493202774955	76
0.01465922065047	0.538236444448737	76
0.065489225639875	0.355547728786076	76
-0.0507160642010071	0.837341456219106	64
0.105516182211366	0.326275555800447	48
0.119611462809069	0.461343076206091	48
-0.0422355564704831	0.428181522011595	48
-0.025184806669257	0.529606413769771	48
-0.027667960106309	0.706328531102705	48
-0.116259273200393	1.03060417450687	146
-0.10494855773437	1.14552050648499	146
0.027038737563881	0.703784479758641	146
0.063446153348833	0.321006948624528	146
-0.0172406674455861	0.444280694313091	146
0.058658050302969	0.626767813478286	318
0.093889617581682	0.118439499749841	711
-0.078584179258835	0.23284169360771	711
0.037696326948433	0.205971227736404	711
0.032958953020023	0.208756082175896	711
-0.061494670594882	0.301148508949453	249
-0.063545338358269	0.314002542054436	341
-0.0739316659861981	0.489959454121651	36
0.018117777288756	0.280182530025918	1760
0.006120262831389	0.354274742118699	49
0.099725739906052	0.116119287752485	1957
-0.104574731396093	0.458920943660694	300
-0.072065319619278	0.48689213727552	704
0.081422001257852	0.358766498081768	704
0.123076775704939	0.27762119114027	704
0.077533054649678	0.260601117249014	704
0.121353351206443	0.182752495784492	1141
0.105115108051097	0.11587423974745	1141
0.093889617581682	0.118439499749841	1042
0.114780510940388	0.186715900106377	296
0.10217679832386	0.116825787057107	296
-0.089398130497487	0.237320459445753	270
-0.065146056846047	0.38387833717577	83
-0.088075513848056	0.232243373946371	83
-0.082138401805591	1.24297170905177	331
0.069233101789028	0.735442266501737	331
0.085024769331577	0.728740661166533	331
0.061838348442376	0.670439685390046	2171
0.054670753368143	0.867700992058233	2171
0.079778827031478	0.607518003061157	331
0.064315309387185	0.716568005718059	331
-0.07539646659057	1.01332834377708	331
0.033786820735318	0.81879656761685	640
0.044649442790838	0.703062987930247	640
-0.119465121000879	1.00766955357589	640
0.063282502195177	0.606573511287682	640
-0.097091414388126	1.03767331680053	640
0.090816902397432	0.488876892055759	640
-0.018991058819291	0.526699902929606	65
-0.092382407977361	0.958361629675618	65
-0.00591872981305297	0.828694621967768	851
0.048848534440405	0.502596786540341	851
-0.096497074860859	0.451894177771864	301
-0.098148129443846	0.674770118859992	248
0.111902924616955	0.43850626225176	76
0.119132423330745	0.313490992481122	76
0.052165503025692	0.527202007314889	76
0.11930644294088	0.286073662162545	76
-0.087725440332333	0.631296834698043	76
0.064113662169908	0.30458913896277	76
0.119271802457944	0.186832344454868	76
-0.043736841677453	0.502133462734387	64
0.021375944422389	0.567619650110453	64
0.00683775472361098	0.674970397048211	64
-0.106496743416636	0.454443078000745	513
0.011016487319734	0.671905449226746	48
0.021109643872557	0.596517710505208	48
0.082963799425553	0.564934821750913	48
0.124881702926537	0.539924907622559	48
0.060943639914648	0.454689908263655	48
0.124430039176072	0.506581770629822	48
-0.020550566697635	0.838196801134418	146
0.041680357878684	0.667845919110492	146
-0.069126780710369	0.806848776183698	146
0.046542099025433	0.621248148641342	146
0.119839543199097	0.435910369467822	146
0.079987586848835	0.440955527995888	146
-0.00136659488525404	0.690710200650093	249
0.120403881972452	0.182033087574199	230
-0.104709640527224	0.463165342888658	711
-0.069019716977538	0.485550097215499	36
0.117295939212148	0.336228098481578	36
-0.076654251186724	0.490506566938548	36
-0.088451940531819	0.236329240204797	1760
0.016902370778312	0.385837704477315	744
-0.026272540138346	0.450213942665979	49
0.0714164421255	0.263526081024642	49
0.080357910698528	0.257215224171048	300
-0.07564848969152	0.309815293258413	300
-0.055343164149521	0.380198700056157	704
0.101208678337821	0.119944633438756	704
0.123373985891662	0.18069735891801	704
-0.07763623361811	0.228145530889719	1141
-0.085363390286883	0.230196414246236	276
-0.080093915239182	0.23379307948698	276
-0.048130484604083	1.05093975703844	331
0.00505555847814798	0.886704650572916	331
-0.064285175936213	0.949659897208847	331
0.048658222471532	0.670637774141728	331
-0.056220339043187	0.780992529638182	2171
-0.029093935764789	0.787800680496148	2171
-0.101852021368823	1.01241363617395	2171
0.00883890655094699	0.7638192701068	2171
-0.109381484839886	1.02825079686498	2171
-0.00235970102601901	0.697309898264074	331
0.080322106252615	0.503372829889858	640
0.06541744124579	0.595519901444509	640
-0.042794831959343	0.797147092530691	640
0.054114518626238	0.556444357160369	851
0.104254537026532	0.293760193005632	293
-0.058135722982311	0.297003376995407	851
0.113906808630284	0.322923558797814	301
0.046098363359989	0.590050601883522	248
0.095747094876123	0.502379002409404	248
0.043284834390356	0.574421660758097	248
-0.069334951492765	0.806549717189216	76
-0.0497827923522331	0.625255710395478	76
0.078365182389496	0.533133044736847	76
-0.049416033752731	0.581375517633022	76
0.00829077305411802	0.394552532279211	76
-0.097233204956365	0.861185113233376	76
-0.083571875169106	1.01080222827167	76
-0.029136942428868	0.765657374639121	76
-0.00770420176480902	0.666323927491232	76
0.022183282277943	0.644442560791031	76
-0.116758993165594	0.875276062427959	76
-0.099479341376532	0.870095109789616	76
0.033509448365466	0.507368943488642	76
-0.036257941726586	0.428176775018701	76
0.123943103281516	0.272424105275114	76
0.038579881209525	0.513230067829349	64
0.00529102792219499	0.643090773326243	64
0.10493831331292	0.389304023478991	64
0.119210794289662	0.182286427233156	64
0.02831109959444	0.562379216080575	48
-0.05904362498026	0.659995001164818	48
0.10155445544553	0.51017150768836	48
-0.10271373987296	0.797153605474071	48
-0.051666304471785	0.68476517159771	146
0.071428952929218	0.44062756453603	146
0.083573035606287	0.253619998824082	230
0.12432536880133	0.178378346321695	618
-0.082169064587061	0.236774202358555	618
0.033901614250328	0.209068299172667	341
0.108205762392664	0.328420745177899	36
0.118138371132784	0.180447031494813	36
0.019578662904575	0.276563117464596	49
-0.088451940531819	0.236329240204797	49
-0.058066679588387	0.30430577035691	300
0.015713883223287	0.328176077030443	49
0.118261619154208	0.181584504030167	1963
0.095084329946948	0.116528257679441	83
-0.084437011984328	0.234993329126876	83
0.099725739906052	0.116119287752485	83
0.012184991672269	1.9509814856566	359
0.047349331553885	0.90519731798603	25
-0.053698767765795	0.807167075951113	331
0.117031621734037	0.45632998741147	331
0.117913231326493	0.403627186522476	331
0.041095231033505	0.468815759142606	2171
-0.068555373705698	0.647453413721409	2171
-0.084452337328591	0.764579654091811	2171
0.052623482449431	0.926753117620424	2171
-0.0257137151192211	1.50579725207085	2171
0.00279932791290999	0.505032843556938	331
0.106552802352934	0.441506942699712	331
-0.059921532096331	0.590074876148792	331
0.075535155051455	0.337337564985654	640
-0.03311023325223	0.479513072504107	640
0.044900249891991	0.625197777858183	640
0.031476761318243	0.743863460242316	65
-0.05352921026766	0.516149922137471	851
-0.10276955880487	0.8740794291405	851
0.070568938863807	0.55199860882344	851
0.0366233629052	0.831939605207774	851
-0.11686950334426	0.957773075929644	851
-0.04039942276506	0.663567786648558	851
-0.068068822859284	0.794637528423325	293
-0.061718977742446	0.682723072578111	248
-0.070343214444363	0.81172199661851	248
-0.073547798881153	0.744927098267927	248
0.055060642677008	0.49897940697205	248
0.019801191537045	0.648696143318435	248
0.057596612772393	0.559305631805211	76
-0.117090968462823	1.00361084688377	76
0.115114200483667	0.459005768688539	76
-0.030490016862907	0.652031856463028	76
0.105790376818904	0.506041393319487	76
0.09254238148012	0.551933307664612	76
0.049642348668991	0.531772133626271	76
-0.100959535780905	0.686583570543354	76
0.102123180865753	0.527752794729689	76
0.00216022079449901	0.622196012463131	76
0.115228146545324	0.571076480113192	76
0.122807759436942	0.357824455722342	76
-0.102206741243232	0.561510057091985	76
-0.087151837006325	0.620621950532705	76
0.103178019407411	0.573126321645848	76
-0.016604021779779	0.935983145514896	76
0.11252812879032	0.579143409431894	76
0.120971919996194	0.509589499212072	64
-0.10219030061112	0.766192071024756	64
0.118479184593052	0.43825157153315	48
0.018092388489761	0.664507636525147	48
0.017778880872471	0.562055876574144	48
-0.036949448752631	0.900784780171837	48
-0.0735906541000571	0.556854745900163	48
0.068433201434065	0.453764099264727	48
0.09809588800338	0.529657818726861	48
0.096933198689878	0.531545060105238	48
0.050721027584647	0.605340513426409	48
-0.071999125242184	0.923317400177598	48
0.017327869467321	0.371737429981472	48
0.10498671521602	0.390772780986244	146
0.039040410162847	0.711822862380893	146
0.02982535084332	0.836145849493962	146
0.044111221825145	0.724449775254667	146
0.099980243729085	0.407013138381258	230
0.116899467247449	0.366228373813408	230
0.121433992157721	0.262801949630341	230
0.026339351647401	0.424385981080748	249
-0.106240216154308	0.472237428828934	618
-0.060733887429363	0.514288034534204	36
-0.039059496151028	0.428203452361796	1760
-0.061291611006264	0.302364464023942	713
-0.067236722628217	0.383131355725537	49
0.010290246622906	0.335821701675442	49
-0.082169064587061	0.236774202358555	49
-0.087130100884153	0.237118284594784	563
0.080485258072782	0.257068088536019	83
0.121232659199439	0.182156725762376	83
0.113705184325654	0.186395674153185	83
0.081673063408143	1.98519168161339	359
0.124948478008012	0.469169524746467	331
-0.083204010117132	0.60804641746699	331
0.024739480668759	0.45068699316993	331
-0.0108932727894731	0.491633120858168	2171
0.1010419557051	0.797220282606326	2171
0.02373038337292	0.41861995198974	2171
0.074492826942499	0.417670410971195	851
-0.114068307995831	0.737665846337343	248
-0.0000240800241779748	0.479248331229356	132
0.074605225286362	0.409289328430011	132
-0.010450931920563	0.551539538894941	76
-0.037102314477466	0.564212250186174	76
-0.029442528201475	0.589843723952844	76
-0.00612973839419195	0.596163776004084	76
0.106340893594143	0.437105783464206	76
-0.0983654306413479	0.723253211488257	76
-0.019896442843812	0.57609462514627	76
-0.12264958953763	0.94637164415417	76
0.044698592101944	0.7145556563915	76
-0.021686122300039	0.517380429643196	76
-0.110813591781959	0.672483190508453	76
-0.019470563038354	0.524567094734782	76
0.119666573868791	0.373981079344935	48
0.074101119255034	0.756239323572254	48
-0.00821695816714896	0.580317793979444	48
-0.0398607245907821	0.480252551245447	48
-0.070041208901684	0.314929716407538	146
0.023547576421213	0.408080515143515	230
0.02811468792976	0.406208072665748	230
0.040654316985898	0.406417072853862	36
0.078741642308781	0.259997346964252	36
-0.038753213729505	0.508163757641234	36
-0.067701396938833	0.30036246577945	36
0.063662407913969	0.315030057171347	36
0.078614916700263	0.261580175019799	1760
-0.062593791119149	0.37773979994658	744
0.123709969240509	0.181681585450052	744
0.013935049527115	0.278160316005121	713
0.012865972274596	0.281762599520277	49
0.094856471977352	0.12045190662312	49
0.101208678337821	0.119944633438756	1141
-0.087130100884153	0.237118284594784	1141
-0.0896653534951261	0.227524821610167	91
0.033757464531852	0.207197198608219	83
-0.078836472889866	0.220593280379595	83
-0.07564848969152	0.309815293258413	128
0.099792654544055	0.114760959528646	2007
0.115473994757039	0.549483361086697	65
0.109980940911224	0.41837381987616	293
-0.121561687026282	0.831390896145638	851
0.115296785391198	0.28896391551613	248
0.078197316578097	0.503481426381408	76
-0.012317895937367	0.560309270072258	76
0.110184074280453	0.319397177863408	132
-0.025491185780711	0.635197396784902	76
0.087028938223955	0.429638241135234	76
-0.06248839959262	0.777278247925221	76
0.121067598438387	0.386456013079438	209
0.03266972136044	0.205792343497741	146
-0.036932992634497	0.427417881566555	146
0.023498329976491	0.271499599945184	230
0.014943125137984	0.272179187164613	711
0.024869952910195	0.378051924126301	618
0.025205605536859	0.375208562266907	618
-0.030382666396101	0.417843080004801	36
-0.094660423624463	0.556176087227493	36
0.068021843071405	0.393436146565688	36
0.077762741486617	0.467346839775442	36
0.062871660365441	0.323002776317477	36
0.059483709107343	0.319437604810223	36
-0.056341672850289	0.384434230194062	1760
0.107684829779074	0.287248867900356	744
0.117637200504983	0.184191000933651	49
0.031871319204596	0.208938791074023	713
0.122759640819793	0.18154172510631	1141
0.10608456407206	0.11554947952902	83
0.112962173686741	0.289875238092738	194
-0.060440454244363	0.298396470854679	128
-0.026147706755496	0.448395192022366	2007
0.100016908006532	0.120010510073789	2007
0.11594804517132	0.314507455378332	331
-0.061688923471261	0.507360127820065	293
0.097737254213367	0.359697103050015	293
0.03543307391582	0.631975065628868	851
0.023250749540274	0.544205775735037	851
0.04250164228622	0.485252374173821	248
0.059229325013165	0.60555315530466	132
-0.00506391943244	0.463541428337742	76
0.102545476888173	0.406021752471711	76
0.118577146046277	0.432412680745571	76
0.063743444364078	0.524487063853908	76
0.114998114975052	0.284464710703555	76
0.087994418755306	0.505458978261371	76
-0.00552133296819601	0.599494709971586	76
0.090406813198931	0.401280380672076	297
0.088029235833934	0.616977905108281	48
0.052075569293152	0.49503284172532	48
0.062439033561241	0.318468479364103	48
0.00480102375984498	0.748732645408119	146
-0.07196650874139	0.488111964815289	230
-0.054273426746462	0.380990134504247	711
0.00609617431385201	0.354152453393801	618
0.115855070153313	0.185888522895754	36
0.00823926176295398	0.353226453115238	36
-0.096334921893978	0.56144115743563	36
0.069568788340391	0.268403927281635	36
-0.0867652325382819	0.225756333281739	713
-0.0634064217002081	0.306352310248783	49
0.017405962273335	0.280802647402262	91
-0.064353828652751	0.297268351566293	83
-0.055920589531853	0.297531306260188	83
-0.056585957304605	0.362138063398233	83
0.101208678337821	0.119944633438756	83
0.120469956230185	0.180500501570637	194
-0.08122500793231	0.235766624368238	2007
0.119523369367388	0.286470633831637	331
-0.00742898697181205	0.593485470067246	192
-0.039128351021295	0.492204145497605	65
0.070077616658936	0.38178554731263	65
0.110527973798019	0.290427335856358	65
-0.00181836007302105	0.578656504570379	851
-0.0923244485817341	0.702046917828693	851
-0.036118601221493	0.487523401378767	76
-0.076352057045457	0.584572417173766	421
0.060875493659014	0.649816721136399	76
-0.100382485991361	0.73653723813728	76
-0.00754459836521604	0.646907974146202	297
-0.055035338341168	0.594657603253106	297
0.11472165688603	0.28280664888077	48
-0.0723470343168881	0.548972695488398	48
0.109708745885972	0.326610133398499	48
0.072330441912122	0.354544988389545	48
0.071425024433514	0.296674365397161	516
0.059182915535768	0.315425755890242	146
-0.074134731816456	0.845507717326154	146
0.030767604465038	0.628344241132283	146
0.071412590304895	0.370874872939498	146
-0.069543494472842	0.29277552823873	75
0.121810190594796	0.178317658593869	230
0.06900644838805	0.26050503190853	711
-0.0248851280357379	0.457223963155477	36
0.07173611062555	0.267954166615534	49
0.118712197794477	0.183374419341836	49
0.031726236428579	0.207803441974487	114
-0.079967783414945	0.21975884911288	114
-0.0842287414555321	0.231904743253823	114
0.094856471977352	0.12045190662312	114
-0.058364332272393	0.375966159854844	114
0.00872361605441702	0.289832005996791	1141
0.100985188417207	0.116902087174144	133
-0.088451940531819	0.236329240204797	83
0.036665804499989	0.203572733512752	83
0.094856471977352	0.12045190662312	83
0.097856171065367	0.115790587282334	83
-0.082169064587061	0.236774202358555	194
-0.04945561662875	1.89357981005742	359
0.008192980577722	0.339035807620535	331
0.080369059462817	0.486996479132193	331
0.122305879734675	0.170570666238843	192
0.010089512090807	0.632128188350684	851
-0.00743233851694702	0.685284068951645	248
-0.025012424999648	0.805346068322969	248
0.09859634438162	0.371072577366729	76
-0.015367699519565	0.441016278918169	76
-0.013707537436735	0.655301804637007	76
0.00826373184082901	0.333417651032767	76
-0.025784168170766	0.530292188532083	76
0.078016463768279	0.607614170478708	76
-0.066714505761182	0.564388448422961	48
0.036548048108633	0.733345401618844	48
-0.078948211849918	0.298093252916202	48
0.123254939539493	0.179561569494883	48
-0.063273140487691	0.29874429381399	516
-0.062567553982871	0.301985986222224	146
-0.067886595500552	0.312890649217555	146
-0.080663909518521	0.227784952266768	618
-0.065987679188536	0.307513263284778	618
0.063624962898065	0.309513282745369	618
0.065884344470635	0.354999615733639	36
0.099858951685812	0.396496426870528	477
0.118261619154208	0.181584504030167	49
0.101208678337821	0.119944633438756	114
0.038639775260826	0.206266317114601	114
0.109997138199547	0.11000142976312	1141
0.012272990474116	0.271349231958129	2267
-0.055219246010639	0.384018387748876	83
-0.083737908511861	0.22877209625747	83
-0.076323552139275	0.230844812868895	83
-0.00404012507282103	0.27578624569029	83
0.073695870462886	0.37831631409982	128
0.057799612380083	0.320782259923444	128
0.014943125137984	0.272179187164613	192
0.042116555911619	0.193870371691009	65
0.042991667304035	0.431061066397771	65
0.00708451625572798	0.344920469884689	65
0.113904822263627	0.643603391000119	65
0.001934120241602	0.354594666962365	293
0.099404135169338	0.363707969166813	248
-0.031201757436243	0.415200567484771	719
-0.094071459310663	0.450253018483858	132
-0.0865180465112531	0.87992043105372	248
0.064853761626953	0.702364283371776	248
-0.019834946531307	0.62818524503993	248
0.030392273623766	0.370571442635422	586
0.01917186774654	0.493706841990113	132
-0.049751246364206	0.581824085206945	132
0.064452688902432	0.322161436511557	76
-0.01087595052818	0.489787536140258	76
0.00616476116845199	0.534914455887143	76
-0.048891874665447	0.669599687051645	76
-0.00631660513272803	0.334793604622006	76
0.109686846415296	0.316377313754187	76
0.102731648332164	0.113836810049806	76
0.056007516165285	0.635477945422342	76
0.086096621485243	0.538907734509612	76
0.00436748329313302	0.719719260870457	76
0.011988691527179	0.284799745342619	836
0.110999631112415	0.370351139386934	48
0.114888460238208	0.289856032827111	48
0.017287156701727	0.282335684794819	48
-0.083489572013423	0.234005799423924	48
-0.087317882620792	0.237384251320992	48
0.124402409875368	0.17758087325785	146
-0.079532057234967	0.229463646148963	146
-0.100531280348974	0.454052864463334	146
0.00717961795104	0.354933347431273	75
0.00185682602631998	0.349655982324189	230
0.080349982633713	0.462217670709137	230
0.018117777288756	0.280182530025918	618
0.120689182557318	0.277651806725812	618
0.010934626492898	0.289257757818395	36
-0.103860515470778	0.461957342706405	36
0.073637668715935	0.380572277169333	36
0.116484619027072	0.317528721804465	36
-0.087317882620792	0.237384251320992	136
0.115731854933365	0.187487856053893	36
0.099792654544055	0.114760959528646	49
0.06477354009062	0.266968682007839	1141
-0.052502571008885	0.350709358545289	91
-0.060294205792151	0.30266330496221	83
0.10217679832386	0.116825787057107	83
-0.058311211022069	0.377465216594098	83
-0.082169064587061	0.236774202358555	83
-0.000301529757010033	0.344390421770833	194
0.105569579646006	0.297883001485975	128
0.017710231220607	0.39412724755909	65
0.043840817336096	0.387391316155861	65
-0.079213951907639	0.301044047354709	192
0.049814397911021	0.596041456329783	65
-0.00811807781952201	0.823914822895899	851
-0.021374201972747	0.818346553942958	851
0.018540899708114	0.785342236526651	851
-0.0757042515812471	0.588341558127279	248
-0.089405257097984	0.44313811194735	248
0.065455323405931	0.266055167069592	586
-0.00850241902983595	0.591365865454669	132
0.026299454945437	0.639502477677307	76
0.12037884929057	0.30803679452951	76
-0.100793396311548	1.05402819642463	76
0.100446432686278	0.393567986644527	76
0.000539186124946023	0.704242464331813	165
-0.00232776318057404	0.348831665045434	48
-0.124732225019281	0.530605405425987	48
-0.032571061827197	0.42475850703567	48
-0.060133008609068	0.375141701543446	230
-0.03036738171536	0.656531849280931	230
0.00973450382493302	0.534809516747946	230
0.00458607059414801	0.280883755013864	618
0.11657467957368	0.283451398333765	618
0.114295489046231	0.177733687550606	618
0.06653965899296	0.265145750319309	36
0.073428289123428	0.268340169575047	36
0.099929810305877	0.358458676618783	36
0.118712197794477	0.183374419341836	36
0.041128164730699	0.201204328414065	1149
0.038694232292148	0.205296640432502	49
0.032814290502031	0.209250010325905	49
-0.083489572013423	0.234005799423924	114
0.100016908006532	0.120010510073789	114
0.094856471977352	0.12045190662312	114
0.101431964186917	0.115380333186248	133
0.11465638208585	0.18715691528407	133
0.02237053772805	0.196250083064786	83
0.006117662961242	0.355055168760127	83
0.121232659199439	0.182156725762376	194
0.023835506209759	1.88175972445654	359
-0.091961347720269	0.448404886388962	192
0.121006565905545	0.269381672780069	192
-0.00316535279549501	0.55526722123439	936
0.033984077663891	0.561516915686931	851
0.072408141328035	0.53837912354913	851
-0.055926020017253	0.472427060934527	293
0.023498329976491	0.271499599945184	132
-0.118358766555461	0.86930859387086	248
0.056185668765097	0.625430153494368	248
0.092193904315851	0.332233747440777	132
-0.027189337680798	0.605567087161472	132
-0.039337464304484	0.567482372239546	76
-0.056561205427313	0.67680718108941	40
0.027658862493398	0.514621049842684	76
-0.066715471142318	0.71468213869468	76
0.096432003721807	0.408937000855266	76
-0.075494751161761	1.02533061132142	48
-0.108554086280966	0.466320884720236	48
-0.00550269606406895	0.541299497835728	48
0.00816434712303199	0.542885530647302	48
0.00195444438047598	0.348776971648151	75
-0.044969376722546	0.589980794662381	230
-0.0600956128140721	0.380607780843514	618
-0.04747544166746	0.362389564427124	75
-0.021049457543755	0.558144330103667	36
0.077459502409424	0.393924730763589	36
-0.109555658292056	0.677374203962126	36
-0.087317882620792	0.237384251320992	36
-0.076505876555065	0.228071120832957	1149
-0.081409403133858	0.229414036747866	49
-0.082169064587061	0.236774202358555	374
0.100985188417207	0.116902087174144	114
0.121111794377736	0.179141647091449	133
0.100240956796967	0.117900473796604	133
-0.083302636137941	0.236827924872992	9
-0.082169064587061	0.236774202358555	9
-0.05669840861964	0.296269495437481	83
0.103701426625847	0.113521726887196	194
0.087857092345139	0.236486405149454	194
0.06822973341136	0.422485356691233	95
-0.00915718139321797	0.440068414595222	331
-0.069349966163876	0.499178668456377	331
0.099344530607224	0.679155067329131	192
-0.094701039429157	0.452357367945431	65
0.086163140596418	0.426592301055193	293
-0.023168415917403	0.398893983917501	936
0.087307389315409	0.525748994383503	293
0.031770416473277	0.40932176699841	851
0.114445081010163	0.413123891172325	851
0.109523760067021	0.380673601103804	851
0.045309293444065	0.438302756853503	293
0.084771394550552	0.429040771964712	248
0.022321878894494	0.51362867104129	248
0.113395602314847	0.318517284181321	76
-0.00281153931518996	0.468720390255201	76
0.109196414839255	0.353056038656246	76
0.00145103615187397	0.67488462561936	76
0.066431946561784	0.354917497396595	76
0.075863797407183	0.405557582645933	48
-0.077681909864352	0.305188146614151	48
0.014634703710388	0.337954122492256	48
0.077533054649678	0.260601117249014	618
0.074318388133335	0.258159974679739	36
0.00762598825771599	0.285514463479655	36
0.034435464849473	0.199169094151495	36
0.080421534593467	0.258592093561252	477
0.081704048804874	0.287282335385056	477
0.094856471977352	0.12045190662312	1149
0.038781822781068	0.20517001285253	49
-0.086184619732495	0.236123322786976	374
0.103923839810375	0.11595248961356	133
-0.080829619197787	0.224714923398404	133
0.093202035426148	0.428558873173667	331
0.016141223120367	0.506188950859644	331
0.06715615133929	0.311927864417081	331
-0.095661200481968	0.449700103763048	331
-0.0422355564704831	0.428181522011595	192
0.00859842801066002	0.283290922379595	1630
0.060606768545508	0.363046058807503	293
0.014930931224396	0.533450001712056	851
0.00379386357337003	0.572543143610395	132
0.073567958534953	0.342819048136299	132
0.048927420762513	0.529670606528666	76
0.027220794959549	0.368345168659988	76
-0.053324395627513	0.548133408379321	76
0.071630825575724	0.382837287929705	76
0.00506119687399798	0.3507859089464	76
-0.095287146098016	0.453063249073177	76
0.123831999498391	0.182260978100276	76
-0.076933886760086	0.301010393418049	76
0.047124394868888	0.470099083116143	76
0.022717418439644	0.265098680956131	297
-0.087590860120663	0.582303702812968	48
0.038167415515896	0.579160647046094	48
0.100016908006532	0.120010510073789	981
-0.061610513670554	0.293315035683739	158
0.118109862041872	0.176935508772402	75
0.11216695589608	0.290994352539354	75
-0.0424403607909301	0.434117415304659	36
0.097856171065367	0.115790587282334	49
0.100016908006532	0.120010510073789	374
0.094628405386906	0.115920487797842	133
0.100016908006532	0.120010510073789	9
0.101208678337821	0.119944633438756	83
0.103923839810375	0.11595248961356	9
-0.00659029533175304	2.20859619900366	359
-0.099763192761145	0.445465297183966	331
-0.076753038852323	0.491781122933096	331
0.069265329250966	0.343416318264668	331
0.090470355164943	0.506325826108122	293
-0.02241520515927	0.639311654640538	293
0.00000774837785599836	0.501642775540666	851
0.03950973056075	0.540165236328365	851
0.061916584525658	0.454893454199141	851
-0.098717062149683	0.555269939820915	248
0.068813184093067	0.312288765015331	248
-0.026006869621058	0.399914803078239	248
0.120037916808572	0.454676712733322	248
-0.015729340082088	0.621524851124091	248
0.072847859625475	0.634296684113177	132
0.056864468240982	0.320559341006323	76
0.09875427040292	0.369395386846366	76
-0.054273426746462	0.380990134504247	76
-0.037216695829723	0.417384788767231	76
0.038220896144947	0.638638737531618	76
0.117922217630071	0.285263904146875	76
0.00261723279217702	0.47746011641767	48
0.101008454257061	0.364323357309579	48
0.069010818457597	0.357291779259084	48
0.00821958650010102	0.354822162280106	48
0.068961678139545	0.305184749435909	131
0.01984570055375	0.6817735179367	158
0.10217679832386	0.116825787057107	158
-0.052136036226473	0.377443735242082	75
0.030636527955653	0.455978994504673	75
0.11819563187558	0.186497716607434	477
-0.0797156795758131	0.231075374721438	954
-0.083302636137941	0.236827924872992	954
-0.047422314785901	0.365785292449167	954
0.101208678337821	0.119944633438756	49
0.099049026225973	0.117973999074777	157
-0.08235689316279	0.235822042366325	1842
0.07285122976221	0.29460139727666	133
0.117062607161618	0.244659734274634	194
0.092030777254424	1.89295209264559	359
0.078463286671126	0.439321155048905	331
0.027393018920289	0.456520925553881	331
0.07763739120951	0.345960048730793	65
-0.059419167812918	0.470944645352139	192
0.021608290434077	0.385699802563954	293
0.027275835848524	0.37575032218071	79
-0.114869277337883	0.824996298245892	248
0.082328184445119	0.363995901178735	248
0.053639138304334	0.495701465232421	76
0.04587050422196	0.501970761038907	76
-0.0714046422210221	0.581694234002301	40
-0.030111871215057	0.700162057840308	40
-0.011470569814822	0.55597813093199	76
0.080817952634472	0.328241175887824	76
0.111669037381218	0.397522899441968	76
0.059031403093801	0.303189639869976	165
-0.089406325979545	0.639852909736395	165
0.021937015324912	0.390476242218285	48
-0.0389321394403001	0.503266702747452	48
0.108628375714364	0.349112167629792	48
0.021491824780157	0.381679800914688	48
-0.098110289475567	0.462874176657418	48
-0.103570213099389	0.461732047010731	131
0.00823926176295398	0.353226453115238	158
-0.096663575589128	0.429890827969742	158
0.034365524051546	0.433948683245584	158
0.060191785125978	0.319484757830177	158
0.119088281816666	0.179630271453239	75
0.060825214786776	0.316259765084368	75
-0.068014840359115	0.313546390856079	477
0.00182879045793899	0.344941864837764	477
0.06543292874049	0.308149624226954	954
-0.076505876555065	0.228071120832957	49
0.043438445471084	0.203475386961769	133
0.098824213396972	0.117698428333674	9
0.123736290029865	1.90217402790079	359
0.072619660153659	0.645913211911507	25
0.027341863684128	0.537971482129508	95
0.086781416066433	0.539998771658141	293
-0.048897718999815	0.704907700090816	79
-0.027278537552749	0.597895150733264	79
-0.098369456791052	0.5665275549907	79
0.023412791161718	0.37892121335464	293
-0.00659874342330002	0.427673902485852	79
0.10922367583388	0.353717651319305	79
0.085837176389903	0.385634811800641	79
-0.077971293609151	0.663656710247653	248
0.101664403096726	0.291334926506813	248
0.026339351647401	0.424385981080748	248
-0.0565876247782961	0.66249868317473	248
0.047718179751527	0.529169046296837	248
0.10267763709038	0.480258439016542	40
-0.098181983429064	0.465492691116067	76
-0.06194168675436	0.560185152323514	76
0.036932017992782	0.512856038563364	76
0.095162964565474	0.378535897344851	76
0.101417741651844	0.285454207345521	76
0.100237370537859	0.37920790060394	165
-0.09293425304346	0.705806776568747	48
0.081609305879841	0.609565678982001	48
-0.060117568761688	0.516947133248697	86
-0.049101068642137	0.526900692318254	48
-0.071115832965886	0.579877965499686	48
-0.103919542278216	0.448216310357146	48
0.087324700445299	0.511015073529149	158
-0.029059684925254	0.404344242539468	877
-0.00836229152112	0.433879081742257	75
-0.105798936749169	0.461103357961948	1
-0.00337704986683696	0.425951372723668	36
0.114888460238208	0.289856032827111	36
0.019301974610995	0.270245830770805	954
-0.083489572013423	0.234005799423924	49
0.037016318930031	0.200481598585285	133
-0.08235689316279	0.235822042366325	133
0.03944198686062	0.198350070328571	133
0.047011922165415	0.194264921370605	9
-0.095883386534216	0.61671894174151	331
0.11846247398059	0.362613283816033	331
0.11398563911304	0.293074862086331	65
0.108112743481438	0.373130695903427	65
0.075155793583904	0.414308708336046	65
0.078739447573788	0.37780722141578	65
-0.09503815825762	0.76219507197397	65
0.041401224464122	0.446147161457788	79
0.054061888091975	0.455015232362636	424
0.111053697498948	0.346117905504954	248
-0.039729775432903	0.411175739965248	248
-0.10240818263161	0.66767045535107	248
0.111631719039506	0.380451628015746	248
0.037463656888181	0.437451428551227	248
-0.033642683282498	0.5514750170143	132
0.014178214939011	0.673882376516012	52
0.110527973798019	0.290427335856358	76
-0.071010384416484	0.6628582523451	76
0.070791760692128	0.452504885586466	76
-0.024125788262865	0.575434517640199	165
0.099370468689599	0.424049782332921	48
-0.059132944284195	0.757048684750233	131
0.064646589194303	0.260027853283372	48
0.00721348702587299	0.348717863928227	1
0.019269306172753	0.390119230388571	36
0.018256675684936	0.281118466485825	477
0.000955424186427023	0.347247916829809	477
0.032016495107781	0.204516036455236	477
0.034045856942226	0.206934708744699	311
-0.0647155949324531	0.299325509866513	75
0.120282453978703	0.183000575454587	75
0.063730621380394	0.352619486792385	954
0.076546532652395	0.265512944430924	49
0.073428289123428	0.268340169575047	766
0.121232659199439	0.182156725762376	49
-0.080663909518521	0.227784952266768	374
0.1234913509931	0.245654567285096	157
0.041269333643695	0.203819925027964	133
0.040183687448358	0.201981978665993	133
0.10805166166544	0.290993501691693	133
0.115731854933365	0.187487856053893	133
0.015350605900906	0.274946260277379	647
-0.110674128199547	0.759092472860173	331
0.080546651038306	0.432550871906302	331
0.118857968440398	0.471336072552425	331
-0.120086286074222	0.846879549774302	65
0.047340127255631	0.488944133441641	65
-0.123327508335355	0.914403287133906	65
0.073911604264219	0.386592262070576	79
0.110828860216145	0.320047402889689	248
0.115643299933875	0.377925818449426	52
-0.022648167344239	0.641598210102812	52
0.100384322393874	0.442160920945397	40
0.075355359621397	0.477096413326671	76
0.08179814411384	0.43006619736951	76
0.077912811998995	0.338375488871016	76
0.059844513848642	0.41919136003137	297
-0.05004491012746	0.516582517511209	165
-0.00718508085191005	0.442562966185206	48
0.112713310027129	0.346208263138109	131
0.112530339232781	0.323101352584826	131
0.000885619013913985	0.461960346999682	131
-0.043430673408112	0.434116101242743	75
0.105404873767072	0.331113785830737	75
0.017008384216962	0.328363474344167	1
0.053968174910905	0.175035563279947	1
0.017405962273335	0.280802647402262	75
0.022569128355045	0.386217181891245	36
0.112206086211664	0.291149987402698	36
-0.102530012279597	0.459007464213883	477
0.022466866486925	0.380967837804469	477
0.020416764042043	0.275349333397274	477
0.064811303337906	0.261064528020913	49
0.116684084440156	0.186624170232585	766
0.00432876828398998	0.283245562641411	766
0.121473871010152	0.180829872024727	49
0.015060475074157	0.27735337157758	49
0.074215307385501	0.254040364345891	277
-0.069222272993847	0.307867819751188	133
0.043578865502378	0.19791465364702	133
0.100240956796967	0.117900473796604	593
0.099725739906052	0.116119287752485	9
0.100240956796967	0.117900473796604	83
-0.08122500793231	0.235766624368238	70
-0.076323552139275	0.230844812868895	647
0.103701426625847	0.113521726887196	647
-0.00242519894364002	0.727134797787638	878
0.116424836736902	0.464889281600571	65
-0.024689284609241	0.633530081712583	65
0.092606142759683	0.451579566595649	65
-0.099507704325041	0.552164295855136	79
0.111476004823854	0.278495984577123	79
-0.044935469316447	0.521289294602747	248
-0.043925280212216	0.520118587106247	248
-0.035470104620785	0.618803388361111	248
0.00216100452229601	0.571730414569493	132
-0.044544203892698	0.514964490861637	52
0.062206149580427	0.398779587274316	52
0.026941099694966	0.426447817490856	52
0.012201582408398	0.503479887208334	76
0.00882959571548198	0.512475413887133	297
0.027119417559521	0.364944623451753	165
0.116488106209494	0.383361529620776	86
0.096059821956996	0.394278175890728	86
0.030472214854171	0.448730385595647	158
0.067254877828108	0.358858830137069	131
0.063829488110586	0.351236587790149	131
0.00686356722644499	0.322669796058626	1
0.121232659199439	0.182156725762376	1
0.02252827860468	0.274062390872171	1
-0.07564848969152	0.309815293258413	75
-0.072550698310532	0.217597569057352	75
0.122543099803962	0.178496511077512	75
-0.113407264478581	0.452449330659244	75
-0.06447902851556	0.307207646680037	277
0.105115108051097	0.11587423974745	414
0.124903594959521	0.182012025006066	593
0.099725739906052	0.116119287752485	593
-0.089209484557127	0.233455181887783	647
-0.0156232264006489	0.625079759380576	65
-0.083729540478573	0.83736173682667	65
0.102861881708442	0.443967703746383	65
0.021748810501727	0.428411310422031	79
0.06621275809148	0.361532904659408	248
0.021580532557605	0.429399929895971	248
0.064278494209078	0.487446476414311	248
0.04903419490237	0.544574527622186	117
0.095090652080121	0.395092528124886	52
0.064423981797048	0.309383736213973	52
-0.073369226857043	0.654929763604086	430
0.01721095739847	0.514743587160837	40
-0.068146603384683	0.725077229234037	40
0.114035413784953	0.404112270917248	76
0.098818382826879	0.389736030336901	76
0.09865188620592	0.49891148090429	76
-0.012582265612981	0.628236957374322	76
0.068078142338465	0.356212322011091	76
0.026687589602244	0.509551751312645	76
0.100851186557463	0.367388330676617	165
0.078697938133336	0.293769418736699	48
-0.100501801627926	0.438145275282964	48
0.093691446383445	0.484897499195328	131
0.039866591080225	0.202943212324465	1
0.100016908006532	0.120010510073789	1
0.100240956796967	0.117900473796604	1
0.00297940109089101	0.352989653828348	75
0.120347204675558	0.185991676553372	766
0.017123955108374	0.282758230312041	49
0.119455294627595	0.178420581119416	277
0.014088280380056	0.290387807784902	277
0.121299822344429	0.186162945808802	133
0.041752471460003	0.20124672117529	566
0.105115108051097	0.11587423974745	239
0.039583430306176	0.204237090917593	70
0.050120579524543	0.188347226805351	647
-0.082218762882475	2.0713306414516	1755
0.118021217403291	0.613892726270138	65
0.000763190703591987	0.57427988389959	65
-0.065413940769706	0.790011934486416	65
0.060606860437394	0.41748372308439	79
-0.096468739430245	0.757188789165362	79
0.017108565720622	0.381075626788003	79
-0.083976879195526	0.659348225565365	79
-0.063282252957181	0.565868224151668	132
0.018204992181531	0.567348707907975	52
-0.020944215303213	0.531655954525059	430
0.111291318605679	0.451237457211261	76
0.119177994578428	0.590822091943078	76
-0.07162251332826	0.495797463310077	1266
0.084857354844216	0.476563394083769	76
0.010496322133473	0.58265060198695	131
0.098160543619153	0.478899829039405	131
0.062055507013125	0.324783142251258	1
0.120403881972452	0.182033087574199	1
-0.013045234600397	0.483661138812923	1
0.120039076465016	0.177386936833258	195
0.12064820960398	0.175085832732582	277
0.124661176876016	0.179949632140418	133
-0.08235689316279	0.235822042366325	414
0.110865073913025	0.172886655482225	414
0.102399525798718	0.117299474519056	566
0.090509707093586	1.38756587941105	1755
0.094309910612624	1.19556628972123	1755
0.105146871620143	0.798212658907217	1755
0.085314712091194	0.840631950790162	65
0.113669041365679	0.717578161729524	65
-0.08521600429355	1.17650373932213	65
-0.023747875401809	0.964731865475053	65
0.077504329188814	0.527882446847429	65
-0.072795368797862	0.63652489207609	65
0.064779368725198	0.306774119404099	79
0.0377516995225	0.201831782988676	79
0.021429310993122	0.192859815430455	79
0.036661287959354	0.479801635424374	79
0.033998980615541	0.449652158556646	79
0.099747869013112	0.390253786228993	248
0.000223443278012991	0.616472946100564	624
0.028355512091605	0.374726152129121	248
0.036449752753245	0.519377294474134	52
0.123764002716232	0.405844907247065	52
-0.0751998439812061	0.57237144020056	40
0.062929959790204	0.398044444645312	40
0.098479614888919	0.568095454902051	76
-0.0570625007053081	0.858111913315985	76
0.05892011191534	0.383439232862235	526
0.118189401981678	0.238657349216517	1266
0.082899791987193	0.252101553807313	1266
-0.041135615716973	0.754902759752101	165
0.040809428220546	0.203219540564102	297
0.00981756260487598	0.287923209060292	297
-0.067298430541514	0.485054007873413	297
-0.020979179932004	0.904433146930736	86
0.069192882235105	0.415213731129505	48
0.073290509930795	0.418195968397333	48
0.000870861165142012	0.482257210187173	48
0.025058283956606	0.609610850559424	48
0.07125546092235	0.485301557623482	48
0.096075197352447	0.534740435049583	165
-0.021311760041788	0.792550954529308	165
0.046502957767783	0.646470949784636	165
-0.041674162905583	0.770429673723807	131
0.067302222257754	0.426887160287181	1
0.057180765882181	0.360400469618308	1
0.08871578827273	0.11514440968932	495
-0.078584179258835	0.23284169360771	1
0.101208678337821	0.119944633438756	1
0.00871781723554699	0.287594042751951	75
-0.057710088200278	0.370036097342592	1
0.067432382055154	0.261900458910769	195
-0.059855461178319	0.298040811468472	133
-0.088075513848056	0.232243373946371	414
-0.077453470472797	0.232779835540681	414
0.100240956796967	0.117900473796604	566
-0.007144225330045	1.74331494420726	1755
0.061797094658026	1.18037598048022	1755
-0.00222052898678904	1.29017507056301	65
0.074532823857898	0.845399174592119	65
0.088627832416393	0.770307374328768	65
0.078579482454656	0.814239046642187	65
-0.117706345649451	1.18271427777375	65
-0.0671225236294229	0.68774742745338	65
-0.088004374787406	0.88810013306204	65
0.023449021851372	0.670268020092645	65
0.01283695453346	0.49985724558175	79
0.022221129017976	0.196700120696706	79
0.113825239818705	0.244467239603036	79
0.00185682602631998	0.349655982324189	624
-0.067544314162417	0.766444904810611	248
-0.088786102871948	0.626361912645903	52
-0.121998730338339	0.610184579048064	52
0.070877703409294	0.353556784496495	430
0.043614627239743	0.395160284144904	430
0.12089982250141	0.596611449579748	834
0.091138315559193	0.65075991278905	834
0.00215372899095601	0.925441246959615	834
-0.000781831488850027	0.282666400825752	1266
0.116624873772185	0.182137118130988	1266
0.093217872283665	0.432425651103613	834
-0.039751072774077	0.802556330108774	834
0.08154911821933	0.434504034561659	165
0.116561435184332	0.183887593139635	165
0.10639113331921	0.325158037194871	48
-0.070731773553846	1.06215479313852	165
0.103337088876909	0.572557575228358	165
0.119346556576837	0.533038832748532	165
0.037443317879857	0.664899116110917	131
0.033023357414489	0.417542632272405	131
-0.0000337360969380196	0.555682979093999	1132
-0.107832997783029	1.03796321333712	1132
0.038567892561603	0.602102217521979	1132
0.039724965256005	0.205461219600654	1
-0.085239071808441	0.229770400058195	495
-0.088451940531819	0.236329240204797	495
0.1235877582175	0.178132499475775	1
0.045996789363021	0.432446653470864	1
0.10358860218576	0.401280679941248	1
-0.11036095538938	0.609698071953148	195
0.108763302096987	0.384579157719511	1
0.00105491313098799	0.504816501796703	1
-0.08721841947487	0.551159252302441	277
0.098191396756422	0.331357226273155	277
-0.095942726518218	0.460939376900954	277
-0.098180629660949	0.452726786632329	277
0.01081366579736	0.288527036575263	4
0.064531770942764	0.319369517179754	239
-0.069092786837423	0.313649817293797	239
0.100016908006532	0.120010510073789	647
-0.00567279991459502	1.69005068850083	1755
0.094172390934075	0.825421949756069	65
0.086693767012352	0.810472830909696	65
0.067561486856715	0.704998322928428	65
-0.064556057667657	1.34819754757746	65
-0.046291200593289	1.19596528148485	65
-0.00127089682489101	0.847626221994737	65
0.113725715383961	0.645533187247043	65
0.083601386442403	0.399025547662091	65
0.058514298486165	0.511740520926221	79
0.058089190026066	0.478969826246685	79
0.012443827445837	0.343134856662021	79
-0.027528120364048	0.413110019735796	120
-0.00391458634805797	0.486277190548492	88
0.080567461852637	0.523436587588866	624
0.019286454794034	0.617346184644131	624
0.03689682420631	0.602353083429059	624
-0.066771581295097	0.386789831319436	624
-0.036519764754863	0.558686506163209	248
0.070843742194345	0.3665973755977	248
0.098653515938865	0.354929611705389	52
-0.098634454294373	0.83942045513871	52
0.028158292902828	0.690428383881983	76
-0.102935073880435	1.04843073770469	76
-0.01961546702718	0.861601869380129	76
-0.00906067703005997	0.876880606482488	834
0.053027516938384	0.770778037980249	834
0.115100298495753	0.320849799159282	834
0.090838503165032	0.487903069288486	834
0.016342959779605	0.605177157801523	834
0.012105450542006	0.280725004176342	165
0.10675409671609	0.323573225197215	165
0.056456599592681	0.635206558772335	165
0.095499141695285	0.372431302003222	48
-0.024775838362188	0.57943904482662	48
0.061418043553033	0.484134937276098	48
-0.061631353915948	0.837664195534764	165
0.01230153427317	0.796917852480119	1132
0.117019921008456	0.287882857522777	1
0.122303703379116	0.181907575563644	495
0.00823926176295398	0.353226453115238	1
0.029833350262729	0.449261714667468	195
0.065531073886359	0.380765673307027	1
0.033047230025248	0.413613274616439	277
-0.02809484008425	0.414771079779692	133
0.040809428220546	0.203219540564102	474
0.015632904237783	1.7773342620253	1755
0.106902909884713	0.557699172658528	878
0.060026078481418	0.650976587098989	65
-0.042847955531086	0.660685666849718	65
-0.024235453074278	0.830012186265281	65
-0.07274647170132	0.662543790716199	65
0.072780076984582	0.409920079873493	79
0.036994995594433	0.402490348960732	79
-0.117881827219394	0.617545553641568	79
-0.055898299873013	0.62691993200954	120
-0.0348500426477461	0.425667273894407	79
0.067785436109774	0.355666418473713	624
-0.109034258137576	0.749132111099405	624
0.103431857529107	0.382936598009252	624
-0.00204331021955995	0.487134347460758	624
-0.072738578775831	0.647058778370859	624
-0.027118928723108	0.570046440063925	624
0.047400797575927	0.468460555338764	248
0.042071857983776	0.600371545071485	52
0.020614650011832	0.526593496606277	430
0.031930326399385	0.480874574595648	430
0.111263904680544	0.413904612524936	40
0.008711487331168	0.5069198643884	76
0.039032449172909	0.700139464586616	76
0.071565639249186	0.514165948727748	834
-0.096408883952941	0.629559786532124	834
0.024902205215085	0.481523165452984	834
0.091449088501524	0.370383403549773	834
-0.077992891958548	0.579363281998246	165
0.096421060286516	0.396081135191295	48
-0.0391572725342	0.696286832893645	48
-0.0118209957591771	0.614422601102624	48
-0.049385850515757	0.518473806886783	48
-0.05064799576587	0.511607605082279	48
-0.031184573765647	0.649629393301779	48
0.031996715791777	0.521619401634985	165
0.065576928171609	0.438801149589366	165
-0.00424053498531796	0.612631786537747	165
0.045914821841202	0.471449717101361	165
-0.11235719114723	0.81054169261997	47
-0.120508014843182	0.615690727905052	1132
-0.056364703714227	0.518932010779305	1
0.00396289919209297	0.349597351130439	1
0.116561435184332	0.183887593139635	1
0.011891315386674	0.281369573901415	1
-0.054614344344711	0.367628523365775	1
-0.108485258352422	0.460930877624742	1
-0.048420699226485	0.624566191242032	1
-0.102598120791819	0.459754145395705	195
-0.059444257641095	0.387043736084917	195
0.11525096293284	0.17560078420471	195
0.021517365829792	0.276662982102177	277
0.122253321679307	0.184352763871985	277
-0.065435298838085	0.293904195071876	277
-0.043104115491747	0.427640113444791	1109
0.012026084612033	0.289837787604186	133
0.034844477889988	0.207011978109032	133
-0.116103386286522	0.506462923137239	133
0.101431964186917	0.115380333186248	4
0.093660993696916	0.118873844218748	4
-0.058373686385707	0.387881955168795	4
0.105304881531363	1.26207764131416	1755
0.10866361651794	0.567606571206394	65
-0.109351074545983	0.76248962846988	65
0.067070741903902	0.409010436687071	79
0.063525081261958	0.31685897140885	79
0.059817267552373	0.319100248468493	120
-0.0372390550464991	0.62403068777972	110
0.124614103640157	0.272885682128419	88
-0.015194095097771	0.445001002194444	624
-0.0959864959248829	0.563438326876835	248
-0.00528440677021602	0.588035626021005	15
-0.012612686173804	0.451020231376638	132
-0.000572177509719052	0.624481476204884	52
0.00980850388374899	0.616659964897623	52
0.097078321737325	0.387255832103655	52
0.097140203744316	0.380017483336541	52
-0.090732886158932	0.553243131456555	52
-0.112555892976028	0.61620665647135	430
0.00709259433874698	0.535372731006334	430
-0.118527105663866	1.00642973733381	76
0.092634776941938	0.405186301098788	834
0.123624936300445	0.230785261529041	834
-0.046056503951227	0.513375024505179	834
-0.10558625036016	0.802321904093871	165
0.00497813822599802	0.342090357637062	165
0.069568788340391	0.268403927281635	165
0.062871660365441	0.323002776317477	165
0.022895917839096	0.387452734047962	165
0.062211654893283	0.552819084384279	86
0.074152711052513	0.344081627175001	48
-0.060229190708614	0.788721739857107	48
0.078959235464358	0.491970250908537	165
0.032054805169343	0.416720303472262	47
-0.035701501303631	0.621649078131727	1132
0.01744736706345	0.536443100516294	1
-0.035798745867592	0.657351436244885	1
0.014654747202787	0.333529887542829	1
0.067664035099865	0.344318787004446	1
-0.035942277042488	0.428967121005988	1
0.117486143263131	0.276016370814665	1
0.01365330524717	0.335298813896736	1
0.124782475581062	0.182408055461285	4
0.100016908006532	0.120010510073789	4
0.117758935701685	0.18579244427824	1460
0.103887600179861	2.22441539639911	1755
0.073392622056981	1.4102234675248	1755
0.063786431863646	0.828949978494038	878
-0.020920951910957	0.700875051582791	65
0.114563298628074	0.289656069374982	65
0.112098675435841	0.353336198153156	65
0.07808444328892	0.374830982683967	79
0.06307618493531	0.35238089482318	110
0.026551772339882	0.467604047635519	624
0.049549421350505	0.500322788327057	624
-0.015522023126546	0.567916659998808	88
-0.00170581818945204	0.53338409596005	88
0.072438811490236	0.373545961721352	430
0.000757996154861995	0.348214685011354	76
-0.103564756216824	0.451337995172234	834
0.043298114051253	0.20347675525194	834
0.080933169431593	0.453438550952246	834
0.032814290502031	0.209250010325905	494
0.097378801784841	0.399648171243957	165
-0.057636510114935	0.607645889142141	48
-0.02543611027758	0.641918981716276	48
0.107841170613227	0.462871063000983	165
0.085173276897742	0.52116101036674	131
0.077690415823608	0.565221609248875	1132
0.059066186007373	0.580912342625413	1132
-0.00604450932370204	0.642994906950263	1132
0.120361383846079	0.401173359194178	1
0.038781822781068	0.20517001285253	1
0.037696326948433	0.205971227736404	1
0.12245371537616	0.245407310109239	585
0.059008118723813	0.314307203653681	1
0.00923324181297702	0.338275444457882	277
0.070752859187945	0.305897278997542	277
0.069963808111506	0.305695848361508	277
0.118439652797565	0.28886431967476	277
0.019344335875693	0.280933409101806	133
-0.065146056846047	0.38387833717577	133
0.10608456407206	0.11554947952902	133
0.121594219219401	0.175053230579748	4
-0.057996723559664	0.380809304929345	1460
0.10108141537701	1.57096473133989	1755
-0.032863176530384	0.978558841189098	549
-0.033768808730939	0.419481021744755	65
0.057675020090813	0.317341381523248	624
-0.0581204195814951	0.822352776971574	88
-0.027688528830807	0.640466859434405	88
0.093491356186505	0.579854066582894	15
0.04824943064786	0.505817753934584	117
0.071081837364076	0.446524248538304	52
0.036534071234746	0.580620368704479	430
-0.052126906565502	0.593855662757906	76
0.038781822781068	0.20517001285253	834
0.102348101305941	0.396847726942479	834
0.094645855615425	0.559001906782654	165
0.009267722704072	0.331928842560155	494
-0.080398316798768	0.670308098509368	165
-0.075106576279053	0.80015910758841	165
0.105900122778171	0.38803197141859	48
0.073254666472488	0.46512223896561	47
0.0669372428881	0.735976511931727	1
-0.07763623361811	0.228145530889719	75
0.077615826503805	0.499129210629238	1
0.108764350650844	0.383807764771585	1
-0.109577518545455	0.464294097373409	278
0.069841420417683	0.402685222968119	277
0.108170050799434	0.270728819209558	277
-0.069092786837423	0.313649817293797	133
-0.070990724432331	0.313225920566921	4
0.102399525798718	0.117299474519056	726
-0.035577595309348	0.410206147568367	82
0.061410064626654	0.734298078672167	65
-0.016635683014063	0.945266989129565	65
-0.0623884155873931	0.857725464996614	65
0.09525304271392	0.493185596187129	65
0.115515940265761	0.28485936261499	65
-0.028972710038747	0.410405935670446	79
0.012939007803162	0.598887209984722	624
0.040548480685583	0.538779880432824	15
-0.075483875775778	0.757567593085982	117
-0.02612947575082	0.747949788480792	117
0.025006076533629	0.635738224729703	15
-0.019450365215158	0.604371732214431	52
0.015290379582805	0.571566480647859	52
0.109196414839255	0.353056038656246	76
0.017903638358097	0.803353182620076	52
-0.061412472078715	0.380958883689782	834
0.074484085869361	0.331192087160172	48
0.087030278287263	0.644309083103365	165
0.119118433322925	0.505227991473708	131
0.033063416198163	0.464610105685108	47
0.056534716130785	0.647418989612053	131
-0.00504825089447902	0.735592168920085	1
0.07486560406686	0.303184062631608	1
-0.08122500793231	0.235766624368238	1
-0.064353828652751	0.297268351566293	1
-0.06697589593133	0.49526714429347	1
0.00927888771497898	0.353111341212464	1
-0.08235689316279	0.235822042366325	235
0.076245990860226	0.256449547205575	147
-0.036347589688127	0.545208335058701	1
0.08470847619875	0.479047012985888	1
0.068946048907312	0.424296257332272	1
0.00872361605441702	0.289832005996791	1
-0.025526395546839	0.596064630288995	1
0.061756940676563	0.356124995517075	277
-0.037034191511915	0.429767596516441	277
-0.054725915290901	0.373938949382408	277
0.0740711690317	0.343431431971137	277
0.101208678337821	0.119944633438756	1491
0.093889617581682	0.118439499749841	70
0.035878172668004	0.508005821654316	65
0.113145218354426	0.542211399526043	65
0.072481392594088	0.438141727654821	65
-0.0863719802248351	0.230963305945668	65
0.05873570355653	0.3207071976804	65
-0.075331849341383	0.81284660873151	88
0.013520295163615	0.338503117667659	15
-0.030787345476238	0.418908643101626	15
-0.025879969769239	0.662741754438963	76
0.062895474357552	0.494527801682506	76
0.107057764858185	0.447865543946893	52
0.122157661501035	0.455693833114255	834
-0.124371435073943	0.498869149361609	834
-0.025760312797144	0.761346770175043	165
0.073873766120645	0.495517732568324	165
0.119147956312731	0.186668055974095	165
0.062929959790204	0.398044444645312	165
0.091317480795577	0.462673763357285	86
-0.034235953542504	0.794505273369073	165
0.098953489722081	0.529944271063881	165
0.108984920394042	0.563008341597882	165
0.015884855859083	0.747210254462527	131
-0.051528169094042	0.358856747784392	495
-0.077453470472797	0.232779835540681	1372
-0.060913311935252	0.546074587217923	1
-0.038253195588309	0.478425775102082	1
-0.0797771096811229	0.696861814623185	1
-0.015581675040621	0.443000520860863	277
-0.10071895390211	0.449343709059596	277
0.070902723018448	0.252990292048168	133
0.035787543025557	0.201426046126518	381
0.096051021947323	0.118449944332367	82
0.120274252817009	0.245729790332915	82
0.109966787810213	2.32287619216423	1755
0.08093004429528	1.22044877808005	878
0.022804167663722	0.975864084331775	65
0.117600712741647	0.733409475527274	65
0.11406186496262	0.526553581457176	65
0.106324839606866	0.438849403488328	110
-0.034052553126704	0.546057685624799	79
0.065064232329635	0.314165306809982	79
0.048063155720571	0.483754727223985	624
0.069367179225759	0.487271434152723	88
0.058525795528302	0.656011297708725	15
-0.00204836739635605	0.52094441168267	15
0.077237724120572	0.495915685588231	117
-0.060605246361871	0.99997591101082	52
-0.0873757128946	1.20291539852737	76
0.023799543758304	0.881473566493799	834
-0.014224007870661	0.451973733811585	165
0.044356136998983	0.5807243163671	86
-0.077781447272433	0.734647454193671	47
-0.083529928841109	0.978403986456457	1
-0.122962512639991	0.519465077178499	1
-0.047422314785901	0.365785292449167	303
0.026977506007763	0.203553757328831	303
-0.088263717869818	0.238387595906777	1
-0.083094897402193	0.231836292411909	235
0.113909757300877	0.351846296800113	1
0.013389188872858	0.497495086633897	1
0.062621168488959	0.463252707566999	278
-0.031795625310183	0.48890830007371	1342
0.115608465357206	0.186299139240439	133
-0.083551727938351	0.234432692564786	381
0.072818692365991	0.265522264828125	4
0.124903594959521	0.182012025006066	4
-0.083302636137941	0.236827924872992	82
-0.078633203477207	1.36762153638709	65
0.081116123228214	0.850284237697959	65
0.023790286013642	0.968145072998153	65
-0.00711625107524305	0.651860547742802	65
0.087440228992635	0.596314508292865	65
-0.016792006683642	0.481509034898947	65
0.115855070153313	0.185888522895754	110
-0.116174627054218	0.610066603003285	88
0.035661145559151	0.606069451773972	624
-0.043005956767033	0.42486314022413	88
-0.016228091873844	0.560843574778138	15
-0.065087086759709	0.495398935240262	15
0.057179180465105	0.443490573571778	15
-0.046410620287864	0.597698269515594	76
0.061991816603886	0.817881286615979	76
-0.078629835501537	1.04892884905492	834
0.094118702801475	0.72361800838124	834
0.049058904099511	0.787417043402391	834
0.077256517672742	0.524823042395146	834
-0.053601811021681	0.37550749762571	165
-0.071347841216261	0.500548005854207	422
-0.016996648850335	0.880031059704347	165
-0.00990738406362201	0.563069058419031	47
0.063367830324674	0.321686609023458	47
0.026977506007763	0.203553757328831	830
0.036994995594433	0.402490348960732	278
0.070605072076921	0.311231404597101	133
0.019058776863211	0.421858725451199	1342
-0.0797156795758131	0.231075374721438	4
-0.078400997096143	0.229391714167355	4
-0.055751229097499	0.295241015724067	82
-0.060929601021129	0.379943049746745	82
-0.076323552139275	0.230844812868895	82
-0.080093915239182	0.23379307948698	236
0.120594564611569	0.85759893920946	65
0.066553837537781	0.638159241091022	65
-0.106799884142898	0.868374972554443	65
0.070053659745761	0.354655176252316	65
-0.124983065401911	0.524242795060068	65
0.015652859716573	0.337983200567294	65
0.080570156820335	0.51676165173504	110
0.00618748515497097	0.50128833812299	88
-0.028955598038594	0.853591067726107	88
0.057069691843593	0.633497810763771	88
0.085778563100917	0.415189717547215	88
0.004037332236696	0.355272020130977	15
0.026393138970258	0.639667682213943	15
0.11706784736864	0.407332760297611	15
-0.024587050408113	0.693292454795406	15
0.036314046626214	0.660905068445307	52
-0.015752427008521	0.457297278814336	52
-0.034493078307907	0.566530810955813	76
0.103273580773706	0.523667275726803	52
0.068702419633202	0.782758741554007	834
-0.00402821308661605	0.537050457955118	52
0.107686137295397	0.329856907180032	52
-0.000693961625183981	0.74768042756381	165
-0.109577518545455	0.464294097373409	422
0.060180655612688	0.658358245011103	131
0.076181518048083	0.255983459399451	1
-0.0920999452161551	0.227001180418012	235
0.08423045563891	0.434920775468765	1
-0.054787322782084	0.373593005622557	830
0.02915567176942	0.203124380503403	1668
0.00183714870079199	0.351356783080119	133
-0.074226608062836	0.573750534667724	1342
0.020470985242201	0.273916484017858	381
0.094856471977352	0.12045190662312	22
0.060635887390265	0.317403298662283	1491
0.077906595055935	1.35474128161726	65
-0.104031502722638	1.74250020173872	65
-0.038121200406774	1.31301532008863	65
0.071600535715643	0.821402685032609	65
0.04182924657801	0.795873209488379	65
-0.055451640129267	0.366778827267247	79
0.079089760527111	0.521801920998152	88
0.066669913123297	0.553411777369546	15
0.026171941088287	0.644081876458063	117
0.083047617826911	0.577752981585657	52
0.063457975708075	0.473445232326274	52
0.084283136992201	0.459989847505016	76
-0.116413306678776	0.815806891467032	76
0.107360776598794	0.587785797968051	52
0.078892739946388	0.730267311085239	834
0.050641520032739	0.562493135475063	165
-0.08449576503687	1.07625985798564	86
-0.00649970364979002	0.740011946712223	165
0.102850195186841	0.420449096484982	165
-0.0463169047997351	0.852031040274773	165
-0.108582829056631	0.954221949646664	131
-0.099723574419986	0.551127867527749	1
-0.0842287414555321	0.231904743253823	1
-0.0810362962242031	0.234785144539953	1
0.077565218179882	0.261139176803153	1
0.120160852347606	0.181451592309462	1
0.025615376526673	0.594818351433615	1
0.017275629076306	0.473177159109362	1
-0.00232852237841996	0.638171306517909	831
0.090963371450402	0.449440682164984	278
0.113490549455752	0.337399539005412	1160
0.121473871010152	0.180829872024727	1668
0.069800758904499	0.410987594498766	133
0.00708451625572798	0.344920469884689	133
0.103923839810375	0.11595248961356	381
-0.081961857018375	0.229947862004473	82
0.040668314146765	0.203443313791849	82
-0.056751737936924	0.369237538708492	2294
0.099408717743241	1.2429483303841	65
0.028463788020589	1.36499271042212	65
0.072423562497376	1.14527071922135	65
0.099993742623519	0.951016157634769	65
0.065532776375931	1.02542578179003	65
0.069244497600519	0.587781205900614	65
0.034688384186905	0.846547302780519	65
-0.016204352750276	0.925323643166702	65
0.107766812706225	0.321337865145256	65
0.065162338044834	0.568602302234719	110
0.009239278750932	0.349455981998584	110
-0.061985251773706	0.376333084549553	79
0.117464171013359	0.289123347952654	79
0.07489070164718	0.448776181223075	88
-0.099454504916294	0.765170218158163	15
0.113699434661252	0.345054351287349	15
0.070075003491005	0.412408719844984	117
0.071556470060969	0.591841843803253	52
0.103973463111576	0.460883641778904	52
-0.045906316477227	0.72408727786033	76
0.087689412566976	0.861883613381924	76
0.078085935668934	0.863065500668263	52
0.027971353535142	0.372123591887938	52
0.022192550562673	0.388887251894907	52
0.080357910698528	0.257215224171048	422
0.033838874515697	0.405468732138584	422
0.025720949959351	0.502350660896333	165
0.078809392892613	0.494107603954466	165
0.118753363000378	0.601112687793045	131
0.112078675424278	0.642888519708588	364
0.060200722434801	0.82119603687443	364
0.061134871626554	0.573410247947865	364
-0.0269060466052899	0.40910694834419	1
-0.10283077775092	0.450096839488947	1
0.116806560169247	0.186652357412269	1
-0.116896774314114	0.737719310395085	1
0.015177732069325	0.27932688383505	1
-0.104921924379643	0.648370285851802	831
0.080249483637119	0.403753907594997	278
-0.052590431627496	0.364142352204131	413
-0.0877205059727561	0.5384749652654	61
-0.0863719802248351	0.230963305945668	381
0.030684904779245	0.40661337125883	2294
-0.090344251526885	0.232468807219561	866
0.098766600271035	1.5806825734162	65
0.108590967389929	1.07748007089808	65
0.106463423803225	1.00615816885853	65
0.071197588650129	1.22910017207755	65
0.00858869336353002	1.36571648233153	65
-0.006602457948651	0.991499263600128	65
-0.03371455176856	0.534893334625328	65
0.018529327160352	0.788762492264315	65
-0.020528860674046	0.755544941516648	65
0.12446137168348	0.40516917285258	65
0.066956335929946	0.486005811629332	110
0.012201582408398	0.503479887208334	88
-0.044127216284969	0.516884408520131	15
0.041294995490546	0.595345477902453	15
-0.043931911619742	0.5002521609474	52
-0.096542491499801	0.72603777732156	76
0.010899167883487	0.287246186010641	52
0.062221596219	0.704721497092063	165
0.013526193659614	0.771013634234241	422
0.060715474273378	0.318347475080279	422
0.014654747202787	0.333529887542829	422
0.038694232292148	0.205296640432502	422
-0.071554142128466	0.496921877399106	422
-0.107403513650087	0.468178596411391	422
0.040182598335016	0.812242284097399	165
-0.00420297326213703	0.510552380204441	165
0.081460341068985	0.520041222964176	165
0.086420923911376	0.808894970377294	165
0.070081213730626	0.483343738002485	47
0.121780035827652	0.657136356867658	364
0.10970205615205	0.717201337258083	364
-0.0863719802248351	0.230963305945668	364
0.062900356321034	0.355963405038702	1
-0.070041208901684	0.314929716407538	1
0.101208678337821	0.119944633438756	75
-0.075376309331473	0.226221886331685	220
0.080285886581105	0.426571899600847	1
0.023311505779069	0.54894845254846	1
-0.078818127136561	0.72243520321628	1
0.089849066707497	0.508415951382034	1
0.00465965697487097	0.613461149074932	831
0.05420551559911	0.657474683593221	831
0.066044652339364	0.320106837457804	413
-0.084632114675306	0.708244054106767	413
-0.018983309417447	0.455267896039739	413
0.119492871734984	0.27794202748293	133
0.120403881972452	0.182033087574199	381
0.036610102643165	0.20551108124652	381
0.037553857296827	0.205800202487664	82
-0.027762169752199	2.35394916658081	65
-0.01880494005977	2.10710184837241	65
0.079173677068226	1.22908487681078	65
0.117141390878329	0.995527260705945	65
-0.123819076356889	1.37811771086805	65
-0.061532234046255	0.478746135599341	65
0.063037714962057	0.493178741511268	65
0.073911604264219	0.386592262070576	240
0.113314985420823	0.32355286047585	110
0.099810118321771	0.554956859836332	15
0.091373338010422	0.649678316911617	117
0.068076659099967	0.357480717359876	15
-0.091255262787018	0.831620312748282	52
0.074990445103854	0.531316094829958	76
0.116012962119221	0.425684495822211	76
-0.106912852264493	1.18579011986834	76
-0.074990241478043	0.744789269306988	422
-0.00570798151170204	0.777147599401498	422
0.011506707474087	0.737313455813018	422
0.100016908006532	0.120010510073789	422
0.00957973907077397	0.284973609882333	422
0.0727084316098	0.362988009407296	165
0.065238413974072	0.794783588656727	165
0.066017363422728	0.539467713394964	47
0.116806560169247	0.186652357412269	604
0.121232659199439	0.182156725762376	1
0.047871917735978	0.529407027177661	1
0.096051021947323	0.118449944332367	1
0.112919025342852	0.317555438549783	1
0.103956859737061	0.488917273527205	1
0.00292107897794103	0.348336525897244	413
-0.027972733742041	0.398295417901588	278
-0.034790546794402	0.420324991142267	133
0.039583430306176	0.204237090917593	133
-0.09144607983912	0.543771023947838	82
-0.0920999452161551	0.227001180418012	82
0.103610291971872	0.830370321577301	65
-0.119999354279744	0.630190237661862	65
-0.00874282058853704	0.763995409594292	65
-0.056562012239716	0.682462229567227	65
0.063602737907204	0.389381392318231	240
-0.0517140044304471	0.521893096033732	110
0.035523731754432	0.451691639613872	11
0.055587832204187	0.348026268924654	11
0.00558425367749399	0.512880374326046	11
0.00397421341036802	0.73260877488678	11
0.067142021267599	0.356566202432648	88
0.00617221931314599	0.786532137292256	15
0.031593671198228	0.626907365287748	15
-0.063140228415373	0.859799691463123	52
-0.051085414933353	0.591486509893571	52
0.075576369188235	0.778196783203312	76
-0.06780934959375	1.03971546931448	52
0.092516048698878	0.728100701722663	52
0.103683247255337	0.762527408440246	52
0.071149150125721	0.748047613576311	52
0.066052107713814	0.425827797777352	52
-0.120231994308803	1.36859599222484	165
0.04459587049229	0.505786781639973	422
0.065055476956612	0.356894900624711	165
0.100179374920594	0.396959474837807	165
0.054272706173002	0.456782685634134	165
-0.033893686820642	0.687369988602301	165
0.072965606335377	0.541623667345822	47
-0.057952282456157	1.22984216758866	47
0.124500454522016	0.271265651822738	364
0.019632032842068	0.392486401056654	1
-0.059017652191113	0.307219097215709	604
0.012878154594853	0.289448919179957	604
-0.096452202037715	0.22338391241834	1
-0.094562329969593	0.226709085152364	1
0.08566703959387	0.250626961476584	1
-0.039938805514533	0.631097232656959	1
0.038309698303666	0.594332272056799	1
0.101650748405473	0.447724960744906	1
0.073710888472108	0.416393790548554	413
0.108118782913765	0.330369417264028	61
0.029833350262729	0.449261714667468	61
0.124627661568142	0.241858278418794	278
-0.066626515151629	0.304404730664758	133
0.00774613823548398	0.287831551469161	1294
0.082671762836677	1.03027167146154	65
-0.0665437023362579	0.487764770410899	110
0.052895351536623	0.63355818414181	11
-0.121450887868392	0.860632795849192	88
0.121980692242287	0.819881487759482	76
0.032914532409022	0.879397948168792	52
-0.026108537081161	0.60134982712851	165
-0.069214265601625	0.880722139458939	422
-0.062450980171436	0.305108863606505	422
0.012758703942261	0.283477270014223	422
0.072534352282547	0.449129654557977	165
0.018418039958271	1.00828081665459	47
0.10017216516577	0.801054688120729	47
0.00824865760715099	0.990613737844495	47
-0.043998490587708	0.422442672646174	364
0.068706167639551	0.258760867081683	364
0.041314673416722	0.194824013101817	364
0.00665473428253099	0.288577090865918	1
-0.034690590377274	0.41865064665459	1
0.01396977201862	0.290038552143514	1
0.122253321679307	0.184352763871985	1
-0.083528384813339	0.725676505913882	1
0.118712197794477	0.183374419341836	1
-0.053656783737469	0.375338232346464	1
-0.092691938407038	0.953040760541815	1
0.069320051936021	0.560851349892181	413
-0.072249746259669	0.582169003085896	61
0.063302736681479	0.362903355459305	133
0.040325365549594	0.200397334614641	133
0.120525136940404	0.177269032701499	188
0.094628405386906	0.115920487797842	82
-0.010110854777334	0.449563309946429	82
0.033757464531852	0.207197198608219	866
-0.03060412562949	1.49118837830463	65
0.113721858785636	0.747634031277379	65
-0.057447401186253	0.746544433438339	65
0.072702537116026	0.418303851104668	65
-0.115398421962053	0.979491967299584	65
-0.105710375095155	1.18503622853881	88
-0.067856948928205	0.715841541243175	15
-0.099922645857486	0.642980451344432	15
0.09721224196927	0.877355950397934	76
-0.064074334074739	0.381944001736519	165
-0.035383675401584	0.975143640646708	165
0.046654557574466	0.66756671246018	165
0.092768557757534	0.751848455541288	165
-0.067583975318393	1.11260395230717	291
-0.123043034003713	1.07966237735968	47
0.07269029105044	0.538014543897623	364
-0.0842287414555321	0.231904743253823	364
0.00094431582837301	0.472495004413248	364
0.022646351895078	0.272327089496766	1
0.124903594959521	0.182012025006066	1
-0.052533870040738	0.373943758679518	1
0.032455253548907	0.602579513063038	1
0.00562283375478201	0.645569007123879	1
0.120004423710912	0.404015995079494	1
-0.068199604528991	0.677253512213061	1
0.098000001471802	0.505419389020756	1
0.032856097817932	0.48497577799933	413
-0.107376259102169	0.791507082675382	1160
-0.00476056323899599	0.513348164365373	133
0.098757177964529	0.116440378601163	188
0.119333131688538	0.182282413888035	4
-0.0182246357407559	0.459875139901448	82
0.00821958650010102	0.354822162280106	82
-0.060035757819678	0.293151426576122	569
0.03699385579966	1.11658035132995	65
0.11061094004762	0.327364584777633	65
-0.068068018422452	0.307232529780208	110
-0.00419513076126399	0.47951470450757	110
-0.030925936899558	0.529352684095251	11
-0.079512598827612	0.878963064041586	88
-0.121329975531166	0.728940062551953	117
0.022696270516818	0.367218265405013	52
0.034412851046802	0.809640399423109	76
-0.063015367405	0.809244535098426	52
-0.090624886893176	0.951960581116482	425
-0.019500880356177	0.582371249419186	392
-0.10931521547745	0.461352539681498	422
0.075730967934994	0.456437678212399	165
-0.00755781676859202	0.882937463402269	165
-0.031879417230377	0.606189308895676	165
-0.069234771066869	0.728177437506487	165
-0.089744560014675	0.935925399891963	131
0.024439754367998	0.729666380292311	47
0.105443751680656	0.455052931441128	364
0.017349626002304	0.275166388560577	364
0.103617860186862	0.318606399117245	364
0.060853325088659	0.318393126496899	364
-0.120568368346377	0.518012979737019	364
-0.065524528658381	0.461570667999777	404
0.117244188086401	0.183076129350149	1
0.07145307786005	0.372509212141993	1
0.074420588271826	0.349093774883685	35
-0.036651763045485	0.410088116451512	1669
-0.033184032152388	0.415329334861061	133
-0.061114106098754	0.296841417363102	133
0.070621725719036	0.256822606486596	82
-0.071603026490081	0.217233982053428	82
0.063444002557871	1.63015325133184	65
0.103745479209654	0.926733088668261	65
0.113885299095367	0.771644992287417	65
0.0976618722483	0.799432488443312	65
0.099795135752692	0.32696253918934	1193
-0.060091070562933	0.30808608672788	1193
0.096641159151417	0.368102280736278	11
-0.040431427139238	0.57169348053311	11
0.088162759138719	0.450460954025868	88
-0.036363048793969	0.428111543008134	88
0.108571790531389	0.375425697409989	15
0.122485241348707	0.57360978432229	15
0.048745533279276	0.520592839830537	15
-0.107224820123085	0.588724513147058	52
0.057019297790749	0.518911743816898	52
0.109248592928955	0.707427145192439	76
-0.026216820038961	1.16881011650366	52
-0.026446283892081	1.19303602918818	52
-0.11951520436455	0.501810743884641	52
-0.039636525961969	0.432402302643186	165
0.042474739515664	0.396358652327918	422
0.07408396143078	0.256957410488893	165
-0.04637846485899	0.516383683317685	165
-0.00636082037893704	0.581571268169571	165
0.032826339483834	0.931038657891795	165
0.00603513098956299	0.513122058053301	47
-0.014113903938531	0.708218310019701	47
0.124662862146976	0.547252188829409	47
0.00598628667616402	0.789797694991278	47
-0.0984120503096399	0.221332809364004	1
0.022538574578352	0.379359288458272	1
0.06743932890721	0.344871740863606	1
-0.059351173085212	0.294609656446576	1
0.021916425078744	0.560232583435543	278
0.032568336880998	0.530339372208079	35
0.122191087251596	0.30415337752485	61
0.030735403496939	0.420682231996595	133
0.110024424173644	0.393322408447521	133
-0.03434449493464	0.414987083287812	133
0.073363638245344	0.266959936658162	1294
0.120329259109775	0.242633804438643	1294
0.100016908006532	0.120010510073789	82
-0.054575634814741	0.608069881322359	82
0.099049026225973	0.117973999074777	82
0.035723285040906	1.22783444067466	65
-0.041513535555689	0.58179758659655	65
0.119567527933424	0.371643981030145	65
0.00980887678164	0.288149721009537	110
0.051435121886332	0.357605941403846	110
-0.038719223671568	0.408488049317101	11
-0.042770178098165	0.852487466257992	366
0.011585232865521	0.418003174673464	88
-0.06352372527658	0.305960743878006	88
0.102616424163453	0.466307264260073	117
0.049876678445532	0.915422497398445	52
-0.102097271434627	1.37576327364805	52
-0.00393965165656696	0.470124873020859	52
0.012443827445837	0.343134856662021	425
-0.058917004988836	0.369750399438559	425
-0.089521943922746	0.916359979283274	165
0.041402126914729	0.443692231824291	422
0.097202483971031	0.518452143887702	165
0.095234132007728	0.600996261646604	165
0.111831381949431	0.682220571161752	165
0.084689952595021	0.751053788079044	165
-0.016839273320825	0.859374919488594	165
0.049294585070903	0.497655871792273	131
-0.065014446873424	1.02061496699989	47
0.033469628311685	0.727549120857856	47
-0.057755977524651	1.13354951688925	47
-0.078400997096143	0.229391714167355	364
0.073068016500289	0.256668291154368	364
-0.054675917197561	0.29441726254876	1
-0.056751737936924	0.369237538708492	1
0.089681609727917	0.116938696616625	1
0.098965868094202	0.555000187664489	1
-0.088886649745518	0.622464876132101	1
-0.078584179258835	0.23284169360771	1
0.019057438402152	0.501031019202383	278
-0.0627930508681031	0.751313814694072	278
0.11935980180813	0.306496623175727	278
-0.061528331674079	0.475263194185618	61
-0.000957101844287989	0.482180934436634	133
-0.123709993127715	0.516584887105238	133
0.018374734500031	0.282152856428861	133
-0.064243130228007	0.295704217299289	1294
0.041410591957728	0.200814038540429	393
0.101208678337821	0.119944633438756	393
-0.030382666396101	0.417843080004801	82
0.04424217516909	0.198701429250084	82
-0.047028879326253	1.26662042915652	65
-0.076591823819448	1.06176962713422	65
0.07339209893508	0.385934337467346	65
0.039355395291882	0.442396535811665	110
-0.0864877135222571	0.850561000074086	366
-0.097452084194243	0.874779285804408	366
0.124094478886999	0.516765272561253	15
-0.00309556209031903	0.630497179394788	117
0.090257360767855	0.519031872358313	76
0.076039393477771	0.800586252244152	52
0.00614207345040002	0.695835516089184	52
0.113435070157398	0.279567741811541	425
-0.12496603808715	0.528935305231775	425
-0.108689943012173	0.463165075223265	425
0.065682356928128	0.673879794062076	425
-0.070978186863866	0.795656112692198	1553
0.048094806232512	0.193519849028175	392
-0.059389054290344	0.384690989428777	165
-0.10975292810183	1.07931202974096	165
-0.080482878358194	0.876162381042911	165
-0.031686638260394	0.528031867313892	165
0.050803442230795	0.418028495147819	165
0.08460217459787	0.712787763423921	165
0.082154134229799	0.734763470497526	165
0.024188475106042	0.738642748697599	47
0.027865741507572	0.370110627611307	364
0.07901393911974	0.375450397392498	364
0.120224273615857	0.187007486334419	1
0.059496225093214	0.581190292527279	1
0.02079307652136	0.528632061153984	1
-0.079179356440844	0.807137784363715	278
0.059985662254926	0.356007398558767	35
-0.00652583253187899	0.439282616494795	61
-0.076274402297805	0.594215287381874	61
-0.072273014079276	0.297033666937086	133
-0.1033576612607	0.467318170812063	133
0.101431964186917	0.115380333186248	133
0.00992732911272198	0.287483154644558	31
0.121473871010152	0.180829872024727	1294
0.100919617608709	0.114260532682973	5
-0.036651763045485	0.410088116451512	82
0.033934610925101	1.31199694450207	65
-0.023747330659785	1.20314713958753	65
-0.094083204652066	1.10327238814173	65
0.038715637366954	1.25909941879766	65
0.072850544353293	0.929289989410901	65
0.03476775873216	0.867681513398006	65
0.106293195756883	0.616060106250203	65
0.032346167183088	0.493248643893123	110
0.082493760528195	0.254382862583429	110
-0.049412565832745	1.01993819082823	366
0.121387195607808	0.246710489899246	15
0.109169003907561	0.589665005628419	15
-0.059055543524022	0.989187215369541	15
-0.01816303120929	0.694430607944407	52
-0.096202175323825	0.725308423151241	52
0.011459313257696	0.342253730925328	52
-0.10234781630576	0.443759516131679	425
0.013692727594923	0.87891503184909	425
-0.105981832304826	1.0418080840896	1553
-0.025437412385365	0.462696255787331	392
-0.00364789963335899	0.689103000208047	165
0.00395408768776401	1.10263945201186	291
0.020828586698103	0.909726539935242	47
0.063128874493909	0.714887706042901	47
0.069211903599845	0.315816228487292	364
0.115855070153313	0.185888522895754	1
0.028213792092094	0.202862839690483	96
-0.049556871724701	0.367404505856856	96
-0.116127346045938	0.814790975231178	1
-0.019823664552952	0.66804816815399	1
-0.049573747001907	0.349141283317008	35
0.081547051367671	0.404209156656911	35
0.0320315146448	0.413667266148129	35
-0.0364139861600959	0.689303018311499	35
0.046117009637042	0.436592378796896	35
0.099792654544055	0.114760959528646	278
-0.076465254167878	0.302229968304938	1294
0.038639775260826	0.206266317114601	1294
0.033613408435511	0.200336352217991	393
0.031871319204596	0.208938791074023	82
0.124296220881165	1.04060970557448	65
0.120350741470149	0.912827067926996	65
0.103986783362149	0.353178610553643	65
0.06220723003057	0.628730869873979	65
0.048355130238538	0.593305189282435	54
0.00882087422484501	0.273322872586801	110
-0.079904329944108	0.229247374617703	110
-0.0495871441906121	0.442492335927157	110
0.00610184956909099	0.350658481883295	110
0.111699721277769	0.44143568133449	110
0.122952995100579	0.380415626113732	366
0.074787961750769	0.588603234112867	366
0.063431431672523	0.378883861504945	88
-0.083942346164695	0.854360293628354	15
0.063890441244037	0.387106528397106	15
0.036942688375802	0.532293319738793	15
-0.049980274349436	0.638437574538319	15
-0.021741894616201	0.60613931441644	117
0.11307046641332	0.688948312566981	76
0.104193041823646	0.573282931496116	52
0.010276956670182	0.920994645239226	52
0.00456816169233298	0.286938862185413	425
-0.013216366041392	0.445416498209738	425
0.016147649088182	0.27715705428069	425
0.120259249100904	0.242809468555081	392
-0.0230760574950299	0.836004427094304	165
0.023499346205459	0.379832976801786	467
0.093990519797926	0.866685138389888	291
0.116550542433011	0.722723005466746	47
-0.11036095538938	0.609698071953148	364
-0.058364332272393	0.375966159854844	364
-0.082169064587061	0.236774202358555	1
0.11118682074517	0.107813022239346	96
-0.048629196515408	0.667411655124744	96
0.013648096510721	0.719440360625849	1
0.087316103009801	0.487386736116819	1
-0.057011343847868	0.731479663002079	1
0.060678989123812	0.617154282940471	1
0.00636872647208803	0.534421435463078	278
0.036946566102504	0.516815195052951	35
-0.033076555526865	0.539453245555198	61
0.041035829589966	0.394992513858116	278
0.073166621768845	0.253043662395534	278
-0.098487507562127	0.455694534054754	31
0.100016908006532	0.120010510073789	393
-0.064494446582208	0.313383378753647	82
-0.098777476424621	1.21311839747828	65
0.019860277402113	0.706587483520359	65
0.118034514525594	0.697641477461943	65
-0.121953742390782	0.686404452212152	65
0.059658945602173	0.36336937829229	54
0.040229376485044	0.195028028876723	110
0.100540557530772	0.36671358634591	110
0.067102933733535	0.394531995629068	88
-0.045882389184625	0.50263713352412	15
-0.057654202618255	0.365053694589358	15
-0.055599488195395	0.660845568363404	15
0.026691325288186	1.11781894449714	52
0.056471326810217	1.00337487960903	52
0.038095304706382	0.666819862915862	52
0.044008727720212	0.848800035037971	52
0.068499956149254	0.540212445112913	425
0.073452008378381	0.262592512462598	425
0.058041156443589	0.916252023756334	47
0.047011922165415	0.194264921370605	404
-0.068014840359115	0.313546390856079	1
0.106305454459769	0.113418378970792	96
0.055960721442743	0.489472994699916	96
-0.059973179626541	0.306655423235941	1
0.00618168665532598	0.567407454896811	1
0.103800169477199	0.420969548059562	1
-0.068522162643941	0.560291574291187	278
-0.080093915239182	0.23379307948698	393
0.000648830611677975	0.534591460742894	393
0.048214558541714	0.869036144784463	65
0.061224143504765	0.456348845085469	65
0.014465250954802	0.536740679806168	65
0.090429204237983	0.461572674869455	366
-0.087804165137756	0.628287488093536	366
0.092043048049696	0.521414927697125	15
0.11507842740148	0.561945289982175	15
0.085122875377285	0.717627364853362	52
-0.096334921893978	0.56144115743563	52
-0.072144943877459	0.500658451632929	52
0.117184665638405	0.278802827731086	425
0.00502225416347402	0.347006632664771	425
0.061029388006047	0.356358782112431	165
0.012694879680424	0.61497707792821	165
0.016774161066168	0.924540543454862	165
0.082299517247949	0.69948384533098	165
0.077753366271608	0.40971221615911	467
0.104387512660116	0.574029586630541	165
-0.02408053419176	1.0664403028661	47
-0.080093915239182	0.23379307948698	212
0.036753086259938	0.201820036031048	1
-0.057357892518098	0.387654085355956	1
0.122183748400109	0.179813916878817	1
-0.064563106629155	0.92723390015303	1
0.077889937218751	0.378018681545942	336
-0.021918687348387	0.530704388891433	61
0.028477118300581	0.573229174257721	61
0.014594839579783	0.394643574287216	31
0.101208678337821	0.119944633438756	393
-0.0810362962242031	0.234785144539953	82
0.055650389462603	1.92882938238547	65
0.100297823055205	1.11540206803654	65
0.026476705663619	1.03017735667279	65
0.086207906436452	0.606301559317396	65
0.112076027562423	0.438539933075638	65
0.058714743184441	0.808675170132347	65
0.104602727499224	0.178860928520515	863
-0.051520604834115	0.373694785647954	110
-0.086726271437525	0.29001267260769	110
0.061483754908391	0.432548436501224	110
-0.041711986091336	0.91826734389152	366
-0.101384002141821	0.469284473782481	366
0.010674611346415	0.284789121770313	506
-0.077886411524969	0.965009234654936	52
-0.083998259174686	1.33284895744223	52
-0.094868951795517	0.556917585303898	52
-0.0575981913913211	0.353232742856825	165
-0.00409093526458104	0.575190820235901	467
0.060308301250629	0.750048571040539	165
-0.0693175984696141	1.21203634866455	47
-0.07819441200375	1.26020111138677	47
-0.069281377659371	0.308938104313003	404
0.114589349002227	0.184115618718333	263
-0.041355483160895	0.422014557891559	1
0.121795239321853	0.429723282367972	1
0.015196571081915	0.691329050096918	1
0.106996128726733	0.330140757923618	278
0.108088873115035	0.357443113396838	35
0.027898200589919	0.399911150876581	35
0.065265002947145	0.42452539730986	35
0.116517124683029	0.429839619295902	35
0.026378567269203	0.411867746357021	336
0.024756286805972	0.375568989051938	61
0.034844477889988	0.207011978109032	31
0.060423019572057	0.315055717983238	31
0.101208678337821	0.119944633438756	393
0.099049026225973	0.117973999074777	393
-0.078400997096143	0.229391714167355	393
-0.026116762703797	2.08604403003993	65
0.122509628936932	1.21657745150204	65
0.114177827755341	0.789326056318551	65
0.119859082963085	1.17161500836139	1933
0.056125357032013	1.31922026575516	1933
0.122467222480092	0.906666021469837	65
0.097796885985291	0.654743207636189	65
0.113509615758646	0.407374278182432	65
0.094986226373731	0.686628534607208	65
0.00749448097428201	0.280133207165079	863
-0.061335911587139	0.378976677030691	110
-0.078652325199836	0.219849669246465	110
0.072476082233797	0.259996327147587	110
-0.033303074291826	0.678876104059255	110
0.117232291589204	0.513380053443106	366
-0.062053904791548	0.389149929814392	52
0.014539336691858	0.860953958882303	425
0.018960568249727	0.527681027675631	425
0.044861237410059	0.646417105739749	425
-0.084935964188341	0.883326147487611	425
0.113761351742854	0.180479928305306	425
0.083756542900599	0.60335995141632	165
0.108611708962264	0.407516462796795	165
-0.027151363211283	0.881186131082612	165
0.115624810286802	0.719221754741996	165
0.115934342736635	0.65191718640231	165
0.00296079966142998	1.02255953348144	165
0.114119225972327	0.727119158169057	165
0.072814526502566	0.805780075422282	47
-0.062462005854298	0.557942418932988	1
-0.071946165595236	0.306037531938601	1
0.034988208615811	0.207234933523141	1
-0.041348410064318	0.433323633138027	1
0.043438445471084	0.203475386961769	1
0.104279975744661	0.333999478674148	415
-0.043449087330469	0.642909827739188	415
0.06767233714983	0.359124728695583	35
0.116782250781158	0.282319660899258	336
-0.013985686149947	0.454832501844627	61
0.040668314146765	0.203443313791849	31
0.103367485671149	0.114346150555686	82
0.101431964186917	0.115380333186248	82
0.03266972136044	0.205792343497741	82
0.056953129896312	0.92037464697064	65
-0.012188710682842	0.67625700998558	65
-0.095195731044062	1.18956117710997	65
-0.12133952532334	0.522469580553928	110
0.079511289731347	0.409647660688573	110
-0.087681614884589	0.731022101025712	366
0.038117548139136	0.404841844670401	366
0.025280645422669	0.471654718551356	15
0.105900122778171	0.38803197141859	52
-0.084560408899837	0.69259340948841	52
0.11149523308529	0.351175689461577	52
0.063292064621117	0.318728956291141	454
-0.0476150338553401	0.878353499494333	454
0.058166494848828	0.824559943521919	454
-0.039201671075051	0.416058346816056	408
0.044381999657707	0.202679925180319	425
-0.00415774409900305	0.697833314610339	425
0.017612352984658	0.600357720139748	425
0.117698793719482	0.461367822105425	425
0.060727108646941	0.415556970547673	425
0.089929545873387	0.787337555695689	165
0.062504026422555	0.885182752293453	165
0.018544413274529	0.570193844911553	131
-0.094924765757429	1.31583436219028	47
0.02836152923957	0.425863663670023	1
0.027499368972621	0.543728741721247	1
-0.0464684370221951	0.514847586379895	1
0.022057742509068	0.566978545584789	415
0.065884344470635	0.354999615733639	415
-0.0954789142128299	0.672435160766235	61
0.055707061845861	0.321291822278494	61
0.093889617581682	0.118439499749841	393
-0.00454638879249003	0.68806479103916	65
-0.0179681621015561	0.62156474517845	54
-0.082265747185535	0.615590012423793	88
-0.059684415585484	0.523920833586786	506
-0.0391297117571851	0.69530535440216	15
0.060155441505956	0.5423652433164	15
0.024869952910195	0.378051924126301	52
-0.043460450582323	0.589446566088282	454
0.036366318521637	0.703630935398405	454
0.082798890867795	0.813497213391861	454
0.044141823097466	0.900382411982246	52
0.015202185901181	0.277016662672552	425
0.115394507454897	0.656280494432874	425
0.053050002699497	0.583752209101724	425
-0.0877306577302021	1.00137341447991	425
-0.084077907019425	0.839603401543184	165
0.112389613374065	0.325882215984933	165
0.111506879528347	0.403089747205329	165
0.076915133203296	0.921666614734236	165
0.12324607829122	0.75985693238105	165
0.07535149458447	0.347820543013528	47
0.083967569383036	0.913939321130937	47
0.107944441123784	0.179912438056635	1
0.011754916732771	0.281372060387824	263
0.094136649330502	0.397094763886755	96
0.104062889637721	0.521765855604982	72
0.026400784052462	0.604532646498115	1
-0.063554571973388	0.381083989857883	1
0.089694047937836	0.699251453907736	1
-0.110820361247304	0.742053076106919	35
-0.06978492205515	0.747556565411593	35
-0.0495055676174661	0.633503285764029	278
-0.105272056263847	0.65142636158852	61
0.070652809575006	0.268888627604447	31
-0.105218372601341	0.47441459877017	31
-0.105348112724798	0.456847914086037	393
0.00980887678164	0.288149721009537	393
0.102399525798718	0.117299474519056	829
0.119190695946014	0.176659855398924	71
-0.037758344902902	0.430561955674296	110
-0.043298541039988	0.421563250394684	88
0.044474564800342	0.700872878514086	366
-0.016980038070618	0.837423829974413	432
-0.0649779089652049	0.492398093727736	88
0.11966349565321	0.450415096380102	15
-0.005921107671781	0.798125256186076	15
0.062260345796767	0.362186607319557	408
-0.057576617797814	0.730283094812387	408
-0.078400997096143	0.229391714167355	425
-0.0562262342038991	0.369029109390557	165
-0.030999462577865	0.412938312030387	165
-0.027180770340407	0.441426567338026	165
-0.017745814617411	1.21671277111628	165
-0.00936199034599705	0.556562545249645	47
0.059766910233456	0.886290025936818	47
-0.088263717869818	0.238387595906777	1
0.096051021947323	0.118449944332367	1
0.015835292213715	0.42933913223979	1
0.033403746877798	0.198370860527609	1
-0.051120730994669	0.375811716400689	1
-0.076505876555065	0.228071120832957	263
-0.063125683832422	0.38918190540463	263
-0.036043600345784	0.429754247320906	1350
-0.024715566702297	0.770390335596554	72
-0.00850567409527503	0.47927137245268	1
-0.029029661793802	0.768113071287527	1
-0.00176289766467796	0.860746205390357	1
0.101856741860742	0.368810006986059	35
-0.088451494251702	0.547320465834389	35
0.121684716163539	0.376652804095094	61
-0.025920125203538	0.457431243736763	278
-0.078584179258835	0.23284169360771	31
0.024343439921564	0.383049709811312	41
-0.083094897402193	0.231836292411909	41
-0.045040132292983	1.09822466463771	65
0.013304080507433	0.692957428756945	432
0.074470443868106	0.259755702297344	432
0.107793349781301	0.321094694630425	117
0.106183152979218	0.71559213564901	52
-0.101314023247567	0.471253847675241	408
-0.059965023684913	0.386927154172888	425
0.011691083950767	0.738673647602108	425
-0.032796700323791	0.744310881644025	425
-0.054098358238039	0.372325348541457	165
0.094594209709809	0.56771905018335	165
-0.079837023218626	1.13728988124351	165
0.04624748502883	0.665470360676531	165
0.00491194756493801	0.861938277431584	165
0.122738781897269	0.798223422206309	165
-0.102656823637065	0.868606593481916	47
0.036034014912768	1.28291793134785	47
0.00254489933097501	1.2403884263845	47
0.111948523538212	0.849820361159365	47
0.077230099894259	0.375525096670495	1
-0.116000259796497	1.32452963672225	684
0.051556047491586	0.68064979198105	72
-0.045514064503412	0.430366314028011	1
-0.038719223671568	0.408488049317101	1
0.053003809594017	0.867400896313596	1
0.094652814210174	0.478129952087593	35
-0.036311771391638	0.671255093071799	35
-0.037360630218972	0.691603323483276	61
0.00717841470619801	0.626211245696363	61
0.100228048446966	0.418107172798762	61
0.057307253565037	0.518864913829346	61
-0.0989393174223659	0.646800733855134	61
-0.0867641128622561	0.661187946747805	61
0.112480167552558	0.283492413637537	31
0.074946785936208	0.259437227986083	31
-0.084497995179495	0.231037644513301	31
0.102399525798718	0.117299474519056	662
-0.0646704667457511	0.491680839529543	65
-0.0437365802979111	0.946555808081707	65
-0.025119794183332	0.956604838142797	65
0.115279743937665	0.278424245417248	71
-0.0703697956353691	0.297328495394842	71
-0.00204331021955995	0.487134347460758	71
-0.040444427775605	0.423244680683965	71
0.029603190004146	0.719812490063525	88
0.059209865404359	0.733420171307961	432
-0.062498234429344	0.990162388689141	432
-0.08846294308198	0.704379698975044	432
-0.091514612390092	0.449585823465167	432
-0.07065713224696	0.92705549758159	432
-0.044300973788213	0.577058395134355	15
0.00925891648154498	0.353229944572737	15
0.054642689677388	0.638861939220927	15
-0.116560901885355	1.60404590539696	454
0.102930677602153	0.90080394341559	454
0.006944216763065	1.10578157991397	425
-0.064526182070214	1.14146978104199	425
-0.092579301012559	0.21249063784133	425
-0.039285554953352	0.421492844036333	165
-0.0320974044594839	0.540676049225485	165
-0.045089497724511	0.424401506472016	47
0.116020815726059	0.853828653961156	47
-0.025493506575634	1.39004853588207	47
0.052423282340427	1.00314427675423	47
0.00500407833823102	0.349464666300947	1
0.088756008051887	0.386645843041735	1
-0.053727429260844	0.287853432524251	1
0.121353351206443	0.182752495784492	1
0.071287588976776	0.264276840617753	1
0.074215307385501	0.254040364345891	1
-0.063056069243619	0.380280112699062	1
0.058541561007407	0.319512392615206	253
-0.071265586914969	0.814633934009236	684
0.116057963975885	0.683964241734208	72
0.056924191178639	0.59546545765606	1
-0.033818201934238	0.807059756792815	1
0.00238841405493301	0.620094219426277	1
0.111362404824051	0.27958970340805	35
-0.096693813421132	0.755285341852528	61
-0.044891701907529	0.351553166934657	61
-0.071398030285175	0.292579753658719	31
-0.027893834211534	0.411192676249866	31
0.102399525798718	0.117299474519056	31
0.101208678337821	0.119944633438756	662
0.042495091630087	0.200038364753643	662
0.047831877580047	2.23986444855051	65
0.116738855066606	0.51872125304803	65
0.015294896044662	0.278162213902786	71
-0.038822046255094	0.504192186763707	71
0.101071694850138	0.416097720088854	432
0.124528413759166	0.537362496536258	432
-0.000734005360308987	0.730995058623818	15
0.068949485295956	0.663968183580348	15
0.045788818167049	0.551516280396147	117
0.115220298643548	0.432919201723339	52
-0.021068291017512	1.16151922481516	408
0.00716057362795702	0.354159844042556	408
0.040450691861826	0.926417421914947	425
0.089335800946686	0.552277245109486	142
0.012493100600271	0.349092558477206	441
-0.00124937609044096	0.352446889620477	165
0.048031200260829	0.790627973849185	165
0.086885562587809	0.815295038965305	165
0.032562778244392	0.693535486316925	165
-0.014828523758545	0.730420204885541	165
0.002218586832758	0.83434109241625	165
0.102494914163444	0.928992733937099	165
0.054388400038401	1.01635024977147	165
0.055718870019229	1.21264743813531	47
0.118979599577417	1.0166438823483	47
0.074968844341861	0.384127693326226	1
0.120525136940404	0.177269032701499	1
0.032016495107781	0.204516036455236	1
-0.0643609961455181	0.304766926988457	1
0.036573762125527	0.51638103013009	253
-0.012825819282686	0.445649478656483	72
0.096168331912924	0.760633795029843	72
0.059625870442392	0.315865401488654	1
0.084311898634052	0.863385100942718	1
-0.099828962035951	0.438889586266836	35
0.016304711747951	0.483113390147864	35
0.038477756749346	0.432368691210235	61
0.042303227502387	0.714484962487799	61
0.041444720409679	0.627260034740931	61
-0.085146357352197	0.805682384407894	61
-0.054073925532675	0.531370859398417	31
0.077325929470226	0.254644747089596	41
0.033216938060901	0.640422946976792	393
0.094856471977352	0.12045190662312	662
0.099657837167569	2.18652083990068	65
0.072108170271191	1.17954795111108	65
0.000236049283558026	1.15158389284424	189
0.00330124341485499	1.04284825512426	65
0.048239328725587	0.772858501305404	71
0.028184188484439	0.673705519569342	71
0.047185933291126	0.745239647934602	88
0.00318785617455197	1.0517606833959	432
0.066975772582574	0.639737584018065	432
-0.026199669274049	0.869357694876755	15
0.065349934693769	0.702058243359756	15
0.04336995802325	0.87418628879857	52
0.107538849804829	0.749053010177702	52
0.098295116624277	0.922210807119289	454
0.099205807522621	0.895648721805496	52
0.124394460631819	0.640663028820749	425
0.098364995900695	0.839640897828133	425
0.030333380627444	0.780418720529419	425
0.1230582536805	0.725673353102162	165
0.02532190502775	1.1466936768209	165
0.032657340335558	0.88264949561106	47
-0.060565470458844	0.980697596909774	47
-0.0618141863942691	1.4278391034855	47
0.033546853449485	0.419764013528061	1
-0.102265143324074	0.465193712651968	768
0.043046799722799	0.435716453643406	1
-0.00907063778363104	0.448730505987606	253
-0.103202316259273	0.686455745084212	1
0.069494248771263	0.506544468390645	61
0.075268320095263	0.504350928100888	61
0.103825846235106	0.460421554016808	61
-0.088263717869818	0.238387595906777	41
-0.057923682921413	0.479415281217743	662
0.071325883877943	2.40962241883609	65
0.060284300406529	0.728544159901156	189
-0.00715919605999305	0.99876138766654	189
0.088083571424575	0.53833444877574	65
-0.104052834074032	0.464771742104892	71
0.055768395617694	0.395404796611818	71
-0.074476876336814	0.720151115255047	71
0.038492759977279	0.395058960580816	88
0.071459861784586	0.399294749016051	117
0.046071919820629	0.43191246070045	117
0.032462015455213	0.522379018147424	117
0.013944532333662	0.257149448632519	142
0.120240111128221	0.674650798091849	52
0.067904118676403	0.264264131419176	425
0.032448252477545	0.490898370145907	165
0.097575334468583	0.430711788873832	165
0.108965835422247	0.433172527862561	47
-0.0642865066474499	1.50059881550967	47
0.085423995930602	0.808590103102828	47
-0.076505876555065	0.228071120832957	134
-0.070082562874912	0.205361842965106	253
-0.090212102851657	0.220519696399909	253
0.090858843951517	0.430631145924467	253
0.040507438286571	0.770617222021256	72
0.050765477850464	0.61389249825802	1
0.042777408196979	0.758830754275234	1
0.015616550841445	0.331524365406662	35
0.081756898437435	0.457361587763902	35
-0.027010537095709	0.607086762170851	61
0.114921384756727	0.244335971295658	31
0.039724965256005	0.205461219600654	31
-0.014341956417158	0.444945682665163	41
0.100016908006532	0.120010510073789	41
-0.082169064587061	0.236774202358555	41
0.035214962215299	0.413804634885715	189
0.097585649161016	0.695864702244161	65
0.124563888299188	0.240916518719745	1731
0.079929621826217	0.370958541243283	71
-0.067088345146857	0.572120286425221	71
0.030805142768342	0.459168835725671	71
0.1168150000295	0.568976469293419	432
0.094136228995846	0.556054949151769	432
-0.121656951625659	0.940730047171357	117
0.015212437613863	0.626930104781317	117
0.017859053038169	0.56539004929002	142
-0.086924619524639	0.749350367063916	142
0.018213347878926	0.278434470496375	142
0.086835978475985	0.662209410953225	425
-0.015982219913111	0.877313621723271	425
0.059159465268005	0.310234664167576	165
0.108097404429547	0.329002714948523	165
0.123373403617669	0.753495566774547	165
0.069316866497598	0.262667751024581	768
0.031767525020457	0.202423308733568	1
0.033901614250328	0.209068299172667	134
0.031767525020457	0.202423308733568	134
0.105366436234435	0.498729992358337	253
0.105741806139696	0.324650311247788	253
0.058756692843833	0.820195264723535	756
-0.111790883754013	0.872674220282404	1
-0.051460951290638	0.996442769307675	1
-0.015259291171238	0.546380843391323	61
0.030325194685278	0.454979228103501	61
0.03081027556945	0.52264668438079	61
0.023794945448864	0.378016581988326	41
0.036665804499989	0.203572733512752	41
-0.043601620353581	0.631906497722318	1493
0.092378284418915	0.113593233304155	290
0.069211903599845	0.315816228487292	1731
0.077226351844294	0.29554080607358	56
0.021614193746805	0.632137965874818	71
0.098445148486379	0.603647854168999	432
0.084819093262637	0.525943846130931	432
0.011411139296328	0.344165755933037	88
0.018383386116655	1.18754678864274	454
0.02305156365684	1.18244781879034	454
0.090010739477417	0.8169623393302	454
0.066918549451826	0.254901245442355	826
0.025303077167418	0.379651388126051	142
-0.021465614781202	0.883921489503021	142
0.055143635391245	0.666697648643721	425
0.015177732069325	0.27932688383505	165
0.119333131688538	0.182282413888035	165
0.047400797575927	0.468460555338764	165
0.00208944963834301	0.676865519492199	165
-0.022819934045502	1.0511510803845	165
0.09385607419948	0.87214046858331	165
0.060862643552464	1.06737631015272	165
0.057369989521252	1.03065812574304	47
0.060886113237996	0.907546072920578	47
0.019344335875693	0.280933409101806	253
0.026051223169004	0.599158922644532	72
0.034958772202694	0.70664605205962	756
-0.069830245215174	0.583089946123118	756
0.117365511554554	0.404318800207923	35
0.00759279831269	0.547766549991199	61
0.037459836313815	0.43890341844668	61
0.034379575667355	0.439676887186046	61
-0.042338280250971	0.433323125392325	31
0.100240956796967	0.117900473796604	31
0.109152085376489	0.183877621315694	290
-0.084497995179495	0.231037644513301	290
0.120814646883359	0.72337647915241	65
0.034190191960754	0.19824118541581	1793
0.114867507543564	0.519206954845531	88
-0.090060114538537	1.23428877578757	432
-0.104879982057674	0.465223278709315	432
0.075381173394038	0.370730675427596	432
0.037212480704238	0.630197372422084	234
-0.020761628505973	0.633813385504404	234
-0.112177194927286	0.701156727205307	234
0.014935606693573	0.722264565674475	454
0.107557002520199	0.854171182422929	454
0.01471317595376	1.19681720065584	454
0.108735315735195	0.849314637227002	52
0.036346983320199	0.413526174307175	52
0.078405151838073	0.251684529149201	826
-0.105951158688619	1.35279415017158	425
0.042354252672471	0.204275509631594	425
0.013090602284549	0.854533360363478	165
-0.069373287771513	0.717000462008839	165
0.000705318442740022	1.27635735414944	165
0.049763965671687	1.11502037188089	165
0.033925440614791	1.12663227191574	165
0.023635698563699	1.06946696678917	165
0.010338476800478	0.349093603947551	47
0.067283379075666	0.958804840923588	47
0.072287247173469	0.914142644331824	47
-0.097005888480582	0.559444465714758	1
0.018236413045162	0.28199541444233	768
0.123831999498391	0.182260978100276	253
-0.07096124356603	1.10121428223023	756
0.096622465905054	0.710812761671058	756
-0.0812358240390521	1.180327868117	1
-0.020276994176596	0.81524289006915	579
0.073608117333194	0.588992871314364	61
0.059885040331736	0.358845287142545	61
-0.104104786048929	0.656576649189086	507
0.096051021947323	0.118449944332367	1046
0.100016908006532	0.120010510073789	290
0.012997511319911	0.291312148499777	290
0.095570882812136	0.859026463706661	65
-0.084501236571818	0.615866550792323	56
-0.070990724432331	0.313225920566921	432
0.087351625783178	0.66464370705264	432
-0.025230819933207	0.937119437818574	432
0.054649208417075	0.481694755857801	234
0.00153048758109497	0.672388986019139	234
0.093610323913264	0.442701055149484	234
0.085769410958373	0.436590924294861	117
0.103783526302998	0.511747600072256	142
0.062729632309753	0.517917776296383	142
-0.029796677720667	0.447383049033596	454
0.037771837845882	0.827092051497606	454
-0.090007556361096	1.40196419582714	454
0.120027639036259	0.744995027685661	454
-0.042693302229404	0.910906825855626	454
-0.010904622322094	0.955840414076484	52
0.024159709318475	0.414101379084222	52
0.072434007750472	0.263865492938461	142
-0.034358285622577	0.721772412612614	425
0.073777241529271	0.261408044052629	746
0.022848894824277	0.893052397071617	165
-0.116787904642472	1.40979970791048	42
0.038844751142504	0.827345353907911	165
-0.044358198160432	0.880437458949663	165
-0.075972328922317	1.36398196496383	165
0.03735465626205	0.906757934318585	165
-0.014478717610378	1.26378425175887	165
0.00758792152849003	1.16120397264611	47
0.091199256979848	0.781980939666325	47
0.02308173331983	1.11602128411859	47
-0.089209484557127	0.233455181887783	1
0.11947609416673	0.309115995183245	768
0.012026084612033	0.289837787604186	1
0.122045986806422	0.277878172189371	72
-0.068723880003037	1.14970508561243	1
0.003673708026947	0.61765055477556	1
0.092313147970774	0.501507302416357	579
0.012279890083127	0.499178607731498	61
0.102764871230003	0.444231288154159	61
-0.062334571245261	0.303924979240821	31
-0.065913149236819	0.299297292863462	31
-0.07763623361811	0.228145530889719	31
0.100488678108793	1.31162236226212	189
0.024658415130069	1.48415847503153	189
0.107656140876882	0.924530171403793	189
0.066441287313972	0.305880052183007	1107
0.08293520009764	0.252689491678983	71
0.081951430899745	0.761660566782353	432
-0.043001556818616	0.762229747349784	432
0.0892160987263	0.484888423972792	142
-0.122707159051354	0.931214711054825	142
-0.110835463989561	0.770287884290655	142
0.074886969078853	0.877828522479897	454
-0.117059730542431	1.44390414866729	454
-0.124193283265326	1.76068107542402	454
-0.022832600314017	1.20569335118539	454
0.044178523518067	0.928167083354615	454
0.112271388353556	0.294032715113677	142
0.123761688972459	0.601301545699609	142
0.107462397821226	0.631176931842495	165
0.106677654946381	0.385833202380345	165
0.065150526717783	0.856101062793414	165
-0.034771671527579	1.07588590178089	165
-0.07003417263262	1.37267140638711	165
-0.064002910900326	1.40690577954063	47
0.098633104249704	0.870156858668933	47
-0.00208476041142602	0.48360066083321	1
-0.101803341655491	0.465287442325864	1
-0.0152321331358311	0.437405352981284	768
0.017145085638439	0.282891657463923	253
-0.077987741688243	1.09958476612622	756
-0.044991534940355	0.788380019761854	756
0.061680187716296	0.599685881088304	1
0.036790346672633	0.613087875858842	1
-0.027815693987601	0.510627862514663	579
0.030444876954483	0.5104259617347	61
-0.062334571245261	0.303924979240821	31
0.101208678337821	0.119944633438756	41
0.123589701118896	0.241686528273207	1493
-0.00664198231155	0.643506067559561	290
0.124661176876016	0.179949632140418	290
0.113562226711047	1.58544684981665	189
0.027143715814171	2.1381276821891	189
0.026457296709712	1.63761572769503	189
-0.05263015210055	1.8045500456347	189
-0.00135470295848805	1.32123869536452	189
-0.103652663895193	2.18250806203626	189
-0.037326198362065	1.6973722689039	189
-0.083687068518173	1.84993768440436	189
0.122530242615876	1.07243099433744	189
-0.104972366783992	1.45599492921799	65
0.026656690121555	0.901121197688745	65
0.035517037160599	0.991311440842012	65
0.07810362307162	0.602655516624936	54
0.113960601278928	0.5584754316193	71
-0.00362050847649897	0.623926944963801	71
0.023600641958159	0.687566323529661	88
0.085902594531581	0.753145146970802	432
0.017153981227534	0.774242336033305	432
0.057808634850554	0.575189825766559	234
0.040985582755251	0.635147068784955	117
0.097239400729465	0.584407941043023	142
0.083991754443585	0.927198876390671	454
0.052979121363153	0.747905214688117	454
0.114424355663759	0.620420665313753	454
0.119002213373316	0.546739852089984	142
-0.057460934296023	0.769938151169301	142
-0.0600587862894	1.12872403656032	142
-0.050425761943895	0.898283552589275	425
-0.029234403627509	0.610701604398872	425
-0.066415681276523	1.19915500449272	784
0.045022084969958	0.85196397175655	165
0.118605362633766	0.646338087695188	165
0.019906524797128	0.621231015876724	165
0.041454618714316	0.741874383211053	47
-0.019895885005307	0.765639989235852	47
0.0899280220971	0.830161841002924	47
-0.030618127392264	0.454471885993965	1
0.073208038533932	0.344690894818528	1
0.049505837755983	0.419950585671132	253
-0.0699886759086	0.88620137197285	72
0.065696341183476	0.617602930603456	1
0.019543806923492	0.735850277713715	1
-0.021033773549837	0.452638467485061	579
0.000433228205085012	0.47750275002221	380
-0.091925074043768	0.557651608401431	380
0.062138173376893	0.385694049491303	31
-0.009231508584298	0.43716843678534	31
0.068902470826215	0.357002420136965	31
-0.088451940531819	0.236329240204797	41
0.036610102643165	0.20551108124652	290
0.119523369367388	0.286470633831637	290
0.00233128011391598	0.345348810506724	290
-0.045189640803137	2.32914016942137	189
-0.046442305208758	1.92843714029874	189
-0.00213150653225302	1.4451077303381	189
0.024813681715782	1.17081837881134	189
0.054150355906758	2.1446587278377	189
0.026968548635414	0.965020414686414	65
-0.019253616098086	1.18178878341633	1107
0.123165272082445	0.793301098620099	432
-0.022817998836894	1.06156738810023	432
0.020707029622773	0.885928379041681	234
0.00708809057089099	0.809501526205949	234
0.076122136960639	0.703904859667568	234
-0.058823110518249	1.20130763131509	142
0.023994502229795	1.0965052617379	142
0.047063887027195	0.856531986794676	142
0.069866715498675	0.828664295303306	454
0.108078629864755	0.851994443245343	454
0.039776459077338	0.570744141618533	454
0.118746993960455	1.11039996290574	142
-0.016760768532631	0.836651988118654	425
0.117072383324549	0.614678915441112	425
0.016580442561332	0.864936328676258	425
0.044675954099836	1.18933060313618	784
0.034876983450653	0.933355990126738	165
-0.04906561658195	1.18070991023958	165
0.117729381555412	0.475864112451693	165
-0.055565618252241	0.784359620781877	165
0.00248428304940901	0.610794433610037	165
0.01444591726546	0.648206228022336	47
0.061321976447518	1.25998378871635	47
0.102051688540886	0.387297514706048	47
-0.114775512536801	0.808328148094676	47
-0.0971301477087571	1.00906541374676	1
-0.0510207911160751	0.895612085249988	1
-0.041766558042817	0.797658875384963	1
-0.111381975833972	1.46448213347839	1
0.110624102384469	0.289375166127044	35
0.019461548596131	0.280696522992423	380
0.097252064813653	0.401221423948191	380
-0.058779527996212	0.370136723069901	380
0.010899167883487	0.287246186010641	197
-0.108622313924536	0.467149959674213	61
0.117880498807963	0.184506992886859	61
-0.03236169579143	0.412166846307336	31
0.00844322974466999	0.624509405536618	31
-0.026602898072175	0.880487282129289	290
0.00358804487887399	1.90881716421128	189
-0.038173949320906	2.03096647612792	189
-0.042719505246358	1.97036921409443	189
-0.026644485426341	0.914404446821149	189
0.057463786655753	1.11987691304615	189
0.056807264603207	1.05716706323432	65
0.069156119113376	0.416189524111761	54
-0.03936884382336	0.423417754084578	71
-0.0228474048181621	0.573527067086376	88
0.04262770341703	0.526004582221018	234
0.094991813661818	0.51500955666727	234
-0.094166277838456	0.796388129976957	234
0.014592806927008	0.775958773191528	234
0.026524850120391	0.381507906536977	142
0.097359967426297	0.550251379756789	142
-0.098294667228441	1.33666850687569	142
-0.066076438425809	0.474599474759045	142
0.111823266464776	0.29170905304461	142
-0.109530430571389	1.05886180062176	425
0.010698783653259	0.640858335344591	425
-0.061467355741032	0.382646408239605	784
-0.0472402163718541	1.12804661770485	42
-0.068961716002788	0.987069109424495	42
0.099242348190457	0.799481895359325	165
-0.052221109023885	0.620661351698753	165
-0.071342316519372	0.800799546950768	165
0.02558163260535	0.90930957601557	165
-0.057478355420469	1.13590173062093	165
0.059661806352365	0.941038306036669	165
0.057084122422536	1.07512605731521	47
-0.052768321931843	1.3383688245353	47
0.014593012615003	0.845906162621363	47
0.114101420664782	0.276615398838288	47
-0.00993101022694098	0.63035338810523	1
0.085604733692806	0.249072329968479	253
-0.00122739725032595	0.504886130805776	253
-0.071897253292318	1.18369668911229	1486
0.028559931678294	0.51788859372673	72
0.022974176078319	0.786169786206966	1
-0.094401273355064	1.21394352753715	1
0.105981251269543	0.628092502694415	1
0.105446989043422	0.701858680604707	1
-0.034023052992913	0.622989085337557	380
0.121932146734587	0.443477317302179	380
-0.021668516937231	0.667519593239742	380
0.034207559584354	0.44886619277167	61
0.025927329368316	0.425434147189894	61
-0.039285554953352	0.421492844036333	31
-0.070138201667745	0.650735927307378	186
-0.063167317865788	0.561851111798039	186
0.105418716086875	1.63111167079036	189
-0.03300561455693	2.04415406692281	189
-0.000318856833983028	1.21911937242697	189
-0.053524461514351	0.780574734422835	189
0.10957933193654	0.848260276422934	65
0.022093985941138	0.425647867901967	432
0.00542386862253402	0.284682707713317	432
0.111347616180768	0.579910403998065	432
0.120383672076575	0.40165602711754	432
-0.00173389516633404	0.893948801030934	432
-0.11465929424747	1.1100124028379	432
0.029066898696217	0.697818809507014	234
0.100516417831444	0.67549240854585	234
0.051645381021685	0.568201393441165	142
-0.030505868774702	0.780836509933253	142
0.092226499704569	0.923880778416353	454
0.06037776439075	0.823755786250977	454
0.097113612590981	0.672320215143499	425
0.042508649443121	0.723269889278371	425
0.062055507013125	0.324783142251258	784
0.082280744657588	0.669252973690531	784
-0.02432445247149	0.868790672993646	784
0.010455118680546	1.11440996444358	165
-0.119251322902765	0.504119720686783	47
-0.117096017656399	0.927432818474987	47
-0.102131603027777	1.92516120065351	47
-0.00940555656532305	1.47468581323522	47
-0.106022239223531	1.00255332664635	47
-0.067886595500552	0.312890649217555	1
-0.053601811021681	0.37550749762571	1
0.110231231750084	0.183609853776424	1
0.102399525798718	0.117299474519056	253
0.062281801742419	1.02589568522162	1486
-0.010802723398262	1.07183010051047	1486
0.025959822971766	0.69359261025116	1486
0.020375329041967	0.805696287391304	72
0.113847176314078	0.696076336388357	1
0.046699948874973	0.834036780523734	1
0.038701469856656	0.909070601575974	35
0.077109148485606	0.529718953079659	380
0.00980216733557898	0.732046293415399	380
0.124174327303135	0.421682257602003	61
-0.099073379782182	0.460566967538348	31
0.038551687485727	0.206310802197901	41
0.100240956796967	0.117900473796604	186
-0.123809781286975	0.746543757351231	186
0.104689868844519	1.61186351761732	189
0.035489312690053	1.81013089506567	665
-0.027868073888107	0.634258073965227	129
0.077404330122252	0.469985013370087	432
0.102484714680041	0.382905704322183	142
0.03535539066329	0.44691708364004	142
0.071950841328649	0.617620548113231	454
0.058452525019348	0.961032961940277	454
0.106230021747298	0.728289222324844	142
0.075904039870474	0.261673777400507	142
0.068943634911352	0.26184455125346	142
-0.056213676841501	0.717393666308143	784
0.033498133112451	0.800322440380739	784
-0.023144369729345	1.19381317031371	165
-0.03073869875726	1.28239588828791	165
0.064886297706275	1.02214603098457	47
0.092227679306806	1.11929472492315	47
0.032486836275011	1.14797535822587	47
0.08125824597172	0.965948143723185	47
-0.079532057234967	0.229463646148963	162
0.09454353543829	0.112959718027171	1
-0.059973179626541	0.306655423235941	1
0.020548008449947	0.373960521580101	1486
-0.088720287029881	0.223250494019704	1486
-0.00605556328079804	0.778006858890716	1486
0.095021389941106	0.73978410656652	1486
-0.020630305675991	1.05863277947387	72
-0.000155502440589039	0.581639827765779	121
-0.123253287921872	0.532603040609259	72
0.087991346520952	0.46698890904775	1
0.077182411989225	0.602428681734704	1
0.026122630428192	0.45905311488994	1
0.048655823770176	0.511668824186532	35
-0.050946950556691	0.941929218936723	380
-0.024160729242845	0.63920201806205	380
0.043668230273281	0.479837751895157	197
0.050325696265057	0.452591295809853	61
0.114589349002227	0.184115618718333	173
0.101208678337821	0.119944633438756	41
0.118034009953773	0.313870199755881	186
0.099147196172008	1.70367661036696	189
0.050723058135959	1.79213657258252	189
0.023792290681214	1.876449011638	665
-0.03165604946086	1.39451439473735	189
-0.041207933478869	1.28712289784898	332
0.094403908598074	0.572596073002682	129
0.120217071267099	0.449197333766202	129
0.064068514538079	0.317229521264457	56
0.088452612356517	0.746471036982765	88
-0.0706702283703	1.07592139352706	88
0.067807790097177	0.718294902476531	432
0.115669482603555	0.183848118692394	88
0.046067886779855	0.192160967592064	432
0.108615987576776	0.571088875486642	432
0.051350245471412	0.629205575485215	432
0.123503412465834	0.402459515989621	234
0.036587014253286	0.472395725580783	142
-0.0837129496919971	0.702768943507722	142
-0.118884442157417	1.03373724705664	454
0.089500737449817	0.928463547005631	454
0.097852375030415	0.599459587367471	142
-0.097833408135689	0.456561806034826	746
-0.080093915239182	0.23379307948698	784
-0.049643372525806	0.722630975413088	784
0.04739524776556	0.835423383453114	784
-0.0238439844328751	0.918720241692573	165
0.03409533438545	0.839295120248306	165
0.076928631339179	0.793050453942189	165
0.085846407275879	0.536934423562081	918
0.013122699892139	0.590548053595921	47
0.071509630338198	1.06107371370879	47
0.00619736266156301	1.18633771169973	47
0.010214427718436	0.396040493895963	162
-0.03236169579143	0.412166846307336	162
-0.115212097488835	0.818851389531659	253
-0.00780373266215095	0.591840896977994	1486
0.095793766077461	0.60127628385769	72
-0.078353577960851	1.11032810239554	1
0.035877137303713	0.521330820388344	1
0.096034991938111	0.450948130401883	61
0.020328210537917	0.370689489427274	61
0.065763123711567	0.395237900887246	61
0.099049026225973	0.117973999074777	41
0.101208678337821	0.119944633438756	186
-0.0748089657344651	0.219393336238323	643
0.047209828133717	1.62750759179411	665
-0.022958729050661	1.43225578384258	189
-0.123879464344225	0.526552673648515	56
-0.06781751276717	0.295435180086397	71
0.040788005330309	0.406825672689065	264
0.059984212642866	0.494877022532481	432
-0.040195510380605	0.645682949764096	234
0.079976198368455	0.344780296512278	142
0.017565971232717	1.16200458209011	454
0.096368384296655	0.665123285462048	934
-0.035502566506056	0.398289091318953	784
0.023580191787571	0.264332335209586	784
0.105645216516975	0.524558980751161	784
0.092393128139104	0.911561164311117	47
0.04108311856464	1.07309786931565	47
-0.121832597828363	0.750217029631518	1
0.063735034917476	0.313879409374354	1
0.038639775260826	0.206266317114601	253
-0.058720114335268	0.290931525758012	253
0.078493450541549	0.680820992322149	35
-0.088263717869818	0.238387595906777	1
0.041796457585206	0.576013549697035	61
0.017825849229056	0.388846476840579	61
-0.018783193170796	0.504975032939641	61
0.074281130492437	0.246553799362853	31
0.114893480805864	0.318477228737027	186
0.121232659199439	0.182156725762376	395
-0.073610370029345	1.67722372899256	189
0.035031215647454	1.16181678678519	332
-0.0449488285608241	0.410960780983489	56
0.095296893754046	0.428683969729284	88
-0.0896653534951261	0.227524821610167	977
0.062300484458679	0.511051622447908	432
0.117367572528982	0.57535072510871	117
0.076184638711411	0.564670334712953	117
-0.124224693638645	0.535281920540609	142
0.015806613691279	0.325319830741123	142
-0.004231063480445	0.588504111796167	42
0.064871219966261	0.348127733414648	784
-0.037866610270386	1.12233931548115	42
0.082292186077423	0.710688323357672	42
-0.051059253599666	1.21133636875441	42
0.023480521575711	0.749916914120262	42
0.077404990350494	0.902991225847235	918
0.115897811762896	0.399910269884252	47
0.03274598132889	0.984923751359135	47
0.08967836123588	0.814838725095465	47
0.105682987119161	0.530001581848634	47
-0.081288374877308	0.228267429142179	1
0.117118691910661	0.184862759637728	1
0.123831999498391	0.182260978100276	1
-0.043104115491747	0.427640113444791	1
-0.014566035740086	1.02724167350192	121
0.084665643254276	0.561637295325702	121
0.00762889659073701	0.290005434966627	1
-0.074911678281499	0.731769805337101	1
0.101660378171864	0.497560462114908	1
-0.014729585272845	0.702013643017538	1
0.00132563851001699	0.566588046974978	61
0.010899167883487	0.287246186010641	31
0.107086408143657	0.280748781047452	31
0.067663154501409	0.356898417896113	186
-0.014817567827587	0.52449243071665	186
-0.10327180060575	1.77929516601069	189
0.12309901399071	0.370321993361317	71
0.08200639159927	0.47740323388518	71
-0.118355980851893	0.598638552912822	264
0.088411934717363	0.417730713312046	264
0.114954511252543	0.365805988826179	204
-0.00936819535230504	0.490536470294416	204
0.105146156892828	0.449800068567667	88
-0.069874863399662	0.498485300772568	88
0.112885490426778	0.445015370048414	234
0.076892773165361	0.774638610342016	117
0.049923174683999	0.576805194445876	142
-0.00932042716063897	0.624681339364228	142
0.123384528309207	0.441464622249756	454
-0.028531411320198	0.957161172808998	934
0.036475136255651	0.408840324012308	142
-0.101621718323211	0.449463556821446	142
0.03266972136044	0.205792343497741	42
0.116838195087459	0.28934529253461	42
0.12345606962643	0.721326156758049	42
0.069742473475616	0.857025124588944	47
0.106145427095523	0.813613468012165	47
0.115832220200069	0.306142573688872	47
0.040436013230724	0.436279545677902	118
0.00429066033435599	0.511806928955799	118
0.074946785936208	0.259437227986083	398
0.121299928828648	0.240998723772577	1
-0.060678935584261	0.471515210452424	253
-0.049628209474254	0.576545601687738	72
0.02709401431174	0.393428403352431	121
0.028382135457077	0.706008784590137	121
0.106010020287569	0.568521995369783	121
-0.122777980673999	0.633156533062632	1
0.059423825535253	0.581030809538953	35
0.000562262496703991	0.612355602223641	35
0.084525851765905	0.249823110682669	31
0.022946545059791	0.379486930122265	31
0.114714975596202	0.183697756311341	31
-0.079904329944108	0.229247374617703	186
-0.095484427783176	1.87557272682583	189
0.067521637397723	0.684898964287896	189
0.073312234448937	0.549377220359183	71
-0.00921711634560396	0.712495159673976	204
-0.021558580062086	0.534018892958437	204
0.075342721854418	0.594009169088157	204
-0.050662238948362	1.01142100009406	204
-0.077167004586205	0.837314446860674	88
-0.055776708069162	0.550091157158093	432
0.091966721968986	0.614327259245083	432
0.068552387970979	0.644442241814253	432
-0.033067626951339	0.660180115723972	234
0.045042749941373	0.464425384980063	142
-0.057818089218562	0.695944053061118	142
0.068604373800649	0.359548770517608	454
0.048620329649404	0.92916144823784	454
0.072756459719872	0.265715676316184	142
-0.06001745815806	0.385735015647389	142
0.121944481776795	0.344306746041353	142
0.036980754074888	0.44814767720895	42
0.07305809551599	0.388982999571722	165
0.109025869366473	0.432057861192767	165
0.093592667237599	0.672116363366038	165
0.094951395981381	0.836421098082522	165
0.121745622941176	0.321024253371336	47
-0.091114976356459	1.00682963976798	47
-0.043201643053438	0.42661472154144	1
0.040149302390073	0.398812392701375	118
-0.062483173043666	0.381847894388085	398
0.069161777840408	0.308743113851748	1
0.036665804499989	0.203572733512752	1
0.109538835944747	0.578902907361832	121
-0.0645482879818931	0.960774501173978	121
0.032985591403571	0.538522748824995	35
0.100520095548899	0.425676706670521	197
-0.065963709914786	0.299302283446821	919
0.039239411468279	0.1986662658105	31
0.10608456407206	0.11554947952902	186
0.082326273774674	0.11190494351573	643
0.102448797872487	0.52675243291489	129
-0.037384459546788	0.418789367700116	264
0.122844239511935	0.36399436701278	204
0.103197473016914	0.549645762405973	204
-0.061359036525824	0.488735976378136	432
0.019803199065758	0.68559855578036	432
-0.061438924358632	1.020297456122	432
-0.056001375062039	0.764761821341755	142
0.079160909927846	0.483743088426337	117
-0.09498089424606	0.446825685382196	142
0.096595983086231	0.410417180862256	142
0.116408752166958	0.572014903206651	42
0.043711958421689	0.626402817261873	960
0.075165335137436	0.257209430833364	42
-0.039932560317931	0.420686435914414	746
0.092032887372233	0.613378199334024	784
0.096520091117256	0.642458837043962	42
0.110345236656577	0.30902894349262	165
-0.101233676550362	0.683173552737844	555
-0.08210116966643	0.523777903092162	47
-0.044406390963899	0.519481550035921	482
0.101208678337821	0.119944633438756	1
-0.049088864697964	0.359373871318301	121
-0.099321927641428	0.53072690586873	121
0.06839052177573	0.342152257528661	121
0.00554275582446101	0.286711803244251	121
0.048344926918383	0.502397410096536	121
-0.083435142008077	0.607475326429152	1
-0.00448660749921204	0.537987189329221	35
0.066934285810358	0.390883350201714	61
0.030928551547844	0.204706831153891	173
0.124577922499036	0.240972214874495	459
0.071909491868798	0.343336855435385	186
0.105540799438727	1.06111494378172	189
-0.021792764981274	0.919786064000591	189
-0.12097380697073	0.845799166116687	264
-0.074529145542148	0.753757404599031	204
-0.112852222951681	0.457505322416682	432
-0.07721266412623	0.793374840424189	234
-0.023995985163657	0.642825916787263	142
-0.100017203840496	0.689539804160983	142
-0.0260848120971831	0.711267764625642	142
0.077261979894975	0.255226020547624	454
-0.08194008690078	0.744838449705712	454
0.083497383297012	0.728281931425969	934
-0.012424664856812	1.06230174808535	142
0.021819168909957	0.385872921675023	142
-0.102704203630829	0.462736107874697	142
0.00035646005715001	0.897985282645605	784
0.066684685752159	0.407849283276674	165
0.12385069579578	0.751265871405734	59
0.113154010009181	0.755922785549885	47
0.106073255808138	0.78087831812206	47
0.068612314027765	0.345180170006518	118
0.107104764760482	0.332116518329523	118
-0.011571818796437	0.451254806274139	482
0.120282453978703	0.183000575454587	482
-0.067065098703415	0.309389780817387	1
-0.088263717869818	0.238387595906777	906
0.039583430306176	0.204237090917593	1744
-0.084823290209977	0.543442218234108	121
0.118206928038306	0.239120542957294	121
0.037950481452104	0.53472805370362	1
0.026221785851329	0.512228847949613	1
0.119184666079997	0.408297375028224	35
0.061292102015311	0.520280560903282	61
-0.061467355741032	0.382646408239605	459
0.116488147178646	0.288380207552219	459
0.063275624971975	0.306743450997836	459
-0.087317882620792	0.237384251320992	31
0.102399525798718	0.117299474519056	186
-0.0810362962242031	0.234785144539953	1341
0.060487074266608	2.20316584449759	189
0.106188800899711	1.22606231544565	189
0.025273498626993	0.407302026723037	264
-0.064825436680188	0.625989083265167	88
0.057909607311939	0.355164699546138	204
0.054980191639228	0.57129012680057	204
-0.121903748041735	0.747574727746482	88
-0.0142890180101271	0.662593556622475	432
0.037930309853752	0.704478401838902	432
-0.0979509397927401	0.719792279592792	234
0.032276516360525	0.540430754572317	117
0.060090176175097	0.424631781272839	142
-0.060069741154957	0.379383162222801	142
-0.08122500793231	0.235766624368238	42
-0.04579281014448	0.512345192424299	165
0.074964528926857	0.473222696495	47
0.030959542396232	1.03076996084221	47
-0.084684593287582	0.233409320972883	906
0.013960465175099	0.279939580618159	1744
0.109218505472255	0.35547013649209	121
0.065448882425803	0.667178758456955	121
-0.09551702780941	0.822828800817546	35
0.06978634209791	0.542196128934502	35
0.052938658238985	0.531482662055542	35
0.114589349002227	0.184115618718333	61
-0.103305983515667	0.451177434524792	61
-0.076851015498739	0.488703174816638	61
-0.105837292820296	0.463139223645869	459
0.019382154825519	0.272938642137855	459
0.103567765693872	0.169945614054339	41
-0.081961857018375	0.229947862004473	1166
0.072983483496469	0.710127983769479	129
0.091787159555601	0.637442153633844	204
0.092624801252734	0.43699046450062	432
-0.033542059268726	0.990579101814411	432
0.075613198664526	0.468268694984466	432
-0.080669894972927	0.756616115990545	142
-0.026945065466198	0.800163368501473	142
0.074727696720637	0.793046646162386	934
0.111340061976415	0.739767712784672	142
0.113314985420823	0.32355286047585	142
0.063505291888727	0.745585846765653	42
-0.118330098486054	1.10594054995221	42
0.059414634517642	0.576384002498428	960
0.035944232446614	0.680508112839383	42
0.043346343904684	0.541543632145758	555
0.00492186065938499	0.894069108191844	918
-0.068049686794756	0.934542534958192	47
-0.072731413623367	0.218932114524265	818
-0.119676426836625	0.746226195331191	118
-0.0863719802248351	0.230963305945668	118
0.067528568633177	0.266858148345693	118
0.000490917791071022	0.752095285626885	121
-0.102277722057471	0.978626090346876	121
0.046155234933166	0.655857294442527	121
0.124248847088599	0.428604416848139	905
0.089386276296453	0.601893303116672	121
0.04569783409649	0.489954754802926	1
-0.053656783737469	0.375338232346464	61
0.124537426930087	0.236678562507259	459
0.099049026225973	0.117973999074777	186
0.115855070153313	0.185888522895754	186
0.022720238503654	0.375895355603782	186
-0.083302636137941	0.236827924872992	1166
-0.064034228939176	0.491596927318382	129
0.117248935689672	0.287445301157188	88
0.097925676274181	0.422216332589234	88
0.11465638208585	0.18715691528407	88
0.022307265451576	0.389041205508956	2089
-0.101114720363327	0.456896416064495	2089
-0.121552995268883	0.900599244252365	204
0.011490734908719	0.340925633843893	117
0.03273588948838	0.475730938491434	1987
0.085328822476981	0.564550363368135	142
-0.07416897559141	0.751835582897161	142
0.102056398970756	0.464743855919253	454
0.102612900421759	0.736540774550107	934
-0.00229148371056898	0.642412917901941	142
-0.051355258043859	0.692678690573943	960
-0.0797156795758131	0.231075374721438	960
0.123254939539493	0.179561569494883	42
0.067687154088995	0.256634186234798	42
0.037618734663147	0.933011337446361	165
0.010553514192947	0.889514339081282	47
-0.073396977084558	1.17410802521234	47
0.123631758484447	0.178302143329449	47
-0.077453470472797	0.232779835540681	118
0.046547597431451	0.195532056967079	118
0.123373985891662	0.18069735891801	118
0.033901614250328	0.209068299172667	118
-0.056234632573075	0.384251452688208	46
-0.094211013364544	0.719791929642372	61
-0.0417505831820581	0.414494998694716	459
-0.078584179258835	0.23284169360771	41
-0.075194423181989	0.225472411528517	1166
-0.06328928379268	0.302374674885047	813
0.077627574065352	0.264028008751196	129
0.067168378651128	0.343013144792411	2089
-0.101522183852913	0.444501823367844	204
0.109768620276291	0.448059351735585	204
0.1182057334587	0.481651076505802	88
-0.061141589215587	0.37759748662219	432
0.037512641244908	0.450454931940934	432
0.012146058601147	0.669126674290101	432
-0.082030706540043	0.940902424643597	432
0.103573491627516	0.540876830604703	234
-0.05200837073613	0.618215488424721	234
-0.00241421570503397	0.614446590965373	142
0.064468285646274	0.429220049014037	142
-0.119933310745674	0.616398990578616	454
0.037553857296827	0.205800202487664	454
0.105046880179596	0.497445244327961	934
0.117075667241623	0.50908771938831	42
0.015576671979609	0.33609904888797	536
0.045484007538004	0.79618259231207	555
-0.035852561201652	0.656374773090837	42
0.045459204431731	0.455453587369478	47
0.109248309902961	0.693102915918999	47
0.017984416849991	0.982861300531346	47
-0.0213585145030401	0.663128958106601	47
-0.065253385804579	0.376453083667315	118
0.111059496413572	0.18376646306994	118
0.039724965256005	0.205461219600654	118
0.054451827238565	0.522087185537216	121
-0.09074691498986	1.22834380003312	121
0.070240618135996	0.421082147995555	121
0.092547683790608	0.529089375351338	35
-0.110984206738182	0.758674379967726	459
0.013739364893129	0.502128356454717	173
0.099421594518317	0.369808971927207	459
0.074759153910715	0.258637178394333	31
0.036522335852647	0.207297817123143	558
-0.066937671594986	0.3116202310015	813
0.107597612666022	0.177679750550654	558
-0.0401811925769811	0.885443372175659	204
0.043111589396507	0.533760428672291	1987
-0.077809101152696	0.590839295814452	1987
-0.020431266278184	0.80625360542103	142
-0.00737055445502899	0.440596033392763	142
0.114568030761309	0.32094332279695	454
-0.075892782023802	0.844275986204925	142
0.037998116695614	0.441456238233817	142
0.00830823680433102	0.791774968189545	960
0.057324567748705	0.55308317584547	960
0.116684084440156	0.186624170232585	746
-0.0915801994400059	0.711686189884483	555
0.015975116549445	0.32785428135026	47
0.074602174909697	0.341041324146921	118
0.110924486602354	0.326234266570375	118
-0.089209484557127	0.233455181887783	121
0.115015811933495	0.613384599297814	121
0.115975236461924	0.419027799831858	121
0.101326910643271	0.351894016396543	459
0.01396977201862	0.290038552143514	459
0.075591890155826	0.266614749395459	459
-0.046705955491833	0.414964724908529	31
0.096051021947323	0.118449944332367	558
-0.04783473390102	0.587467095126976	129
0.073777866492234	0.342884292976802	2089
0.079806157741502	0.641156240144393	204
0.061925384442386	0.913111015889395	204
0.106715072241182	0.356404849117737	117
0.026070278632802	0.485747474320641	432
0.044132511466634	0.505041942682802	117
0.08820060081345	0.607612900853404	454
0.094138351932696	0.850182334596546	142
0.064876919660777	0.747614870298339	142
0.103487542306509	0.78179375696177	142
0.00152748751286502	0.278569326499598	444
0.112183158905198	0.513715526232211	960
-0.000416828155633042	0.512893934525489	960
0.04604126756086	0.68737359292831	555
0.124771628040725	0.716390468544969	165
0.057378538165623	0.850636720604923	165
0.110691695666621	0.533546048226233	47
-0.068824994494564	0.582828332048133	47
0.024379438375523	1.10813391306353	47
0.00370803509406098	1.14525339494057	47
0.061926586574287	0.823541976457825	47
0.080485258072782	0.257068088536019	118
-0.026152142484834	0.457715386085918	118
-0.067236722628217	0.383131355725537	118
0.012865972274596	0.281762599520277	72
0.067051506869617	0.319312657749764	121
0.124458043539641	0.602499131554731	121
0.031908416248731	0.418975003356533	121
-0.114165349803622	1.12851292410852	121
0.031779535134894	0.458632148255796	35
0.061790492870809	0.308204135248927	35
0.027839937446324	0.377839554933601	35
0.110238269684771	0.323663222860565	35
-0.076851015498739	0.488703174816638	31
0.11887428183804	1.34034002246127	964
0.042196546417855	0.40102919013918	2089
0.075174847682379	0.926684615180067	204
-0.117038653379445	0.738627034485927	142
0.101053879119401	0.475551656879576	142
0.034004193255494	0.871286712729823	142
0.088571265879462	0.730354074188353	142
0.098411033480974	0.594978704161155	142
-0.0101107897692519	0.926393241535553	142
-0.04762714035882	1.12728035139812	142
0.113584357575996	0.519720849763484	142
0.069308308622618	0.731602427621332	142
0.017318648537285	0.526460842792039	142
-0.10911506189728	1.19124903343971	42
0.03714625651135	0.727599469044105	42
0.02275486230358	0.92095091522025	960
-0.073606224366657	0.488637421211243	960
0.078797799559369	0.618699998937959	555
-0.029670782507171	0.575574102479621	555
0.079911103790239	0.823449675692819	555
-0.017944655040019	0.768425133398223	165
-0.052008242993834	0.808413843640119	165
0.098581233234833	0.710885668454911	47
0.117000715530574	0.533855139523996	47
0.121180487765931	0.736536230613505	47
0.00884324697970101	0.286515705357266	118
0.015938206247694	0.44644289586853	118
0.077428489472392	0.626050413617858	121
0.111367730416751	0.312471661966702	121
0.00274642676846498	0.637294387281205	121
0.084122039418604	0.502680379402583	121
-0.08469672158159	0.711809470374925	121
0.124904002200274	0.359976970833258	121
-0.113122854233865	0.673592181087294	121
-0.065468794231901	0.544414845752011	121
0.061048125836366	0.326327996182459	459
-0.059855461178319	0.298040811468472	558
-0.082419655495353	0.233193131416827	813
0.100240956796967	0.117900473796604	813
0.016233453401083	1.86688989803694	964
0.10164091352294	1.20330143974733	129
-0.010024957427589	0.936905839658081	129
-0.01383624869964	0.948227434710092	2089
0.078624044817992	0.751901110873879	204
0.098786823921513	0.628750147240301	204
0.115641747687435	0.690052664296391	204
0.054455976763514	0.861868064620094	204
0.023705170636723	1.01052595132548	204
-0.00779651003434001	0.920731926445075	432
0.093901828056267	0.458206494202127	432
-0.029509649208139	0.543604328315881	117
-0.087433534387562	0.707012405203722	142
0.107751856937683	0.346399100715088	142
-0.04439762622596	0.653072380729468	142
-0.065505511479376	0.651227377097114	142
0.05421356337642	0.754525144331604	142
0.065104344476639	0.604177950316696	142
0.048512369881379	0.702801310802188	142
-0.059468964178052	0.736159324925833	142
0.097823408091984	0.766140639740761	42
0.067326360066112	0.624652973610082	960
0.048514836415047	0.882930651750405	960
0.019857949303575	0.749907282538324	960
0.04531098361726	0.504003632823887	536
0.022333920094677	0.722858060650782	555
0.012418708993348	0.963344488973233	555
0.02957112647514	0.807793998130593	555
0.015353336533995	0.494498726370776	165
0.00909263855442399	0.635407716044452	165
0.075636950139114	0.464146070047201	151
-0.0177555950235671	0.556670584855616	151
0.076250569252112	0.564112840902644	165
-0.012328460706152	0.66111427477953	47
0.042030917514266	0.731780929361932	47
0.00000136717931498165	0.739652968433483	47
-0.088401313588079	1.12797617349515	47
0.124830878290201	0.703284453540143	47
0.033080004694559	0.734733360794027	597
-0.006034411466178	0.550539582795789	118
0.024984238489561	0.377479989416889	72
-0.039532970083297	0.724225753080679	121
0.117641038036084	0.563105731859466	121
0.117286374531189	0.433677580543165	121
0.043021935171184	0.443393567231567	121
0.022189036853282	0.407748381904354	121
-0.043104115491747	0.427640113444791	121
-0.048211526091942	0.486013634173225	121
0.060606768545508	0.363046058807503	35
-0.064128844600473	0.567887455691036	558
0.058941854496789	0.486438192983913	558
0.034045856942226	0.206934708744699	813
-0.110106786840424	0.550168962208116	558
0.074446316601523	0.268011537431001	558
-0.032888429633372	1.81359638173782	129
-0.098673828268482	0.724569519694841	204
0.035458224256254	1.05019652300209	204
0.105193933089752	0.380212693979744	432
0.101647347605573	0.677695122519226	234
0.01420520091587	0.735372449023227	234
-0.023755804121612	0.695844424671784	234
0.08833606692066	0.41543838602484	142
0.080231216299323	0.427496588734713	102
-0.045294723136813	0.704147809958981	142
0.074276885122719	0.849417488527132	142
0.036428400856767	1.1148623522535	142
0.01034741649562	0.343330949457841	142
0.00401642543269898	0.357682419210541	142
0.080683322270236	0.845667428396502	42
-0.00926545363609399	1.10031791563592	42
0.068294451602699	0.55603344970208	42
-0.020628973817243	0.880352964062582	42
0.077889937218751	0.378018681545942	555
-0.04458629803806	0.519298376561734	555
-0.028825976572974	0.785346831164828	555
-0.017133911164671	1.12606721643196	555
0.012537322729885	0.336639999674524	165
-0.121971391217488	0.381616044868673	47
-0.041348410064318	0.433323633138027	557
0.03080796320041	1.07593796147001	118
-0.091588476990645	1.11192980582418	118
0.07209706966146	0.630861275390794	118
-0.0680411500547971	0.855424741959908	118
-0.102280377240478	1.41709253424874	121
0.014942867515378	0.286112342930162	929
0.078453472982524	0.772460128445114	121
-0.00185649052600201	0.479440400608742	35
0.041128164730699	0.201204328414065	121
-0.090344251526885	0.232468807219561	717
-0.109878121807556	0.719365643852331	31
-0.088118776035839	0.55105555359318	31
0.064263362404131	0.394475010118415	558
0.015443842099835	0.393491931811844	558
0.04251754873185	0.790168422274983	558
-0.097034426308839	0.864095424013896	558
0.119542726938295	0.88313542881544	129
-0.102617314552434	1.13576067943373	129
0.070666762219848	0.890441845821194	204
-0.10400547783263	1.25391219650873	204
0.072621310229269	0.707694138152935	204
-0.017465973848892	0.79673909203038	891
-0.091381259395332	0.708596035005948	432
0.101445354785938	0.498140052417302	1929
-0.026504481670104	0.647552813800736	142
-0.060339062675862	0.707928134652686	142
0.111766898244542	0.535776239859719	142
0.058022465406039	0.322728453064718	142
-0.015075324656322	0.452429393894717	142
-0.038191236148616	0.666768068047149	960
0.123481843644764	0.424313239963406	555
-0.042961356868964	0.649239404005854	59
0.043815191264743	0.474048067731389	47
0.120312847450424	0.245286871037111	47
0.014088280380056	0.290387807784902	557
-0.091507943317213	0.603220043608368	557
0.092412634571457	0.425951225271866	118
-0.103239784677212	1.14597931388805	118
-0.061182668639946	1.133819105929	121
0.069672560183793	0.776837524586161	121
-0.048796631589743	1.2929153969171	121
0.00786976916636101	0.280292416124842	121
0.072434007750472	0.263865492938461	121
-0.097974085635176	1.14442827282592	121
-0.037029207339176	0.944715315366626	35
-0.067718635378206	0.495155563622989	31
0.03100777479712	0.756777397124539	558
-0.08266068172751	0.872264857310931	558
0.078994990515782	1.4297115343474	964
0.00297579546476401	0.936210730571785	129
-0.050644825991315	0.745423074784422	204
0.047056261996186	1.01789487404318	204
0.042925533815286	0.513740985342829	204
0.020244735124473	0.423855560228322	117
-0.050359219471768	0.806664848190874	891
0.00817620129833402	0.642021628005141	234
0.015220380804661	0.565634481781603	1929
-0.027189850272146	0.64049550532158	142
-0.06445101696134	1.02009918700717	142
0.08285459443067	0.5693712047592	142
-0.093197931810214	1.18322508731151	960
-0.062981018070479	0.4847423188805	536
0.045293566005737	0.503245325328288	536
0.05383303893187	0.622348996656536	555
0.062737878082839	0.734448551085881	555
0.059892126468643	0.55733248548236	165
-0.080367211543992	1.07681781028911	469
-0.108838045548847	0.685890324327452	469
0.00464119446332001	1.01774101861436	47
0.043007416806648	0.8360170931574	47
0.105496903511638	0.502179960011828	47
-0.054670446504233	0.375585903981844	118
-0.11081827968314	1.084267345903	118
0.043545764197486	0.647262246556311	118
0.10466099355929	0.383128400352239	118
0.060040158912371	0.326503810841844	118
-0.11970467614988	0.778601047152512	72
-0.025581607480063	0.76343515069398	72
0.099888160000142	0.36668577067259	121
0.061739760359165	0.537637105017089	121
-0.073072173897537	0.586238014920153	121
0.068717470392602	0.357280734770843	326
-0.052471267028775	0.571494316233169	35
0.062900356321034	0.355963405038702	35
-0.053600202946017	0.363785172592905	35
0.021511063662126	0.372710231227246	31
0.076181518048083	0.255983459399451	31
0.119455294627595	0.178420581119416	31
0.060973053173647	0.323580017773896	31
0.039583430306176	0.204237090917593	30
-0.054908775090093	0.673441539510723	558
0.02636757211856	2.0466262003603	964
0.04327396679475	1.75257149695891	964
0.025026042989519	1.21989600431589	204
0.009798544686341	1.18476379367663	204
-0.097364697784175	0.785995715529524	891
-0.03066890541253	1.07095572131495	432
-0.017792145528744	0.568382114216121	1929
-0.030431566603375	0.646314244972009	142
0.11516333443559	0.593123611095953	142
0.027599137248557	0.566012889399981	142
-0.013941389538814	0.662193062618919	42
0.109444049782417	0.31628204658601	536
-0.059544417877062	0.690116586055237	536
0.095262683443625	0.66454110944725	555
0.01039491858766	0.637670809664958	165
0.036628460777142	0.630351574438916	165
0.08566703959387	0.250626961476584	118
0.124990839415176	0.547878669195392	118
0.103457379988405	0.608339992926816	118
0.033560495092507	0.416345507012432	118
-0.071053153002913	0.303807343442904	72
-0.017644914160289	0.515605568645907	121
-0.00844719099942603	0.437621463476715	326
0.078661976001293	0.375370413342844	326
0.064434435329492	0.341936858030371	35
-0.078899162110401	0.549095229860414	35
0.109025281388138	0.183477362947398	30
-0.00182357716266202	0.53712937087145	558
0.039866591080225	0.202943212324465	558
0.026683379803274	2.09004791392647	964
0.07427372506713	1.78034057020116	964
0.104002321813742	0.639665728945036	129
0.042317831075481	0.534754050372462	891
-0.0740329505519251	1.05753835059609	432
0.041603887567814	0.754299548747123	432
-0.065674773546494	0.764969689747111	117
-0.00108600943208803	0.792610332992473	142
0.026923837825068	0.738593785399715	142
0.028383023003681	0.684589029370052	42
0.018175556319775	0.915814342550109	42
-0.026044218413426	0.850733084603727	557
0.052604066162625	0.691435299046156	597
-0.101640566907941	0.557089506445429	118
-0.106081810912572	0.788974895339536	118
-0.021470734455557	0.639038600938273	118
0.043640534935544	0.5252741464054	118
0.1168963860374	0.377959146118185	118
0.017885788839401	0.624590264023481	191
0.086617939245315	0.508124182153303	121
0.111615356851156	0.441283747170242	121
0.061454726491923	0.589379539338867	121
0.079644549099399	0.371830307358016	326
-0.020344631508984	0.450488968770939	326
-0.034758177658155	0.419525324247651	326
0.075280326338443	0.372374355256939	179
0.119004347576239	0.368886429900592	35
-0.0929257153390109	0.555816406902883	31
0.017049244361488	0.274073515019678	31
0.039571013027168	0.423534518714491	31
0.02018019612213	0.567554256839077	31
0.099460802986527	0.392893108393354	558
0.108465478457664	0.239910021354229	558
-0.071223576468153	0.568430136959495	558
0.082120943181661	0.462175749093866	558
0.116025888128677	2.36558592295458	129
0.041055375854634	1.80008654147896	964
-0.037352361749738	0.568279333484803	129
0.109168970240924	0.748203224978873	129
0.096359137943183	0.523510536003388	129
0.12051432111853	0.709456160789973	204
0.11059415453734	0.799569415877527	204
0.078359086868776	0.499462439060763	142
-0.108788787943745	1.04900879634143	142
0.02886636388767	0.586823065542051	142
0.108348524788404	0.592045869327018	142
-0.101081556455162	1.15949145126685	42
-0.011605503041654	0.686616127907289	42
-0.0611969575465851	1.07460395413177	960
0.096462616520231	0.291982487759664	42
0.102988271327027	0.296691671330551	536
-0.112435599421958	0.666085868370631	536
0.070853377433734	0.879779343772553	42
0.044384311914778	0.866041841034894	555
-0.030437285597225	0.933479547326768	165
-0.090536219198699	0.70492226370418	900
0.088404891092414	0.455403484353792	72
0.081430901762203	0.734053165222685	121
-0.082295883819522	1.08037487158183	121
0.047478332226324	0.47242948099017	121
0.002921393822579	0.332367271803285	121
0.115677989739358	0.500972001970434	121
0.076445818782325	0.402298283910298	35
-0.061249887231198	0.486532916556601	35
0.105266479646771	0.357859262674225	179
-0.0573038116360161	0.386971135140815	31
-0.00609370030877798	0.472756434196105	667
0.036745708459523	0.470920223246268	558
0.038186030189209	0.543774884966277	558
0.075528276130141	0.267788906741721	558
0.102399525798718	0.117299474519056	558
0.104356407422664	0.291854339874438	558
0.059005795794847	0.553874550565453	129
-0.09100837330906	0.545306462064828	129
0.099599418574402	0.656975146024979	129
-0.12189200812781	1.04854204542833	88
0.100035789662474	0.821729496888932	204
0.00362596513966401	0.576381634655248	204
0.085401246348626	0.65974474645475	204
0.01985775429901	0.50410951131523	142
0.085424684701543	0.512394973071652	142
0.076935320525001	0.773228744510464	142
-0.021483683298778	0.922393988652715	42
-0.00784430655904	0.431742208464192	42
0.082186532376239	0.681409349858064	42
0.068750956056166	0.738650027481157	960
-0.057996723559664	0.380809304929345	536
0.069147120691594	0.38921957011938	536
-0.122777980673999	0.633156533062632	536
0.061271168010972	0.838710911692862	555
0.071283610811295	0.789704439492111	555
0.105057190922812	0.744611528668698	165
0.113093679982809	0.625107684167632	469
0.00342944139273199	0.612129392989702	557
0.008501110970009	0.646573475784126	557
0.00717899691833801	0.351035500041553	118
-0.098820721328383	0.461705363464412	118
0.075655614689811	0.261905849224335	118
-0.040931945611706	0.42350798630923	118
0.030258436830567	0.459160176833377	118
-0.043104115491747	0.427640113444791	900
0.097856171065367	0.115790587282334	191
0.032814290502031	0.209250010325905	191
0.110079048792739	0.469877360829003	191
0.114291320952317	0.63730280762488	121
-0.093131786406302	1.0459043766477	121
-0.0878538563549081	0.891920352267957	121
0.089935784964919	0.568059655434035	121
-0.086071605774336	0.825557398594183	85
0.073695870462886	0.37831631409982	179
0.112206086211664	0.291149987402698	35
-0.069092786837423	0.313649817293797	31
0.102694901881704	0.416998887103803	558
0.068665106625069	1.62313735955461	964
-0.069433176502099	0.831040513008813	129
0.027485626651372	0.38055583628415	129
-0.052131938912073	1.25878771957907	204
0.064850208043816	0.460240801766714	142
-0.026956074325781	0.540398241537413	142
0.11963584793837	0.408533665921288	102
0.042604523559069	0.67762826189853	142
-0.00527140900785805	0.849768427550774	960
0.10857561815784	0.316951640635937	42
0.020231344274028	0.268537870451781	536
-0.065996111704616	1.06652523471858	555
0.061325985497429	0.427839394497616	557
0.037817085607157	0.679416569850855	557
0.093657631948118	0.42326897355021	118
0.098824213396972	0.117698428333674	191
0.012710333819604	0.494923393706544	72
-0.09972237817222	0.873661217671789	121
-0.05884323876317	0.69197983102444	121
0.070933482196437	0.423027400553167	121
0.123657911416117	0.167338514616692	30
0.070662682539132	0.387950821107782	309
0.06714981516671	0.261973009824887	309
0.093002238259557	1.88379603251315	964
0.101994998083409	0.291049024662623	129
-0.028177294090861	1.44548923144231	129
-0.056214747810506	0.977211961211663	88
-0.113108229863759	0.921272625806527	88
-0.025739562849178	1.18540832311026	204
0.013573676778082	0.492061046992364	204
0.102226630831625	0.54170759489955	117
-0.072950192949035	0.855224113726583	204
-0.030770681323025	0.671740651660979	142
0.042913361306974	0.863850706971278	42
-0.080399447329997	0.489858719541802	536
0.117902558829102	0.366202663481339	42
0.01383510465309	0.903093092683073	555
0.06918046625439	0.443253247543685	557
-0.021053541840754	0.866017548554393	557
-0.084437011984328	0.234993329126876	118
0.124546814939205	0.242910698849652	118
-0.037300874366049	0.419914204148769	118
-0.107392652757244	0.454904609031053	191
0.020364944244997	0.422777717313632	72
-0.031580421372816	0.904270374552253	121
-0.046724850971088	0.834648851366237	121
0.028230954973313	0.743026613338565	121
0.03687904728467	0.571365145137582	85
0.119894930047663	0.452801112861543	121
-0.028177199791249	0.773398621112111	121
0.074863125254745	0.445823042194603	35
0.113117385045898	0.347817634423474	179
-0.084398300689278	0.541121327694632	35
0.072280240188249	0.264540759131296	1117
0.033901614250328	0.209068299172667	558
0.035787543025557	0.201426046126518	558
0.00311391301696901	0.663357431493906	129
0.100757412630926	0.693387817257819	129
-0.082658782563662	1.29910701101143	129
0.096561031711707	0.658017860616114	88
-0.013338049300208	0.965241291383748	204
0.084979864411691	0.713611940435105	204
-0.037876347663655	0.812121302375788	204
0.042717357342201	0.602722534632972	204
-0.106561515256567	0.915607231311846	204
-0.066380484386276	0.940863120335496	142
-0.01482090329652	0.490219374197372	142
-0.107365710165305	0.766481913960665	142
-0.010262005074854	0.548853230581694	142
0.090352626790332	0.405897722328173	142
-0.036164395971019	0.636900773338183	142
-0.00196408790749003	0.718143663618045	142
0.043142060857378	0.724025030176332	142
0.051885807059232	0.524703122603137	42
0.056843901521329	0.533288175057741	42
0.078369437725948	0.693059808655369	42
-0.09990257174441	0.94923782916836	282
-0.0912167109837489	0.636501304434491	42
0.090226765036439	0.482320564278907	42
-0.116237076703496	0.622851392352624	960
0.0148641718854	0.386362549263977	42
0.059673587570046	0.626910583072089	555
-0.113357772722292	0.791774826880665	557
-0.022411961717915	0.802665725330571	597
-0.102999621704494	0.773367515860618	118
0.115705358211305	0.321415922840901	118
-0.104326747082257	0.455002182237029	118
-0.097005888480582	0.559444465714758	118
0.104602727499224	0.178860928520515	191
0.0620859527929	0.574971013319758	72
0.120312847450424	0.245286871037111	121
0.107572098708503	0.36176327096599	121
0.018671392038199	0.394029654098683	121
0.035461095694228	0.416012963546896	35
-0.072144943877459	0.500658451632929	35
0.026182767002878	0.20011668160655	31
0.00399538033007701	0.336497053436978	558
0.115639434757455	0.311730962467336	309
0.062472973516998	0.30031831114422	309
-0.087130100884153	0.237118284594784	309
-0.023203325560137	0.766764148515704	129
0.095274689758001	0.656854994585393	88
0.061198130136119	0.918298332809159	204
-0.084214195910477	1.26438318475198	204
-0.034336588648197	0.956103223872096	204
0.02570999635816	0.783969488232759	204
0.116753396796767	0.486281080448597	142
-0.062229166628891	0.609152810364133	117
-0.107596025223559	0.777641958302306	142
0.082073669251937	0.435440456182207	282
0.084876096432541	0.709250026488571	960
0.011335663554528	0.345208640484881	960
0.025902876976713	0.886079633067374	42
0.091281708896223	0.644469882346472	555
-0.025188163096918	0.821025181886521	555
0.040611314588017	0.477358779316473	557
0.045013809896337	0.588389549791997	557
0.068044063707822	0.754171907346623	557
-0.055338044717744	1.13560274277165	118
0.026643536437392	0.260682309392594	118
0.120625222424514	0.279208641767228	118
0.062703360305864	0.26404298502126	118
-0.029395043832505	0.417800561980459	118
-0.013702197125938	0.449875398293608	191
0.039866591080225	0.202943212324465	191
0.062073240173545	0.398814410793781	72
0.116967345484002	0.531820782517389	121
-0.0109467803011	0.500292989878378	121
-0.123136165844101	0.795954568015772	121
-0.124824730940865	0.813384835505165	121
0.080254643555412	0.363267096922203	121
-0.0319850036950859	0.419189967808861	121
0.030007507109331	0.567183075553707	35
0.075551377075446	0.25704537239048	31
0.118439652797565	0.28886431967476	31
-0.036932992634497	0.427417881566555	31
0.063344747811616	0.309473491422992	31
0.115731854933365	0.187487856053893	31
-0.117441793366194	0.619294043825777	30
-0.060342468256981	0.378360286554948	30
-0.074565677103596	0.310688414581272	309
0.062682138750562	0.447120926160778	129
0.055635114461162	0.322440469908822	129
0.046910872422775	0.956626003744536	204
0.108005539272896	0.359126883519112	204
0.096510277538171	0.507725368200399	204
0.123900018203076	0.511680194262339	142
0.074181260609519	0.492567138859877	142
0.081913947520201	0.718662431274405	142
0.070632356150484	0.661387714653859	282
0.059700909667049	0.726863946638923	282
0.075042270212421	0.681657545406247	282
0.037608647882513	0.20711353772814	42
0.086004449246033	0.494261814584087	960
-0.090740629673593	0.437134802015592	960
0.116028124849405	0.276849642722908	536
-0.070400859761209	0.501505278658213	536
0.029034164303634	0.605890468604882	555
-0.0777436159411991	0.689030604602844	555
0.05002846600818	0.738253605844452	555
-0.020760276914735	0.913141577972458	557
-0.100784662552902	0.930114525114795	557
0.0666815754862	0.764535967397241	118
0.100494587133309	0.495166005136115	118
0.09214771741896	0.435855197500228	118
-0.062000986096734	0.301214940149569	118
-0.094337694052455	0.446842609953644	118
0.00264830372053199	0.527596628626734	72
0.107386290454024	0.288117371879542	121
0.013932289595044	0.590512240390825	121
-0.037443739274113	0.501019923087515	35
0.061123796992906	0.325750784726052	31
0.039583430306176	0.204237090917593	1239
0.095823720766615	0.117378468997715	30
0.046971536703491	0.429167622694821	558
0.123492862294603	0.17917031965934	309
0.025111415767921	1.38718869524925	129
0.03597814519765	1.26762967324822	129
0.10361916697012	0.730376417527584	204
0.104578044542845	0.543507585983985	204
0.109112432711802	0.328636274641212	204
-0.113343738930415	0.608399385249374	142
-0.096573338116853	0.769408451527774	142
0.111283366492405	0.327012023309853	142
-0.000167132527785996	0.833515410425232	142
-0.085574524175887	1.02675964507344	42
0.111051307622046	0.290757872095262	42
0.113564820722985	0.287511444816882	42
0.111935788150121	0.657722548030356	42
0.077064544769945	0.810491292392949	555
0.111545166160614	0.416939260068974	555
0.025002211895403	0.700695380542423	118
-0.072469690298001	0.858812871028572	118
-0.080090921058404	0.280874862498737	118
0.036101332876396	0.405168548568409	118
0.013482260297799	0.341087049885705	191
0.015396176476206	0.707128946576499	1091
0.048002241752558	0.507684987046403	121
0.077275005233627	0.551801382636469	121
-0.018120141044397	0.637112736440229	121
-0.00979858697432601	0.62543376681804	121
0.072109124855527	0.369913311837145	121
0.068706124898807	0.355076002600479	121
-0.080093915239182	0.23379307948698	31
-0.051574461525994	0.372227810730104	462
0.027920212637775	0.201675458115603	1239
0.115333097531138	0.37513385684169	558
0.106113463546501	0.362769671559978	558
0.097271198134467	1.02986564999214	129
-0.108217868814078	0.989537705832673	204
0.124534400320763	0.50043025445127	142
0.044734170789316	0.719256463373089	142
-0.113104345509047	1.05004619777476	142
-0.071819358098541	0.740619379815387	282
0.039346385907083	0.664535580088269	282
0.111680376320653	0.402068132733351	282
0.082954349788468	0.473514033737111	282
-0.052538856905026	1.07258936425478	282
-0.062576127789816	0.950452517173808	42
0.062106919953754	0.67107978853433	960
0.042489815996738	0.646363001799817	960
0.031797335676574	0.581112054403668	536
0.113619973838524	0.653771954848421	555
0.102114168965303	0.638046670052725	555
0.032294456851088	0.81499335973046	555
-0.120480867322286	0.74655886150827	59
-0.016203143420857	0.691894008314571	557
0.048695542511673	0.534967918861733	597
0.118415456887582	0.699108811187089	118
0.099487834803066	0.397608287849146	118
-0.051790867022353	0.512251334553705	118
0.097242634439627	0.623677155480265	72
-0.081435687305156	1.19032944987896	1091
-0.0746555151586	0.491963039668172	121
0.043817539776547	0.527015535889266	121
-0.043038121271622	0.496533805039322	121
0.011454692098523	0.349215950202249	121
-0.074853974940942	0.491848849024009	2255
0.00290383649574599	0.350295065105242	548
0.102370069485526	0.336156523773716	35
0.017861880794231	0.385870210657278	35
0.094053122209559	0.363082609108284	462
-0.012347317631452	0.440284552802054	309
0.115285387963598	1.18918049639122	129
0.021221369194895	1.38777049268169	204
-0.062544479824189	1.26700833684285	204
-0.0847177257581549	1.37300443381761	204
0.116188364258846	0.455132673042239	142
0.00788880291579402	0.643679890511114	142
0.086173949411037	0.399819610173286	282
-0.024489671984001	0.996291447740097	960
0.098010649688458	0.628519403730416	42
0.123961004865032	0.67376567901991	555
0.11757404535787	0.532388813476248	59
0.082715665431705	0.403053656304139	59
-0.037458146885322	0.626750364407471	557
-0.076608654231507	0.941264197353594	118
0.000676025338904984	1.12254056123313	118
-0.023002013073637	1.02548927881831	118
-0.067335816703894	0.820486749695786	118
-0.119028363025667	1.08274738284111	118
-0.00510927504608105	0.775662351234013	118
-0.085797921138584	0.85501408542483	118
0.108732019636537	0.485125676146871	118
0.079547465611593	0.626439079408203	1515
0.094962187058878	0.829859859218417	1091
-0.059061719954487	1.02049920497353	121
0.073775321412034	0.749588589743801	121
0.020499690619628	0.383561295372507	121
0.101636795963274	0.358710723623274	548
0.017118402415364	0.272918331062532	35
-0.028349867009445	0.525447438139027	35
0.034772957210743	0.438497521850434	31
-0.123251328241082	0.651617803403055	31
0.101739372872884	0.401161252812277	462
0.109560726390827	0.340753613633036	309
-0.0424275316782941	0.647814466662486	1239
0.024750601493066	0.670005987316281	309
-0.02505913020024	1.14503625784201	204
-0.097081936002715	1.73534726794765	204
-0.067853721874132	0.695818515245641	204
-0.027526650581482	0.936476181830752	204
0.077490837689346	0.552261360728908	142
0.03902628793665	0.657475444559788	102
0.082447090937619	0.522323434983615	282
-0.113812192737526	0.943471802715257	282
-0.124430840171207	1.0211216494394	282
0.04476023374324	0.594301930112167	282
0.098988827652052	0.505530353255817	282
0.049090820809873	0.860991379436869	960
0.058702507523535	0.828523456665412	960
0.061517081942891	0.545204058896996	42
0.016245231163638	0.602307574599938	42
-0.053234611600975	0.844880577274975	42
0.119782623026759	0.617690012684484	42
0.111359438464473	0.60421119811176	42
0.066312816475827	0.748026524443237	555
0.07094992670359	0.444882965745732	59
0.080174431631455	0.461419020023601	59
0.058065464643728	0.51646245229644	557
0.07940237718679	0.676323117765183	557
0.00601302449345897	0.674168945864087	118
0.079648740236721	0.468284103897421	118
0.04639023012743	0.860335496018945	118
0.056344009430194	0.887980240243752	118
-0.071442176408777	1.40007942670368	118
0.095620817402173	0.487854997502194	118
-0.013296511311416	0.626148074559078	118
-0.057431386366952	0.689774221731939	1515
-0.07678987312686	0.858650665746887	1091
-0.040701316917262	1.11292782843955	306
-0.026131309351152	0.994190594630981	306
-0.00877254670050298	0.535331799569154	121
0.019799402861025	0.743241512278881	121
0.124067892644939	0.447487775046135	121
0.079259572335079	0.368127102307888	35
0.012493100600271	0.349092558477206	31
-0.015543150337533	0.435219098563416	31
-0.105761515337996	0.973171423101709	462
0.012997511319911	0.291312148499777	309
0.01811723332209	0.56628712798377	1239
0.089167102298268	0.456846589833992	309
0.086292890586916	1.77226500826001	129
-0.010228408459626	2.47706928052711	129
0.019139289151803	1.62062423148164	129
0.016145876498745	1.56892819461384	129
0.075576026918581	0.562802617602573	204
0.069980379991298	0.451920603798906	142
-0.00761500041782903	0.566685066425411	142
0.092985161910257	0.398310465683444	142
0.093702119799994	0.480618168005554	142
0.103263050849309	0.683648738402492	142
0.064069570182964	0.423172456643921	282
-0.068247098583988	0.974993497504045	282
0.111317956494175	0.457208305928157	42
0.116265756416848	0.533477717353506	960
0.056013811588626	0.579541583256733	42
0.11745043945771	0.437122645334142	42
-0.110412852427791	1.14995986304228	42
-0.109434610882131	0.613253995706105	42
0.083868280757291	0.542034204264089	42
0.074681174333665	0.753449932791563	555
-0.058555651035711	0.634922677589944	200
-0.00604647736143005	1.06982939666452	118
-0.049931072408873	1.2118452462452	118
0.00532872167493498	0.884912644771051	118
-0.016309080214717	0.804412366437687	118
-0.120460432807558	1.21709097711121	118
0.00681447011792602	0.643466834587987	1515
0.090565225592279	0.483771040728547	1515
0.058159907196684	0.754856312490579	1515
0.016734757157843	0.655171934725221	1515
-0.065035635225658	1.23867297844993	1091
0.111691956153605	0.311530317992245	121
-0.067821369867369	0.490314248471862	44
0.024585795363389	0.270125419561808	44
0.099431601351864	0.336651784886497	31
0.041402126914729	0.443692231824291	31
-0.095251715833038	0.552741300881571	31
-0.00612973839419195	0.596163776004084	462
0.02603969456284	0.544362195456118	462
-0.061837364329598	0.752590688324496	309
-0.071453750148079	0.585970971547782	309
0.123792484505645	1.29953291447322	129
0.119365748034529	0.760874822779606	129
0.088522442910611	0.504482604054921	117
0.058116209627881	0.360210993959991	1621
0.098366380984785	0.387293833639059	142
-0.090050139490934	0.732745687593616	691
0.116524907515927	0.473732090979287	282
0.073340038592362	0.49694574690609	282
-0.078005672879689	0.923925202916812	42
-0.015754814690228	0.702600376849226	42
-0.0615555356925061	0.543356862024441	557
0.107928952314606	0.49932102078345	118
-0.056134911722677	0.824815009100944	118
-0.00766672311800498	0.553166418281518	118
0.042643208364852	0.818945255393522	118
0.023819969088819	0.813027339256674	118
0.046900956856892	0.427804814586517	118
-0.02565389030202	0.600441743627152	1515
0.109581871076022	0.293265768307032	1515
-0.060852328234139	1.03095878175461	1515
-0.111994130594375	0.773924084305959	72
0.060632217702307	0.579713593695904	306
0.090254433895793	0.504435580871094	121
-0.062679828978502	0.571740224529229	121
0.047821479349074	0.473586106259401	121
0.061502484080593	0.316685104044168	44
-0.080924179846679	0.573943336440328	44
-0.054670768423013	0.414692738779082	44
-0.120063667704232	0.609701018447242	44
0.105404873767072	0.331113785830737	309
0.00925286034512202	0.396137499871488	309
0.123747959535348	1.68823869412408	129
-0.097718884012731	1.33991365006278	204
0.080437426155132	0.400629182845375	1621
-0.00747312458212401	0.485116279868682	626
-0.034747332307872	0.418368105209244	691
0.121984316897142	0.625132528222425	282
-0.070862869160917	0.477203714095492	42
0.105689146647346	0.482284391682598	42
-0.024652683361245	0.448305597017393	59
0.116079733571048	0.468466736173691	118
-0.101685200263401	1.09789559918732	118
0.078715117148851	0.598583446628882	118
0.108531358143967	0.546111339193822	1515
-0.000224575723015041	0.342014937957629	1091
0.105574299445137	0.361125528513379	1091
-0.00809553281666098	0.702773345726316	121
-0.070041208901684	0.314929716407538	44
0.033757464531852	0.207197198608219	44
0.111552224825118	0.180782837462628	33
0.001786827626236	0.548989461937492	462
0.097000020385755	0.362443993390256	198
0.112618383993432	0.321121851410874	309
0.115103592049401	0.993162497150761	60
0.052339825296445	0.58944347713142	204
0.117727710514204	0.45863016257961	204
0.042634812522477	0.561864776768229	102
0.108396790352952	0.287805243375141	282
-0.038306719062111	0.691945642477881	282
0.046257533287048	0.621971205216149	282
-0.08713571820088	0.568804653675368	42
0.080841447796097	0.434434662285895	42
-0.00343136105756803	0.348761945954887	59
0.012368180167838	0.330661793084123	557
0.113587935609381	0.29157481364898	118
-0.106383173045976	0.554396571859709	118
0.076429225786909	0.67528747998031	118
0.054357376907545	0.523484792588578	118
0.122568076473483	0.426408963984899	118
0.037618060726315	0.527444430618507	118
-0.00494002378524605	0.833994292669061	72
0.088913138102724	0.531955714622496	1091
0.027251891333138	0.452972977154947	1091
0.01135622609191	0.348405764345816	121
0.122117751779941	0.359226631830044	121
0.055034359950481	0.474145521445296	121
0.022410100319742	0.271704843621667	44
-0.032571061827197	0.42475850703567	44
0.00338723558305598	0.473836154453952	44
-0.070041208901684	0.314929716407538	33
0.070472253223257	0.337506775595714	33
-0.096578950147655	0.55563150718129	309
-0.00815625275061604	0.447236021496961	309
-0.12205491758874	0.694132515722578	14
0.045181987929624	0.545142901439606	204
0.089038544922897	0.325961744464619	117
0.069226157037869	0.521305097412488	102
-0.062722703787453	0.304305131508299	626
-0.120905732218623	0.510735632571053	42
0.105374351564394	0.325533844021657	42
0.064811303337906	0.261064528020913	555
0.033103708264549	0.202783789287526	555
-0.0688376549902791	0.311209583038169	59
-0.094370715615974	0.231183054822688	59
0.100240956796967	0.117900473796604	557
-0.066810453803713	0.308781182167819	557
-0.06135744973834	0.374647261663226	20
0.089745898980376	0.518559575319826	118
0.030021595199387	0.497037933175451	1727
0.075512775712388	0.474778519031977	72
0.089066238369626	0.434328435298553	121
0.038694232292148	0.205296640432502	121
0.049038726550344	0.190276774694691	44
0.088483342326913	0.117275908025278	44
0.106305454459769	0.113418378970792	33
-0.080728805603982	0.69769565049017	1809
0.076165030656828	0.503193043729593	309
0.000684749206792013	0.613980757857345	60
-0.062213489640373	0.558221466948703	117
0.083265856622264	0.473784566756568	222
0.038261428941226	0.815504303169302	282
0.070716194403888	0.268273909023493	282
-0.080579628797771	1.00485433369302	2018
0.04387220304148	0.436965667672368	207
0.019691684414189	0.618451695257494	42
0.124051864160984	0.441362733985525	42
0.10323407824968	0.567169289275004	42
0.07510033852899	0.255737673588166	406
-0.0517588642206011	0.811799595502066	42
0.109819961375422	0.374912944592942	555
0.012997511319911	0.291312148499777	118
0.095536829233857	0.534585853793836	118
0.057558982158372	0.715841710228786	118
-0.108972988174119	1.05506210373213	1727
0.082825404324388	0.676638895930664	72
0.030288888462467	0.814215140638411	72
-0.061429971834041	0.700261867943062	72
0.030928551547844	0.204706831153891	121
0.107274749813407	0.113102104824115	163
-0.084437011984328	0.234993329126876	44
0.111308819008153	0.352817571468864	44
0.120307699489276	0.381567411324979	1809
0.069835577195111	0.560315138915859	309
-0.050221496995066	0.277912034660928	14
0.09811101852392	0.451292806794191	14
0.079356361923917	0.69161663622668	204
0.060595268417175	0.691940458834424	117
-0.011427781002648	0.439010123898437	27
-0.041445175603264	0.74193110614495	27
0.091434315891022	0.434691417080717	117
0.020387791318631	0.571505891113862	1621
-0.011625059483602	0.453033473763691	1621
-0.0969297664358511	0.840725510082002	222
0.097173892214993	0.509649050445679	222
0.109581871076022	0.293265768307032	282
0.119394839521662	0.405658661757292	42
-0.032204741509549	0.485328235714867	42
0.08811512679579	0.514324891514592	42
-0.016743387137395	0.448845923737696	555
0.042036787424223	0.440668330556148	555
0.00504341479193499	0.34146928218724	59
0.121177626437349	0.18518643872447	557
0.00606309209678202	0.346867572965916	557
0.056308472090411	0.739896414066701	557
-0.056807555551857	0.372995986754187	118
-0.0552312826174211	0.946567561738784	118
0.121805736684168	0.667780433476841	118
0.057662437887877	0.647077484547329	118
0.113217686208665	0.546208803207831	118
0.115809572910139	0.536641175114277	72
0.055658283180846	0.579898926003633	72
0.00455402535532701	0.56660681424597	1727
-0.097845323809866	1.09195649291464	1727
0.107947840904767	0.619638050755352	1727
0.047375405113024	0.72522849788714	44
0.00860389791681099	0.288774283113981	72
0.00566156223411302	0.285093861088328	121
0.05490200062697	0.321858371889154	121
0.071459861784586	0.399294749016051	44
0.122101949566733	0.279209391405648	462
-0.02518596568416	0.530352704003756	309
0.023399744014282	0.426351884100097	1809
0.118122085917925	0.409774373941204	1809
-0.00991327985494495	0.474781882292425	14
0.101071100112713	0.36412874052633	14
-0.124491831774205	0.658626313410586	14
-0.075165708942336	0.749127698065877	14
0.06916360942785	0.590814835838976	204
0.074477011547245	0.438120678496377	27
0.05053509668076	0.462404074184917	27
0.089282409633756	0.464649911108436	1621
-0.00171756796659295	0.612553678034303	222
-0.046155693382914	0.720064260374604	282
0.064343323948646	0.421411513491177	626
-0.123644167015263	0.520109584613923	626
0.106019007939126	0.53382099068025	2018
-0.103993799279284	0.84648417270161	207
0.12288119753147	0.524908381247377	42
0.118776360148264	0.535117491578054	42
0.025734220871523	0.515313967530772	42
-0.019682895419957	0.673805853424288	555
0.025799940423942	0.557323922803002	555
-0.075414999352606	0.802737065583296	555
-0.0909599030107669	0.535794690541659	555
0.061024192902396	0.354255944974495	557
-0.103687338583632	0.460518565053845	557
0.010297608598858	0.35008431325179	20
0.059744075439295	0.317846073855181	118
0.038858588747144	0.888293920183492	118
-0.029915780959322	0.718787392227642	72
0.016825079611885	0.775528112387997	44
0.117356240137074	0.289649556478838	121
0.10247327158192	0.327344894845725	121
0.080791130353512	0.430769774799681	121
-0.105686458601755	0.462191451223174	44
-0.00612185063723103	0.276227542570518	260
-0.057765847158641	0.37084536454866	33
-0.116768361442071	0.612044133737367	33
0.079270837635615	0.39928560437065	33
-0.11808464862762	0.622216087578623	35
0.071975772438741	0.302210123463023	462
0.071529729908477	0.308635609190594	462
0.074615273244932	0.385524061395504	1809
0.116275259850904	0.383622204488677	14
0.060955297477565	0.523160848161237	27
0.034707043813776	0.695770879612071	27
0.060014776896736	0.392949477746827	27
0.100174292332584	0.386689374003539	117
-0.096107674517442	0.55523839068359	222
0.009537280035121	0.693160579908054	102
0.120263084980067	0.246090217681161	690
0.100304531274549	0.2951365879845	207
0.058476430716178	0.44083264740081	42
0.026941099694966	0.426447817490856	42
-0.0726418182681971	0.688208756294429	555
-0.048824540712597	0.575729766721652	555
-0.06509216340075	0.381151372839694	555
0.036346983320199	0.413526174307175	59
0.072434007750472	0.263865492938461	557
0.011871846884106	0.284967934068631	20
-0.091166508348173	0.620591027592689	118
-0.104023827227529	0.888112722392454	72
0.039150925821878	0.684447147258821	72
-0.0727313003437891	0.90661262037301	1727
-0.02701806181571	0.747452256939745	1727
0.124308754810811	0.566897562088166	44
-0.00394601054978505	0.714875788033764	72
-0.06328928379268	0.302374674885047	121
0.018020260033365	0.266396075162455	121
0.033757464531852	0.207197198608219	44
0.124903594959521	0.182012025006066	44
0.064501260363384	0.25668085084368	33
0.065458640823063	0.321978764503502	33
-0.083697267516696	0.579683446809203	33
0.023773620381555	0.426097515365878	462
0.081110648022909	0.363018486120547	462
-0.0777472979688	0.66220384341817	1809
0.065413109131929	0.458729296011885	1809
0.074330998216917	0.384303234685876	198
0.00181781672957299	0.34954683851991	198
0.05233242909647	0.661999950078428	204
0.00710885569668901	0.470738370232818	27
-0.018544832626854	0.534043601634676	27
-0.115800110624114	0.708746522973672	222
0.04702972309759	0.72882838103008	282
0.036933414081273	1.05249098903116	2018
-0.071764066422961	0.496465599267388	207
0.0346076385523	0.360813975425898	207
-0.029084702935632	0.544401491057474	743
0.030304595547566	1.13417285523455	743
0.105484001624768	0.172554088845474	557
0.089285423242455	0.91931518419681	20
0.00764338558606298	0.691348136904239	118
0.032488591875585	0.83970220168541	72
-0.072085620682628	0.894840298274244	1727
0.00623214320901799	1.0720030159087	44
-0.06352372527658	0.305960743878006	121
-0.086942338311315	0.227447584191049	44
0.007680104253322	0.75962637366271	44
0.07766159916725	0.463690151411812	44
0.00786619848547498	0.286267021437013	33
0.010142816158548	0.530065029949256	309
-0.014787063758043	0.729954460482096	14
-0.105890648095672	0.603257716990878	27
-0.000797389892374989	0.449904165071699	222
-0.0862118418083711	0.486443909499112	222
0.08052767145554	0.491419403716576	282
-0.091261096623814	0.433351173748922	201
-0.093426107581831	0.230257538569097	690
-0.088182104487749	0.930132358803454	2018
0.00193436190822299	0.528479462393875	417
0.119903544241941	0.312648323549301	743
0.120270755359219	0.175108184740303	649
0.038694232292148	0.205296640432502	557
0.094856471977352	0.12045190662312	557
0.03607407453907	0.20239794568548	557
-0.111575094224799	0.824155839821733	20
-0.049239404601077	1.43006529829317	118
-0.035508230489124	1.28178908324104	20
0.066545291817203	0.841371173115626	72
0.015144854042152	0.6245115850186	1727
0.08740297794507	0.53848197298143	1727
-0.00902716548190496	1.01229467161003	1727
0.047018967335059	0.739522922300486	72
0.103979131579787	0.413191395542301	44
0.017387959472397	0.742918803244582	44
-0.00695873966790905	0.846755525635434	44
0.041269333643695	0.203819925027964	44
0.104893456811117	0.115628390955747	33
-0.0743041510966011	0.301146154552656	33
-0.060043637823026	0.70791299383472	33
-0.106843989007845	1.08698259999688	462
-0.00468446255752497	0.631313937882678	514
-0.017425956855792	0.553474309044641	14
-0.059045854516355	1.10625178144396	204
-0.026892369314509	0.781974606398909	27
0.057523886588417	0.829619617463362	27
-0.00577404998095699	0.438694751604737	27
0.066193684280402	0.444060248902337	117
0.101813027532703	0.699051202412913	2018
-0.0738727210196241	0.671866992969603	417
0.0676258564802	0.865566529325018	743
0.061539718896765	0.36660736244099	743
0.107828138140521	0.537813915941989	743
-0.083551727938351	0.234432692564786	557
-0.088263717869818	0.238387595906777	557
0.038694232292148	0.205296640432502	557
0.104893456811117	0.115628390955747	557
-0.052402809189138	0.281291116148413	589
-0.000538967936939971	0.521943445903673	200
0.106312793346328	0.290178633492035	118
-0.034875547326771	1.13926517095236	118
0.00981584631368598	0.778338215388612	72
0.115313508032182	0.644918251948035	72
-0.0456018813799109	1.07881456993056	44
0.089476115372189	0.504487220643576	44
0.093889617581682	0.118439499749841	44
-0.078963614002717	0.228301508749056	44
0.105115108051097	0.11587423974745	44
0.035028562476427	0.496087709964018	44
-0.00611047869596304	0.815214427742741	44
0.101208678337821	0.119944633438756	44
0.109253451951026	0.324149619181626	44
0.093660993696916	0.118873844218748	33
-0.070992765853335	0.836169180712891	514
0.00457454330457002	0.721470951171799	514
0.033080045452205	0.538384485667673	27
0.018822678525187	0.385747135830454	222
0.076535765888113	0.427502149764086	222
0.01693184320834	0.511335912605117	222
0.033024935252495	0.621856960078197	282
0.012997511319911	0.291312148499777	282
0.037608647882513	0.20711353772814	282
-0.020540025757664	0.394191430222285	282
0.038465736449286	1.02692440782315	2018
0.101951001672888	0.702759339179572	2018
0.01626751603155	0.283367343962533	42
-0.010498559793756	1.25170803576563	743
-0.087933434694328	0.76079957034695	743
0.086859245990518	0.509648339850313	555
0.051806579448779	0.180540237415694	557
0.102399525798718	0.117299474519056	557
0.041991617056046	0.553775424608183	589
0.03110838806068	1.08756716272094	118
-0.055082259208411	0.818269279944611	118
0.06093039542651	0.922112345408723	118
0.058864477436862	0.84919257090618	72
-0.033868316322213	1.13647173994075	44
-0.096999046888011	1.43947906146279	44
-0.075880794171575	0.837933284388183	44
0.115608465357206	0.186299139240439	44
-0.010918539926473	0.5918395273028	44
-0.012749567170532	0.742741457113473	44
0.099049026225973	0.117973999074777	44
-0.092946782848561	0.560196169842797	33
-0.052164725566499	0.59112411639954	33
-0.031477023826597	0.422720927996036	33
-0.01565316254685	0.7808425168702	514
0.058956581721816	0.311904658557829	514
-0.112308618506697	1.11469052997924	514
0.00616289843693102	0.755880469203713	514
-0.0458543047166961	0.887620826261048	514
-0.0891147282724259	0.611366845006056	514
0.115146910948632	0.604812014269638	14
0.040051293889486	0.447704572819835	14
0.081088402928811	1.10424167070076	204
-0.087459864983317	1.17472150063226	204
-0.013981243179838	0.829334791230989	204
-0.033244491430002	0.953804492762096	204
0.090471627637323	0.575590860784984	204
0.069318869905818	0.722091125974091	27
0.088973111299863	0.617863222706063	27
0.097906111776583	0.564465355389177	27
0.105915417405474	0.586382684376794	27
0.078311905197332	0.341427422154624	27
0.086686482971994	0.47883952878178	282
-0.058428259642251	0.386813306072484	282
0.070372642837645	0.316639425671049	282
0.016732638972304	0.609685398739346	282
0.112143239990261	0.280581531121862	1329
-0.071422355109616	1.06970459997386	2018
-0.034427581966905	1.03931915075614	417
-0.09291962041951	0.654845986663277	417
0.023571801899377	0.740165839505229	922
0.110038959878831	0.473587031378113	42
0.104113659247524	0.365131681319823	743
-0.032347955321117	0.684295967297954	743
-0.085677299546157	0.990712011702003	743
0.113180751097586	0.290898170602234	557
0.073969993599518	0.340572064209647	557
-0.062690571074004	0.279955011821681	557
-0.03947276852427	0.422242547840609	557
0.070334194960326	0.264975919643763	557
0.048854161503696	0.425818223233071	589
-0.090149372109569	0.941417420455693	589
0.12216271683203	0.589997266502392	589
0.09226731951346	0.701935872235483	118
0.088919631936749	0.627647345908844	118
-0.076739343625481	1.06003988621604	118
-0.007268555010844	0.972482895780634	118
0.100140948860908	0.457180942148913	72
0.042323009656435	0.570924728345656	967
0.057971539210068	0.626263839443739	967
-0.037085910592313	0.94088875338596	72
0.013446569863285	0.903110303182345	44
0.040699357673089	0.514294585208764	44
-0.073806342076033	0.493129172085984	44
0.062283301631256	0.318668660021165	44
-0.053257711225122	0.379337931342083	44
-0.063020523514488	1.02266233788634	44
-0.066571860916002	1.00801393567277	44
0.053624337978147	0.638542301842541	44
-0.054327243000964	0.378557293602099	44
-0.083489572013423	0.234005799423924	44
0.110899392601971	0.346708389777633	33
0.037696326948433	0.205971227736404	33
-0.058752363861964	0.472428510658432	33
0.115855070153313	0.185888522895754	33
-0.045617480329348	0.50737105692549	33
0.070271805183282	0.384076962265233	33
0.116485584356789	0.407667337371681	514
0.012765563285134	0.506460796476663	514
-0.053323307599654	0.922766510128932	14
-0.026549753671266	0.824693312268744	14
0.052489971420123	1.48932176738266	204
0.021500830817503	1.27027172137118	204
0.083175468196454	0.90434114929108	204
-0.102526141825932	0.891845186528469	213
0.081563012953623	0.699005272109314	27
0.112694096461471	0.657981536895645	27
0.048656144816266	0.634644271286885	102
0.088929342622513	0.489275211139788	27
-0.085930306698328	0.626425732669293	222
-0.014964156666899	0.683245446520143	282
-0.042635184290979	0.704743044508466	282
-0.090541856526397	0.982157021395356	282
0.096003587540112	0.369977329517937	282
0.031162315311829	0.508358720340314	1329
-0.0846803159889	0.906558221483547	1329
-0.077356497867334	1.06609399401337	1329
0.049119415616111	0.875899619290686	2018
-0.0152068348636411	0.972541751050076	417
-0.0359536137527841	0.76646632998169	417
-0.00633933608187698	0.731938101749695	417
0.063034588455208	0.751129779063762	922
-0.066361207081164	0.700772473424155	42
-0.019742209074628	1.1038865680854	743
0.110144087318687	0.668129630872007	743
0.00974920527054901	0.535865170041488	743
-0.0524653954045931	0.806529304962952	743
0.019606793627571	0.761360200990585	743
-0.117034053712431	1.15800811536239	743
0.092589514553595	0.672185764368708	743
-0.00124436111986803	0.773333757820758	555
0.057692157622926	0.714737760026504	555
0.01343993727628	0.457109301562616	557
-0.011808587247466	0.556061255214954	557
0.097044373943301	0.386998512916744	557
0.065186203672232	0.316615881651363	557
0.104971000831606	0.326341516242649	557
-0.0381711296871961	0.510850432349896	20
-0.095451307993364	0.946744676064631	589
-0.112988484613128	0.617655081391577	118
0.094709169880228	0.875094750071365	118
-0.016328200296751	1.09283694691518	118
-0.0950841677330591	1.71823301548751	118
-0.00787167324434901	0.911621986738369	118
-0.0717187104967481	1.360236199205	118
0.000675609419634016	0.780134399421799	967
-0.034908201766618	0.859449735635071	967
0.120083081872389	0.652813115338366	967
0.00000145286970298919	0.856341811570482	967
0.081362573111955	0.901010388771403	44
0.102559117240222	0.583009498748661	44
-0.060601546954382	1.20960634458252	44
0.075685861417356	0.665765979472558	44
0.059391424960183	0.323527023882528	44
-0.059343102565586	0.295744414465863	44
-0.024681388679017	0.566666148753498	33
-0.0125443668734549	0.488344385328123	33
-0.056606071160195	0.55689021949514	33
-0.098561059788547	0.725948874639936	33
0.032691325844811	0.584912095008995	514
-0.099491654052068	0.641893468508504	14
-0.107161929659412	0.820360365244031	14
-0.0584963178315871	0.949987907224324	14
0.08029093902418	0.580923241524525	14
0.066802228258067	0.587282040375095	27
-0.115720688260714	0.774260595193168	1798
0.07198321747199	0.527739981139134	282
-0.006471848595755	0.864081898964804	282
0.093391239065475	0.547643399509024	282
-0.068814945961135	1.0204386003924	282
-0.100661917335854	0.90397027384519	282
0.099782929835378	0.531285927577646	1329
0.019907269883562	0.598376753195507	42
0.059277098703649	0.889826910384067	417
-0.087957345188597	1.01998314890824	417
-0.122218945154364	1.42065804423249	417
0.028922120188233	0.976030582745731	42
0.031941811654247	0.962350722578208	743
0.010890435939864	0.883784017857423	743
0.081251967602994	0.695149433249953	743
0.079044408099842	0.669595791014678	743
0.080831886973921	0.641672503381546	555
-0.025012424999648	0.805346068322969	557
-0.111807522647371	0.778483796272472	557
-0.107223091155452	0.865714904718481	557
-0.014499906780255	0.604426441901059	557
0.117755048045156	0.382132422648775	557
0.053602496698203	0.542112125954257	20
-0.124109908861314	0.63415914508589	589
0.050823366869761	0.618749961968272	20
0.045229675275121	0.952420839234113	20
0.039339077406939	0.623242158867289	118
0.057919165150254	0.551401118105659	72
-0.101348303060951	1.28716996812075	44
-0.00370560612561099	0.73444249000446	44
0.124165078039307	0.634483014708313	44
0.107251924753644	0.767704299190037	44
0.100576935142756	0.450122213712821	44
-0.117149526989515	0.830809803471223	44
-0.110935289219917	0.606011747919311	33
0.01875964728974	0.48997132467032	33
0.053501466053412	0.527776695083098	33
0.119523369367388	0.286470633831637	33
-0.101686243039076	0.530862180280968	33
-0.107650381465558	0.593007817650442	33
0.034365933048484	0.750708114360418	33
0.089449719001011	0.114485044426748	309
0.079056772225959	0.572950132214293	514
0.059176283002545	0.637582974170504	204
0.060843567491084	0.751001394461543	213
-0.038927022716351	1.07986179641949	27
0.117630777423617	0.430667080223931	27
-0.097443753286938	0.628864121287458	222
-0.00722937529285195	0.546496457201086	222
0.096788930475517	0.591651471106102	282
0.000183882911871991	0.798859767818187	282
-0.014369899068598	0.603802334457383	42
0.07894898053857	0.489680133219382	42
0.101394666315936	0.758029181771247	42
-0.01443851759598	0.480949336909985	42
-0.045740008744918	1.0430880282132	743
0.027955850658041	0.869092764792352	743
-0.031879489601056	0.766575270382721	743
-0.0177946218770551	0.867847280113646	555
0.089916301286594	0.473905734565699	557
-0.00585509577034404	0.636594756891949	589
0.024616418939385	0.650581158097907	20
-0.0648729155012	0.810454790846171	20
0.07513931102399	0.83627050230097	20
0.065264438222493	0.515104269576478	20
0.118168303440655	0.286796390826458	118
0.071738286367155	0.58405287282125	118
0.103917548125207	0.609270626924229	967
-0.117234554526849	0.993541350713683	72
0.066676392751582	0.811381547360027	44
-0.025309079746176	0.788238779357383	44
0.066339703709867	0.771798895078534	44
0.111520380007015	0.396619114478939	678
0.043978315515753	0.617816305031857	44
-0.117366232720165	0.883916921426973	44
-0.020640625276338	0.518265821232622	44
0.102778069391493	0.361235128014977	44
0.013384695632764	0.488197745367922	44
0.072352822882061	0.299258150218692	44
0.02962395687842	0.399613165573862	33
0.032801008349425	0.416414580264449	33
0.10282720376674	0.328738248739487	33
-0.062731565266877	0.562902429189835	33
-0.097692427641285	1.01864206801924	33
0.121353351206443	0.182752495784492	514
0.018980627703329	0.654117091345593	514
0.095493601384013	0.417017608572157	14
0.02918378428081	0.4594221516426	14
0.067995184249905	1.65164126877503	213
-0.062623645361925	0.715754653214955	27
-0.122805575279223	0.833526871544461	1798
0.074934191958365	0.52241568585245	997
-0.100978553008355	1.12337962373539	997
-0.036043600345784	0.429754247320906	42
0.012146100660346	0.28245399562291	42
-0.023924678379896	0.735709051178777	42
-0.0482941946159831	0.578687433631655	42
0.035900827508979	1.13820081911268	423
-0.027753096496214	0.53954148049433	423
0.033023357414489	0.417542632272405	743
-0.046823721346254	0.515963011429479	743
0.120224273615857	0.187007486334419	557
-0.101064657403197	0.466217452006412	557
-0.074565677103596	0.310688414581272	557
-0.026527192637582	0.844123163545105	20
-0.101873041336674	0.446699547604484	20
0.000915800518428989	1.03764476179631	118
-0.0234185062607311	0.870136736424609	118
-0.082405006671215	1.40363372058537	118
0.099711357865418	0.678233938237276	118
0.022053483347562	0.837048870796193	118
0.019133757414143	0.800945679480293	44
-0.00618890743454803	0.970060258013065	44
0.102898942517161	0.393741295664633	44
0.015294896044662	0.278162213902786	44
0.047011922165415	0.194264921370605	44
0.00762889659073701	0.290005434966627	33
0.00613901013003698	0.35357450450084	33
0.072687335546065	0.508125999597434	514
0.035587966022164	0.687243137624916	514
0.018828156430335	0.383063023611049	514
0.042781454232327	0.747669861057379	14
0.0916261461311	0.644041149565477	14
0.00255735717090699	0.948476727537207	213
0.097274928903834	0.563611174628572	27
-0.067236722628217	0.383131355725537	42
0.108343756570148	0.74981640898564	42
0.049320558931962	0.883378428156289	42
0.05194110726253	0.489658631745783	42
-0.101106845857074	0.771361085828479	42
0.112295725887138	0.557868531992079	42
0.031777981582848	0.422556643895036	228
0.041239146703191	0.844803766635756	743
0.111399746694447	0.295185659091835	557
-0.123597069185287	0.521995471418805	557
0.100391305563537	0.356599856997576	1843
-0.0775178871543381	1.30416724366933	118
-0.0441554324857411	1.16736119106223	967
0.074488432126996	0.686411672145325	44
0.086987351195657	0.514427705505951	44
0.068632999656452	0.315095851950852	44
-0.043684492937843	1.12535752809673	44
-0.069971056712326	0.300551552234014	44
0.064811303337906	0.261064528020913	33
0.067742425339265	0.456619534901038	33
-0.041815901420716	0.407305136150574	33
-0.023843590338205	0.961917933914924	514
0.031505733097838	0.887003504418108	213
-0.082881572229499	0.738810565444268	222
0.096278292545559	0.484157015504334	222
0.023732262401676	0.41981542932691	1798
-0.00879155685296895	0.660277144039622	1798
-0.062445239864535	0.455120024412887	997
-0.116745026954187	0.468325907465846	42
0.05384524272051	0.623491983916567	743
-0.039166722503189	0.989411296460369	743
-0.017028788833619	0.455949344477052	1843
0.045357476042947	0.513482197527264	1843
0.123841902796883	0.747554010642406	118
0.076084669923326	0.884150795508479	118
0.022400574366612	0.864598483254424	118
0.091059583606556	0.792478057175018	118
0.000890351990474991	1.07462616062839	967
0.063694322752935	1.07270478410754	72
0.041795107607723	0.713293302987719	44
-0.099424032641476	0.833374809103526	72
0.069494708822652	0.673412498439627	44
0.06572877852471	0.788681519382924	44
0.068881126516369	0.455709706406593	161
-0.057928136667513	0.37740358443779	44
-0.042085679591335	0.63195589538744	33
-0.037904732424595	0.679046415277545	33
0.023574073604592	0.645339665829235	514
-0.077644442036918	0.955073471511774	514
0.047716695511616	0.787501282744269	514
0.114168357691981	0.624318295342481	14
0.066010993032935	0.648118089346885	14
-0.071133129267714	0.720771339392296	27
0.022554007243479	0.652214046370278	27
0.115378887440391	0.285849727500341	1798
-0.042744208083834	0.620840841280206	1798
-0.029084716879915	0.964899665701055	997
0.082699828528802	0.793893313914059	997
-0.10331871949818	0.455915063218366	997
-0.02124702624635	0.45491609294775	42
-0.042874431981958	0.773883280553948	423
0.111884379641415	0.5812260172019	743
0.075655614689811	0.261905849224335	1843
0.103502497767166	0.799115398415498	118
0.0522941139483	0.998859518978467	118
0.112327331905571	0.550212920329566	118
0.062241423328233	0.776429452874242	967
0.015427765193127	0.687663925358456	72
-0.01828939866684	1.12234117562701	44
-0.044075823644357	0.962611559511241	44
0.010277674484693	0.344619418895362	44
-0.069353259381969	0.289291097759208	161
0.049176967253071	0.191518064535092	33
0.120716699034546	0.362293129873772	210
-0.037450836722131	0.4231922679427	33
0.053104911367336	0.455606914256142	33
0.088664613063746	0.389328960367562	514
0.109813301620569	1.90458006450958	213
-0.122320583258308	1.10602348538171	204
0.114558207223773	0.606984378203554	213
0.027686368440742	0.635535938958501	213
0.028053540994257	0.554242082188907	222
-0.070135227443148	0.487461691092395	222
0.065689736041394	0.359724557564065	1798
0.061641268070486	0.322532612406679	1798
0.054799722971869	0.488912796340119	1798
-0.049140001145724	0.599612307009368	1798
0.034238429357701	0.609939269019162	997
0.082074722154555	0.65076897823326	42
0.070283350376178	0.590142991309378	42
0.093010845795434	0.497447144348334	42
-0.070296257859527	0.864720612931868	42
0.055790846546913	0.524390622023434	42
-0.042471451891864	0.514105962723921	42
-0.047556318096349	0.877929416297171	423
-0.038025342706754	0.428215939435169	320
-0.107923400584958	0.716387499646533	1753
0.039004375916924	0.65346745803356	118
-0.053280787411201	0.908702171497269	118
-0.100654975461103	0.937528622906544	118
0.101120351375046	0.388902530979914	118
-0.042498961734372	0.585771222710405	118
-0.017888959985473	0.740314012936445	72
-0.038553491905496	0.897588323674234	44
0.109186400115559	0.392809952617808	44
0.031165509417746	0.40209400929888	44
-0.010996192781264	0.561211057612714	44
-0.08693534372932	0.903685230174566	44
-0.00649719838784801	0.470885046645085	161
0.00677529899048401	0.285736269760089	161
-0.057774242094659	0.295717378520526	44
-0.05454906404046	0.293155300459115	44
0.120403881972452	0.182033087574199	44
0.12432536880133	0.178378346321695	33
0.114780510940388	0.186715900106377	33
-0.00248399339087702	0.48252869238901	210
-0.028146536202787	0.406526555862249	33
-0.034952120904072	0.428952943010446	514
0.016322216188726	0.497004503583571	514
-0.00860998487452902	0.630186210424506	14
0.102216255993126	0.702203336838654	213
0.014375828849051	0.853646874976236	997
0.112685109612372	0.346485980595587	997
0.087950569810298	0.381473883664671	42
-0.105338340896121	0.695917668834398	42
0.02794288962701	0.559945441758493	42
0.033943284669576	0.791654255032932	42
-0.081093166669198	0.829690433961548	42
-0.054792354164705	0.741695390992352	42
0.102592465932791	0.551540192843255	743
0.108002971231857	0.497933733199931	59
0.00886403631424498	0.538025512392807	59
0.00971949453288501	0.49478040628715	320
0.041006544529635	0.478415780092405	320
-0.116237076703496	0.622851392352624	320
0.069609335705513	0.790217566925272	118
-0.0525670231054191	0.670202159851082	118
-0.0998925236518911	0.700658339901317	118
-0.102491973161998	1.17906013282284	72
-0.034222769806686	1.10268684078344	44
0.00567230290496401	0.618300868386987	44
-0.0220417931136641	0.533820273850514	44
0.013424803063263	0.326525239389326	44
0.075959704197092	0.440141530510288	345
-0.097688505083985	0.655704835030236	14
-0.006508356116945	0.549315392158668	14
0.010781476129497	0.285863332021162	14
0.074140102512022	0.747480225041089	102
0.00796119872377699	0.628761420169075	997
-0.041365977937628	0.693246979269537	997
0.060449893076083	0.501431006216883	42
0.035189096920568	0.455857503388625	42
-0.021819971713854	0.565610801272177	42
-0.018258281200399	0.622160935108315	42
0.054934211295136	0.554670926776179	42
0.00979880596411098	0.639478574317982	42
-0.062284206884431	0.661971812030726	423
-0.061115615138997	0.634070815352355	423
0.055464770886227	0.51908129686059	228
-0.055876043321874	0.820226151812395	743
-0.022307666835099	0.532175088126867	59
0.012048361816785	0.455329467127281	320
-0.040359097257865	0.431429784664524	320
0.03881093727853	0.514735548080262	20
-0.098442409909308	0.723256722066983	118
-0.025545075718963	0.533251547913525	118
0.110499881634853	0.289681743172109	118
0.060888859134602	0.692545943217615	72
0.088199044350917	0.526309849187899	44
-0.122452733880182	0.72315880463301	44
-0.082599197888727	0.618357750663849	44
-0.038574040344699	0.503575593080293	519
0.052053816577871	0.524716191473383	44
0.096668580778059	0.420606339908173	44
0.068394609851625	0.370132351475865	161
0.117062607161618	0.244659734274634	44
0.09935460616554	0.413298964925331	44
0.069894294143804	0.309861964018536	305
0.008200245366496	0.352577565023893	210
0.085533643665668	1.37578235127748	213
0.061410244195992	1.31405704882622	204
0.061813059397267	0.548559023684152	102
-0.122510057110209	0.894853793067093	102
0.00133642503353598	0.724968272868658	997
0.019495865265657	0.423990440980185	42
-0.0767607489658531	0.560395500280591	423
0.096545130154659	0.398976879943169	423
0.055824393942719	0.316313872424202	320
0.101066219354104	0.357797696788339	320
0.00368723684032402	0.476394553948548	320
-0.110613262654209	1.14804370569058	20
-0.067837629989051	0.872009879713852	20
0.061862786654137	0.321343366849948	20
0.062404320357731	0.30884636095884	1753
0.068887140003537	0.310085216914258	1753
0.112751276178737	0.627487454241661	20
0.103046615683916	0.441531282496858	118
-0.095432449986072	0.643844164085228	271
0.029681831130848	0.91787834710418	880
-0.050554133097828	1.0365677313528	880
0.066627544122009	0.359104983227548	880
-0.068666339856876	0.495099909828575	880
0.10626425918337	0.494507445113399	72
0.110437341167291	0.48707910194511	44
0.026150497817451	0.417485514078259	161
-0.058850851050089	0.293724527413378	33
0.086702403651602	0.393326522451947	33
0.120282453978703	0.183000575454587	33
0.091113627703683	0.40666211083686	345
0.03609397384551	0.400975049642369	345
-0.090581885917362	0.645016181396932	345
0.093009309599191	0.44747038614678	14
0.066357641358253	1.37139808683336	204
0.118947398324877	0.410656144705749	102
0.104792522686331	0.442152922842977	102
0.069847040677439	0.648034489153083	997
0.095713761903832	0.460600072067754	42
-0.00975420578212405	0.712766300226786	423
0.110720111241487	0.569241249671498	423
-0.03898751511411	0.954462579443798	423
0.072998036296703	0.421086178656617	423
-0.0408253698234	0.515987944818571	423
0.077175839124361	0.498831182281207	423
-0.090949076393533	0.791536117868035	423
-0.027804091593212	0.780528212215008	423
-0.103155304563631	1.16515666773519	743
0.07254268632838	0.476025959847353	20
-0.050827078168271	0.663552224185506	1753
0.08431454305012	0.410154641099751	1753
-0.061957735463961	0.71580554505869	1753
0.076374683727301	0.543568471425338	20
0.005354045896584	0.465445681445208	2229
-0.047895767526246	0.584944863747195	118
-0.077994610245859	0.299521119478188	118
0.044301716870752	0.483815429213612	118
0.079070864727285	0.335912716947279	161
0.071800363575798	0.346077205899381	161
-0.0583189760810901	0.383790057179872	44
-0.119597062548698	0.514817969166393	44
0.111885652139558	0.346869434560756	44
-0.00603883271847805	0.484714849374765	44
0.009071038971384	0.386260627156075	33
0.071352867763213	0.293278826355537	210
0.12245053240427	0.243535238978031	210
-0.00169853690175703	0.481479948752634	345
0.105465743743346	0.296117107356689	345
0.119279441486702	0.232496775706587	345
0.101033503913395	0.36904675846203	345
0.110865073913025	0.172886655482225	345
-0.112607722828782	0.706727541912596	514
-0.084437011984328	0.234993329126876	514
0.018551322755786	0.424018288156972	514
0.010899167883487	0.287246186010641	14
0.110495510027909	0.329618997996116	14
-0.0822604001313641	1.08694067457059	102
-0.117605307080529	0.745511632533441	1012
-0.00569829807709799	0.726615018614389	102
-0.070296257859527	0.864720612931868	102
0.012573430823553	0.728870654311977	102
-0.062982654046028	0.529863354870748	997
0.009299193795136	0.349219880598385	997
0.103916610665275	0.314975875484129	997
0.111308819008153	0.352817571468864	42
0.102778098604959	0.521025281571333	42
0.10119610045297	0.367058098170395	59
0.071758506475079	0.301075124800585	320
-0.038980364058781	1.27998995639955	20
0.089225978161679	0.763351890427842	20
0.060834483474646	0.704875975388616	98
0.099663320710259	0.422159408934239	118
-0.0147813191523281	0.791964769633408	118
0.035979992145274	0.534825824865276	118
0.110002594866514	0.459601204045458	118
0.111643392430307	0.45796146130923	118
0.116222186446991	0.579373539425524	118
-0.00346406529373	0.85674026812494	880
-0.046146590601723	0.524028658882053	880
-0.032103145635869	0.919923803726169	72
0.104164576998022	0.314393990141175	1007
-0.013161394132935	0.778698236445538	44
-0.046660158729036	0.837292639943302	44
-0.0286400104526739	0.596939422072961	210
-0.012594004605375	0.558265817081645	345
-0.062176224231977	0.585255419409755	514
-0.102337881411398	0.548215384084103	514
0.105979152895724	0.387621185555814	14
0.099289257946633	0.400573947732589	14
0.091532039339112	0.587630049393158	997
-0.021499711382603	0.699912960612191	997
-0.067086183213765	0.468727705732496	42
-0.011059444447076	0.935184600606135	42
-0.048241628527554	1.23724059658308	423
0.09838367567787	0.429052342107454	423
0.086566935444172	0.470052261766533	423
0.124753016742573	0.377243449556124	423
0.091560041111733	0.692866395877229	423
0.010575712665152	0.59435191414397	423
0.016796565783822	0.383318264261236	320
-0.038638747245026	0.410266093627389	20
-0.034418027618531	0.795124871981292	118
0.037147917110746	0.541500095413245	118
0.103624842984579	0.460032616022484	2229
0.01145911803875	0.495836956367681	118
0.043390395955107	0.475298608011079	118
-0.0982046081908	0.733320398524867	118
0.106104350197286	0.387780713875944	118
0.020068512538664	0.879415752995528	880
0.036537712630567	0.667998477011205	880
-0.075138323900427	0.808706270451802	880
0.00411485276808599	0.345297067646039	1007
0.059554496527323	0.319002326564358	1007
0.017405962273335	0.280802647402262	161
-0.099058236572475	0.453802653898403	33
0.00927888771497898	0.353111341212464	33
0.08878053192402	0.344586700145404	210
-0.023512676697892	0.534641846128649	210
-0.036329546766587	0.412470974983548	345
-0.072143835290826	0.665012449842101	345
-0.049578362361404	0.521480056008668	345
-0.0967102540049	0.454960550790344	345
0.100208487243329	0.379861047156483	514
0.068494991672638	0.341164700605687	514
0.117075531013443	0.379329519063828	14
0.108027625715796	0.414499627445039	14
0.121111794377736	0.179141647091449	14
0.084268395658059	0.508411435093343	1012
0.101336560828422	0.477523522526775	1012
-0.04832106152227	0.70890534922205	1012
-0.0231487655160461	0.615801173249067	1012
0.011915553811032	0.911371504619405	997
0.071015155516499	0.718156590328978	997
-0.02763850489639	0.896914042025585	997
0.114451377376978	0.472259387899341	997
0.083746936202938	0.68344099292352	997
0.054356778810606	0.800421287838146	423
-0.093579090649306	1.07220577382781	423
-0.112019665281227	1.25393188800378	423
-0.036532396844245	1.01655093947577	423
-0.013148936122368	0.491667017349884	423
-0.024332235133169	0.972735186713464	423
0.016113233661038	0.860335964322009	743
-0.07957264605542	1.1591272848538	743
0.069619088667394	0.731535975642797	743
0.079215266758694	0.472217936172781	561
-0.05381385814389	0.751955781242609	561
0.00945901877560201	0.629316176322624	20
0.086533275351933	0.644898877441729	20
0.06366768199771	0.717837248027546	880
0.017145176854002	0.685675134872532	880
-0.114352942634506	0.798720931205967	1007
-0.044637938926777	0.692295038297662	44
0.025706697015956	0.475283780987561	161
0.060093184525802	0.35483078754314	161
-0.060990321718607	0.582196370812157	161
-0.093312174506016	0.627413494356297	33
-0.053963640680193	0.545284019919906	33
0.107776353953659	0.362359635129595	33
-0.096111272493187	0.448660923253195	33
0.098580194620696	0.359927074466331	345
0.096638678168045	0.391729233338372	514
-0.016619508329194	0.573263505463944	14
-0.102335540652242	0.47022764551762	14
0.034045856942226	0.206934708744699	14
0.094055847333051	0.38674381786713	14
0.00232468828195598	0.716224865044199	1012
0.077213955942149	0.4403279109951	1012
-0.10380884386955	0.816741401042473	997
-0.061482173139675	1.01069726613701	997
0.07288253510265	0.641133141765389	997
-0.063269392143821	1.12254938662965	423
0.032635314603735	0.698807112632813	423
0.048291040192094	0.836052798193163	228
0.099524031657116	0.691458400651577	743
-0.0113694541367571	0.656147774908873	561
0.120571162559745	0.45228975419285	320
0.11289807426102	0.518254430941908	20
-0.00215829641096599	0.830994992869041	20
-0.013984905739211	0.828439378548681	118
0.00613949875548803	0.351943359526085	118
0.066901288794138	0.317208454261589	118
0.115430888806848	0.279269215396198	118
0.060607307451947	0.530127477740077	72
-0.010184723125941	0.836870326116576	880
0.03116179855352	0.776867428602832	72
0.073388792752767	0.261180569751624	1007
-0.067624219908396	0.554664546887549	1007
-0.0328620362536181	0.959180520479684	1007
0.021125949005118	0.716779139130971	1007
0.114137394007969	0.495817233419473	1007
-0.0771739303913001	0.934105555369213	161
-0.093136318664247	0.833158888792769	161
0.038184477706249	0.610562555273318	161
0.067168452510193	0.395398427374477	161
-0.0913721495004171	0.613682187045369	161
-0.05166945184219	0.583936535897961	161
0.052207080696471	0.409974129984036	161
0.087671621662786	0.429953815214877	161
-0.040728713093761	0.505592676807877	161
0.033208538060286	0.475440657381773	33
0.063218408553	0.355522184227218	33
-0.01392627299906	0.624268130058621	33
-0.088330356874923	0.551065418483967	210
-0.034281244997129	0.428156349580238	345
-0.071649619793952	0.67385595343852	345
0.073068016500289	0.256668291154368	514
0.124831635698889	0.178506956810223	514
-0.088587517346182	0.835435870421378	14
-0.1231372554668	0.532837832578587	14
0.097285935169424	0.501385110515251	102
-0.087369623484724	0.88875501127208	997
0.065947300462211	0.594070063014667	997
0.021578081371668	0.823041555461963	997
-0.110751391041389	1.23464215232929	997
-0.072099454051849	0.567598006192826	174
0.035094577923397	0.854842034736883	423
0.022917866517033	1.12895406366694	423
-0.029222364882902	0.870110522308503	423
0.116579042459828	0.762556388353375	228
0.053881869807582	0.705311084363878	228
-0.072041829598389	1.37753666699111	228
-0.00543553031171795	0.594261261462438	743
0.00944128500631603	1.02951883905093	743
0.063255719573009	0.632836154159164	320
-0.054424901839508	0.840233978964355	20
-0.052645965897689	1.13855727294408	20
-0.00982150911424695	0.436183318385553	118
0.010934626492898	0.289257757818395	118
0.120303738879695	0.481210288323893	72
-0.109869506726569	1.15649360030713	880
0.020468489291223	0.606625365173542	880
-0.067117199909715	0.983522086788011	1007
0.090540317226246	0.582040263396034	1007
-0.041837425120022	0.825235826529638	1007
0.090970525610372	0.447426252021265	519
-0.093207007410872	0.895871793071232	161
0.104139857523248	0.361835036196654	161
0.086223952022574	0.486527363814766	161
0.098126781112292	0.365667479748143	33
-0.078798726641079	0.578605705584431	33
-0.0425946137359871	0.415200373686949	514
0.032958953020023	0.208756082175896	14
0.053333437520056	0.499793372019363	14
-0.092290682684564	0.230101610923365	14
-0.0605052151144651	0.376114251897648	14
-0.051740003382708	1.06806665698874	997
-0.00260736356976099	1.01944071744766	997
0.067521546130523	0.774657113407378	42
0.060813985833118	0.789575540329468	423
0.072204224146836	0.390265140207458	423
0.078696572165382	0.466545406896229	423
-0.022069323123577	0.562207888488617	423
-0.00132891912135003	0.810843626822407	228
0.083103700700322	0.740855857601328	228
0.068939991425352	0.780469026286967	743
0.077042397760979	0.664476759034019	561
0.110351985102942	0.58010468387134	561
0.024962406634546	0.675051819057693	118
0.087617025369582	0.450902881796649	118
-0.072789556148314	0.579906743001458	2229
0.118066815748716	0.241045153537734	118
0.00498623566875101	0.348626140917105	118
-0.046056503951227	0.513375024505179	118
-0.0914798158471321	0.228087817639609	118
-0.032061065397596	0.745458511592187	72
0.090514817096745	0.648887003050136	72
0.124135866227794	0.477112371389687	72
-0.053073385393277	1.05093021466573	880
0.058228473583249	0.745021824710821	880
-0.051078196785823	0.882840575447008	880
-0.0310808249655991	0.938464638764177	880
0.092335852882356	0.611692555111828	1007
0.12158835654578	0.519732292733186	1007
-0.113487053036838	0.849352078559948	72
0.107222395510765	0.434473042033576	161
-0.00367844685171803	0.588630003759209	161
-0.056680778995935	0.688123128800824	161
-0.00785101665654497	0.475922924405952	210
0.120469956230185	0.180500501570637	514
0.074497305218207	0.462099033805361	14
-0.00142525559006301	0.618607003168844	14
0.00973583950371598	0.804453100913434	102
0.057240160604549	0.605477981392971	1012
0.095898445034816	0.537803102774418	102
-0.01380008806446	1.06288870876845	102
0.067053482558122	0.624779708896599	997
0.078730215790753	0.731496214923736	997
-0.051100894288764	1.1992495761478	997
0.11062186879558	0.729021631200886	997
0.082224607046946	0.722584420944246	42
0.104628295555031	0.321494028557443	42
0.112276990079232	0.324603983364555	423
0.117681225772793	0.459613126421917	743
0.105758107116879	0.59566953826406	561
0.083923729209394	0.73362514147383	561
-0.076779435006745	0.744865962964438	20
0.119395467660177	0.182560023260775	20
-0.065735087415718	0.300317553662972	98
0.072434007750472	0.263865492938461	98
0.11010534681553	0.184583845238524	118
-0.069150615590162	0.310687471383269	118
0.06049339095022	0.318654018603344	118
0.077135549392472	0.373434008940369	72
0.077814712590284	0.614618565907667	880
0.025991485170558	0.709719802665966	880
0.124491996177774	0.500072199256907	1007
0.043645423822702	0.672741157765002	1007
0.044527102525361	0.546098174084518	72
0.00648676562517603	0.55117726166664	161
-0.121133221979847	0.825628496750196	161
0.015459409906557	0.499503557155355	161
0.059744075439295	0.317846073855181	161
0.046863839726368	0.461880655387799	161
-0.014394672229882	0.509882379459675	33
-0.07452801420567	0.363125583205056	630
-0.112323444122778	0.702343839091021	210
-0.103570213099389	0.461732047010731	14
0.100240956796967	0.117900473796604	14
0.012675621928322	0.498986675113928	14
0.036777472452948	1.96857566296527	102
0.05394636575077	2.1486225618829	102
0.00815668492516203	0.64589315920634	102
0.092986132456631	0.672365776721023	997
0.056787883529498	0.78405109014545	997
0.020558058878941	0.791815869417665	997
-0.033107605290104	0.869921026512523	2017
0.082788846031321	0.61793215849942	423
-0.122945060121542	0.382938201111554	423
-0.080370220823075	0.867541821527832	561
-0.015945700366889	0.706751153048183	561
0.04148765309141	0.590946064391051	320
0.00347442668785702	0.597550176212273	320
-0.038354309422075	0.75848806732579	20
-0.112466599152602	0.921866633717793	118
0.000863774661326977	0.425212462125031	118
-0.104776211304749	0.458488492639071	118
0.063788824304325	0.262270803454334	118
-0.011003293582142	0.587205280407924	72
0.112706795493325	0.476903977785084	880
-0.097286087282519	0.855790652027391	1007
-0.018801343591565	0.726349785814613	161
0.090248861757133	0.437747914084817	161
0.103241377080945	0.389380912239767	161
0.026711352281754	0.422238032001282	33
-0.00762911612807704	0.48959042239716	33
0.046184805941049	0.467434496228107	14
0.053763852189257	0.896804694918719	997
-0.00903961546801002	0.788710739469712	997
0.00613777987622	1.04654529528697	997
0.097584768841023	0.643423622704061	997
0.00809596833713999	0.750505421504405	997
0.10587998986104	0.695956043733287	997
-0.040591692716354	0.510448928620903	175
0.066623394123137	0.316784386526645	175
-0.047796595311759	0.426031225958091	423
-0.0914037881391609	0.552795259691941	423
0.067147516296064	0.693754843265303	228
-0.00363565045167402	0.889245639043413	561
0.110247911455006	0.445500094382711	561
0.11941129521666	0.507956477634691	561
0.059811078439276	0.587704192254303	320
0.07436717499107	0.666591959487538	320
-0.083156383712639	1.14642909143339	20
0.036976262825651	0.866366474945228	20
0.098937177109743	0.556730180008509	118
-0.045316574233722	0.735605391506787	118
0.02252827860468	0.274062390872171	118
0.069326730605252	0.340532913803242	118
-0.033600095127068	0.415509956508897	72
-0.023653620337889	0.855653449144957	880
0.099654668245303	0.628358725295274	880
-0.0851203932157521	1.15665081062068	880
0.012334670659214	0.825758571492882	880
-0.03781688956041	0.564522290926797	72
0.070421557013091	0.55653501288867	72
0.100786776869645	0.61372703318035	1007
-0.093095155147477	0.833392798525287	1007
-0.103497238327687	0.898497377619939	161
-0.0538044106178061	0.658034661247406	161
0.070517816565985	0.470976342802615	161
-0.029419732140917	0.547914623759505	33
0.046711614112042	0.470198938386249	630
-0.02084248644288	0.604504712102299	630
-0.049239891750449	0.524574548249005	630
-0.02124702624635	0.45491609294775	630
0.055503833237186	0.521648074845626	630
-0.086061614225277	0.544265029301771	630
0.019782956663416	0.384258107215442	630
0.026713558748717	0.406025490022664	210
0.00665473428253099	0.288577090865918	210
0.015202185901181	0.277016662672552	620
-0.083551727938351	0.234432692564786	14
0.012869422320282	0.80647641206364	1012
-0.068895966588891	0.821268955018089	1012
-0.08791270664122	1.15749889926144	997
-0.073533309919822	0.978509806349212	997
-0.053464792628348	1.00798490338674	997
-0.0744224306558871	1.06706274122902	423
-0.09287233184058	0.72155544335216	423
0.028118113202752	0.650526565119791	423
0.089897269764678	0.57242183273904	175
0.069733469862638	0.71232829106509	423
0.124400874316966	0.478334560379943	561
0.029170247740536	0.672295122256774	561
-0.094694968943415	0.988520606598999	561
-0.038176694371487	0.619325246072627	561
-0.0212793204263509	0.666338389552604	320
-0.00690619010015503	0.551021270138605	320
-0.0304735281407	0.911208599906492	20
-0.084980470023892	1.00724160658225	20
0.039032474900896	0.544217754542637	921
-0.0232489630960661	0.504526666036972	20
0.090983549574183	0.534612848093307	118
0.030322036001837	0.515276900556436	118
0.069604782193553	0.378539153546508	118
0.038472640681133	0.499240626512864	118
-0.029926517513258	0.698298652325838	118
0.100497626245284	0.680501099993221	1277
0.064672606825108	0.619618014046183	880
0.097736985894694	0.399384200212158	880
-0.088244335314568	1.01845869692394	880
0.116859798334542	0.555869312068801	72
0.000923360951448016	0.516863001165426	652
-0.0548150219399141	0.678103318808155	72
0.08291360505677	0.385690102364575	161
-0.093946409403444	0.561433481415397	161
-0.081927166633064	0.689575135332649	630
-0.103630847203602	0.685291334442191	630
-0.053114544731813	0.603142898588971	630
0.099931154737888	0.342725370263288	630
-0.115545310340975	0.583426086989129	210
-0.045829433033908	0.617491942337122	620
0.065617717938143	0.315689995160294	14
0.113407238179595	0.324890916204202	14
-0.0817590901101241	0.603680644476689	14
0.056918673788299	0.315537358120236	14
0.110983775711195	0.402825592738055	14
-0.012530274233111	0.956885225708249	1012
0.116699396346272	0.433194032724008	13
0.104516220039434	0.499548341517818	13
-0.024516481430868	0.733618807327626	13
0.017123130005897	0.547518840303755	997
0.099647839409212	0.745457072484629	997
-0.034739369287323	1.41496338465721	997
-0.0944768636745	0.799456407477645	997
0.063733065425168	0.315888640268048	2017
0.01431647458189	1.04108141004861	2017
-0.099115301923956	0.89274448748315	423
-0.020567016980136	0.63018304588266	423
0.021117552230362	0.388805056202148	423
0.052325235981617	0.529956976984275	423
-0.057636510114935	0.607645889142141	423
-0.029734023905889	0.755569867639248	175
0.058117090923828	0.614239083545577	423
0.046386569658298	0.888040935035326	423
-0.016349240807779	0.430112066632118	228
-0.0643950078519751	0.739787548235905	561
0.094468660481388	0.569896925471792	561
-0.085532107113576	0.798404849000742	561
-0.06223261519066	0.917626176374601	561
-0.043059696912961	0.516011669957187	561
0.052799610919909	0.356213960024958	320
0.106949971766045	0.350539205610681	921
-0.050516362089959	0.651186604550717	118
-0.124608348863776	0.833852596032145	118
0.065040550183639	0.446637063004435	118
0.037695570021233	0.595617414939722	118
-0.052752010545673	0.502214923240833	880
0.119871928747155	0.41168769415349	880
0.095730888377403	0.641470486854549	72
0.067541587803396	0.485801513901447	72
0.00366239681247399	0.741827398139739	72
-0.100089584474848	1.23248252447239	161
0.0714164421255	0.263526081024642	161
0.00651819530388098	0.284494366051738	161
0.029706319596607	0.246612894458548	161
0.021095987504224	0.391299988977092	630
0.069729051563355	0.414705258019662	210
0.058762044018704	0.318424810579069	14
-0.112209752158203	0.615498185860814	14
0.093120187541899	0.494930595648993	14
0.093406863687299	0.537499843121274	1012
-0.0687807741266659	0.846335428094046	102
0.00238841405493301	0.620094219426277	13
0.056799183090259	0.571104543602117	997
0.017305303657574	0.480592332894273	423
-0.028952541644485	1.1255299475971	423
-0.0184362826279461	0.600980529208278	423
0.10805166166544	0.290993501691693	832
0.05662996571715	0.491474560861574	20
0.070226627323818	0.402918157703108	20
0.082624574000905	0.401062609382807	118
0.01959839189071	0.521819025972139	72
-0.121424709441473	0.517114029842708	652
-0.124922361802292	0.397517108461536	161
-0.101485660274681	0.677402985311358	1376
0.073300147637729	0.303792307051871	161
0.076187785099597	0.505377372263081	19
-0.03335281405719	0.41425225700337	210
0.073724729052178	0.399287525102599	14
0.110009259351282	0.584070541886023	102
0.046032746234795	0.637927765685419	1012
-0.077404619230902	0.764204819880549	13
0.099652735496514	0.389961933891288	13
0.105432396142277	0.483608770635565	13
0.034077223077948	0.414430614652145	498
0.120589142807885	0.689100606158408	997
-0.014239882369934	0.452548020121204	997
0.10530173901804	0.330489153056801	175
-0.07805314051009	1.08903643086639	175
0.076120865170248	0.932735047309419	423
0.00935916698057698	0.349008138809799	561
0.073209780246184	0.307246350242956	561
-0.07109797451975	0.467653004590604	108
0.028365838920028	0.675198847924461	20
0.116782250781158	0.282319660899258	98
-0.018530856463905	0.570328236236895	98
-0.077047454718694	0.705925516910403	118
0.050567040468669	0.489667104298468	118
-0.119590897567059	1.26700343366799	1277
-0.00563640257056497	0.713423298379921	880
-0.1008582199861	0.467739917608462	652
0.00848409270404099	0.283501574773103	1376
-0.071053153002913	0.303807343442904	161
-0.0671913997192331	0.549279060750525	19
0.049080866124827	0.478410631537773	19
0.06043203415522	0.469197959221648	210
0.062582638648638	0.416870327070176	620
-0.035495488442335	0.409054944059365	14
-0.0137551055376069	0.441561058768908	14
-0.089398130497487	0.237320459445753	14
0.028710512919499	0.360455354243609	13
-0.090554892901384	0.750087750550594	13
0.10674658344825	0.410180842469314	102
-0.029081786465307	0.413349011841418	13
0.007749377042301	0.288399075081261	997
0.068233701297547	0.262908128446776	175
0.068488634356792	0.438008917921824	175
0.017706411125206	0.325611393385566	663
0.018164340937581	1.28101137565694	423
0.053245050111637	0.680393131043967	561
0.123484228304071	0.368624111315002	561
0.024251078837156	0.550021054496707	561
0.112629089293173	0.184804685032096	561
0.117361269250116	0.656551636316944	20
0.017911454164217	0.875859193186637	1637
0.02410882822179	0.600994993451762	118
0.108606210145614	0.557586032500874	72
0.01396977201862	0.290038552143514	1277
0.116284056639668	0.422468631399449	1277
-0.121858487461667	0.382117267435927	652
0.069918731789825	0.609641604317526	72
0.00139712659678598	0.9820773736776	72
0.00642301611337898	0.279535744207984	1376
0.045465160473781	0.200474218629965	745
0.031871319204596	0.208938791074023	19
-0.015587803086163	0.565830558212073	19
-0.042296813647035	0.80388397165481	19
0.062273604302697	0.455935417086511	620
0.068439951510843	0.311813802810858	620
-0.082169064587061	0.236774202358555	620
0.102769391427277	0.718788999882593	14
0.071940232605862	0.801668007243924	102
0.106219225173661	0.514182948417781	1693
0.022493212906509	0.557649553700494	13
0.00509776233163101	0.350695018093915	997
0.10018913049379	0.424312557730999	175
-0.023456345059344	0.948620472445364	175
0.112510551703973	0.458160860465478	175
0.08665257639924	0.664583722729602	175
-0.072454190479732	0.842389706558821	423
-0.074202142743226	1.0533000071527	423
-0.071544359124211	0.847494083866441	561
0.118548320345032	0.286734443828005	561
-0.123397943442194	0.777609620593244	561
0.092221902002353	0.575372479363691	561
0.00250031616841301	0.285069856125307	360
-0.032667003479441	0.548919018744876	2031
-0.080219271418551	0.667286418974213	20
0.047247219912344	0.433897894140066	118
0.023540138767565	0.55618230302525	72
0.048395446576023	0.557935162351409	1277
-0.0180037225158251	0.511783730495125	1277
-0.032468017873223	0.900655079721033	72
-0.063744452775187	0.295042085391214	652
0.00762889659073701	0.290005434966627	72
-0.0736142813894371	0.309470309686778	161
-0.0249643936896909	0.638500771197111	19
0.073229334185363	0.411013056480488	19
-0.119432789935108	0.624873211520786	19
0.062781262226255	0.348590272396754	19
0.019632032842068	0.392486401056654	19
0.063350440087068	0.263351714855448	19
0.088018571536761	0.43854773885215	620
0.091787817541421	0.725662549970607	102
-0.053916660493446	0.693738084011201	1693
-0.00415126729824	0.764740055796345	1693
0.078352727745773	0.537422926518045	498
0.033383005156257	0.56839509295963	498
0.099220032792726	0.399027110756469	175
0.00209935865939498	0.517962475236105	175
0.05065052350951	0.525149735163684	423
-0.098298089401582	0.658754334806904	423
0.025575528936453	0.520265331292028	423
0.026707079590171	0.48676125326237	832
-0.0152631918041	0.625086036907615	561
-0.12273727785185	0.513392211456359	108
-0.102335540652242	0.47022764551762	360
0.02377917701264	0.454114323465577	360
0.104695735538294	0.294506569260329	360
-0.0600851519932321	0.469524383861373	2031
0.102397842533062	0.288869408045368	2031
0.123061639167955	0.383151102450377	20
-0.045685989427761	0.771951720300537	20
-0.073368389853008	0.658240181495838	98
0.06264685146261	0.321620056351349	107
-0.0785996755845521	0.494135965680865	72
0.012473186845841	0.386139767509324	72
0.074407862350312	0.256519624247526	1277
0.105374351564394	0.325533844021657	652
-0.067769985477151	0.493872991336694	652
0.073428289123428	0.268340169575047	161
-0.077368050731669	0.606239974807737	19
0.116488147178646	0.288380207552219	19
0.070970023348435	0.253332598071164	19
0.0150606205425	0.289117934248681	19
0.027108303180014	0.466762613577639	19
0.120601967834038	0.294714199582427	620
0.114929994841629	0.273812670081227	620
-0.047797612609908	1.24515232058342	102
0.089279399856391	0.693070054717696	13
0.121083893961227	0.572432587134984	1693
0.096110428900771	0.644819621923793	1693
0.07960031521246	0.648234163675936	498
0.054166513389642	0.722581488512806	498
0.013210660029935	0.708601598399236	498
0.021522171525576	0.86721365350921	498
0.034016114942997	0.575416057588557	498
-0.056064443373572	0.822302799172541	13
0.108085295185725	0.589160316001109	13
-0.016825426074201	0.674156487403099	997
0.021488792741161	0.559521716555874	84
0.07664444633665	0.407697308628836	175
0.00671407706122101	0.709957318159611	175
0.097080189625546	0.573635362419328	175
0.082398697070827	0.551378651085183	175
-0.028020595255464	0.528440694408897	175
0.010746797481133	0.421451407486572	423
-0.060114548516632	0.864574109131509	832
-0.041903813972452	0.583941476667234	108
0.002607715698493	0.620897073806635	360
-0.079173292608174	0.893052132196696	2031
-0.059718060082705	0.534824458755845	1637
0.084510030068778	0.523027830093853	1637
0.013147099253851	0.52579790002585	1277
0.071130416327424	0.385352458061607	1277
-0.018350304382275	0.735795804171541	1277
0.122438921696834	0.478824099260736	72
-0.00718508085191005	0.442562966185206	959
0.036023368675081	0.445408068726194	959
0.103265634135019	0.332872467149822	565
-0.0226616256473901	0.519738699975497	19
0.073262294063854	0.353248442091957	19
0.064144661207377	0.321054943720952	620
-0.092346459804275	0.617350831418518	620
0.065834225250511	0.258374830484516	620
0.079537171659831	0.439874126060915	12
0.095227821446858	0.639701053364857	1693
-0.046637929933265	1.08747786735004	1693
0.08024727158858	0.755344777365208	1693
0.083645309084897	0.661265424927071	1693
-0.122822661174819	0.948526366309823	1693
0.12229185465796	0.744401070643396	498
-0.017664230686872	0.936537832845402	498
0.016714370439748	0.571213928691846	175
-0.0323925890704651	0.654721309031795	175
-0.060003379579989	0.712213252770178	423
0.075284638997314	0.55256685927223	175
0.061926615023849	0.42910284508069	561
0.041058950590865	0.397781323851617	561
-0.101421397054345	0.557887646989695	360
0.071954004897639	0.726855025018201	98
0.074695474936909	0.477432201858345	98
0.100048447367254	0.399862561165619	107
0.015909808436341	0.62801473603958	72
-0.049342278007802	0.772435793063224	72
-0.010777823911533	0.465425114108448	1277
0.067353483440645	0.633063573202646	638
-0.043465646647037	0.492519283548331	72
0.109320943004253	0.59084933942949	72
0.113801143605634	0.24004899598233	745
-0.054668354214502	0.36526879908078	745
0.019821708907316	0.764242170542913	19
-0.058850851050089	0.293724527413378	19
0.00969033683423198	0.285325682502182	19
-0.050306643044572	0.515040857852796	19
-0.015143956250907	0.568005441616843	19
-0.123060485103311	0.630466804087298	620
-0.075189930051341	0.684993946237026	620
-0.039722413792137	0.699067137291374	620
-0.095431081337473	0.636133062028382	620
0.045207658122949	0.506035029023029	620
0.118737763939527	0.760634789165019	13
-0.014914544359054	1.06781242764358	175
-0.021695779523741	0.964566013028067	175
0.061447678145974	0.453348463046359	175
0.029648318994011	0.809579446612859	832
0.075901541658718	0.644055810945841	561
0.020709268176714	0.680855605770377	561
0.121074604249392	0.398403426036999	561
0.071906845740525	0.306283882363576	360
0.004926592513323	0.947747396588032	360
-0.039636525961969	0.432402302643186	360
0.081756624225535	0.25393191753686	360
0.059474762067866	0.453241590594181	595
0.064658467477586	0.769220486999951	595
0.073945959906801	0.468472995328183	72
-0.05765519636949	0.756513447478712	1277
0.109206007632179	0.634529751852016	638
-0.064616891789536	0.383377429468236	72
-0.0643609961455181	0.304766926988457	565
0.011386824247256	0.342559473393019	565
0.017145085638439	0.282891657463923	745
0.098757177964529	0.116440378601163	745
-0.00602787759275802	0.588394373212262	19
0.016147649088182	0.27715705428069	19
0.0934460225835	0.555305228576444	19
-0.104457729483696	0.655025086270752	19
0.064077964236886	0.532984925308904	19
0.057600581096171	0.55116491481925	19
-0.059584146079495	0.749121877024207	620
-0.00812025246570103	0.546970927248886	620
-0.112534438044363	1.3784744793723	13
0.093549011533329	0.642669885762278	498
0.109663626688085	0.562564065112068	13
-0.00174805542996104	0.751813516193072	13
0.116065733276856	0.555768456146397	13
0.092204331590641	0.610068974724027	498
0.052726360469259	0.716461108700847	498
-0.00850325163299803	0.627746207441067	84
0.060871412639245	0.609070147289792	175
-0.076603084100217	0.808764844674246	175
0.118390285148451	0.457103191639684	175
-0.026863174653301	0.744717077614809	561
0.026093210538156	0.471728490132275	561
-0.050140411971679	0.511335822924592	561
0.116984126180759	0.417694554448476	360
0.104732614896247	0.288901992201761	98
-0.071216820833605	0.469891684620869	98
0.062582704790854	0.361518394377306	458
-0.0285145130512861	0.417964667828187	107
0.061942544104524	0.341785035703829	107
-0.118296329326621	0.933443745521578	638
0.084148314428522	0.420547469740203	72
0.02444998593924	0.598090399122911	72
0.041701024586956	0.44192046710498	565
-0.090100756302677	0.525923433075996	565
0.064723434243062	0.43018941520931	19
-0.043309612331227	0.493410496589314	19
-0.000171072526761962	0.480494360434444	19
-0.017964374023688	0.442823775170612	19
-0.054670446504233	0.375585903981844	19
-0.101432041596663	0.552486124166731	19
0.11306457096668	0.318741047466046	620
-0.002699724197468	0.477111024397613	620
0.074236371236113	0.441740691132644	620
0.065689736041394	0.359724557564065	12
-0.087039387175102	1.60821445873035	1438
0.05721142085375	1.03252064324561	1438
-0.00193025066355101	1.20212963144266	1438
0.109329492108128	0.818135423426688	13
0.098859463057074	0.498730731643075	498
-0.02456847630603	1.17752326527176	498
-0.04620891597175	0.96597077214978	13
-0.105957814748086	0.684962589072785	84
0.052245243583699	0.554706768674745	228
0.083745707498706	0.602654419765688	360
-0.084503871175403	0.976941860234892	360
-0.071370111109495	0.637003622985086	360
-0.00322184617729304	0.487493406505938	360
0.02253514740918	0.639836120483791	595
-0.058946158514309	0.584356652417389	458
-0.116453642203668	0.50202872418871	458
0.087595040841889	0.60435079375716	710
0.083145666684874	0.681454138184361	710
0.066705566454546	0.489077475962878	72
0.099780841640228	0.501113074810411	72
0.112351261350291	0.385538602051145	638
-0.045466635443005	0.77671943536595	72
-0.063200230842369	0.488411779385766	1023
-0.019052761922407	0.574244378460139	1023
-0.00409107825234001	0.690320862372753	565
0.115430045001173	0.374047168735701	565
0.079380074193029	0.469040435878133	19
-0.03095627051415	0.529732215053757	19
0.112962173686741	0.289875238092738	19
0.05908337505413	0.310999521420937	2279
-0.015963659362183	0.444603733701018	80
0.109603179925372	0.32504792981179	1172
0.112645058042153	0.495366378921443	620
0.028037474347666	0.502360624485988	620
0.030928551547844	0.204706831153891	620
-0.070385557742859	1.26813158295635	498
-0.02994621668014	0.906754903089805	498
0.061641268070486	0.322532612406679	175
0.069365108744035	0.730665329563076	175
-0.020337911091351	0.934964888891631	175
0.058405787849543	0.692197219324732	561
0.048707306414719	0.662706712816934	34
0.075830086675546	0.524072469427053	360
-0.108446894049561	0.699128484823318	360
0.123792088368653	0.592005760897852	360
0.045973822176125	0.585390536506882	595
-0.01969993431303	0.598328999252828	595
-0.01759306672447	0.554646061402392	458
-0.055219246010639	0.384018387748876	107
0.094579150759284	0.632474404864609	710
0.029656818281459	0.60400212800043	72
0.109783316444239	0.568306692706705	72
0.002996208302248	0.35292195709325	638
-0.070912466109644	0.811661930443353	72
-0.070542800727478	0.926471819865009	72
0.078926224882547	0.550766058479846	72
0.00843421675171602	0.447716694290152	72
-0.072442064310806	0.58315474113681	1023
0.013267701584959	0.487985677268478	565
0.034697969621893	0.506907390542945	565
-0.044996740564335	0.51687249563209	19
0.120923166956115	0.403553595312084	19
0.045092810382659	0.461183371343913	19
-0.02758346160119	0.522731718015502	19
-0.058891916027038	0.36519090420558	1172
-0.076514735759342	0.754348809040944	620
0.094628405386906	0.115920487797842	620
-0.052212693164559	0.361022938522128	12
0.067947990929598	1.25122266583767	1438
0.10973897165873	1.07954778169748	1438
0.096881215741232	0.835983406521662	13
0.099840202092004	0.824990501401722	498
-0.00162815544144501	1.26051634048914	498
0.070770870450014	0.75331533519262	13
0.083473921075458	0.658216447695157	175
0.020345424755995	0.814132473702664	175
0.058935146255952	0.822396609775865	175
0.046449183271509	0.548768439983996	175
0.052923262594995	0.682060918211247	360
-0.062448229325882	0.75334773026566	360
0.124970682665736	0.548158701833016	360
-0.057826307901518	1.09097708126717	360
-0.010475268761552	1.00761118010942	360
0.030976673559187	0.482669715451611	360
0.054706545404972	0.452762794424144	458
0.112681509569776	0.180751303365881	458
0.073121358796863	0.384159874761057	107
0.033158706610236	0.416936564777825	72
0.00170130791936501	0.817639744089204	72
-0.0923386453126001	0.644498791649109	638
-0.030221998583417	0.837449038700171	72
-0.041859076691091	0.771533665165451	1252
0.068139784094556	0.45622907216158	72
0.095706101620906	0.456148510400153	1023
-0.072258258662697	0.806674967348386	1023
0.082058905146104	0.461471113362936	565
0.109584613345303	0.439132617692549	565
-0.098530798253374	0.668686740469163	565
0.026530451796803	0.518634115861009	19
0.020048385931702	0.521512288636029	19
-0.010950017898285	0.447060322507307	12
-0.028693055901661	0.53440502570089	80
0.124572600464559	0.399914204432999	80
-0.020087332382162	0.634312604900563	1172
-0.082819752283251	0.879673608192094	12
0.102141094109159	0.414621094676255	12
0.11772254817309	1.3670699791229	1438
0.057681714405456	1.60658253132805	1438
0.112712048744398	1.517578137149	1438
0.096674199051959	1.26408211306735	1438
-0.046150571070085	1.85286089724506	1438
-0.00478499480593597	1.47519780681039	1438
0.089572455301906	1.20205909932764	1438
0.091994428929411	1.187219784401	1438
-0.096381132856126	1.88197891899677	13
0.089396357862329	1.06532396184718	13
0.079502546359579	0.790772971112113	13
-0.011577514001097	1.40187561838341	498
-0.103438857422812	0.769380065777575	13
0.00562407860647202	0.888704147324055	84
-0.00742081333841305	0.484140984115153	84
-0.076352057045457	0.584572417173766	84
0.039116152257776	0.586900875648313	175
0.043150004910506	0.634785184621179	175
0.061869199759678	0.550179110717549	175
0.069649142341083	0.426323044299401	34
-0.018806575290076	0.456766771235213	360
-0.073449525673621	0.496805801796131	360
-0.036043600345784	0.429754247320906	360
0.103502773030481	0.392988310187219	360
-0.055476239791689	0.676076807711348	98
0.094151613879616	0.455585301291302	458
0.091336498965145	0.536700375447992	107
-0.035942277042488	0.428967121005988	710
0.00795581447580501	0.382641371307724	2107
0.099635750607131	0.323502018902055	72
-0.067458433526983	0.495791745531013	1252
0.014192624638035	0.388645414179644	1252
0.121234818390126	0.277521518853529	1252
0.093882177080648	0.630530934112262	72
0.00509776233163101	0.350695018093915	565
0.002379042182517	0.285655523430268	565
-0.037604591266117	0.678479816654711	19
-0.093471676418123	0.450102370406786	19
0.016776830942875	0.718385014246249	12
0.021346163717713	0.389805569062439	2279
0.100675731661076	0.596106041400752	80
-0.022721984295567	0.785164656309863	80
-0.051120730994669	0.375811716400689	12
-0.000287208882644996	1.80555001484946	1438
-0.0747239964393101	1.74751312292598	1438
0.031933758646883	1.04379565603356	13
-0.061977035232925	1.34856728548236	498
0.114664350437206	0.739875948738692	498
0.122457641761772	0.641407312146634	498
0.077290412678228	0.453909912062952	13
0.027901304001078	0.507906196059286	84
0.062383609184329	0.633646181643716	84
0.092145437732971	0.568489506643942	509
-0.109585564033819	0.776141578822967	175
-0.020136715816824	0.643100347065058	175
0.056829086908328	0.583417002948928	175
-0.0811870675609661	0.934679531694206	175
0.035094432941208	0.491938839363559	34
0.06614246874557	0.459575877374385	360
0.044550668161077	0.506152384666219	360
0.118292181589355	0.55512416317464	360
0.045261827655359	0.483639157170628	98
-0.122712990569528	0.756873422623239	98
-0.045225646054021	0.574953167675102	458
0.116680640352436	0.373586026545012	107
-0.00413226809684197	0.543182360114237	1302
0.012631898906517	0.499591039308747	2107
-0.00577812390398502	0.745132982852196	72
0.122449391098871	0.370964570832795	72
0.075544735415586	0.345467856109503	1252
-0.061966496400642	1.00209107500884	1023
0.020017655743977	0.392115649505227	16
0.00509776233163101	0.350695018093915	19
-0.0327740389987961	0.66378499253408	19
-0.024194758888865	0.448531100918845	12
0.068287308901717	0.387910571340466	2279
0.104989724570274	0.419383496164079	80
-0.048227946349059	0.583727605838219	80
0.106484482883501	0.388249160194389	974
0.024065304494633	0.589265626959382	12
-0.00205794062187104	1.96011544619906	1438
0.02161957633826	1.40071212563772	13
0.109569086395114	0.90113233278274	13
0.112393423501886	0.840492888220055	498
-0.00449966538899305	0.746163264006296	498
0.100610006743148	0.462941482542492	13
0.100674760849396	0.497187893625227	13
-0.00214556248155995	0.532398107120043	175
0.117229474199847	0.376310553317816	175
0.106831614576545	0.444946566256923	360
0.100048447367254	0.399862561165619	360
-0.09855344482867	0.65003880039969	98
0.0325849785282	0.439851898553612	98
0.106895129722912	0.347587073304329	458
0.094029953159525	0.365675138711308	107
0.029936733177873	0.705101922179868	72
0.082880896135535	0.523463770129692	1252
-0.064242994799818	0.718959779640931	1023
0.037682830757522	0.445263891226919	565
0.012537015223315	0.339219892771063	565
0.073262294063854	0.353248442091957	19
-0.073128975820054	0.5737008119828	19
0.011832531666836	0.514674460313125	19
0.113364781488753	0.372487999189493	12
-0.066101636943912	0.723880207507566	80
0.074563515173018	0.418690929105857	80
0.099100693862333	0.328131912192596	80
0.067776297893365	0.357903086914383	80
0.072359378443298	0.295975961859447	12
0.021495131165168	2.12783985993607	570
0.056493959726593	1.58886404426907	1438
0.063350026516836	1.7631843648745	1438
0.112987248283398	1.23865754621513	1438
0.034423914033035	1.52674782184307	1438
-0.082492798153828	2.21244850939578	1438
0.033586580508894	0.931221446942489	498
0.110916387050771	0.851357278552743	498
0.034790784841625	0.94453578141193	13
0.078136084550145	0.831814134348305	498
-0.112834508370838	0.981169607644854	498
-0.00919429071190703	0.759100266422635	509
0.116376060666173	0.496418284611197	175
0.056231870518027	0.570562508324257	34
0.073748788674834	0.439718725525756	360
0.037133241449871	0.560849631331677	360
0.011259570684099	0.829762437959119	360
-0.043508786779245	0.587755820711558	107
-0.022822865740017	0.506698839596195	107
-0.022713390965737	0.458471545765218	107
-0.08761890448559	0.637314786404903	1302
0.093201519773349	0.400441697037254	1302
0.052005426844401	0.563325435207472	710
0.124065525172553	0.38487891698751	26
-0.091372806678331	0.831566563822371	999
0.081739895561952	0.552703467433816	1252
-0.062474206145782	0.571884290850696	565
0.048354515029427	0.539700481216109	565
0.037793961430434	0.447473954827059	19
0.068474171157343	0.381909456443879	19
0.103176848487147	0.363161843761128	80
0.065778433632376	0.348724332037939	12
0.017912197772872	0.531093927629493	12
0.039141945028601	2.13317355353174	13
0.000673819236646001	1.6784524934949	1438
0.080421652708379	1.63212875068588	1438
0.108352710485475	1.49931421060338	1438
0.018789073438351	1.95058381172617	1438
-0.072881509567274	2.29278737576617	1438
0.124030466057831	1.18476570761256	13
-0.029504007486712	0.946306883394528	13
0.037792137567366	0.433207921712371	509
0.108816596675364	0.462668127108181	509
-0.027479803425365	0.641539094225523	360
0.05534594530717	0.318379203939677	1831
0.11406494127561	0.36807338490457	107
0.080598025348836	0.520903575464917	710
-0.013426100697666	0.566931583173511	999
-0.059245442787853	0.714806396246841	72
-0.11817319821924	0.729451527586464	72
-0.068083527331833	0.543679920006553	80
-0.032663843329671	0.48896442003828	80
-0.031371139579306	0.408678179000343	80
0.050998677877565	2.21000427138579	13
0.026013240795429	2.06811860022222	13
-0.0782696850360169	0.909764235596788	498
0.079104147146142	0.840229168729864	13
0.021882925140139	1.09274665700287	13
0.104916083579451	0.377438394872432	175
0.122374555324389	0.239822599121395	1831
0.021644724571457	0.564432525142246	26
0.02896016625901	0.406847669335737	710
-0.034647446376083	0.71779078884351	710
0.010463580911457	0.661388183491962	999
-0.108207463607196	0.773680308258232	72
-0.084288519364098	0.660508112886674	19
0.072767146587327	0.385716568545947	80
-0.060091070562933	0.30808608672788	80
-0.069218281293592	0.47769372487428	12
-0.07564848969152	0.309815293258413	12
0.079354209656549	0.796438972643818	13
-0.074525611624052	0.57338584335136	509
0.062378757578702	0.54142393283762	175
-0.100373359975725	0.452297043854781	1831
-0.010408702760021	0.511429152538025	107
-0.100785116045019	0.44857366482765	107
-0.0688376549902791	0.311209583038169	107
0.040876428026904	0.587648143786459	19
0.05611673337919	0.508304485336417	19
-0.037758344902902	0.430561955674296	12
-0.101676316787792	0.761158092016317	80
0.0110286723592	0.274716378674442	1140
0.013509127277178	0.344794543136899	1140
0.053886707143819	0.493694570800813	80
0.022720238503654	0.375895355603782	80
0.015413327559171	0.268034275647798	12
0.117751957990087	0.636311222178738	13
-0.038543840021237	0.429084561904396	262
-0.070552755316718	0.905208102277852	505
0.014744388333436	0.672812930775698	360
0.03921016975312	0.74404547794297	1133
0.051468752134038	0.714371903542303	98
0.065356234242929	0.452037591778055	98
0.074601152886488	0.296503928242128	107
0.041269333643695	0.203819925027964	98
-0.063556902120817	0.382043551688013	107
-0.037302356689161	0.507331560369588	710
-0.00548538129840503	0.703877900532491	710
0.121516476802895	0.43138927046157	72
0.00335604145409901	0.803133242727598	72
-0.049325967918029	0.580632499159915	1115
0.055389548170315	0.566192326258882	565
0.042101158085268	0.528969631054791	565
0.070893862666988	0.35158360966784	12
-0.060865993134069	0.480079443701207	80
-0.087271572836188	0.654741416689637	80
-0.089852338511619	0.441569356634437	80
0.00568141018041402	0.282279319274899	1140
0.017524667375467	0.273367979258058	12
0.02988548382743	0.373131433536356	452
0.087008786758406	0.652017344978247	13
-0.023087542881829	0.887928510824726	175
0.08402200533871	0.469970714494332	505
-0.025771471107347	0.771789723714096	34
0.052263139847345	0.627341170585535	98
0.056669724862715	0.317303425157604	98
0.074190773004418	0.381302272989273	98
0.101587715661564	0.397090179288084	107
0.065161548583596	0.350380056595533	107
0.104205372072785	0.393465919371085	72
0.048916032153932	0.610007519613953	72
-0.049312868965961	0.747383071855628	72
0.085828548893094	0.601038918875937	1115
-0.082619195529954	0.627042694420432	12
0.124159636662823	0.275374819840707	80
0.072370158227367	0.264042156917456	80
0.070570120539763	0.389981012097283	1140
0.120061948082888	1.08112689775396	13
0.117830270741486	0.442546064709223	84
0.094016264647713	0.415936151676558	175
-0.096680169279162	0.654637026384504	175
0.068618021053806	0.479730294682493	175
-0.0951763556273399	0.638993160182853	505
0.00770343765521903	0.49607257449635	34
0.121362851104752	0.281883937702954	107
-0.0993431277347559	0.461783112392123	98
0.10697661897501	0.324466506929178	107
-0.049851913816057	0.517211405757981	107
-0.114631068500273	0.69548906338412	26
-0.019300859531363	0.549330588219762	999
-0.00932432932291904	0.443138625319335	72
-0.050839811192413	0.526830672802127	1115
-0.109089112597344	0.594450457579187	72
0.08736233309281	0.513619510724726	19
-0.0661023023795581	0.57305822162637	19
0.097779749884705	0.346109055042248	19
0.114858659442153	0.289603554054253	80
-0.00447369483070803	0.350587936045755	80
-0.118955787411074	0.624340187069634	1140
0.023410815595718	0.383414344235863	12
0.046706149118201	1.14323211738137	13
-0.054299029690611	0.599334540287634	13
-0.074006858509492	0.718696489722113	523
-0.019604603362368	0.787741579917046	84
-0.088430237679518	0.902375251534995	84
-0.041259175311498	0.752156461900147	175
0.047165753990373	0.829746111945591	175
0.03579022902146	0.50356296336492	175
0.094356335927688	0.490791001391037	175
0.060294484420248	0.424555745725501	505
0.090248861757133	0.437747914084817	34
0.069352225461111	0.348236380410004	2177
-0.087096367030912	0.545581274923063	98
0.014000698162073	0.385767276818353	98
0.122671156836739	0.264307466218877	107
-0.073968305644077	0.762717750906564	26
-0.057970434877973	0.781796958742099	72
0.043351251900657	0.533378281106711	72
-0.122353517953779	0.900413082552537	999
0.015363922602211	0.603185983401718	999
-0.065616729337127	0.493229567141453	999
0.033314721575026	0.414400292913951	72
0.038887790354345	0.410131598374917	1115
0.040134437285233	0.437629345503227	1115
0.055711230853352	0.427549155861701	1115
-0.044609864484901	0.504127463400901	911
0.004858197743077	0.649479397844716	19
0.115190328455553	0.285625701048834	19
0.035214962215299	0.413804634885715	12
0.015828273499277	0.386856697422153	1139
-0.0414867167647039	0.621367885097185	80
0.045668076738142	0.436189255967607	80
-0.094998045059799	0.662210854513038	12
0.058920581063541	2.03833868063036	13
-0.061081905166485	1.44036855654592	1378
-0.096043774934611	0.838871260405991	84
0.023174835451905	0.68953535309688	175
-0.0877205059727561	0.5384749652654	175
0.02509930674349	0.62536894440829	433
-0.061754774949643	0.712370229178961	433
0.093400844618859	0.516355429577652	2177
-0.08721841947487	0.551159252302441	107
0.078741642308781	0.259997346964252	107
-0.11326467306182	0.601420817109551	107
-0.024013783693475	0.637348953242808	72
0.095241131412792	0.515413229041952	72
-0.109696510416114	0.692510766150684	1115
-0.057464044048779	0.595635764553031	1115
0.00585645659638301	0.511385480734458	911
-0.037719911637797	0.573901771751904	19
0.002839488610406	0.532289818546179	12
0.115669482603555	0.183848118692394	1072
0.056639962535651	0.78848138893323	13
-0.108838620781309	0.903017895252976	13
0.052732215463344	0.510494359462325	13
-0.042508387301679	0.77308771086745	13
0.00660696359551599	0.509743541455305	84
-0.098995630732294	0.574808166874877	175
0.104963203355795	0.387141118486584	175
0.05897528314909	0.455953510482163	175
0.107150698475705	0.46848181103217	505
0.09609615632195	0.401577985034861	34
0.030430529097785	0.479873992770224	98
0.065074142090901	0.310642244512051	107
0.018434430419617	0.270766738707713	107
0.015178281622249	0.287853798753862	107
0.076474751250683	0.343134423293801	170
0.074446316601523	0.268011537431001	170
0.108557111858217	0.359169362210432	26
-0.060295115471541	0.594930611286951	26
-0.00223369515725302	0.48615435967104	26
0.027839937446324	0.377839554933601	999
0.016644445667667	0.477604828035128	72
0.054453747039657	0.522981804592908	72
0.028642327228481	0.459951875957363	1115
-0.073655224339383	0.486771579361235	16
0.0692793252674	0.386720335963369	911
-0.070604809979707	0.658119638425285	19
-0.037553976437059	0.429923326403401	19
0.078362948440798	0.379780031081269	19
-0.01599243230547	0.457097105049774	19
0.080975034091604	0.65634174295262	13
-0.039094029991513	0.69652635939655	13
-0.057673275515757	0.668067567177185	13
0.106705039474466	0.389350410502593	13
-0.107770442849229	0.768848935808	175
0.01744736706345	0.536443100516294	175
-0.057207646312899	0.557650552138587	865
0.08510830122876	0.419998037693872	433
0.096626404248842	0.432313862691393	34
0.100391273126273	0.382390210332658	34
0.06143194393746	0.311881911467407	107
0.069316866497598	0.262667751024581	107
0.017092049989621	0.519918492633011	107
0.060228325425573	0.538258498924321	170
-0.013067367211495	0.454105859892239	26
0.088603612573126	0.463648997824277	999
0.079792039312457	0.370568674506171	72
0.119414593057356	0.287597441725128	72
-0.028524921950542	0.610680394218979	19
0.029566223513738	0.510274726614638	19
0.076457656422603	0.341857655616365	12
-0.080829619197787	0.224714923398404	12
0.035877652364775	2.27457143745067	13
-0.048735351062096	1.50222572477011	1378
0.030156270325553	0.396877438032679	21
-0.058657823621201	0.853938970804817	84
0.044719159095451	0.821885408165675	84
0.075591890155826	0.266614749395459	509
-0.044406390963899	0.519481550035921	175
-0.007431826072968	0.683491284815994	1011
0.022720238503654	0.375895355603782	505
-0.0597630526281639	0.481883910556174	505
-0.031968048858382	0.548783963928857	107
0.032425658484101	0.456146821970375	107
0.072632179749791	0.765770475564992	170
0.124576936889574	0.243485723190075	170
0.063442351714423	0.529641689597958	72
-0.064597227917345	0.305341471824813	1115
-0.059252480733057	0.478285703105421	1115
-0.059015186912181	0.660934275922316	19
-0.020002003961377	0.678231436627783	19
-0.051520604834115	0.373694785647954	1139
0.122435222661043	0.247114997738359	12
0.066785567215801	0.422177503544079	12
0.106375568006775	0.434286008657502	12
-0.076323552139275	0.230844812868895	12
-0.054213012657172	1.47411681373399	1378
0.089308512791097	0.656660853079864	13
0.019870229455936	0.5996271819832	21
0.065281504441488	0.592724690877797	84
0.116079681313767	0.46482068528814	84
0.067939624503733	0.544967953322516	84
0.072263892975426	0.544609476679817	175
0.028052102015256	0.512260975039163	175
0.00287087452414397	0.518514187904579	175
0.021131448038707	0.635784146871112	505
0.070200222709958	0.447660532975445	34
-0.059406509156967	0.677717050129895	894
0.109923720799457	0.406831062059092	98
0.041206665755562	0.433872305324171	107
-0.109544278298227	0.71813564382432	107
0.09550088259464	0.455448054541286	170
-0.011220706321441	0.556407666101261	999
0.015670191960986	0.493057711114331	999
0.082631894255702	0.463487952855814	72
-0.078468207855196	0.586964748021282	1115
-0.11313876376064	0.704296809041783	1115
0.070952958205172	0.440622031284202	1115
-0.10497824987804	0.586921728099043	1115
-0.0184865566711619	0.625263404369925	1115
0.05143572673703	0.445918277572681	16
0.071275137071952	0.301466773241641	12
0.055635114461162	0.322440469908822	12
-0.022713335873169	0.516956169827452	80
0.049813448902951	1.00749333154555	1378
-0.0106897573593659	1.05668558806372	13
0.086369476142092	0.667543454755596	21
-0.061327529007827	0.808708633752625	84
0.062180025361227	0.510761245535928	175
0.108220659841005	0.387980827744188	175
0.057996438827231	0.680867366510891	175
0.090429204237983	0.461572674869455	1011
-0.0187637349749969	0.571715835975448	1011
-0.088025030824658	0.897768510366435	98
-0.000469095540762021	0.716692630375474	98
0.07319726682929	0.386622636556555	107
-0.122868172114857	0.660965246511789	107
-0.0667714240902551	0.493604571695403	107
-0.061302289753489	0.360921143269535	107
0.017308425652474	0.486153831719148	999
0.102662169065007	0.36571772855214	999
-0.055951012843124	0.602324263578079	72
0.067388163213289	0.424681943499758	1115
-0.0569276566695049	0.586972463926827	1115
-0.11898350540976	0.825449166908259	2042
0.106512883586304	0.353499740336349	19
0.071988659436044	0.385642023268235	1139
-0.0696607280149481	0.490018500946095	12
0.059625870442392	0.315865401488654	12
0.063083642719627	0.429831247417303	12
-0.0873133044412771	1.64500243290585	1378
-0.00451399359017102	1.3250051182563	1378
0.00572353533122599	0.607099539437307	509
0.061976518202563	0.396386746594643	175
0.02657355071524	0.593897542594838	1011
0.114639367421095	0.441840177585334	175
0.104612291026658	0.38564002195	34
-0.021277249056743	0.756699739908092	98
-0.049529096368907	0.586483475648466	98
-0.062595166421671	0.310981132330319	107
0.062055507013125	0.324783142251258	107
0.114950884697756	0.313027373866072	107
0.116512401930711	0.282130472095631	107
-0.02687597566343	0.541892671069146	170
-0.066864294309973	0.693083699503634	170
0.00191901891956697	0.464881959430438	999
-0.022250959727523	0.590276093314878	72
0.046889596231917	0.415345707279106	1115
-0.101284991352683	0.646464031152008	1115
-0.00399103314246396	0.536043557651322	1115
-0.0204650568786801	0.61677668120223	2042
0.028621120624401	0.417144295109114	19
0.04513532950433	0.41944281028014	19
-0.029221728832587	0.409563203512286	19
-0.079006888844381	0.473296634692437	1139
0.015717175100074	0.499164565120806	551
-0.112677007998264	0.585677484839457	12
0.11646044598463	0.27474417019715	12
-0.088009134833577	1.38868546307644	13
0.119273279156464	0.615220713284084	21
0.082901844218852	0.459107063570762	84
0.053542763645247	0.525150935236824	84
-0.116510068781556	0.603363577366673	175
-0.115237379491421	0.608466623149241	175
0.022878922486691	0.620694980750168	98
-0.039593818241033	0.622317998660972	98
-0.014559952019862	0.446554802800644	107
0.008279833682035	0.339202064211721	107
0.065922250215775	0.263131386053673	107
0.037339659725291	0.403880776918321	170
-0.00569693936353299	0.48668680699233	72
0.093821226062546	0.556180127664782	72
-0.09865512986444	0.745041256413347	72
0.019057197712161	0.390787772462895	551
0.074535267118975	0.343807349704745	1074
0.102948711703084	0.329703977390814	1074
0.110826919925547	0.283464180077665	12
0.052073937899789	1.31677960496649	1378
-0.025600837942274	1.56440185606193	1378
0.067947781927649	0.945353220877685	13
0.079877342469793	0.651256069974459	13
-0.059369486490401	0.553071166021457	175
-0.105241192970307	0.644944250020772	175
-0.12230849772608	0.967590537837167	505
0.070977504389679	0.474080847809342	34
0.11576692440877	0.343209779135785	763
0.112276990079232	0.324603983364555	107
0.012770897808815	0.394056245522724	107
0.081094134394952	0.400243874334971	170
-0.00871618696517995	0.776900374693428	170
-0.024540095115717	0.572208437882563	170
-0.034093382705387	0.791267533559154	26
0.028798978599939	0.459005622856969	19
-0.087728661197881	0.5508723185398	1115
0.054416637279705	0.324859572749052	19
0.102207348110708	0.318153064625907	551
-0.0338993465094281	0.480945558580473	551
0.017411248298333	0.423655211532791	551
0.062798090201762	0.322235342516507	1074
-0.0218094672917361	0.528687918938165	1956
0.058114224447509	1.25185552632384	1378
0.103898182331891	0.442895874661516	175
-0.077171313604586	0.507610953058636	175
-0.112480393839726	0.811382910876511	175
-0.05587553338969	0.683870438827964	175
-0.014158672130313	0.446045538053979	394
0.116249408156795	0.305909418669045	170
-0.022481322233769	0.461041839932853	170
0.00181608524612098	0.453527691583912	170
-0.024871488766649	0.541803975636921	170
0.102509774133458	0.503521335590935	1800
0.06314814972205	0.494673794332242	72
0.072526452667335	0.417338165997641	19
-0.060400595865639	0.562422004112306	19
0.072920233962567	0.388559577962711	19
0.078697938133336	0.293769418736699	551
0.121353351206443	0.182752495784492	12
0.020570377417457	0.429642632032892	1074
-0.067821369867369	0.490314248471862	1074
0.11201136084331	0.317835210958224	1074
-0.036667292067083	0.42976421422211	1956
-0.044319694958592	0.427626967255882	1956
0.06484573550383	1.29212925661775	1378
-0.028662615026506	1.72255696045699	1378
0.080763943211207	0.584733245412251	84
-0.066538739900458	0.656301516401407	84
-0.042720432219825	0.570995748849748	175
-0.118829339752689	0.830987410246978	175
0.070143805552166	0.389450270364347	175
0.106411480646335	0.417888737820791	34
0.121126581414619	0.279924116066278	763
0.010469304395689	0.391550065981054	107
0.097581123883932	0.321949560755541	107
0.034217016982742	0.484450640118469	170
0.039929436852822	0.475592427015903	170
0.098346426801393	0.398828251923768	170
0.031104300905573	0.536910063792548	999
0.050578763409049	0.501564830067331	72
-0.019159352667767	0.573324086074608	72
-0.023894972453988	0.540361746157321	19
0.006269395544865	0.461110282608788	1115
0.00499190140355699	0.46351494874207	19
-0.014784075764993	0.449030672547485	551
0.083196026257487	0.391985585601485	551
-0.101314023247567	0.471253847675241	12
0.029145112173336	0.407017945722864	1074
0.00598259253196898	1.88546390372903	1378
-0.036675035346058	1.39453098950797	13
0.05633330851376	0.736576436088263	84
0.038713422699037	0.690795441496767	84
-0.048422088914783	0.749279682123781	84
0.05892663758021	0.594298108780029	175
-0.07245845440251	0.809545418241554	175
0.00768770254514001	0.708829685440143	175
0.101391371620717	0.564079375629622	34
0.106327908021129	0.539221296302434	34
-0.0104139771651121	0.697883217772336	34
0.106861333742868	0.356887215086796	763
-0.123597069185287	0.521995471418805	763
0.071411855341036	0.445825509861291	763
0.104164276378587	0.357176778995461	107
0.069894294143804	0.309861964018536	1262
0.025789455329984	0.696985891206313	1800
0.122631364421466	0.375394265122422	999
0.094249779012879	0.465222946830522	72
-0.061790471359454	0.780651488919645	2019
-0.018515085087614	0.635139204437322	2019
-0.0686515666766	0.569502062023049	16
0.107035655976991	0.387492722197019	19
0.078871057892056	0.373593203017666	551
0.119632773382928	0.282707359717206	12
0.105741806139696	0.324650311247788	12
-0.077058538564398	0.504340251293537	12
0.00918176949219401	0.337792219079569	12
-0.068631521627008	0.542267995987228	1074
0.1039894454484	0.44446664057175	12
-0.00660931321856395	0.478465946307675	317
0.123755857667036	1.17852506440335	1378
-0.112600493930853	1.3665274323542	13
-0.0141756810972949	0.662226743737944	87
0.121221157187461	0.520198912357145	175
0.107385097278741	0.475803180057567	175
-0.00401949130103996	0.859162599457983	175
-0.116463094594558	0.940768931497059	175
0.014681544894265	0.39160199655167	107
-0.085935845784064	0.547663339650525	107
0.100007395969415	0.319971781223252	1262
0.072484523962401	0.382628772403196	1262
-0.035575922273602	0.426460856005532	107
-0.018226914629294	0.55762379397482	107
-0.113222207053014	0.701080540991195	170
0.123149049067831	0.422389762767287	170
0.078755690233958	0.477684698388485	170
0.062783255699009	0.634595760739684	1800
0.101427997757476	0.481607633071718	999
0.095713761903832	0.460600072067754	72
0.016822167304496	0.626675771283786	16
-0.0280168752546151	0.545021635412694	2019
0.064633226105694	0.45735433330576	19
0.116698883134979	0.401232706202031	19
0.029342001056065	0.536741104800081	551
0.039932942585891	0.47924795016111	551
0.073978313162428	0.401970908589111	551
0.010292838115764	0.504463736387304	12
0.025396055557823	0.45770279362406	828
0.065537876967864	0.320508413495574	828
-0.096574235517007	0.631787117527554	1074
-0.0639307656129961	0.633735436095598	12
0.056627124828685	1.37523319325995	1378
-0.0230937425733661	0.530408938360685	84
0.035443827448265	0.413391579739169	87
0.056974169952103	0.357881854331395	394
0.056509243217406	0.322316745441809	394
-0.056892185220028	0.348498777344737	107
-0.0634064217002081	0.306352310248783	1262
-0.054422433890243	0.284532520429995	1262
0.120318427180566	0.240200224041919	107
0.123655488883454	0.276145492673332	170
0.102768640185193	0.419741768419525	170
0.047559728618577	0.388144931823397	170
-0.01876178327734	0.629186442571292	1800
0.039265301336643	0.591004331300249	72
-0.070241553936807	0.645394306864069	19
0.023185253046024	0.421184235343714	16
0.072140365658485	0.344396026950297	12
-0.036732548819534	0.40576642077322	828
0.035314121327645	0.411678838478767	1074
-0.019204795873094	0.458123082369529	317
0.039661991107336	1.02405123897328	13
0.093863481832817	0.661036012007181	84
0.124669394094985	0.399680559000439	84
0.01266838211216	0.45374968236796	175
-0.052046831333407	0.778957487979893	34
0.039779501202351	0.575552210679893	34
0.071299002019775	0.31293665973107	394
0.027240848846574	0.374464494882119	394
0.072381463709952	0.311330491031178	394
0.015614769569587	0.377186288289158	1262
0.077690042191176	0.263391294010366	1262
0.111720849401394	0.286944301339811	90
-0.026094285763309	0.389663566372486	170
0.044468410994636	0.625173209283797	1800
0.114840199965295	0.438332264553638	26
-0.033843402706671	0.762815126933532	72
-0.025145945440638	0.590620450855634	19
-0.015329850997055	0.598096970489378	19
0.089338083726944	0.427802664620823	19
0.062397444264756	0.462236319965304	19
-0.092197104795102	0.712027980806307	19
0.031975520863977	0.630155821553063	551
0.123611569355023	0.173880606779281	828
0.122444304988309	0.247627347306697	828
-0.040444427775605	0.423244680683965	317
0.009454924573359	0.645000178885848	84
-0.033709792840854	0.623500665060072	84
0.082751283926219	0.541679587449533	84
0.114504360219232	0.450201979915376	87
0.034211805581321	0.597179588553604	87
0.020608909805603	0.412191439644257	87
0.029459115552256	0.541025089128418	175
0.069443642792963	0.629385186686	175
0.088134204097288	0.54504808953177	175
0.113778485008851	0.288157079288764	394
0.124903594959521	0.182012025006066	90
-0.049502636649562	0.368880134075116	170
0.059891054251618	0.317441928641322	170
0.104440668031823	0.450029679535573	26
0.109696785991268	0.306302985000789	26
0.041169674245319	0.677919140869372	72
-0.114059631547039	0.616908739120047	19
0.12170967366681	0.28165172987206	19
0.080093134413402	0.499724235971807	19
-0.0360850339584901	0.804190366623088	19
-0.033619985390681	0.659171620036638	19
0.111196381162453	0.436967865716102	16
-0.00364290521599397	0.610000770951479	16
-0.091025770607594	0.558644220202896	19
0.115882236179874	0.439307574247332	19
-0.00122812999280997	0.356018035129454	12
-0.076510358098014	0.665222075041438	1074
-0.022313951033847	2.05638628284316	13
0.085625221717374	1.22766220094966	13
0.07522294835362	1.2002896294275	13
0.119343879323833	0.504867156167068	175
0.075942748916006	0.336143266142243	34
0.099112222890747	0.394470127049958	34
-0.0205367342200889	0.62706233200155	34
0.042351104780608	0.654619307507081	170
0.109546012711589	0.571348051049487	999
-0.110667382121873	1.13733546647612	19
0.043306181031308	0.512747939922916	19
-0.0767045386619301	0.737713169171083	551
-0.097530514225097	0.640903275986857	551
0.116346004141403	0.317783007754293	551
0.090595024129452	0.36778244248176	551
0.114780510940388	0.186715900106377	828
-0.019809878812727	0.627144723811842	1074
-0.063545338358269	0.314002542054436	12
0.080737037040019	1.73583890665177	13
-0.0732374769722231	1.03777465900224	21
-0.01816303120929	0.694430607944407	175
-0.012644740294843	0.648220912007789	175
0.061920535616503	0.600538528091644	34
0.040123704659127	0.516864856247171	34
0.015452468505449	0.591723343831443	34
-0.0721069890702321	0.834914852034259	34
0.11163826079715	0.287506471252448	34
-0.014546754752269	0.440955707860073	394
0.035579181345031	0.203763845482922	394
-0.070077839258922	0.380887936929113	90
-0.045786330707251	0.694966979034354	26
-0.025772318181712	0.640999971534402	26
0.079823699457853	0.536670331611672	170
-0.078661098448507	0.867585447428365	26
0.109049810399404	0.409343966226486	19
0.10287582766894	0.441686240587476	19
-0.11822232742346	0.737308748168979	1119
-0.00307396740507804	0.486872145489285	551
0.117002200113716	0.374533373930627	551
0.071758037808149	0.41383181763241	12
0.1159148942931	0.316790906986154	1074
-0.0609045061547881	0.778592688302024	84
-0.017183277851632	0.64050134132137	1015
0.073133893069963	0.667452621509856	175
0.042008491379522	0.573175750516566	34
-0.096329540791537	0.721327628329951	394
0.076868946580636	0.338430083633307	394
0.110495510027909	0.329618997996116	394
0.081582444787849	0.522466015406598	170
0.118061299331059	0.429102975529605	26
0.105845916401241	0.383494382334193	19
0.073320412496094	0.501325512110198	19
0.051826255807616	0.456567411086073	19
-0.063826415716948	0.646114763552977	551
0.060850688269394	0.397138252742889	551
0.080792731441878	1.89376232311527	13
-0.023388200996848	0.723397866105635	84
-0.078020207344341	0.906456175578142	84
0.041551321540294	0.439286250129453	87
0.124850211963523	0.339024960262642	1015
0.043176965645855	0.627330476460864	1015
-0.055439801431901	0.54259514594289	175
0.013725549356197	0.570179633302066	175
0.033040464007731	0.665034645010836	175
0.00641470889541301	0.549091410605	433
-0.098333347076514	0.673656481319111	34
-0.069016825659805	0.378642448678736	394
-0.043479798461002	0.511835139908657	394
-0.102025098350673	0.449864762057325	394
0.000795725695925009	0.352256916276114	394
-0.083111899383148	0.613541616108146	394
0.026042061735652	0.355877235943601	394
0.105140240471315	0.360692829037974	26
0.055583976519235	0.58332658862864	170
0.075040630329307	0.462311084771685	26
-0.035753041508468	0.578947506408096	26
0.117654750107291	0.429626098306581	26
0.015528003140873	0.620998909889118	19
-0.106039154526915	0.56070936929605	19
0.017950517959474	0.603081560554723	16
-0.124052740560857	0.630399517339319	19
-0.107932501511204	0.751948300487674	338
-0.03310528521687	0.557122233113577	338
-0.093080396394762	0.701006463945108	551
0.075467150276944	0.385326526641478	551
0.033560495092507	0.416345507012432	551
-0.030894507129458	0.416012528012099	12
-0.037645254837649	0.537821520028627	12
-0.066538739900458	0.656301516401407	12
0.00690061536487002	2.31629950185356	13
0.065587281270354	0.478704524494076	1015
-0.086756990262813	0.772901847025	1015
-0.04217851383503	0.622249432075415	175
0.032425214267759	0.453947208544276	34
-0.0319470963403951	0.846561271040415	34
0.061756940676563	0.356124995517075	34
0.044798835422289	0.438648711738761	394
-0.025957730565343	0.811140916091698	26
0.061126539082527	0.757127529059666	170
0.101546585955484	0.504406047913351	26
0.106747941252195	0.33900145632283	1054
-0.105923268408189	0.562430047034177	26
-0.090255023779685	0.828381427800744	19
0.012770897808815	0.394056245522724	19
0.064374210884947	0.321501107445249	19
0.121165199812978	0.301982496889446	19
0.100286363233856	0.425953056437011	338
0.048460673109822	0.460442983984732	551
-0.038657806645128	0.628103341725866	19
0.018319866226165	0.625169040630949	12
0.102638087464875	0.470352519379612	21
0.102347390886168	0.553942636744197	21
-0.01180959890973	0.825601450422425	21
0.00592163129760898	0.799667867575775	87
0.068919672907923	0.694198879741229	1015
0.116493498583709	0.554876802605022	288
-0.079359033107988	0.774689882565914	288
-0.04044069949407	0.756668983877057	34
0.067128851598222	0.576027981724081	34
-0.046476371802474	0.701953811455636	34
0.009884351524856	0.485599320781218	394
0.071702059717132	0.346043718761907	394
0.035924775624174	0.639196348318437	26
0.00311662761028803	0.572032602814181	901
-0.028527747335731	0.654286054666308	1054
0.040082223575778	0.562424961465497	19
-0.041283832239309	0.570589570584932	19
0.045914821841202	0.471449717101361	551
-0.067189199984223	0.640361208419145	551
0.00334159313472698	0.471613032629533	12
-0.069313376998142	0.806789924509505	317
0.077131969782576	2.20157054101482	13
-0.070524832229288	0.767361892836468	84
-0.031538196253306	0.78097800259574	84
-0.11864467330257	0.740715166732296	1015
0.092495182662868	0.440663029337294	1015
-0.08598913215634	0.614309716430281	1015
-0.034063353953971	0.836842581762552	34
0.00941750730246299	0.6877552483967	34
0.000930365570112002	0.67787434302686	34
0.076803733750937	0.370385061069027	394
0.094938704354336	0.327745758008828	394
0.012450529069269	0.342204889835921	394
0.017768248656812	0.33482369098119	394
-0.018456991216476	0.448632177179975	394
-0.022481322233769	0.461041839932853	394
-0.068068018422452	0.307232529780208	394
-0.103722931935866	0.4660248012697	394
0.119029725002216	0.283839738947837	26
-0.053466668747624	0.594918229877646	26
0.097834581726488	0.488482964472535	901
0.107207668910598	0.410459550023759	19
0.037952935489277	0.485895534391334	19
-0.059445105658991	0.685480424460419	19
0.074381792847126	0.41501189295768	19
0.043355572661919	0.397245499550063	551
-0.0529370650087621	0.52819953301625	551
-0.062403744393844	0.380069298866205	19
0.011433531897486	0.349429492612926	19
0.123453826568369	0.239810976189657	19
-0.052547928400879	0.583220865031946	12
0.094197292693633	2.4532242010558	13
0.00254751066395698	0.471538501031738	1015
-0.091238462099154	0.780234669495776	288
0.01847546746475	0.562907124394031	34
-0.10122171886734	0.975039466701461	34
-0.112793096576423	1.0017308401179	34
0.075183366904261	0.381960679160213	394
0.024489244380344	0.383397187993144	394
0.104950716124762	0.31021977920605	26
-0.088665165375915	0.820550838538325	901
0.12031635650697	0.420811113458702	19
-0.020330953958789	0.571809170426669	19
0.113803865985904	0.292262394377998	551
-0.024560736768216	0.578664733921695	551
0.072398841055114	0.560606806952102	19
0.120243238042543	0.243654708391333	19
0.04733240228829	0.466230551547965	12
-0.015412369244005	0.457379000681279	12
-0.059538979596847	0.524045890657321	12
-0.034929862429624	0.790722069141187	175
-0.00932432932291904	0.443138625319335	34
0.107091388112506	0.47527946350465	394
0.116541601416015	0.345184770917907	394
0.044955750249363	0.428174725298584	90
-0.099591178937683	1.12804347302419	26
-0.10144606441805	0.762022934781619	26
-0.04558133675571	0.726734907353224	19
0.099767653768352	0.481588355409079	19
0.020131222416399	0.484654829555131	551
0.031094331960184	0.506889728623821	19
0.067960119300537	0.394346249562976	19
-0.062654031001893	0.63696180586592	19
-0.071253453954536	0.756456663083195	19
-0.027294584308886	0.643827873349029	19
0.084622611293563	0.241504182049958	19
0.112280571905046	0.271120149218554	12
0.01811723332209	0.56628712798377	352
0.081899389524003	0.546887237729094	87
0.105811667562503	0.437250003423305	175
0.11894531932298	0.670266247586414	34
-0.022527587015303	0.63881749819738	394
-0.124013639282484	1.0093281821163	394
0.06939485676635	0.478249899649063	394
0.07995818719294	0.398508566264731	90
-0.064389613496403	0.572022586727067	394
0.021625782853225	0.647190190073196	901
0.099299053647671	0.323997961513039	1054
0.074916254044049	0.637958311731472	1301
-0.10160263476396	0.632621465539542	19
-0.0590908327951311	0.286426234065025	19
0.11419398426999	0.305909754690993	19
0.061076479784331	0.651978636366844	19
0.112825379783245	0.410853114975934	551
-0.124478020969722	0.659067483932786	19
-0.084992674314496	0.626027663559574	19
-0.016481160896197	0.570622825446505	19
0.028826038159595	0.512875072380161	12
-0.0947326504442641	0.780829907299793	12
-0.0357377346769771	0.415409876358555	21
0.09813041400074	0.361779758568848	84
0.033372055003483	0.57702321367222	288
0.105529751095252	0.328775467964389	1015
0.087785602826425	0.303022220109445	676
0.00391807484028001	0.344595507553563	34
-0.00841087623674097	0.438695773125133	34
0.041672541492326	0.948008682280061	639
0.099825662911501	0.598070489484412	394
0.01409064060063	0.279518842234529	26
0.055883511955689	0.85256797186668	1301
0.076609517703181	0.266284751672056	19
0.02043123226476	0.279485078533931	19
0.090818241907465	0.654527668816279	551
0.011063582309575	0.500843579927907	551
0.076259319384094	0.794060793482776	551
-0.00854771583212599	0.480689923939329	12
-0.0589793610534191	0.481657064393915	12
-0.045910004707687	0.425769271916452	352
0.078508637438031	0.461326718637068	84
0.037229314355815	0.914049165236038	288
0.123515078109776	0.582213787016	288
-0.098737643422655	1.31820689972542	288
-0.065463590179966	0.486516513231953	676
-0.012775906102619	0.447178434725744	676
-0.0941349575813451	1.29296693164211	6
0.089079970162729	0.592083031890344	394
-0.070499241291172	0.896604253357177	394
0.037315535480917	0.712173348824735	394
-0.122474205171538	0.75708645484888	89
0.038426418312139	0.528401468387182	89
0.062488763639388	0.706068602969985	89
0.00507781688849701	0.355973125647902	26
0.075219230976551	0.303687830288034	932
0.067277333450357	0.318671516438219	26
0.073433759112997	0.68926690276914	1301
0.038623253114192	0.403851049963127	19
-0.093758265897135	0.456766493497024	19
0.014539212699455	0.339472888733431	12
0.00185682602631998	0.349655982324189	19
-0.077994610245859	0.299521119478188	19
0.06948161232724	0.422201049751462	19
0.118511199954617	0.43571647421302	19
-0.055751229097499	0.295241015724067	19
-0.112470416516877	1.19694398179946	19
-0.01150078734753	0.453885463089861	12
0.094828813167692	0.647416084226613	352
-0.021631761409996	0.969189594798441	84
0.062338362889355	0.791973809553583	84
0.026559569150291	0.545625516721785	84
0.03803949358329	0.639080164888291	504
-0.113136503205871	0.700952958805082	676
-0.012775208898437	0.627104899998361	676
-0.100537953730983	0.727485694649203	676
0.00304776068444801	0.476285862284189	639
-0.046667977463139	0.596406613911621	639
0.117853474888301	0.469565782027289	639
0.077031525415696	0.415964092566777	394
0.039154618986055	0.501442781061659	89
-0.122934149089566	1.35685926432164	1318
-0.0943180007064059	0.615916754225617	26
-0.110805721405691	0.70873249770803	26
0.077907713412437	0.410392673463199	932
-0.109583261160212	0.611883753746939	932
0.032169648141753	0.710650589945886	1301
-0.099630214860835	0.998955502300285	1301
-0.088243929956909	0.632969029784498	19
0.079960560135516	0.393019810756936	19
0.055857078501484	0.465478015522237	19
-0.066566153340581	0.717333830531652	12
0.068542306118881	1.2893715345531	13
-0.085215192905879	0.975844686516127	84
-0.026358969520022	0.982817166211918	84
0.109128393255576	0.610107169249227	504
0.038738232724169	0.708201874632506	1647
0.124135647754206	0.697532647690796	676
-0.044160627072076	0.895265742188528	676
0.047519708175855	0.646584347948564	676
-0.106759985461093	0.996105497640486	639
-0.018806575290076	0.456766771235213	6
0.069135064368645	0.309672775993194	394
-0.121312072740187	0.521161092044304	394
0.115328108009869	0.321708125113439	394
0.104177159155218	0.33342875007315	394
0.096768960707366	0.31779101750026	394
0.00786976916636101	0.280292416124842	89
-0.00253372204297098	0.913019851360868	89
0.074027530563877	0.751167896333446	89
0.003792911475057	0.712147363959783	932
0.106671957405176	0.572609383574178	1301
-0.119679125352682	0.855867534241558	19
0.015354607241292	0.570814423884721	19
0.115480818430524	0.338515174994028	19
-0.077011296003612	0.677044724500831	19
0.065566073970234	0.555252771910874	19
0.123711519514888	0.341422441612705	19
0.10574193121539	0.438620365011655	19
-0.095447490226752	0.564729790632553	19
-0.0134560485063781	0.457609729836037	19
-0.122456320197399	0.646218891825197	19
0.080333063210963	0.252840338903675	12
0.034080751959055	0.406423897001584	12
0.11188159676136	0.324603418857637	352
-0.00455975305309997	1.39198553559904	13
0.00530494451115499	1.07928843242645	84
-0.038556604447738	1.1621158422196	84
0.067990462853777	0.893844949364489	84
0.050050311730774	0.917634621679099	84
0.104986412046763	0.4921560497094	84
-0.0733899011503411	1.046513813201	87
-0.043114111514139	0.647280869761466	87
-0.020959865756517	0.70232860222635	1389
0.122070881014642	0.547526850885141	504
-0.020593022992467	0.92426166268869	504
0.043067409540668	0.814858819970738	504
0.015404687026382	0.820598266513831	1647
-0.00861299658122505	0.810922134505078	1647
-0.0275196603996239	0.746402527701687	676
0.116807390238155	0.411603063260949	676
-0.093059639251593	0.826136450226603	676
0.066401539514947	0.589532824497609	639
-0.051690113839753	0.905580933861149	639
0.083042534685051	0.731987168103208	639
0.097552856894015	0.444631804608712	639
-0.00551162677130102	0.924590369972661	639
0.061777781079265	0.847915282224984	639
-0.05361670851712	0.604225440249073	89
-0.060401120496402	0.941303420257823	89
0.052389615526604	0.515174952094146	89
-0.036077418074313	0.839409754659023	89
0.00557914245910301	0.577039017706284	89
0.00489595940413901	0.578352236698447	1318
-0.094425309838035	0.780144122540157	1301
0.10487855665136	0.572105224895197	19
0.120477174864119	0.40427970400727	19
-0.088599973938116	0.633025387393231	19
-0.093452539975616	0.559013211017094	12
0.11375510807126	0.31794982344467	19
0.062398209834819	0.543357819786282	19
0.00783935524467999	0.622565485275322	19
0.023631676666726	0.582194743154535	19
-0.06403763302041	0.554601886387059	19
0.024535885498973	0.364642846109924	19
-0.019361918610813	0.453641338428399	19
0.098698947599932	0.395801465218785	19
0.103923240112058	0.325185491977594	19
0.073843650333538	0.608354413850128	19
-0.058723143344829	0.366532194603622	12
-0.031146466164233	0.672280834063553	397
-0.01531467389619	0.603104055781779	397
0.016970946114509	0.558012963244062	397
0.11554459446162	0.182406534005528	397
0.060635887390265	0.317403298662283	397
0.093309880876777	0.539425193465795	352
0.099525287549957	1.07655736585563	13
0.102267426248347	0.935019561825484	13
-0.06516981588944	1.43907927060644	84
-0.068137056505587	1.0030106972227	84
0.042653503898304	0.673621016448033	84
-0.083414934881437	0.84721376048134	87
0.086689779148644	0.510524171054963	1125
-0.00209880032431897	0.987905921105426	1389
0.024034792137171	0.559327855331103	504
-0.107898903234225	0.977969980419738	504
-0.0572027915026601	1.00664857084212	504
0.113633724079729	0.637790816858485	1647
0.014982650591235	0.791689814423497	1647
0.067510504845568	0.660184969058949	1647
-0.109394715700057	0.846712948407582	676
-0.00852150990435696	0.51507160474178	676
0.030926365723679	0.930159485104875	639
-0.0399418717678079	0.696515603702124	639
0.022377159482069	0.524646368725946	639
0.121514816385996	0.697875819945743	639
0.121174078635	0.515166738385282	639
0.077828164939857	0.518566112274279	6
0.075324600461868	0.385120420703386	394
0.044387535214815	0.600458564412866	89
-0.062728562789919	0.771135270281443	89
0.049850823933419	0.461154931708751	89
0.087827155166007	0.692871150841866	89
0.012475501517968	0.852814716979912	1318
0.012464569472519	0.865655688689189	1318
-0.00942307148939903	0.559794782087651	1318
-0.052542380013974	0.604240922740589	932
0.09649575165678	0.427720396530797	19
0.118130485178002	0.240640461182037	19
0.00531684312499198	0.501351931114284	19
0.00923521925601301	0.597369557441379	19
0.11374568704266	0.350244898644879	19
-0.092139095998336	0.748814287326871	12
-0.092942608255277	0.829238787370714	12
-0.074454253235017	0.808089198339637	397
0.057432566612664	0.482610651890972	352
0.042956696436766	0.570747647882122	84
0.102763052631099	0.9984034369839	84
-0.00224257002012696	0.816007279520255	1125
0.110934776687419	0.730370011074478	504
0.058351758407999	0.909098588449241	504
0.118383382367077	0.373242866783626	676
-0.049972193652061	0.762729077911266	394
-0.0901298406546051	1.00793825903637	89
0.064462581777069	0.554503076857123	89
0.124898046386714	0.394072632229605	89
-0.067615089767937	0.495468417503982	89
-0.017331950217008	0.821292009881578	89
-0.097904599539824	0.643858533710372	1318
0.082592742715129	0.670040628032136	1301
-0.071561797426796	0.564096480938544	356
0.022615865867347	0.522813847433405	19
0.04040545998782	0.399355498883386	19
0.100851186557463	0.367388330676617	19
-0.104989281590786	0.832427165183084	19
0.09607014399392	0.511727773519951	12
-0.070263055381889	0.831196092591053	397
0.063729885273764	0.390080208252611	397
0.06739057088896	0.669167431677812	397
0.025282094946546	0.829380136934321	352
0.047691254612141	1.09459565081439	13
0.083643469896206	0.39542574889165	84
-0.051858237875398	0.634222536456363	84
0.117287243249327	0.892003479482347	84
0.123368564032726	0.37231113493366	84
-0.0392440208696651	0.581425917681007	84
-0.0417877880938921	0.964225461272801	1125
0.05336956430507	0.752910726607942	1125
-0.00582262485976204	0.590736605437018	288
-0.093548679636363	0.453012974627701	676
0.073864627759414	0.261764881769082	676
-0.086686484704969	1.3263404810387	639
0.025171652486925	0.422561651486269	639
-0.108635003870607	1.00942590074082	394
0.020360518400032	0.651769306669461	394
0.088224953033994	0.50134153431073	394
0.03843332815721	0.635424942199684	394
0.098858177769435	0.427135589113807	143
0.059929926582706	0.928713490416183	89
-0.032195243569871	0.8507645753625	89
0.011016773016012	0.285039947710485	89
-0.00200690536933301	0.952001171252626	89
-0.010886024142391	1.12666340358151	1318
-0.074434222731257	0.307953064435304	1318
0.075528276130141	0.267788906741721	1301
-0.041355933353078	1.06292013605133	1301
0.115997655509492	0.24229348406986	356
-0.100151015231305	0.462743152075887	19
0.103673752859402	0.495257695389909	666
0.121629904570318	0.539810895592606	19
0.036405061858328	0.688346411317468	19
0.103709270839551	0.635668927150414	19
-0.00119542304442499	0.587616133553568	19
0.00708748211270599	0.515672545932964	12
-0.055844554699135	0.699120214573965	397
0.121761232949852	0.551247586119059	397
0.118545907973858	0.849672692448638	84
0.07697757667323	0.557449455087262	84
-0.027279739388011	1.1817369685546	84
0.115633992622979	0.759734882257788	84
-0.001796241059559	0.482896976488967	1125
-0.048583783267791	1.05863792548734	504
0.019790939093001	0.947023437975163	676
-0.113026894829766	0.961105517615691	639
0.10911626092917	0.617318353027883	639
0.054936909708679	0.749385375858496	639
0.078595858409807	0.558849913144187	639
0.021949057377981	0.928785652556889	639
0.119716793655208	0.44477103086047	639
-0.01842479911603	0.432322401024507	394
0.06276678827517	0.261950076619926	143
0.020017655743977	0.392115649505227	143
-0.029712390632741	0.414276254268601	143
-0.062053904791548	0.389149929814392	89
0.090315644966055	0.69298400031671	89
-0.015394433517785	1.00315171219872	89
0.012308766415104	0.829256266444132	89
-0.032467044356058	0.822538760238804	89
0.023778244148976	0.751772873508366	1318
-0.0739859045832561	0.914070848999314	932
0.058228028751498	0.581681438909378	356
-0.123547390197255	0.833987774671252	19
0.080951038085671	0.44079525085741	19
0.065028614739869	0.425575043109408	19
-0.00888315929524597	0.655949295180478	19
0.114927352948929	0.471517491725106	397
0.12014152553387	1.0714244383669	84
0.116847460288786	0.821901836270394	84
0.00966865211997903	0.595685221430129	288
-0.114886327963974	1.42963916283646	504
0.056132013638471	1.05489453456671	504
0.107460098177987	0.837247644935419	288
-0.015077159574157	0.996130409269229	639
-0.105899950959943	0.77424841857811	639
0.048128585782335	0.17866685811312	394
-0.061378991620926	0.302697363945174	394
-0.118995296844427	0.903045358789628	394
-0.029895228778115	0.580871131997091	394
-0.062037369042005	0.376230397198569	143
0.02521110666726	0.780754818963498	89
0.022377159482069	0.524646368725946	26
0.108645753061304	0.545370016142727	356
0.026454474138181	0.63354297918052	19
0.020543324070481	0.627621849754341	19
0.096109384741516	0.510358728704675	19
0.112731125818434	0.379055811217227	19
-0.023209656076534	0.537099393615696	19
-0.050182770248975	0.368909946089515	352
-0.072099454051849	0.567598006192826	84
0.117298202386075	0.309301151064402	288
-0.117505785143548	0.707861857338317	288
-0.00847272566215995	0.905975943046515	288
0.124181844489366	0.430485838339783	639
0.111340105630526	0.847510199163221	639
0.103273323573268	0.813483672320467	639
0.088400137201278	0.837792042447508	639
0.021004183075682	0.383081533504038	394
0.079420754053751	0.250493642358332	143
0.033901614250328	0.209068299172667	1318
0.07249797042751	0.260756955689566	356
0.062091810768775	0.679914908718347	356
0.110756380955454	0.658058165171607	19
-0.018301773733053	0.817688556590156	19
0.054452024190236	0.614469163471025	19
0.123957390339355	0.393607676408689	19
0.00181781672957299	0.34954683851991	19
0.086491960590803	0.527176264589387	19
-0.044925651782747	0.594646669962965	19
-0.078963614002717	0.228301508749056	19
0.103367485671149	0.114346150555686	944
0.02915567176942	0.203124380503403	944
-0.053104049264058	0.45855151490185	399
0.120282522340096	0.865867834252663	676
0.068740395388278	0.963429256900085	63
-0.082419655495353	0.233193131416827	1973
0.111524093467418	0.315683871535032	394
-0.070895282659296	0.380888208611605	761
-0.066810453803713	0.308781182167819	89
0.00566156223411302	0.285093861088328	89
0.10217679832386	0.116825787057107	89
-0.080875684753414	1.02692844823364	89
0.101203242032423	0.658143846573993	356
0.019069839073669	0.8767093675165	356
0.058206080229104	0.675010182438183	356
-0.03716677828319	1.16179588767747	19
0.084960477040419	0.735289711784667	19
-0.08533107662031	0.894763053883323	19
-0.039131491426417	1.13061824468704	19
0.110670017781289	0.38320158175351	19
-0.068801115459698	0.380582561823847	19
-0.037247125036024	0.425619879610945	12
-0.055162792581141	0.934373576006706	12
-0.103031854025225	0.466852211241876	353
0.047879597922334	0.57689415891073	84
-0.049004801844442	0.416583513546247	288
0.122968896492325	0.29405392655283	288
0.030147094136511	1.11961251511366	676
-0.030632451507102	1.11626115587616	639
-0.00166091110626598	1.08806983440553	639
-0.080277868342256	0.22934105361967	1973
-0.08410695671052	0.22506751030984	1973
0.102399525798718	0.117299474519056	1973
0.00309734709804399	0.349498906315041	394
-0.067886595500552	0.312890649217555	761
-0.062450980171436	0.305108863606505	641
0.0999512188193	0.114575498016231	89
-0.00668665812452296	0.481947400853928	89
0.083950743259673	0.361695315924667	89
0.037696326948433	0.205971227736404	89
-0.092490955615559	1.34804090946684	89
-0.100056350238704	1.31705294083559	89
0.016081306126713	0.794063418293999	89
-0.0193583173030431	0.764504460901631	356
0.027258648349877	0.588527377199767	397
-0.047492999604509	0.357026375988478	352
0.026245100897638	0.873844724462257	84
0.115669482603555	0.183848118692394	84
0.108576660855418	0.355838397185903	972
-0.04211493894703	0.80213042517998	1353
0.02234398468302	0.861346916578746	676
0.03832282113198	0.590277747097367	676
0.01360176184467	0.500349881725114	639
0.00281637094946602	0.600469863710943	639
0.038392719550142	0.407062114969734	1973
-0.089647857583541	0.439368143403546	1973
0.10217679832386	0.116825787057107	1973
-0.065781372598803	0.299221125422089	761
-0.100783526240613	0.467395133623994	761
0.027107809127208	0.69272625400085	89
0.109679204291024	0.709457658191345	89
0.051135020759467	0.901696160649066	89
0.100657959318234	0.88859747731045	89
0.091540107043738	0.670843514652534	356
0.102558292160871	0.668955815644323	12
0.086274776831081	0.734555970920876	12
0.058598818379656	0.719638339488808	12
0.042081242929382	0.871325962731178	12
0.00975836337934899	0.793017643874811	19
-0.018059156677496	0.598895825002191	19
0.031648736583213	0.422890427813138	12
0.04411582113156	0.502432838188521	397
0.041893165090875	0.198188414107665	352
-0.0108932727894731	0.491633120858168	84
-0.032877757229918	0.587804551830553	1353
-0.118674739145692	1.65601349486528	639
-0.091283946019593	1.58629300363842	639
-0.09080419064067	1.78432707183242	639
0.037696326948433	0.205971227736404	1973
0.065802069579434	0.361237924548708	394
0.031767525020457	0.202423308733568	112
0.102399525798718	0.117299474519056	89
0.115109464474065	0.378652597987962	223
-0.079508208847667	1.13923268556761	89
0.092741752018879	0.950681913609689	26
0.052905765218067	0.956930151197713	356
0.104639993246634	0.711414762606326	19
-0.01486296223656	0.595565378341884	12
-0.093625079789691	0.449753428049609	12
0.096051021947323	0.118449944332367	357
0.025101957372988	0.414777530693059	357
0.027124761214649	0.203988851961734	12
-0.0276565051191739	1.08931537343014	397
0.093614735605957	1.51854060987889	84
-0.076474229666096	1.26387079821547	84
-0.028668225706564	0.794332747806429	84
0.099640726544057	0.778185387009365	84
-0.0383763700826461	0.421877318187597	84
0.068277096760614	0.424739884679798	288
0.030735403496939	0.420682231996595	84
-0.010981880188758	1.02391241774551	288
0.00265790290367102	1.17813138495568	676
-0.012645608977916	1.35044576448597	639
-0.0911920116245279	1.73929433375545	639
-0.069020071107363	0.306668156308283	394
-0.119157854179428	0.61911607823089	394
-0.122752382256025	0.390512554883209	112
0.10608456407206	0.11554947952902	223
0.121387279916156	0.242842485001646	89
0.08345555291122	0.931764556287329	89
0.08057440792726	1.01495246229104	26
0.00780097866630702	1.03480900719227	356
0.098891639403567	0.490745027991395	19
-0.00106126840535403	0.792782303798778	19
0.087718318363876	0.741985220458038	19
0.057619263012008	0.554305709416276	12
-0.033259386531564	0.543810009489933	12
-0.092019417710219	0.738842503754247	19
0.055516716289566	0.594397715129319	19
0.033534500855147	0.500751345170934	19
0.038694232292148	0.205296640432502	357
-0.083094897402193	0.231836292411909	12
0.014654747202787	0.333529887542829	12
-0.018839739824752	0.993966815119338	12
-0.076047570854679	1.06568299882347	353
-0.00877992826031104	0.43634723885264	353
-0.083551727938351	0.234432692564786	353
-0.00760390847696701	2.18722514257368	84
-0.00660438525975604	1.71760098822996	84
0.059734943591076	1.94657398393688	84
0.062749240595277	1.92564003948628	84
0.065446196353221	1.95509214604803	84
0.034597495134416	0.844470967130001	84
0.051148977142416	0.911833576892052	1353
0.065980712555849	1.23934543220563	1353
0.110631562394657	0.59118488802501	676
-0.025152133012513	0.894473931131784	63
-0.000804197186475952	0.800280274505548	63
-0.021620365476585	0.836751982162216	63
0.096920974747627	0.480142019372627	394
-0.00347042857515001	0.530425909769685	112
0.041554315702359	0.443975016434318	112
0.105902716368976	0.759388729683034	89
0.069693623319103	0.883576128056782	89
0.112512412028488	0.810270975790596	12
-0.00934406912704	0.711685493813924	19
0.00658197654094001	0.647663055391848	19
0.102701794848823	0.468357055614815	19
-0.080305555169542	1.13908328464525	12
-0.047506613963033	0.535263354405431	357
-0.017205768038323	0.635713305486258	357
-0.059291877118634	0.840629467779557	357
0.078104609108488	0.324124752599204	352
0.016169364263981	1.9967653242676	84
0.05882273652832	0.592569535830813	84
0.100474359398542	0.420580863544648	288
0.082093517752663	0.406599668644627	288
0.109266787024415	0.857170816688308	1353
-0.082832676739521	1.19387948295573	639
0.042119599451523	1.11103682729134	639
0.012310793050412	0.640582866156083	639
0.108831859646969	0.358873073836768	143
0.021331581152613	0.421801270970452	112
-0.06874833032533	0.376591438115357	223
0.060794445780883	0.634377222909154	89
-0.046181718854918	1.15505162849522	89
0.071471616688381	0.746690216800593	12
-0.011476547927336	0.921274471550131	12
0.078222992632814	0.648086134294452	12
0.065316822572842	0.60699624828105	19
0.034598723367837	0.674956770508634	12
-0.110860477550475	1.04764743141082	19
-0.077475791356675	0.910894496690144	19
0.039737780193448	0.437387189896748	357
-0.103557601317553	1.22086871938617	12
-0.022163451608983	2.03077693652879	84
-0.014479480709231	2.09647358408762	84
0.105084808893594	0.545811856319551	84
-0.060254815057174	0.72863966151649	84
-0.080804850255763	1.11582754531449	84
0.095193746667365	0.851878005490537	84
0.107844934665865	0.631179242555574	676
0.026763855822327	0.723349634745407	394
-0.051111717647508	0.846130358289516	394
0.113587935609381	0.29157481364898	112
0.102834876793999	0.327258969519563	223
0.060824696671591	0.304644088292509	223
-0.00741832066856896	0.663819384390892	89
-0.092575009656257	1.26111517601062	89
-0.014397015390531	0.91454459822268	89
0.023855413930848	0.788723700607087	12
0.042553076642324	0.639427893502896	12
-0.00204013475744202	0.865276348327737	12
0.103962166298896	1.6776697552463	84
0.03983675224358	1.622470578382	84
0.103896953133303	0.834488406933716	84
0.054559682498245	0.924618335822014	84
0.080231216299323	0.427496588734713	84
0.059661445938599	0.86727487202444	676
-0.107444219648374	1.22278619232898	676
-0.076573940221825	1.08342322562365	639
0.087025267623533	0.797343365621173	639
0.105404421075907	0.401286479146128	394
0.123463653435462	0.344535079642975	89
-0.055751374464291	1.15996903091264	89
0.065847105234362	0.726176596341966	89
0.100062566939141	0.598398621192071	12
0.047092770816596	0.62148921826106	12
0.124503362264511	0.557126479946059	12
-0.058555628143126	0.596639996583693	12
0.019743110503931	0.643666679113028	1914
0.067701330532037	0.695211466565134	12
0.014881909797518	0.892401859030377	12
-0.025931582564774	0.895426024127879	12
0.101814692035044	0.326018806072916	352
-0.006218044024901	1.25885946880713	84
0.072856131813219	0.846073688738087	84
0.072444117919902	0.773957918680449	399
0.01826322769412	1.06565141105713	84
-0.110277697445138	1.35631354781249	84
0.03964757240399	0.602898960312174	84
0.116730825850621	0.446530261829582	84
0.056326202786476	0.986426539773502	288
0.067862656466643	0.878348997761295	676
0.092026364454865	0.585136957588737	639
0.033060061527846	0.801318313742824	639
-0.039928152834486	0.647489234971345	639
0.016985568181454	0.509106755082956	394
0.121232659199439	0.182156725762376	112
0.080776489623597	0.259888038809295	112
-0.1049172000556	0.888797322988146	89
-0.023804644960408	1.11777987190618	89
0.050102815194652	0.822270736505736	89
-0.012894643653507	0.710162844614356	89
0.101630490172427	0.747886686712778	89
-0.025659353844329	1.20227037046736	89
0.051330804410671	0.843394349945451	89
0.060205176033779	0.782093108261681	12
-0.104091944414414	1.23170036114468	12
-0.057195064178878	1.03056333354475	12
0.070455847085244	0.536880827290806	12
0.016431504550083	0.591824854466263	1914
0.039418024308741	0.437609011482344	1914
-0.027140381913374	0.53222390758342	12
-0.108088629643557	0.473703140364461	357
0.023499346205459	0.379832976801786	357
-0.015103037455594	0.916335253635831	12
0.121622796622369	0.579013465416153	352
-0.098180629660949	0.452726786632329	352
0.120789749773793	1.38170604650141	84
0.084467080016921	0.981043367438224	84
0.045670644209494	1.2701663383547	84
-0.08305351585225	0.857757878027224	399
0.062888460991104	0.999582804349885	84
-0.016327959843308	0.56588050156332	84
-0.108082644852781	0.559310820097887	84
0.026112885979771	0.735257708068531	84
0.014235452977148	1.02023677885364	288
0.115151946821337	0.726193971001121	676
0.092987010253544	0.432462536537511	639
-0.103290920150079	1.54506148497194	639
0.045411699118627	1.01862883602117	639
-0.120377448316921	1.52514848349073	639
-0.063289285356983	0.294732962429714	436
-0.060307758645304	0.298382078195019	112
0.115978111624029	0.180115645816138	89
0.114901829100584	0.24037943659271	89
0.038695362627431	0.836660316117035	89
-0.058213031094733	0.752545505441221	26
-0.08721841947487	0.551159252302441	89
0.113603296454574	0.524199213234212	12
0.101542620962163	0.553463846950087	12
-0.010873124647781	0.834522509281075	12
0.117107833414757	0.602587341209071	12
-0.063417203850787	0.309214629365354	203
0.112453466995196	0.352017069979163	357
0.00980887678164	0.288149721009537	357
-0.080786072517592	0.908106732267399	352
0.039724965256005	0.205461219600654	352
0.072486309033149	1.58930851791254	84
0.019459233830221	0.786938819383208	84
-0.093187180296492	0.555927620019601	84
0.046103263062958	0.50770033673562	1353
0.010503579643042	0.595996953272742	1353
0.087733768473361	0.88596625707658	676
0.122263185191055	0.852699480485973	639
-0.088075513848056	0.232243373946371	112
0.032958953020023	0.208756082175896	223
0.077387062458754	0.332298289997359	89
-0.00344682294905696	1.06982436947518	89
0.067062926036286	0.895381259444894	89
0.03624708594178	0.950427124719156	89
-0.061655226021499	0.642070978926389	12
0.035306970988103	0.908504452485452	12
-0.00233188986357602	0.987141092476586	19
-0.050011125658079	0.743063816846466	12
0.093424342291637	0.404210459530658	12
0.094856471977352	0.12045190662312	203
0.038497819001063	0.203789734806858	357
0.014026843232804	0.647467080542994	357
-0.124847544668635	1.11298532344521	357
-0.085239071808441	0.229770400058195	352
0.076546532652395	0.265512944430924	352
-0.00386581290547605	0.972784732922355	84
0.066593972693296	0.588395293707237	13
0.062225002320338	0.458951492028367	84
-0.043442658673467	1.34071355843458	639
-0.038660985216712	1.37934160510777	639
0.111184638434095	0.184316954965133	453
0.11593913826547	0.289461625315125	2
-0.065577069415154	0.578482999855519	2
0.00642301611337898	0.279535744207984	436
0.098757177964529	0.116440378601163	313
-0.076323552139275	0.230844812868895	89
-0.00650845963099	0.708030773843482	89
0.036378958279492	0.205083287416375	89
-0.00194416786732998	0.823817215320775	89
-0.084652124843009	1.33405312152197	89
0.101843002279199	0.501515580470378	89
-0.111993739784317	0.619639185614133	89
0.119044341633369	0.575104969872955	89
0.070475368192053	0.914324273322542	89
-0.056434206506468	0.60386734086858	12
0.00829721765318198	0.351997433851148	12
0.00273095080800101	1.04664444822362	12
0.066480471247558	0.751637146584847	12
0.07793873792493	0.368547960611653	503
0.100527116174396	0.453246461617728	503
0.00596574044759202	0.684884506218361	503
-0.013186924629889	0.453096041636027	503
0.034045856942226	0.206934708744699	203
-0.061315000352671	0.876513750193217	352
0.032426941162392	0.414541712212383	84
0.076604550311034	0.95165818827527	1353
0.093714406952416	0.564366614647033	639
-0.0662727109583831	0.380468778599708	2
-0.069150615590162	0.310687471383269	313
-0.098217929440406	0.219466291014136	89
-0.083849723092899	1.14724295618019	89
-0.039182044800964	0.50944743766591	89
0.00229839516250702	1.21294005288134	89
0.091996159577286	0.910543698536668	89
0.012510503926347	0.939255013234964	12
0.016438188498323	0.767305026371298	12
-0.073784068599636	0.993788680655579	12
0.10118607823462	0.50454381141769	12
-0.08515067416544	0.710767813478853	503
0.124557614261843	0.469814931924529	503
-0.086184619732495	0.236123322786976	203
0.033992502949486	0.771037128498453	352
0.121223688509349	0.569653183897125	352
-0.065189700000886	0.566199112905636	352
0.043298114051253	0.20347675525194	352
0.031904021286264	0.486486390220471	352
-0.082255216196119	0.535119958521477	84
0.059773535215481	0.942445057197247	639
0.061641268070486	0.322532612406679	639
-0.034281244997129	0.428156349580238	2
-0.108756975269925	0.453784950139612	2
0.039583430306176	0.204237090917593	2
0.050232870012531	0.354230356753132	2
-0.08122500793231	0.235766624368238	2
0.083929195527567	0.608892943249085	89
0.020708829938535	0.850751999680604	89
0.072699851625567	0.94185842778933	89
-0.00343929486015404	1.05640700039777	12
0.090708463061793	0.63524622311502	12
0.115279743937665	0.278424245417248	12
0.100403477035577	0.453927887960479	12
-0.018940362632782	0.833539894622155	503
0.102399525798718	0.117299474519056	12
0.116561435184332	0.183887593139635	12
-0.057611869674041	1.01856284720993	352
-0.09064422007916	0.630776268091213	352
-0.088897166812607	0.540759497406496	352
0.016380379319214	0.275419905166199	352
0.065092853108448	0.395578961212554	84
0.012519465491556	0.483207918725803	84
0.077740066067812	0.768423795672339	1353
0.095076034835172	0.552096417481073	1353
-0.000593621291712032	1.20296682813021	288
0.123381600893004	0.740414108750351	63
0.017285892174268	0.521907113022486	639
0.060404549562156	0.882720898612946	639
0.12266798205453	0.776202970816329	639
-0.059017652191113	0.307219097215709	2
0.099049026225973	0.117973999074777	740
0.00404254947066701	0.349074736160084	89
0.101958115646156	0.663507930174617	12
0.084003653831944	0.710016489957447	12
0.058334856141037	0.54870435794783	503
0.098757177964529	0.116440378601163	203
0.016584036532104	0.635091369781065	352
-0.10073012192612	0.90323313037798	352
0.093810200395437	0.395578255801663	352
0.022307265451576	0.389041205508956	84
-0.040602487863907	1.11362249885296	84
0.102697483984022	0.85658413537074	288
0.010607945391462	1.00325332793693	676
0.014515617824646	0.624741393848086	639
-0.090863500829716	0.940979991269138	639
0.098139276475856	0.810155358279137	639
-0.057825367171625	0.375986663846653	639
0.024869952910195	0.378051924126301	2
0.102399525798718	0.117299474519056	313
0.031726236428579	0.207803441974487	313
0.087667780432723	0.781704354628227	89
-0.04272702668034	1.17461888079368	89
0.116176145148397	0.383307203002128	447
-0.087368072290162	0.815541651889367	89
0.06204443312994	0.870321699809938	89
0.034657946113749	0.746077545359637	12
-0.0512453540271131	0.957291210854849	518
0.089026072668473	0.649296205253624	518
0.072045646465379	0.781373569851905	12
0.00656761136747602	0.754680816408942	12
-0.078175425187516	0.976177486650072	12
0.006117662961242	0.355055168760127	12
0.012010738977954	0.714634047951068	352
0.00506478098472102	0.884792996738722	352
-0.089209484557127	0.233455181887783	352
0.084911063983275	0.6274637850688	1353
0.072611592476556	0.808221335840104	639
0.106048184869245	0.449246466092181	2
-0.114364396091926	0.460253135110121	2
0.020710925075041	0.604972216296312	89
-0.020930864701778	1.13173194731188	89
-0.033035296748784	1.02908538106443	89
-0.114374829050045	1.5187677778509	89
-0.123919435263643	1.22296004162283	89
0.112097994548849	0.544512495498318	518
0.108354052191254	0.664411401136395	518
0.115787129986926	0.405490874082359	518
0.07072584255735	0.41770103300075	503
-0.067667857786323	0.724085056373584	503
0.009318754868125	0.681169513644673	503
-0.100427871301476	0.768608870812285	503
0.070334194960326	0.264975919643763	203
-0.0100706101213049	1.19800846451209	352
0.100085749080115	0.360176052899565	352
-0.0231539711279251	1.04557015801049	639
0.094885217735902	0.788397472582756	453
0.051494211263877	0.904980462413571	2
0.105382174270344	0.450352465846092	313
-0.00581138923347901	0.54945511897719	740
-0.043600248789542	0.576434485110254	740
-0.00336961806528802	0.576631419042964	740
0.10553576672038	0.947521853871012	89
0.124275280127513	0.729806011091172	1083
0.040293885983869	0.678737965760225	518
0.095005338095514	0.50722761360876	503
-0.066595881641354	0.796370206167203	503
0.115538013996276	0.412633957132888	503
-0.043260456578507	0.735496455670149	503
0.111378538026023	0.678118298538842	503
0.033657988476754	0.609522525627494	12
0.087587249147471	0.705998106568623	352
0.093095456500194	0.538731014597122	178
-0.038371724196787	1.28794313277463	1353
0.011355653314218	0.809893332504053	1353
-0.104852018147057	1.1561934147958	676
0.0125618364207	0.506453911589885	639
0.068520458992096	0.837719477983857	453
-0.035201263406866	1.07147000331979	2
0.12183158121475	0.765177401314162	1083
0.101005672517928	0.397121754654127	89
-0.043398062091783	0.517074653120881	518
-0.032283921582284	0.53725136298111	518
0.10871114639184	0.295915322785373	518
-0.021565671466846	0.391938751624322	518
0.115243965458445	0.692289727598435	12
0.104337810659217	0.387717754314428	12
0.038879013525899	0.482885573897755	503
-0.0225273985698921	0.8062483837288	503
0.121978607087625	0.625860751019213	503
0.06667595413219	0.563929723701499	352
-0.124175374042776	0.936795429559803	352
-0.013817649815576	0.553767973812497	352
-0.054727207091908	0.654865244477065	178
0.033403415922163	0.488524974922439	178
-0.087690397320531	0.707379721929216	1353
0.108905893164888	0.290328533293414	639
-0.0880098400206391	1.31917289445716	2
0.084716792326442	0.70349309720705	261
-0.094946135818096	0.441595837087092	1083
0.00131521177379201	1.0552506045757	1083
-0.040974254030566	1.00122590815631	1083
-0.053546689688562	0.364640077752055	89
-0.067191742187187	0.493829161854785	89
0.101956765065979	0.97932201713723	89
0.086616287408026	1.05526326623737	89
0.089652402874439	0.608557279070109	89
-0.072402403714235	0.306177032534299	12
0.0690757318597	0.717926614583417	503
0.076842734541244	0.505163898903532	503
-0.021829109490053	0.972244209970553	12
-0.106587937119236	1.21323507055331	1353
0.11110066182326	0.446519041399368	676
0.00579200080345699	0.613717306345172	178
-0.026021975434664	0.557168109462991	676
0.049032704738579	0.568912593528328	63
0.081683444066976	0.981851924168776	2
0.104416890983056	0.470696906532537	313
0.11283874637904	0.573458890353457	313
0.101880829492026	0.646884703046496	89
-0.041973270067869	0.799660150165075	1083
0.115604440013189	0.816347647852415	447
0.038879722940315	1.10668312209384	89
0.094080950355905	0.727175345781595	89
-0.110080680533479	0.600587007674562	12
-0.047844244720166	0.632009815743665	622
0.040649387505289	0.643907476347166	503
-0.023511904213671	0.773809339311679	503
-0.113143447735576	0.728876078993451	12
0.026187965052515	0.902507011790297	352
-0.071917167552923	1.1104251432123	352
0.036937606464778	0.821184136603685	674
-0.089040315160881	1.71947390509796	674
0.013790516286386	0.666703527024815	178
-0.110123581240715	0.812250235112326	178
-0.108791769756791	0.603289328883546	676
0.062871660365441	0.323002776317477	676
-0.088857889444334	0.548300133300543	274
-0.052254083564762	0.515320661958861	63
-0.093636385189525	1.58990443600035	183
-0.022986167006092	1.06508573381033	2
-0.0672891777047701	0.88150241963063	261
-0.022710738393663	1.15353819330379	89
0.066451089081762	0.803155597474571	89
0.013754566654195	0.668660816874118	447
-0.042629981559329	0.962290319783878	1083
-0.073195117369944	0.502980335706899	447
-0.035001386411766	0.958564630518618	12
-0.077768408518489	0.869018854542933	674
0.071275137071952	0.301466773241641	12
0.071740004224482	0.506212474450226	503
-0.01886024113768	0.716206879963769	2015
0.044525808284245	0.859704377349172	621
0.022355397845204	0.831908230495852	12
0.00148111625167902	0.677935157081848	352
-0.087864236947414	1.07993776864301	352
0.118119161926572	0.406184361845725	1353
-0.041520038290538	1.36628016651169	1353
0.116464098564912	0.286129940212626	178
0.095474311617792	0.391536323256493	63
0.075591890155826	0.266614749395459	183
-0.106400885514377	0.59793119567781	63
0.026673723575704	0.887998022936977	2
0.124354041515009	0.560289184805484	313
0.1132167055613	0.552767390886556	447
0.063386388813412	0.791262724670246	89
-0.097188038814751	0.991115638516571	89
0.027163281654061	1.11223803597312	89
0.025877598476256	0.411269705912165	89
0.010338476800478	0.349093603947551	518
-0.060255784612993	0.272045608554907	12
-0.064567455355128	0.796909728527434	674
-0.123823250553187	0.520369043396545	674
0.089575373715182	0.531518554299658	674
0.084493863024556	0.244524607591049	12
0.05381901015916	0.69439197212683	503
0.070983650506678	0.637988116699934	674
0.018545212856238	1.06016626614956	674
0.096725708256549	0.629824919970732	352
0.010540542263757	1.11590048171539	674
-0.031580641906962	1.09080505605025	674
0.043740356531212	1.0317658837959	674
-0.105628708277228	0.805273521249805	178
0.069458665489611	0.424552151465588	178
-0.055690824176884	1.21785034475272	1353
0.104962459203805	0.873530141154364	1353
0.075043446493975	0.37570687597495	676
0.120280732528526	0.282659354282163	676
0.11398563911304	0.293074862086331	676
-0.104363931634914	1.18024357150308	63
-0.079080975942913	0.302005231765326	183
-0.107403513650087	0.468178596411391	63
0.060603461186212	1.31169261144406	183
0.063385168689327	0.873182654948624	183
-0.041105786696721	0.699774680619795	261
0.075706843029364	0.913805211886121	89
-0.057357892518098	0.387654085355956	89
0.074387958249718	0.299997685480422	447
-0.050738441174914	1.09176091445847	89
-0.038570933120465	1.33844153077903	89
0.11956979640204	0.171526474194043	89
0.062277309028704	0.507636775093023	89
0.00651819530388098	0.284494366051738	518
0.115669482603555	0.183848118692394	518
-0.075194423181989	0.225472411528517	518
0.036974132605098	0.451978932216548	518
-0.077994610245859	0.299521119478188	12
0.031767525020457	0.202423308733568	674
0.031646421937501	0.536370881683979	674
0.089312583840373	0.617193629011281	503
0.102836018490313	0.873291215006185	621
0.078870097329808	0.78213185583331	674
-0.102511708090166	0.889068561534888	12
0.017080221904798	1.17249772334156	674
0.030269681444148	1.21702955653418	99
0.078809392892613	0.494107603954466	178
-0.087130100884153	0.237118284594784	178
-0.0643609961455181	0.304766926988457	178
0.113536959528766	0.282673140299448	183
0.094261391282416	0.745957303664052	183
-0.040570000845288	1.60391845357403	183
-0.016088038066666	1.45499423833647	183
-0.098183136178813	1.67396871167222	183
0.120034273178773	0.506805240205216	453
-0.0248069114146789	1.12385549867065	2
0.031939479216512	0.451110965044172	261
0.10815439463152	0.960861514396598	261
-0.0524087597302551	0.866967616460452	89
0.114404529871603	0.68851687838602	89
0.121118274888349	0.732665635728612	89
-0.081961857018375	0.229947862004473	447
-0.034157023892494	0.678379194256062	89
0.124400874316966	0.478334560379943	503
-0.083254520056378	1.18620367867182	503
0.052509955582971	0.69761905637402	503
-0.067405842433806	1.49131164719867	674
0.121574965094055	0.903143010693837	674
-0.00348593682317999	1.40668630031748	674
0.002136505525559	1.00335479823638	250
-0.044807762066876	1.74566972599393	99
0.116230652667775	1.69505689032307	99
0.114953505608946	1.26541468337692	99
-0.098104177260951	1.70613655292734	1353
0.06487356615061	0.258698565431279	178
0.0726033545498	0.641956760201833	183
0.109566818568136	0.354782320925832	183
-0.056861626317028	1.41251201010087	183
-0.05698951096363	1.17935914326005	2
-0.037584323076586	0.726221380369665	261
0.108703680860177	0.841905283862256	261
-0.118523725619189	1.79534627184391	261
0.124235462052248	0.498245395811422	89
0.122506221930885	0.5115164719595	89
-0.00121059519502997	0.965848343089077	89
0.113817511530569	0.714661044782593	89
-0.046483258512119	0.799242998005381	89
0.067623273445521	0.262815054765786	674
0.00209850740219403	0.981785476685426	503
-0.08384101986217	1.17500496328174	621
-0.059414320177829	1.24795094360677	674
0.102437016820503	0.801099161603239	674
-0.046317080238873	1.14171236338558	674
0.115243251613254	0.740181274326214	674
0.098383523877073	0.886745680049013	674
0.037976044464211	2.37996422930855	99
-0.025539128978868	1.94833753483877	99
-0.102884949075932	2.2312523756445	99
-0.00781229949197504	1.72611626525271	99
0.043885280792001	2.21074895595403	99
0.078188143470249	1.6488271200844	99
-0.05565772716845	2.1503050354509	99
0.032433193410433	2.01671945399953	99
0.111959874410823	0.471355218140154	178
0.12016777282194	0.73142382083074	1353
-0.045020998975089	1.70770976407892	1353
0.106843457979908	0.515656728465059	178
0.121040287906815	0.648547763256533	178
0.051625366185882	0.321030915855647	676
0.121378429183402	0.247389672253102	178
0.039595582180026	0.454362867349057	183
0.064371768440949	0.767913453825403	2
-0.00468070527505404	0.61994915818377	89
-0.027898674749944	0.985916102580069	89
0.025262094841961	1.09885283048234	89
-0.104268374028088	0.471399679930933	89
0.00529845302097198	1.04901830694239	89
-0.122101903582379	0.50838818442589	89
0.121378429183402	0.247389672253102	89
-0.0285145130512861	0.417964667828187	518
0.00586662715983899	0.391376836844495	503
0.00743007684230002	0.758790545290297	503
0.116772647157498	0.43333565945973	674
0.00869222755743598	0.76649347615718	503
-0.024871488766649	0.541803975636921	621
-0.023944013183546	0.7235342106893	12
-0.11415862069199	1.21878045625549	674
0.059673240032076	2.22839217353655	99
0.056663821810725	2.24625089798912	99
-0.00741885836853595	1.52711990688419	99
0.091876815037936	1.50769753186848	99
0.085277958494005	0.884502728664291	178
0.037232773658996	0.626827988708667	183
0.054694627916182	0.48204984117266	183
0.096080968902346	0.766113100931274	183
0.110828626872126	0.513990784537341	2
0.117745417814732	0.574127779922411	2
0.076129750440873	0.490495748337473	89
0.100747442162434	0.46778158471429	89
0.033785821475697	0.794201757642682	89
0.098161899558271	0.708764835310503	89
0.092494331462224	0.396864385519532	518
-0.092946782848561	0.560196169842797	518
-0.110648744270521	1.15646526654853	674
0.103767994384557	0.447256409677841	674
0.016031146030108	0.273123572470332	12
0.076868946580636	0.338430083633307	12
0.102040938775974	0.471371131082331	674
0.104443717444705	0.616360287701053	674
0.018459694328227	1.03282789131012	99
-0.110587284552177	0.784239605918794	2
0.061218047537188	0.60294062743483	2
-0.070640374596887	0.634462681466384	2
0.07117446131827	0.351224716672978	2
0.068548461607211	0.26872393508895	2
0.014376576747245	0.375252657619142	261
0.123175549128707	0.652274722583716	261
0.081471331177581	0.6715746463829	89
0.117786850964877	0.608855089151816	89
0.016010287408691	1.05818108916713	89
0.111350699395694	0.683358751908276	89
-0.060459462185972	1.07322772127691	89
-0.015901375833558	0.785485120723975	621
0.06600561833151	0.848341958462726	12
-0.12498288066686	1.04254237944777	12
0.068167540543677	0.264234744950355	12
0.010410890962401	0.734913591256543	674
0.001110341922961	1.05945511869326	674
-0.0144587794191861	1.08935010273869	674
0.039407232665278	0.568863282530129	674
0.00651819530388098	0.284494366051738	123
-0.01373113667549	1.59971401419583	178
0.021155849203041	1.33021231568836	178
0.0413827865637	0.894195633131828	183
-0.042244290477674	0.588488428834607	183
0.104428680548431	0.442239793613734	2
0.016791850947427	0.386102013765959	2
-0.117656801407891	0.761614640937635	2
0.00644918925829902	0.985132393476976	89
0.031652154788529	0.782560457287793	449
0.00361494873132701	0.669355843468683	674
0.069404718979592	0.542299820734885	674
0.110553219170038	0.491964941871556	674
-0.017912015714259	0.681951335332134	674
-0.046557296469761	0.666036342383117	674
0.108975356047505	0.501192143279338	621
0.084115953206442	0.499311348631681	621
-0.0556413762664471	0.46537864048469	674
0.033130187800636	0.784581059067529	674
0.124378189553163	1.59017296525765	99
-0.0368402687453691	2.48175168821823	99
0.049908564659245	1.02122169198014	99
0.118698115517368	0.989345907839255	178
0.019107850213207	1.04095437656958	178
0.122770946457229	0.679084280790711	178
0.060237034162078	0.911519667078202	183
0.020062124930272	0.905715564092566	183
-0.026507981098927	0.449461829267794	116
-0.07752223744272	0.215572672660398	2
-0.067232011621979	0.636959109620067	2
0.119271802457944	0.186832344454868	2
0.123373985891662	0.18069735891801	261
-0.07342733008509	0.730182782056176	89
-0.092251840455763	0.63654731977227	89
0.118768768446801	0.699337920504928	89
0.03737822115878	0.819596379672089	89
0.110182464868371	0.557062294614606	449
0.092937113544753	0.609838723270364	674
0.074928116547394	0.5724860673401	674
-0.01790113941077	0.701797161006171	621
0.014590809841522	0.665492098743403	12
0.036974132605098	0.451978932216548	12
0.00250031616841301	0.285069856125307	674
-0.075294413020371	0.499200962646014	674
0.00188145428032899	0.335780935112342	123
0.062235323197873	0.889531971826345	99
-0.039026451827763	1.60958182352064	99
0.05964798678084	0.876885038153823	178
0.018292558373776	0.27069025787764	2
-0.050492529702573	1.0033011836724	89
0.101368358277522	0.36504642798306	89
-0.005047867230356	0.87526076673187	732
-0.033602437952273	0.989928045649243	732
-0.00764881184806798	0.88705660140503	89
0.010410890962401	0.734913591256543	89
0.095220163902501	0.577130486451538	449
0.003234273417275	0.608735423950177	449
-0.072195167088747	0.735533300547095	674
0.10298674798514	0.398374453157419	621
-0.00263427742409605	0.717600316789918	621
0.038639775260826	0.206266317114601	674
-0.086936516790749	0.976735502131934	674
-0.111939102550236	1.15181987849618	674
-0.045551123906863	0.512701707923748	123
0.108553454840308	1.13815722783044	178
-0.030345890911582	1.3010907315493	183
-0.0100931644972579	0.615993751227331	89
0.026995527160769	1.06716912430703	89
-0.075967480056914	0.806145336091143	674
0.053674691172704	0.711788597894439	674
0.124079537917785	0.413357266868344	553
-0.018001067125197	0.604461658913691	674
0.056622942811739	0.590888980856626	621
-0.010389978825877	0.440013525390872	674
0.109787462804265	0.614801796148193	674
0.114632135468278	0.70593328128481	674
0.080055580453407	0.828449555967331	674
0.060075183661833	1.558075134901	99
-0.045152474441065	1.74116018071411	178
0.10412011191352	0.699872477624682	178
0.016028372279199	1.3280034074318	178
-0.076391129924383	1.01693740912388	178
0.051241662145203	0.641306086442879	183
0.02708361040375	0.675703068897138	183
-0.040359097257865	0.431429784664524	2
0.00455226525065799	0.462474068720197	2
0.034789846047228	0.475869754603008	2
-0.00110230534904399	0.422180761542321	2
0.00554275582446101	0.286711803244251	261
-0.056993248813772	0.301877202953243	261
0.024806623250434	0.785636613183113	261
0.084980073119817	0.543778341707264	261
0.026691092057051	0.762519884097696	154
0.11114068229328	0.490901803999434	89
0.122395449140343	0.478907969012334	89
0.119524387205614	0.466551643248655	674
-0.00923246777228304	0.699623407463612	621
0.033107243072062	0.626519851244065	621
-0.00808607700634201	0.564442496919696	621
0.065016990676513	0.849915929239264	674
0.00182688663172897	2.38607230198214	99
0.104460797230196	1.31485623248243	99
0.058541710499698	0.796798500575312	178
0.082255710094072	0.649049276867224	178
-0.036525968661858	0.810524427520528	183
-0.104682112455343	1.01832753406121	183
-0.071391163430211	1.2181975022463	812
0.114525714471327	0.536678355099496	2
-0.026684129646137	0.758501508725312	2
-0.000405755639653949	0.480859225726617	2
0.076214901535749	0.342706873082021	2
-0.06231771946695	0.55849752403053	2
-0.0998391712033539	0.465790783159346	261
0.025961049196231	0.499117729698467	261
0.036797676542979	0.711787092240365	261
0.043260928166032	0.500508724887243	89
0.124199260902956	0.398816008356119	449
-0.055054717828259	0.7695806718032	449
-0.029464791100921	0.672053473760024	674
0.013092871562361	0.499421073919902	621
-0.00171916766418501	0.529293002177201	621
-0.049708929460222	0.884483417976376	621
-0.070817138952657	0.584554005540259	674
0.038607164152453	0.405683471310838	674
0.073864627759414	0.261764881769082	674
0.100186820630153	1.23411422006501	178
0.123534886087173	0.854853006390621	178
0.040911880629362	0.76258285398758	183
-0.071157080022027	0.381149107031336	812
0.023615662031931	0.272667310083662	2
-0.103770425139678	0.438019971438415	261
0.120309774440989	0.54947024830013	89
0.000763246637663972	0.655370673211012	89
0.117071822772701	0.506973202965757	674
-0.099345171148957	0.871709726620339	674
0.073786784339479	0.475573573640295	674
0.114402049851208	0.278634971155357	674
-0.057429488904557	1.04992590425704	674
0.081317203155428	0.704013817611844	674
0.065437256198217	0.518568001729774	674
0.089516053556728	1.24937506369392	178
-0.0657461204869571	1.08776925333258	178
0.071850289691397	0.631099158973352	183
0.067691964059753	0.620812443460717	2
-0.102121700320127	0.449792279772283	2
-0.034281244997129	0.428156349580238	261
-0.024625065093129	1.10014188312599	261
0.072683481910873	0.741022842602349	732
-0.011276256283146	0.658105927374353	89
0.067560637769901	0.537866394300696	89
-0.116169857197474	0.804629862237493	674
0.034977844058482	0.605485084752458	674
-0.040270026396128	0.661694245725605	553
-0.00412130786498599	0.586670437068355	674
-0.084797024551312	0.63033813301672	674
0.011129964318556	0.499209865585152	674
-0.012493650982247	0.907425997748619	621
-0.018958903114707	0.61141504228548	621
0.027035619904012	0.593211103364037	674
-0.052076279454513	0.958596154210195	674
-0.122862581214328	0.391264214457016	674
0.072057275357021	0.351740104238063	674
-0.044899095965159	1.9852702945064	178
0.08199455486144	0.549672788393948	178
0.113902152539706	0.284857782788805	2
0.01914447195273	0.899165125496391	261
-0.119682378949258	1.08320810760985	261
0.108071818505247	0.476377561236796	732
0.074999542181454	0.722136681572358	732
-0.078171582775616	0.907738292337181	732
-0.0631114203582011	1.03990484291018	732
0.093078185694117	0.654741275392272	89
0.107071341803276	0.376791657922392	89
0.083255729401094	0.429599576912154	553
0.119535550103555	0.296530818730545	674
-0.014605179732336	0.778893864075468	674
0.027564557132174	1.41946611525038	178
0.064499422917981	1.25673221519417	178
0.115260150766571	0.807858806258548	178
-0.00173786268659504	0.790831747249265	1347
-0.0400740942201731	0.733032412690249	178
0.057488686628294	0.710528464764307	178
-0.064996399287993	0.922567199370819	594
0.086119116709511	0.680141623915169	261
0.083201565761526	0.670352352681929	261
0.097548424570561	0.541302679076636	261
0.028913051527835	0.669354780563701	261
0.082870437337722	0.697091915700675	261
0.086782634943455	0.457832463739151	732
-0.045828463191649	0.81052548451356	732
0.078129571195002	0.786941433804925	732
0.106802916867719	0.46124208371966	89
0.120813418758132	0.389998719003364	89
0.036841494726025	0.687323931297498	89
-0.094550509120903	0.705604543861496	18
-0.015858114938593	0.565274432116282	553
0.024056137999618	0.591324683091053	553
0.116564133816673	0.407452505475584	553
0.104126818300952	0.543216078337905	553
0.115840918640453	0.369360685050931	674
-0.015287161876116	0.844374750012424	674
0.00675419129167199	0.281290692433324	178
0.039866591080225	0.202943212324465	178
-0.085997278453428	0.232044715046486	1347
-0.081961857018375	0.229947862004473	116
-0.090795283741461	0.90075126269006	594
-0.023158177927165	0.570572636164152	2
0.08780657682168	0.567549288311504	2
0.029890303295346	0.628305190860864	261
0.098837566856289	1.02088004928197	261
0.109662482155476	0.359739925832645	261
0.119271802457944	0.186832344454868	732
-0.087317882620792	0.237384251320992	732
-0.105289443618512	0.473372074556737	89
0.023615662031931	0.272667310083662	89
0.124831635698889	0.178506956810223	89
0.016052988976649	0.282359925645458	18
0.039724965256005	0.205461219600654	553
0.00847745330182598	0.455896021613278	674
-0.025584630924461	1.05064826245532	674
0.116119254138774	0.948976735634088	674
0.069197543011674	0.42101255168518	674
0.124591739225801	0.868419986066407	674
-0.072068403228673	0.311541899426932	1347
0.00566156223411302	0.285093861088328	1347
0.00500812255712102	0.325718297587403	178
-0.056021135608211	0.685127819266962	2
0.100677234569335	0.565122867485932	2
0.08490965413389	0.821404826447379	261
0.079787507467742	0.256647142079202	261
0.059796389605156	0.754909922348512	732
0.117880498807963	0.184506992886859	674
-0.050306643044572	0.515040857852796	553
0.117896877272274	0.54062050268081	553
-0.073536235658291	0.998551339335924	553
-0.119775770083139	0.725998569659207	674
0.07543054032388	0.413985705654124	674
0.084063667605682	0.896573947421806	674
-0.043717484250633	0.520834104666169	674
0.00609469203683599	0.339298583110201	674
0.060213786931998	0.831078004641785	674
-0.100737208716438	1.29511715014461	674
0.022217836320471	0.534603849998219	261
-0.118565319206654	0.897926787654798	261
0.070269190663812	0.265556124830997	261
-0.00835833220127202	0.596878664643771	261
0.063590365700546	0.313386096939715	732
-0.058373686385707	0.387881955168795	89
-0.107531258530263	0.46638868964699	18
-0.117082383991415	0.583459869461406	553
0.00468704420571497	0.650197788664619	553
0.06353279943047	0.427900488220776	674
-0.032107189732685	0.412236783758135	685
0.094801507180258	0.584612739332648	51
0.072493071550802	0.733660736813261	51
0.111340141361755	0.579353843172515	51
0.023153035210596	0.385397362684591	178
0.015828273499277	0.386856697422153	355
0.045628284197061	0.583261176613368	355
-0.078736948999187	0.768538599887328	2
0.050950148957369	0.520696184454019	261
-0.030283605029974	0.869165212690417	261
-0.033703074158735	0.409373527064979	77
0.061599001784662	0.575958974332654	77
0.057494473015765	0.620259384380379	77
0.031910697185889	0.449832340779257	89
0.010580645377706	0.39139315314726	89
0.076189842403084	0.375365085404088	89
0.023972962000995	0.386639936662721	674
0.065968154355129	0.540605010557667	674
0.057909101602789	0.519967040069376	674
-0.021591639101248	0.69702863989377	51
-0.089174368627608	0.884838321106884	51
-0.043016353657602	0.867192342157578	51
0.00859842801066002	0.283290922379595	178
-0.0223570249841371	0.435342723686687	355
-0.020851606949247	0.841643828305746	355
0.08459710318827	0.742263324171246	261
0.06272661634252	0.314656571402303	261
-0.036914171609252	0.758903609954993	261
0.00108696539991598	0.46008115827089	261
0.077947483016859	0.651237806411339	89
0.062610344148444	0.481981388466352	89
-0.113398075595629	0.61590287486754	89
0.036339490818735	0.44734309105902	553
0.070113810047228	0.524698000354901	674
0.042169136997368	0.480132606239566	674
0.042563787845419	0.507383476822139	674
-0.09950958175377	0.777418112010232	674
-0.00644824079461004	0.674609745736742	51
-0.103183886951166	1.10224006550592	51
0.066848814995704	0.344393332707424	51
0.118705731884736	0.397305128464351	206
-0.078498623412915	0.61862903266811	206
0.00344335404979101	0.515587416801713	261
-0.069908978236333	0.803133561414469	261
-0.099788452951338	0.83266813133312	261
-0.040736612967987	0.965388044791069	261
-0.079993004926639	0.87960471500925	261
0.098377727696199	0.396607922775036	261
0.061752709604796	0.609381498218883	89
-0.114710437674848	0.704341422273493	89
0.121427012645038	0.276375872228205	89
-0.014001361775594	0.684020568723356	18
0.091662552007649	0.513849207792019	18
0.035826944927205	0.454459188935764	18
0.00195449444099099	0.504540654404651	674
0.033067505083	0.50666162362519	674
-0.0682074854427051	0.558669680856744	51
0.000529899956696001	0.655498187032841	51
0.012418800580724	0.523951405863453	674
-0.11385524389282	0.81260467876326	674
0.073320412496094	0.501325512110198	674
-0.115648372942351	0.597462562233889	685
0.055581606518971	0.321818785699639	168
-0.0269060466052899	0.40910694834419	178
0.106344235151916	0.23928655843004	178
-0.049947948661542	0.957771691260604	178
0.00351237195251403	0.785203745433747	178
-0.037425955201256	0.61618193068355	355
-0.095686164653536	0.745729337572417	261
0.016473961076518	0.583492327214379	261
-0.00529839610776905	0.864008727125484	261
0.023556362187671	0.929248611256946	261
0.076554885039918	0.411991461370765	261
-0.096307284693929	0.454634884547893	89
-0.087678764484533	0.541839589964855	89
0.032662618162831	0.421803205236345	18
0.123482279028552	0.240896009935477	18
0.077310449154456	0.257963929536958	18
0.031757362207033	0.842505713806846	18
0.020861019101655	0.425772162241041	18
0.076110973274976	0.300489593057449	674
0.075666022121886	0.412193730815712	51
0.065036851833568	0.738251057424682	51
0.025309367617883	0.593501203542774	51
-0.073934827016523	0.564057962072736	51
-0.086044725772415	0.880304271927114	674
-0.06543420756272	0.710615706249359	674
0.055779605560706	0.317275405274267	51
0.063564003808783	0.557839708986499	51
-0.0859442870003811	0.991520480667667	51
0.01528958242299	0.658959208332622	51
-0.065754806976024	1.0312266629873	51
0.034418146128474	0.782985200530844	168
-0.095335449107255	0.758237246760302	168
0.120274252817009	0.245729790332915	178
-0.0634064217002081	0.306352310248783	355
0.052132375336323	0.699501496707508	594
-0.048634830672185	0.689394067418353	261
-0.070344030678333	0.668374376348876	261
0.02839974017777	0.687116736899551	261
0.017118402415364	0.272918331062532	261
0.033901614250328	0.209068299172667	261
0.026473795341378	0.925165415010454	261
0.070114833965046	0.308238082693283	261
0.100648512124008	0.63694728503844	89
0.00444850587660101	0.286895576225697	89
-0.111354266389169	0.612400053362442	18
0.002231238276592	0.704827970533421	51
-0.077370409473582	0.662856810954765	51
0.098561811731948	0.363612933592535	51
0.08721838699622	0.480355865883215	51
-0.060215859669308	0.30453727724719	127
-0.119456217889203	1.19878600249704	369
0.025358915630248	0.66064112405408	369
0.048147412874575	0.503812938636798	168
0.070294459604975	0.316260781864064	168
-0.091961347720269	0.448404886388962	168
0.068498930291362	0.743458706633861	355
-0.121639943676208	1.08203443777612	2
0.06656481977097	0.383728280887843	261
-0.102598120791819	0.459754145395705	261
0.046893363645391	0.663421374094331	261
-0.000186754364088992	0.355907436100807	367
0.122374603514748	0.183989288331606	89
0.052778478383556	0.461877013229278	51
0.047626326203666	0.657401662133283	51
0.01872459694112	0.853467597530934	51
0.064947106809665	0.645972400194901	51
0.067223243569361	0.531628614974149	51
-0.069285011959925	2.0787646447801	369
0.01264488239976	1.16083657623163	369
0.038710793405211	1.28065227330501	369
-0.020309480762666	0.94584866761303	168
-0.107019274200888	1.14581151766974	168
0.059490141490266	0.908765723989442	168
0.108235129546498	0.356651896535216	168
0.097932721847413	0.362911617220367	168
0.083327101032785	0.328946380512983	168
0.022307265451576	0.389041205508956	168
-0.094535971514802	1.24960955135754	355
0.072448443909112	0.331667749489147	355
-0.0680293607578309	0.496082479443326	355
-0.023211839570137	0.824779873738241	2
0.078145222232667	0.52517918021222	2
0.030703630379591	0.511694867676096	2
0.00538333156739501	0.514253470303439	2
0.032029319652398	0.445230455069387	2
0.006354166319605	0.510925030669807	261
-0.098221497139537	0.931540220684602	261
-0.01033951744009	0.789441944403085	754
0.118374659281425	0.332905223666323	367
-0.00681516705655805	0.868706703884369	89
-0.028765629958725	0.961650673519766	89
0.024549805038327	0.518843983556145	89
-0.047981162703999	0.630930058705119	89
-0.056696604866002	0.370748186930681	89
-0.10229902503216	0.446568540461065	51
0.10451530764911	0.329760926897663	51
0.11799542619479	0.284452501624949	51
0.04393204616883	0.430899606123879	51
0.080053180914196	0.436862899858206	51
0.117130110147403	0.519072194466793	51
-0.097944417960921	0.873406077781129	51
0.021595051308601	0.590725127987235	127
0.00475310196860102	1.23809054495922	369
-0.075187240113483	2.02055456310262	369
-0.053347772553103	1.77563307678941	168
-0.0377612205172	0.881157858625399	168
-0.024600542963413	0.479579993798458	168
0.055196874545077	0.344780905682815	178
0.027865741507572	0.370110627611307	168
-0.051028195736015	0.597088536574546	355
0.05981956188603	1.39356001224479	355
0.040454796087776	1.1590472031074	355
0.046444832463422	0.990469950606648	355
0.00122665121221099	0.611260239121831	2
-0.109522011403457	1.02337259587571	2
0.054462632504233	0.698496781896273	2
-0.110266185034312	1.43718174754786	261
-0.094850667285648	0.460666514666917	261
-0.054961416284507	1.54977188025556	261
-0.00208618861919296	1.24617718968357	754
-0.031787076354452	0.719166816748389	754
0.006661749415174	1.07180243417124	89
-0.0663768507427171	1.55964333109459	89
-0.025619872049181	0.445523849176807	89
-0.037300874366049	0.419914204148769	89
0.042874186329197	0.91922938275606	51
0.109704363144769	0.606755115095818	51
-0.067196928305841	1.39473367837605	51
-0.032814864501572	0.985631783808577	992
0.091496368218059	0.602774575700619	51
0.101963425445976	0.905175116563826	51
0.024489244380344	0.383397187993144	168
0.037620282625147	0.408235137164389	168
-0.123908568527926	0.655500321162153	168
0.055836819517184	0.315607381415542	168
-0.064102045566523	0.694709853133057	178
0.089969667777026	1.04749021509229	355
0.116346320938547	0.309430973989878	355
-0.099952737659601	0.555172544435848	355
-0.016275255394409	0.923158795110126	2
0.056923880057336	0.824071980055971	2
-0.109882438069271	1.21904577969665	261
-0.00645373399789295	1.13680558861123	261
0.041953005487267	1.00205867456985	89
0.096840778904084	1.05155212699122	89
0.023911825750546	0.721481059579915	89
0.017349626002304	0.275166388560577	89
0.049151583496981	0.752758222790693	51
-0.015127442206938	0.638140676210921	51
0.06192078440767	0.797051865348525	51
0.060751813779404	0.607240000534016	51
-0.00570906496080603	0.586689366301952	51
-0.089111176411108	0.647818023026062	51
0.078965038576173	0.561704980464888	51
-0.082530614272233	1.70905140736236	51
0.108135598134343	0.828181952573761	51
-0.018062789570037	1.32781816917141	113
0.110028216685323	1.90644920367775	369
0.111955006637747	0.742685564751966	355
-0.108959274886552	0.941152270293321	594
0.005786467797394	0.513997846242912	2
-0.011871647483912	0.764294202966926	2
0.121018966263562	0.279981452455128	261
-0.008171674585708	0.573325810800762	675
0.00243040157806201	0.692886801784014	261
0.026762108050858	0.823590861823176	261
0.104217079490982	0.554221774473892	261
0.032313622668304	0.90136979684556	754
0.069640308306246	0.868087040230374	754
0.094287180175132	0.481276281163602	89
0.071248038353262	0.479827066025652	89
0.046691533238393	0.59487548997188	89
-0.032783658787079	0.711263574900579	51
0.080902821869816	0.604953760245393	51
-0.00484599147838905	0.646090318506004	18
0.111108491511483	0.485654701855578	18
-0.074922598003175	0.636162791732617	51
0.092333214090094	0.495612801170857	51
-0.00841862360817602	0.708254783075087	51
-0.012397896558269	0.565627764761926	51
0.023045727523557	0.64399506093498	51
0.095710801570027	0.605585360532571	51
0.091188560391677	0.718851203183221	51
-0.090160686497364	1.51913058290896	51
0.076012339702471	0.361949958293609	113
-0.120813304471727	1.13997216738736	113
0.000973227408609001	2.12885094600329	369
0.098317499568226	1.24511535375077	369
-0.124983371463133	1.0395490928539	168
0.055697862688577	0.855331473186575	355
-0.048237172837446	1.17018971393857	355
0.080351671442303	0.781828150411599	355
-0.120594748205267	0.9614774086857	355
0.078139989649636	0.665943319961227	2
0.064197253932943	0.384093092397573	2
-0.057024945834551	0.849638492550677	2
-0.052431165367023	0.718745992284972	2
0.075295632100875	0.252283093258887	675
0.040462005331994	0.751631761414881	675
0.092328243841136	0.945121338571267	261
-0.035070745572481	1.09036219325789	261
-0.045489038068479	0.800624763829905	18
0.056709052764154	0.483709157360995	89
-0.017060090126201	0.852191322791297	51
0.049117223883854	0.643373072726964	51
0.115125593530183	0.441842666568659	18
-0.09396520060444	0.997881469185737	51
0.087977198594961	0.564379226399603	51
0.104853544652988	0.507794501125508	51
-0.068611479941855	1.06142072698298	51
0.042182981381453	0.741378538580029	51
0.064441596512887	1.28462861039642	369
-0.00303049532839905	1.79409544110571	178
0.086669693354914	1.06735635794054	178
0.118247108316385	0.804891557972168	178
-0.022840537415291	1.02294806973542	168
0.076713481410455	0.78239955746749	168
0.048390196412656	0.72659324568302	355
0.012385093523748	0.81728363465418	355
0.102063971704251	0.539813537502878	594
-0.01752891503992	0.453542214933303	2
0.025929860607238	0.93096499409363	18
0.029659806331869	0.89494756268662	18
0.018342630250246	0.881080477828583	18
0.022481383849343	0.66857470565103	51
-0.03167916284386	0.875794968150741	51
0.071849775350362	0.687023966707773	18
0.115222205451338	0.540217702602695	18
0.106612011477979	0.501782876376674	51
-0.091101916204695	1.13144800183999	51
-0.047569711386225	0.792225726972078	51
0.120388992318286	0.285292780481905	51
0.124577922499036	0.240972214874495	51
0.069756201645897	0.766718472666208	51
-0.00413123197921805	0.547392646295413	113
0.097916936523434	0.923505635621187	178
0.085317412801135	0.918822664758922	168
-0.085172308381869	0.698186508070545	355
0.088302773097008	0.93331602557915	594
0.009842131942082	1.18750823044485	594
-0.08912522313532	0.539565870796949	675
-0.009268711008936	0.636415464188449	754
0.111013361909965	0.761266568806166	18
-0.107338024582437	1.34215219824313	18
-0.026850823808464	1.29329521005591	18
0.037788060295788	0.707616204917162	18
0.120896772610449	0.470402094948133	51
-0.040894381574346	0.86059219730281	51
0.020294373161035	0.826500722712329	18
0.106650440961938	0.323028394071493	18
0.008020660152184	0.595800546874624	51
0.030399673649091	0.541491853768596	51
-0.0408253698234	0.515987944818571	992
0.11575998313365	0.542688789151008	51
-0.018940458990045	0.989333576251505	51
-0.055751229097499	0.295241015724067	113
0.036258962148829	2.0829344410539	369
0.122303703379116	0.181907575563644	2
-0.06447902851556	0.307207646680037	675
0.075295632100875	0.252283093258887	675
-0.062859509459791	1.14604155103579	261
0.106065145156284	0.887459873410699	261
0.087240601638517	0.886836773452334	18
0.093721729000207	0.712281854750534	18
-0.031915414917841	0.743063138207574	18
-0.02763850489639	0.896914042025585	18
0.039743778684434	0.545192607748659	51
-0.028344108386787	0.64708075146136	51
-0.111269770979847	1.25937250803933	51
0.103316479248334	0.646921093369711	51
0.03607407453907	0.20239794568548	113
-0.022343870250577	0.574488206317604	113
0.064980876019485	0.315090476296882	113
-0.0643609961455181	0.304766926988457	594
0.032855217312148	0.201299038926769	2
0.045465160473781	0.200474218629965	675
0.038497819001063	0.203789734806858	675
0.102883300024298	0.297238335817941	177
0.080658578643758	0.952941593963847	18
0.00906575940716198	0.981823073799158	18
0.050556870446567	0.7357324405094	18
0.017049710346491	0.530872655557468	18
-0.061167271501637	0.738851538491453	18
0.065373381446465	0.490790987830752	51
-0.037465345574366	0.755858915978734	51
0.10217679832386	0.116825787057107	992
0.054492735656505	0.51407411721007	127
-0.043680330531049	0.708143848028553	2
-0.0547444769763979	0.369839040995491	884
-0.08336556733363	0.229838305701748	675
-0.119658332229774	0.626734028298166	675
0.024748183995479	1.08856066701207	261
-0.074751336477584	0.582349172714107	18
-0.023736065136343	1.12282467330997	18
-0.00656287686386703	1.14714254277875	18
-0.003570706190267	0.895911914695122	18
0.035137349610263	0.966460718853488	18
0.03384964193246	0.774870285397499	759
0.123259685392991	0.376487743747218	51
-0.094359725438569	0.54866385017109	51
0.117758935701685	0.18579244427824	51
0.089881736207108	0.493729428960287	51
-0.024159183276677	0.831671028303595	127
-0.075150661108218	1.32542138671958	1355
0.080100451165673	0.677196855504432	1355
-0.012449982768269	0.762130624847365	884
0.080671745361387	0.462737398262425	884
0.013961212969532	0.397424594700911	884
-0.00445624485805995	0.636808048649843	177
-0.00606411540999197	0.806664346397958	18
0.097999177742685	0.594805589083808	759
-0.02509384856435	1.12120680391116	51
-0.024437507358413	0.748980375256685	51
-0.025447568788038	0.731809939980422	51
0.102288756435621	0.979855135419297	178
-0.086414485525361	1.36587227549669	178
0.089565462853024	0.89564358925182	1355
0.00566156223411302	0.285093861088328	884
-0.0622120353747641	0.444126559516034	884
-0.092970169590495	0.643200087736193	177
0.086893291266692	0.99043021515174	69
0.023532459823706	1.16551584136182	69
0.117437895749186	0.795010030654981	69
0.097274370320281	0.871511763626029	261
0.023191923804132	0.812769215939022	1959
0.114873470401397	0.847077451137251	1959
0.03981706894281	1.03154538877737	18
0.11060763911878	0.703382726713168	18
0.117909812630443	0.643509949907297	51
-0.011216771525093	0.59585115213524	51
0.052658611712587	0.529580857479136	51
0.0558983933846	0.666461465734057	51
-0.086313272661778	0.53899754843257	51
0.024592274200227	0.951189240334507	51
-0.10032185615586	1.29481309576576	51
0.123953849638075	0.178725753616766	127
0.007186214054828	0.866732056026577	1355
0.105845265401583	0.930541745738068	1355
0.012754189022929	1.34184995561904	594
0.01578907964704	0.618960779316251	884
-0.046272635298294	0.802037997667586	1959
0.070562688524858	0.453489709347737	18
0.037088877590067	0.715833695256891	759
0.051613950961032	0.683624693062364	18
-0.06170422719936	0.94232921192734	18
0.119630475782889	0.606239396976426	51
0.050433708605129	0.485920133367444	51
0.09792871944184	0.632473634644265	51
0.12205851497644	0.276746656892619	51
0.118632476286891	0.281680730096047	51
-0.023582662399342	0.448253480608658	51
0.030945472395259	0.899313195810332	51
0.105135357052716	0.689826122325506	178
0.022808541768659	1.1109708907082	1355
0.11465762926175	0.601035116870356	319
0.120647436847194	0.683312349555913	884
0.050159592143069	0.689976365316176	884
0.00808880611372298	0.607918690690021	884
-0.0740304599852331	0.577695444846663	177
-0.012416038137659	0.455402293185839	177
0.098564266821261	0.450597921728893	177
0.080379963228835	0.45884835611534	675
0.00452471869265902	1.16530547895689	18
0.01116589753848	1.21015177112934	18
-0.091376323318201	1.51697290826751	18
0.109076885114757	0.664308689127963	1959
-0.023470459981885	0.9819501389561	18
0.110098318018005	0.533127877940557	759
0.09409729651967	0.75065450524091	759
-0.00876078059583496	0.733367627741634	1123
0.107905581494708	0.565416217203572	1123
0.044758798208017	0.821155580463076	1123
-0.061538053128633	0.772434300403291	51
-0.071025967544565	1.01307234970995	51
-0.036978116092001	0.42722490858099	51
0.05649959259898	0.729960653192514	1006
0.074412264023159	0.479527501279447	1019
0.11731801956584	2.00436797440078	178
-0.059140137458681	0.852812006876591	178
-0.041339687927383	0.834366266475072	178
-0.081969870824257	2.14591913980701	1355
0.044568536954719	1.20589459256689	1355
-0.064237523364755	1.48528569515511	319
0.078246029379472	0.779273905264801	884
0.019850374293979	0.944557352110374	884
0.064892649800453	0.550226903705098	177
0.106736362780121	0.86339936747116	18
0.082766092692971	0.785109396527721	1959
-0.041133678835326	0.652756348583888	887
-0.097938521250119	0.761826927828306	18
-0.0131288284990571	1.26712965601265	887
0.056792509044093	1.21813936864175	887
-0.047292849587513	0.520277176924992	759
0.087916964316845	0.545076610514098	1123
0.041151009295706	0.795716526771496	1123
-0.062603504605151	1.12652474207775	51
-0.090071331387352	0.975461034800061	51
0.089745299350878	0.656394740670156	127
-0.048148683827419	0.793417343695029	127
-0.059972248751908	0.739523116110058	51
-0.00838899672076998	1.29106274157842	1006
0.02565449069279	0.742785511450702	1006
0.059117255549606	0.793877836028524	1019
0.119006127503408	0.766277261141802	178
0.071531989969103	0.644467811857029	594
0.00771212190089499	0.731850699887566	884
0.114169866201177	0.447764531400374	319
0.121511971275007	0.549031881313091	135
-0.00254569471758803	0.624813885589209	69
0.047193672361722	0.539554195996807	887
0.043897682219978	0.551722676120376	887
-0.055163133915663	0.598791619486365	759
-0.00888957334709895	0.530378550169193	759
0.093695241430621	0.419979936490567	759
0.107558847776547	0.330279771944095	759
-0.062589891299163	0.600972635745892	1123
0.048245237981148	0.46228520369725	1123
0.05196248710467	0.820054261830989	1123
0.111565587513806	0.559632814085413	51
0.101043738169578	0.702350436992013	51
0.077029286540449	0.53984381807944	51
-0.0114257785683179	0.947639669972852	127
-0.032399659454832	1.52272282115186	1006
0.11517055754419	1.50038180631116	178
-0.019510577431166	1.13859578371037	178
0.021844097414959	0.815853063170395	178
0.109637841527525	0.50886318243709	178
0.107543010114589	1.0503707628982	1355
0.11010003259544	0.541805197477145	319
0.024879499708701	1.03102644378188	319
0.061446117295928	0.529562213201335	319
0.110133726924206	0.598683686561783	884
0.049266010070649	0.767335777769961	884
-0.042212313781644	0.86117693552592	177
-0.123490850129726	0.815458370258945	69
0.109143717406788	0.395540449264641	69
-0.035590270930513	1.20136395692387	1547
0.057706611089369	1.09677387180881	887
-0.026503852921122	1.01459507011691	759
-0.072163326656854	0.481568455838919	759
-0.120765354545654	0.892598331593379	759
0.102968461410007	0.36327822773788	759
-0.091191251484936	0.729520689133394	1123
0.041727430243606	0.885009967064283	51
0.028698245665135	0.784720647650606	51
0.067970449701318	0.516659225090447	51
0.019640042922339	0.706767923175092	127
0.118970837314151	0.428114144923571	127
-0.00574341236910103	1.0660849812677	1006
0.07586257709053	0.819377453718648	178
-0.092372459935863	1.79147526537182	1355
0.059209393891874	0.800599193669976	1355
-0.054571400909966	0.872413554532326	319
0.09555675496801	0.710518274852288	319
0.056662574414991	0.555719174734671	23
-0.061036933862927	0.978730194878609	23
0.105406187944067	0.403872575290083	319
-0.046703525820239	0.590488134626731	135
-0.014481035225636	0.826973763151616	542
-0.100938555316484	1.23584319880818	69
-0.028550425820128	0.79831658842073	69
0.027184760628466	0.930215951157032	1547
0.01617595379625	0.77675519326349	887
0.092731191446255	0.543065839532822	759
0.124059421791799	0.422615645198336	759
0.037887636720994	0.707593841801362	1123
-0.07643156040238	1.05141188789518	1123
0.034803714530388	0.485254728973853	51
-0.107065756674511	1.01875828984407	51
-0.114345801901135	1.11053641586293	51
-0.06005406468115	0.768457575947355	51
0.032866848744874	0.747232015402204	51
0.026527188210083	0.92247268433888	1006
0.10021047759918	0.422011523595538	1006
0.044006505329633	0.44034230510172	1006
-0.034676110117038	0.985521496461576	127
-0.098585173938234	1.23677226394582	693
0.086717504116387	1.13262205248528	1355
-0.012975140969557	0.598756319888053	23
0.080774725532313	0.555677697211561	884
0.060203749791348	0.862851101613659	1547
0.028083519563033	0.9459102415106	887
-0.057080489655316	0.764955202158822	887
-0.068026135772631	0.998457489987137	1123
0.047487741070869	0.579906599749299	51
0.042123484458978	0.647555912261417	51
0.016342323743994	0.838321953580234	51
-0.072354669551884	1.12849533855681	51
0.071112010933519	0.775429792400347	693
-0.0708140012672051	1.57571051304696	319
-0.047738733940983	1.35186909193577	1355
0.115011983907435	0.577734138810425	23
-0.0354612736026591	0.731433146085026	23
0.00619515193899201	0.45770046579099	135
0.057614153431234	0.960710504080034	69
-0.07687993177456	1.30737172409604	69
-0.107877504163286	1.37753848214921	18
0.04880170592251	0.722523464146247	1547
0.01539844039466	0.877562576074978	887
0.047010320873063	0.815896139781152	221
0.097581556746769	0.643065323916803	18
0.025027783547828	0.658691944087665	266
-0.076310940318055	0.876797565352142	1123
0.054265462332361	0.75244939976769	1123
0.091501091553998	0.49101460609402	51
-0.09008706019729	0.779505189622192	51
-0.062982654046028	0.529863354870748	51
-0.08336556733363	0.229838305701748	51
0.010093476732252	0.504086052019497	127
0.112825579984614	0.619099973037948	51
-0.076183593028515	0.58556621743234	693
-0.099832489029631	0.8583896124866	23
-0.06352372527658	0.305960743878006	319
-0.01369030051965	0.784619146472794	542
0.060184895421573	0.568475991790759	1084
0.030892943413286	0.422040612204679	69
0.039349930463589	1.03540971253959	69
0.071913748060747	0.663970291337393	18
-0.10369264364194	1.12181810307885	18
0.077526180905404	0.630526811104094	266
0.073717773192169	0.67513705673214	1123
0.00293183682033998	0.575934880954458	266
-0.076281790406314	0.901184413475192	51
-0.10246826463914	0.205534483664867	266
0.073801450112501	0.263821135664735	266
-0.088478322699924	0.544725828113215	51
-0.018510966207541	1.00882843709179	51
0.119948969046804	0.528711869319937	693
-0.011374475161975	1.21952448883912	94
-0.040196966702296	0.919445206755648	23
0.037174945362146	0.80488370055557	23
-0.00154114964960606	0.48203939076493	135
0.106273715930122	0.383159958063279	319
-0.034214154945071	0.742512389328707	542
-0.025648629181938	0.947095280472934	542
-0.106140625787908	1.03834828683937	1123
-0.068723152621329	0.732636115688464	266
0.062903000133184	0.868839999552655	127
0.122342776882272	0.518354636526248	127
0.099520504012447	0.45338158832497	693
0.00566601163161601	1.51107385321386	774
0.096381118269559	0.867673594898786	319
0.086298848935164	1.41630171066611	94
0.05946872793027	1.63665215748321	94
-0.055905862742628	1.31355529037352	94
0.124442487822691	0.816685909993287	319
0.102190607805406	1.18326406777057	319
0.079045350656528	0.613059721154296	23
-0.017119711604624	1.36308573750394	1547
0.096389862280423	0.578431527495719	1547
-0.020228836857021	0.828586259966346	1547
0.063995781038751	0.490174774916373	18
0.110992442077261	0.467221066603609	1123
0.08084028312448	0.620262985541672	1123
-0.094514294060319	1.19713125457969	266
0.037273546941853	0.563471923685517	788
0.123152976417293	0.367117841705556	266
-0.093136879225306	0.764029596303406	127
0.034377129881203	0.531903506089432	127
0.100069091740913	2.17118048581362	774
0.034023078826431	2.23506251498998	774
0.014464398744889	2.19001911093664	774
0.096414959957	1.54162474203477	774
0.110087364290007	1.52753427160033	774
-0.018798625278306	1.91916754357291	319
0.071593380583656	1.2063048145478	94
-0.043944681486043	1.67914311733644	94
0.12350754349332	0.242745326891321	23
0.121458481774606	0.474455150244889	23
0.068912591625188	0.305604400164318	135
0.096102415936442	1.06107876044228	69
0.039780109312679	0.862914074188004	266
-0.081992692949353	1.40519248391827	1123
-0.090463544584511	1.07889384565506	788
0.026131504360404	0.547664955509843	788
0.019578662904575	0.276563117464596	127
0.030947935763625	0.962729619537122	199
0.107327809815263	0.412706673989818	127
-0.109394074185351	0.912948394135333	693
0.112840973970387	1.64045638570385	774
-0.02036364115845	2.39442358833675	774
0.00174548992031598	2.14372502983322	774
-0.029907369395627	1.68947836564972	94
0.021665727733353	0.606647642774889	94
-0.0996885502963329	2.11052394427821	94
0.122567568895754	1.1710188207052	94
0.096469609574687	1.12169595059807	319
0.067618072865512	0.464137708170155	23
0.108101270975294	0.35411460310023	319
0.000739646912567005	0.340301188259619	1423
-0.055112693741927	1.4120791225652	18
0.030730223136269	0.984648672127836	266
0.00562387634149802	0.810444379347959	266
-0.024447033998188	0.679623334661136	788
-0.105031452169064	0.790720597817607	788
0.052679219498987	0.656611665975994	199
0.049648152762823	2.21681404224013	774
0.016081689283657	2.31073008849695	774
0.003933242881065	0.879325997921753	94
-0.068959816516215	1.29617540434204	94
0.05851013941164	0.39208609688726	319
-0.070990724432331	0.313225920566921	23
0.102399525798718	0.117299474519056	23
0.029009346674872	0.202355509664455	542
-0.04803687876513	1.74503479262511	69
0.00935070523600301	1.43265725934124	69
-0.025420683238465	0.926084184153391	18
-0.038051693765405	0.411733845406736	1547
-0.028173763814389	0.533977900602366	1547
0.092478478780301	1.34673041639594	18
0.029606140159667	1.04433572687872	18
0.070474137551065	1.05509936345806	266
0.112125871719582	0.612268069995399	266
-0.00291078537974598	1.07962641385464	1123
-0.077270221791005	0.923039432526812	788
0.029912828117584	0.579184560959301	788
0.101568884481182	0.840689681385746	199
-0.071710020150133	0.488695553760904	693
0.029863046007237	1.97425493074338	319
0.068758784885248	1.3410630018143	319
-0.082826842004564	0.857722270646327	319
-0.004548256267771	0.979616140520211	94
-0.0702339976648551	0.311837661651495	169
0.033207072748889	0.47045767895156	23
-0.085583358132878	0.423544890261553	23
0.118712197794477	0.183374419341836	23
-0.035472545998182	0.423132498675014	23
0.080333063210963	0.252840338903675	23
0.103632455210159	0.110637426568961	2190
0.094695530023052	0.661000719104275	266
-0.00858960586508195	1.0758131528276	1123
-0.093557480916033	0.556255626126304	266
0.036300345156821	0.78551978339316	788
0.113778485008851	0.288157079288764	788
-0.093625079789691	0.449753428049609	127
-0.0703697956353691	0.297328495394842	199
0.093651845224005	0.666450962108623	199
-0.014173212545996	0.820823041710267	199
0.115648785156518	1.25774093550363	94
0.00942508688641403	1.06837624108656	319
0.110006899988485	0.286105940829242	319
0.124831635698889	0.178506956810223	23
0.081946161257796	1.15015736666721	69
-0.017749829579143	0.990062490129858	221
-0.101124103540297	1.65070597223568	18
0.107278179305781	0.804866063277792	1123
0.045604656114943	0.196281563093799	127
0.06609916170751	0.928965057171876	199
0.122534390992761	0.716875686519006	199
-0.084240556139789	1.21369417011215	199
-0.103332576320232	0.634258548939777	815
0.076080271704065	1.47337613673415	319
-0.063126729922249	1.04959362517805	94
0.065894760438762	0.320580386506278	23
0.077690042191176	0.263391294010366	310
0.116556653177511	0.931040484865328	69
-0.076805910279355	0.967823133136186	266
-0.110486633470653	0.789915241072389	788
-0.059965023684913	0.386927154172888	788
-0.038011512630845	0.683043922370571	788
-0.093748381189091	1.06512241173743	199
-0.083032022219908	1.12073248485624	199
0.085692343542928	2.0688544479705	319
0.09150318190623	1.61352830426796	319
0.118437886833499	1.29471422251074	319
-0.093584432320918	1.84331631504288	94
0.03107158905866	1.04499110334415	94
0.073448520752855	1.25294389402323	319
0.068918633031344	0.414443139179446	23
0.068552699103489	0.3158857644173	23
0.06688138192195	0.266424236241194	62
-0.093759223451957	0.665002277574408	310
0.10427872469688	0.929144365567238	69
0.043656519345764	0.507452019512724	788
0.091149254697426	0.490423238091475	788
0.030951381855117	0.81729060538224	788
0.071728803494669	0.416079228247133	788
0.122599331742037	0.92550092748622	319
-0.023539468553389	1.11070860578887	94
0.01296145008437	0.282557226783173	510
0.123755385910214	0.17930527883385	23
-0.063071483532015	0.385959569865117	23
-0.087317882620792	0.237384251320992	62
-0.0810362962242031	0.234785144539953	62
0.099604615589307	0.293087332559573	69
0.118205712825212	0.852142714585829	69
-0.061649503419514	0.65823269811451	18
-0.073214587797203	0.829610509350916	266
-0.072595432054918	0.900273997003652	788
-0.048295048576971	0.794165728154653	788
-0.0702964687733561	0.498235279948759	788
0.037608647882513	0.20711353772814	788
-0.078400997096143	0.229391714167355	199
0.070466280986211	0.78428888792543	199
0.020192114332939	0.797685452580303	199
0.014206695709381	0.286424708929238	127
-0.0893403224724531	1.6541536853396	94
0.056977624114797	0.775342576305152	94
0.00688458448510998	0.989272091577608	319
0.103953855178557	0.371913690518999	319
-0.016178594717197	0.457973237670651	510
0.075000282670281	0.859993224275307	266
0.101959188019913	0.759945852831357	266
0.060334170171661	0.730661061570974	266
-0.082233931932852	0.225106270202955	788
0.00652767929266102	0.277509636805834	788
-0.067701396938833	0.30036246577945	199
-0.025559451650935	1.03263819205747	199
0.105115108051097	0.11587423974745	694
-0.034834884996195	2.09988483697099	94
-0.00948377731153704	1.40323492134983	94
-0.05690563153301	1.17336634412566	94
-0.034675920413583	1.35559146340725	94
-0.092290682684564	0.230101610923365	510
-0.096202175323825	0.725308423151241	510
-0.00285647010193701	0.280064788455795	23
-0.087130100884153	0.237118284594784	62
0.105517277012998	0.387716215366562	69
-0.092480294456706	0.735399143251103	69
0.025605704665055	1.10503592211104	69
-0.079789563819481	0.668863131868011	18
-0.07768190341003	1.42440488170641	2143
0.122607290750071	0.646370581533905	2143
0.08438000145787	0.875050343419894	266
0.060848638121944	0.523298022105227	266
0.118137305192981	0.504491475873808	788
0.011988691527179	0.284799745342619	788
0.11819563187558	0.186497716607434	199
-0.049818453250045	0.427697371898754	199
-0.07021592806022	1.08466943435354	199
0.076230999515759	0.629274102376764	199
0.101208678337821	0.119944633438756	199
-0.000192542172587018	0.41455083477048	694
-0.098342697899396	1.92174305456216	94
-0.00974504869351001	1.08185328749476	94
-0.037159793239092	0.509690673202221	510
0.082704593235101	0.240197934168124	23
0.12432536880133	0.178378346321695	62
0.105115108051097	0.11587423974745	62
-0.036429136825201	0.539006703834641	69
-0.122410918104533	1.32740261418432	266
0.053454411031457	0.8974262137176	266
-0.105896274822373	0.648799543468254	788
-0.031779476120548	0.418230441059292	788
-0.090740629673593	0.437134802015592	199
0.00587662228260899	0.850578780084564	199
0.026034998101533	0.20329338260957	169
0.00611999583816802	0.339211622780696	23
-0.082016681795993	0.618267212762357	69
0.101851360789623	0.614893317995624	69
-0.049223587636283	0.889978325231586	18
0.094200868699	0.725309725251327	266
0.082571017651426	0.477890562731211	788
0.073452008378381	0.262592512462598	788
0.113830051416392	0.182922761142018	199
0.098757177964529	0.116440378601163	199
-0.079924285826482	0.955927062595386	199
-0.057801083003011	1.13550726232911	199
0.03761812139489	0.710857353949478	199
0.11010534681553	0.184583845238524	694
-0.0327539586514241	1.37605474213644	94
-0.083302636137941	0.236827924872992	62
0.124954161024957	0.174006382635411	62
0.0949641089486	0.433735458167974	69
0.064606637689679	0.247094117146884	69
0.075268320095263	0.504350928100888	69
0.08373632687168	0.762054889318942	18
0.104820857804449	0.89806271983245	18
0.087560377432579	1.02980199317044	18
0.107786106546395	0.514434779617679	266
0.112954118641797	0.410234984368313	788
0.076769295090842	0.562335488701885	788
-0.078474260570234	1.07870475645996	199
0.014770990025191	1.53485795886198	94
-0.087154690322335	1.66089770594132	94
0.038694232292148	0.205296640432502	62
-0.10331871949818	0.455915063218366	62
-0.030594625929801	0.423158234006374	62
0.056201755796923	0.983507038558139	69
0.070121246808707	0.303121112812138	18
0.118907528990736	0.997407174256398	18
-0.01845957973539	1.10318605421638	2143
0.071803605830994	0.96319646713039	2143
0.039274661203362	0.748612957311295	2143
-0.047695636101968	1.26010094550387	18
0.087972766262824	0.552095265340413	266
-0.090819385368567	0.905009737352074	788
-0.0641591625896441	0.566898005576289	122
-0.057828890560102	0.299795173015131	1791
-0.00972189733099304	1.09130663653146	199
-0.014479877118781	1.02515748372798	199
-0.068937235441441	0.565683721117492	694
0.107269793431447	0.357697173573688	319
-0.12372605627527	0.389795391975192	62
0.026905159320453	0.255497639988301	62
0.0641293402126	0.876656786398869	69
0.113089364527547	1.09258025144978	18
0.00396381962172798	0.66616940345312	266
0.046242418194659	1.01325294926326	266
0.017304469352337	1.04212950032368	266
0.024181673226544	0.624842945430273	122
0.023732890089245	0.269648441801561	895
0.121177626437349	0.18518643872447	122
-0.029988985816169	0.901564966300167	199
0.030928551547844	0.204706831153891	694
0.043438445471084	0.203475386961769	694
0.070861848338275	0.422083027966035	694
0.056828213593808	0.381531462176518	694
0.116579338847799	2.41802507398567	319
0.070993146945947	0.974344261216103	319
-0.089108124139139	0.637374267222144	62
0.06396456630577	0.391675036805273	62
0.00498623566875101	0.348626140917105	62
-0.063125683832422	0.38918190540463	62
0.02163288959102	0.273296009015151	62
0.032016495107781	0.204516036455236	257
0.124903594959521	0.182012025006066	69
-0.0385526629630391	1.08152312634952	69
-0.03486272559628	1.16802640466973	69
0.084020358455225	0.364478490965104	69
0.104365390731038	0.382144404343676	266
0.03350853319781	0.71454373411021	211
-0.022077351874688	0.643112532544379	122
0.016223311473226	0.879338193903172	199
0.041269333643695	0.203819925027964	694
-0.046181753444192	0.625165127775112	694
0.052856079086361	1.63979151971052	319
-0.063121177006775	0.515743196599525	319
0.00960551539027998	0.542674917641179	62
-0.079904329944108	0.229247374617703	62
-0.00195818438777695	0.271537331628715	62
0.00295629101543898	0.350775946422175	78
-0.080168131837556	0.302166572207439	716
0.107104764760482	0.332116518329523	257
0.118626687280968	0.872839445853581	69
-0.074853344298909	1.18993876729052	69
-0.081839502063727	1.21148713372088	2143
0.052186297911769	1.096902271711	18
0.021101322814338	0.791186489298645	266
0.051345407980306	0.623625885963714	266
-0.117947026024233	0.626005598446832	1485
-0.068014840359115	0.313546390856079	895
0.050677808762677	0.941096813643414	199
0.059415991862091	0.883017770459168	199
0.110860756148057	0.282943368843886	694
0.088772897537107	0.23322438126856	62
0.06292962465719	0.49785526076804	62
0.122802723552358	0.1767098839687	62
0.062837341481906	1.02347488364626	69
0.035492040176716	0.59353203675264	69
0.075227949035796	0.916480295164647	18
0.082975744580895	0.978841596897328	266
-0.115499284081963	0.971983593006153	266
0.12374211293585	0.420210902188984	266
0.041349499932343	0.599437508661072	211
0.113761351742854	0.180479928305306	1485
-0.027144466391941	0.541896493623916	1151
-0.059973179626541	0.306655423235941	169
0.050237262344248	0.446373920053306	62
-0.118866738767375	0.819781695220063	62
0.017258117625209	0.492343923329635	62
0.115855070153313	0.185888522895754	62
-0.082419655495353	0.233193131416827	62
-0.010552087367665	1.4821568174441	69
0.106406430478759	0.761217982989175	18
0.021938188016305	0.879191438772735	266
-0.044349396822334	0.857356679960148	266
0.014867654555929	0.609669362638211	266
-0.0935959910084641	0.520425062386315	266
0.100934273732565	0.506803825108991	211
0.028066954747365	0.204256529133471	199
0.037092617314385	0.852215269758575	199
0.038737669174183	1.09368935924025	199
-0.043139421982673	1.00731874390119	199
-0.01435473944571	1.07920169232096	1151
-0.024258018522094	0.532810042370965	694
0.121473871010152	0.180829872024727	62
-0.088630837402667	0.437863239509567	257
0.012450529069269	0.342204889835921	257
-0.0744218561280739	1.33604724808836	211
0.080357910698528	0.257215224171048	211
0.113094117308881	0.181215071308121	199
0.104472570241508	0.362262174486187	1151
0.106272511925802	1.69392820491686	1152
0.073505641555884	0.297585198520727	169
0.114563298628074	0.289656069374982	62
0.038598592254378	0.188350836207794	62
0.069316866497598	0.262667751024581	257
0.042495091630087	0.200038364753643	716
0.093361276897969	0.484079153442782	211
0.088941560326328	0.486218082613448	211
0.055563761738771	0.320554665428142	211
-0.00360747580503396	1.0562145835405	199
-0.026576130916281	0.537590837861336	1151
0.122565722379437	2.28027025512048	1152
-0.0671240730495	0.477793546576629	257
0.111170463582256	0.323056337375208	257
0.051943973834686	1.17897436575071	69
-0.061762812630803	1.3394653851733	211
-0.0185684981241639	1.15518248184547	211
0.117303417356851	0.66340918566811	211
-0.0869193598899381	1.03287237675193	211
-0.0735224244985569	1.40678557262175	199
0.03396737559771	1.0181481176261	199
-0.04942580026772	0.840660001172791	1151
0.115608465357206	0.186299139240439	1151
0.108836949074257	0.594648018961664	62
-0.00974894684544902	0.74657221769429	62
0.03951401832074	0.51323125352093	257
-0.106926068329078	1.04724275253082	69
0.11387485608837	0.895840966039807	211
0.077229417414247	0.973477199746288	211
0.031596888125437	0.739354318356279	199
-0.105919841067181	1.63685520309064	199
0.073982757591429	0.446994658473282	69
0.102270308314695	1.37927332578419	69
-0.12423258619145	1.10974295675056	211
0.10152276526696	0.36749681516816	211
0.055171852762733	0.493249297195138	211
0.123764275040967	0.94065694273482	211
-0.075027670141774	1.00180354604631	215
0.05238732038828	1.1483040758895	211
-0.00675531770874105	0.710748402758959	199
0.019045637824912	1.17709985471957	199
0.030036021402859	1.3249349377508	319
0.050319921513138	0.647957058957552	62
0.034229189668232	1.03890398500157	69
0.069784002286309	1.1114325677646	69
-0.097099462541679	2.38751441384213	69
-0.021321691215884	0.670713361485155	69
0.031809566632561	0.56333358593029	69
-0.0467534958008991	1.04826496519816	211
-0.058796093559456	0.612486039473106	211
-0.122800844713635	0.639711288258963	18
0.085955874301163	0.960398176829122	211
0.048780449938823	0.471236113773977	211
0.062575820394764	0.98093989999126	211
-0.095982341878722	0.823308932402792	211
-0.116730712179522	1.26365491593359	215
-0.012963474623234	0.814237330814716	215
0.118394205431867	0.746486896434899	199
0.029704473670897	0.988931616309132	169
0.105262066281064	0.618115677010196	257
-0.055356833814978	0.67607929945203	257
-0.087648942979305	1.88494013572314	69
0.115108360215226	0.854797937631782	211
-0.023017538568851	0.855681841091894	211
0.076397908349086	0.861483838133808	211
0.092739080930857	0.646029070965892	211
0.049022182524379	0.591508436192354	122
0.087810023256023	0.557593298771778	199
-0.072404065108471	1.37821659403724	199
0.061704441757312	0.713431893201656	127
-0.031482949576558	0.526157767243774	445
0.119770849213317	1.5287902608746	319
-0.088047094402256	0.637105879857996	62
0.041026341661188	0.394662799375131	257
0.116620369176512	0.287468781208007	1070
0.104745112634849	1.44171785410022	69
0.030229809015387	1.58493621769002	69
0.1178191496961	0.55957788815777	211
-0.111576963890619	1.70599999410746	211
0.000934246789524973	1.39863760380078	211
0.099565519848292	0.853144313765696	211
0.026760725739496	0.733020259478397	211
0.087339184334961	0.895638944120848	211
0.031183563854715	0.478660942556454	215
-0.107605774713092	1.07028409217144	215
0.101745387371754	0.590906345746031	215
0.109253451951026	0.324149619181626	199
0.107244712200793	0.387587700898856	199
-0.061114106098754	0.296841417363102	169
-0.026388254512402	0.716774235180188	62
0.081599631217464	1.58821275694886	69
0.088394043864811	1.31283488825419	69
-0.035548770072218	1.43578046966334	69
0.124846684170309	1.22798880744343	69
0.107872631935681	0.318663967158123	211
0.041224697270461	1.00518615855999	211
0.015976598371392	0.667711643443497	211
0.06792304568003	0.45183947142241	215
0.00456816169233298	0.286938862185413	199
-0.046869500468704	1.76970845770981	199
0.080947188016838	1.06937925629522	199
0.092379986606007	0.432876752682857	445
-0.114426219441327	0.597867695244177	445
-0.06436550084879	0.302848934700355	257
0.056671612388432	0.547256937382529	211
-0.0610083512644351	0.704147889628609	215
-0.019273296960749	0.751296399496659	215
0.025268985535859	0.909374271472857	199
-0.091572479417423	1.32834598166998	199
0.119029725002216	0.283839738947837	199
0.00392304066204102	0.47604537427477	445
0.060825429163397	0.49511328069193	601
0.078066814829403	0.255255559531769	257
0.020307074448231	0.271274186842597	227
0.12026532020481	0.810452340193016	69
-0.047494955055869	2.37518758927905	69
0.013972410574864	1.92290353379825	69
0.086329173558591	0.849482147245565	69
0.020769168567134	1.59356062103467	69
0.015990421375512	0.719677054705337	211
0.102717885573003	0.330115762708303	211
0.039304314660951	0.906321169508448	211
0.040886266403893	1.12487217751215	211
0.018375309985354	0.616672887778441	211
0.074729603827752	0.47683926372557	1077
-0.051808191140433	0.899386578186767	215
-0.100531280348974	0.454052864463334	1270
-0.08122500793231	0.235766624368238	199
0.11229896289	0.326020257292247	445
-0.060878310306308	0.855385773169885	601
0.10795681500188	1.42624781607889	69
0.023100900413288	1.15307239178427	211
0.100610843487043	0.935030973377343	211
-0.065146056846047	0.38387833717577	1270
0.055884687978437	0.684366434462372	601
0.113825239818705	0.244467239603036	1137
0.114614051319121	0.342916740420162	257
0.011777532467671	1.16147709071817	211
0.038605083941326	0.920294406201336	211
0.102562124478561	0.546052504031695	215
0.05234137296669	0.920676570083554	215
-0.00809641167668096	0.93669895998748	215
0.041975374447734	0.627431332945417	215
-0.085073715535861	0.805965104450823	215
0.034128030979317	1.05904439112476	199
0.11930644294088	0.286073662162545	169
0.014614984562561	0.338750596203755	1137
0.10217679832386	0.116825787057107	227
0.114402049851208	0.278634971155357	227
0.110127888282119	0.326909083327354	69
0.123514080089453	0.24287820052469	69
0.038929899009604	1.00135657575885	18
0.063507090392162	1.02087847353664	211
0.082513257807961	0.977779993000712	211
0.094809087800689	0.862764379281321	211
0.101724417296755	0.791088928402216	211
-0.080505401316325	0.617249373693333	215
0.10901688207076	0.422976322101824	215
-0.00105914499051896	1.07459092418565	1383
-0.0576271099790721	1.04471166927299	199
-0.06116524717311	0.307436200901771	199
-0.099000750685276	0.463505213930699	1137
0.066604057340356	0.260589280072303	1137
-0.062538552020642	0.381870829079164	1137
-0.019416460926206	0.446170649754493	227
0.062725108718174	0.317862420602534	227
-0.120263549524902	0.818609771816771	257
0.095282932607199	0.923553170393413	69
0.047547397441169	1.21314824588745	69
0.00873639532338699	1.60968977895014	69
-0.115978592077821	2.26802160280434	69
-0.066286977413535	1.51068663016685	18
0.068457588165815	0.892630567418067	211
0.091171611027105	0.683839528043572	211
-0.03967910756215	1.33995854573884	211
-0.094626379166899	0.95177720320247	215
-0.012603546189935	0.586148943900234	215
0.02357341493197	0.268671854923771	925
0.034045856942226	0.206934708744699	199
-0.111953272018676	0.832552816036171	1137
0.069480961090732	0.404922226531673	227
-0.034214294164618	0.478872136127128	227
-0.050414035096616	0.800768860682154	257
0.122334001641687	0.880373263552495	69
0.061887937333302	1.41846523153239	69
0.051267546306202	0.603780185748741	69
0.02891897574207	1.48997986963776	69
-0.051115061502225	1.57817514326328	211
-0.0382760679431	1.23120802395966	211
-0.102626757730017	0.865980843395039	215
-0.115133158672933	0.856818598351487	215
-0.052448126807924	1.08960120082327	215
0.078805167228223	0.251911894441982	925
0.116684084440156	0.186624170232585	127
0.078325843891532	0.259703655124405	1383
0.074379293992581	0.831761913412528	1383
0.120281233667379	0.955143643931224	1383
0.053669102688214	0.825237681139123	1383
0.01304312553785	0.537012746237641	445
-0.036566272747053	0.546223398476115	257
0.03133230000035	1.42660986850027	69
0.032264069264903	0.846801047314907	211
-0.00980516288637101	1.1115494380652	211
0.047787018068086	0.902588338502119	211
0.075216197590604	0.883690138987593	211
-0.075264006636461	1.15849911059221	215
0.099453971240851	0.754355676983196	215
0.004102877496934	1.02061984290477	215
0.072376957601332	0.418165446111475	127
0.087861719529398	1.0214716203063	1383
-0.031006146945728	1.34409092011109	1383
0.036700690512991	0.51353552127624	445
0.112667298874532	0.572699084008607	227
-0.027926596338504	1.74667240314244	69
0.122153391432904	0.778574451096341	18
0.080420254778897	1.00148205985434	535
-0.095516698227811	1.10396511394843	211
0.097294301672296	0.586850562854299	211
0.027271747197327	0.88582910703694	215
0.081328352822297	0.875787361654995	215
0.033508189409614	1.08819213031189	215
-0.010178776231377	1.61812558670369	1686
0.09674167458819	0.710047802312731	445
0.051257842224929	1.19462984623438	445
0.110620604717859	1.17470233510596	1137
0.115610586738826	0.853410526096308	69
0.073492258401436	0.446854641292444	69
-0.07157930793104	0.579460854366251	535
0.017603616983003	0.427541444957081	211
0.011902935248806	0.499631886900245	211
-0.06623737277591	0.471775351100101	211
0.099252244115583	0.828970392106061	211
-0.0922630138	0.640690493605719	211
0.010277674484693	0.344619418895362	211
0.087719988617175	0.874809122477856	215
-0.0708447123145211	1.40388898852651	215
0.074510181659101	1.08743638279877	215
0.120413250947524	0.884627176260441	215
0.086282183492956	0.493715525513512	127
0.119384821476938	0.424586105729322	18
0.032889212132719	0.414574664367356	211
0.03370404609014	0.732120728599243	211
0.120274252817009	0.245729790332915	211
-0.101894259591231	1.4112671242551	215
-0.120222739857635	2.28671911500521	127
-0.060752044833073	2.29694227599751	215
0.092928334607324	1.27991028010448	215
-0.109059577752978	0.868919889529943	127
0.00626734448324101	1.50844579508607	1686
0.074839590840779	0.381349838479534	445
0.069810141680781	1.31112070025741	257
-0.077453470472797	0.232779835540681	18
0.064803020315448	0.836784749670953	211
0.081143831314338	0.249535926813447	211
-0.106509034661561	0.464480362541195	211
0.041027349704726	0.98358709245157	215
-0.034122643722059	1.59945135816745	215
-0.014957468591219	1.57056722291429	215
0.046083817505708	1.46324676648017	215
-0.090896913444544	1.45556844514252	445
-0.098253083951771	0.462842203292739	445
-0.06893099390459	0.496663491668239	257
-0.065572466944476	0.315347192181322	69
0.113634987707499	0.183965524284568	211
0.022403651280857	0.451023388340243	127
0.047998111406228	1.42958846261933	1686
0.110885075904044	0.582701594658122	1473
-0.060927845203701	0.300378906554469	18
0.032958953020023	0.208756082175896	18
-0.063545338358269	0.314002542054436	254
0.122686579762611	0.404341316593646	211
-0.0810362962242031	0.234785144539953	211
0.105409947572837	0.355146748628986	127
-0.054787322782084	0.373593005622557	69
0.103832409518198	1.11643233490015	1473
0.115669482603555	0.183848118692394	211
0.114780510940388	0.186715900106377	211
-0.124125719065861	1.32537071566404	211
0.036203319157478	0.804733126901092	211
-0.058904977416271	1.0761358385824	211
0.10251225253945	0.973696059648145	211
0.089767603921527	1.10232344970918	127
0.025102790232306	1.35113687770995	211
0.09131574458541	1.26948957967631	69
0.108072996983158	1.16788783172569	69
-0.081981554802078	1.22298529301528	69
0.098097442155564	0.747683880125954	257
-0.101162101211176	1.64911106833318	1473
0.035826917478406	0.921408540423517	1473
-0.0262249014138199	0.664512627328431	1473
-0.099377066191947	0.727633944512119	2033
-0.051479443328318	0.508334737983945	2033
-0.057144142586756	0.871341992704842	2033
0.024787925747514	0.715065784611138	2033
0.10816809991288	0.403277128487249	211
0.00499973245201402	0.639408923504736	211
-0.104809338075449	1.00886454156369	211
0.07298861136726	0.552692203384407	211
-0.022293019128344	0.921406608559182	211
-0.06064783050596	1.33570893011174	211
-0.016338501861427	1.46756411653594	211
-0.00673893848215601	0.781909764616552	127
0.120456124257915	0.724560781046813	211
-0.042671745643934	1.02127669171409	211
0.048781133221137	0.629712507523221	211
-0.083861098594092	1.60314480875983	211
-0.04120209897729	0.801421601131504	257
-0.040518394204155	1.59385091170751	69
0.00127469735198399	0.593844494800262	1473
0.007035883696069	0.863972723877751	1473
-0.065123539463211	1.49131678000526	1473
0.00715687115805902	0.352464515030248	243
0.110550645704309	0.545731845790066	2033
0.048459046982203	0.504135790379341	211
0.025890872253473	0.44200659879888	217
0.022755868294828	0.553968872769572	217
-0.102775991350532	0.90251846884857	478
0.123494322899236	0.688787594606524	211
0.037110242533829	0.873629971027847	211
-0.01575918165757	0.946863430854869	211
0.015131609421206	0.669098520995748	69
0.094772962466336	0.554791356928313	257
-0.116367921005094	0.846193469420594	1473
0.051745058601093	0.922394511522562	1473
0.079083981803969	0.574744348230616	1473
-0.112136376195705	0.613431993286631	243
0.102043816775436	0.447300481304643	478
0.049582934577023	0.593858144088072	478
0.11371135345971	0.695408499705562	211
-0.058002864232335	0.951539485458024	211
0.00250189230957498	1.29482840731991	211
-0.101612876261837	0.559283268001158	211
0.096898800766338	1.26846566887456	69
0.038830340789023	0.785358104327083	69
0.088896131775065	0.492197977092724	269
-0.062703573723865	0.715111558730125	1473
-0.00897916744655003	0.557896948788031	243
0.069010818457597	0.357291779259084	243
0.024100169353579	0.457098717541286	243
-0.023384575630638	0.529995782903131	211
0.109900335890662	0.288548733539783	217
-0.021151739657851	0.574500489115999	478
-0.034885420614908	0.853415867889058	211
0.024542198100553	0.739994518996359	211
0.00505778038445498	1.12521369915907	211
0.00615648404010699	0.979219101270348	211
0.071084229160149	0.534745371945982	211
-0.049001850444392	1.05612487084689	211
0.026824875636533	1.13168902142266	211
0.002902541240838	0.862906466472364	211
-0.068281693550923	1.49018597892486	211
0.116382175857338	0.785833901969386	69
0.00373211594945999	1.59610782098003	69
-0.055763338688226	1.30979199882476	69
0.123693505449012	0.589075297661945	69
0.031562714843954	1.04018864192726	69
0.016384239854151	0.273637771295794	269
-0.096498604594271	0.435935828355759	269
-0.0920999452161551	0.227001180418012	269
-0.111993189169911	1.16023339462897	1473
0.038526448562434	1.49632005997718	1473
0.065394657998685	1.10993123560637	1473
-0.00934879053132398	0.431400521976533	243
0.038006858595382	0.476434821897415	211
-0.076576221236026	0.21521886658176	187
-0.099426512870746	0.613350851281627	478
0.111401133345788	0.889140020212819	211
0.087217528451244	1.04657264245361	211
0.097819818557232	0.957283926241977	211
0.041434418879279	0.478941287264892	211
-0.048435504487889	0.367350211209404	211
0.058702393225654	1.51809542843321	69
0.108756513388726	1.47878118584417	69
0.042169136997368	0.480132606239566	269
0.114237468655139	0.377652389205479	269
0.020512093072514	0.561543671434018	1473
-0.105439482642944	0.863555082897149	1473
0.030805142768342	0.459168835725671	243
-0.070115723527409	0.574491110860016	243
0.07415970772955	0.413804613007378	211
0.115190328455553	0.285625701048834	187
0.109701939082029	0.400197613518642	187
0.051368737522692	0.590375082281821	187
-0.098322271346889	0.880555114350334	478
0.103502254657917	0.535091571199812	211
-0.105089059151213	1.39141908212934	478
-0.106557243368989	1.68225700169748	478
0.010816615502324	1.43305223885573	211
0.00314361012832798	1.41186845343678	211
-0.008038715191659	0.676172329369632	211
0.118158744141439	0.790588166876892	211
-0.093927676116535	2.13041883272954	211
0.113074479817809	0.57708483276431	211
0.071258601388719	0.739177812594048	69
-0.044846800642248	0.753237371738521	69
-0.040712352936684	0.868952164947237	1473
-0.061263476171348	0.299579066231853	243
0.024736900726376	0.618798494121114	211
-0.106795254478366	0.593806057009828	211
-0.086418618293197	0.877337567073507	478
0.050404187279037	0.717384552851225	211
0.114798388943224	0.830159562894005	211
0.069566709443505	0.4240613746774	211
0.1048409396694	0.83775505571148	211
0.093091585836074	0.330290167518871	211
0.048982317866556	1.14562419758492	69
0.092880303971907	0.442992093182382	69
0.02664304459599	0.384144243658723	69
-0.098498629478353	0.549122102063374	269
0.014545971565654	0.340040289197463	269
-0.096349810243531	0.565476267783009	243
0.014208650520608	0.279575570941452	243
-0.0151686994144919	0.679356937709234	211
-0.028407976874697	0.416258263828022	187
-0.092344782353973	0.907740980908838	478
0.064691464125842	0.492851688388349	478
0.072376375211871	0.503157030399701	478
0.07077657684629	0.973508929212649	211
0.067819295982303	0.977513199090074	211
0.017787116374233	1.31349431935397	211
0.048874389909881	0.893488134181368	211
0.101909323973422	0.516177774146324	211
0.016107761186674	0.724709135181804	211
0.041254667897179	1.00885803292943	211
-0.010262214212583	1.97312611860881	69
0.087096934128236	1.37641119355382	69
0.029438047382712	0.877673861910778	69
0.038474504755134	0.67118599366487	18
0.013783707680802	0.604304166874721	243
-0.012149505001983	0.451999283544244	243
0.11498814924067	0.316711561455693	243
-0.088857889444334	0.548300133300543	243
-0.113226450999637	0.703128592175829	211
-0.000265080173482035	0.352948482066751	187
0.061879321281165	0.716237809735128	211
0.047713847760762	0.972393330290907	211
-0.071763679550885	1.48250536984694	211
0.061276080521739	1.14652084865972	211
-0.021060685434519	0.767406464097459	211
0.03095307258581	1.45253270360721	211
-0.069204904823029	1.43904784429316	211
0.054767561623685	0.559030990556084	211
-0.057433491653781	1.69340993983048	69
0.00189407957849602	0.350156596445561	69
-0.085432997677743	1.20856067383818	69
0.022853801635269	1.00778076701736	69
-0.013760547587477	1.03304649549624	243
0.067559517188451	0.26549203316166	243
-0.117590631339287	0.810328753681361	254
0.034972131872848	0.547353960656838	211
0.00970119771504901	0.273691096127518	187
0.00717899691833801	0.351035500041553	187
-0.072350739552747	0.694611467212423	187
-0.045340143927072	0.822464278499794	478
0.030406626457995	0.573756517198997	478
0.072327149101908	0.436318887298711	478
-0.062737956817186	0.864996825890052	478
-0.042530123251358	1.26844562164273	478
0.022980882288594	1.23763683384389	211
0.028098232411107	1.04374284687498	211
0.072673144166518	0.380422918085923	211
0.0392327586082	0.470013253143713	211
0.10170188920654	0.963549357954587	211
0.052195705349189	1.29292566457965	211
0.111011314054976	1.47273313352488	69
-0.114836139239498	2.0591704367089	69
0.050157706599492	0.529862757344085	69
0.120270755359219	0.175108184740303	18
0.113216951192577	0.607620123423212	243
0.072881048644481	0.261605548827934	243
-0.08235689316279	0.235822042366325	243
0.02915567176942	0.203124380503403	571
0.040325365549594	0.200397334614641	243
0.0436591364673	0.498174915891939	211
-0.12193570168632	0.588619409259761	211
0.113222081371639	0.280880323123945	187
-0.122237872877276	0.728391957732404	478
0.120004661326208	0.505008626393116	211
-0.082136663452718	1.29292310759521	478
0.050818039832267	0.878809857728798	211
0.088372830950233	1.14187071731439	211
0.097896116716457	0.968092406617805	211
0.072496512947006	0.79461388564068	211
0.013830751253992	0.537407513919589	211
-0.025714819428303	1.36967351689775	211
0.02648382031126	1.15419235883896	211
-0.114174450589563	0.956508173676441	69
0.122374603514748	0.183989288331606	69
-0.055140164323947	0.519200560438759	1044
-0.022040945884592	1.05956589458762	69
0.080714320462669	0.2577682026159	243
-0.072309861911065	0.368795661101302	243
-0.068505383937049	0.568360987340639	211
0.031289150348536	0.420257913366435	187
0.123166791436654	0.379117369779772	478
0.095385992670265	0.59988634117654	211
0.040069353271874	0.55376914859009	211
-0.090132990216548	1.11785642030605	211
0.074492826942499	0.417670410971195	69
0.080421534593467	0.258592093561252	18
0.09631785527528	0.663173739045546	69
0.123482279028552	0.240896009935477	480
0.123185238871058	0.276945185997607	243
0.027608976089571	0.377597484966846	979
0.079653402611836	0.371942996826591	979
-0.0772707280223141	0.227526798569944	187
0.011060582370394	0.549445082147321	211
0.116249831013645	0.695055368335597	211
-0.03379232733519	1.36838406461805	69
0.021578863130003	0.622963043607951	69
0.071393523391905	0.260240400737464	480
0.115754473576869	0.29176155081503	187
0.087006239323505	0.499117117115206	211
0.09876862891292	0.423011712347462	211
0.104539078441459	0.754044084462692	211
0.083188072282789	0.924687662676807	211
-0.00495712948222105	1.06356791818758	211
-0.100159500478845	1.1195070610473	211
0.113579576233207	0.742441138702815	211
-0.098053611307984	0.459733258639856	211
0.067745532519591	0.698749911431805	69
-0.124922361802292	0.397517108461536	69
0.122101949566733	0.279209391405648	69
0.039260461715768	0.478795284436562	69
-0.075564201237594	1.00891164058598	69
-0.045290525606687	0.358072082400649	480
-0.048636457696148	0.511302458967668	211
-0.019871892793153	0.444758118782517	211
0.00717993454368998	0.631869320837889	211
-0.056540047398235	1.13140705320714	211
0.071893855328973	1.03885102042852	211
0.107407539222626	0.560076905926901	211
0.025469395242189	0.359631154793703	69
0.010910737235404	0.283970881427768	388
-0.08122500793231	0.235766624368238	979
0.108730695276987	0.492102553653022	211
-0.006793931183526	0.490282033359491	211
0.018817974069933	1.0041371981546	211
-0.0721632419618991	1.30925557028454	211
-0.027457440723476	1.26590303629665	211
0.078821757744153	0.737717069928127	211
0.100083824372245	0.802711566858772	69
0.067982210533034	0.316459006871656	388
-0.048197537447525	0.270056000952173	243
-0.019686341390962	0.710195912234402	211
-0.013773252241627	1.16233320163863	211
-0.000380282506787011	1.29882051841735	211
-0.124410797061072	1.2528155990122	211
0.062306312498698	0.488360961700167	211
0.094232834026863	0.948056987769531	211
-0.06103589628157	0.388933470088579	211
0.114584952253464	0.388637575358667	388
0.120251080430973	0.244425325371958	388
0.072476082233797	0.259996327147587	243
0.024103876428697	0.318641797192652	281
-0.086736980565258	1.06819559365188	211
0.061418541735089	0.888891134689451	211
0.050580051225101	0.84422510489214	211
0.122829366510495	0.879031565866218	69
0.115430888806848	0.279269215396198	69
-0.06686989336975	0.613300671770517	388
0.00498623566875101	0.348626140917105	388
0.031871319204596	0.208938791074023	388
0.0377516995225	0.201831782988676	281
0.124570748653352	0.242088678382793	281
-0.00269031853512303	0.482628831266297	729
-0.04876264137633	0.691049234628167	771
-0.0991424788420609	1.07781763893743	211
0.050000091537755	0.494167057936637	211
-0.059150006859851	1.17931536127388	211
-0.122902025147104	1.3230065664843	211
-0.089209484557127	0.233455181887783	69
0.102399525798718	0.117299474519056	69
0.088483382402494	0.488629141629833	69
0.097437726388068	0.502280575631557	69
0.102183858830372	0.346469090752285	272
0.117313325891029	0.178038020899388	729
-0.11401125707506	0.714290716774063	729
0.035712866320285	0.649240358598175	771
0.072082682326297	0.504634045654775	771
0.078620313868172	0.322381440120494	771
-0.0290560257621409	0.954044647098106	69
0.094808897775886	0.810304162085699	69
0.122528727516739	0.367041352271138	69
0.113936098368768	0.285712612621263	388
-0.116730708229206	0.663321622775702	679
-0.064623610090885	0.315979921254306	729
-0.108881931919961	0.688431593213571	729
-0.018676385529542	0.522119872896656	771
0.068759435978733	0.417441373631259	771
-0.043916465037622	1.06338117755892	211
-0.060305177992913	1.35181829608469	2137
0.11577482582394	0.698178674581756	211
0.025412617534926	0.993742535571093	211
0.057140799258741	1.53696840211959	69
0.045426535938141	0.821885040900722	69
0.068282705416458	0.552034287215991	69
-0.032841737970878	0.500238709967571	69
-0.035241099193887	0.413283197346743	69
-0.061939091858725	0.470170493362257	69
0.113422868158818	0.278517055091744	69
-0.062193233312661	0.298605874575448	1038
0.079405908982298	0.258930234130031	243
0.00183714870079199	0.351356783080119	243
-0.020360042469376	0.715214706191213	679
-0.056124339632141	0.641136933867705	729
-0.020818041116098	0.516172962612886	729
-0.00136559255860602	0.672072410727508	771
-0.096420746337779	0.947324476025777	771
0.095271743749987	0.782734654483329	211
0.087584534293108	0.993253990840247	211
-0.095434425456731	1.06906764564872	211
0.052415233920735	1.30140759902537	211
-0.106961682077577	1.37173815285426	211
-0.094179118992449	0.22659106117798	2133
-0.0920999452161551	0.227001180418012	388
0.0999512188193	0.114575498016231	8
0.010557364549535	0.63075395876735	771
0.08734499737536	1.09107642424263	211
0.121421839544302	0.183831495269035	211
0.028360724004511	0.195176790423022	2133
-0.083551727938351	0.234432692564786	171
-0.088075513848056	0.232243373946371	554
-0.077453470472797	0.232779835540681	243
0.095823720766615	0.117378468997715	243
-0.065572466944476	0.315347192181322	679
-0.110546449775274	0.45466139615626	211
-0.029727631480468	0.742285317816609	211
-0.00151343536584803	1.17955940302577	211
0.013002784826339	0.27849509507242	211
0.095084329946948	0.116528257679441	243
-0.058135722982311	0.297003376995407	243
0.08871578827273	0.11514440968932	243
0.116681657068251	0.618971523945248	211
0.066836360194147	0.645103276419145	211
-0.107920755248377	1.60754714760302	388
0.08293520009764	0.252689491678983	171
0.110231231750084	0.183609853776424	243
-0.056873086234611	0.300309053515181	8
0.066901288794138	0.317208454261589	8
-0.064074334074739	0.381944001736519	171
0.032723120687938	0.941367520710805	171
-0.056952766990626	0.84961921573438	211
-0.083281200825219	0.954341826435168	211
0.030572118023544	1.3271482104822	211
-0.087756308123797	1.09436746470185	171
-0.028524921950542	0.610680394218979	171
0.064263366050576	0.424924382087041	171
0.108512621728535	0.37650323828113	243
0.040445186360814	0.469216758080351	8
0.039042406941005	0.532907481965211	8
0.065125441938461	0.641744342608186	211
0.092616253861305	0.611094963816817	211
0.08165813902823	0.772868930823708	211
-0.100186770656541	1.82436223829783	211
-0.0381974086504679	0.685940895102508	438
0.044549907751304	1.20260625975424	211
0.076883102867993	0.615240882135271	171
0.047244450403915	0.670555030026162	69
0.063798628219144	0.507556955982471	8
0.047110168043494	0.701354432933536	211
-0.012566539641032	0.790636153911312	211
-0.107361823447092	1.13612156692683	211
0.06852470023178	1.306935720488	211
-0.026037538030754	1.67356506262675	211
0.06726127596339	1.35875180070218	211
-0.057746757362858	0.469644338732374	69
0.110467417512104	0.325123678456295	69
0.015443842099835	0.393491931811844	333
0.033001791664974	0.836219270423615	211
-0.062946375444341	1.39017411882935	211
0.103537541043566	1.02377007611863	211
0.122765474413392	0.863465624527355	438
0.083831071278664	0.974796514305396	211
0.030635278330455	0.421883323830497	69
0.076101780897744	0.747412069929908	69
0.073911604264219	0.386592262070576	8
-0.026335852315258	1.09654124504184	211
0.080669555011211	0.958652613155017	211
-0.00145097503038905	1.22713672397872	211
0.065969411667511	0.321873555211695	171
0.078769850463344	0.258782921259477	69
-0.0100870357989989	0.854390230007689	69
0.121026117868145	0.715839611320797	69
0.00154607989620797	1.11303281513443	211
0.049086922108234	1.19603775905345	211
-0.055288722694157	0.378943251208603	69
0.09227046434926	0.927837678973516	69
-0.030363352539961	1.75948334764557	69
-0.0932158486090831	2.33579880142743	211
0.077326847155801	1.2375103252193	211
0.10929341215984	1.43118625599919	69
0.104882323563333	1.03859691456458	171
-0.0834538129756161	1.17050410865116	69
0.016090436418961	1.11587711544715	69
0.041585347579063	0.900038935119417	69
-0.116056182001957	1.41679860271058	69
-0.00805625228774598	1.37479257428981	69
-0.036535503220516	0.932641876416782	69
0.092026489091961	0.662687591890985	69
0.096529384447469	0.582224017245857	69
0.09858530933565	0.790606239293291	69
0.102013693452376	0.6940668256899	69
0.013770269844848	0.907656241748889	69
0.033542335430353	0.846344752995095	69
-0.0698030934965001	1.1497801596028	69
-0.015099779102291	1.21900289633245	69
0.05083673206572	0.821219430141492	211
0.048838714653266	0.753802213666777	211
0.064283891868328	0.949707587085562	211
-0.063112588763706	1.8561591390273	211
0.01629473932492	1.3629398060602	211
0.022831487929871	0.969337888459676	211
0.05383139255353	1.04073732306825	69
0.031168956615606	1.29690455761011	69
0.092697503932249	0.972642430951477	69
-0.108350179354944	0.751111503034851	69
0.011909965760987	0.81395506305487	69
0.100249377439849	0.745962217814166	69
0.043667842620477	0.620775292826279	69
0.120313101845711	0.990103496707746	211
0.029201643145798	1.51556714844578	211
0.100443340821809	0.566807061846386	211
0.106651577953205	2.39241174087436	69
0.01134546254424	1.43008093937385	69
-0.120561626109204	1.64776875333959	69
-0.10828466720872	1.70337284710068	69
0.102976627594109	0.665791090488875	69
-0.109487324096684	1.50552734886252	69
-0.09060566282228	0.527531447420809	69
0.066575670254958	0.532012275338897	69
0.034211465948397	0.457184730607482	2286
-0.122710435768615	1.93575812820101	211
0.016167425854	1.66844275761433	211
0.086532713022841	1.2568728757989	211
0.0377516995225	0.201831782988676	211
0.00279256037588399	0.644082824649085	211
0.077903227556233	1.66740185349478	69
0.015394135909999	1.85893574924884	69
0.09086150144791	1.22809769350422	69
0.051045157022805	1.31267214391155	171
-0.000529739427267972	1.19634234491195	69
0.062079831742929	0.976503440540244	69
0.040952500269156	1.01481106367442	69
-0.016120054676816	0.988976471142369	69
-0.112920977010901	1.09604494976966	69
0.110669910408994	0.471316794083078	211
0.045261720891191	0.585112861411417	211
0.025193212364538	1.16215579345966	69
-0.115974823570432	2.06277997645256	69
-0.047200136269193	1.35720950610455	69
-0.066810453803713	0.308781182167819	1374
0.048995169622287	1.13735080190341	211
-0.108464087473865	1.80474489590055	211
-0.0335712535053621	0.615876381528811	211
0.109456750663346	1.02316004402219	171
0.0000631224316779977	0.60485118040094	69
-0.074864836964288	1.12586477733801	69
-0.018700859830832	1.15752020872972	69
0.11927652078323	0.585932809449457	69
0.12045946778695	0.268971027058664	1374
-0.115601671584207	0.621122442664946	1455
-0.103031854025225	0.466852211241876	1374
0.049697098856145	1.56917590108384	211
0.00571653949106998	1.56456674072792	211
0.034988208615811	0.207234933523141	599
0.059798551818191	1.37863560820465	69
0.060750724633134	1.04437005012768	69
0.085926509692108	0.778862278758895	69
0.00679297219199598	1.1240650691264	69
-0.013355710796061	1.15705616231833	69
0.112930662374862	0.770736945355572	69
0.012579308518699	1.06464155131112	69
0.11329526120114	0.807967314600455	69
0.078742536904681	0.766602085325691	69
0.114084823992293	0.765352502908478	69
0.110538292550791	0.904296598921604	211
0.115724487103535	1.10857577427029	211
0.033237679277864	1.1707942548321	211
-0.063635388267232	0.745067714137078	599
0.041009041207171	0.708996942656525	211
0.044680715527294	1.14132197428446	69
-0.024866494425818	1.21543053925414	69
0.003905736226407	0.879838849989701	69
0.00335916448513302	0.941719140005017	69
-0.071468766485384	1.32565741725076	69
0.124919374884309	1.16880258251441	211
0.056164278110505	0.579733174946603	211
-0.00856319470125699	1.13566193137804	69
-0.055381654933053	1.22710195578301	69
-0.03626599221188	1.13791048136141	69
-0.00254905703563602	1.20130646779847	69
0.056869968064882	0.708942005829995	69
0.094787053213283	0.707360907517081	69
0.105641494550634	0.873049188072242	69
0.108481337759666	0.684579747942306	69
0.085042146200822	0.507562608986353	69
-0.110741938161106	1.94157399840342	211
-0.055713680410697	1.06088538496718	211
-0.096841031539553	1.61818114365309	211
-0.088541286419918	0.859497362457502	211
0.124464333714337	0.580538086535716	171
0.023085861110357	0.837564776156117	69
0.051707395923847	0.940357856816427	69
-0.0893176875234209	1.61412274036281	69
0.118448325934312	0.799278987028418	211
0.018215724496275	1.78656375656031	211
0.122714288574014	0.607692538459619	211
0.087737464919098	1.21490479734567	211
0.106987715641441	1.28651560852496	211
-0.010950092023952	1.2996870461246	211
0.025578436342371	1.18701146531748	211
0.066707485464566	1.04655090585399	599
0.072650622446135	1.20177816027996	599
0.00230328251040302	0.562930191842502	69
0.068250275077604	0.451752224820363	171
0.019821992337029	0.520931171541633	69
-0.037741813877152	1.25963155122126	69
0.122956075796412	0.737282549534557	935
0.102854701248504	0.720504911370615	69
-0.04310706805553	1.63514183560643	211
0.090165462077858	0.675074073115926	211
0.090458453084863	0.422859591557086	599
0.026431060277793	0.425749726228731	69
0.073777241529271	0.261408044052629	69
0.060320186604386	0.322717089464987	69
-0.105346258281272	1.6395358652368	69
-0.00523831760304006	1.36103534170711	935
-0.047400725029193	0.729074622011117	211
-0.112069603829283	1.07874379801546	211
-0.0392440208696651	0.581425917681007	599
0.103269052992422	2.19017685482717	69
0.050437353086834	2.27949249102553	69
-0.019862816196806	2.34704092593515	391
0.03287067438955	1.54696441456554	391
-0.033376979958176	1.7783867598463	391
-0.00428438891646499	1.53894278445354	69
-0.117920762457611	1.10715500888423	69
0.00623295844481098	0.533757545195983	69
0.00748044659191099	0.753098678826966	69
0.064893870709493	0.56655092167647	69
-0.112904204563371	0.797684686389786	69
-0.014614937069333	0.670683116578317	69
-0.103469416948404	1.79851028471234	69
0.079477391015139	0.829594057053443	69
0.060860576074929	0.538522513385654	69
-0.101268356160736	1.52989445971049	69
-0.103309098934321	1.65440943767732	69
0.111169899339102	0.732052562386314	69
0.062401736902698	1.24679873275301	69
0.103585148011836	0.549800162225589	935
0.070059928523885	0.94251458314981	935
-0.036497426774139	1.2614534414019	69
0.111319036401225	0.621201104085599	69
-0.010115487029686	1.0783664758575	211
-0.072408710070174	1.3384829684524	211
0.100309066625871	1.93232733638105	391
0.00482558336331102	1.28403979306563	69
-0.013158453722858	1.12837240078491	69
0.04653896614332	0.840870753883458	935
0.027314754126002	0.870626080320497	935
0.120039083519054	0.592723989033811	935
-0.018558692814019	1.04137539425516	935
0.068213304966117	0.796040211654114	935
-0.098650833385449	1.43417738986538	935
0.016732815355305	0.748964494355891	935
0.039856355635101	0.965162861320995	69
-0.101968191797129	0.56218747368202	69
0.00378317811749801	0.799828588021279	1143
0.030949292826384	0.413063070327568	211
-0.123038555819313	0.835635942558134	814
0.021114235683356	1.18520184736386	814
0.12175529998893	0.553006785240277	814
0.079488582267374	1.96115058391892	69
0.00959276117413499	1.09687522705167	69
0.032983404980827	1.2359571494805	69
0.027250041489539	0.683801075496098	935
-0.0181981719618251	1.01222575491639	935
-0.109169664720229	0.803406901042582	935
0.118120978889795	0.244375655095875	211
0.108367074466111	1.02630746294233	211
0.036338100264097	0.51891429742658	211
-0.122835271069907	0.917413165638262	814
0.091424351680372	1.12537490498754	307
0.091658990379252	1.19054325162468	69
-0.096093585268604	0.859718331899892	69
0.101856013694407	1.16675093356585	69
-0.095794201638793	0.936640912796805	935
0.07529900424023	1.02208452291903	935
0.094476899584048	0.526281587492753	935
0.042257856003487	0.196980559438474	69
0.005056619059986	0.356761209700131	69
0.081917966745883	0.253878798153083	211
0.09326570588087	1.19849848229913	211
-0.079904329944108	0.229247374617703	211
0.042007874447537	0.57645724355074	814
0.12160279770828	1.2792142278633	307
-0.025316458334058	1.03264419437728	69
0.055928898218779	0.801832278062345	69
-0.106292984871572	2.02964640151097	69
-0.014172148030749	1.46923617188691	69
0.056958755759192	0.698504696232165	69
0.080440118056938	0.945718429391136	69
0.108406025212528	0.500518891396186	69
-0.08085734002491	1.12756730677379	935
0.107909889736287	0.785783121090972	935
-0.058288941815268	0.81976474114879	69
0.123831999498391	0.182260978100276	69
-0.103798365297339	0.458913328330661	211
-0.08585347959815	1.49011401652454	211
0.103073506898747	1.90666990221304	69
-0.00262101677364202	1.59326541553285	307
0.107035730717129	0.43204696497738	69
0.096061578226904	0.723019769343005	69
0.012442316852363	0.387119503231557	69
0.118896217358195	1.02782732162663	211
0.082210564603575	2.24206715804949	69
0.087986490487073	0.67592959758756	69
0.098702912015094	1.1004072140624	307
0.066608213327855	1.02071628988162	69
-0.030558779817968	0.942968922016223	69
-0.120678683397066	1.46008325102442	69
0.100240956796967	0.117900473796604	69
0.009444711953426	0.336851123863521	211
0.020470985242201	0.273916484017858	599
0.112303055217813	0.509332626757262	69
0.043998005339945	2.09315226601484	69
0.076206871757916	0.860124143290042	69
-0.078400997096143	0.229391714167355	69
0.069064749613928	0.411630717743668	69
-0.089209484557127	0.233455181887783	599
0.065816510763556	1.05145506039738	69
0.089753611690939	0.474181002934383	69
-0.120885912320784	1.57807469600786	69
-0.012981210452744	1.22745267108337	69
0.114131964134111	0.342067064811553	69
0.069556476495945	0.311414557505523	211
-0.030280500448116	1.43914761578588	211
-0.031082714801868	0.767738866664803	69
-0.04213202180127	0.923549910440342	69
0.074390140432008	1.0996571246691	69
-0.010786714662288	1.82562465654342	69
-0.034773029668412	1.75855238873185	211
-0.033643498280663	1.72911686680943	211
-0.00615193888805599	0.819840781865569	69
0.073130292461196	0.879906247127721	307
0.081616491571107	1.27333567379288	69
0.10327123286266	1.25672376027936	69
0.011089959450637	1.11722584874178	69
-0.044461373939984	1.21989599145193	69
0.120525136940404	0.177269032701499	69
-0.122857035327326	0.748364734847734	69
0.032814290502031	0.209250010325905	69
0.06733294840423	0.490818248838983	69
0.118204831532925	0.787355498909655	69
0.033753697017227	1.16868352962106	69
-0.0641022139986031	1.9638715096864	69
-0.0356009402708281	1.08845643903277	69
0.066151240920914	0.664379558923996	69
0.043388191351516	1.09401240150805	69
-0.007185966799788	0.427827838162218	69
0.052555117420636	0.557898905547106	69
0.001057751406844	0.756871261935113	69
0.109892927878734	1.00502426438	307
0.118623244273151	0.855487142305941	307
0.091063637064	0.940752132387924	69
0.00228507858932397	1.60280091783105	69
0.061127375262657	0.942062148330994	69
0.096571758516549	0.800482020391762	69
0.088346865004469	0.954702005356194	69
0.019780154596005	1.0496880756215	69
0.002766400975586	1.0978092732549	69
0.093741735191351	1.06610372111105	69
0.11994179521349	0.704247250640483	69
0.006553976654603	1.03248488572059	69
0.118019213201662	0.793106713966266	69
-0.108592348374944	2.05003164094151	69
0.118987874525761	0.97132632200518	69
0.077857636124787	0.665216104066276	69
0.109077026812539	1.81134296519849	307
0.070636124113614	1.31505637459499	69
0.01045989162116	1.32661264538273	69
-0.058072549991964	1.46027737874668	69
-0.03116813392881	1.78785928849651	69
0.097236465979598	1.13576054234516	69
0.108276683535716	0.994633224902723	69
0.067540400719703	1.03981558871025	69
0.110040399533327	0.960859860507544	69
0.109528749603992	1.14605266087403	69
0.069978967217664	1.88575467297755	307
0.076745733476148	1.25508762405835	307
0.044326984574531	1.41947800660064	307
0.090520264009114	1.00648907825049	69
-0.013546953604488	1.39462473788096	69
-0.121941491980677	1.72872738293427	69
0.084987748984894	0.845997669017357	69
-0.10239323839509	1.30898635087017	69
-0.052993860127763	1.17084083641693	69
0.060617823769703	1.02463945780958	69
0.105017040773295	0.571938494342793	69
0.055859220962984	0.80287330859403	69
-0.00948266526449904	1.45448680293579	69
0.044166671982388	0.442432898445264	69
-0.028312300602475	1.09107061884944	69
0.089313815782121	1.17097938122147	307
-0.01444609991352	1.69799276605554	307
0.040438905116277	1.085654861385	69
0.12453094846182	0.443672099978252	69
-0.099115206588279	0.975459794811771	69
-0.011506287192918	1.08608605173534	69
-0.00581876660520397	1.16856417991735	69
0.115605290127505	0.53794262182317	69
-0.022666117301968	0.876673931600881	69
0.059274646480207	1.71709666608358	307
0.093008198442662	0.771620020060826	69
0.039982255313354	0.504834718403705	69
-0.025036142711833	1.49326467839548	69
0.045100299965509	1.85716883387568	307
-0.06852284999015	2.09743611575293	307
0.075851454355862	1.84788158804803	307
-0.072286240592734	2.4089329912394	307
0.072439318117863	1.35356953173128	307
0.054784257769634	0.956444003682074	69
-0.028238796580712	1.21915378248893	69
-0.0267100741778	1.13247469722303	69
0.031966346170359	0.55201716502083	69
-0.109866958227585	1.56008345410973	69
0.089992410312343	1.94405450668616	307
0.018423522270392	1.93421264536989	307
0.072950309761396	1.46719489581568	307
0.017560405541146	1.67911868081669	307
-0.062771786888451	0.55684764463086	69
0.025788140283477	0.265660257569561	69
0.039243627940791	0.719942007429044	69
0.048553108814744	0.96369194861137	69
0.059300858171368	0.583175908391847	69
0.098368097367887	2.13189396160047	307
0.071826806333801	1.32762765484829	307
-0.12466714267277	1.1383768357597	69
-0.045810172015157	0.564173198676558	69
0.010272863272125	0.336305199242182	69
0.121299822344429	0.186162945808802	275
0.014594839579783	0.394643574287216	69
0.067639554780559	1.26796293316013	307
0.105765028210879	1.20448575853128	307
0.119273799425686	0.826522232523081	275
-0.07773191817283	1.36610128195562	307
0.115740461816306	0.77349824420997	69
0.011459313257696	0.342253730925328	69
0.066200188060893	0.609795889416439	69
-0.063888640462115	0.990576786993266	69
0.061151363046515	0.653332164349532	69
0.011335663554528	0.345208640484881	69
0.025481272096931	1.24232745753796	69
0.069399800693957	0.446119696848915	69
0.021099325086347	0.920050740457089	69
0.118564139437937	0.380172945229346	69
-0.088813359320498	0.547237797923747	69
-0.105732547142732	0.463997425352732	69
0.00812377643884399	0.340268805876253	69
-0.095287146098016	0.453063249073177	176
0.115716754224871	0.828438218640049	69
-0.099272795526992	0.467640665713613	379
0.105784696692186	0.444510209483766	69
0.059845250327372	0.915789932086811	69
0.111332250200218	0.88039798696205	275
0.09882704923062	2.12486110076936	307
0.057166583892251	2.08907621131949	307
0.086784589615001	1.64071874469367	307
0.122897307455792	0.863383567491857	69
0.104328283437663	0.839368473758638	69
0.063782376169569	1.09642473964761	69
0.107028337928335	0.32765223100116	275
-0.016134796324384	1.18914426641405	275
-0.018383486042768	0.791304172515907	69
0.093706807306133	2.17957648098222	307
0.031587282245842	0.798225782047576	307
-0.069281377659371	0.308938104313003	69
-0.020143547584299	0.556758265272683	275
-0.02350088855406	0.679669806969527	69
-0.089396719745761	1.34057338805514	307
0.00981756260487598	0.287923209060292	275
-0.124810598571574	0.394209753958502	275
0.110471466573611	0.569289244500439	69
0.034645471583193	1.28863085231	307
0.034844477889988	0.207011978109032	69
0.104630805065221	0.331434682725179	275
0.038639775260826	0.206266317114601	275
-0.016084052460436	0.944100313074555	69
-0.030694979342746	0.736991339743529	69
-0.047842630572727	1.14972659215175	176
-0.0289012279524981	0.775133613695421	69
0.036697577652795	1.04351903007629	275
0.050056080680824	1.25266975224801	275
0.076391156124349	1.77966501569932	307
-0.011992812451627	0.820838615465636	275
0.031970755496814	1.11995117185292	307
0.039434573221664	0.995250803232072	176
0.030114238352272	1.26805280249281	275
-0.068999027745993	1.58187786157632	275
0.107677742631137	0.758431666303432	497
0.019016834458058	1.07804076269677	497
-0.010645135604326	0.858966206166766	497
0.06417872981599	0.78746687238923	497
0.118355393066184	0.471111672253384	497
0.066909308191052	0.778465069484435	497
0.099827971556455	2.26752847756387	307
-0.053804138295216	1.05820918234511	275
-0.058100487217804	1.04403450954378	497
0.061079063906509	0.671602419870603	497
-0.017993699246906	0.621094099508133	176
-0.00330047986834003	1.2772701280128	275
-0.0777800871918301	0.69270376148935	497
-0.106290522031793	1.06186640237756	497
0.064041382520538	1.2404845011123	275
-0.0778732698753331	0.852686568332788	497
-0.00395030502448901	0.434384015383981	275
-0.00122754540029102	1.47227451444209	497
0.053328753847811	0.697907325185583	497
-0.00783759362627701	0.609562539291685	275
-0.0326413573486239	1.04305007876253	275
-0.090850253238191	1.96900793906241	497
-0.0449669609014151	1.20004357085281	497
0.04471876700402	0.956454787231138	497
-0.0756632759078	1.66359802895162	497
-0.087134615479972	0.865102696261023	497
0.117920582977658	1.02704398210181	275
-0.084475704587743	1.98282159065468	275
-0.105461180737097	0.875707538825477	497
-0.00124284439879796	0.634683787209085	497
0.064787270113238	1.02952118007121	497
0.101736982905886	0.937139976274188	275
0.027119933782691	1.42456863805115	497
0.028900059285991	1.07193318476809	275
0.122284903297897	1.21105555268405	497
0.010334685872219	1.45083281864328	497
0.104024536726598	0.906939341365806	275
0.034489867014638	1.19006636907176	497
0.109518613692949	1.06394238492392	275
0.119017487693596	0.936899713256809	497
0.00431980734606802	1.19801422833638	497
-0.057981585123145	1.312753369032	497
-0.034256885238946	0.791100850187752	497
0.073150661138686	0.639028553335019	497
0.073971534667714	0.610115615652651	497
0.100476495701631	0.909636546646403	497
0.072038983470473	0.991922601247129	275
-0.105332166268873	0.885691576341238	497
0.120644058671186	1.13635261837093	275
-0.080404780962721	1.68909477192628	275
-0.06890311563511	1.82135228468146	275
0.117865758441271	1.15315079693563	275
0.08592807562113	1.50627849037989	275
0.121836060046654	0.907374622252247	275
0.038985350088448	1.30109809414547	497
0.063791700652638	1.57231070035834	497
0.124987621433473	1.25220414190429	497
-0.073506522756523	2.45142093128152	275
