x	y	clickSelects	showSelected1
-0.0208302974608992	1	1	log2(tiles)=2.00 log10(pixels)=3.25
0.0751878449276608	1	2	log2(tiles)=1.00 log10(pixels)=2.50
-0.00584540598155714	1	3	log2(tiles)=1.50 log10(pixels)=2.50
0.0934216851622351	1	4	log2(tiles)=1.00 log10(pixels)=2.00
0.0208520116421442	1	5	log2(tiles)=0.00 log10(pixels)=1.75
-0.0268721464003014	1	6	log2(tiles)=1.00 log10(pixels)=2.00
-0.00307035192678518	1	7	log2(tiles)=1.00 log10(pixels)=2.50
0.00432137378264263	1	8	log2(tiles)=0.00 log10(pixels)=2.00
0.0492180226701815	1	9	log2(tiles)=0.00 log10(pixels)=2.00
0.119231719730976	1	10	log2(tiles)=1.00 log10(pixels)=1.75
-0.0228787452803376	1	11	log2(tiles)=0.00 log10(pixels)=1.50
-0.099634726650061	1	12	log2(tiles)=2.25 log10(pixels)=3.50
-0.0477842241988684	1	13	log2(tiles)=1.50 log10(pixels)=3.25
-0.116531544420413	1	14	log2(tiles)=1.00 log10(pixels)=2.75
-0.00806092227080102	1	15	log2(tiles)=2.00 log10(pixels)=2.75
-0.0216462179787715	1	16	log2(tiles)=0.00 log10(pixels)=2.75
0.068201724066995	1	17	log2(tiles)=0.00 log10(pixels)=1.50
0.0904441148401185	1	18	log2(tiles)=1.50 log10(pixels)=3.25
0.020775488193558	1	19	log2(tiles)=2.00 log10(pixels)=3.00
-0.0208352103072298	1	20	log2(tiles)=1.50 log10(pixels)=2.75
-0.0160007134616129	1	21	log2(tiles)=1.00 log10(pixels)=2.75
-0.0424298239020637	1	22	log2(tiles)=1.00 log10(pixels)=1.75
0.0827853703164498	1	23	log2(tiles)=0.00 log10(pixels)=2.00
0.0334237554869499	1	24	log2(tiles)=1.00 log10(pixels)=2.00
-0.0296531237699065	1	25	log2(tiles)=1.00 log10(pixels)=3.00
-0.0159229660971691	1	26	log2(tiles)=2.00 log10(pixels)=3.00
0.000420002308894052	1	27	log2(tiles)=0.00 log10(pixels)=2.25
0.0791812460476249	1	28	log2(tiles)=0.00 log10(pixels)=1.00
0.0531960574204891	1	29	log2(tiles)=1.00 log10(pixels)=2.25
-0.0739087409443187	1	30	log2(tiles)=1.00 log10(pixels)=2.25
-0.123659632624958	1	31	log2(tiles)=1.00 log10(pixels)=2.75
0.111727836017593	1	32	log2(tiles)=1.00 log10(pixels)=1.25
-0.0376020021010439	1	33	log2(tiles)=1.00 log10(pixels)=2.50
0.11391737695786	1	34	log2(tiles)=1.00 log10(pixels)=2.75
0.0285712526925375	1	35	log2(tiles)=1.50 log10(pixels)=3.00
-0.00414480482627111	1	36	log2(tiles)=0.00 log10(pixels)=2.75
-0.0806195046880505	1	37	log2(tiles)=2.00 log10(pixels)=3.25
0.0323955047425257	1	38	log2(tiles)=2.25 log10(pixels)=3.25
0.0334237554869499	1	39	log2(tiles)=0.00 log10(pixels)=2.00
-0.0228787452803374	1	40	log2(tiles)=1.00 log10(pixels)=2.50
-0.0559552040819238	1	41	log2(tiles)=1.00 log10(pixels)=2.50
0.106408327038981	1	42	log2(tiles)=2.25 log10(pixels)=3.25
-0.00307035192678518	1	43	log2(tiles)=0.00 log10(pixels)=2.50
0.00891189239797363	1	44	log2(tiles)=1.00 log10(pixels)=2.75
-0.0633637307377066	1	45	log2(tiles)=2.00 log10(pixels)=2.75
0.0413926851582249	1	46	log2(tiles)=0.00 log10(pixels)=1.00
0.0141761323903307	1	47	log2(tiles)=0.00 log10(pixels)=2.75
-0.083866029694891	1	48	log2(tiles)=1.50 log10(pixels)=3.25
-0.094861565188618	1	49	log2(tiles)=1.00 log10(pixels)=2.75
-0.116531544420413	1	50	log2(tiles)=1.00 log10(pixels)=1.75
-0.0208352103072298	1	51	log2(tiles)=1.00 log10(pixels)=2.75
0.106190897263415	1	52	log2(tiles)=1.00 log10(pixels)=3.00
0.0681858617461617	1	53	log2(tiles)=0.00 log10(pixels)=2.00
0.0333012287035497	1	54	log2(tiles)=0.00 log10(pixels)=2.25
-0.103871964321762	1	55	log2(tiles)=0.00 log10(pixels)=1.25
-0.0946639625349381	1	56	log2(tiles)=0.00 log10(pixels)=2.25
0.123249290397901	1	57	log2(tiles)=1.00 log10(pixels)=1.50
-0.0669529617611504	1	58	log2(tiles)=1.00 log10(pixels)=2.75
-0.0891345219961308	1	59	log2(tiles)=1.50 log10(pixels)=2.75
-0.0513429130455774	1	60	log2(tiles)=0.00 log10(pixels)=2.25
0.0415792439465807	1	61	log2(tiles)=0.00 log10(pixels)=2.50
0.02415784926368	1	62	log2(tiles)=1.00 log10(pixels)=2.25
0.0514499979728753	1	63	log2(tiles)=1.00 log10(pixels)=2.50
-0.0687587626244128	1	64	log2(tiles)=0.00 log10(pixels)=2.75
0.0626004392612596	1	65	log2(tiles)=1.00 log10(pixels)=3.25
0.0561799739838871	1	66	log2(tiles)=0.00 log10(pixels)=1.75
-0.00863830616572736	1	67	log2(tiles)=0.00 log10(pixels)=1.50
0.0178976160180908	1	68	log2(tiles)=2.00 log10(pixels)=2.75
-0.0395532161192795	1	69	log2(tiles)=1.50 log10(pixels)=3.50
-0.0872421683184259	1	70	log2(tiles)=0.00 log10(pixels)=1.75
-0.0272835288524167	1	71	log2(tiles)=0.00 log10(pixels)=2.25
0.109456020120986	1	72	log2(tiles)=2.75 log10(pixels)=3.25
-0.00696195131370558	1	73	log2(tiles)=0.00 log10(pixels)=2.25
-0.106547323513813	1	74	log2(tiles)=0.00 log10(pixels)=1.75
-0.0731432910503078	1	75	log2(tiles)=1.50 log10(pixels)=3.00
-0.0502448227465253	1	76	log2(tiles)=2.00 log10(pixels)=3.25
0.00587485567249146	1	77	log2(tiles)=1.00 log10(pixels)=1.75
0.0134279935629373	1	78	log2(tiles)=0.00 log10(pixels)=1.75
-0.082682665251824	1	79	log2(tiles)=1.00 log10(pixels)=2.25
-0.035156151952302	1	80	log2(tiles)=0.00 log10(pixels)=2.25
-0.0856471442155629	1	81	log2(tiles)=1.00 log10(pixels)=2.25
-0.0886319977650252	1	82	log2(tiles)=1.00 log10(pixels)=2.25
-0.00696195131370558	2	83	log2(tiles)=0.00 log10(pixels)=2.25
0.00646604224923175	1	84	log2(tiles)=1.00 log10(pixels)=3.00
-0.0604807473813815	1	85	log2(tiles)=0.00 log10(pixels)=2.00
-0.110833915635467	1	86	log2(tiles)=0.00 log10(pixels)=2.50
0.10530504614111	1	87	log2(tiles)=1.00 log10(pixels)=2.50
-0.0172766123314547	1	88	log2(tiles)=1.50 log10(pixels)=3.00
0.0670708560453703	1	89	log2(tiles)=1.00 log10(pixels)=3.00
0.0171717284030137	1	90	log2(tiles)=1.00 log10(pixels)=2.25
-0.085026652029182	1	91	log2(tiles)=0.00 log10(pixels)=1.50
-0.00963731050575611	1	92	log2(tiles)=0.00 log10(pixels)=1.75
0.00527250510330601	1	93	log2(tiles)=0.00 log10(pixels)=1.25
0.0760748027008265	1	94	log2(tiles)=0.00 log10(pixels)=1.75
-0.08838029403677	1	95	log2(tiles)=0.00 log10(pixels)=2.50
-0.0376020021010439	1	96	log2(tiles)=0.00 log10(pixels)=1.50
-0.0969100130080565	1	97	log2(tiles)=0.00 log10(pixels)=1.00
-0.1073489661227	1	98	log2(tiles)=0.00 log10(pixels)=3.00
-0.0977116556169437	1	99	log2(tiles)=0.00 log10(pixels)=2.25
0.112783856719735	1	100	log2(tiles)=0.00 log10(pixels)=1.50
-0.0457574905606751	1	101	log2(tiles)=0.00 log10(pixels)=1.00
0.105169427999332	1	102	log2(tiles)=1.50 log10(pixels)=3.00
-0.103871964321762	2	103	log2(tiles)=0.00 log10(pixels)=1.25
0.0423916894982539	1	104	log2(tiles)=0.00 log10(pixels)=1.75
0.0510299956639813	1	105	log2(tiles)=0.00 log10(pixels)=2.25
-0.0195510786217261	1	106	log2(tiles)=0.00 log10(pixels)=1.25
0.0198279937757189	1	107	log2(tiles)=1.00 log10(pixels)=2.50
-0.0404849854573692	1	108	log2(tiles)=0.00 log10(pixels)=2.25
-0.103871964321762	3	109	log2(tiles)=0.00 log10(pixels)=1.25
-0.123423042943488	1	110	log2(tiles)=0.00 log10(pixels)=2.50
0.0374264979406238	1	111	log2(tiles)=0.00 log10(pixels)=2.00
0.00587485567249146	1	112	log2(tiles)=0.00 log10(pixels)=1.75
-0.102059991327962	1	113	log2(tiles)=1.00 log10(pixels)=1.50
-0.0779021420642825	1	114	log2(tiles)=1.00 log10(pixels)=1.75
-0.0779021420642825	2	115	log2(tiles)=1.00 log10(pixels)=1.75
-0.0555173278498313	1	116	log2(tiles)=0.00 log10(pixels)=2.00
-0.0221132953863266	1	117	log2(tiles)=1.50 log10(pixels)=3.25
-0.0525662781129492	1	118	log2(tiles)=1.50 log10(pixels)=3.00
0.0950980400142568	1	119	log2(tiles)=0.00 log10(pixels)=0.75
-0.0246907182741372	1	120	log2(tiles)=0.00 log10(pixels)=2.25
0.11391737695786	2	121	log2(tiles)=1.00 log10(pixels)=2.75
-0.0513429130455774	1	122	log2(tiles)=1.00 log10(pixels)=2.25
0.0413926851582249	2	123	log2(tiles)=0.00 log10(pixels)=1.00
0.0208520116421442	2	124	log2(tiles)=0.00 log10(pixels)=1.75
0.0561799739838871	1	125	log2(tiles)=1.00 log10(pixels)=2.75
-0.0458800173440752	1	126	log2(tiles)=0.00 log10(pixels)=1.25
-0.0936649581949092	1	127	log2(tiles)=2.00 log10(pixels)=3.00
0.0281512503836436	1	128	log2(tiles)=0.00 log10(pixels)=1.75
0.0149229846498886	1	129	log2(tiles)=1.00 log10(pixels)=2.75
-0.0510299956639812	1	130	log2(tiles)=0.00 log10(pixels)=0.75
0.110338006570994	1	131	log2(tiles)=1.00 log10(pixels)=2.75
-0.071865205971211	1	132	log2(tiles)=0.00 log10(pixels)=2.50
0.0514499979728753	2	133	log2(tiles)=1.00 log10(pixels)=2.50
0.0950980400142568	2	134	log2(tiles)=0.00 log10(pixels)=0.75
0.0791812460476247	1	135	log2(tiles)=1.00 log10(pixels)=2.00
0	1	136	log2(tiles)=0.00 log10(pixels)=1.00
0.0943922736851106	1	137	log2(tiles)=1.00 log10(pixels)=2.25
-0.119186407719209	1	138	log2(tiles)=0.00 log10(pixels)=2.00
0.0339035792727351	1	139	log2(tiles)=0.00 log10(pixels)=2.75
0.0910646070264991	1	140	log2(tiles)=0.00 log10(pixels)=1.50
0.0825089127062364	1	141	log2(tiles)=1.00 log10(pixels)=1.75
0.0464951643347082	1	142	log2(tiles)=1.50 log10(pixels)=3.00
0.0413926851582249	1	143	log2(tiles)=0.00 log10(pixels)=2.00
0.0791812460476249	1	144	log2(tiles)=1.00 log10(pixels)=1.00
0.0797835966168101	1	145	log2(tiles)=1.00 log10(pixels)=1.50
-0.00863830616572736	1	146	log2(tiles)=1.50 log10(pixels)=2.50
-0.113509274827518	1	147	log2(tiles)=0.00 log10(pixels)=2.00
-0.0195510786217261	2	148	log2(tiles)=0.00 log10(pixels)=1.25
0.0423916894982539	1	149	log2(tiles)=1.00 log10(pixels)=1.75
0.0287536009528289	1	150	log2(tiles)=0.00 log10(pixels)=1.25
0	1	151	log2(tiles)=1.00 log10(pixels)=1.00
0.0287536009528289	2	152	log2(tiles)=0.00 log10(pixels)=1.25
0.0722192947339193	1	153	log2(tiles)=0.00 log10(pixels)=1.25
0.107332496431269	1	154	log2(tiles)=1.00 log10(pixels)=1.75
0.0287536009528289	3	155	log2(tiles)=0.00 log10(pixels)=1.25
0.0287536009528289	4	156	log2(tiles)=0.00 log10(pixels)=1.25
0.0493405494535817	1	157	log2(tiles)=0.00 log10(pixels)=1.75
-0.0176062401770314	1	158	log2(tiles)=1.00 log10(pixels)=1.75
0.0587085705331658	1	159	log2(tiles)=1.00 log10(pixels)=2.50
0.0510299956639812	1	160	log2(tiles)=0.00 log10(pixels)=0.25
0.0355573090077739	1	161	log2(tiles)=1.00 log10(pixels)=2.25
-0.0739087409443187	1	162	log2(tiles)=0.00 log10(pixels)=1.25
-0.0967874862246563	1	163	log2(tiles)=0.00 log10(pixels)=1.75
0.111727836017593	1	164	log2(tiles)=0.00 log10(pixels)=1.25
-0.00795576063044923	1	165	log2(tiles)=2.00 log10(pixels)=3.25
0.068201724066995	2	166	log2(tiles)=0.00 log10(pixels)=1.50
0	2	167	log2(tiles)=0.00 log10(pixels)=1.00
-0.0506099933550872	1	168	log2(tiles)=0.00 log10(pixels)=2.00
0.0924226808222062	1	169	log2(tiles)=1.00 log10(pixels)=2.25
-0.0486028756795487	1	170	log2(tiles)=1.00 log10(pixels)=2.25
-0.0361070110140926	1	171	log2(tiles)=1.00 log10(pixels)=2.50
-0.103871964321762	4	172	log2(tiles)=0.00 log10(pixels)=1.25
0.0644579892269186	1	173	log2(tiles)=0.00 log10(pixels)=2.00
0.113943352306837	1	174	log2(tiles)=0.00 log10(pixels)=1.00
-0.0227337875727072	1	175	log2(tiles)=2.00 log10(pixels)=3.00
-0.0243288116755704	1	176	log2(tiles)=0.00 log10(pixels)=2.50
0.0185139398778875	1	177	log2(tiles)=0.00 log10(pixels)=1.50
-0.118702203402377	1	178	log2(tiles)=1.00 log10(pixels)=3.25
0.0287536009528289	5	179	log2(tiles)=0.00 log10(pixels)=1.25
-0.076813731587726	1	180	log2(tiles)=0.00 log10(pixels)=2.25
0.0510299956639812	2	181	log2(tiles)=0.00 log10(pixels)=0.25
0.0617538610557542	1	182	log2(tiles)=0.00 log10(pixels)=2.25
0.02415784926368	1	183	log2(tiles)=0.00 log10(pixels)=2.25
0.0950980400142569	1	184	log2(tiles)=0.00 log10(pixels)=1.75
-0.119788758288394	1	185	log2(tiles)=0.00 log10(pixels)=1.50
0.0695439355418688	1	186	log2(tiles)=1.00 log10(pixels)=1.75
0.0950980400142569	2	187	log2(tiles)=0.00 log10(pixels)=1.75
0.0413926851582249	3	188	log2(tiles)=0.00 log10(pixels)=1.00
0.110589710299249	1	189	log2(tiles)=0.00 log10(pixels)=2.00
0.0281512503836436	1	190	log2(tiles)=1.50 log10(pixels)=1.75
0.0440680443502757	1	191	log2(tiles)=0.00 log10(pixels)=1.50
-0.0654310959658013	1	192	log2(tiles)=1.00 log10(pixels)=2.50
0.0722192947339193	2	193	log2(tiles)=0.00 log10(pixels)=1.25
0.123249290397901	1	194	log2(tiles)=0.00 log10(pixels)=1.50
-0.0376020021010439	2	195	log2(tiles)=0.00 log10(pixels)=1.50
0.00514997831990605	1	196	log2(tiles)=0.00 log10(pixels)=1.50
0.104108439147401	1	197	log2(tiles)=0.00 log10(pixels)=2.25
-0.0655015487564323	1	198	log2(tiles)=0.00 log10(pixels)=2.00
-0.0951662833800619	1	199	log2(tiles)=1.00 log10(pixels)=2.50
0.113322860120456	1	200	log2(tiles)=1.00 log10(pixels)=1.75
-0.0969100130080565	1	201	log2(tiles)=1.00 log10(pixels)=1.00
-0.0325160557860937	1	202	log2(tiles)=0.00 log10(pixels)=2.25
0.111727836017593	2	203	log2(tiles)=0.00 log10(pixels)=1.25
-0.0224587429714438	1	204	log2(tiles)=1.00 log10(pixels)=2.75
0.00514997831990605	2	205	log2(tiles)=0.00 log10(pixels)=1.50
0.0943922736851106	2	206	log2(tiles)=1.00 log10(pixels)=2.25
-0.00445566245355167	1	207	log2(tiles)=2.00 log10(pixels)=2.50
0.0281512503836436	1	208	log2(tiles)=0.00 log10(pixels)=0.75
0.0617538610557542	2	209	log2(tiles)=0.00 log10(pixels)=2.25
0.0078558716958308	1	210	log2(tiles)=0.00 log10(pixels)=2.50
-0.0354210464295011	1	211	log2(tiles)=2.25 log10(pixels)=3.25
0.0606978403536118	1	212	log2(tiles)=0.00 log10(pixels)=2.00
0.112783856719735	1	213	log2(tiles)=0.00 log10(pixels)=2.50
-0.0739087409443187	2	214	log2(tiles)=0.00 log10(pixels)=1.25
-0.0325160557860937	2	215	log2(tiles)=0.00 log10(pixels)=2.25
-0.0458800173440752	2	216	log2(tiles)=0.00 log10(pixels)=1.25
-0.0686362358410126	1	217	log2(tiles)=0.00 log10(pixels)=1.50
-0.0739087409443187	3	218	log2(tiles)=0.00 log10(pixels)=1.25
0.0281512503836436	2	219	log2(tiles)=0.00 log10(pixels)=0.75
0.113943352306837	1	220	log2(tiles)=1.00 log10(pixels)=1.00
0.0510299956639813	1	221	log2(tiles)=1.00 log10(pixels)=2.25
-0.0916375079047502	1	222	log2(tiles)=0.00 log10(pixels)=2.25
0.0681858617461617	2	223	log2(tiles)=0.00 log10(pixels)=2.00
0.0760748027008265	2	224	log2(tiles)=0.00 log10(pixels)=1.75
-0.122895201635192	1	225	log2(tiles)=1.00 log10(pixels)=2.25
0.0722192947339193	1	226	log2(tiles)=1.00 log10(pixels)=1.25
0.112783856719735	2	227	log2(tiles)=0.00 log10(pixels)=1.50
-0.0575202309355514	1	228	log2(tiles)=1.00 log10(pixels)=2.50
0.123249290397901	2	229	log2(tiles)=0.00 log10(pixels)=1.50
0.0453229787866576	1	230	log2(tiles)=1.50 log10(pixels)=2.00
0.0950980400142568	3	231	log2(tiles)=0.00 log10(pixels)=0.75
0.0510299956639813	1	232	log2(tiles)=0.00 log10(pixels)=1.25
0.100370545117563	1	233	log2(tiles)=1.00 log10(pixels)=2.00
0.0587085705331658	2	234	log2(tiles)=1.00 log10(pixels)=2.50
-0.0739087409443187	4	235	log2(tiles)=0.00 log10(pixels)=1.25
0.0791812460476249	2	236	log2(tiles)=0.00 log10(pixels)=1.00
-0.0228787452803376	1	237	log2(tiles)=1.00 log10(pixels)=1.50
-0.0528419686577806	1	238	log2(tiles)=2.00 log10(pixels)=2.50
0.00514997831990605	3	239	log2(tiles)=0.00 log10(pixels)=1.50
-0.0228787452803376	1	240	log2(tiles)=0.00 log10(pixels)=0.50
-0.0177287669604316	1	241	log2(tiles)=1.00 log10(pixels)=2.00
-0.0228787452803376	2	242	log2(tiles)=0.00 log10(pixels)=0.50
0.0355573090077739	2	243	log2(tiles)=1.00 log10(pixels)=2.25
-0.0681564120552274	1	244	log2(tiles)=1.00 log10(pixels)=2.25
-0.0510299956639812	2	245	log2(tiles)=0.00 log10(pixels)=0.75
0.0281512503836436	1	246	log2(tiles)=2.00 log10(pixels)=1.75
-0.103871964321762	1	247	log2(tiles)=1.00 log10(pixels)=1.25
-0.0451551399914898	1	248	log2(tiles)=0.00 log10(pixels)=2.50
-0.102372908709559	1	249	log2(tiles)=2.00 log10(pixels)=3.00
0.0374264979406238	2	250	log2(tiles)=0.00 log10(pixels)=2.00
0.0510299956639813	2	251	log2(tiles)=0.00 log10(pixels)=1.25
0	3	252	log2(tiles)=0.00 log10(pixels)=1.00
0.0293837776852097	1	253	log2(tiles)=1.00 log10(pixels)=2.00
0.0569048513364727	1	254	log2(tiles)=1.00 log10(pixels)=2.00
0.0281512503836436	1	255	log2(tiles)=1.00 log10(pixels)=0.75
0.102059991327962	1	256	log2(tiles)=0.00 log10(pixels)=0.50
-0.0141246426916064	1	257	log2(tiles)=0.00 log10(pixels)=3.00
-0.0510299956639812	3	258	log2(tiles)=0.00 log10(pixels)=0.75
0	4	259	log2(tiles)=0.00 log10(pixels)=1.00
-0.0555173278498313	1	260	log2(tiles)=2.00 log10(pixels)=2.00
-0.0996328713435295	1	261	log2(tiles)=2.00 log10(pixels)=3.00
0.0606978403536118	1	262	log2(tiles)=1.50 log10(pixels)=2.00
0.00527250510330601	2	263	log2(tiles)=0.00 log10(pixels)=1.25
-0.102059991327962	1	264	log2(tiles)=0.00 log10(pixels)=1.50
0.0171717284030137	1	265	log2(tiles)=1.50 log10(pixels)=2.25
-0.118556230986828	1	266	log2(tiles)=0.00 log10(pixels)=2.75
0.0145205387579237	1	267	log2(tiles)=1.00 log10(pixels)=3.00
0.0510299956639812	3	268	log2(tiles)=0.00 log10(pixels)=0.25
0.0910646070264991	2	269	log2(tiles)=0.00 log10(pixels)=1.50
0	5	270	log2(tiles)=0.00 log10(pixels)=1.00
-0.0705810742857072	1	271	log2(tiles)=1.00 log10(pixels)=2.00
0.0681858617461617	3	272	log2(tiles)=0.00 log10(pixels)=2.00
0.0353298350107671	1	273	log2(tiles)=0.00 log10(pixels)=1.75
-0.0967874862246563	2	274	log2(tiles)=0.00 log10(pixels)=1.75
-0.114638779968488	1	275	log2(tiles)=0.00 log10(pixels)=3.00
0.0950980400142568	4	276	log2(tiles)=0.00 log10(pixels)=0.75
-0.00877392430750512	1	277	log2(tiles)=1.00 log10(pixels)=2.00
0.0381683711411678	1	278	log2(tiles)=1.00 log10(pixels)=2.75
-0.0545183235098024	1	279	log2(tiles)=0.00 log10(pixels)=2.75
-0.0920514783877278	1	280	log2(tiles)=1.50 log10(pixels)=3.00
-0.0969100130080565	2	281	log2(tiles)=0.00 log10(pixels)=1.00
-0.0528419686577806	2	282	log2(tiles)=2.00 log10(pixels)=2.50
0.102059991327962	2	283	log2(tiles)=0.00 log10(pixels)=0.50
0.0924226808222062	1	284	log2(tiles)=0.00 log10(pixels)=2.25
0.0287536009528289	6	285	log2(tiles)=0.00 log10(pixels)=1.25
0.0413926851582249	4	286	log2(tiles)=0.00 log10(pixels)=1.00
0.0983048630481607	1	287	log2(tiles)=0.00 log10(pixels)=2.25
0.0907332346118066	1	288	log2(tiles)=0.00 log10(pixels)=2.75
-0.0228787452803376	3	289	log2(tiles)=0.00 log10(pixels)=0.50
-0.0872421683184259	1	290	log2(tiles)=1.00 log10(pixels)=1.75
0.107209969647868	1	291	log2(tiles)=0.00 log10(pixels)=2.00
0.0413926851582249	5	292	log2(tiles)=0.00 log10(pixels)=1.00
-0.0356702402547668	1	293	log2(tiles)=2.00 log10(pixels)=2.75
-0.0457574905606751	2	294	log2(tiles)=0.00 log10(pixels)=1.00
0.112783856719735	3	295	log2(tiles)=0.00 log10(pixels)=1.50
0.0553513694466239	1	296	log2(tiles)=1.00 log10(pixels)=2.25
-0.040607512240769	1	297	log2(tiles)=0.00 log10(pixels)=2.50
0.0722192947339193	3	298	log2(tiles)=0.00 log10(pixels)=1.25
0.0510299956639813	3	299	log2(tiles)=0.00 log10(pixels)=1.25
-0.0977116556169437	2	300	log2(tiles)=0.00 log10(pixels)=2.25
0.0453229787866576	1	301	log2(tiles)=1.00 log10(pixels)=2.00
-0.103871964321762	5	302	log2(tiles)=0.00 log10(pixels)=1.25
0.113943352306837	2	303	log2(tiles)=0.00 log10(pixels)=1.00
0.00432137378264263	2	304	log2(tiles)=0.00 log10(pixels)=2.00
-0.0457574905606751	3	305	log2(tiles)=0.00 log10(pixels)=1.00
0.113943352306837	3	306	log2(tiles)=0.00 log10(pixels)=1.00
0.0642475957319202	1	307	log2(tiles)=1.00 log10(pixels)=2.75
-0.0228787452803376	4	308	log2(tiles)=0.00 log10(pixels)=0.50
0.0428254269591797	1	309	log2(tiles)=1.00 log10(pixels)=2.50
-0.0457574905606751	4	310	log2(tiles)=0.00 log10(pixels)=1.00
0.0950980400142568	5	311	log2(tiles)=0.00 log10(pixels)=0.75
0.0281512503836436	3	312	log2(tiles)=0.00 log10(pixels)=0.75
-0.0431741239681505	1	313	log2(tiles)=1.00 log10(pixels)=2.25
0	1	314	log2(tiles)=0.00 log10(pixels)=2.00
-0.0376020021010439	1	315	log2(tiles)=1.00 log10(pixels)=1.50
-0.113279432843593	1	316	log2(tiles)=0.00 log10(pixels)=2.25
0.0185139398778875	2	317	log2(tiles)=0.00 log10(pixels)=1.50
-0.0739087409443187	1	318	log2(tiles)=1.00 log10(pixels)=1.25
-0.11069829749369	1	319	log2(tiles)=1.00 log10(pixels)=3.00
0.0413926851582249	1	320	log2(tiles)=1.00 log10(pixels)=2.00
0.0510299956639812	4	321	log2(tiles)=0.00 log10(pixels)=0.25
0.0950980400142568	6	322	log2(tiles)=0.00 log10(pixels)=0.75
-0.0228787452803376	5	323	log2(tiles)=0.00 log10(pixels)=0.50
0.0510299956639812	5	324	log2(tiles)=0.00 log10(pixels)=0.25
0.0510299956639812	6	325	log2(tiles)=0.00 log10(pixels)=0.25
0.0510299956639813	1	326	log2(tiles)=1.00 log10(pixels)=1.25
0.111727836017593	2	327	log2(tiles)=1.00 log10(pixels)=1.25
-0.0969100130080565	3	328	log2(tiles)=0.00 log10(pixels)=1.00
0.102059991327962	3	329	log2(tiles)=0.00 log10(pixels)=0.50
0.00587485567249146	2	330	log2(tiles)=0.00 log10(pixels)=1.75
-0.107923538926715	1	331	log2(tiles)=1.50 log10(pixels)=3.25
-0.10078088734462	1	332	log2(tiles)=0.00 log10(pixels)=2.25
-0.119788758288394	2	333	log2(tiles)=0.00 log10(pixels)=1.50
-0.0424298239020637	1	334	log2(tiles)=0.00 log10(pixels)=1.75
0.0950980400142568	7	335	log2(tiles)=0.00 log10(pixels)=0.75
0.111727836017593	3	336	log2(tiles)=0.00 log10(pixels)=1.25
0.00527250510330601	3	337	log2(tiles)=0.00 log10(pixels)=1.25
-0.0687587626244128	1	338	log2(tiles)=0.00 log10(pixels)=1.75
-0.0228787452803376	6	339	log2(tiles)=0.00 log10(pixels)=0.50
-0.0969100130080565	4	340	log2(tiles)=0.00 log10(pixels)=1.00
0	6	341	log2(tiles)=0.00 log10(pixels)=1.00
-0.0510299956639812	4	342	log2(tiles)=0.00 log10(pixels)=0.75
0.112783856719735	1	343	log2(tiles)=2.00 log10(pixels)=1.50
0.0563025007672873	1	344	log2(tiles)=1.00 log10(pixels)=1.50
-0.1249387366083	1	345	log2(tiles)=1.00 log10(pixels)=2.00
-0.0228787452803376	7	346	log2(tiles)=0.00 log10(pixels)=0.50
0.0281512503836436	4	347	log2(tiles)=0.00 log10(pixels)=0.75
0.113943352306837	4	348	log2(tiles)=0.00 log10(pixels)=1.00
-0.0969100130080565	2	349	log2(tiles)=1.00 log10(pixels)=1.00
-0.0510299956639812	5	350	log2(tiles)=0.00 log10(pixels)=0.75
-0.085026652029182	2	351	log2(tiles)=0.00 log10(pixels)=1.50
-0.0325160557860937	3	352	log2(tiles)=0.00 log10(pixels)=2.25
0	7	353	log2(tiles)=0.00 log10(pixels)=1.00
0.0791812460476249	3	354	log2(tiles)=0.00 log10(pixels)=1.00
0.110589710299249	2	355	log2(tiles)=0.00 log10(pixels)=2.00
-0.0257241303992108	1	356	log2(tiles)=0.00 log10(pixels)=1.75
-0.00863830616572736	2	357	log2(tiles)=0.00 log10(pixels)=1.50
-0.00963731050575611	1	358	log2(tiles)=1.00 log10(pixels)=1.75
0.100370545117563	1	359	log2(tiles)=0.00 log10(pixels)=2.00
-0.109064892896621	1	360	log2(tiles)=0.00 log10(pixels)=2.50
0.102059991327962	4	361	log2(tiles)=0.00 log10(pixels)=0.50
0.102059991327962	5	362	log2(tiles)=0.00 log10(pixels)=0.50
-0.0176062401770314	1	363	log2(tiles)=0.00 log10(pixels)=1.75
-0.119186407719209	2	364	log2(tiles)=0.00 log10(pixels)=2.00
0.0563025007672873	1	365	log2(tiles)=0.00 log10(pixels)=1.50
0.119231719730976	1	366	log2(tiles)=0.00 log10(pixels)=1.75
0.113943352306837	5	367	log2(tiles)=0.00 log10(pixels)=1.00
0.0910646070264991	3	368	log2(tiles)=0.00 log10(pixels)=1.50
0.0492180226701815	1	369	log2(tiles)=1.00 log10(pixels)=2.00
0.102059991327962	6	370	log2(tiles)=0.00 log10(pixels)=0.50
0.0983048630481607	1	371	log2(tiles)=1.00 log10(pixels)=2.25
-0.0228787452803376	8	372	log2(tiles)=0.00 log10(pixels)=0.50
-0.00863830616572736	3	373	log2(tiles)=0.00 log10(pixels)=1.50
0.00527250510330601	1	374	log2(tiles)=1.00 log10(pixels)=1.25
0.111727836017593	3	375	log2(tiles)=1.00 log10(pixels)=1.25
0.0722192947339193	4	376	log2(tiles)=0.00 log10(pixels)=1.25
-0.0739087409443187	5	377	log2(tiles)=0.00 log10(pixels)=1.25
-0.0739087409443187	6	378	log2(tiles)=0.00 log10(pixels)=1.25
-0.116531544420413	1	379	log2(tiles)=0.00 log10(pixels)=1.75
-0.00863830616572736	4	380	log2(tiles)=0.00 log10(pixels)=1.50
0.0563025007672873	2	381	log2(tiles)=0.00 log10(pixels)=1.50
0.102059991327962	7	382	log2(tiles)=0.00 log10(pixels)=0.50
0.102059991327962	8	383	log2(tiles)=0.00 log10(pixels)=0.50
0.0281512503836436	5	384	log2(tiles)=0.00 log10(pixels)=0.75
-0.0510299956639812	6	385	log2(tiles)=0.00 log10(pixels)=0.75
-0.103871964321762	6	386	log2(tiles)=0.00 log10(pixels)=1.25
-0.0457574905606751	5	387	log2(tiles)=0.00 log10(pixels)=1.00
0.0281512503836436	1	388	log2(tiles)=1.00 log10(pixels)=1.75
0.0722192947339193	5	389	log2(tiles)=0.00 log10(pixels)=1.25
0.102059991327962	9	390	log2(tiles)=0.00 log10(pixels)=0.50
0.00527250510330601	4	391	log2(tiles)=0.00 log10(pixels)=1.25
0.103803720955957	1	392	log2(tiles)=1.00 log10(pixels)=2.00
0.0134279935629373	2	393	log2(tiles)=0.00 log10(pixels)=1.75
0.113841821876069	1	394	log2(tiles)=1.00 log10(pixels)=2.50
-0.00963731050575611	2	395	log2(tiles)=1.00 log10(pixels)=1.75
0	8	396	log2(tiles)=0.00 log10(pixels)=1.00
0.0281512503836436	2	397	log2(tiles)=0.00 log10(pixels)=1.75
-0.0376020021010439	2	398	log2(tiles)=1.00 log10(pixels)=1.50
0.0599066250361124	1	399	log2(tiles)=0.00 log10(pixels)=2.50
0	9	400	log2(tiles)=0.00 log10(pixels)=1.00
0.0950980400142568	8	401	log2(tiles)=0.00 log10(pixels)=0.75
0.0510299956639812	7	402	log2(tiles)=0.00 log10(pixels)=0.25
0.0510299956639813	4	403	log2(tiles)=0.00 log10(pixels)=1.25
0.0563025007672873	3	404	log2(tiles)=0.00 log10(pixels)=1.50
-0.0228787452803376	9	405	log2(tiles)=0.00 log10(pixels)=0.50
0.00514997831990605	4	406	log2(tiles)=0.00 log10(pixels)=1.50
-0.106547323513813	2	407	log2(tiles)=0.00 log10(pixels)=1.75
-0.00863830616572736	5	408	log2(tiles)=0.00 log10(pixels)=1.50
-0.0228787452803376	10	409	log2(tiles)=0.00 log10(pixels)=0.50
0.102059991327962	1	410	log2(tiles)=1.00 log10(pixels)=0.50
0.0629133566428555	1	411	log2(tiles)=1.00 log10(pixels)=1.75
0.101258348719075	1	412	log2(tiles)=1.50 log10(pixels)=1.75
-0.0598039199714864	1	413	log2(tiles)=0.00 log10(pixels)=1.75
-0.0739087409443187	7	414	log2(tiles)=0.00 log10(pixels)=1.25
-0.103871964321762	7	415	log2(tiles)=0.00 log10(pixels)=1.25
-0.0969100130080565	5	416	log2(tiles)=0.00 log10(pixels)=1.00
0.00514997831990605	5	417	log2(tiles)=0.00 log10(pixels)=1.50
0.0287536009528289	1	418	log2(tiles)=1.00 log10(pixels)=1.25
-0.0228787452803376	11	419	log2(tiles)=0.00 log10(pixels)=0.50
-0.0195510786217261	3	420	log2(tiles)=0.00 log10(pixels)=1.25
-0.0528419686577808	1	421	log2(tiles)=0.00 log10(pixels)=1.50
-0.0969100130080565	1	422	log2(tiles)=1.00 log10(pixels)=2.00
-0.109064892896621	1	423	log2(tiles)=1.00 log10(pixels)=2.50
0.00860017176191752	1	424	log2(tiles)=1.00 log10(pixels)=2.00
-0.0951662833800619	2	425	log2(tiles)=1.00 log10(pixels)=2.50
-0.0969100130080565	3	426	log2(tiles)=1.00 log10(pixels)=1.00
0.0510299956639813	2	427	log2(tiles)=1.00 log10(pixels)=2.25
0.0910646070264991	4	428	log2(tiles)=0.00 log10(pixels)=1.50
0.0281512503836436	6	429	log2(tiles)=0.00 log10(pixels)=0.75
0.0910646070264991	5	430	log2(tiles)=0.00 log10(pixels)=1.50
0.0718820073061255	1	431	log2(tiles)=1.00 log10(pixels)=2.00
0.0786392099680722	1	432	log2(tiles)=1.00 log10(pixels)=2.50
-0.0243288116755704	1	433	log2(tiles)=1.00 log10(pixels)=2.50
0	10	434	log2(tiles)=0.00 log10(pixels)=1.00
-0.00863830616572736	6	435	log2(tiles)=0.00 log10(pixels)=1.50
0.0413926851582249	6	436	log2(tiles)=0.00 log10(pixels)=1.00
0.0510299956639812	8	437	log2(tiles)=0.00 log10(pixels)=0.25
-0.029891911959945	1	438	log2(tiles)=1.00 log10(pixels)=2.25
0.0510299956639812	9	439	log2(tiles)=0.00 log10(pixels)=0.25
0.0185139398778875	3	440	log2(tiles)=0.00 log10(pixels)=1.50
-0.0510299956639812	7	441	log2(tiles)=0.00 log10(pixels)=0.75
0.0950980400142568	9	442	log2(tiles)=0.00 log10(pixels)=0.75
-0.085026652029182	3	443	log2(tiles)=0.00 log10(pixels)=1.50
0.0722192947339193	2	444	log2(tiles)=1.00 log10(pixels)=1.25
-0.0687587626244128	2	445	log2(tiles)=0.00 log10(pixels)=1.75
0.0644579892269186	1	446	log2(tiles)=1.00 log10(pixels)=2.00
0.0488530764097068	1	447	log2(tiles)=0.00 log10(pixels)=2.25
-0.0457574905606751	6	448	log2(tiles)=0.00 log10(pixels)=1.00
0.117271295655764	1	449	log2(tiles)=1.00 log10(pixels)=2.00
-0.0510299956639812	8	450	log2(tiles)=0.00 log10(pixels)=0.75
0.102059991327962	10	451	log2(tiles)=0.00 log10(pixels)=0.50
-0.0510299956639812	1	452	log2(tiles)=1.00 log10(pixels)=0.75
0.0170333392987803	1	453	log2(tiles)=1.00 log10(pixels)=2.00
0.0596301674258988	1	454	log2(tiles)=0.00 log10(pixels)=2.25
0.113943352306837	6	455	log2(tiles)=0.00 log10(pixels)=1.00
-0.0228787452803376	12	456	log2(tiles)=0.00 log10(pixels)=0.50
0.0510299956639812	10	457	log2(tiles)=0.00 log10(pixels)=0.25
0.0510299956639813	5	458	log2(tiles)=0.00 log10(pixels)=1.25
-0.0257241303992108	2	459	log2(tiles)=0.00 log10(pixels)=1.75
-0.0528419686577808	2	460	log2(tiles)=0.00 log10(pixels)=1.50
-0.0528419686577808	3	461	log2(tiles)=0.00 log10(pixels)=1.50
-0.0872421683184259	2	462	log2(tiles)=0.00 log10(pixels)=1.75
-0.116531544420413	2	463	log2(tiles)=0.00 log10(pixels)=1.75
0.102059991327962	11	464	log2(tiles)=0.00 log10(pixels)=0.50
0.00514997831990605	6	465	log2(tiles)=0.00 log10(pixels)=1.50
0.0510299956639812	1	466	log2(tiles)=1.00 log10(pixels)=0.25
0.0863598306747484	1	467	log2(tiles)=1.00 log10(pixels)=2.00
0.0510299956639812	11	468	log2(tiles)=0.00 log10(pixels)=0.25
0.0170333392987803	2	469	log2(tiles)=1.00 log10(pixels)=2.00
-0.102372908709559	1	470	log2(tiles)=1.00 log10(pixels)=2.00
0.00527250510330601	5	471	log2(tiles)=0.00 log10(pixels)=1.25
0.00527250510330601	2	472	log2(tiles)=1.00 log10(pixels)=1.25
-0.0228787452803376	13	473	log2(tiles)=0.00 log10(pixels)=0.50
0	11	474	log2(tiles)=0.00 log10(pixels)=1.00
0.0950980400142568	10	475	log2(tiles)=0.00 log10(pixels)=0.75
0.0791812460476249	4	476	log2(tiles)=0.00 log10(pixels)=1.00
0.068201724066995	3	477	log2(tiles)=0.00 log10(pixels)=1.50
-0.0339966563652008	1	478	log2(tiles)=1.00 log10(pixels)=1.75
0.0563025007672873	4	479	log2(tiles)=0.00 log10(pixels)=1.50
0.0413926851582249	7	480	log2(tiles)=0.00 log10(pixels)=1.00
0.00527250510330601	6	481	log2(tiles)=0.00 log10(pixels)=1.25
-0.0739087409443187	8	482	log2(tiles)=0.00 log10(pixels)=1.25
-0.103871964321762	8	483	log2(tiles)=0.00 log10(pixels)=1.25
0.0314789170422551	1	484	log2(tiles)=0.00 log10(pixels)=1.50
0.0440680443502757	2	485	log2(tiles)=0.00 log10(pixels)=1.50
0.0510299956639812	12	486	log2(tiles)=0.00 log10(pixels)=0.25
-0.0458800173440752	3	487	log2(tiles)=0.00 log10(pixels)=1.25
0.0413926851582249	8	488	log2(tiles)=0.00 log10(pixels)=1.00
-0.0510299956639812	9	489	log2(tiles)=0.00 log10(pixels)=0.75
0.0413926851582249	9	490	log2(tiles)=0.00 log10(pixels)=1.00
-0.0228787452803376	14	491	log2(tiles)=0.00 log10(pixels)=0.50
0.0287536009528289	7	492	log2(tiles)=0.00 log10(pixels)=1.25
0.0314789170422551	1	493	log2(tiles)=1.00 log10(pixels)=1.50
0.0413926851582249	10	494	log2(tiles)=0.00 log10(pixels)=1.00
-0.0228787452803376	2	495	log2(tiles)=0.00 log10(pixels)=1.50
0.0943925503754266	1	496	log2(tiles)=1.00 log10(pixels)=2.50
-0.113279432843593	2	497	log2(tiles)=0.00 log10(pixels)=2.25
0.113943352306837	1	498	log2(tiles)=0.00 log10(pixels)=2.00
0.0510299956639813	6	499	log2(tiles)=0.00 log10(pixels)=1.25
-0.0510299956639812	10	500	log2(tiles)=0.00 log10(pixels)=0.75
0.0281512503836436	7	501	log2(tiles)=0.00 log10(pixels)=0.75
-0.0228787452803376	15	502	log2(tiles)=0.00 log10(pixels)=0.50
-0.119666231504994	1	503	log2(tiles)=1.00 log10(pixels)=2.25
-0.0176062401770314	2	504	log2(tiles)=0.00 log10(pixels)=1.75
-0.082682665251824	2	505	log2(tiles)=1.00 log10(pixels)=2.25
0.0924226808222062	1	506	log2(tiles)=0.00 log10(pixels)=1.25
-0.0969100130080565	6	507	log2(tiles)=0.00 log10(pixels)=1.00
0.111727836017593	4	508	log2(tiles)=0.00 log10(pixels)=1.25
-0.00696195131370558	1	509	log2(tiles)=1.00 log10(pixels)=2.25
-0.0739087409443187	9	510	log2(tiles)=0.00 log10(pixels)=1.25
0.00514997831990605	7	511	log2(tiles)=0.00 log10(pixels)=1.50
0.0510299956639812	13	512	log2(tiles)=0.00 log10(pixels)=0.25
0.102059991327962	12	513	log2(tiles)=0.00 log10(pixels)=0.50
-0.0624792791635369	1	514	log2(tiles)=1.00 log10(pixels)=2.25
-0.0357403698031509	1	515	log2(tiles)=1.50 log10(pixels)=3.00
-0.0457574905606751	7	516	log2(tiles)=0.00 log10(pixels)=1.00
0.0510299956639812	14	517	log2(tiles)=0.00 log10(pixels)=0.25
0.0281512503836436	2	518	log2(tiles)=1.00 log10(pixels)=1.75
-0.0916375079047502	1	519	log2(tiles)=1.00 log10(pixels)=2.25
0.102059991327962	13	520	log2(tiles)=0.00 log10(pixels)=0.50
0.0510299956639812	15	521	log2(tiles)=0.00 log10(pixels)=0.25
-0.0457574905606751	1	522	log2(tiles)=1.00 log10(pixels)=1.00
0.0281512503836436	3	523	log2(tiles)=0.00 log10(pixels)=1.75
-0.0228787452803376	16	524	log2(tiles)=0.00 log10(pixels)=0.50
0.113943352306837	7	525	log2(tiles)=0.00 log10(pixels)=1.00
0.0569048513364727	2	526	log2(tiles)=1.00 log10(pixels)=2.00
0.0134279935629373	3	527	log2(tiles)=0.00 log10(pixels)=1.75
0.0791812460476249	2	528	log2(tiles)=1.00 log10(pixels)=1.00
-0.0510299956639812	11	529	log2(tiles)=0.00 log10(pixels)=0.75
0.0413926851582249	11	530	log2(tiles)=0.00 log10(pixels)=1.00
0.068201724066995	1	531	log2(tiles)=1.00 log10(pixels)=1.50
0.0281512503836436	8	532	log2(tiles)=0.00 log10(pixels)=0.75
0.102059991327962	14	533	log2(tiles)=0.00 log10(pixels)=0.50
-0.103871964321762	9	534	log2(tiles)=0.00 log10(pixels)=1.25
0.0924226808222062	2	535	log2(tiles)=0.00 log10(pixels)=1.25
0.0910646070264991	6	536	log2(tiles)=0.00 log10(pixels)=1.50
-0.0458800173440752	4	537	log2(tiles)=0.00 log10(pixels)=1.25
0.102059991327962	15	538	log2(tiles)=0.00 log10(pixels)=0.50
-0.0458800173440752	5	539	log2(tiles)=0.00 log10(pixels)=1.25
0.0510299956639812	16	540	log2(tiles)=0.00 log10(pixels)=0.25
-0.0969100130080565	7	541	log2(tiles)=0.00 log10(pixels)=1.00
-0.116531544420413	2	542	log2(tiles)=1.00 log10(pixels)=1.75
-0.0457574905606751	8	543	log2(tiles)=0.00 log10(pixels)=1.00
0	12	544	log2(tiles)=0.00 log10(pixels)=1.00
0.113943352306837	8	545	log2(tiles)=0.00 log10(pixels)=1.00
0.0950980400142568	11	546	log2(tiles)=0.00 log10(pixels)=0.75
0.102059991327962	16	547	log2(tiles)=0.00 log10(pixels)=0.50
0	13	548	log2(tiles)=0.00 log10(pixels)=1.00
0.00514997831990605	8	549	log2(tiles)=0.00 log10(pixels)=1.50
-0.0195510786217261	4	550	log2(tiles)=0.00 log10(pixels)=1.25
0.0293837776852097	1	551	log2(tiles)=0.00 log10(pixels)=2.00
-0.0510299956639812	12	552	log2(tiles)=0.00 log10(pixels)=0.75
-0.0598039199714864	2	553	log2(tiles)=0.00 log10(pixels)=1.75
-0.0528419686577808	4	554	log2(tiles)=0.00 log10(pixels)=1.50
-0.0867002359187481	1	555	log2(tiles)=0.00 log10(pixels)=2.50
-0.117542707815276	1	556	log2(tiles)=1.00 log10(pixels)=2.75
-0.00584540598155714	2	557	log2(tiles)=1.50 log10(pixels)=2.50
-0.116461091629783	1	558	log2(tiles)=1.00 log10(pixels)=2.25
0.0413926851582249	12	559	log2(tiles)=0.00 log10(pixels)=1.00
-0.0739087409443187	10	560	log2(tiles)=0.00 log10(pixels)=1.25
-0.0767541260631921	1	561	log2(tiles)=1.00 log10(pixels)=2.50
-0.0510299956639812	13	562	log2(tiles)=0.00 log10(pixels)=0.75
-0.0510299956639813	1	563	log2(tiles)=0.00 log10(pixels)=1.75
0.0797835966168101	1	564	log2(tiles)=0.00 log10(pixels)=1.50
-0.102372908709559	1	565	log2(tiles)=0.00 log10(pixels)=2.00
0.0413926851582249	13	566	log2(tiles)=0.00 log10(pixels)=1.00
-0.0228787452803376	17	567	log2(tiles)=0.00 log10(pixels)=0.50
0.0413926851582249	14	568	log2(tiles)=0.00 log10(pixels)=1.00
0.0281512503836436	2	569	log2(tiles)=1.00 log10(pixels)=0.75
0.00527250510330601	7	570	log2(tiles)=0.00 log10(pixels)=1.25
0.0791812460476249	3	571	log2(tiles)=1.00 log10(pixels)=1.00
0.113943352306837	9	572	log2(tiles)=0.00 log10(pixels)=1.00
-0.106547323513813	3	573	log2(tiles)=0.00 log10(pixels)=1.75
0.0510299956639812	17	574	log2(tiles)=0.00 log10(pixels)=0.25
-0.103871964321762	10	575	log2(tiles)=0.00 log10(pixels)=1.25
-0.119788758288394	3	576	log2(tiles)=0.00 log10(pixels)=1.50
0.0950980400142568	12	577	log2(tiles)=0.00 log10(pixels)=0.75
-0.0510299956639812	14	578	log2(tiles)=0.00 log10(pixels)=0.75
-0.0969100130080565	8	579	log2(tiles)=0.00 log10(pixels)=1.00
0.0510299956639812	18	580	log2(tiles)=0.00 log10(pixels)=0.25
-0.0195510786217261	1	581	log2(tiles)=1.00 log10(pixels)=1.25
0.0281512503836436	3	582	log2(tiles)=1.00 log10(pixels)=1.75
0.0281512503836436	3	583	log2(tiles)=1.00 log10(pixels)=0.75
0.0281512503836436	9	584	log2(tiles)=0.00 log10(pixels)=0.75
-0.0686362358410126	2	585	log2(tiles)=0.00 log10(pixels)=1.50
-0.0528419686577808	5	586	log2(tiles)=0.00 log10(pixels)=1.50
0.0791812460476249	5	587	log2(tiles)=0.00 log10(pixels)=1.00
0.113943352306837	10	588	log2(tiles)=0.00 log10(pixels)=1.00
0.00514997831990605	1	589	log2(tiles)=1.00 log10(pixels)=1.50
-0.119788758288394	4	590	log2(tiles)=0.00 log10(pixels)=1.50
-0.0739087409443187	11	591	log2(tiles)=0.00 log10(pixels)=1.25
0.0924226808222062	3	592	log2(tiles)=0.00 log10(pixels)=1.25
0.00527250510330601	8	593	log2(tiles)=0.00 log10(pixels)=1.25
-0.0451551399914898	2	594	log2(tiles)=0.00 log10(pixels)=2.50
0.0287536009528289	8	595	log2(tiles)=0.00 log10(pixels)=1.25
0.0888490907372552	1	596	log2(tiles)=1.00 log10(pixels)=1.75
0.0195129442179165	1	597	log2(tiles)=1.50 log10(pixels)=2.25
-0.102059991327962	2	598	log2(tiles)=1.00 log10(pixels)=1.50
0.075546961392531	1	599	log2(tiles)=1.00 log10(pixels)=2.00
-0.0739087409443187	12	600	log2(tiles)=0.00 log10(pixels)=1.25
0.113943352306837	11	601	log2(tiles)=0.00 log10(pixels)=1.00
0.0825089127062364	1	602	log2(tiles)=0.00 log10(pixels)=1.75
0.0185139398778875	4	603	log2(tiles)=0.00 log10(pixels)=1.50
0.0791812460476249	6	604	log2(tiles)=0.00 log10(pixels)=1.00
0.0924226808222062	4	605	log2(tiles)=0.00 log10(pixels)=1.25
0.102059991327962	17	606	log2(tiles)=0.00 log10(pixels)=0.50
0.0281512503836436	10	607	log2(tiles)=0.00 log10(pixels)=0.75
0.12057393120585	1	608	log2(tiles)=0.00 log10(pixels)=2.00
0.0287536009528289	9	609	log2(tiles)=0.00 log10(pixels)=1.25
-0.0228787452803376	18	610	log2(tiles)=0.00 log10(pixels)=0.50
-0.085026652029182	4	611	log2(tiles)=0.00 log10(pixels)=1.50
-0.0686362358410126	3	612	log2(tiles)=0.00 log10(pixels)=1.50
-0.0510299956639812	2	613	log2(tiles)=1.00 log10(pixels)=0.75
-0.0969100130080565	9	614	log2(tiles)=0.00 log10(pixels)=1.00
0.0510299956639812	19	615	log2(tiles)=0.00 log10(pixels)=0.25
0	1	616	log2(tiles)=0.00 log10(pixels)=0.00
0	2	617	log2(tiles)=0.00 log10(pixels)=0.00
-0.119186407719209	3	618	log2(tiles)=0.00 log10(pixels)=2.00
0.0791812460476249	7	619	log2(tiles)=0.00 log10(pixels)=1.00
-0.0409586076789064	1	620	log2(tiles)=0.00 log10(pixels)=2.00
-0.0339966563652008	2	621	log2(tiles)=1.00 log10(pixels)=1.75
0.102059991327962	18	622	log2(tiles)=0.00 log10(pixels)=0.50
0.0281512503836436	11	623	log2(tiles)=0.00 log10(pixels)=0.75
-0.00963731050575611	3	624	log2(tiles)=1.00 log10(pixels)=1.75
0.0950980400142568	13	625	log2(tiles)=0.00 log10(pixels)=0.75
-0.00863830616572736	7	626	log2(tiles)=0.00 log10(pixels)=1.50
0.0950980400142568	14	627	log2(tiles)=0.00 log10(pixels)=0.75
-0.0228787452803376	19	628	log2(tiles)=0.00 log10(pixels)=0.50
0.113943352306837	12	629	log2(tiles)=0.00 log10(pixels)=1.00
0.0797835966168101	2	630	log2(tiles)=0.00 log10(pixels)=1.50
0.00527250510330601	3	631	log2(tiles)=1.00 log10(pixels)=1.25
0.0281512503836436	12	632	log2(tiles)=0.00 log10(pixels)=0.75
0.0510299956639812	20	633	log2(tiles)=0.00 log10(pixels)=0.25
0.0413926851582249	15	634	log2(tiles)=0.00 log10(pixels)=1.00
0.0950980400142568	15	635	log2(tiles)=0.00 log10(pixels)=0.75
0.0281512503836436	13	636	log2(tiles)=0.00 log10(pixels)=0.75
0.0510299956639812	21	637	log2(tiles)=0.00 log10(pixels)=0.25
-0.085026652029182	1	638	log2(tiles)=1.00 log10(pixels)=1.50
0.117000341120899	1	639	log2(tiles)=2.00 log10(pixels)=2.50
-0.00863830616572736	8	640	log2(tiles)=0.00 log10(pixels)=1.50
0.102059991327962	19	641	log2(tiles)=0.00 log10(pixels)=0.50
0.111727836017593	5	642	log2(tiles)=0.00 log10(pixels)=1.25
0.0287536009528289	10	643	log2(tiles)=0.00 log10(pixels)=1.25
0.00527250510330601	9	644	log2(tiles)=0.00 log10(pixels)=1.25
-0.00863830616572736	9	645	log2(tiles)=0.00 log10(pixels)=1.50
-0.0510299956639812	15	646	log2(tiles)=0.00 log10(pixels)=0.75
0.0722192947339193	6	647	log2(tiles)=0.00 log10(pixels)=1.25
0.102059991327962	20	648	log2(tiles)=0.00 log10(pixels)=0.50
-0.0228787452803376	20	649	log2(tiles)=0.00 log10(pixels)=0.50
0.0281512503836436	14	650	log2(tiles)=0.00 log10(pixels)=0.75
-0.0228787452803376	21	651	log2(tiles)=0.00 log10(pixels)=0.50
0.0722192947339193	3	652	log2(tiles)=1.00 log10(pixels)=1.25
-0.0228787452803376	3	653	log2(tiles)=0.00 log10(pixels)=1.50
-0.0228787452803376	2	654	log2(tiles)=1.00 log10(pixels)=1.50
0.0969100130080562	1	655	log2(tiles)=1.00 log10(pixels)=2.00
-0.0510299956639812	3	656	log2(tiles)=1.00 log10(pixels)=0.75
0.0510299956639813	7	657	log2(tiles)=0.00 log10(pixels)=1.25
-0.0228787452803376	22	658	log2(tiles)=0.00 log10(pixels)=0.50
0.0281512503836436	15	659	log2(tiles)=0.00 log10(pixels)=0.75
-0.0739087409443187	13	660	log2(tiles)=0.00 log10(pixels)=1.25
0.102059991327962	21	661	log2(tiles)=0.00 log10(pixels)=0.50
0.0413926851582249	16	662	log2(tiles)=0.00 log10(pixels)=1.00
-0.0228787452803376	3	663	log2(tiles)=1.00 log10(pixels)=1.50
0.0510299956639812	22	664	log2(tiles)=0.00 log10(pixels)=0.25
-0.0653085691824011	1	665	log2(tiles)=0.00 log10(pixels)=2.25
0.113943352306837	13	666	log2(tiles)=0.00 log10(pixels)=1.00
-0.0510299956639812	16	667	log2(tiles)=0.00 log10(pixels)=0.75
-0.119788758288394	5	668	log2(tiles)=0.00 log10(pixels)=1.50
-0.119186407719209	4	669	log2(tiles)=0.00 log10(pixels)=2.00
0.0910646070264991	7	670	log2(tiles)=0.00 log10(pixels)=1.50
-0.0969100130080565	10	671	log2(tiles)=0.00 log10(pixels)=1.00
0.113943352306837	14	672	log2(tiles)=0.00 log10(pixels)=1.00
0.0287536009528289	11	673	log2(tiles)=0.00 log10(pixels)=1.25
0.0888490907372552	1	674	log2(tiles)=1.00 log10(pixels)=2.75
-0.0559552040819238	2	675	log2(tiles)=1.00 log10(pixels)=2.50
0.103144372620182	1	676	log2(tiles)=1.50 log10(pixels)=2.50
-0.0457574905606751	9	677	log2(tiles)=0.00 log10(pixels)=1.00
0.0924226808222062	5	678	log2(tiles)=0.00 log10(pixels)=1.25
0.113943352306837	15	679	log2(tiles)=0.00 log10(pixels)=1.00
0.102059991327962	22	680	log2(tiles)=0.00 log10(pixels)=0.50
0.0510299956639812	23	681	log2(tiles)=0.00 log10(pixels)=0.25
0.0510299956639812	24	682	log2(tiles)=0.00 log10(pixels)=0.25
0	3	683	log2(tiles)=0.00 log10(pixels)=0.00
0	14	684	log2(tiles)=0.00 log10(pixels)=1.00
0.0314789170422551	2	685	log2(tiles)=0.00 log10(pixels)=1.50
0	15	686	log2(tiles)=0.00 log10(pixels)=1.00
0.0722192947339193	7	687	log2(tiles)=0.00 log10(pixels)=1.25
-0.0228787452803376	23	688	log2(tiles)=0.00 log10(pixels)=0.50
0.0510299956639812	25	689	log2(tiles)=0.00 log10(pixels)=0.25
0.102059991327962	23	690	log2(tiles)=0.00 log10(pixels)=0.50
-0.0510299956639812	17	691	log2(tiles)=0.00 log10(pixels)=0.75
0.0510299956639812	26	692	log2(tiles)=0.00 log10(pixels)=0.25
-0.119788758288394	6	693	log2(tiles)=0.00 log10(pixels)=1.50
0.0314789170422551	3	694	log2(tiles)=0.00 log10(pixels)=1.50
-0.0339966563652008	3	695	log2(tiles)=1.00 log10(pixels)=1.75
0.0287536009528289	12	696	log2(tiles)=0.00 log10(pixels)=1.25
0.0413926851582249	17	697	log2(tiles)=0.00 log10(pixels)=1.00
0	4	698	log2(tiles)=0.00 log10(pixels)=0.00
0.0510299956639812	27	699	log2(tiles)=0.00 log10(pixels)=0.25
-0.0457574905606751	10	700	log2(tiles)=0.00 log10(pixels)=1.00
-0.0195510786217261	5	701	log2(tiles)=0.00 log10(pixels)=1.25
0.0281512503836436	16	702	log2(tiles)=0.00 log10(pixels)=0.75
0.0510299956639813	8	703	log2(tiles)=0.00 log10(pixels)=1.25
-0.0687587626244128	1	704	log2(tiles)=1.00 log10(pixels)=1.75
0.0281512503836436	17	705	log2(tiles)=0.00 log10(pixels)=0.75
-0.0510299956639812	18	706	log2(tiles)=0.00 log10(pixels)=0.75
-0.0457574905606751	11	707	log2(tiles)=0.00 log10(pixels)=1.00
0.0510299956639812	28	708	log2(tiles)=0.00 log10(pixels)=0.25
-0.0510299956639812	19	709	log2(tiles)=0.00 log10(pixels)=0.75
0.102059991327963	1	710	log2(tiles)=1.50 log10(pixels)=1.50
0.0722192947339193	8	711	log2(tiles)=0.00 log10(pixels)=1.25
0.113943352306837	16	712	log2(tiles)=0.00 log10(pixels)=1.00
-0.0458800173440752	6	713	log2(tiles)=0.00 log10(pixels)=1.25
0.0510299956639812	2	714	log2(tiles)=1.00 log10(pixels)=0.25
0.0510299956639812	29	715	log2(tiles)=0.00 log10(pixels)=0.25
0	16	716	log2(tiles)=0.00 log10(pixels)=1.00
-0.0510299956639812	20	717	log2(tiles)=0.00 log10(pixels)=0.75
-0.0228787452803376	24	718	log2(tiles)=0.00 log10(pixels)=0.50
-0.10790539730952	1	719	log2(tiles)=0.00 log10(pixels)=2.00
0.00514997831990605	9	720	log2(tiles)=0.00 log10(pixels)=1.50
0.0718820073061255	1	721	log2(tiles)=0.00 log10(pixels)=2.00
0	5	722	log2(tiles)=0.00 log10(pixels)=0.00
-0.0510299956639812	21	723	log2(tiles)=0.00 log10(pixels)=0.75
0.113943352306837	17	724	log2(tiles)=0.00 log10(pixels)=1.00
-0.0686362358410126	4	725	log2(tiles)=0.00 log10(pixels)=1.50
-0.0510299956639812	4	726	log2(tiles)=1.00 log10(pixels)=0.75
0	17	727	log2(tiles)=0.00 log10(pixels)=1.00
-0.0510299956639812	22	728	log2(tiles)=0.00 log10(pixels)=0.75
0.00527250510330601	10	729	log2(tiles)=0.00 log10(pixels)=1.25
0.0899496013257077	1	730	log2(tiles)=0.00 log10(pixels)=2.50
0.0510299956639813	2	731	log2(tiles)=1.00 log10(pixels)=1.25
0.0629133566428555	2	732	log2(tiles)=1.00 log10(pixels)=1.75
-0.0228787452803376	25	733	log2(tiles)=0.00 log10(pixels)=0.50
-0.0228787452803376	26	734	log2(tiles)=0.00 log10(pixels)=0.50
-0.0510299956639812	23	735	log2(tiles)=0.00 log10(pixels)=0.75
-0.0528419686577808	6	736	log2(tiles)=0.00 log10(pixels)=1.50
0.0722192947339193	9	737	log2(tiles)=0.00 log10(pixels)=1.25
-0.0228787452803376	27	738	log2(tiles)=0.00 log10(pixels)=0.50
-0.0969100130080565	11	739	log2(tiles)=0.00 log10(pixels)=1.00
0.0287536009528289	13	740	log2(tiles)=0.00 log10(pixels)=1.25
0.0287536009528289	2	741	log2(tiles)=1.00 log10(pixels)=1.25
-0.0228787452803376	28	742	log2(tiles)=0.00 log10(pixels)=0.50
0.0148178230095364	1	743	log2(tiles)=0.00 log10(pixels)=2.25
0.0287536009528289	14	744	log2(tiles)=0.00 log10(pixels)=1.25
0.113943352306837	18	745	log2(tiles)=0.00 log10(pixels)=1.00
-0.0457574905606752	1	746	log2(tiles)=1.00 log10(pixels)=2.00
-0.0228787452803376	29	747	log2(tiles)=0.00 log10(pixels)=0.50
0.0510299956639812	30	748	log2(tiles)=0.00 log10(pixels)=0.25
0.0510299956639812	31	749	log2(tiles)=0.00 log10(pixels)=0.25
0.0413926851582249	18	750	log2(tiles)=0.00 log10(pixels)=1.00
0.0510299956639812	32	751	log2(tiles)=0.00 log10(pixels)=0.25
-0.0969100130080565	12	752	log2(tiles)=0.00 log10(pixels)=1.00
0	6	753	log2(tiles)=0.00 log10(pixels)=0.00
0.00527250510330601	11	754	log2(tiles)=0.00 log10(pixels)=1.25
0.102059991327962	24	755	log2(tiles)=0.00 log10(pixels)=0.50
0.0510299956639813	9	756	log2(tiles)=0.00 log10(pixels)=1.25
-0.0969100130080565	13	757	log2(tiles)=0.00 log10(pixels)=1.00
0.0185139398778875	1	758	log2(tiles)=1.00 log10(pixels)=1.50
-0.00877392430750512	1	759	log2(tiles)=0.00 log10(pixels)=2.00
0.102059991327962	25	760	log2(tiles)=0.00 log10(pixels)=0.50
-0.0739087409443187	14	761	log2(tiles)=0.00 log10(pixels)=1.25
-0.0458800173440752	7	762	log2(tiles)=0.00 log10(pixels)=1.25
-0.0195510786217261	6	763	log2(tiles)=0.00 log10(pixels)=1.25
0	7	764	log2(tiles)=0.00 log10(pixels)=0.00
0.0924226808222062	1	765	log2(tiles)=1.00 log10(pixels)=1.25
-0.0969100130080565	14	766	log2(tiles)=0.00 log10(pixels)=1.00
0.113943352306837	19	767	log2(tiles)=0.00 log10(pixels)=1.00
-0.103871964321762	11	768	log2(tiles)=0.00 log10(pixels)=1.25
0.0185139398778875	5	769	log2(tiles)=0.00 log10(pixels)=1.50
0.0281512503836436	18	770	log2(tiles)=0.00 log10(pixels)=0.75
-0.085026652029182	5	771	log2(tiles)=0.00 log10(pixels)=1.50
-0.0915149811213503	1	772	log2(tiles)=0.00 log10(pixels)=2.00
-0.0228787452803376	30	773	log2(tiles)=0.00 log10(pixels)=0.50
-0.0195510786217261	7	774	log2(tiles)=0.00 log10(pixels)=1.25
0.0423916894982539	2	775	log2(tiles)=0.00 log10(pixels)=1.75
0.0281512503836436	4	776	log2(tiles)=1.00 log10(pixels)=0.75
0.0510299956639812	33	777	log2(tiles)=0.00 log10(pixels)=0.25
0	8	778	log2(tiles)=0.00 log10(pixels)=0.00
0	9	779	log2(tiles)=0.00 log10(pixels)=0.00
-0.0228787452803376	31	780	log2(tiles)=0.00 log10(pixels)=0.50
-0.0195510786217261	8	781	log2(tiles)=0.00 log10(pixels)=1.25
0.0695439355418688	1	782	log2(tiles)=0.00 log10(pixels)=1.75
-0.00963731050575611	2	783	log2(tiles)=0.00 log10(pixels)=1.75
-0.0362121726544447	1	784	log2(tiles)=0.00 log10(pixels)=2.00
0	10	785	log2(tiles)=0.00 log10(pixels)=0.00
0.113943352306837	20	786	log2(tiles)=0.00 log10(pixels)=1.00
-0.0510299956639812	24	787	log2(tiles)=0.00 log10(pixels)=0.75
0.0413926851582249	2	788	log2(tiles)=1.00 log10(pixels)=2.00
0.0510299956639812	34	789	log2(tiles)=0.00 log10(pixels)=0.25
0.0314789170422551	2	790	log2(tiles)=1.00 log10(pixels)=1.50
-0.0195510786217261	9	791	log2(tiles)=0.00 log10(pixels)=1.25
-0.0228787452803376	32	792	log2(tiles)=0.00 log10(pixels)=0.50
0.0950980400142568	16	793	log2(tiles)=0.00 log10(pixels)=0.75
0.113943352306837	21	794	log2(tiles)=0.00 log10(pixels)=1.00
0.0281512503836436	19	795	log2(tiles)=0.00 log10(pixels)=0.75
0.00527250510330601	4	796	log2(tiles)=1.00 log10(pixels)=1.25
0.111727836017593	6	797	log2(tiles)=0.00 log10(pixels)=1.25
0.0510299956639812	35	798	log2(tiles)=0.00 log10(pixels)=0.25
-0.031517051446065	1	799	log2(tiles)=0.00 log10(pixels)=2.00
0	11	800	log2(tiles)=0.00 log10(pixels)=0.00
0.0797835966168101	3	801	log2(tiles)=0.00 log10(pixels)=1.50
-0.0510299956639812	25	802	log2(tiles)=0.00 log10(pixels)=0.75
-0.0739087409443187	15	803	log2(tiles)=0.00 log10(pixels)=1.25
-0.0458800173440752	8	804	log2(tiles)=0.00 log10(pixels)=1.25
-0.0510299956639812	26	805	log2(tiles)=0.00 log10(pixels)=0.75
0.0510299956639812	36	806	log2(tiles)=0.00 log10(pixels)=0.25
0.101258348719075	1	807	log2(tiles)=0.00 log10(pixels)=1.75
0.0510299956639812	37	808	log2(tiles)=0.00 log10(pixels)=0.25
-0.0228787452803376	33	809	log2(tiles)=0.00 log10(pixels)=0.50
0.102059991327962	26	810	log2(tiles)=0.00 log10(pixels)=0.50
-0.0969100130080565	15	811	log2(tiles)=0.00 log10(pixels)=1.00
0.0413926851582249	19	812	log2(tiles)=0.00 log10(pixels)=1.00
-0.10790539730952	2	813	log2(tiles)=0.00 log10(pixels)=2.00
0	18	814	log2(tiles)=0.00 log10(pixels)=1.00
-0.0228787452803376	34	815	log2(tiles)=0.00 log10(pixels)=0.50
-0.0510299956639812	27	816	log2(tiles)=0.00 log10(pixels)=0.75
0.0950980400142568	17	817	log2(tiles)=0.00 log10(pixels)=0.75
0.102059991327962	27	818	log2(tiles)=0.00 log10(pixels)=0.50
0.102059991327962	28	819	log2(tiles)=0.00 log10(pixels)=0.50
-0.0228787452803376	35	820	log2(tiles)=0.00 log10(pixels)=0.50
0.0287536009528289	15	821	log2(tiles)=0.00 log10(pixels)=1.25
-0.0228787452803376	36	822	log2(tiles)=0.00 log10(pixels)=0.50
0.0281512503836436	20	823	log2(tiles)=0.00 log10(pixels)=0.75
0.0510299956639812	38	824	log2(tiles)=0.00 log10(pixels)=0.25
-0.0739087409443187	16	825	log2(tiles)=0.00 log10(pixels)=1.25
0.0950980400142568	18	826	log2(tiles)=0.00 log10(pixels)=0.75
0.0950980400142568	19	827	log2(tiles)=0.00 log10(pixels)=0.75
0.113943352306837	22	828	log2(tiles)=0.00 log10(pixels)=1.00
0.102059991327962	29	829	log2(tiles)=0.00 log10(pixels)=0.50
-0.0969100130080565	16	830	log2(tiles)=0.00 log10(pixels)=1.00
0.0950980400142568	1	831	log2(tiles)=1.00 log10(pixels)=0.75
0.0924226808222062	6	832	log2(tiles)=0.00 log10(pixels)=1.25
-0.0528419686577808	7	833	log2(tiles)=0.00 log10(pixels)=1.50
0.0606978403536118	1	834	log2(tiles)=1.00 log10(pixels)=2.00
-0.102059991327962	3	835	log2(tiles)=1.00 log10(pixels)=1.50
0.111727836017593	7	836	log2(tiles)=0.00 log10(pixels)=1.25
0.0510299956639812	39	837	log2(tiles)=0.00 log10(pixels)=0.25
-0.0510299956639812	28	838	log2(tiles)=0.00 log10(pixels)=0.75
0	12	839	log2(tiles)=0.00 log10(pixels)=0.00
0.0510299956639812	40	840	log2(tiles)=0.00 log10(pixels)=0.25
-0.0424298239020637	2	841	log2(tiles)=0.00 log10(pixels)=1.75
0.102059991327962	30	842	log2(tiles)=0.00 log10(pixels)=0.50
0.0510299956639812	41	843	log2(tiles)=0.00 log10(pixels)=0.25
0	19	844	log2(tiles)=0.00 log10(pixels)=1.00
-0.0458800173440752	9	845	log2(tiles)=0.00 log10(pixels)=1.25
0.0185139398778875	6	846	log2(tiles)=0.00 log10(pixels)=1.50
0	20	847	log2(tiles)=0.00 log10(pixels)=1.00
-0.0458800173440752	10	848	log2(tiles)=0.00 log10(pixels)=1.25
0.0413926851582249	20	849	log2(tiles)=0.00 log10(pixels)=1.00
0.113943352306837	23	850	log2(tiles)=0.00 log10(pixels)=1.00
-0.0119538968712045	1	851	log2(tiles)=2.00 log10(pixels)=2.25
0	13	852	log2(tiles)=0.00 log10(pixels)=0.00
0	14	853	log2(tiles)=0.00 log10(pixels)=0.00
-0.102059991327962	2	854	log2(tiles)=0.00 log10(pixels)=1.50
0.0910646070264991	8	855	log2(tiles)=0.00 log10(pixels)=1.50
0.0510299956639812	42	856	log2(tiles)=0.00 log10(pixels)=0.25
-0.0228787452803376	37	857	log2(tiles)=0.00 log10(pixels)=0.50
0.102059991327962	31	858	log2(tiles)=0.00 log10(pixels)=0.50
-0.0228787452803376	38	859	log2(tiles)=0.00 log10(pixels)=0.50
-0.0228787452803376	39	860	log2(tiles)=0.00 log10(pixels)=0.50
0	15	861	log2(tiles)=0.00 log10(pixels)=0.00
0.0510299956639812	43	862	log2(tiles)=0.00 log10(pixels)=0.25
-0.0510299956639812	29	863	log2(tiles)=0.00 log10(pixels)=0.75
-0.0228787452803376	40	864	log2(tiles)=0.00 log10(pixels)=0.50
0.0825089127062364	2	865	log2(tiles)=1.00 log10(pixels)=1.75
0	21	866	log2(tiles)=0.00 log10(pixels)=1.00
0.0510299956639812	44	867	log2(tiles)=0.00 log10(pixels)=0.25
0	16	868	log2(tiles)=0.00 log10(pixels)=0.00
-0.0228787452803376	41	869	log2(tiles)=0.00 log10(pixels)=0.50
0	22	870	log2(tiles)=0.00 log10(pixels)=1.00
0.0281512503836436	21	871	log2(tiles)=0.00 log10(pixels)=0.75
0.0510299956639812	45	872	log2(tiles)=0.00 log10(pixels)=0.25
0.0281512503836436	22	873	log2(tiles)=0.00 log10(pixels)=0.75
0.0510299956639812	46	874	log2(tiles)=0.00 log10(pixels)=0.25
0.0950980400142568	20	875	log2(tiles)=0.00 log10(pixels)=0.75
-0.0228787452803376	42	876	log2(tiles)=0.00 log10(pixels)=0.50
-0.0458800173440752	11	877	log2(tiles)=0.00 log10(pixels)=1.25
0.0553513694466239	1	878	log2(tiles)=0.00 log10(pixels)=2.25
0.0510299956639812	47	879	log2(tiles)=0.00 log10(pixels)=0.25
0.0293837776852097	2	880	log2(tiles)=0.00 log10(pixels)=2.00
0.0722192947339193	10	881	log2(tiles)=0.00 log10(pixels)=1.25
0	17	882	log2(tiles)=0.00 log10(pixels)=0.00
0.102059991327962	32	883	log2(tiles)=0.00 log10(pixels)=0.50
-0.0510299956639813	2	884	log2(tiles)=0.00 log10(pixels)=1.75
0.0950980400142568	21	885	log2(tiles)=0.00 log10(pixels)=0.75
0.102059991327962	33	886	log2(tiles)=0.00 log10(pixels)=0.50
0.0561799739838871	2	887	log2(tiles)=0.00 log10(pixels)=1.75
0.113943352306837	24	888	log2(tiles)=0.00 log10(pixels)=1.00
0.112783856719735	4	889	log2(tiles)=0.00 log10(pixels)=1.50
0.0510299956639812	48	890	log2(tiles)=0.00 log10(pixels)=0.25
0.0510299956639813	10	891	log2(tiles)=0.00 log10(pixels)=1.25
0.0510299956639812	49	892	log2(tiles)=0.00 log10(pixels)=0.25
0.0510299956639812	50	893	log2(tiles)=0.00 log10(pixels)=0.25
0.0791812460476249	8	894	log2(tiles)=0.00 log10(pixels)=1.00
-0.0969100130080565	17	895	log2(tiles)=0.00 log10(pixels)=1.00
0.0413926851582249	21	896	log2(tiles)=0.00 log10(pixels)=1.00
0.0510299956639812	51	897	log2(tiles)=0.00 log10(pixels)=0.25
0.0510299956639813	11	898	log2(tiles)=0.00 log10(pixels)=1.25
0.0281512503836436	23	899	log2(tiles)=0.00 log10(pixels)=0.75
0.113943352306837	25	900	log2(tiles)=0.00 log10(pixels)=1.00
0.0510299956639813	12	901	log2(tiles)=0.00 log10(pixels)=1.25
-0.0510299956639812	30	902	log2(tiles)=0.00 log10(pixels)=0.75
-0.0510299956639812	31	903	log2(tiles)=0.00 log10(pixels)=0.75
-0.0457574905606751	12	904	log2(tiles)=0.00 log10(pixels)=1.00
-0.00863830616572736	10	905	log2(tiles)=0.00 log10(pixels)=1.50
0.0950980400142569	1	906	log2(tiles)=1.00 log10(pixels)=1.75
0	23	907	log2(tiles)=0.00 log10(pixels)=1.00
-0.0228787452803376	43	908	log2(tiles)=0.00 log10(pixels)=0.50
-0.0228787452803376	4	909	log2(tiles)=0.00 log10(pixels)=1.50
0.0510299956639812	52	910	log2(tiles)=0.00 log10(pixels)=0.25
0.0413926851582249	22	911	log2(tiles)=0.00 log10(pixels)=1.00
0.102059991327962	34	912	log2(tiles)=0.00 log10(pixels)=0.50
0.0791812460476249	9	913	log2(tiles)=0.00 log10(pixels)=1.00
0	18	914	log2(tiles)=0.00 log10(pixels)=0.00
-0.0686362358410126	5	915	log2(tiles)=0.00 log10(pixels)=1.50
-0.0228787452803376	1	916	log2(tiles)=1.00 log10(pixels)=0.50
0.102059991327962	35	917	log2(tiles)=0.00 log10(pixels)=0.50
-0.0886319977650252	1	918	log2(tiles)=0.00 log10(pixels)=2.25
0	24	919	log2(tiles)=0.00 log10(pixels)=1.00
0.0281512503836436	24	920	log2(tiles)=0.00 log10(pixels)=0.75
0.0791812460476249	10	921	log2(tiles)=0.00 log10(pixels)=1.00
-0.0969100130080565	18	922	log2(tiles)=0.00 log10(pixels)=1.00
0.102059991327962	36	923	log2(tiles)=0.00 log10(pixels)=0.50
-0.0228787452803376	44	924	log2(tiles)=0.00 log10(pixels)=0.50
-0.0510299956639812	32	925	log2(tiles)=0.00 log10(pixels)=0.75
0.102059991327962	37	926	log2(tiles)=0.00 log10(pixels)=0.50
-0.0969100130080565	19	927	log2(tiles)=0.00 log10(pixels)=1.00
0.0791812460476249	11	928	log2(tiles)=0.00 log10(pixels)=1.00
0.0185139398778875	7	929	log2(tiles)=0.00 log10(pixels)=1.50
0.0722192947339193	11	930	log2(tiles)=0.00 log10(pixels)=1.25
-0.0809219076239261	1	931	log2(tiles)=1.00 log10(pixels)=2.00
0.00527250510330601	12	932	log2(tiles)=0.00 log10(pixels)=1.25
0.0510299956639813	13	933	log2(tiles)=0.00 log10(pixels)=1.25
-0.0624792791635369	1	934	log2(tiles)=0.00 log10(pixels)=2.25
0.0185139398778875	8	935	log2(tiles)=0.00 log10(pixels)=1.50
-0.0510299956639812	33	936	log2(tiles)=0.00 log10(pixels)=0.75
-0.0510299956639812	34	937	log2(tiles)=0.00 log10(pixels)=0.75
0	19	938	log2(tiles)=0.00 log10(pixels)=0.00
0.102059991327963	1	939	log2(tiles)=0.00 log10(pixels)=1.50
0	20	940	log2(tiles)=0.00 log10(pixels)=0.00
-0.0510299956639812	35	941	log2(tiles)=0.00 log10(pixels)=0.75
0	21	942	log2(tiles)=0.00 log10(pixels)=0.00
-0.0228787452803376	45	943	log2(tiles)=0.00 log10(pixels)=0.50
-0.0510299956639812	36	944	log2(tiles)=0.00 log10(pixels)=0.75
-0.0457574905606751	13	945	log2(tiles)=0.00 log10(pixels)=1.00
-0.0228787452803376	46	946	log2(tiles)=0.00 log10(pixels)=0.50
-0.0457574905606751	14	947	log2(tiles)=0.00 log10(pixels)=1.00
-0.0510299956639812	37	948	log2(tiles)=0.00 log10(pixels)=0.75
-0.0228787452803376	47	949	log2(tiles)=0.00 log10(pixels)=0.50
-0.0228787452803376	48	950	log2(tiles)=0.00 log10(pixels)=0.50
0.102059991327962	2	951	log2(tiles)=1.00 log10(pixels)=0.50
0.0510299956639812	53	952	log2(tiles)=0.00 log10(pixels)=0.25
0.0510299956639812	54	953	log2(tiles)=0.00 log10(pixels)=0.25
-0.0195510786217261	10	954	log2(tiles)=0.00 log10(pixels)=1.25
-0.00863830616572736	11	955	log2(tiles)=0.00 log10(pixels)=1.50
0.0413926851582249	23	956	log2(tiles)=0.00 log10(pixels)=1.00
-0.0797382846050425	1	957	log2(tiles)=0.00 log10(pixels)=2.25
0.0281512503836436	25	958	log2(tiles)=0.00 log10(pixels)=0.75
-0.0457574905606751	15	959	log2(tiles)=0.00 log10(pixels)=1.00
-0.076813731587726	2	960	log2(tiles)=0.00 log10(pixels)=2.25
-0.0969100130080565	20	961	log2(tiles)=0.00 log10(pixels)=1.00
0	22	962	log2(tiles)=0.00 log10(pixels)=0.00
-0.00863830616572736	12	963	log2(tiles)=0.00 log10(pixels)=1.50
0.102059991327963	2	964	log2(tiles)=0.00 log10(pixels)=1.50
-0.0457574905606751	16	965	log2(tiles)=0.00 log10(pixels)=1.00
0.0413926851582249	24	966	log2(tiles)=0.00 log10(pixels)=1.00
-0.0176062401770314	3	967	log2(tiles)=0.00 log10(pixels)=1.75
-0.0228787452803376	49	968	log2(tiles)=0.00 log10(pixels)=0.50
0.0510299956639812	55	969	log2(tiles)=0.00 log10(pixels)=0.25
0.0510299956639812	56	970	log2(tiles)=0.00 log10(pixels)=0.25
0.0510299956639812	57	971	log2(tiles)=0.00 log10(pixels)=0.25
0.00527250510330601	13	972	log2(tiles)=0.00 log10(pixels)=1.25
-0.0457574905606751	17	973	log2(tiles)=0.00 log10(pixels)=1.00
-0.0457574905606751	18	974	log2(tiles)=0.00 log10(pixels)=1.00
-0.0228787452803376	50	975	log2(tiles)=0.00 log10(pixels)=0.50
-0.0510299956639812	38	976	log2(tiles)=0.00 log10(pixels)=0.75
-0.0228787452803376	5	977	log2(tiles)=0.00 log10(pixels)=1.50
0.102059991327962	38	978	log2(tiles)=0.00 log10(pixels)=0.50
0.113943352306837	26	979	log2(tiles)=0.00 log10(pixels)=1.00
-0.0510299956639812	39	980	log2(tiles)=0.00 log10(pixels)=0.75
0.0510299956639812	58	981	log2(tiles)=0.00 log10(pixels)=0.25
0	23	982	log2(tiles)=0.00 log10(pixels)=0.00
-0.0528419686577808	8	983	log2(tiles)=0.00 log10(pixels)=1.50
0.0510299956639812	59	984	log2(tiles)=0.00 log10(pixels)=0.25
-0.102059991327962	3	985	log2(tiles)=0.00 log10(pixels)=1.50
-0.103871964321762	12	986	log2(tiles)=0.00 log10(pixels)=1.25
-0.0228787452803376	51	987	log2(tiles)=0.00 log10(pixels)=0.50
-0.102059991327962	4	988	log2(tiles)=0.00 log10(pixels)=1.50
0.102059991327962	39	989	log2(tiles)=0.00 log10(pixels)=0.50
0.0722192947339193	12	990	log2(tiles)=0.00 log10(pixels)=1.25
0.102059991327962	40	991	log2(tiles)=0.00 log10(pixels)=0.50
-0.00877392430750512	2	992	log2(tiles)=0.00 log10(pixels)=2.00
-0.0969100130080565	21	993	log2(tiles)=0.00 log10(pixels)=1.00
-0.0739087409443187	17	994	log2(tiles)=0.00 log10(pixels)=1.25
0	24	995	log2(tiles)=0.00 log10(pixels)=0.00
0	25	996	log2(tiles)=0.00 log10(pixels)=0.00
-0.105548319173784	1	997	log2(tiles)=0.00 log10(pixels)=2.50
0.0510299956639812	60	998	log2(tiles)=0.00 log10(pixels)=0.25
-0.0268721464003014	2	999	log2(tiles)=1.00 log10(pixels)=2.00
-0.0228787452803376	52	1000	log2(tiles)=0.00 log10(pixels)=0.50
0	25	1001	log2(tiles)=0.00 log10(pixels)=1.00
-0.0510299956639812	40	1002	log2(tiles)=0.00 log10(pixels)=0.75
0.0510299956639812	61	1003	log2(tiles)=0.00 log10(pixels)=0.25
-0.0228787452803376	53	1004	log2(tiles)=0.00 log10(pixels)=0.50
0	26	1005	log2(tiles)=0.00 log10(pixels)=0.00
0.113943352306837	27	1006	log2(tiles)=0.00 log10(pixels)=1.00
0.0281512503836436	4	1007	log2(tiles)=0.00 log10(pixels)=1.75
0.0510299956639812	62	1008	log2(tiles)=0.00 log10(pixels)=0.25
0.0314789170422551	3	1009	log2(tiles)=1.00 log10(pixels)=1.50
-0.0510299956639812	41	1010	log2(tiles)=0.00 log10(pixels)=0.75
0.0185139398778875	2	1011	log2(tiles)=1.00 log10(pixels)=1.50
-0.0132282657337552	1	1012	log2(tiles)=1.00 log10(pixels)=2.00
-0.0228787452803376	54	1013	log2(tiles)=0.00 log10(pixels)=0.50
0.0510299956639812	63	1014	log2(tiles)=0.00 log10(pixels)=0.25
-0.0915149811213503	2	1015	log2(tiles)=0.00 log10(pixels)=2.00
0.113943352306837	2	1016	log2(tiles)=1.00 log10(pixels)=1.00
-0.0510299956639812	42	1017	log2(tiles)=0.00 log10(pixels)=0.75
-0.0510299956639812	43	1018	log2(tiles)=0.00 log10(pixels)=0.75
0.0413926851582249	1	1019	log2(tiles)=1.00 log10(pixels)=1.00
0	27	1020	log2(tiles)=0.00 log10(pixels)=0.00
0.0510299956639812	64	1021	log2(tiles)=0.00 log10(pixels)=0.25
0.0510299956639812	65	1022	log2(tiles)=0.00 log10(pixels)=0.25
-0.102059991327962	5	1023	log2(tiles)=0.00 log10(pixels)=1.50
0	28	1024	log2(tiles)=0.00 log10(pixels)=0.00
0	29	1025	log2(tiles)=0.00 log10(pixels)=0.00
0.0510299956639812	66	1026	log2(tiles)=0.00 log10(pixels)=0.25
0	30	1027	log2(tiles)=0.00 log10(pixels)=0.00
-0.0510299956639812	44	1028	log2(tiles)=0.00 log10(pixels)=0.75
0.0281512503836436	26	1029	log2(tiles)=0.00 log10(pixels)=0.75
0.00527250510330601	14	1030	log2(tiles)=0.00 log10(pixels)=1.25
0.0510299956639812	67	1031	log2(tiles)=0.00 log10(pixels)=0.25
0.0281512503836436	27	1032	log2(tiles)=0.00 log10(pixels)=0.75
-0.0457574905606751	19	1033	log2(tiles)=0.00 log10(pixels)=1.00
0	31	1034	log2(tiles)=0.00 log10(pixels)=0.00
0.0510299956639812	68	1035	log2(tiles)=0.00 log10(pixels)=0.25
-0.0228787452803376	55	1036	log2(tiles)=0.00 log10(pixels)=0.50
0.102059991327962	41	1037	log2(tiles)=0.00 log10(pixels)=0.50
-0.0969100130080565	22	1038	log2(tiles)=0.00 log10(pixels)=1.00
0	32	1039	log2(tiles)=0.00 log10(pixels)=0.00
0.0510299956639812	69	1040	log2(tiles)=0.00 log10(pixels)=0.25
0	33	1041	log2(tiles)=0.00 log10(pixels)=0.00
-0.0195510786217261	11	1042	log2(tiles)=0.00 log10(pixels)=1.25
-0.0228787452803376	56	1043	log2(tiles)=0.00 log10(pixels)=0.50
-0.0257241303992108	3	1044	log2(tiles)=0.00 log10(pixels)=1.75
-0.0228787452803376	57	1045	log2(tiles)=0.00 log10(pixels)=0.50
0.102059991327962	42	1046	log2(tiles)=0.00 log10(pixels)=0.50
0.113943352306837	28	1047	log2(tiles)=0.00 log10(pixels)=1.00
0	34	1048	log2(tiles)=0.00 log10(pixels)=0.00
0.102059991327962	43	1049	log2(tiles)=0.00 log10(pixels)=0.50
0.0510299956639812	70	1050	log2(tiles)=0.00 log10(pixels)=0.25
0.0827853703164498	2	1051	log2(tiles)=0.00 log10(pixels)=2.00
-0.0228787452803376	58	1052	log2(tiles)=0.00 log10(pixels)=0.50
0.0791812460476249	12	1053	log2(tiles)=0.00 log10(pixels)=1.00
-0.0458800173440752	12	1054	log2(tiles)=0.00 log10(pixels)=1.25
-0.0228787452803376	59	1055	log2(tiles)=0.00 log10(pixels)=0.50
0	35	1056	log2(tiles)=0.00 log10(pixels)=0.00
-0.0510299956639812	45	1057	log2(tiles)=0.00 log10(pixels)=0.75
0.0287536009528289	16	1058	log2(tiles)=0.00 log10(pixels)=1.25
0.0510299956639812	71	1059	log2(tiles)=0.00 log10(pixels)=0.25
-0.0228787452803376	60	1060	log2(tiles)=0.00 log10(pixels)=0.50
0.102059991327962	44	1061	log2(tiles)=0.00 log10(pixels)=0.50
0.102059991327962	45	1062	log2(tiles)=0.00 log10(pixels)=0.50
0.0281512503836436	28	1063	log2(tiles)=0.00 log10(pixels)=0.75
0	36	1064	log2(tiles)=0.00 log10(pixels)=0.00
0	37	1065	log2(tiles)=0.00 log10(pixels)=0.00
0.0950980400142568	2	1066	log2(tiles)=1.00 log10(pixels)=0.75
-0.119788758288394	7	1067	log2(tiles)=0.00 log10(pixels)=1.50
0.0281512503836436	5	1068	log2(tiles)=0.00 log10(pixels)=1.75
0	38	1069	log2(tiles)=0.00 log10(pixels)=0.00
-0.0969100130080565	23	1070	log2(tiles)=0.00 log10(pixels)=1.00
-0.0228787452803376	61	1071	log2(tiles)=0.00 log10(pixels)=0.50
0.102059991327962	46	1072	log2(tiles)=0.00 log10(pixels)=0.50
0.0950980400142568	22	1073	log2(tiles)=0.00 log10(pixels)=0.75
-0.116531544420413	3	1074	log2(tiles)=1.00 log10(pixels)=1.75
0.0510299956639812	72	1075	log2(tiles)=0.00 log10(pixels)=0.25
0.102059991327962	47	1076	log2(tiles)=0.00 log10(pixels)=0.50
0.113943352306837	29	1077	log2(tiles)=0.00 log10(pixels)=1.00
0.0950980400142568	23	1078	log2(tiles)=0.00 log10(pixels)=0.75
0.0510299956639812	3	1079	log2(tiles)=1.00 log10(pixels)=0.25
0.0510299956639812	73	1080	log2(tiles)=0.00 log10(pixels)=0.25
-0.0228787452803376	62	1081	log2(tiles)=0.00 log10(pixels)=0.50
0	39	1082	log2(tiles)=0.00 log10(pixels)=0.00
0	26	1083	log2(tiles)=0.00 log10(pixels)=1.00
0.0950980400142569	3	1084	log2(tiles)=0.00 log10(pixels)=1.75
0.0281512503836436	29	1085	log2(tiles)=0.00 log10(pixels)=0.75
0.0510299956639812	74	1086	log2(tiles)=0.00 log10(pixels)=0.25
0.0791812460476249	4	1087	log2(tiles)=1.00 log10(pixels)=1.00
-0.00181197299379954	1	1088	log2(tiles)=0.00 log10(pixels)=1.75
0.0510299956639812	75	1089	log2(tiles)=0.00 log10(pixels)=0.25
0.0510299956639812	76	1090	log2(tiles)=0.00 log10(pixels)=0.25
-0.0686362358410126	6	1091	log2(tiles)=0.00 log10(pixels)=1.50
0	27	1092	log2(tiles)=0.00 log10(pixels)=1.00
-0.0228787452803376	63	1093	log2(tiles)=0.00 log10(pixels)=0.50
0.0510299956639812	77	1094	log2(tiles)=0.00 log10(pixels)=0.25
0.113943352306837	30	1095	log2(tiles)=0.00 log10(pixels)=1.00
0.068201724066995	4	1096	log2(tiles)=0.00 log10(pixels)=1.50
-0.0195510786217261	2	1097	log2(tiles)=1.00 log10(pixels)=1.25
-0.0228787452803376	64	1098	log2(tiles)=0.00 log10(pixels)=0.50
0.00527250510330601	5	1099	log2(tiles)=1.00 log10(pixels)=1.25
-0.1249387366083	2	1100	log2(tiles)=1.00 log10(pixels)=2.00
0.0934216851622351	2	1101	log2(tiles)=1.00 log10(pixels)=2.00
-0.0458800173440752	13	1102	log2(tiles)=0.00 log10(pixels)=1.25
0.102059991327963	3	1103	log2(tiles)=0.00 log10(pixels)=1.50
-0.0510299956639812	46	1104	log2(tiles)=0.00 log10(pixels)=0.75
0.0950980400142568	24	1105	log2(tiles)=0.00 log10(pixels)=0.75
-0.0969100130080565	24	1106	log2(tiles)=0.00 log10(pixels)=1.00
-0.0510299956639812	47	1107	log2(tiles)=0.00 log10(pixels)=0.75
0.0510299956639812	78	1108	log2(tiles)=0.00 log10(pixels)=0.25
0.102059991327962	48	1109	log2(tiles)=0.00 log10(pixels)=0.50
0	40	1110	log2(tiles)=0.00 log10(pixels)=0.00
0	28	1111	log2(tiles)=0.00 log10(pixels)=1.00
0	41	1112	log2(tiles)=0.00 log10(pixels)=0.00
0.113943352306837	31	1113	log2(tiles)=0.00 log10(pixels)=1.00
-0.0458800173440752	14	1114	log2(tiles)=0.00 log10(pixels)=1.25
0.101258348719075	2	1115	log2(tiles)=0.00 log10(pixels)=1.75
0.0510299956639812	79	1116	log2(tiles)=0.00 log10(pixels)=0.25
-0.0510299956639812	48	1117	log2(tiles)=0.00 log10(pixels)=0.75
0.102059991327962	49	1118	log2(tiles)=0.00 log10(pixels)=0.50
-0.0228787452803376	65	1119	log2(tiles)=0.00 log10(pixels)=0.50
-0.0228787452803376	66	1120	log2(tiles)=0.00 log10(pixels)=0.50
0.0791812460476249	5	1121	log2(tiles)=1.00 log10(pixels)=1.00
-0.0228787452803376	67	1122	log2(tiles)=0.00 log10(pixels)=0.50
-0.116531544420413	3	1123	log2(tiles)=0.00 log10(pixels)=1.75
-0.0228787452803376	68	1124	log2(tiles)=0.00 log10(pixels)=0.50
-0.0739087409443187	18	1125	log2(tiles)=0.00 log10(pixels)=1.25
0	42	1126	log2(tiles)=0.00 log10(pixels)=0.00
-0.0969100130080565	25	1127	log2(tiles)=0.00 log10(pixels)=1.00
0.0510299956639812	80	1128	log2(tiles)=0.00 log10(pixels)=0.25
0.0440680443502757	3	1129	log2(tiles)=0.00 log10(pixels)=1.50
-0.0228787452803376	69	1130	log2(tiles)=0.00 log10(pixels)=0.50
0.00514997831990605	10	1131	log2(tiles)=0.00 log10(pixels)=1.50
-0.0376020021010439	3	1132	log2(tiles)=0.00 log10(pixels)=1.50
-0.0458800173440752	15	1133	log2(tiles)=0.00 log10(pixels)=1.25
0.0510299956639812	81	1134	log2(tiles)=0.00 log10(pixels)=0.25
0.0510299956639812	82	1135	log2(tiles)=0.00 log10(pixels)=0.25
0	43	1136	log2(tiles)=0.00 log10(pixels)=0.00
0.068201724066995	5	1137	log2(tiles)=0.00 log10(pixels)=1.50
0.0510299956639812	83	1138	log2(tiles)=0.00 log10(pixels)=0.25
0.0510299956639813	14	1139	log2(tiles)=0.00 log10(pixels)=1.25
-0.0195510786217261	12	1140	log2(tiles)=0.00 log10(pixels)=1.25
0.00860017176191752	1	1141	log2(tiles)=2.00 log10(pixels)=2.00
0.102059991327962	50	1142	log2(tiles)=0.00 log10(pixels)=0.50
-0.0424298239020637	3	1143	log2(tiles)=0.00 log10(pixels)=1.75
0.0287536009528289	17	1144	log2(tiles)=0.00 log10(pixels)=1.25
-0.0969100130080565	26	1145	log2(tiles)=0.00 log10(pixels)=1.00
-0.0376020021010439	4	1146	log2(tiles)=0.00 log10(pixels)=1.50
0.0253058652647704	1	1147	log2(tiles)=0.00 log10(pixels)=2.00
0.0281512503836436	30	1148	log2(tiles)=0.00 log10(pixels)=0.75
0.0281512503836436	31	1149	log2(tiles)=0.00 log10(pixels)=0.75
0.0791812460476249	13	1150	log2(tiles)=0.00 log10(pixels)=1.00
0.0924226808222062	7	1151	log2(tiles)=0.00 log10(pixels)=1.25
0.0950980400142568	25	1152	log2(tiles)=0.00 log10(pixels)=0.75
0.102059991327962	51	1153	log2(tiles)=0.00 log10(pixels)=0.50
0.0510299956639812	84	1154	log2(tiles)=0.00 log10(pixels)=0.25
-0.0228787452803376	70	1155	log2(tiles)=0.00 log10(pixels)=0.50
-0.0228787452803376	71	1156	log2(tiles)=0.00 log10(pixels)=0.50
-0.0228787452803376	72	1157	log2(tiles)=0.00 log10(pixels)=0.50
0.0510299956639812	85	1158	log2(tiles)=0.00 log10(pixels)=0.25
0.0950980400142568	26	1159	log2(tiles)=0.00 log10(pixels)=0.75
-0.103871964321762	13	1160	log2(tiles)=0.00 log10(pixels)=1.25
-0.0228787452803376	2	1161	log2(tiles)=1.00 log10(pixels)=0.50
0	44	1162	log2(tiles)=0.00 log10(pixels)=0.00
0	45	1163	log2(tiles)=0.00 log10(pixels)=0.00
0	46	1164	log2(tiles)=0.00 log10(pixels)=0.00
0.0510299956639812	86	1165	log2(tiles)=0.00 log10(pixels)=0.25
0.0413926851582249	25	1166	log2(tiles)=0.00 log10(pixels)=1.00
0	47	1167	log2(tiles)=0.00 log10(pixels)=0.00
0	48	1168	log2(tiles)=0.00 log10(pixels)=0.00
0	49	1169	log2(tiles)=0.00 log10(pixels)=0.00
0.0510299956639812	87	1170	log2(tiles)=0.00 log10(pixels)=0.25
-0.0510299956639812	49	1171	log2(tiles)=0.00 log10(pixels)=0.75
-0.10790539730952	3	1172	log2(tiles)=0.00 log10(pixels)=2.00
0.0510299956639812	88	1173	log2(tiles)=0.00 log10(pixels)=0.25
0	50	1174	log2(tiles)=0.00 log10(pixels)=0.00
0	51	1175	log2(tiles)=0.00 log10(pixels)=0.00
0	52	1176	log2(tiles)=0.00 log10(pixels)=0.00
-0.0510299956639812	50	1177	log2(tiles)=0.00 log10(pixels)=0.75
0.0950980400142568	27	1178	log2(tiles)=0.00 log10(pixels)=0.75
-0.103871964321762	14	1179	log2(tiles)=0.00 log10(pixels)=1.25
0	53	1180	log2(tiles)=0.00 log10(pixels)=0.00
-0.0228787452803376	73	1181	log2(tiles)=0.00 log10(pixels)=0.50
0.0510299956639812	89	1182	log2(tiles)=0.00 log10(pixels)=0.25
-0.103871964321762	15	1183	log2(tiles)=0.00 log10(pixels)=1.25
0	54	1184	log2(tiles)=0.00 log10(pixels)=0.00
0.0510299956639812	90	1185	log2(tiles)=0.00 log10(pixels)=0.25
-0.0739087409443187	19	1186	log2(tiles)=0.00 log10(pixels)=1.25
-0.0228787452803376	74	1187	log2(tiles)=0.00 log10(pixels)=0.50
0.102059991327962	52	1188	log2(tiles)=0.00 log10(pixels)=0.50
0.0510299956639812	91	1189	log2(tiles)=0.00 log10(pixels)=0.25
-0.0228787452803376	75	1190	log2(tiles)=0.00 log10(pixels)=0.50
0.102059991327962	53	1191	log2(tiles)=0.00 log10(pixels)=0.50
0.0510299956639812	92	1192	log2(tiles)=0.00 log10(pixels)=0.25
0.102059991327962	54	1193	log2(tiles)=0.00 log10(pixels)=0.50
0	55	1194	log2(tiles)=0.00 log10(pixels)=0.00
0	56	1195	log2(tiles)=0.00 log10(pixels)=0.00
0	57	1196	log2(tiles)=0.00 log10(pixels)=0.00
0	29	1197	log2(tiles)=0.00 log10(pixels)=1.00
0	58	1198	log2(tiles)=0.00 log10(pixels)=0.00
0	59	1199	log2(tiles)=0.00 log10(pixels)=0.00
0	60	1200	log2(tiles)=0.00 log10(pixels)=0.00
0	61	1201	log2(tiles)=0.00 log10(pixels)=0.00
-0.0228787452803376	76	1202	log2(tiles)=0.00 log10(pixels)=0.50
0	62	1203	log2(tiles)=0.00 log10(pixels)=0.00
0.0950980400142568	28	1204	log2(tiles)=0.00 log10(pixels)=0.75
0	63	1205	log2(tiles)=0.00 log10(pixels)=0.00
0	64	1206	log2(tiles)=0.00 log10(pixels)=0.00
-0.0228787452803376	77	1207	log2(tiles)=0.00 log10(pixels)=0.50
0	65	1208	log2(tiles)=0.00 log10(pixels)=0.00
-0.0228787452803376	78	1209	log2(tiles)=0.00 log10(pixels)=0.50
0	66	1210	log2(tiles)=0.00 log10(pixels)=0.00
0	67	1211	log2(tiles)=0.00 log10(pixels)=0.00
0	68	1212	log2(tiles)=0.00 log10(pixels)=0.00
0.0510299956639812	93	1213	log2(tiles)=0.00 log10(pixels)=0.25
0	69	1214	log2(tiles)=0.00 log10(pixels)=0.00
0.0510299956639812	94	1215	log2(tiles)=0.00 log10(pixels)=0.25
0.0510299956639812	4	1216	log2(tiles)=1.00 log10(pixels)=0.25
-0.0228787452803376	79	1217	log2(tiles)=0.00 log10(pixels)=0.50
0.0510299956639812	95	1218	log2(tiles)=0.00 log10(pixels)=0.25
0.102059991327962	55	1219	log2(tiles)=0.00 log10(pixels)=0.50
0.0510299956639812	96	1220	log2(tiles)=0.00 log10(pixels)=0.25
0	70	1221	log2(tiles)=0.00 log10(pixels)=0.00
0	71	1222	log2(tiles)=0.00 log10(pixels)=0.00
0	72	1223	log2(tiles)=0.00 log10(pixels)=0.00
0	73	1224	log2(tiles)=0.00 log10(pixels)=0.00
0.0510299956639812	97	1225	log2(tiles)=0.00 log10(pixels)=0.25
0.0510299956639812	98	1226	log2(tiles)=0.00 log10(pixels)=0.25
-0.0228787452803376	80	1227	log2(tiles)=0.00 log10(pixels)=0.50
-0.0228787452803376	81	1228	log2(tiles)=0.00 log10(pixels)=0.50
-0.0228787452803376	82	1229	log2(tiles)=0.00 log10(pixels)=0.50
0	74	1230	log2(tiles)=0.00 log10(pixels)=0.00
0	75	1231	log2(tiles)=0.00 log10(pixels)=0.00
0	76	1232	log2(tiles)=0.00 log10(pixels)=0.00
0	77	1233	log2(tiles)=0.00 log10(pixels)=0.00
0	78	1234	log2(tiles)=0.00 log10(pixels)=0.00
0	79	1235	log2(tiles)=0.00 log10(pixels)=0.00
0.0510299956639812	99	1236	log2(tiles)=0.00 log10(pixels)=0.25
0.0281512503836436	32	1237	log2(tiles)=0.00 log10(pixels)=0.75
0.0287536009528289	18	1238	log2(tiles)=0.00 log10(pixels)=1.25
0.113943352306837	32	1239	log2(tiles)=0.00 log10(pixels)=1.00
0.0510299956639812	100	1240	log2(tiles)=0.00 log10(pixels)=0.25
0.0510299956639812	101	1241	log2(tiles)=0.00 log10(pixels)=0.25
0	80	1242	log2(tiles)=0.00 log10(pixels)=0.00
0	81	1243	log2(tiles)=0.00 log10(pixels)=0.00
0	82	1244	log2(tiles)=0.00 log10(pixels)=0.00
0	83	1245	log2(tiles)=0.00 log10(pixels)=0.00
0	84	1246	log2(tiles)=0.00 log10(pixels)=0.00
0	85	1247	log2(tiles)=0.00 log10(pixels)=0.00
0	86	1248	log2(tiles)=0.00 log10(pixels)=0.00
0.0510299956639812	102	1249	log2(tiles)=0.00 log10(pixels)=0.25
-0.116531544420413	4	1250	log2(tiles)=0.00 log10(pixels)=1.75
0.0510299956639812	103	1251	log2(tiles)=0.00 log10(pixels)=0.25
-0.0739087409443187	20	1252	log2(tiles)=0.00 log10(pixels)=1.25
0.0281512503836436	33	1253	log2(tiles)=0.00 log10(pixels)=0.75
0	87	1254	log2(tiles)=0.00 log10(pixels)=0.00
0.0510299956639813	15	1255	log2(tiles)=0.00 log10(pixels)=1.25
0.0510299956639812	104	1256	log2(tiles)=0.00 log10(pixels)=0.25
0	88	1257	log2(tiles)=0.00 log10(pixels)=0.00
0	89	1258	log2(tiles)=0.00 log10(pixels)=0.00
0	90	1259	log2(tiles)=0.00 log10(pixels)=0.00
-0.0510299956639812	51	1260	log2(tiles)=0.00 log10(pixels)=0.75
0	91	1261	log2(tiles)=0.00 log10(pixels)=0.00
0.0287536009528289	19	1262	log2(tiles)=0.00 log10(pixels)=1.25
0	92	1263	log2(tiles)=0.00 log10(pixels)=0.00
0	93	1264	log2(tiles)=0.00 log10(pixels)=0.00
0	94	1265	log2(tiles)=0.00 log10(pixels)=0.00
0.0950980400142568	29	1266	log2(tiles)=0.00 log10(pixels)=0.75
0	95	1267	log2(tiles)=0.00 log10(pixels)=0.00
0	96	1268	log2(tiles)=0.00 log10(pixels)=0.00
0.111727836017593	4	1269	log2(tiles)=1.00 log10(pixels)=1.25
0.0281512503836436	34	1270	log2(tiles)=0.00 log10(pixels)=0.75
0.0510299956639812	105	1271	log2(tiles)=0.00 log10(pixels)=0.25
0	97	1272	log2(tiles)=0.00 log10(pixels)=0.00
-0.0228787452803376	83	1273	log2(tiles)=0.00 log10(pixels)=0.50
0.0281512503836436	35	1274	log2(tiles)=0.00 log10(pixels)=0.75
0.102059991327962	56	1275	log2(tiles)=0.00 log10(pixels)=0.50
0.102059991327962	57	1276	log2(tiles)=0.00 log10(pixels)=0.50
0.113322860120456	1	1277	log2(tiles)=0.00 log10(pixels)=1.75
0.0950980400142568	30	1278	log2(tiles)=0.00 log10(pixels)=0.75
-0.0228787452803376	84	1279	log2(tiles)=0.00 log10(pixels)=0.50
0.102059991327962	58	1280	log2(tiles)=0.00 log10(pixels)=0.50
0.0722192947339193	13	1281	log2(tiles)=0.00 log10(pixels)=1.25
0	98	1282	log2(tiles)=0.00 log10(pixels)=0.00
0	99	1283	log2(tiles)=0.00 log10(pixels)=0.00
0	100	1284	log2(tiles)=0.00 log10(pixels)=0.00
0.0791812460476249	1	1285	log2(tiles)=2.00 log10(pixels)=1.00
0	101	1286	log2(tiles)=0.00 log10(pixels)=0.00
0	102	1287	log2(tiles)=0.00 log10(pixels)=0.00
0	103	1288	log2(tiles)=0.00 log10(pixels)=0.00
0	104	1289	log2(tiles)=0.00 log10(pixels)=0.00
0	105	1290	log2(tiles)=0.00 log10(pixels)=0.00
0.0510299956639812	106	1291	log2(tiles)=0.00 log10(pixels)=0.25
0.102059991327962	59	1292	log2(tiles)=0.00 log10(pixels)=0.50
0	106	1293	log2(tiles)=0.00 log10(pixels)=0.00
0.0185139398778875	9	1294	log2(tiles)=0.00 log10(pixels)=1.50
0.0281512503836436	36	1295	log2(tiles)=0.00 log10(pixels)=0.75
0	107	1296	log2(tiles)=0.00 log10(pixels)=0.00
0	108	1297	log2(tiles)=0.00 log10(pixels)=0.00
0.0510299956639812	107	1298	log2(tiles)=0.00 log10(pixels)=0.25
0.0510299956639813	16	1299	log2(tiles)=0.00 log10(pixels)=1.25
0	109	1300	log2(tiles)=0.00 log10(pixels)=0.00
-0.119788758288394	8	1301	log2(tiles)=0.00 log10(pixels)=1.50
-0.0195510786217261	13	1302	log2(tiles)=0.00 log10(pixels)=1.25
0	110	1303	log2(tiles)=0.00 log10(pixels)=0.00
0	111	1304	log2(tiles)=0.00 log10(pixels)=0.00
-0.0510299956639812	52	1305	log2(tiles)=0.00 log10(pixels)=0.75
0.0791812460476249	14	1306	log2(tiles)=0.00 log10(pixels)=1.00
-0.0228787452803376	85	1307	log2(tiles)=0.00 log10(pixels)=0.50
0	112	1308	log2(tiles)=0.00 log10(pixels)=0.00
0	113	1309	log2(tiles)=0.00 log10(pixels)=0.00
-0.0228787452803376	86	1310	log2(tiles)=0.00 log10(pixels)=0.50
0	114	1311	log2(tiles)=0.00 log10(pixels)=0.00
0	115	1312	log2(tiles)=0.00 log10(pixels)=0.00
0	116	1313	log2(tiles)=0.00 log10(pixels)=0.00
0	117	1314	log2(tiles)=0.00 log10(pixels)=0.00
-0.0228787452803376	87	1315	log2(tiles)=0.00 log10(pixels)=0.50
0	118	1316	log2(tiles)=0.00 log10(pixels)=0.00
0	119	1317	log2(tiles)=0.00 log10(pixels)=0.00
0.102059991327963	4	1318	log2(tiles)=0.00 log10(pixels)=1.50
0	120	1319	log2(tiles)=0.00 log10(pixels)=0.00
0	121	1320	log2(tiles)=0.00 log10(pixels)=0.00
0	122	1321	log2(tiles)=0.00 log10(pixels)=0.00
0	123	1322	log2(tiles)=0.00 log10(pixels)=0.00
-0.0228787452803376	88	1323	log2(tiles)=0.00 log10(pixels)=0.50
-0.0510299956639812	53	1324	log2(tiles)=0.00 log10(pixels)=0.75
0	124	1325	log2(tiles)=0.00 log10(pixels)=0.00
-0.0228787452803376	89	1326	log2(tiles)=0.00 log10(pixels)=0.50
0	125	1327	log2(tiles)=0.00 log10(pixels)=0.00
0	126	1328	log2(tiles)=0.00 log10(pixels)=0.00
-0.0739087409443187	2	1329	log2(tiles)=1.00 log10(pixels)=1.25
-0.0228787452803376	90	1330	log2(tiles)=0.00 log10(pixels)=0.50
0.102059991327962	60	1331	log2(tiles)=0.00 log10(pixels)=0.50
0	127	1332	log2(tiles)=0.00 log10(pixels)=0.00
0	128	1333	log2(tiles)=0.00 log10(pixels)=0.00
0	129	1334	log2(tiles)=0.00 log10(pixels)=0.00
0.0510299956639812	108	1335	log2(tiles)=0.00 log10(pixels)=0.25
0	130	1336	log2(tiles)=0.00 log10(pixels)=0.00
-0.0228787452803376	91	1337	log2(tiles)=0.00 log10(pixels)=0.50
0.0510299956639812	109	1338	log2(tiles)=0.00 log10(pixels)=0.25
-0.0510299956639812	54	1339	log2(tiles)=0.00 log10(pixels)=0.75
0	131	1340	log2(tiles)=0.00 log10(pixels)=0.00
-0.085026652029182	6	1341	log2(tiles)=0.00 log10(pixels)=1.50
0.0413926851582249	26	1342	log2(tiles)=0.00 log10(pixels)=1.00
-0.0457574905606751	20	1343	log2(tiles)=0.00 log10(pixels)=1.00
0	132	1344	log2(tiles)=0.00 log10(pixels)=0.00
0.102059991327962	61	1345	log2(tiles)=0.00 log10(pixels)=0.50
0.0510299956639812	110	1346	log2(tiles)=0.00 log10(pixels)=0.25
0.0510299956639813	17	1347	log2(tiles)=0.00 log10(pixels)=1.25
-0.0510299956639812	55	1348	log2(tiles)=0.00 log10(pixels)=0.75
-0.0458800173440752	16	1349	log2(tiles)=0.00 log10(pixels)=1.25
0.0208520116421442	1	1350	log2(tiles)=1.50 log10(pixels)=1.75
-0.0779021420642825	1	1351	log2(tiles)=0.00 log10(pixels)=1.75
0	133	1352	log2(tiles)=0.00 log10(pixels)=0.00
-0.0541003475907664	1	1353	log2(tiles)=0.00 log10(pixels)=2.25
0	134	1354	log2(tiles)=0.00 log10(pixels)=0.00
0.102059991327963	5	1355	log2(tiles)=0.00 log10(pixels)=1.50
0	135	1356	log2(tiles)=0.00 log10(pixels)=0.00
0	136	1357	log2(tiles)=0.00 log10(pixels)=0.00
0	137	1358	log2(tiles)=0.00 log10(pixels)=0.00
-0.0228787452803376	92	1359	log2(tiles)=0.00 log10(pixels)=0.50
0	138	1360	log2(tiles)=0.00 log10(pixels)=0.00
0	139	1361	log2(tiles)=0.00 log10(pixels)=0.00
0	140	1362	log2(tiles)=0.00 log10(pixels)=0.00
0	141	1363	log2(tiles)=0.00 log10(pixels)=0.00
0	142	1364	log2(tiles)=0.00 log10(pixels)=0.00
0.0287536009528289	3	1365	log2(tiles)=1.00 log10(pixels)=1.25
0	143	1366	log2(tiles)=0.00 log10(pixels)=0.00
0	144	1367	log2(tiles)=0.00 log10(pixels)=0.00
-0.0510299956639812	56	1368	log2(tiles)=0.00 log10(pixels)=0.75
0.0510299956639812	111	1369	log2(tiles)=0.00 log10(pixels)=0.25
0	145	1370	log2(tiles)=0.00 log10(pixels)=0.00
-0.0510299956639812	57	1371	log2(tiles)=0.00 log10(pixels)=0.75
-0.0228787452803376	93	1372	log2(tiles)=0.00 log10(pixels)=0.50
0.0510299956639812	112	1373	log2(tiles)=0.00 log10(pixels)=0.25
0.00587485567249146	3	1374	log2(tiles)=0.00 log10(pixels)=1.75
0.0510299956639812	113	1375	log2(tiles)=0.00 log10(pixels)=0.25
-0.0457574905606751	21	1376	log2(tiles)=0.00 log10(pixels)=1.00
-0.0969100130080565	27	1377	log2(tiles)=0.00 log10(pixels)=1.00
-0.00863830616572736	13	1378	log2(tiles)=0.00 log10(pixels)=1.50
0	146	1379	log2(tiles)=0.00 log10(pixels)=0.00
0	147	1380	log2(tiles)=0.00 log10(pixels)=0.00
-0.0510299956639812	58	1381	log2(tiles)=0.00 log10(pixels)=0.75
0	148	1382	log2(tiles)=0.00 log10(pixels)=0.00
-0.103871964321762	16	1383	log2(tiles)=0.00 log10(pixels)=1.25
0	149	1384	log2(tiles)=0.00 log10(pixels)=0.00
0	150	1385	log2(tiles)=0.00 log10(pixels)=0.00
-0.0510299956639812	5	1386	log2(tiles)=1.00 log10(pixels)=0.75
0	151	1387	log2(tiles)=0.00 log10(pixels)=0.00
-0.0228787452803376	94	1388	log2(tiles)=0.00 log10(pixels)=0.50
0.0281512503836436	37	1389	log2(tiles)=0.00 log10(pixels)=0.75
0	152	1390	log2(tiles)=0.00 log10(pixels)=0.00
0.0281512503836436	38	1391	log2(tiles)=0.00 log10(pixels)=0.75
0	153	1392	log2(tiles)=0.00 log10(pixels)=0.00
-0.103871964321762	17	1393	log2(tiles)=0.00 log10(pixels)=1.25
0	154	1394	log2(tiles)=0.00 log10(pixels)=0.00
0.0950980400142568	31	1395	log2(tiles)=0.00 log10(pixels)=0.75
0	155	1396	log2(tiles)=0.00 log10(pixels)=0.00
0	156	1397	log2(tiles)=0.00 log10(pixels)=0.00
0	157	1398	log2(tiles)=0.00 log10(pixels)=0.00
0	158	1399	log2(tiles)=0.00 log10(pixels)=0.00
0	159	1400	log2(tiles)=0.00 log10(pixels)=0.00
-0.0228787452803376	95	1401	log2(tiles)=0.00 log10(pixels)=0.50
0	160	1402	log2(tiles)=0.00 log10(pixels)=0.00
0.0510299956639812	114	1403	log2(tiles)=0.00 log10(pixels)=0.25
0	161	1404	log2(tiles)=0.00 log10(pixels)=0.00
0	162	1405	log2(tiles)=0.00 log10(pixels)=0.00
0	163	1406	log2(tiles)=0.00 log10(pixels)=0.00
0	164	1407	log2(tiles)=0.00 log10(pixels)=0.00
0	165	1408	log2(tiles)=0.00 log10(pixels)=0.00
-0.0739087409443187	21	1409	log2(tiles)=0.00 log10(pixels)=1.25
0	166	1410	log2(tiles)=0.00 log10(pixels)=0.00
0.102059991327962	62	1411	log2(tiles)=0.00 log10(pixels)=0.50
0	167	1412	log2(tiles)=0.00 log10(pixels)=0.00
0.102059991327962	63	1413	log2(tiles)=0.00 log10(pixels)=0.50
0	168	1414	log2(tiles)=0.00 log10(pixels)=0.00
0	169	1415	log2(tiles)=0.00 log10(pixels)=0.00
0	170	1416	log2(tiles)=0.00 log10(pixels)=0.00
0	171	1417	log2(tiles)=0.00 log10(pixels)=0.00
0	172	1418	log2(tiles)=0.00 log10(pixels)=0.00
0	173	1419	log2(tiles)=0.00 log10(pixels)=0.00
0	174	1420	log2(tiles)=0.00 log10(pixels)=0.00
0	175	1421	log2(tiles)=0.00 log10(pixels)=0.00
0.0510299956639812	115	1422	log2(tiles)=0.00 log10(pixels)=0.25
-0.0457574905606751	2	1423	log2(tiles)=1.00 log10(pixels)=1.00
0.0510299956639812	116	1424	log2(tiles)=0.00 log10(pixels)=0.25
0.113943352306837	33	1425	log2(tiles)=0.00 log10(pixels)=1.00
0	176	1426	log2(tiles)=0.00 log10(pixels)=0.00
0	177	1427	log2(tiles)=0.00 log10(pixels)=0.00
0	178	1428	log2(tiles)=0.00 log10(pixels)=0.00
0	179	1429	log2(tiles)=0.00 log10(pixels)=0.00
0	180	1430	log2(tiles)=0.00 log10(pixels)=0.00
0.0510299956639812	117	1431	log2(tiles)=0.00 log10(pixels)=0.25
0	181	1432	log2(tiles)=0.00 log10(pixels)=0.00
0.0413926851582249	27	1433	log2(tiles)=0.00 log10(pixels)=1.00
-0.0228787452803376	96	1434	log2(tiles)=0.00 log10(pixels)=0.50
-0.085026652029182	2	1435	log2(tiles)=1.00 log10(pixels)=1.50
0	182	1436	log2(tiles)=0.00 log10(pixels)=0.00
0	183	1437	log2(tiles)=0.00 log10(pixels)=0.00
0.0423916894982539	3	1438	log2(tiles)=0.00 log10(pixels)=1.75
0	184	1439	log2(tiles)=0.00 log10(pixels)=0.00
0	185	1440	log2(tiles)=0.00 log10(pixels)=0.00
-0.0510299956639812	59	1441	log2(tiles)=0.00 log10(pixels)=0.75
0	186	1442	log2(tiles)=0.00 log10(pixels)=0.00
-0.0458800173440752	17	1443	log2(tiles)=0.00 log10(pixels)=1.25
0	187	1444	log2(tiles)=0.00 log10(pixels)=0.00
0	188	1445	log2(tiles)=0.00 log10(pixels)=0.00
-0.0510299956639812	60	1446	log2(tiles)=0.00 log10(pixels)=0.75
0	189	1447	log2(tiles)=0.00 log10(pixels)=0.00
0	190	1448	log2(tiles)=0.00 log10(pixels)=0.00
0.0510299956639812	118	1449	log2(tiles)=0.00 log10(pixels)=0.25
0	191	1450	log2(tiles)=0.00 log10(pixels)=0.00
0.0722192947339193	14	1451	log2(tiles)=0.00 log10(pixels)=1.25
0	192	1452	log2(tiles)=0.00 log10(pixels)=0.00
0	193	1453	log2(tiles)=0.00 log10(pixels)=0.00
0.0287536009528289	20	1454	log2(tiles)=0.00 log10(pixels)=1.25
-0.0228787452803376	97	1455	log2(tiles)=0.00 log10(pixels)=0.50
0.0281512503836436	39	1456	log2(tiles)=0.00 log10(pixels)=0.75
0	194	1457	log2(tiles)=0.00 log10(pixels)=0.00
0.0950980400142568	32	1458	log2(tiles)=0.00 log10(pixels)=0.75
0.113943352306837	34	1459	log2(tiles)=0.00 log10(pixels)=1.00
0.0950980400142568	33	1460	log2(tiles)=0.00 log10(pixels)=0.75
0.0413926851582249	2	1461	log2(tiles)=1.00 log10(pixels)=1.00
0.112783856719735	5	1462	log2(tiles)=0.00 log10(pixels)=1.50
0.0510299956639812	119	1463	log2(tiles)=0.00 log10(pixels)=0.25
0	195	1464	log2(tiles)=0.00 log10(pixels)=0.00
-0.0228787452803376	6	1465	log2(tiles)=0.00 log10(pixels)=1.50
0.0510299956639812	120	1466	log2(tiles)=0.00 log10(pixels)=0.25
-0.0510299956639812	61	1467	log2(tiles)=0.00 log10(pixels)=0.75
0	196	1468	log2(tiles)=0.00 log10(pixels)=0.00
-0.0228787452803376	98	1469	log2(tiles)=0.00 log10(pixels)=0.50
0	197	1470	log2(tiles)=0.00 log10(pixels)=0.00
0	198	1471	log2(tiles)=0.00 log10(pixels)=0.00
0	199	1472	log2(tiles)=0.00 log10(pixels)=0.00
-0.0687587626244128	3	1473	log2(tiles)=0.00 log10(pixels)=1.75
-0.0228787452803376	99	1474	log2(tiles)=0.00 log10(pixels)=0.50
-0.0458800173440752	18	1475	log2(tiles)=0.00 log10(pixels)=1.25
-0.0228787452803376	100	1476	log2(tiles)=0.00 log10(pixels)=0.50
0	200	1477	log2(tiles)=0.00 log10(pixels)=0.00
-0.0510299956639812	62	1478	log2(tiles)=0.00 log10(pixels)=0.75
0.0510299956639812	121	1479	log2(tiles)=0.00 log10(pixels)=0.25
0	201	1480	log2(tiles)=0.00 log10(pixels)=0.00
0	202	1481	log2(tiles)=0.00 log10(pixels)=0.00
-0.0228787452803376	101	1482	log2(tiles)=0.00 log10(pixels)=0.50
-0.0228787452803376	102	1483	log2(tiles)=0.00 log10(pixels)=0.50
0	203	1484	log2(tiles)=0.00 log10(pixels)=0.00
0	30	1485	log2(tiles)=0.00 log10(pixels)=1.00
-0.103871964321762	18	1486	log2(tiles)=0.00 log10(pixels)=1.25
0.0510299956639812	122	1487	log2(tiles)=0.00 log10(pixels)=0.25
-0.0457574905606751	22	1488	log2(tiles)=0.00 log10(pixels)=1.00
0	204	1489	log2(tiles)=0.00 log10(pixels)=0.00
0.0510299956639812	123	1490	log2(tiles)=0.00 log10(pixels)=0.25
0.00527250510330601	15	1491	log2(tiles)=0.00 log10(pixels)=1.25
0	205	1492	log2(tiles)=0.00 log10(pixels)=0.00
0.113943352306837	35	1493	log2(tiles)=0.00 log10(pixels)=1.00
0	206	1494	log2(tiles)=0.00 log10(pixels)=0.00
0	207	1495	log2(tiles)=0.00 log10(pixels)=0.00
0	208	1496	log2(tiles)=0.00 log10(pixels)=0.00
0	209	1497	log2(tiles)=0.00 log10(pixels)=0.00
0	210	1498	log2(tiles)=0.00 log10(pixels)=0.00
0	211	1499	log2(tiles)=0.00 log10(pixels)=0.00
0	212	1500	log2(tiles)=0.00 log10(pixels)=0.00
0	213	1501	log2(tiles)=0.00 log10(pixels)=0.00
-0.0228787452803376	103	1502	log2(tiles)=0.00 log10(pixels)=0.50
0	2	1503	log2(tiles)=1.00 log10(pixels)=1.00
0	214	1504	log2(tiles)=0.00 log10(pixels)=0.00
0	215	1505	log2(tiles)=0.00 log10(pixels)=0.00
0	216	1506	log2(tiles)=0.00 log10(pixels)=0.00
0	217	1507	log2(tiles)=0.00 log10(pixels)=0.00
0	218	1508	log2(tiles)=0.00 log10(pixels)=0.00
0	219	1509	log2(tiles)=0.00 log10(pixels)=0.00
0	220	1510	log2(tiles)=0.00 log10(pixels)=0.00
0.0950980400142568	34	1511	log2(tiles)=0.00 log10(pixels)=0.75
0	221	1512	log2(tiles)=0.00 log10(pixels)=0.00
0	222	1513	log2(tiles)=0.00 log10(pixels)=0.00
0.0510299956639812	124	1514	log2(tiles)=0.00 log10(pixels)=0.25
0.0924226808222062	8	1515	log2(tiles)=0.00 log10(pixels)=1.25
0	223	1516	log2(tiles)=0.00 log10(pixels)=0.00
-0.0228787452803376	104	1517	log2(tiles)=0.00 log10(pixels)=0.50
0.0510299956639812	125	1518	log2(tiles)=0.00 log10(pixels)=0.25
0.102059991327962	64	1519	log2(tiles)=0.00 log10(pixels)=0.50
0	224	1520	log2(tiles)=0.00 log10(pixels)=0.00
0	225	1521	log2(tiles)=0.00 log10(pixels)=0.00
0	226	1522	log2(tiles)=0.00 log10(pixels)=0.00
-0.0458800173440752	19	1523	log2(tiles)=0.00 log10(pixels)=1.25
0	227	1524	log2(tiles)=0.00 log10(pixels)=0.00
-0.0510299956639812	63	1525	log2(tiles)=0.00 log10(pixels)=0.75
0.0281512503836436	40	1526	log2(tiles)=0.00 log10(pixels)=0.75
-0.103871964321762	19	1527	log2(tiles)=0.00 log10(pixels)=1.25
0	228	1528	log2(tiles)=0.00 log10(pixels)=0.00
0	229	1529	log2(tiles)=0.00 log10(pixels)=0.00
0	230	1530	log2(tiles)=0.00 log10(pixels)=0.00
0	231	1531	log2(tiles)=0.00 log10(pixels)=0.00
0	232	1532	log2(tiles)=0.00 log10(pixels)=0.00
0	233	1533	log2(tiles)=0.00 log10(pixels)=0.00
0	234	1534	log2(tiles)=0.00 log10(pixels)=0.00
0.0281512503836436	41	1535	log2(tiles)=0.00 log10(pixels)=0.75
0	235	1536	log2(tiles)=0.00 log10(pixels)=0.00
0	236	1537	log2(tiles)=0.00 log10(pixels)=0.00
0	237	1538	log2(tiles)=0.00 log10(pixels)=0.00
0.0510299956639812	126	1539	log2(tiles)=0.00 log10(pixels)=0.25
0	238	1540	log2(tiles)=0.00 log10(pixels)=0.00
-0.0510299956639812	64	1541	log2(tiles)=0.00 log10(pixels)=0.75
0	239	1542	log2(tiles)=0.00 log10(pixels)=0.00
0	240	1543	log2(tiles)=0.00 log10(pixels)=0.00
0	241	1544	log2(tiles)=0.00 log10(pixels)=0.00
0.0510299956639812	127	1545	log2(tiles)=0.00 log10(pixels)=0.25
0	242	1546	log2(tiles)=0.00 log10(pixels)=0.00
0.0950980400142569	4	1547	log2(tiles)=0.00 log10(pixels)=1.75
0	243	1548	log2(tiles)=0.00 log10(pixels)=0.00
0	244	1549	log2(tiles)=0.00 log10(pixels)=0.00
0	245	1550	log2(tiles)=0.00 log10(pixels)=0.00
-0.0969100130080565	4	1551	log2(tiles)=1.00 log10(pixels)=1.00
0.0510299956639812	128	1552	log2(tiles)=0.00 log10(pixels)=0.25
0.0281512503836436	42	1553	log2(tiles)=0.00 log10(pixels)=0.75
0	246	1554	log2(tiles)=0.00 log10(pixels)=0.00
0.0510299956639812	129	1555	log2(tiles)=0.00 log10(pixels)=0.25
0	247	1556	log2(tiles)=0.00 log10(pixels)=0.00
0	248	1557	log2(tiles)=0.00 log10(pixels)=0.00
0	249	1558	log2(tiles)=0.00 log10(pixels)=0.00
0	250	1559	log2(tiles)=0.00 log10(pixels)=0.00
0	251	1560	log2(tiles)=0.00 log10(pixels)=0.00
0	252	1561	log2(tiles)=0.00 log10(pixels)=0.00
0	253	1562	log2(tiles)=0.00 log10(pixels)=0.00
0	254	1563	log2(tiles)=0.00 log10(pixels)=0.00
0	255	1564	log2(tiles)=0.00 log10(pixels)=0.00
0.0510299956639812	130	1565	log2(tiles)=0.00 log10(pixels)=0.25
0	256	1566	log2(tiles)=0.00 log10(pixels)=0.00
-0.0228787452803376	105	1567	log2(tiles)=0.00 log10(pixels)=0.50
-0.0195510786217261	14	1568	log2(tiles)=0.00 log10(pixels)=1.25
0.102059991327962	65	1569	log2(tiles)=0.00 log10(pixels)=0.50
0	257	1570	log2(tiles)=0.00 log10(pixels)=0.00
0	258	1571	log2(tiles)=0.00 log10(pixels)=0.00
0	259	1572	log2(tiles)=0.00 log10(pixels)=0.00
-0.0228787452803376	106	1573	log2(tiles)=0.00 log10(pixels)=0.50
0	260	1574	log2(tiles)=0.00 log10(pixels)=0.00
0	261	1575	log2(tiles)=0.00 log10(pixels)=0.00
0	262	1576	log2(tiles)=0.00 log10(pixels)=0.00
-0.0969100130080565	5	1577	log2(tiles)=1.00 log10(pixels)=1.00
0	263	1578	log2(tiles)=0.00 log10(pixels)=0.00
0	264	1579	log2(tiles)=0.00 log10(pixels)=0.00
0	265	1580	log2(tiles)=0.00 log10(pixels)=0.00
0.102059991327962	66	1581	log2(tiles)=0.00 log10(pixels)=0.50
0	266	1582	log2(tiles)=0.00 log10(pixels)=0.00
0	267	1583	log2(tiles)=0.00 log10(pixels)=0.00
0	268	1584	log2(tiles)=0.00 log10(pixels)=0.00
0	269	1585	log2(tiles)=0.00 log10(pixels)=0.00
0.0950980400142568	35	1586	log2(tiles)=0.00 log10(pixels)=0.75
0.0510299956639812	131	1587	log2(tiles)=0.00 log10(pixels)=0.25
-0.0510299956639812	65	1588	log2(tiles)=0.00 log10(pixels)=0.75
0	270	1589	log2(tiles)=0.00 log10(pixels)=0.00
0	271	1590	log2(tiles)=0.00 log10(pixels)=0.00
0	272	1591	log2(tiles)=0.00 log10(pixels)=0.00
0	273	1592	log2(tiles)=0.00 log10(pixels)=0.00
0.102059991327962	67	1593	log2(tiles)=0.00 log10(pixels)=0.50
0.0510299956639812	132	1594	log2(tiles)=0.00 log10(pixels)=0.25
-0.0228787452803376	107	1595	log2(tiles)=0.00 log10(pixels)=0.50
0	274	1596	log2(tiles)=0.00 log10(pixels)=0.00
0.0510299956639812	133	1597	log2(tiles)=0.00 log10(pixels)=0.25
0	275	1598	log2(tiles)=0.00 log10(pixels)=0.00
0.0950980400142568	3	1599	log2(tiles)=1.00 log10(pixels)=0.75
0	276	1600	log2(tiles)=0.00 log10(pixels)=0.00
0	277	1601	log2(tiles)=0.00 log10(pixels)=0.00
0	278	1602	log2(tiles)=0.00 log10(pixels)=0.00
0	279	1603	log2(tiles)=0.00 log10(pixels)=0.00
-0.0510299956639812	66	1604	log2(tiles)=0.00 log10(pixels)=0.75
-0.0228787452803376	108	1605	log2(tiles)=0.00 log10(pixels)=0.50
0	280	1606	log2(tiles)=0.00 log10(pixels)=0.00
0	281	1607	log2(tiles)=0.00 log10(pixels)=0.00
0	282	1608	log2(tiles)=0.00 log10(pixels)=0.00
0	283	1609	log2(tiles)=0.00 log10(pixels)=0.00
0	284	1610	log2(tiles)=0.00 log10(pixels)=0.00
0	285	1611	log2(tiles)=0.00 log10(pixels)=0.00
0	286	1612	log2(tiles)=0.00 log10(pixels)=0.00
0	287	1613	log2(tiles)=0.00 log10(pixels)=0.00
0	288	1614	log2(tiles)=0.00 log10(pixels)=0.00
0	31	1615	log2(tiles)=0.00 log10(pixels)=1.00
0	289	1616	log2(tiles)=0.00 log10(pixels)=0.00
0	290	1617	log2(tiles)=0.00 log10(pixels)=0.00
0.0510299956639812	134	1618	log2(tiles)=0.00 log10(pixels)=0.25
0	291	1619	log2(tiles)=0.00 log10(pixels)=0.00
0.0510299956639812	135	1620	log2(tiles)=0.00 log10(pixels)=0.25
-0.119788758288394	9	1621	log2(tiles)=0.00 log10(pixels)=1.50
0.0791812460476249	15	1622	log2(tiles)=0.00 log10(pixels)=1.00
0.0950980400142568	36	1623	log2(tiles)=0.00 log10(pixels)=0.75
0	292	1624	log2(tiles)=0.00 log10(pixels)=0.00
0	293	1625	log2(tiles)=0.00 log10(pixels)=0.00
0	294	1626	log2(tiles)=0.00 log10(pixels)=0.00
0	295	1627	log2(tiles)=0.00 log10(pixels)=0.00
0	296	1628	log2(tiles)=0.00 log10(pixels)=0.00
0	297	1629	log2(tiles)=0.00 log10(pixels)=0.00
-0.0510299956639812	67	1630	log2(tiles)=0.00 log10(pixels)=0.75
0	298	1631	log2(tiles)=0.00 log10(pixels)=0.00
0	299	1632	log2(tiles)=0.00 log10(pixels)=0.00
0.102059991327962	68	1633	log2(tiles)=0.00 log10(pixels)=0.50
0.0281512503836436	43	1634	log2(tiles)=0.00 log10(pixels)=0.75
0	300	1635	log2(tiles)=0.00 log10(pixels)=0.00
0	301	1636	log2(tiles)=0.00 log10(pixels)=0.00
-0.0457574905606751	23	1637	log2(tiles)=0.00 log10(pixels)=1.00
-0.0969100130080565	28	1638	log2(tiles)=0.00 log10(pixels)=1.00
0	302	1639	log2(tiles)=0.00 log10(pixels)=0.00
0	303	1640	log2(tiles)=0.00 log10(pixels)=0.00
0	304	1641	log2(tiles)=0.00 log10(pixels)=0.00
0	305	1642	log2(tiles)=0.00 log10(pixels)=0.00
0	306	1643	log2(tiles)=0.00 log10(pixels)=0.00
0	307	1644	log2(tiles)=0.00 log10(pixels)=0.00
-0.0228787452803376	3	1645	log2(tiles)=1.00 log10(pixels)=0.50
0.0510299956639812	136	1646	log2(tiles)=0.00 log10(pixels)=0.25
0.113943352306837	36	1647	log2(tiles)=0.00 log10(pixels)=1.00
0	308	1648	log2(tiles)=0.00 log10(pixels)=0.00
0	309	1649	log2(tiles)=0.00 log10(pixels)=0.00
0	310	1650	log2(tiles)=0.00 log10(pixels)=0.00
0	311	1651	log2(tiles)=0.00 log10(pixels)=0.00
0	312	1652	log2(tiles)=0.00 log10(pixels)=0.00
0.0510299956639812	137	1653	log2(tiles)=0.00 log10(pixels)=0.25
0.0510299956639812	138	1654	log2(tiles)=0.00 log10(pixels)=0.25
-0.0969100130080565	29	1655	log2(tiles)=0.00 log10(pixels)=1.00
-0.0228787452803376	109	1656	log2(tiles)=0.00 log10(pixels)=0.50
0	313	1657	log2(tiles)=0.00 log10(pixels)=0.00
0.0314789170422551	4	1658	log2(tiles)=0.00 log10(pixels)=1.50
0.0510299956639812	139	1659	log2(tiles)=0.00 log10(pixels)=0.25
0	314	1660	log2(tiles)=0.00 log10(pixels)=0.00
0	315	1661	log2(tiles)=0.00 log10(pixels)=0.00
0	316	1662	log2(tiles)=0.00 log10(pixels)=0.00
0.0510299956639812	140	1663	log2(tiles)=0.00 log10(pixels)=0.25
0	317	1664	log2(tiles)=0.00 log10(pixels)=0.00
-0.0228787452803376	110	1665	log2(tiles)=0.00 log10(pixels)=0.50
0	318	1666	log2(tiles)=0.00 log10(pixels)=0.00
-0.0510299956639812	68	1667	log2(tiles)=0.00 log10(pixels)=0.75
-0.0228787452803376	111	1668	log2(tiles)=0.00 log10(pixels)=0.50
0.0281512503836436	44	1669	log2(tiles)=0.00 log10(pixels)=0.75
0	319	1670	log2(tiles)=0.00 log10(pixels)=0.00
0	320	1671	log2(tiles)=0.00 log10(pixels)=0.00
0	321	1672	log2(tiles)=0.00 log10(pixels)=0.00
0	322	1673	log2(tiles)=0.00 log10(pixels)=0.00
0.0510299956639812	141	1674	log2(tiles)=0.00 log10(pixels)=0.25
0.0281512503836436	45	1675	log2(tiles)=0.00 log10(pixels)=0.75
0	323	1676	log2(tiles)=0.00 log10(pixels)=0.00
0	324	1677	log2(tiles)=0.00 log10(pixels)=0.00
0	325	1678	log2(tiles)=0.00 log10(pixels)=0.00
0	326	1679	log2(tiles)=0.00 log10(pixels)=0.00
0	327	1680	log2(tiles)=0.00 log10(pixels)=0.00
0.0281512503836436	46	1681	log2(tiles)=0.00 log10(pixels)=0.75
0	328	1682	log2(tiles)=0.00 log10(pixels)=0.00
-0.0457574905606751	24	1683	log2(tiles)=0.00 log10(pixels)=1.00
0	329	1684	log2(tiles)=0.00 log10(pixels)=0.00
0.102059991327962	69	1685	log2(tiles)=0.00 log10(pixels)=0.50
0.00527250510330601	16	1686	log2(tiles)=0.00 log10(pixels)=1.25
-0.0228787452803376	112	1687	log2(tiles)=0.00 log10(pixels)=0.50
0.0510299956639812	142	1688	log2(tiles)=0.00 log10(pixels)=0.25
0.0413926851582249	28	1689	log2(tiles)=0.00 log10(pixels)=1.00
0	330	1690	log2(tiles)=0.00 log10(pixels)=0.00
0.102059991327962	70	1691	log2(tiles)=0.00 log10(pixels)=0.50
0	331	1692	log2(tiles)=0.00 log10(pixels)=0.00
0.0287536009528289	21	1693	log2(tiles)=0.00 log10(pixels)=1.25
-0.0195510786217261	15	1694	log2(tiles)=0.00 log10(pixels)=1.25
0	332	1695	log2(tiles)=0.00 log10(pixels)=0.00
0	333	1696	log2(tiles)=0.00 log10(pixels)=0.00
0.0281512503836436	47	1697	log2(tiles)=0.00 log10(pixels)=0.75
-0.0228787452803376	113	1698	log2(tiles)=0.00 log10(pixels)=0.50
0.0510299956639812	143	1699	log2(tiles)=0.00 log10(pixels)=0.25
0.00527250510330601	17	1700	log2(tiles)=0.00 log10(pixels)=1.25
0	334	1701	log2(tiles)=0.00 log10(pixels)=0.00
0	335	1702	log2(tiles)=0.00 log10(pixels)=0.00
0	336	1703	log2(tiles)=0.00 log10(pixels)=0.00
0	337	1704	log2(tiles)=0.00 log10(pixels)=0.00
0	338	1705	log2(tiles)=0.00 log10(pixels)=0.00
0	339	1706	log2(tiles)=0.00 log10(pixels)=0.00
0	340	1707	log2(tiles)=0.00 log10(pixels)=0.00
0	341	1708	log2(tiles)=0.00 log10(pixels)=0.00
0	342	1709	log2(tiles)=0.00 log10(pixels)=0.00
-0.0510299956639812	69	1710	log2(tiles)=0.00 log10(pixels)=0.75
0	343	1711	log2(tiles)=0.00 log10(pixels)=0.00
0	344	1712	log2(tiles)=0.00 log10(pixels)=0.00
0	345	1713	log2(tiles)=0.00 log10(pixels)=0.00
0	346	1714	log2(tiles)=0.00 log10(pixels)=0.00
0.0510299956639812	144	1715	log2(tiles)=0.00 log10(pixels)=0.25
0	347	1716	log2(tiles)=0.00 log10(pixels)=0.00
0	348	1717	log2(tiles)=0.00 log10(pixels)=0.00
0	349	1718	log2(tiles)=0.00 log10(pixels)=0.00
0	350	1719	log2(tiles)=0.00 log10(pixels)=0.00
0	351	1720	log2(tiles)=0.00 log10(pixels)=0.00
0	352	1721	log2(tiles)=0.00 log10(pixels)=0.00
0	353	1722	log2(tiles)=0.00 log10(pixels)=0.00
0	354	1723	log2(tiles)=0.00 log10(pixels)=0.00
-0.0228787452803376	114	1724	log2(tiles)=0.00 log10(pixels)=0.50
0.0950980400142568	37	1725	log2(tiles)=0.00 log10(pixels)=0.75
0	355	1726	log2(tiles)=0.00 log10(pixels)=0.00
0.068201724066995	6	1727	log2(tiles)=0.00 log10(pixels)=1.50
0	356	1728	log2(tiles)=0.00 log10(pixels)=0.00
0	357	1729	log2(tiles)=0.00 log10(pixels)=0.00
0	358	1730	log2(tiles)=0.00 log10(pixels)=0.00
-0.103871964321762	20	1731	log2(tiles)=0.00 log10(pixels)=1.25
0	359	1732	log2(tiles)=0.00 log10(pixels)=0.00
0.0314789170422551	4	1733	log2(tiles)=1.00 log10(pixels)=1.50
0	360	1734	log2(tiles)=0.00 log10(pixels)=0.00
0.0281512503836436	48	1735	log2(tiles)=0.00 log10(pixels)=0.75
0	361	1736	log2(tiles)=0.00 log10(pixels)=0.00
0	362	1737	log2(tiles)=0.00 log10(pixels)=0.00
0	363	1738	log2(tiles)=0.00 log10(pixels)=0.00
0.0510299956639812	145	1739	log2(tiles)=0.00 log10(pixels)=0.25
0	364	1740	log2(tiles)=0.00 log10(pixels)=0.00
0	365	1741	log2(tiles)=0.00 log10(pixels)=0.00
0	366	1742	log2(tiles)=0.00 log10(pixels)=0.00
0	367	1743	log2(tiles)=0.00 log10(pixels)=0.00
0.0950980400142568	38	1744	log2(tiles)=0.00 log10(pixels)=0.75
-0.0510299956639812	70	1745	log2(tiles)=0.00 log10(pixels)=0.75
0.102059991327962	71	1746	log2(tiles)=0.00 log10(pixels)=0.50
0	368	1747	log2(tiles)=0.00 log10(pixels)=0.00
0	369	1748	log2(tiles)=0.00 log10(pixels)=0.00
0.0510299956639812	146	1749	log2(tiles)=0.00 log10(pixels)=0.25
0	370	1750	log2(tiles)=0.00 log10(pixels)=0.00
0	371	1751	log2(tiles)=0.00 log10(pixels)=0.00
0.0281512503836436	49	1752	log2(tiles)=0.00 log10(pixels)=0.75
-0.0195510786217261	16	1753	log2(tiles)=0.00 log10(pixels)=1.25
0.0281512503836436	50	1754	log2(tiles)=0.00 log10(pixels)=0.75
-0.0222763947111522	1	1755	log2(tiles)=0.00 log10(pixels)=2.00
-0.0779021420642825	2	1756	log2(tiles)=0.00 log10(pixels)=1.75
0	372	1757	log2(tiles)=0.00 log10(pixels)=0.00
0	373	1758	log2(tiles)=0.00 log10(pixels)=0.00
0	374	1759	log2(tiles)=0.00 log10(pixels)=0.00
-0.0739087409443187	22	1760	log2(tiles)=0.00 log10(pixels)=1.25
0	375	1761	log2(tiles)=0.00 log10(pixels)=0.00
0	376	1762	log2(tiles)=0.00 log10(pixels)=0.00
0	377	1763	log2(tiles)=0.00 log10(pixels)=0.00
0	378	1764	log2(tiles)=0.00 log10(pixels)=0.00
0	379	1765	log2(tiles)=0.00 log10(pixels)=0.00
0	380	1766	log2(tiles)=0.00 log10(pixels)=0.00
0	381	1767	log2(tiles)=0.00 log10(pixels)=0.00
0	382	1768	log2(tiles)=0.00 log10(pixels)=0.00
0.0510299956639812	147	1769	log2(tiles)=0.00 log10(pixels)=0.25
-0.0195510786217261	17	1770	log2(tiles)=0.00 log10(pixels)=1.25
0	383	1771	log2(tiles)=0.00 log10(pixels)=0.00
0	384	1772	log2(tiles)=0.00 log10(pixels)=0.00
0	385	1773	log2(tiles)=0.00 log10(pixels)=0.00
0.0950980400142568	39	1774	log2(tiles)=0.00 log10(pixels)=0.75
-0.0228787452803376	115	1775	log2(tiles)=0.00 log10(pixels)=0.50
0	386	1776	log2(tiles)=0.00 log10(pixels)=0.00
0	387	1777	log2(tiles)=0.00 log10(pixels)=0.00
0	388	1778	log2(tiles)=0.00 log10(pixels)=0.00
0.0413926851582249	29	1779	log2(tiles)=0.00 log10(pixels)=1.00
0.102059991327962	72	1780	log2(tiles)=0.00 log10(pixels)=0.50
0.0510299956639812	148	1781	log2(tiles)=0.00 log10(pixels)=0.25
0	389	1782	log2(tiles)=0.00 log10(pixels)=0.00
0	32	1783	log2(tiles)=0.00 log10(pixels)=1.00
0.0510299956639812	149	1784	log2(tiles)=0.00 log10(pixels)=0.25
0	390	1785	log2(tiles)=0.00 log10(pixels)=0.00
0	391	1786	log2(tiles)=0.00 log10(pixels)=0.00
0	33	1787	log2(tiles)=0.00 log10(pixels)=1.00
0	392	1788	log2(tiles)=0.00 log10(pixels)=0.00
0	393	1789	log2(tiles)=0.00 log10(pixels)=0.00
0	394	1790	log2(tiles)=0.00 log10(pixels)=0.00
-0.0228787452803376	116	1791	log2(tiles)=0.00 log10(pixels)=0.50
0	395	1792	log2(tiles)=0.00 log10(pixels)=0.00
0.102059991327962	73	1793	log2(tiles)=0.00 log10(pixels)=0.50
0	396	1794	log2(tiles)=0.00 log10(pixels)=0.00
-0.0228787452803376	117	1795	log2(tiles)=0.00 log10(pixels)=0.50
0	397	1796	log2(tiles)=0.00 log10(pixels)=0.00
0.0510299956639812	150	1797	log2(tiles)=0.00 log10(pixels)=0.25
0.0314789170422551	5	1798	log2(tiles)=1.00 log10(pixels)=1.50
-0.119788758288394	10	1799	log2(tiles)=0.00 log10(pixels)=1.50
-0.103871964321762	21	1800	log2(tiles)=0.00 log10(pixels)=1.25
-0.0457574905606751	25	1801	log2(tiles)=0.00 log10(pixels)=1.00
0	398	1802	log2(tiles)=0.00 log10(pixels)=0.00
0	399	1803	log2(tiles)=0.00 log10(pixels)=0.00
0	400	1804	log2(tiles)=0.00 log10(pixels)=0.00
0.0510299956639812	151	1805	log2(tiles)=0.00 log10(pixels)=0.25
0	401	1806	log2(tiles)=0.00 log10(pixels)=0.00
0	402	1807	log2(tiles)=0.00 log10(pixels)=0.00
0	403	1808	log2(tiles)=0.00 log10(pixels)=0.00
-0.0195510786217261	18	1809	log2(tiles)=0.00 log10(pixels)=1.25
0.0281512503836436	51	1810	log2(tiles)=0.00 log10(pixels)=0.75
-0.0457574905606751	3	1811	log2(tiles)=1.00 log10(pixels)=1.00
0	404	1812	log2(tiles)=0.00 log10(pixels)=0.00
0.102059991327962	74	1813	log2(tiles)=0.00 log10(pixels)=0.50
0.0510299956639812	152	1814	log2(tiles)=0.00 log10(pixels)=0.25
0.0510299956639812	153	1815	log2(tiles)=0.00 log10(pixels)=0.25
-0.103871964321762	22	1816	log2(tiles)=0.00 log10(pixels)=1.25
0	405	1817	log2(tiles)=0.00 log10(pixels)=0.00
0	406	1818	log2(tiles)=0.00 log10(pixels)=0.00
0	407	1819	log2(tiles)=0.00 log10(pixels)=0.00
0	408	1820	log2(tiles)=0.00 log10(pixels)=0.00
0	409	1821	log2(tiles)=0.00 log10(pixels)=0.00
0.0510299956639812	154	1822	log2(tiles)=0.00 log10(pixels)=0.25
-0.0228787452803376	118	1823	log2(tiles)=0.00 log10(pixels)=0.50
0	410	1824	log2(tiles)=0.00 log10(pixels)=0.00
0.0510299956639812	155	1825	log2(tiles)=0.00 log10(pixels)=0.25
0.0510299956639812	156	1826	log2(tiles)=0.00 log10(pixels)=0.25
0	411	1827	log2(tiles)=0.00 log10(pixels)=0.00
0	412	1828	log2(tiles)=0.00 log10(pixels)=0.00
0	413	1829	log2(tiles)=0.00 log10(pixels)=0.00
0	414	1830	log2(tiles)=0.00 log10(pixels)=0.00
0.0281512503836436	52	1831	log2(tiles)=0.00 log10(pixels)=0.75
-0.0510299956639812	71	1832	log2(tiles)=0.00 log10(pixels)=0.75
0.0510299956639812	157	1833	log2(tiles)=0.00 log10(pixels)=0.25
-0.0510299956639812	72	1834	log2(tiles)=0.00 log10(pixels)=0.75
0.0510299956639812	158	1835	log2(tiles)=0.00 log10(pixels)=0.25
0	415	1836	log2(tiles)=0.00 log10(pixels)=0.00
0.0510299956639812	159	1837	log2(tiles)=0.00 log10(pixels)=0.25
0.0510299956639812	160	1838	log2(tiles)=0.00 log10(pixels)=0.25
0	416	1839	log2(tiles)=0.00 log10(pixels)=0.00
0	417	1840	log2(tiles)=0.00 log10(pixels)=0.00
0	418	1841	log2(tiles)=0.00 log10(pixels)=0.00
-0.0969100130080565	30	1842	log2(tiles)=0.00 log10(pixels)=1.00
0	34	1843	log2(tiles)=0.00 log10(pixels)=1.00
0	419	1844	log2(tiles)=0.00 log10(pixels)=0.00
0	420	1845	log2(tiles)=0.00 log10(pixels)=0.00
0.0510299956639812	161	1846	log2(tiles)=0.00 log10(pixels)=0.25
0.0510299956639812	162	1847	log2(tiles)=0.00 log10(pixels)=0.25
0	421	1848	log2(tiles)=0.00 log10(pixels)=0.00
0	422	1849	log2(tiles)=0.00 log10(pixels)=0.00
0	423	1850	log2(tiles)=0.00 log10(pixels)=0.00
0	424	1851	log2(tiles)=0.00 log10(pixels)=0.00
-0.0228787452803376	119	1852	log2(tiles)=0.00 log10(pixels)=0.50
0.0510299956639812	163	1853	log2(tiles)=0.00 log10(pixels)=0.25
0	425	1854	log2(tiles)=0.00 log10(pixels)=0.00
0	426	1855	log2(tiles)=0.00 log10(pixels)=0.00
0	427	1856	log2(tiles)=0.00 log10(pixels)=0.00
0	428	1857	log2(tiles)=0.00 log10(pixels)=0.00
0	429	1858	log2(tiles)=0.00 log10(pixels)=0.00
-0.0457574905606751	26	1859	log2(tiles)=0.00 log10(pixels)=1.00
-0.0228787452803376	120	1860	log2(tiles)=0.00 log10(pixels)=0.50
0	430	1861	log2(tiles)=0.00 log10(pixels)=0.00
-0.0457574905606751	27	1862	log2(tiles)=0.00 log10(pixels)=1.00
0.0510299956639812	164	1863	log2(tiles)=0.00 log10(pixels)=0.25
0.0924226808222062	9	1864	log2(tiles)=0.00 log10(pixels)=1.25
0	431	1865	log2(tiles)=0.00 log10(pixels)=0.00
0	432	1866	log2(tiles)=0.00 log10(pixels)=0.00
-0.0228787452803376	121	1867	log2(tiles)=0.00 log10(pixels)=0.50
0	433	1868	log2(tiles)=0.00 log10(pixels)=0.00
0.102059991327962	75	1869	log2(tiles)=0.00 log10(pixels)=0.50
0.102059991327962	76	1870	log2(tiles)=0.00 log10(pixels)=0.50
0	434	1871	log2(tiles)=0.00 log10(pixels)=0.00
0	435	1872	log2(tiles)=0.00 log10(pixels)=0.00
0	436	1873	log2(tiles)=0.00 log10(pixels)=0.00
0	437	1874	log2(tiles)=0.00 log10(pixels)=0.00
0	438	1875	log2(tiles)=0.00 log10(pixels)=0.00
0	439	1876	log2(tiles)=0.00 log10(pixels)=0.00
0	440	1877	log2(tiles)=0.00 log10(pixels)=0.00
0.102059991327962	77	1878	log2(tiles)=0.00 log10(pixels)=0.50
0	441	1879	log2(tiles)=0.00 log10(pixels)=0.00
0	442	1880	log2(tiles)=0.00 log10(pixels)=0.00
0	443	1881	log2(tiles)=0.00 log10(pixels)=0.00
-0.0228787452803376	122	1882	log2(tiles)=0.00 log10(pixels)=0.50
-0.0969100130080565	31	1883	log2(tiles)=0.00 log10(pixels)=1.00
0	444	1884	log2(tiles)=0.00 log10(pixels)=0.00
0	445	1885	log2(tiles)=0.00 log10(pixels)=0.00
0	446	1886	log2(tiles)=0.00 log10(pixels)=0.00
0	447	1887	log2(tiles)=0.00 log10(pixels)=0.00
0	448	1888	log2(tiles)=0.00 log10(pixels)=0.00
0	449	1889	log2(tiles)=0.00 log10(pixels)=0.00
0	450	1890	log2(tiles)=0.00 log10(pixels)=0.00
0	451	1891	log2(tiles)=0.00 log10(pixels)=0.00
0	452	1892	log2(tiles)=0.00 log10(pixels)=0.00
-0.0228787452803376	123	1893	log2(tiles)=0.00 log10(pixels)=0.50
0	453	1894	log2(tiles)=0.00 log10(pixels)=0.00
0.0510299956639812	165	1895	log2(tiles)=0.00 log10(pixels)=0.25
0	454	1896	log2(tiles)=0.00 log10(pixels)=0.00
0	455	1897	log2(tiles)=0.00 log10(pixels)=0.00
0	456	1898	log2(tiles)=0.00 log10(pixels)=0.00
0	457	1899	log2(tiles)=0.00 log10(pixels)=0.00
0	458	1900	log2(tiles)=0.00 log10(pixels)=0.00
0	459	1901	log2(tiles)=0.00 log10(pixels)=0.00
0	460	1902	log2(tiles)=0.00 log10(pixels)=0.00
0.0510299956639812	166	1903	log2(tiles)=0.00 log10(pixels)=0.25
0	461	1904	log2(tiles)=0.00 log10(pixels)=0.00
0	462	1905	log2(tiles)=0.00 log10(pixels)=0.00
0	463	1906	log2(tiles)=0.00 log10(pixels)=0.00
0.0510299956639812	167	1907	log2(tiles)=0.00 log10(pixels)=0.25
0	464	1908	log2(tiles)=0.00 log10(pixels)=0.00
0.0510299956639812	168	1909	log2(tiles)=0.00 log10(pixels)=0.25
0	465	1910	log2(tiles)=0.00 log10(pixels)=0.00
0	466	1911	log2(tiles)=0.00 log10(pixels)=0.00
0	467	1912	log2(tiles)=0.00 log10(pixels)=0.00
-0.0228787452803376	124	1913	log2(tiles)=0.00 log10(pixels)=0.50
-0.0457574905606751	28	1914	log2(tiles)=0.00 log10(pixels)=1.00
0.102059991327962	78	1915	log2(tiles)=0.00 log10(pixels)=0.50
0	468	1916	log2(tiles)=0.00 log10(pixels)=0.00
0.102059991327962	79	1917	log2(tiles)=0.00 log10(pixels)=0.50
0	469	1918	log2(tiles)=0.00 log10(pixels)=0.00
0	470	1919	log2(tiles)=0.00 log10(pixels)=0.00
0	471	1920	log2(tiles)=0.00 log10(pixels)=0.00
0.0510299956639812	169	1921	log2(tiles)=0.00 log10(pixels)=0.25
0	472	1922	log2(tiles)=0.00 log10(pixels)=0.00
0	473	1923	log2(tiles)=0.00 log10(pixels)=0.00
0	474	1924	log2(tiles)=0.00 log10(pixels)=0.00
0	475	1925	log2(tiles)=0.00 log10(pixels)=0.00
0	476	1926	log2(tiles)=0.00 log10(pixels)=0.00
0.0281512503836436	53	1927	log2(tiles)=0.00 log10(pixels)=0.75
0	477	1928	log2(tiles)=0.00 log10(pixels)=0.00
-0.103871964321762	23	1929	log2(tiles)=0.00 log10(pixels)=1.25
0.102059991327962	80	1930	log2(tiles)=0.00 log10(pixels)=0.50
0	478	1931	log2(tiles)=0.00 log10(pixels)=0.00
-0.0228787452803376	7	1932	log2(tiles)=0.00 log10(pixels)=1.50
0.1154879848909	1	1933	log2(tiles)=0.00 log10(pixels)=2.25
0.0510299956639812	170	1934	log2(tiles)=0.00 log10(pixels)=0.25
0.0791812460476249	16	1935	log2(tiles)=0.00 log10(pixels)=1.00
0	479	1936	log2(tiles)=0.00 log10(pixels)=0.00
0	480	1937	log2(tiles)=0.00 log10(pixels)=0.00
-0.0510299956639812	73	1938	log2(tiles)=0.00 log10(pixels)=0.75
0.0510299956639812	171	1939	log2(tiles)=0.00 log10(pixels)=0.25
0.102059991327962	81	1940	log2(tiles)=0.00 log10(pixels)=0.50
0.0510299956639813	18	1941	log2(tiles)=0.00 log10(pixels)=1.25
0	481	1942	log2(tiles)=0.00 log10(pixels)=0.00
0.0281512503836436	54	1943	log2(tiles)=0.00 log10(pixels)=0.75
0.102059991327962	82	1944	log2(tiles)=0.00 log10(pixels)=0.50
-0.0739087409443187	3	1945	log2(tiles)=1.00 log10(pixels)=1.25
0	482	1946	log2(tiles)=0.00 log10(pixels)=0.00
-0.0510299956639812	74	1947	log2(tiles)=0.00 log10(pixels)=0.75
0	483	1948	log2(tiles)=0.00 log10(pixels)=0.00
0.0510299956639812	172	1949	log2(tiles)=0.00 log10(pixels)=0.25
0.102059991327962	83	1950	log2(tiles)=0.00 log10(pixels)=0.50
0	484	1951	log2(tiles)=0.00 log10(pixels)=0.00
0.0950980400142568	40	1952	log2(tiles)=0.00 log10(pixels)=0.75
0.0281512503836436	55	1953	log2(tiles)=0.00 log10(pixels)=0.75
0	485	1954	log2(tiles)=0.00 log10(pixels)=0.00
-0.0458800173440752	20	1955	log2(tiles)=0.00 log10(pixels)=1.25
0.111727836017593	8	1956	log2(tiles)=0.00 log10(pixels)=1.25
-0.102059991327962	6	1957	log2(tiles)=0.00 log10(pixels)=1.50
-0.0510299956639812	75	1958	log2(tiles)=0.00 log10(pixels)=0.75
-0.0195510786217261	3	1959	log2(tiles)=1.00 log10(pixels)=1.25
0.0510299956639812	173	1960	log2(tiles)=0.00 log10(pixels)=0.25
0	486	1961	log2(tiles)=0.00 log10(pixels)=0.00
0	487	1962	log2(tiles)=0.00 log10(pixels)=0.00
0.0950980400142568	41	1963	log2(tiles)=0.00 log10(pixels)=0.75
0	488	1964	log2(tiles)=0.00 log10(pixels)=0.00
0	489	1965	log2(tiles)=0.00 log10(pixels)=0.00
0.0510299956639812	174	1966	log2(tiles)=0.00 log10(pixels)=0.25
0.0510299956639812	175	1967	log2(tiles)=0.00 log10(pixels)=0.25
0	490	1968	log2(tiles)=0.00 log10(pixels)=0.00
-0.0457574905606751	29	1969	log2(tiles)=0.00 log10(pixels)=1.00
0	491	1970	log2(tiles)=0.00 log10(pixels)=0.00
-0.0779021420642825	3	1971	log2(tiles)=0.00 log10(pixels)=1.75
0	492	1972	log2(tiles)=0.00 log10(pixels)=0.00
0.0413926851582249	30	1973	log2(tiles)=0.00 log10(pixels)=1.00
0	493	1974	log2(tiles)=0.00 log10(pixels)=0.00
0	494	1975	log2(tiles)=0.00 log10(pixels)=0.00
0	495	1976	log2(tiles)=0.00 log10(pixels)=0.00
0.102059991327962	84	1977	log2(tiles)=0.00 log10(pixels)=0.50
0	496	1978	log2(tiles)=0.00 log10(pixels)=0.00
0.0510299956639812	176	1979	log2(tiles)=0.00 log10(pixels)=0.25
0	497	1980	log2(tiles)=0.00 log10(pixels)=0.00
0	498	1981	log2(tiles)=0.00 log10(pixels)=0.00
0	499	1982	log2(tiles)=0.00 log10(pixels)=0.00
0	500	1983	log2(tiles)=0.00 log10(pixels)=0.00
0	501	1984	log2(tiles)=0.00 log10(pixels)=0.00
0.102059991327962	3	1985	log2(tiles)=1.00 log10(pixels)=0.50
0.0510299956639812	177	1986	log2(tiles)=0.00 log10(pixels)=0.25
-0.0457574905606751	30	1987	log2(tiles)=0.00 log10(pixels)=1.00
-0.0228787452803376	125	1988	log2(tiles)=0.00 log10(pixels)=0.50
-0.0228787452803376	126	1989	log2(tiles)=0.00 log10(pixels)=0.50
0	502	1990	log2(tiles)=0.00 log10(pixels)=0.00
0	503	1991	log2(tiles)=0.00 log10(pixels)=0.00
0	504	1992	log2(tiles)=0.00 log10(pixels)=0.00
0	505	1993	log2(tiles)=0.00 log10(pixels)=0.00
0.102059991327962	85	1994	log2(tiles)=0.00 log10(pixels)=0.50
0.0510299956639813	19	1995	log2(tiles)=0.00 log10(pixels)=1.25
-0.0510299956639812	76	1996	log2(tiles)=0.00 log10(pixels)=0.75
-0.0228787452803376	127	1997	log2(tiles)=0.00 log10(pixels)=0.50
0.0510299956639812	178	1998	log2(tiles)=0.00 log10(pixels)=0.25
0	506	1999	log2(tiles)=0.00 log10(pixels)=0.00
0	507	2000	log2(tiles)=0.00 log10(pixels)=0.00
0	508	2001	log2(tiles)=0.00 log10(pixels)=0.00
0	509	2002	log2(tiles)=0.00 log10(pixels)=0.00
-0.0969100130080565	32	2003	log2(tiles)=0.00 log10(pixels)=1.00
0	510	2004	log2(tiles)=0.00 log10(pixels)=0.00
0.113943352306837	37	2005	log2(tiles)=0.00 log10(pixels)=1.00
0	511	2006	log2(tiles)=0.00 log10(pixels)=0.00
0.0281512503836436	56	2007	log2(tiles)=0.00 log10(pixels)=0.75
0	512	2008	log2(tiles)=0.00 log10(pixels)=0.00
0	513	2009	log2(tiles)=0.00 log10(pixels)=0.00
0	514	2010	log2(tiles)=0.00 log10(pixels)=0.00
0	515	2011	log2(tiles)=0.00 log10(pixels)=0.00
0	516	2012	log2(tiles)=0.00 log10(pixels)=0.00
0	517	2013	log2(tiles)=0.00 log10(pixels)=0.00
0.102059991327962	86	2014	log2(tiles)=0.00 log10(pixels)=0.50
-0.0195510786217261	19	2015	log2(tiles)=0.00 log10(pixels)=1.25
0	518	2016	log2(tiles)=0.00 log10(pixels)=0.00
-0.0195510786217261	20	2017	log2(tiles)=0.00 log10(pixels)=1.25
-0.0228787452803376	8	2018	log2(tiles)=0.00 log10(pixels)=1.50
-0.0969100130080565	33	2019	log2(tiles)=0.00 log10(pixels)=1.00
0	519	2020	log2(tiles)=0.00 log10(pixels)=0.00
0	520	2021	log2(tiles)=0.00 log10(pixels)=0.00
0	521	2022	log2(tiles)=0.00 log10(pixels)=0.00
0.102059991327962	87	2023	log2(tiles)=0.00 log10(pixels)=0.50
0.0510299956639812	179	2024	log2(tiles)=0.00 log10(pixels)=0.25
0.102059991327962	88	2025	log2(tiles)=0.00 log10(pixels)=0.50
0	522	2026	log2(tiles)=0.00 log10(pixels)=0.00
0.0281512503836436	57	2027	log2(tiles)=0.00 log10(pixels)=0.75
-0.0228787452803376	128	2028	log2(tiles)=0.00 log10(pixels)=0.50
0.102059991327962	89	2029	log2(tiles)=0.00 log10(pixels)=0.50
0	523	2030	log2(tiles)=0.00 log10(pixels)=0.00
-0.0969100130080565	34	2031	log2(tiles)=0.00 log10(pixels)=1.00
-0.0228787452803376	129	2032	log2(tiles)=0.00 log10(pixels)=0.50
-0.103871964321762	2	2033	log2(tiles)=1.00 log10(pixels)=1.25
-0.0228787452803376	130	2034	log2(tiles)=0.00 log10(pixels)=0.50
0.113943352306837	38	2035	log2(tiles)=0.00 log10(pixels)=1.00
0	524	2036	log2(tiles)=0.00 log10(pixels)=0.00
0.0510299956639812	180	2037	log2(tiles)=0.00 log10(pixels)=0.25
0	525	2038	log2(tiles)=0.00 log10(pixels)=0.00
0	526	2039	log2(tiles)=0.00 log10(pixels)=0.00
0	527	2040	log2(tiles)=0.00 log10(pixels)=0.00
0	528	2041	log2(tiles)=0.00 log10(pixels)=0.00
-0.0969100130080565	35	2042	log2(tiles)=0.00 log10(pixels)=1.00
0	529	2043	log2(tiles)=0.00 log10(pixels)=0.00
0.113943352306837	3	2044	log2(tiles)=1.00 log10(pixels)=1.00
0	530	2045	log2(tiles)=0.00 log10(pixels)=0.00
0.0510299956639812	181	2046	log2(tiles)=0.00 log10(pixels)=0.25
0	531	2047	log2(tiles)=0.00 log10(pixels)=0.00
0	532	2048	log2(tiles)=0.00 log10(pixels)=0.00
0	533	2049	log2(tiles)=0.00 log10(pixels)=0.00
0	534	2050	log2(tiles)=0.00 log10(pixels)=0.00
0	535	2051	log2(tiles)=0.00 log10(pixels)=0.00
0	536	2052	log2(tiles)=0.00 log10(pixels)=0.00
0	537	2053	log2(tiles)=0.00 log10(pixels)=0.00
0	538	2054	log2(tiles)=0.00 log10(pixels)=0.00
0	539	2055	log2(tiles)=0.00 log10(pixels)=0.00
0.0510299956639812	182	2056	log2(tiles)=0.00 log10(pixels)=0.25
-0.0969100130080565	36	2057	log2(tiles)=0.00 log10(pixels)=1.00
0	540	2058	log2(tiles)=0.00 log10(pixels)=0.00
0	541	2059	log2(tiles)=0.00 log10(pixels)=0.00
0.102059991327962	90	2060	log2(tiles)=0.00 log10(pixels)=0.50
0.102059991327962	91	2061	log2(tiles)=0.00 log10(pixels)=0.50
0	542	2062	log2(tiles)=0.00 log10(pixels)=0.00
0	543	2063	log2(tiles)=0.00 log10(pixels)=0.00
0	544	2064	log2(tiles)=0.00 log10(pixels)=0.00
0	545	2065	log2(tiles)=0.00 log10(pixels)=0.00
0	546	2066	log2(tiles)=0.00 log10(pixels)=0.00
0	547	2067	log2(tiles)=0.00 log10(pixels)=0.00
0	548	2068	log2(tiles)=0.00 log10(pixels)=0.00
0	549	2069	log2(tiles)=0.00 log10(pixels)=0.00
0	550	2070	log2(tiles)=0.00 log10(pixels)=0.00
0	551	2071	log2(tiles)=0.00 log10(pixels)=0.00
0	552	2072	log2(tiles)=0.00 log10(pixels)=0.00
-0.0510299956639812	77	2073	log2(tiles)=0.00 log10(pixels)=0.75
0.0510299956639812	183	2074	log2(tiles)=0.00 log10(pixels)=0.25
0.0510299956639812	184	2075	log2(tiles)=0.00 log10(pixels)=0.25
0	553	2076	log2(tiles)=0.00 log10(pixels)=0.00
0	554	2077	log2(tiles)=0.00 log10(pixels)=0.00
0	555	2078	log2(tiles)=0.00 log10(pixels)=0.00
0	556	2079	log2(tiles)=0.00 log10(pixels)=0.00
0	557	2080	log2(tiles)=0.00 log10(pixels)=0.00
0.0791812460476249	17	2081	log2(tiles)=0.00 log10(pixels)=1.00
0	558	2082	log2(tiles)=0.00 log10(pixels)=0.00
0	559	2083	log2(tiles)=0.00 log10(pixels)=0.00
0	560	2084	log2(tiles)=0.00 log10(pixels)=0.00
-0.0228787452803376	131	2085	log2(tiles)=0.00 log10(pixels)=0.50
0	561	2086	log2(tiles)=0.00 log10(pixels)=0.00
0.102059991327962	92	2087	log2(tiles)=0.00 log10(pixels)=0.50
0.0510299956639812	185	2088	log2(tiles)=0.00 log10(pixels)=0.25
0.111727836017593	5	2089	log2(tiles)=1.00 log10(pixels)=1.25
0	562	2090	log2(tiles)=0.00 log10(pixels)=0.00
0.0510299956639812	186	2091	log2(tiles)=0.00 log10(pixels)=0.25
0	563	2092	log2(tiles)=0.00 log10(pixels)=0.00
-0.0228787452803376	132	2093	log2(tiles)=0.00 log10(pixels)=0.50
0	564	2094	log2(tiles)=0.00 log10(pixels)=0.00
0.0413926851582249	31	2095	log2(tiles)=0.00 log10(pixels)=1.00
0	565	2096	log2(tiles)=0.00 log10(pixels)=0.00
0	566	2097	log2(tiles)=0.00 log10(pixels)=0.00
0	567	2098	log2(tiles)=0.00 log10(pixels)=0.00
0	568	2099	log2(tiles)=0.00 log10(pixels)=0.00
0	569	2100	log2(tiles)=0.00 log10(pixels)=0.00
0	570	2101	log2(tiles)=0.00 log10(pixels)=0.00
0.0510299956639812	187	2102	log2(tiles)=0.00 log10(pixels)=0.25
0	571	2103	log2(tiles)=0.00 log10(pixels)=0.00
0.0510299956639812	188	2104	log2(tiles)=0.00 log10(pixels)=0.25
-0.0510299956639812	78	2105	log2(tiles)=0.00 log10(pixels)=0.75
0.0510299956639813	3	2106	log2(tiles)=1.00 log10(pixels)=1.25
-0.0510299956639812	79	2107	log2(tiles)=0.00 log10(pixels)=0.75
0	572	2108	log2(tiles)=0.00 log10(pixels)=0.00
0	573	2109	log2(tiles)=0.00 log10(pixels)=0.00
0	574	2110	log2(tiles)=0.00 log10(pixels)=0.00
0	575	2111	log2(tiles)=0.00 log10(pixels)=0.00
0	576	2112	log2(tiles)=0.00 log10(pixels)=0.00
0	577	2113	log2(tiles)=0.00 log10(pixels)=0.00
-0.0510299956639812	80	2114	log2(tiles)=0.00 log10(pixels)=0.75
0.113943352306837	39	2115	log2(tiles)=0.00 log10(pixels)=1.00
-0.0228787452803376	133	2116	log2(tiles)=0.00 log10(pixels)=0.50
-0.0228787452803376	134	2117	log2(tiles)=0.00 log10(pixels)=0.50
-0.0228787452803376	135	2118	log2(tiles)=0.00 log10(pixels)=0.50
0	578	2119	log2(tiles)=0.00 log10(pixels)=0.00
0.0510299956639812	189	2120	log2(tiles)=0.00 log10(pixels)=0.25
0	579	2121	log2(tiles)=0.00 log10(pixels)=0.00
0	580	2122	log2(tiles)=0.00 log10(pixels)=0.00
0.0510299956639812	190	2123	log2(tiles)=0.00 log10(pixels)=0.25
0	581	2124	log2(tiles)=0.00 log10(pixels)=0.00
0	582	2125	log2(tiles)=0.00 log10(pixels)=0.00
0.0510299956639812	191	2126	log2(tiles)=0.00 log10(pixels)=0.25
0.0510299956639812	192	2127	log2(tiles)=0.00 log10(pixels)=0.25
0	583	2128	log2(tiles)=0.00 log10(pixels)=0.00
0	584	2129	log2(tiles)=0.00 log10(pixels)=0.00
0	585	2130	log2(tiles)=0.00 log10(pixels)=0.00
0	586	2131	log2(tiles)=0.00 log10(pixels)=0.00
0	587	2132	log2(tiles)=0.00 log10(pixels)=0.00
0.0281512503836436	58	2133	log2(tiles)=0.00 log10(pixels)=0.75
0	588	2134	log2(tiles)=0.00 log10(pixels)=0.00
0.00527250510330601	18	2135	log2(tiles)=0.00 log10(pixels)=1.25
0	589	2136	log2(tiles)=0.00 log10(pixels)=0.00
-0.00181197299379954	2	2137	log2(tiles)=0.00 log10(pixels)=1.75
0	590	2138	log2(tiles)=0.00 log10(pixels)=0.00
0	591	2139	log2(tiles)=0.00 log10(pixels)=0.00
0.0510299956639812	193	2140	log2(tiles)=0.00 log10(pixels)=0.25
0	592	2141	log2(tiles)=0.00 log10(pixels)=0.00
0	593	2142	log2(tiles)=0.00 log10(pixels)=0.00
0.112783856719735	1	2143	log2(tiles)=1.00 log10(pixels)=1.50
0	594	2144	log2(tiles)=0.00 log10(pixels)=0.00
0	595	2145	log2(tiles)=0.00 log10(pixels)=0.00
0	596	2146	log2(tiles)=0.00 log10(pixels)=0.00
0	597	2147	log2(tiles)=0.00 log10(pixels)=0.00
0.0510299956639812	194	2148	log2(tiles)=0.00 log10(pixels)=0.25
0.0281512503836436	59	2149	log2(tiles)=0.00 log10(pixels)=0.75
0	598	2150	log2(tiles)=0.00 log10(pixels)=0.00
0	599	2151	log2(tiles)=0.00 log10(pixels)=0.00
-0.0228787452803376	136	2152	log2(tiles)=0.00 log10(pixels)=0.50
-0.0228787452803376	137	2153	log2(tiles)=0.00 log10(pixels)=0.50
0	600	2154	log2(tiles)=0.00 log10(pixels)=0.00
-0.0510299956639812	81	2155	log2(tiles)=0.00 log10(pixels)=0.75
0	601	2156	log2(tiles)=0.00 log10(pixels)=0.00
0	602	2157	log2(tiles)=0.00 log10(pixels)=0.00
0	603	2158	log2(tiles)=0.00 log10(pixels)=0.00
0.0510299956639812	195	2159	log2(tiles)=0.00 log10(pixels)=0.25
0	604	2160	log2(tiles)=0.00 log10(pixels)=0.00
0	605	2161	log2(tiles)=0.00 log10(pixels)=0.00
0	606	2162	log2(tiles)=0.00 log10(pixels)=0.00
0	607	2163	log2(tiles)=0.00 log10(pixels)=0.00
0	608	2164	log2(tiles)=0.00 log10(pixels)=0.00
0	609	2165	log2(tiles)=0.00 log10(pixels)=0.00
0	610	2166	log2(tiles)=0.00 log10(pixels)=0.00
0	611	2167	log2(tiles)=0.00 log10(pixels)=0.00
0	612	2168	log2(tiles)=0.00 log10(pixels)=0.00
0	613	2169	log2(tiles)=0.00 log10(pixels)=0.00
0	614	2170	log2(tiles)=0.00 log10(pixels)=0.00
-0.119788758288394	11	2171	log2(tiles)=0.00 log10(pixels)=1.50
0	615	2172	log2(tiles)=0.00 log10(pixels)=0.00
0	616	2173	log2(tiles)=0.00 log10(pixels)=0.00
-0.0969100130080565	37	2174	log2(tiles)=0.00 log10(pixels)=1.00
-0.0228787452803376	138	2175	log2(tiles)=0.00 log10(pixels)=0.50
0	617	2176	log2(tiles)=0.00 log10(pixels)=0.00
-0.103871964321762	24	2177	log2(tiles)=0.00 log10(pixels)=1.25
0	618	2178	log2(tiles)=0.00 log10(pixels)=0.00
0.0510299956639812	196	2179	log2(tiles)=0.00 log10(pixels)=0.25
-0.0228787452803376	139	2180	log2(tiles)=0.00 log10(pixels)=0.50
-0.0228787452803376	140	2181	log2(tiles)=0.00 log10(pixels)=0.50
0	619	2182	log2(tiles)=0.00 log10(pixels)=0.00
-0.0228787452803376	141	2183	log2(tiles)=0.00 log10(pixels)=0.50
0.0510299956639812	197	2184	log2(tiles)=0.00 log10(pixels)=0.25
-0.0510299956639812	82	2185	log2(tiles)=0.00 log10(pixels)=0.75
0	620	2186	log2(tiles)=0.00 log10(pixels)=0.00
0.0950980400142568	42	2187	log2(tiles)=0.00 log10(pixels)=0.75
0	621	2188	log2(tiles)=0.00 log10(pixels)=0.00
0	622	2189	log2(tiles)=0.00 log10(pixels)=0.00
0.0950980400142568	43	2190	log2(tiles)=0.00 log10(pixels)=0.75
0	623	2191	log2(tiles)=0.00 log10(pixels)=0.00
0	624	2192	log2(tiles)=0.00 log10(pixels)=0.00
0	625	2193	log2(tiles)=0.00 log10(pixels)=0.00
-0.0195510786217261	4	2194	log2(tiles)=1.00 log10(pixels)=1.25
-0.0510299956639812	83	2195	log2(tiles)=0.00 log10(pixels)=0.75
0	626	2196	log2(tiles)=0.00 log10(pixels)=0.00
-0.0228787452803376	142	2197	log2(tiles)=0.00 log10(pixels)=0.50
0	627	2198	log2(tiles)=0.00 log10(pixels)=0.00
0	628	2199	log2(tiles)=0.00 log10(pixels)=0.00
0.0510299956639812	198	2200	log2(tiles)=0.00 log10(pixels)=0.25
0.102059991327962	93	2201	log2(tiles)=0.00 log10(pixels)=0.50
-0.0969100130080565	38	2202	log2(tiles)=0.00 log10(pixels)=1.00
-0.0457574905606751	31	2203	log2(tiles)=0.00 log10(pixels)=1.00
0	629	2204	log2(tiles)=0.00 log10(pixels)=0.00
0.0791812460476249	18	2205	log2(tiles)=0.00 log10(pixels)=1.00
0	630	2206	log2(tiles)=0.00 log10(pixels)=0.00
0	35	2207	log2(tiles)=0.00 log10(pixels)=1.00
0	631	2208	log2(tiles)=0.00 log10(pixels)=0.00
0	632	2209	log2(tiles)=0.00 log10(pixels)=0.00
0	633	2210	log2(tiles)=0.00 log10(pixels)=0.00
0	634	2211	log2(tiles)=0.00 log10(pixels)=0.00
0	635	2212	log2(tiles)=0.00 log10(pixels)=0.00
0.0510299956639812	199	2213	log2(tiles)=0.00 log10(pixels)=0.25
0	636	2214	log2(tiles)=0.00 log10(pixels)=0.00
-0.0228787452803376	143	2215	log2(tiles)=0.00 log10(pixels)=0.50
0	637	2216	log2(tiles)=0.00 log10(pixels)=0.00
0.102059991327962	4	2217	log2(tiles)=1.00 log10(pixels)=0.50
0.0510299956639812	200	2218	log2(tiles)=0.00 log10(pixels)=0.25
0.0510299956639812	201	2219	log2(tiles)=0.00 log10(pixels)=0.25
0	638	2220	log2(tiles)=0.00 log10(pixels)=0.00
0	639	2221	log2(tiles)=0.00 log10(pixels)=0.00
0	640	2222	log2(tiles)=0.00 log10(pixels)=0.00
0	641	2223	log2(tiles)=0.00 log10(pixels)=0.00
0	642	2224	log2(tiles)=0.00 log10(pixels)=0.00
0	643	2225	log2(tiles)=0.00 log10(pixels)=0.00
0	644	2226	log2(tiles)=0.00 log10(pixels)=0.00
-0.103871964321762	25	2227	log2(tiles)=0.00 log10(pixels)=1.25
-0.0457574905606751	32	2228	log2(tiles)=0.00 log10(pixels)=1.00
0.00527250510330601	19	2229	log2(tiles)=0.00 log10(pixels)=1.25
0	645	2230	log2(tiles)=0.00 log10(pixels)=0.00
0.0510299956639812	202	2231	log2(tiles)=0.00 log10(pixels)=0.25
0	646	2232	log2(tiles)=0.00 log10(pixels)=0.00
0	647	2233	log2(tiles)=0.00 log10(pixels)=0.00
0	648	2234	log2(tiles)=0.00 log10(pixels)=0.00
0.102059991327962	5	2235	log2(tiles)=1.00 log10(pixels)=0.50
0	649	2236	log2(tiles)=0.00 log10(pixels)=0.00
0	650	2237	log2(tiles)=0.00 log10(pixels)=0.00
0	651	2238	log2(tiles)=0.00 log10(pixels)=0.00
0	652	2239	log2(tiles)=0.00 log10(pixels)=0.00
0	653	2240	log2(tiles)=0.00 log10(pixels)=0.00
0	654	2241	log2(tiles)=0.00 log10(pixels)=0.00
0	655	2242	log2(tiles)=0.00 log10(pixels)=0.00
0.0510299956639812	203	2243	log2(tiles)=0.00 log10(pixels)=0.25
0	656	2244	log2(tiles)=0.00 log10(pixels)=0.00
0.0281512503836436	5	2245	log2(tiles)=1.00 log10(pixels)=0.75
0	657	2246	log2(tiles)=0.00 log10(pixels)=0.00
0	658	2247	log2(tiles)=0.00 log10(pixels)=0.00
0	659	2248	log2(tiles)=0.00 log10(pixels)=0.00
0	660	2249	log2(tiles)=0.00 log10(pixels)=0.00
0	661	2250	log2(tiles)=0.00 log10(pixels)=0.00
-0.0510299956639812	84	2251	log2(tiles)=0.00 log10(pixels)=0.75
0	662	2252	log2(tiles)=0.00 log10(pixels)=0.00
0	663	2253	log2(tiles)=0.00 log10(pixels)=0.00
-0.0969100130080565	39	2254	log2(tiles)=0.00 log10(pixels)=1.00
0.102059991327962	94	2255	log2(tiles)=0.00 log10(pixels)=0.50
0	664	2256	log2(tiles)=0.00 log10(pixels)=0.00
0.0281512503836436	60	2257	log2(tiles)=0.00 log10(pixels)=0.75
-0.0510299956639812	85	2258	log2(tiles)=0.00 log10(pixels)=0.75
-0.0969100130080565	40	2259	log2(tiles)=0.00 log10(pixels)=1.00
0	665	2260	log2(tiles)=0.00 log10(pixels)=0.00
-0.0228787452803376	144	2261	log2(tiles)=0.00 log10(pixels)=0.50
-0.0510299956639812	86	2262	log2(tiles)=0.00 log10(pixels)=0.75
-0.103871964321762	26	2263	log2(tiles)=0.00 log10(pixels)=1.25
-0.0686362358410126	7	2264	log2(tiles)=0.00 log10(pixels)=1.50
-0.0510299956639812	6	2265	log2(tiles)=1.00 log10(pixels)=0.75
-0.0228787452803376	145	2266	log2(tiles)=0.00 log10(pixels)=0.50
-0.0228787452803376	146	2267	log2(tiles)=0.00 log10(pixels)=0.50
0	666	2268	log2(tiles)=0.00 log10(pixels)=0.00
0	667	2269	log2(tiles)=0.00 log10(pixels)=0.00
-0.0510299956639812	87	2270	log2(tiles)=0.00 log10(pixels)=0.75
-0.0510299956639812	88	2271	log2(tiles)=0.00 log10(pixels)=0.75
0	668	2272	log2(tiles)=0.00 log10(pixels)=0.00
0	669	2273	log2(tiles)=0.00 log10(pixels)=0.00
0	670	2274	log2(tiles)=0.00 log10(pixels)=0.00
0.0510299956639812	204	2275	log2(tiles)=0.00 log10(pixels)=0.25
0	671	2276	log2(tiles)=0.00 log10(pixels)=0.00
0	672	2277	log2(tiles)=0.00 log10(pixels)=0.00
0	673	2278	log2(tiles)=0.00 log10(pixels)=0.00
0.00527250510330601	20	2279	log2(tiles)=0.00 log10(pixels)=1.25
0	674	2280	log2(tiles)=0.00 log10(pixels)=0.00
0	675	2281	log2(tiles)=0.00 log10(pixels)=0.00
0.0510299956639812	205	2282	log2(tiles)=0.00 log10(pixels)=0.25
-0.0228787452803376	147	2283	log2(tiles)=0.00 log10(pixels)=0.50
0.0281512503836436	6	2284	log2(tiles)=1.00 log10(pixels)=0.75
0	676	2285	log2(tiles)=0.00 log10(pixels)=0.00
-0.0510299956639812	89	2286	log2(tiles)=0.00 log10(pixels)=0.75
0.102059991327962	95	2287	log2(tiles)=0.00 log10(pixels)=0.50
0	677	2288	log2(tiles)=0.00 log10(pixels)=0.00
0.0281512503836436	61	2289	log2(tiles)=0.00 log10(pixels)=0.75
0	678	2290	log2(tiles)=0.00 log10(pixels)=0.00
-0.0457574905606751	33	2291	log2(tiles)=0.00 log10(pixels)=1.00
0.0281512503836436	62	2292	log2(tiles)=0.00 log10(pixels)=0.75
-0.0228787452803376	148	2293	log2(tiles)=0.00 log10(pixels)=0.50
0.068201724066995	2	2294	log2(tiles)=1.00 log10(pixels)=1.50
-0.0457574905606751	34	2295	log2(tiles)=0.00 log10(pixels)=1.00
0	679	2296	log2(tiles)=0.00 log10(pixels)=0.00
0.0510299956639812	206	2297	log2(tiles)=0.00 log10(pixels)=0.25
0.0510299956639812	207	2298	log2(tiles)=0.00 log10(pixels)=0.25
0.0950980400142568	44	2299	log2(tiles)=0.00 log10(pixels)=0.75
0.0510299956639812	208	2300	log2(tiles)=0.00 log10(pixels)=0.25
-0.0510299956639812	90	2301	log2(tiles)=0.00 log10(pixels)=0.75
0.102059991327962	96	2302	log2(tiles)=0.00 log10(pixels)=0.50
-0.0510299956639812	91	2303	log2(tiles)=0.00 log10(pixels)=0.75
0	680	2304	log2(tiles)=0.00 log10(pixels)=0.00
0.0281512503836436	63	2305	log2(tiles)=0.00 log10(pixels)=0.75
0	681	2306	log2(tiles)=0.00 log10(pixels)=0.00
0	682	2307	log2(tiles)=0.00 log10(pixels)=0.00
0	683	2308	log2(tiles)=0.00 log10(pixels)=0.00
0	684	2309	log2(tiles)=0.00 log10(pixels)=0.00
0	685	2310	log2(tiles)=0.00 log10(pixels)=0.00
0	686	2311	log2(tiles)=0.00 log10(pixels)=0.00
0	687	2312	log2(tiles)=0.00 log10(pixels)=0.00
0	688	2313	log2(tiles)=0.00 log10(pixels)=0.00
0.0510299956639812	209	2314	log2(tiles)=0.00 log10(pixels)=0.25
-0.0510299956639812	92	2315	log2(tiles)=0.00 log10(pixels)=0.75
0	689	2316	log2(tiles)=0.00 log10(pixels)=0.00
0	690	2317	log2(tiles)=0.00 log10(pixels)=0.00
0	691	2318	log2(tiles)=0.00 log10(pixels)=0.00
0	692	2319	log2(tiles)=0.00 log10(pixels)=0.00
0	693	2320	log2(tiles)=0.00 log10(pixels)=0.00
