x	y
-0.227239758144604	0.417784936264742
-0.413106708733308	0.99043021515174
-0.476467540176294	1.16551584136182
-0.382562104250814	0.795010030654981
-0.26975978123365	0.516013758347421
-0.235080831062322	0.426930556880278
-0.363318180071078	0.78608098405275
-0.365597641536312	0.510633417443224
-0.335946706324781	0.71756631567076
-0.124975633158526	0.211275182339326
0.158309069034543	0.253853652945332
-0.215877202515349	0.239417893592469
-0.228434999874498	0.410040975706375
-0.00174732943517146	0.00250116144278887
-0.193839133193891	0.370760437158983
-0.243593885082982	0.309565030732966
-0.208714325110717	0.234439635842047
-0.303045702490423	0.447834354682414
-0.268022015277013	0.255099497160948
-0.502545694717588	0.624813885589209
-0.112338588754259	0.178365365894784
-0.349535226293427	0.699590748965496
-0.623490850129726	0.815458370258945
-0.0355700788103308	0.0375236397131029
-0.699370133913922	0.996184971292396
-0.390856282593212	0.395540449264641
-0.673838982725707	2.01655050622392
-0.600938555316484	1.23584319880818
-0.251436363478673	0.283881867561447
-0.528550425820128	0.79831658842073
-0.358856705214177	0.791995999813509
-0.234688435813161	0.352341686586746
-0.442385846568766	0.960710504080034
-0.57687993177456	1.30737172409604
-0.215033382533267	0.354017613678511
-0.469107056586714	0.422040612204679
-0.460650069536411	1.03540971253959
-0.257698194353533	0.407483296022291
-0.337944726401855	0.36601164478199
0.0664235737913422	0.106465751524902
-0.261939365600104	0.487123761756522
-0.122582932246538	0.191277123810484
-0.221000479890161	0.423993433675433
-0.264406923957037	0.548937811554423
-0.403897584063558	1.06107876044228
-0.243589221345602	0.382228432800587
-0.133484153598464	0.247712409628722
-0.296075062838045	0.627461169863451
-0.237125063177453	0.134329761715618
-0.0227742235752176	0.0254222690347699
-0.54803687876513	1.74503479262511
-0.490649294763997	1.43265725934124
-0.224473744098764	0.410315558558469
-0.136534846496761	0.244955292305786
-0.140934824519091	0.272868556793278
-0.0308463255218791	0.0353126187847333
-0.178212494273831	0.353259005423736
-0.191795558986418	0.375158437516491
-0.749267008369235	2.04294786826927
0.00847860978339159	0.0101466327950703
-0.418053838742204	1.15015736666721
-0.224317809665992	0.461505668833485
-0.725813096941193	0.432344903634366
0.300349953840702	0.49221302421385
-0.383443346822489	0.931040484865328
-0.350172234169186	0.289297112653588
-0.357049387955982	0.216960257273517
-0.0271670731031596	0.0165985965016441
0.44359289116561	0.831642057233439
-0.39572127530312	0.929144365567238
-0.71303968991244	2.04752937338365
-0.400395384410693	0.293087332559573
0.657933581722908	0.585895811527485
0.370641442471639	0.549939629876754
-0.134036517013437	0.222918784713442
-0.200339488058118	0.361931845177269
-0.304776337317075	0.564995161694825
-0.381794287174788	0.852142714585829
0.0668876164668908	0.0364510231845876
-0.0927907261017778	0.105122395302708
-0.217839442831794	0.375966441580085
0.125391883376862	0.19740531174895
-0.192726297349117	0.289337688008929
-0.188010527016386	0.334542851411444
0.0355550296141341	0.0504312808762471
-0.171067055830765	0.268817168143409
-0.394482722987002	0.387716215366562
-0.592480294456706	0.735399143251103
-0.474394295334945	1.10503592211104
0.0903687579564434	0.131778062777767
0.128613743562128	0.197752789944781
0.156761877489397	0.273440065248236
-0.0783199930580993	0.115152995134419
-0.316523945532285	0.162755642943138
0.187173194157045	0.141375994483046
0.00171261554290367	0.0011887401097524
0.410339859732656	0.547912607034226
-0.536429136825201	0.539006703834641
-0.976977559653261	0.906608419324168
0.0851064256810124	0.0954201148173547
-0.221203395757215	0.404269696212731
-0.165354619116256	0.274978890920001
0.198168315911732	0.317013917118674
-0.0445072468977217	0.061767250911115
-0.113641961688714	0.0534440249683654
0.214365500643056	0.132210110597531
-0.582016681795993	0.618267212762357
0.108995385694631	0.0994715937992799
0.174732940709053	0.151132101141605
0.67391385245626	0.739546460984271
0.294885775568806	0.238155980248939
-0.867907642960106	0.468099794832931
-0.398148639210377	0.614893317995624
-0.208765744585642	0.407465912613491
-0.177687291987799	0.309164293359058
-0.107784136717331	0.16789873912525
-0.270179493061691	0.565603463835851
-0.230194710495053	0.258513319362162
-0.782093230483285	1.19479891481227
-1.02838471028445	0.664727715451711
0.0616980497078724	0.0307254280882497
-0.4050358910514	0.433735458167974
-0.0792080086090201	0.0747039586624025
0.0301492579084455	0.0220091153739699
-0.435393362310321	0.247094117146884
0.351412030120759	0.231855443955102
-0.253579100157609	0.347756462653238
-0.195568984175285	0.325250742339168
-0.062264250251895	0.089195997573699
-0.049115947101855	0.0590542026687862
-0.359506730113002	0.632234802483767
-0.424731679904737	0.504350928100888
-0.125557811621119	0.0973226310125255
0.118962014583793	0.0884508261479158
0.124109565593012	0.0980466266939275
-0.991774881863353	0.806685084326808
-1.23856292088865	0.704416751475982
-0.302521627905473	0.433848527444425
-0.306954590955212	0.639251845477314
-0.0826829180472561	0.123587445708355
-0.443798244203077	0.983507038558139
-0.279272566807458	0.405448733486661
-1.28389510390215	1.26905131715843
0.903556432228879	0.680139452192221
-0.362813201997441	0.551476367614927
-0.248081035087751	0.500573046780858
0.212119576621096	0.396170913661558
-0.4358706597874	0.876656786398869
0.000876536789076251	0.00117798917929561
-0.038206151666546	0.0437642014140521
0.0236634810133422	0.0295884595428013
-0.121701509554255	0.117068526210707
-0.242625251351321	0.211008377435856
-0.0859965969487322	0.0665367291013573
-0.875637866078616	0.470104136760493
-0.375096405040479	0.182012025006066
-0.538552662963039	1.08152312634952
-0.18048022895577	0.355062099012811
-0.0625849620325641	0.0878050770933423
-0.0620917455648241	0.085804068426586
0.143654411706597	0.24998323742422
-0.338447426617655	0.787106122285689
-0.0834996140126518	0.125415576395641
0.199149716211546	0.301223826654641
-0.53486272559628	1.16802640466973
0.14369324086108	0.16063155618751
0.0778916135269507	0.0712581792534123
-0.415979641544775	0.364478490965104
-0.889463022622261	0.765900143659317
-0.0142924894161653	0.0154405251035924
-0.205264652666266	0.408344169326962
-0.381373312719032	0.872839445853581
-0.323871620369077	0.703464798563781
0.173373454596321	0.333870258603384
-0.165479411389861	0.325958480129167
-0.0739310066667071	0.106266451080296
-0.161126936617979	0.240640610524008
0.552326464678759	1.36934348044976
0.893029437285692	1.47613909878335
-0.0277141036089041	0.0212321098651748
0.0944276376338861	0.0608647317508237
0.107522368951331	0.0856472324833805
-0.574853344298909	1.18993876729052
-0.714448825948743	0.585312079168903
-0.437162658518094	1.02347488364626
-0.0554223856967084	0.100602073334115
-0.281748178330674	0.642991526925358
-0.185502068318967	0.349062923473138
-0.0775456192369933	0.143164543897207
0.00577468155813301	0.00893561391751856
-0.292759409939574	0.671773833261565
-0.0611509909107335	0.080801333714349
0.0937616604919228	0.143034406159291
0.388948981636133	0.554472993964041
0.506274018149297	0.73761014085467
-0.0880217917805455	0.0675544865716669
-0.116572306362875	0.0759352324945724
-0.464507959823284	0.59353203675264
-0.251800336566875	0.459403402148765
-0.311368579463141	0.835922578661353
-0.510552087367665	1.4821568174441
-0.10341092425105	0.172277137205513
0.562759091214025	1.86840430089872
0.357054355432702	0.978663365258899
0.109904119492683	0.175471350297112
0.172311228344719	0.260998845162568
0.578693670003673	1.64428683507261
-0.336281594958196	0.466165321498447
-0.189297675619207	0.205124190755945
0.283116516321457	0.227552749983082
-0.105123652014284	0.0998657295526242
-0.10260244907548	0.151216066444298
-0.273406315636805	0.585449524357569
0.053012191736491	0.0861866905842447
-0.00833268567980139	0.0111915205180175
0.0446852849555515	0.0711909020708168
-0.00826223140760052	0.0130924358152813
-0.32870767730709	0.785974514229518
-0.0638555647031354	0.0905656124971019
-0.0208995813767652	0.0292027311670165
-0.207436944770831	0.20509140768915
0.070230313990151	0.115644818625678
0.069711608464367	0.113132531170433
-0.681280317480432	0.961272336105789
0.00320270546993225	0.00451031154210163
-0.0378037840489091	0.0442225841845209
-0.448056026165314	1.17897436575071
-0.22932758152626	0.305338304787451
-0.128067380310106	0.229902931308167
-0.340904493797552	0.712801116054152
-0.127931582390332	0.232421084709708
0.145332111407734	0.257419346467611
-0.180266870836154	0.351567055849565
-0.00289698408594621	0.00377459320491851
-0.277489685840227	0.345628620587845
-0.606926068329078	1.04724275253082
-0.373691473301573	0.635806311939659
-0.426017242408571	0.446994658473282
-0.106683646845447	0.169077340276547
-0.0933580897423717	0.167588703775325
-0.247085039069314	0.660150005675007
-0.0846657093982559	0.168973878886441
-0.0785423035310739	0.190384855869879
-0.397729691685305	1.37927332578419
-0.204973372789963	0.355323673986253
-0.194822998067828	0.158580830108553
-0.649728972458049	0.74527303809761
-0.731699904372652	0.960684201912667
-0.0332344476379129	0.0244533271381054
-0.244133544146914	0.615368002393289
-0.0309955350561474	0.0551317086074884
-0.31962599573652	0.432922748933864
-0.303007944531431	0.388281514967952
-0.465770810331768	1.03890398500157
0.220970253732443	0.221184964090126
-0.998228098335413	1.89071065374893
-0.430215997713691	1.1114325677646
-0.135286805462125	0.240059752352908
0.267229416532643	0.526008678566431
-0.106266702807462	0.216035434547688
-0.0047122467089945	0.00769463095923742
0.169284003747198	0.356112342318433
0.465718540509981	1.65839969784718
-0.597099462541679	2.38751441384213
-0.81782349014205	2.45560435893678
-0.791732700401693	1.35217480367105
-0.521321691215884	0.670713361485155
-0.117831653056514	0.102795400953724
-0.82602146976229	1.16214832302638
-0.468190433367439	0.56333358593029
-0.208718142761806	0.188523046111747
-0.0970332376235974	0.177716684601942
-0.000292330562713615	0.000365990783871447
-0.28689707638275	0.613226247556022
-0.257990228703891	0.395614403686973
0.0977866913200168	0.119015871767185
-0.772962520965399	2.81629956788548
-0.149919194051814	0.292437542466416
-0.0879316947418064	0.149623997359034
-0.587648942979305	1.88494013572314
-0.113666699727835	0.194792085119842
-0.0901293379107962	0.153020036355574
-0.215204154898188	0.472387283304625
-0.0281681944636135	0.0437100485307367
0.00446243509241149	0.00502342392993218
-0.374113988105715	0.5913235360968
-0.156874290769288	0.191093736099258
0.218125510813328	0.296924454722181
0.0811407963433604	0.0979908991619959
-0.354058908047297	0.583205420329429
0.212987095261998	0.342214877594327
0.0166126688087313	0.0171813288807021
-0.306570074441967	0.467892281008504
-0.0530758228772859	0.0899631554762541
-0.00197188346972448	0.00283496512366976
-0.395254887365151	1.44171785410022
-0.120827767801527	0.251893267628381
-0.309202032262432	0.80100444416131
-0.178723414766719	0.461468093206654
-0.469770190984613	1.58493621769002
-0.35927381282363	1.03462973447205
-0.131675088597641	0.224129996798666
-0.0903362474076159	0.159177882404641
-0.0389847023323892	0.0232321306443054
0.0177072217362878	0.0180815665453002
-0.327879066383125	0.689384480373518
-0.199085401431425	0.462415241184912
-0.171744919227748	0.398869584473779
-0.0838667621776042	0.153815499718309
-0.159936505265643	0.36354354997161
-0.142747687476121	0.319088945838736
-0.355250099831239	1.2269089317124
-0.0289163930100438	0.053445736068859
-0.300078222234525	0.885624801860727
-0.353159435567806	1.08046359747376
-0.130134673847387	0.298416558432889
-0.172727788905351	0.316939776175493
-0.418400368782536	1.58821275694886
-0.411605956135189	1.31283488825419
-0.176460585239347	0.399114540248056
-0.337499465179293	1.06134848900153
0.0105310246039484	0.0191864663694154
-0.171680055112743	0.346284772900874
-0.00286032747419135	0.00360333193951937
-0.0875097879367702	0.142348287462894
-0.128449843663972	0.12194086949155
-0.535548770072218	1.43578046966334
-0.224577688212936	0.548515657236531
-0.146966246028632	0.3527888333502
-0.375153315829691	1.22798880744343
-0.00256261783618087	0.00442748719439032
0.23047320655466	0.59857086204257
-0.0743895897857372	0.160064675814603
-0.161530062181355	0.417106468847133
-0.190924766632857	0.499643909631135
-0.155892662728268	0.381772444009766
-0.304905810334852	0.89394234043132
-0.347874574897068	0.803990150518421
-0.68750188296988	2.96336927811968
-0.158276445947154	0.366863254344915
-0.0950646028793338	0.176288575240869
-0.27785360651479	0.756472173417154
-0.206941688925481	0.533136068736808
-0.0782554650788524	0.142766250720311
0.0779365855002735	0.1079480389345
0.0381211025954308	0.0499879139988509
-0.248227018847085	0.314071056693823
-0.147281570278886	0.140515278316926
-0.220618685060328	0.421245398101441
-0.310519787522673	0.797115563359977
-0.109697097698489	0.232474597067696
-0.246786563369066	0.618099351973906
-0.203957468856604	0.538309100259255
-0.0702811689706192	0.14321709169998
-0.211826508465127	0.532143924360991
-0.127622810482259	0.292030745564243
-0.164339503900651	0.398253157749074
0.119103657706626	0.274881193765496
-0.149495478415993	0.351280329602746
-0.264620195368977	0.538379738493869
-0.37973467979519	0.810452340193016
-0.547494955055869	2.37518758927905
0.0831287601996104	0.162968159033211
-0.111206524993208	0.224059949763516
-0.486027589425136	1.92290353379825
0.102152928669421	0.229461906889334
0.175069060073423	0.36526322344067
-0.413670826441409	0.849482147245565
-0.0391765208163795	0.060208456357662
-0.479230831432866	1.59356062103467
-0.0968794372889443	0.196061328696521
-0.158212865797444	0.363939094877664
-0.319967283926806	0.951400556337434
-0.0570599584956714	0.111348909514863
0.158245006682936	0.384727044016123
-0.0921611844968455	0.194969059748484
-0.116679270879834	0.194363422301851
-0.39204318499812	1.42624781607889
-0.0869347454822865	0.175999988857894
-0.710094527277442	2.64708690069612
-0.0654303927052381	0.13538221667888
-0.11982054736106	0.27223898212408
-0.0448175703124499	0.0770889691782308
-0.0520038250484815	0.0724334181223189
-0.166555258089652	0.29644037786742
-0.165548292465664	0.123283402892296
-0.358851064583327	0.368302037462454
-0.239674197798527	0.46503677316415
-0.185610569213108	0.426041399981348
-0.262244754514343	0.702711731952196
-0.0517223047540914	0.1055020682819
-0.189803562155987	0.464561733203724
-0.0570107012540023	0.118859756110582
-0.0987322109833168	0.216833693775837
-0.181970607486414	0.386256076569954
-0.346575653798594	1.12464146366793
-0.126674274043168	0.28317138207754
-0.0551525040455112	0.102243627323071
-0.115788100677015	0.249888424729421
-0.371308727203978	1.25784832165368
-0.177726435708324	0.437683951815739
-0.141625968144161	0.291238249852453
-0.279214556157427	0.680179965046724
-0.199554708604202	0.336315559491429
-0.347415937284327	0.547059511640235
0.833187073034275	1.25814458397808
-0.100743653499114	0.12857516405399
-0.129184077399697	0.241210236211739
0.154959438702334	0.318389858616483
-0.309980952523716	0.897029762782199
-0.155294999192396	0.353528900879781
-0.0694259656488029	0.127457208259946
-0.20931794474715	0.317301885784602
-0.302394097845464	0.874662161517232
-0.0230726567191771	0.0402846974299397
-0.362028427918078	0.94145313708899
-0.133759646934906	0.291043633294601
-0.0862305295878731	0.175969226585339
-0.128795357438403	0.247846391077978
0.355094993225883	0.742821998273219
-0.0776971903143026	0.117959846418755
0.436051908369925	0.649662434373196
-0.0654895654528221	0.0601633359909933
-0.389872111717881	0.326909083327354
-0.376485919910547	0.24287820052469
0.19197365033417	0.184963126716849
0.315477681760031	0.63942874359478
-0.260462303713041	0.559793249092981
-0.195580591443945	0.450670241951979
-0.200106084276131	0.450874681316888
-0.219374549948936	0.525309622115188
-0.404717067392801	0.923553170393413
-0.314824436337815	0.921954624169965
-0.320629076491175	0.891846447494813
-0.452452602558831	1.21314824588745
0.0983240414706493	0.188474057337837
-0.491263604676613	1.60968977895014
0.0172575083648107	0.0250556244555821
-0.222432403675014	0.35630486815414
0.0776873328500912	0.126884651695868
-0.150506089328859	0.173460471474384
-0.100882625747283	0.0989340999562163
-0.184883118830753	0.188493425193882
0.0180318909290928	0.0219833563643253
0.0868552047753985	0.154314833516574
-0.615978592077821	2.26802160280434
-0.272926433004519	0.723104687863543
-0.167689446358322	0.34342174550818
-0.144364138343628	0.30134913406385
-0.377665998358313	0.880373263552495
-0.0690465190908303	0.144158692105174
-0.234881726071162	0.590688017808627
-0.0787473602208952	0.147168961958831
-0.0712123243852876	0.139956903186198
-0.438112062666698	1.41846523153239
0.318930773127697	0.846728295920246
0.0432318688830438	0.0610256074805107
-0.0904514499671593	0.148699868294953
0.762542271909064	1.78880575858106
-0.448732453693798	0.603780185748741
-0.10626069094504	0.0728051695234128
-0.174219687035701	0.171829149393427
-0.283576969396857	0.538606314566782
-0.47108102425793	1.48997986963776
-0.192592603855254	0.469771755285892
-0.305796132585427	0.6830356210993
-0.19300054240522	0.414266457064074
-0.0288384720912677	0.0523574394390611
-0.228994137098337	0.526127396358264
-0.176533752625671	0.389041528597676
-0.157864786024706	0.34457341517456
0.0909587459905893	0.152767727672277
-0.272169293982431	0.640934069942305
-0.00789235163727611	0.0105621912425955
-0.0526028882565553	0.0914933348109398
-0.46866769999965	1.42660986850027
-0.142632501339185	0.29195229074177
-0.0252881361494722	0.0483024924231464
-0.370088446426279	0.993731220171883
0.0221940211513042	0.0414232231953576
-0.217302245154028	0.517017238807745
-0.204105696564003	0.390450699661538
-0.124317265244463	0.272395667504492
-0.527926596338504	1.74667240314244
-0.35767858269033	0.82582993496679
-0.281219094736861	0.771288581580332
0.0192750690670128	0.03705040020247
-0.618417393681565	2.76173784699753
-0.0968775290031759	0.254135490028198
-0.124353462443603	0.266349288972711
-0.384389413261174	0.853410526096308
-0.426507741598564	0.446854641292444
0.177715697264461	0.139947907510136
-0.126962728871844	0.261475338055836
-0.15629261734566	0.268149009509947
-0.134480791961931	0.271888045066449
-0.294388609227941	0.90880112394432
-0.100936402249601	0.190042440806225
-0.143634478858649	0.286210905407896
0.238670503808717	0.667131575460079
-0.0158278922002144	0.0232796320918578
-0.0236665459029463	0.0281654392656173
0.132196528597209	0.127620837406643
0.203346384369468	0.17294977052157
-0.0144149898609604	0.0248480848449455
-0.163446704102861	0.410212275417807
-0.053673193215493	0.0829463719399518
0.0428554000027521	0.0757732504884065
-0.0558219764366943	0.11363203160681
0.0724063028962404	0.0302245632672703
-0.207686130860274	0.399654319560389
-0.175843661281969	0.416338364154335
-0.143406480795141	0.212546339851655
0.0289806477034175	0.0412950157165509
-0.0731358047294972	0.039065023466784
-0.565572466944476	0.315347192181322
0.000862573992124141	0.00143312171252168
-0.0539946080286611	0.0889438150464559
0.227532993583692	0.444678492102185
-0.0792699681746951	0.166772589991664
-0.0966413093987414	0.20745688854269
-0.0866424152957474	0.226885278132311
-0.199946519781338	0.476495944735849
-0.112718159921081	0.127585038221433
-0.154158277501684	0.238301019774087
-0.0364480051538809	0.0524139390629206
-0.0235401653152714	0.04240151124317
-0.2065631840024	0.16377401965726
0.0696791983689517	0.0260856302533294
-0.0736021372653914	0.126714505727413
-0.116896997916832	0.224124852833349
-0.115315013974646	0.255921120263534
-0.126649262484217	0.310368244937507
0.0948279556481781	0.206745075049848
0.0635078559565937	0.119552149366265
-0.122580102695147	0.237150060193279
-0.313490729962079	0.809924132803593
-0.0405056580256288	0.0687484119098432
-0.0134817011023723	0.0166272613700352
0.0509869140047537	0.0729637605821126
-0.209940352909549	0.408386389760772
-0.168371317604881	0.345555847229477
0.0727696962632897	0.0942310384037263
-0.164105966801405	0.187357672472866
-0.554787322782084	0.373593005622557
-0.0402623815331424	0.0240534901991003
-0.136755166907992	0.279584941009877
-0.153808535080185	0.243445761599354
0.00304157009570546	0.00451751866995403
-0.40868425541459	1.26948957967631
-0.165862605668845	0.389944888717472
-0.391927003016842	1.16788783172569
0.0420182873283233	0.0533662271236498
-0.581981554802078	1.22298529301528
-0.104398946286587	0.168061484409949
-0.00912289466202538	0.012218131484367
-0.243034689544824	0.407428649065535
-0.238099981164519	0.384367429241505
-0.717103940978291	0.897517622019972
-0.114598560304343	0.215836859508607
-0.540518394204155	1.59385091170751
0.0382478774798758	0.0669061253346801
-0.310636324820225	0.975352810037166
-0.0215809035009999	0.0397730401385913
-0.130361726919812	0.249762881545973
-0.0976073534877567	0.129074605883723
-0.0503744594836405	0.0657944635208002
-0.290839343687112	0.576675288069876
-0.141604769104676	0.248373403548364
-0.356920285752167	0.771405380879367
-0.336467206639076	0.548437092186563
-0.202820067815411	0.358360643670346
0.0939191190628557	0.185117186363731
0.090398484026386	0.191409027881619
-0.0226111911937516	0.0359035959016323
0.383982207956837	0.946417744311571
-0.268795807960632	0.319188857616292
-0.291638566904312	0.314903791318457
-0.110580743699143	0.169387055533345
-0.0451135487924815	0.0570755071438269
-0.484868390578794	0.669098520995748
-0.35180156351702	0.585047324599794
0.0765183946560669	0.102255722067756
0.0557078312592764	0.0625850412260589
-0.875977791041798	1.62178358425162
-0.143768319852222	0.254237233001073
-0.403101199233662	1.26846566887456
-0.0199180354778669	0.0386492595362649
-0.180355882763283	0.432055924793424
-0.0671894002305683	0.116799614524343
-0.231551133199343	0.322380869443376
-0.461169659210977	0.785358104327083
-0.0751968235856004	0.115987834515425
0.00273453950631691	0.00337554136795989
-0.110567916446911	0.183604160943471
0.33427870090808	0.629658453324163
-0.284111869256126	0.41737452778287
-0.164713054202891	0.192684654287252
-0.199127961893448	0.297447448977589
0.0385015859717399	0.0779954510530346
-0.215673923876561	0.303405427691085
-0.383617824142662	0.785833901969386
-0.190574484893409	0.381192351642718
-0.10152896914447	0.196577151306369
-0.49626788405054	1.59610782098003
-0.236732282109853	0.604374028528637
-0.555763338688226	1.30979199882476
-0.676552533748102	0.477530852845589
-0.118025066462426	0.0579835237411794
-0.376306494550988	0.589075297661945
-0.103383928828591	0.10794236681605
0.1483586524148	0.211039110156583
-0.468437285156046	1.04018864192726
-0.0221915033458077	0.0316210634837549
-0.137755007470994	0.285461429131101
-0.137646722701377	0.270770823364768
0.168324631421484	0.360099021083962
-0.441297606774346	1.51809542843321
-0.391243486611274	1.47878118584417
0.0138465543657648	0.0238938098672866
0.0329810408224842	0.0592140492327832
-0.0377462891145517	0.0476997508068131
0.32488970388455	0.572078736521014
-0.281773181497258	0.536868576125358
-0.124493861633388	0.144671641300822
-0.648278960577742	1.05073443269725
-0.246853443326834	0.349289558070355
-0.18755062909264	0.16938394244534
-0.0520932973931917	0.0633253925374108
-0.241738389155354	0.372599820090925
-0.0184869280170022	0.0213181682064651
-0.105866448523797	0.152976216953274
-0.147246350281506	0.220680698937956
-0.188968204058965	0.469695823787339
0.0248939127302068	0.0440575798726189
-0.00691277814074053	0.00896974205243124
-0.000467319148997731	0.000550488072557366
0.0857073397360054	0.139731341235641
-0.324274358462974	0.792862450201406
-0.00961307169976768	0.0142092290654504
-0.0958409946387723	0.156338128898155
-0.428741398611281	0.739177812594048
0.361491569474788	0.32405320782914
-0.180918804854751	0.135237549416082
-0.337472220609433	0.262779305634692
0.207501742181022	0.250797082849597
0.111671223472598	0.128759633665778
-0.544846800642248	0.753237371738521
0.0299152382891199	0.0364155478525428
-0.256949766485957	0.416855846612138
-0.20062219047609	0.31399030909319
-0.358535161465103	0.831377245877032
0.111327676253082	0.22876649861553
0.11738751682676	0.253103313071499
-0.245769909401122	0.652776131696792
-0.451017682133444	1.14562419758492
-0.25907239884492	0.540322464054056
0.0328558656337628	0.0550965495151739
-0.304487231236839	0.70715778785086
-0.0768492890006529	0.122002672670236
-0.279024722293033	0.561738887103588
-0.648322140458042	1.51730590257381
-0.274074707161115	0.230395780724019
0.00855126265053211	0.00569158964278559
-0.407119696028093	0.442992093182382
-0.47335695540401	0.384144243658723
0.044615989533862	0.0324095678922946
-0.149002370252156	0.155349672586393
-0.225887916146491	0.299577287121362
0.144636075347162	0.161560008880013
0.0749537805067626	0.0960590386898974
0.262253854166783	0.440796495085353
-0.639709651338451	1.39953140264737
-0.190986562399088	0.305748591408012
-0.324555613496851	0.589391408890161
0.171600169013347	0.289039831494015
0.0800844644052515	0.151948659566782
-0.108577008390478	0.219053912954364
-0.285598269542465	0.749238048168029
-0.510262214212583	1.97312611860881
-0.412903065871764	1.37641119355382
-0.0652147333003897	0.118111029941543
0.308735777550025	0.598233100247575
0.0703482386416842	0.0924486907784794
-0.125615627758208	0.174236467888433
-0.302122447681854	0.377399595775777
-0.188160715097306	0.18289198370551
-0.287018286341606	0.352090826161594
-0.639355773963825	0.817952471134535
-0.270135394490739	0.396787491917168
-0.172267953663206	0.274290540981049
-0.470561952617288	0.877673861910778
-0.301464220924897	0.43130415801336
-0.162673759638142	0.449228199623768
-0.261842210322599	0.798827633884371
-0.137490822426327	0.333998904544784
-0.0714489003014883	0.114476987570813
-0.715275596344375	2.3256718934206
-0.15370624607731	0.315613120453889
-0.295943971522321	0.73606156220582
-0.0205977984673083	0.0318859945297186
-0.557433491653781	1.69340993983048
0.0336365994611057	0.0374895988319511
-0.498105920421504	0.350156596445561
-0.258908006249153	0.346498417452863
-0.650274383356239	0.918548785773325
-0.585432997677743	1.20856067383818
-0.477146198364731	1.00778076701736
-0.388988685945024	1.47273313352488
-0.0595251853359262	0.0754127401006893
-0.368477171124404	0.673212632022547
-0.162636739373095	0.30490725842571
-0.0494698601398666	0.0736872469100007
-0.614836139239498	2.0591704367089
-0.335009611258796	0.847168408437084
-0.145010767399712	0.171325478697393
-0.87596640308045	0.816191149281572
-0.108814537078062	0.103739082547845
-0.449842293400508	0.529862757344085
-0.247179484483509	0.322088416738025
-0.0541214259226615	0.0648952905475103
0.24325131852375	0.395773511783426
-0.205072013596212	0.386626576210564
0.109710711078523	0.178289367637219
0.0527388519101543	0.0744528100569509
0.0666872569745579	0.101850678140659
-0.614174450589563	0.956508173676441
-0.377625396485252	0.183989288331606
-0.178421011734766	0.187327348125412
-0.522040945884592	1.05956589458762
-0.296883987849049	0.594209559688727
0.304749835265069	0.686793161546116
0.1452454389225	0.270729600252376
0.433770817817634	1.17387221849516
-0.140930463330774	0.208798502078899
0.244267248721282	0.486089939158179
-0.061422307158493	0.0695980565727557
-0.425507173057501	0.417670410971195
-0.128689343763414	0.10034086547921
-0.255715649599497	0.291703480955531
0.550459802277079	0.892625618968043
-0.133744961031592	0.130595968990581
-0.0953775117361445	0.110803830574458
-0.030425894260551	0.0342342075887334
-0.213039613122538	0.295063552509648
-0.40368214472472	0.663173739045546
-0.140921192081201	0.226613541358736
-0.358515215183647	0.765507233233306
0.133880198271969	0.237090138848196
0.0405656633917151	0.0659297592561031
-0.53379232733519	1.36838406461805
0.0167239030971457	0.0234566964501469
-0.478421136869997	0.622963043607951
-0.123366915194791	0.144755779583607
-0.150376216224159	0.154985824360951
-0.0183772566187989	0.0180652159228386
-0.108713454042672	0.141519228506871
-0.374592608073754	0.691393744580134
0.0342201337866855	0.0460261182958768
-0.0600732856215643	0.0349025666099625
-0.312884724266515	0.436552568851117
-0.164311293552371	0.225157080315677
-0.276752051745078	0.648858337066565
0.378692287580936	0.960410347951869
-0.205640683171036	0.41086833648522
-0.184987454179606	0.350515936988023
-0.115758760621885	0.165687607469937
-0.111382319426714	0.0995820201048788
0.0789809427431764	0.0717834986040403
-0.345395057818177	0.397459569752885
0.139193772189658	0.132903551030609
-0.432254467480409	0.698749911431805
0.459632878671356	0.770700246596907
0.077684823184181	0.0847699693412276
0.248271268439561	0.290036816273716
-0.0199881245477372	0.0188297394548739
0.1841075464712	0.162572032180727
-0.15699305725276	0.101771073892406
-0.351117218366207	0.270563625701684
-0.624922361802292	0.397517108461536
-0.377898050433267	0.279209391405648
-0.330407156847107	0.219994951053776
-0.460739538284232	0.478795284436562
-0.575564201237594	1.00891164058598
-0.220653081414573	0.316880659342128
-0.278674035623986	0.444478633746102
-0.0863123861169666	0.140136571699485
-0.0130737541206729	0.0208672304531192
-0.00111245446987594	0.0014895479192109
0.14796261533816	0.279051343496336
0.0512869328828354	0.0524468628971165
-0.474530604757811	0.359631154793703
-0.798038938544767	0.713473460614799
0.0657669011949309	0.0271846259637108
0.615493243586127	0.837091179432417
-0.162434505584246	0.151952116707349
0.0295363466684959	0.0306862183424556
0.167367330959017	0.248000613217777
-0.144409909831997	0.201850187119862
0.070586095770109	0.105016612197518
-0.331126878626216	0.427751258230577
-0.121727175822329	0.0798677777443798
-0.107681834537317	0.0515831419343074
0.0869979746327777	0.0294917195699299
0.972616814437571	0.355533247580909
-0.166015869545115	0.0687372482258351
-0.123265755435342	0.0597513416412354
-0.193086726333771	0.175681146568851
-0.0732487470202245	0.06718017210317
-0.26913912901868	0.295285893286071
-0.0425340179952033	0.0728405352462495
-0.0856680138229536	0.16024999756535
0.463274192372622	1.20540695128571
0.177660644269791	0.299046905183888
-0.399916175627755	0.802711566858772
-0.100706867155105	0.115779514110187
0.123494724931724	0.10600281782835
-0.328871887847631	0.330686896854296
0.00776396277783381	0.00691961381667986
0.0908996118595738	0.117028422967346
0.00394367069419106	0.00403422696972158
0.0647936083165502	0.0332823319062139
0.839586228163514	0.872008025383021
0.215643600874388	0.136490149344254
-0.672269164011404	0.641794562573664
-0.366818414235145	0.233797976367981
0.0732381369154049	0.0415866708226929
0.51757119697551	0.352226237118055
0.0676889570627356	0.0337963649667243
-0.148877814874714	0.0979962793749801
0.513461335266121	0.586884736787484
-0.339175584509013	0.526939993483556
-0.168709854773688	0.385206699264319
-0.0599365338886442	0.105037773210808
0.0593081903403607	0.103446701212972
0.161310318065644	0.254568104516345
-0.160173957666467	0.233310554148522
0.553214418546423	1.15615637085258
0.0596564943248351	0.0570174553779184
-1.17952796162216	1.35360425706882
0.00425431255935685	0.00400301754933679
-0.00145296607389117	0.0016539997392472
0.364585727634692	0.577636415974824
0.142700168528107	0.190024443608144
-0.0367282671026512	0.0254593960707224
-0.0666901967547807	0.047044658894536
-0.982563255034631	0.882923923767895
0.271070767114626	0.218096124891975
0.0829708202034346	0.0522582829786295
-0.243764970801587	0.168322425922945
-0.961007807478762	0.98201445750408
-1.23686851978372	1.30138342415349
-0.125515934932892	0.0804597333293519
-0.761172089008019	0.978939358497785
-0.334268852885776	0.403105764567833
-0.124959920933479	0.191691347395985
-0.270555042300565	0.535493973644372
-0.166355161553219	0.338914124386364
-0.377170633489505	0.879031565866218
0.331309932729191	0.792832209153584
-0.138613746556285	0.26002904272835
0.108780306058866	0.143378235254146
-0.0281748063789099	0.0236909409287404
-0.374885621741635	0.475859262653759
-0.287589112188867	0.292119306489912
0.172889276653218	0.242007283739237
-0.319647222294328	0.466817486253209
-0.339568850384953	0.546424684548247
-0.145501368682362	0.0650611010235268
-0.384569111193152	0.279269215396198
0.756178027548461	0.62284999790708
-0.827630557808566	0.384384913562466
-0.0873236241602727	0.0431541934995989
0.219586283481277	0.129205348040067
0.376005547520437	0.234522792112219
0.20572016765334	0.129385470702966
0.625509316269146	0.389256661882582
-1.00045932851665	0.827142190597546
-0.219252289572839	0.223250974132494
-0.733020424114203	1.36450247902144
-0.164166716332332	0.206581144216497
-0.133082618023589	0.173511138014305
0.197950220466096	0.34214350682368
0.16773014048459	0.298368149907847
-0.224472087492321	0.51002337770739
-0.221842896151077	0.495746719685922
-0.141984733993195	0.165171080306931
-0.12496225866457	0.0538769902605679
0.327823848769564	0.14771958856279
-0.676644551821201	0.495665575686449
-0.201897098068301	0.113397311559037
-1.42756615176423	1.11196519893772
0.0604815223786158	0.0498608115723042
-0.19274067967627	0.170613296691492
0.0895280846362651	0.100119740871268
-0.283467670308668	0.470229767537261
-0.805944491179819	0.844937998077382
0.386275256656189	0.155210211081019
-0.671607169013251	0.165523015099197
-0.589209484557127	0.233455181887783
0.0925994941224799	0.0261881987335822
-1.8709416869513	0.793117375359738
-0.673158079572668	0.3394493549601
0.101493983698665	0.0306016244713901
-0.397600474201282	0.117299474519056
-0.275134427344203	0.0939362147439577
-0.30683857100346	0.272038443426008
-0.411516617597506	0.488629141629833
-0.402562273611932	0.502280575631557
-0.290248972157371	0.500326513702725
-0.0874054120979362	0.131746489645383
-0.165066872820331	0.303729357698733
-0.156188858975798	0.346902352418528
0.124219231234502	0.239713842309516
-0.327304243015331	0.841202360344932
-0.275194674534009	0.640979852926245
0.010100000077668	0.0111297861686124
0.130825261829359	0.113963280993234
0.199534174725014	0.166074670109237
0.360869634406876	0.321426548563165
0.0816579719765789	0.045213880431688
0.314278481747174	0.414715822950073
-0.0279953503706034	0.0248018926484738
0.443086571815103	0.59289893321655
-0.0162935932137045	0.0167691898887511
-0.529056025762141	0.954044647098106
-0.121131139867767	0.163698850116403
-0.405191102224114	0.810304162085699
-0.24277130068129	0.298716994761481
-0.377471272483261	0.367041352271138
0.848720032150897	0.743796510231525
-0.888164932568602	0.578620817521041
0.540180913381954	0.2736759205241
-0.140832415148303	0.0639854994643591
-0.442859200741259	1.53696840211959
-0.36751469274922	1.32774202387093
0.284089084456315	0.874486675345355
-0.0931729369082281	0.188604405500597
-0.22413696091214	0.530800387289546
0.135271609059088	0.270782764428911
-0.17323819172843	0.26266918309628
0.132927583230061	0.124754052781851
-0.363045163359729	0.56635597569762
-0.211403565707184	0.275928543770891
0.0469122839801004	0.0448969554729034
-0.218360031234137	0.32593208130643
0.120095710828906	0.150748883669707
-0.454573464061859	0.821885040900722
-0.431717294583542	0.552034287215991
-0.532841737970878	0.500238709967571
-0.535241099193887	0.413283197346743
-0.561939091858725	0.470170493362257
0.206716787253859	0.151820780158362
-0.0978820791211093	0.0640527315514651
-0.386577131841182	0.278517055091744
-0.021150646954123	0.0329839206089991
-0.0679487147069738	0.123474996643019
-0.315794026038407	0.897311187541384
-0.148037486771785	0.354735232572505
-0.0503390642346745	0.0557291751699754
0.0257605802189361	0.018550128833591
0.0861529067003046	0.0331801023478493
-0.194837976486456	0.195857668418274
-0.0775710817263252	0.0658599318605336
-0.126476921396993	0.146568924662013
-0.186935228261334	0.272969044340297
0.0703800069712164	0.110433025971913
-0.18394898252119	0.241110218895652
-0.00802529220210685	0.00501503796148221
-0.21679486274114	0.0829092227871215
0.137593075177306	0.30602234013555
0.160323363888019	0.406525779955954
0.0150009841779791	0.0283680489815802
0.0870367739476062	0.100003290964022
-0.0894563975049364	0.0456526678079608
-0.17173327493744	0.129685212389654
0.0380161508037196	0.0370681756527118
0.0760152655157402	0.0328523736286026
0.416621644652953	1.74837906703781
0.247075717848922	0.888794913108949
0.050739527226204	0.127755862240694
0.114791140680519	0.350973239792717
-0.106778547632061	0.166588643246831
0.144940036902866	0.603654392125353
-0.317698485436209	1.91426308586866
-0.448417230926664	2.8961579403862
0.024467038697167	0.0647103318696561
0.0357326371195173	0.192903152139838
-0.0690211954172859	0.334250494372735
-0.242469997831752	1.75914496449989
-0.416645442118749	4.19101153357159
-0.40241861790666	2.87132698481164
0.0118890595607224	0.0534499292951182
-0.148708040615755	1.02245909088261
-0.0771141428751696	0.364973915620669
-0.254025526480995	1.79344857954181
-0.517019265233711	2.82600969229662
-0.556277695685112	2.7089274317691
-0.16416923401779	0.165229637038954
-0.0353241847856918	0.188098680941327
0.113018024480675	0.692749848668833
-0.150098490681074	0.880999661812963
-0.3325928768745	1.623970532632
-0.309861550583935	1.27366246309937
-0.452755549596085	0.670555030026162
-0.13977296706995	0.141232263094843
0.0898385109812334	0.102930640565874
0.0231205170127076	0.0206855008100751
-0.349959010945202	0.564387513116356
0.211263638212026	0.353734354389048
-0.0447600138165372	0.254264586510265
-0.226971133966116	1.28597891782004
-0.557746757362858	0.469644338732374
-0.389532582487896	0.325123678456295
0.181069389353467	0.158203250355729
0.160598038158133	0.232464780535139
-0.215558607851648	0.266808480464553
0.101289432153799	0.146804729023586
-0.0482327857973219	0.0586661833994865
0.667211368807978	1.21368650527829
0.353994876969905	0.493931429886157
0.187048259157568	0.222370773176227
-0.0843966925496082	0.129592150218773
-0.135845762627913	0.22668357440417
-0.037283951227896	0.198613725766308
-0.294821733743694	2.98013144108656
-0.0306021682907011	0.125800877687622
0.0109533273031524	0.00695189532946254
0.101773224103951	0.0746077507165337
0.194425171237371	0.153384128889274
-0.469364721669545	0.421883323830497
-0.423898219102256	0.747412069929908
0.279177040211818	0.47640848126679
-0.155508915180108	0.167127183900626
0.404418378470066	0.814226962635661
0.275414658400051	0.413900231855077
-0.106660014614892	0.130496077121505
0.516571370327488	0.796528701571771
-0.745091607047458	1.42010769642489
-0.368743207491501	0.408136475222066
0.215303682986422	0.351671431355094
-0.171631547435296	0.288026654099633
-0.047789498067628	0.0665748044107037
-0.227291664341649	0.385813789394049
-0.0631399082290216	0.401025743326858
-0.168571396368501	1.38780757377935
-0.421230149536656	0.258782921259477
-0.17584941922791	0.112529795628548
-0.279235471515856	0.190391268843552
0.0630912656253655	0.0531465942955829
0.0744535614217618	0.0446467333992168
0.229929267087849	0.126063585306258
0.0635142132722444	0.033559513136954
0.778239703208157	2.04872701917581
0.0776169813050383	0.116249455487642
-0.0444559463525919	0.0456149878384145
-0.640651785709792	1.37619336610243
-0.139633576396282	0.112783060457938
-0.236215470207481	0.436315766357492
0.251796764279845	0.423970034387562
0.0252563197405625	0.0326944072534549
0.0694740211974114	0.090993165759752
-0.510087035798999	0.854390230007689
-0.110494314327231	0.0967924001445483
-0.643085435591256	0.818651418677804
-0.378973882131855	0.715839611320797
0.102676173736214	0.184992371277078
0.113561622124408	0.198863833188474
0.352131152303322	0.459144972210289
-0.00664697135640893	0.0316455402853991
0.166114608039571	1.16992909165203
0.0808339206273729	0.182275701714825
-0.367804414506557	0.339824220911604
0.181676113422483	0.137019262917103
-0.631307909686631	0.393193806325589
0.212269083172444	0.134430667774154
-0.555288722694157	0.378943251208603
-0.328285541186449	0.170069469422116
0.28867994877029	0.142893417300482
0.35294155507859	0.407480487030562
0.304347772864179	0.226869872306549
0.250440990098536	0.132652073374181
-0.328392587381101	0.166907275361893
1.38672212185348	0.862505446469728
0.0122162651424984	0.0176530815895686
0.36511692990059	0.927120850885417
0.121826229271067	0.169758375069976
0.0867242876843315	0.0813814985561892
-0.219686429666824	0.131062382491405
-1.91516585566441	1.23158473309779
-0.135208110154978	0.0896276088735673
-0.127225891098973	0.166765422804677
0.221758330699372	0.354291176309036
0.199493484264668	0.214311941921275
0.325268131263862	0.746070466675632
-0.40772953565074	0.927837678973516
-0.0045537239332116	0.00613672520333053
0.227570833944262	0.386674295956058
0.241145510686995	0.355346828560667
-0.00417250672498242	0.00374655861030247
-0.0689840380626833	0.0733314114386509
-0.0846169415066685	0.11928560057405
-0.530363352539961	1.75948334764557
-0.207573351747821	0.402026436532041
-0.0224722851085999	0.0213731495056908
0.0895326352735876	0.145911528387978
0.0229054585703676	0.112095888401262
0.191186098149388	1.30288355332082
0.0409998282570404	0.14570637797636
0.233963036422777	1.33461953632623
0.203580374572071	0.972758857531564
0.088167392609038	0.295067569827002
0.0368515313781639	0.116557451376074
-0.502691183711476	3.91959903356216
-0.253434880428566	1.1035291403094
-0.0696829897151784	0.200292303033762
-0.108359626678308	0.309831479154305
0.0205635698145085	0.0436034103665355
-0.0409523570577539	0.0829795085245342
-0.0193814777818851	0.0397248898646243
0.146393741385433	0.42101235573232
0.044909500759377	0.089459398802555
-0.0874618658643471	0.191128998156582
0.138160608931805	0.316388690711741
0.0145903257034494	0.0261757980290036
-0.217495277756876	0.55743805760879
-0.0107822539113718	0.0183816013824296
-0.174372998999121	0.385966698429293
0.0657526172921979	0.11959019972917
-0.12415473394895	0.237700228907612
-0.183791231207068	0.375587283287025
-0.39070658784016	1.43118625599919
-0.302359005662938	0.989400092488262
-0.583453812975616	1.17050410865116
-0.483909563581039	1.11587711544715
-0.348047959795116	0.493079863924566
-0.0431066709694455	0.0555921696654238
-0.458414652420937	0.900038935119417
-0.3518743629894	0.601099388088915
-0.0440388060211847	0.0511025401515318
0.0445344878131027	0.0518630656687914
-0.258754899318567	0.419469004201044
-0.00306482788462816	0.00315815221404929
-0.344373224749848	0.507307575438615
-0.931992974656509	2.11430421452426
-0.616056182001957	1.41679860271058
-0.508056252287746	1.37479257428981
-0.000581352921633739	0.000747774405618409
-0.184950031105155	0.285132433009716
-0.35626135991426	0.642763398524226
-0.536535503220516	0.932641876416782
-0.699712947607904	1.74276228958
-0.0399194061511151	0.0511907193099828
-0.407973510908039	0.662687591890985
-0.7357621077014	1.67842806595654
-0.403470615552531	0.582224017245857
-0.641589039854755	1.49876539119343
-0.278948964437022	0.499580747031205
-1.16859585871604	2.98913061489358
-0.055136442182	0.0705178862623994
-0.340543089377049	0.610849756316198
-0.318991826480828	0.48749332395607
-0.40141469066435	0.790606239293291
-0.752645041870687	1.84084501987708
-0.397986306547624	0.6940668256899
-0.486229730155152	0.907656241748889
-0.466457664569647	0.846344752995095
-0.5698030934965	1.1497801596028
-0.196980959448027	0.308936048278018
-0.158569567925286	0.230740396745022
-0.515099779102291	1.21900289633245
0.00719032774401276	0.00915830052546617
0.0181036962885095	0.08367057750066
0.00374156213519512	0.0143580340907472
0.191429097881067	1.14941838118895
0.129311819506223	0.652503392740995
-0.00969891778113664	0.0313492068803077
-0.0513341040382886	0.181944519371175
-0.24769407648913	1.06311878049198
-0.118269018578894	0.388387595578102
-0.316813912561719	1.05942188739312
-0.0675093146287634	0.107479339031466
0.031353161819852	0.0642316340470178
-0.0563870816669847	0.14387232869892
-0.226867923078245	0.86032048702797
0.194729960453476	0.677040541573477
-0.0915576442641426	0.253389839509367
-0.0448688388291424	0.105627976923523
-0.0735839675770222	0.193411590172999
-0.0331796237609555	0.0737984792179093
0.111425818259359	0.306277656445791
-0.168238191806001	0.482786905037154
-0.213449822165494	0.704816166475487
-0.237224342916888	0.642273089952948
-0.216800635793216	0.471410311042517
-0.331521987172583	0.760890906359528
0.0285658222248384	0.0436653281233955
-0.0247873047546331	0.0362965986371451
0.0749757978346239	0.117464442648848
-0.44616860744647	1.04073732306825
-0.0408458264317731	0.0519971540230962
-0.136802116645896	0.244214294192877
-0.468831043384394	1.29690455761011
-0.226175807349563	0.41879939904283
-0.189056887406691	0.270154446670071
-0.0602996346520129	0.0557305966042807
0.00723475781872474	0.00816023024229945
0.0573633840620689	0.0774872377847184
-0.0209873534008128	0.0283896834080768
-0.0673890133139263	0.0993005403523308
-0.138540752102979	0.202823471589694
-0.11961598447335	0.184381954911953
-0.356791209821288	0.884327239455215
-0.091660185075495	0.156574007135656
-0.332489196077858	0.694357166297958
-0.407302496067751	0.972642430951477
-0.0218095980043596	0.022781207334546
-0.176085543565339	0.209737554461251
-0.778184265371466	1.94853865953137
1.16630751803505	2.59623996486861
-0.246050253852435	0.269849552401384
-0.149759125349009	0.155066729129136
-0.608350179354944	0.751111503034851
-0.628557086449525	1.16537293663152
-0.698635662140556	1.77747183150754
-0.251801106678199	0.413803877902811
-0.488090034239013	0.81395506305487
-1.62611087132955	2.22877701924156
0.069640429177575	0.0590162808443743
-0.399750622560151	0.745962217814166
-0.456332157379523	0.620775292826279
0.0527210572643974	0.277392088392566
0.156682583585906	0.986753279739957
0.278357972120244	2.10459394566508
-0.0160608039368462	0.0556006351935487
-0.255070282800621	1.47949354154673
-0.393348422046795	2.39241174087436
-0.221630186714862	0.937417096447403
-0.0323156025397155	0.0630599349333072
0.0133332318381938	0.0176610893669359
-0.0242414810143007	0.0460577570298315
0.232064940688914	0.835285892397079
-0.183843659193912	0.599561661255039
0.0673874557846213	0.171063240835418
0.100193120417549	0.273824250570479
-0.0948972857671949	0.238417030977065
0.0654381592295606	0.161459391911472
-0.0659336792764432	0.152837542002118
-0.24663708203943	0.831258987926707
-0.227225455792351	0.719063745181642
0.0617099454905029	0.139591178101734
-0.300446894422151	0.844401346342856
-0.48865453745576	1.43008093937385
-0.283012817039922	0.607150239392051
-0.348216982190177	0.81649235632273
-0.0436616301104126	0.068382117399823
-0.355350564251166	0.882932762829346
-0.235679605469278	0.473442213501222
-0.0946528111304729	0.130092279498218
-0.249806177678764	0.441720357336074
0.201658062758754	0.351422301040985
-0.0607765811030641	0.0876444013459775
0.444341851145788	1.11214607027597
-0.0694389863069338	0.112183312230716
-0.314727762428225	0.512754881914187
-0.322975507760897	0.366826035528714
-0.148138206486832	0.199115001766293
-0.0826425355545371	0.10740206554567
0.0244888489710924	0.0333595991078123
0.105667378043163	0.160302988474316
-0.169861189502853	0.246951948760021
0.0995798822540913	0.142731232663714
-0.226088586871647	0.441743033973645
-0.0639173606812872	0.0974998712749528
-0.620561626109204	1.64776875333959
-0.60828466720872	1.70337284710068
-0.163890049876393	0.20890767407542
-0.122248035045554	0.14159360707066
-0.743248534904871	1.78350841530985
-0.085398707340873	0.0896423269205753
0.117575544450014	0.0979430951167726
0.0511089750426776	0.0511736055581968
-0.00128426055208556	0.000883166810039027
-0.397023372405891	0.665791090488875
-0.609487324096684	1.50552734886252
-0.278194447707087	0.445479849455344
-0.015144028129661	0.0133928809288514
-0.59060566282228	0.527531447420809
0.472141716287321	0.434188919463451
-0.328827438752779	0.535128725565548
-0.433424329745042	0.532012275338897
-0.0154758434110297	0.0703227305782512
-0.0901751374157083	0.472990572097596
-0.445412431385155	3.02520858552159
-0.0736655922923018	0.192924550066034
-0.101156436280154	0.260794256597111
-0.305905734167717	0.90663220373733
0.0314029132357581	0.0707919918899203
-0.0954063115432016	0.252683125554661
0.0640657078155298	0.160814650378938
-0.0727053345016971	0.179557860877047
-0.164981850536668	0.463898327221053
-0.0120687775828285	0.024344053180425
-0.263349311087793	0.946339851225491
-0.27255727574173	0.888942341061969
-0.203027968746986	0.616402296925928
-0.422096772443767	1.66740185349478
-0.216527055966962	0.628436010210415
-0.484605864090001	1.85893574924884
0.300091958871637	0.83850479769965
-0.40913849855209	1.22809769350422
-0.237287706309944	0.393579883761867
-0.300178790122448	0.650982202354221
-0.500529739427268	1.19634234491195
-0.437920168257071	0.976503440540244
0.648425251619438	1.58703093088345
-0.0276746737885133	0.0372004960592938
0.0152845955102677	0.0198709428741655
0.0876680440181246	0.138216690525966
-0.173188578166153	0.253903209677651
0.0883296840736988	0.108723351246401
0.285273664983493	0.490926502228107
-0.0806892087646889	0.0988674199751662
-0.216240769480399	0.333794922885944
-0.107576850870346	0.154487826412505
-0.459047499730844	1.01481106367442
-0.228079716006891	0.410447819162295
-0.650898413695478	1.76123130241933
-0.0303206265538144	0.0412842221676187
-0.65093709968227	1.60296777148056
-0.0885289084438718	0.127170023385694
-0.286912705178787	0.516737085771689
-0.330342578318044	0.530052706888357
-0.178830352675633	0.284585731999282
0.0781574853851219	0.0969345604128994
-0.251674431470041	0.298355555322186
-0.516120054676816	0.988976471142369
-0.131112195541098	0.153212584475166
0.0628943141650807	0.0705498528690242
-0.225278438903394	0.357100007191131
-0.993769924028458	2.62681708843314
-0.252446471796963	0.377126815960471
-0.780031639103309	1.21362873589173
0.0139518722733803	0.0140495383013019
-0.0925897588155	0.11878665074674
-0.612920977010901	1.09604494976966
-0.0333495287897061	0.158332517629051
-0.134255753147233	0.808721799060234
-0.338556828591355	2.70083218844704
-0.407342481546756	2.68454276622115
0.141136432590483	0.508677054812795
0.0970166818833629	0.160069076503353
0.0685602136835897	0.15977348237921
0.0199333140993489	0.0465345554357179
-0.0102921659093172	0.0237872133194332
-0.00793966183336651	0.0178237452070443
-0.236521117088195	0.887905179333097
-0.0402431042300832	0.102674160679082
-0.0303835948425479	0.0726554291980684
-0.00126578777037991	0.00265378181566369
0.207002280167368	0.707613581263678
-0.164090598580209	0.387712873345332
0.01325638331352	0.0192434196266837
-0.082779393662147	0.12456029843906
-0.270113490448622	0.62356149782005
-0.277539862896663	0.597852023421225
0.266396660841214	0.502536929611929
-0.474806787635462	1.16215579345966
-0.0424498284926384	0.0653607871743684
0.14824624044142	0.271506017481341
-0.111299695879293	0.182975750467822
-0.79703403042772	1.53892655312009
0.105689197096379	0.106465397910697
-0.0645074774683686	0.0694601502335206
-0.134108366554715	0.169855660365915
-0.171579994627276	0.281530972683678
0.152452135277122	0.248352114233943
0.0934394419860096	0.110677220796585
-0.712484441348815	1.79476801381133
-0.0619028497709709	0.0936833238678168
-0.615974823570432	2.06277997645256
-0.547200136269193	1.35720950610455
-0.295075833594024	0.613114434802907
-0.363946149788804	0.439107245183749
-0.0172752094668861	0.016421401365685
-0.0653036894471032	0.0829828283096595
-0.132811801764596	0.116749650841012
-0.206258141153662	0.185437362560467
0.145716811351551	0.147474947006457
0.687823644179712	0.821639810385198
-0.778093962576909	1.6161049685603
-0.751157515611121	1.86052086954453
-0.269502978635338	0.40802974531349
-0.308461323508213	0.375424716050727
0.177230018146379	0.160443014214686
-0.111159891582498	0.137886760183181
0.258460428186488	0.251819562748496
-0.0723998458458931	0.418849756246656
-0.164010018177221	1.07741860435742
-0.264449855644494	1.57603599920963
0.115193325167845	0.439547907316533
0.0841022059458958	0.201863851422205
-0.00620682411246154	0.00863099978314259
0.0795140033737007	0.19694704545978
0.126241276100274	0.381274590757367
-0.111247035350174	0.303328460227076
-0.0240602681281626	0.0447034791291813
-0.213364863231604	0.312860883977598
-0.233051934260179	0.513658970292878
-0.030120562552946	0.0455884735036074
-0.0724100935571901	0.112209582407068
-0.186109291253012	0.335462401548493
-0.269444415313489	0.510721664848017
0.144468742696032	0.252207982019285
-0.225664407685047	0.444543210309886
-0.792724957294627	1.73147594674768
-0.312566428526642	0.321856018782089
-0.164472184925258	0.19905948132979
-0.138619302511249	0.177096944486464
0.38339261261263	0.788440776413068
-0.13814204948405	0.232136134926769
0.646278666400235	1.47288712443663
0.0755999374412799	0.116560521251795
-0.173461223865978	0.324080297947575
-0.268743439923811	0.628100918545955
-0.0621251809381857	0.0875397035993639
-0.0791521451578415	0.116153391372643
-0.687764714971834	1.33353630775264
0.0970960816797633	0.108554126682085
-0.0373976949618748	0.0475498542303165
0.170462909793771	0.188281604710768
-0.499936877568322	0.60485118040094
-0.121249368675819	0.119264714064675
-1.43733032499966	2.26251858354223
-0.574864836964288	1.12586477733801
-0.263049156452566	0.477738815919598
-0.518700859830832	1.15752020872972
-0.152967212842264	0.167762809965045
0.112841207833903	0.0884288730975615
0.35272603325397	0.323638400724582
-0.38072347921677	0.585932809449457
-0.0276029470150686	0.0237189472537658
-0.673842766410193	0.335837745581217
-0.0386809411352255	0.205666318447539
-0.126901401596453	0.80678409988231
0.271894393223732	1.84439814716718
0.0773087603016386	0.202669424029055
-0.0437191481136411	0.0937005693974945
0.0217284417072862	0.0441803031766653
-0.234297710403536	0.654524291523137
-0.440201448181809	1.37863560820465
-0.107308839073804	0.185016255770649
-0.147272102777788	0.293221609376605
-0.0904682598045757	0.136856892900442
-0.219093091090208	0.401019202472778
0.329555919205122	0.68774009694224
-0.937974634608486	2.92742733210921
0.241219190332042	0.447617076663349
-0.439249275366866	1.04437005012768
-0.124319557547562	0.216293911314624
0.199357573191366	0.350714030898883
-0.210311103987095	0.36267271548591
-0.232877248024626	0.371792974570169
0.0918778516101688	0.12814712896799
-0.414073490307892	0.778862278758895
0.242629743310863	0.491935715262672
0.250887518128748	0.460801344559045
-0.493207027808004	1.1240650691264
0.0926761712518216	0.137363212010124
-0.513355710796061	1.15705616231833
0.180628009844105	0.299488479630375
-0.177840711573344	0.31647534416633
-0.0648365329943638	0.0890947287191429
-0.387069337625138	0.770736945355572
-0.263353633488209	0.462142684954183
-0.302868748721592	0.515549831975348
-0.276435544471985	0.420021934412495
-0.318339211476502	0.548985921063594
-0.00625022117358515	0.00759171679167721
-0.15396557560571	0.232421864252321
-0.487420691481301	1.06464155131112
-0.38670473879886	0.807967314600455
-0.421257463095319	0.766602085325691
-0.0583873623861947	0.0750573105131949
-0.226451880180679	0.37836470967639
-0.385915176007707	0.765352502908478
-0.00773878972136558	0.0353941206326598
0.158175545927615	1.0381720381298
0.152439313912511	0.789986615987067
0.228577277819518	1.31269022665691
0.219424314961387	1.03934414676107
-0.159046837910925	0.571253514375853
-0.173376564241755	0.431358116800812
0.0456818274460959	0.0859395175619065
-0.132669126068056	0.306455681398978
-0.342690241785354	1.32040481308344
-0.230916683911422	0.647033858118221
-0.306670938170851	0.807329189530466
-0.455319284472706	1.14132197428446
0.21160721929284	0.446480462152624
-0.32453655837634	0.688375677782336
-0.152474520220627	0.214458133936325
0.300711232034915	0.621364928249375
0.106241371557186	0.15664258408028
-0.0686530429334201	0.0867179375309196
-0.262898192138636	0.451311457841159
-0.22550321556672	0.34729437269054
-0.305405971578033	0.698907029690522
-0.115719683300607	0.190568756210455
-0.372520533334163	0.826365886222977
-0.524866494425818	1.21543053925414
-0.496094263773593	0.879838849989701
-0.355379801461313	0.636408775862364
0.05933501658461	0.0889413210963184
-0.229003122861007	0.396675326531196
-0.21676847847177	0.333902243991706
0.37627647481498	0.676305478632475
-0.680070214769636	1.55062840018124
-0.299566843727112	0.598928908774415
-0.629294858607933	1.8345684094715
-0.496640835514867	0.941719140005017
0.18658512198585	0.304439160314655
-0.204361134503183	0.347132073576453
-0.334388153008349	0.570568116087585
-0.139032210855824	0.2094583811878
-0.571468766485384	1.32565741725076
-0.85592194827263	1.93337694030771
-0.0971023835706666	0.12551694449041
-0.243947903419238	0.353479286187285
-0.219622960224545	0.400784689638164
-0.187337000436832	0.282385594567098
-0.150526257702944	0.233170449187672
0.0284799052913122	0.0404097540873151
-0.304449983057504	0.458324501340896
-0.32957843133623	0.561170931086157
0.0208838914670186	0.0994857189668715
-0.33505179796895	3.63937048784336
-0.212106669555723	1.08421330280639
-0.0232091965812405	0.0594683280221509
-0.0583456295699926	0.165927792707143
-0.0147498848725484	0.0298745394868591
0.0963916285529221	0.238466907150573
0.00809951967193154	0.0160169239417313
0.0236457475837755	0.0457927852543345
-0.0902302314192786	0.177901145385667
-0.287469838063228	0.697172177734844
-0.175203463707478	0.345406326295975
-0.106249432722132	0.187492950672619
-0.0310527399722892	0.0495009789549765
-0.128017417452013	0.203529177296406
-0.00941509385018326	0.0125385565253538
-0.359808049367143	0.737175321575261
-0.079285740128956	0.0990487183961135
0.0239319209155713	0.0332219373301304
-0.35976969153334	0.690562542057199
-0.335906620007307	0.553513931996471
0.502621424055894	1.14559344044933
-0.508563194701257	1.13566193137804
-0.110321492075382	0.177451986645204
-0.0991255432723851	0.152976163785305
-0.0231820203673201	0.0289894999999498
0.0931885085800663	0.134014174470493
-0.212590082191528	0.312872900599261
0.358301912700321	0.655879860068851
0.467060914946107	1.00825165466594
-0.0763289301892668	0.109173490085149
-0.555381654933053	1.22710195578301
0.154062717386866	0.229744555216943
-0.53626599221188	1.13791048136141
-0.502549057035636	1.20130646779847
-0.220280754544393	0.356722716041556
0.140185036699211	0.198388938433501
-0.183976809020606	0.287068308749038
-0.27191529143669	0.471433662204052
-0.311942747866091	0.480313424421781
-0.187480619505981	0.263350898829736
-0.803768366383506	1.42056540230456
-0.443130031935118	0.708942005829995
-0.714277419577282	1.5532298613191
-0.405212946786717	0.707360907517081
-0.746411662724734	1.70498099001394
-0.184228218341422	0.252561349092284
0.14914713277129	0.198721201166795
-0.394358505449366	0.873049188072242
-0.391518662240334	0.684579747942306
-0.665562407447929	0.881330199125597
-0.0961716727716332	0.0773486863891436
0.125543935745111	0.121482279703851
-0.414957853799178	0.507562608986353
-0.35650272225776	0.488575892778987
-0.212918402536031	0.286118231192545
-0.0719858879373689	0.455128455572569
0.0611485928807696	0.306622212561282
0.05717400159299	0.248038305228826
0.235225910035413	1.3355438309432
0.0526429111816428	0.192570917149591
0.0104147653212935	0.0217310572398817
-0.0328552168632032	0.0788426858457077
0.0754125867264301	0.190175172035965
-0.0164277842568471	0.0247315514122156
-0.237973093481404	0.363859255206697
-0.0317304475134163	0.0384073179327558
-0.103165051734202	0.145403562823896
-0.220499198090193	0.314985310563925
0.0606402622449083	0.0605219533104118
-0.303413320055006	0.355922951312324
-0.110557699581057	0.112779888431111
-0.0692342017818121	0.118613606696912
-0.142021803432015	0.300856904108269
0.154412874042685	0.271078603025838
-0.125577189017694	0.184807988339591
-0.476914138889643	0.837564776156117
-0.360638787096179	0.734946402235767
-0.448292604076153	0.940357856816427
0.0755917187206827	0.0739848992188838
-1.04921542037153	2.11306984081857
-0.309680617389759	0.340346671626325
0.173444892350053	0.224352379426728
-0.0655314853339068	0.0982690930039973
0.338237976569032	0.597561641378244
-0.298939294524074	0.479365650599314
-0.143729101776144	0.246324523295009
-0.287812851078682	0.529081558541698
0.028331562545874	0.0374234627030465
-0.093656285869007	0.135722079388385
-0.0581580534425156	0.0660609048225001
-0.353814375518457	0.585684050410967
-0.285373851213037	0.38756248906191
-0.356964070523452	0.697469317932224
-0.0600621963410941	0.0836496778964153
-0.144984699941576	0.244951746675001
-0.192326299367601	0.366187169912604
-0.589317687523421	1.61412274036281
-0.0446807469083333	0.0511939660997615
0.273703144692174	0.376357984628196
-0.102345713761047	0.123085266204967
-0.0990095878168512	0.122922977556825
-0.251432999207807	2.87721675058309
-0.256038545973953	2.49777279991032
-0.250446439386353	2.01313173271053
-0.107364919114991	0.512000326449435
0.0325135402710036	0.077120269105973
-0.0774432314323156	0.122091394180599
-0.0839676236939068	0.143837567911488
-0.258866848317541	0.423174134875598
-0.192102426118142	0.215556347136627
-0.186049498518133	0.213729455219299
-0.132560270577251	0.128771804467888
-0.131882278187052	0.186033073742819
-0.181508493618287	0.210217412341443
0.526804578634782	0.738380822505683
0.279557521259782	0.309604675790279
0.428568815629647	0.529069695759919
-0.333292117958376	0.82051512328612
0.0124894002313559	0.0200230722070781
0.0518255553162919	0.0797299944170529
0.138255149004714	0.22362514475357
-0.116554898281141	0.156698826180677
1.0223918752402	1.75310455822551
-0.128805057697842	0.126651972733839
0.0246999803667518	0.0208285454354885
0.2564482436729	0.311774964001071
-0.273826286635792	0.589838247986894
-0.0153198877116994	0.0188073371343575
-0.159378686608213	0.213373349662447
0.0789743737116329	0.134879895498111
-0.267673027404295	0.465742241269639
-0.131041817455766	0.207341986280298
-0.242382301475568	0.374556456158609
-0.120325183624727	0.155702031899472
-0.127190710946091	0.146620527670611
-0.195720546666756	0.237999833624341
0.329146846647712	0.636647804711557
-0.34965012975666	0.80217735906158
0.0471855527173826	0.0695593137875258
-0.285266606886531	0.459728227668212
-0.0792783353327071	0.125267843795934
-0.160731379459685	0.254411823974059
-0.362963386029943	0.601648878382593
-0.0881698630519608	0.11435443400871
-0.0751696633837575	0.486553200006122
0.0239608175587084	0.0951472917239378
0.0326136468135299	0.0768769382190066
0.0215343451976687	0.0509042961755705
0.0406788597516776	0.0964028369377438
-0.148119799278165	0.459479796696826
-0.112439856530964	0.306129232099395
-0.154291146446932	0.262021501047451
-0.497696717489597	0.562930191842502
-0.0599562081647288	0.0612596544807531
-0.227452278692871	0.205218698329203
-0.480178007662971	0.520931171541633
-0.298689491676992	0.286152330934988
0.0446804048818324	0.0772941448465137
0.250789498742869	0.597593527278456
-0.184698975850765	0.321434377945368
0.131048457962336	0.203390584391582
-0.1702099351883	0.216908426968782
0.282236411618664	0.240980383536751
-0.0931968972096082	0.0736134470591592
-0.865468621031647	1.02294874984651
0.498581907236921	0.634119677354566
-0.0353892797796499	0.0492965205512559
0.462370737176562	0.948321853081157
-0.0837070084433786	0.0980064903101255
0.357165720365545	0.909201247507952
-0.537741813877152	1.25963155122126
-0.282471452536601	0.567787700639884
-0.288679882934047	0.372469800122627
-0.00897421377751878	0.00787387529854347
-0.240729876189396	0.44373945246353
-0.197094294304305	0.385054165036277
-0.11194374358741	0.185388523714532
-0.397145298751496	0.720504911370615
-0.187581335360056	0.330903707141485
0.121650016117876	0.220630558176603
-0.0172127506905341	0.0233646308120706
-0.201420194016588	0.278060826810432
-0.0203491533016724	0.107354408170005
0.374177999757658	4.59506835165841
-0.223374783467713	0.807098580411262
-0.181592723821287	0.570011829293197
-0.0894766344518435	0.2276221362375
-0.155925128918052	0.570418892177713
0.018345436704272	0.0413463759910839
-0.25243226280653	0.201472934969
-0.25805223925493	0.216649623386227
-0.639300659019807	0.404384448066767
-0.244427465616784	0.588175061029423
-0.0339524851386909	0.0629109727432691
-0.473568939722207	0.425749726228731
0.143973138263186	0.223734569371373
0.00324644698050553	0.00311359055154804
-0.274149745802125	0.150204135209516
-0.426222758470729	0.261408044052629
-0.439679813395614	0.322717089464987
0.296129601806873	0.241040736214461
-0.605346258281272	1.6395358652368
0.00914914980128631	0.0132636559392262
0.185777481593694	0.22106092151519
-0.133127327762445	0.292067232451921
-0.0847814269316438	0.144568163758268
-0.230958450006753	0.512686715535124
0.559196699450304	0.908987821903679
0.372549136187544	0.392651007667589
-0.289666709045806	0.608973933383831
-0.184381305000993	0.432969671419182
0.160429199222327	0.318948402637794
0.171180118622722	0.185582608246503
-0.656367348544063	1.86805480243337
-0.226377870748999	0.584979515507546
-0.188443255092823	0.407962404432651
-0.314147725154548	0.611523453003871
-0.150584611377748	0.267041295638353
0.107752164765622	0.778520565656291
-0.112123772462159	0.653779077324654
-0.165203320778738	0.737037702275195
-0.396730947007578	2.19017685482717
-0.449562646913166	2.27949249102553
-0.332683816070126	1.38862946623433
-0.227814922452116	0.805935159099546
-0.275619528641803	1.00666367537136
-0.329431733828981	0.516953993318931
-0.742256631782709	1.63056830760097
-0.504284388916465	1.53894278445354
-0.110754010473606	0.150929071307419
0.0849362994441524	0.0960677798529553
-0.18230138498936	0.22339398062814
-0.158622401604797	0.173408675044134
-0.099144065752275	0.103930321763929
-0.0044178951354883	0.00394756572775622
-0.617920762457611	1.10715500888423
-0.860146202109625	1.38378239656362
-0.493767041555189	0.533757545195983
-0.492519553408089	0.753098678826966
-0.435106129290507	0.56655092167647
-0.612904204563371	0.797684686389786
-0.514614937069333	0.670683116578317
-0.365332666220627	1.00443125925395
-0.629069867886367	2.33125838174437
-0.603469416948404	1.79851028471234
-0.420522608984861	0.829594057053443
-0.439139423925071	0.538522513385654
-0.35005372723777	0.404487739119173
-0.601268356160736	1.52989445971049
-0.295562204702335	0.467180923170794
0.323419677046955	0.38479610397481
-0.760060994695848	1.04581705041248
-0.660615471847394	0.81075675255199
0.394343079436111	0.512120219248408
-0.603309098934321	1.65440943767732
-0.332402597321679	0.62906219695182
-0.388830100660898	0.732052562386314
-0.437598263097302	1.24679873275301
-0.22076192599027	0.379129529529318
-0.313139952263563	0.595188337829196
-0.205962122768582	0.389556540479566
-0.348491813165793	0.768200112068798
0.407633666839451	0.75938343367512
-0.536497426774139	1.2614534414019
0.66712750325322	1.48027057874765
-0.175636643103518	0.246321260138444
-0.388680963598775	0.621201104085599
-0.00422275822884183	0.0178482434144814
0.043062164373416	0.188929628289995
-0.118205567014426	0.572164616307261
-0.146498144558155	0.645388352619724
-0.203816484782292	0.634622521495422
-0.223329658736283	0.624655130981966
-0.269979017953247	0.743999761359426
-0.135432532216094	0.246040002601923
0.124602433593524	0.241165023153027
-0.0874300069478154	0.168577349634453
0.280674757715882	0.62298432223635
0.117558555427322	0.192198446591849
0.207346238264285	0.396280955339403
-0.171899941879247	0.292811092701132
-0.108096811811106	0.170832041882148
-0.174689990872253	0.309289005101348
-0.169541702435226	0.261722465726607
-0.260498816895041	0.510787994053954
-0.335876108928007	0.637516767249651
0.332859494091071	0.58809084719332
0.159257950645582	0.257032407884502
-0.363709277652572	0.798458146413058
-0.495174416636689	1.28403979306563
-0.20274837552468	0.386797679610396
0.209752566517344	0.392327435592616
-0.316182669156439	0.53440827958488
-0.236704487022166	0.394956648880197
-0.332745064153293	0.70025301929468
0.0185891504586075	0.027113513573589
0.00781603377771639	0.0101006541705858
0.429091868181901	0.876222704958399
-0.513158453722858	1.12837240078491
-0.155439486246291	0.245830514639818
-0.117038503420398	0.185010045404243
-0.123897169478787	0.161627824970031
-0.0200786008152789	0.0279398946562703
0.0786135100859423	0.110468081098357
0.0355920532036892	0.0400687351605708
-0.299172679013781	0.546620095919164
-0.460143644364899	0.965162861320995
-0.104232256695926	0.0656902266543211
-0.601968191797129	0.56218747368202
-0.221253353641273	0.192986595218296
-0.00834141595629456	0.0369856064471229
-0.00788230518567001	0.0309009800060252
-0.100430324325637	0.48410201778641
-0.15786280781184	0.818364564480525
-0.112373540074018	0.454155868628481
-0.13411419973833	0.57436530976723
-0.0837965253421033	0.299754486042462
-0.214264681478983	0.908659004903379
-0.420511417732626	1.96115058391892
-0.131817620910528	0.300965985585952
-0.0765989679244322	0.134972167012177
-0.144572935760248	0.204242008387902
-0.143657570254021	0.305816466197031
0.124465843116871	0.27436495015357
-0.0246129595329495	0.0444698560197678
-0.0160477829818242	0.0229878447387084
-0.108198040293413	0.179705143176041
-0.00307256659621489	0.00500094813440854
-0.156443408964015	0.326916360744282
-0.0958145500111982	0.166112743698117
-0.154236949063753	0.280840075061751
-0.0638777026914388	0.102805145459261
-0.368038941141662	0.934990816744235
-0.0015116914588712	0.0018724371724542
-0.367132106118033	0.709510512441591
-0.490407238825865	1.09687522705167
-0.189587995540632	0.310746241293714
-0.117588635905242	0.163341281340392
0.132665377886518	0.213273643624159
-0.307482920009528	0.698002120335195
-0.467016595019173	1.2359571494805
-0.182639279716976	0.328274683657694
-0.326829600153391	0.748190817196989
0.0626178606047764	0.0689716596322154
-0.332946629666631	0.461566037432367
-0.157793488111048	0.235370919587793
-0.667647534783857	1.22942453415281
-0.158271390408641	0.14792988653945
0.18918646660463	0.200251446117169
0.535020228700098	0.626961526962383
-0.0937810951150654	0.0653668920339751
0.00447026291949738	0.00474221150075192
-0.243650526371966	0.256495998340718
-0.000243664771000972	0.00107260281950079
-0.0769676853137437	0.40291632209414
-0.149438405800517	0.83520494134571
-0.0261941605131162	0.0909733042671867
-0.159209309110544	0.747538044361212
-0.144968357582204	0.669407059189245
-0.152184171666855	0.685528622018476
-0.256487097527424	1.36212394058378
-0.235028614671186	1.09291394289571
-0.133437062396562	0.392246066249521
-0.34304099590744	1.11217456303902
0.0296927777844774	0.0499102382638176
-0.342167549664339	0.659195392763881
0.135085636587746	0.295791229014821
-0.196843493345784	0.521662268460033
-0.227577154466346	0.513033139147809
-0.408341009620748	1.19054325162468
-0.596093585268604	0.859718331899892
-0.268468764599649	0.443583887373637
-0.100502342153885	0.149035250788266
-0.335803696460235	0.793325544839543
-0.24456255068108	0.490458068433368
0.128771523401191	0.204497483721462
-0.348341006574041	0.761818228224404
-0.24933229984546	0.580860724907654
-0.398143986305593	1.16675093356585
-0.133079678239981	0.233946514206647
-0.207864449721532	0.415594703730411
-0.905320374706742	1.66976960590008
-0.175010736012749	0.215967024769775
-0.186468345878928	0.35083369057094
-0.167194323837433	0.19524188085982
0.399954901110553	0.413226143925673
-0.0827236428192058	0.0819018953274082
-0.142864228085985	0.108812339063849
-0.327499248478193	0.31352282107583
-0.288878461490131	0.445111294451411
0.0222931352781657	0.0186413606236857
-0.457742143996513	0.196980559438474
-0.494943380940014	0.356761209700131
-0.0139989545327664	0.0200378250829187
-0.0814158198581387	0.155983098227394
-0.0400107815747034	0.212190543373077
-0.0940458515609733	0.53202324472653
-0.185781194658828	1.10628657120286
-0.15532143123729	0.822026982676674
-0.0458835290349386	0.162209650243736
-0.177244123570899	0.869680248115031
-0.337227114021604	2.14080891002831
-0.179072175401751	0.78262930834504
-0.261747299763738	1.04892275207735
0.131019395305498	0.322355133685148
0.0869804233596317	0.15936697472657
0.0477653881584036	0.0921539917156099
-0.236468985095669	0.684549536489363
-0.525316458334058	1.03264419437728
0.00184980214188652	0.00163905313181991
-0.444071101781221	0.801832278062345
0.116851548686265	0.181002669340112
-0.0721594157185784	0.12188979816828
-0.0469724827195771	0.0784589109331303
-0.117762961138346	0.183526600266255
0.317529768241081	0.672700485062204
-0.00507255270028718	0.00776858863481182
-0.713247265665269	2.58793401571083
-0.606292984871572	2.02964640151097
-0.514172148030749	1.46923617188691
-0.443041244240808	0.698504696232165
0.038315134017011	0.042901026504492
-0.419559881943062	0.945718429391136
0.0935113740793114	0.0957913185682445
0.739048397750292	1.06464703967168
-0.391593974787472	0.500518891396186
-0.131863424798947	0.115280365576123
0.134645472726975	0.155291501534534
0.191989108812294	0.142528053315073
-0.184331870851339	0.154109105988329
0.037413737461293	0.0425618835122706
-0.558288941815268	0.81976474114879
-0.376168000501609	0.182260978100276
-0.850719104725212	0.46587261217939
-0.351769947711506	0.29857945383383
-0.343106285043976	0.266241088261471
0.113218502746821	0.0797853736443562
0.115704107854128	0.0901577613634636
0.0691917334439593	0.109125883936932
-0.301223394594222	0.857454672800893
0.0399048974148499	0.212283921562848
-0.107442820326469	0.634348719582881
-0.0902340019613849	0.428564769255465
-0.198485412521288	1.19061047474009
-0.188791367706659	1.00132239667633
-0.182497151743412	0.903088685333957
-0.0854789004832507	0.310208738873158
-0.396926493101253	1.90666990221304
-0.100033038180298	0.228818818059998
0.101528029482863	0.195673780973447
-0.0983539501113592	0.113777308862338
0.0709941104071997	0.156860874612885
-0.223175589405153	0.50842998773565
0.230904820140435	0.354056337551262
-0.3047088166206	0.395732436770486
0.219995471042357	0.357693120270149
-0.203888144546166	0.380441242107019
-0.296942449648644	0.648863847095305
0.104192095548959	0.184031101039575
0.00382985850259451	0.00515471079972116
-0.0416431979044619	0.0610135857142561
-0.195076438240665	0.444361692988836
-0.305828347677595	0.807526827436008
-0.131344789309664	0.247299393234057
-0.713897506903977	2.47536445224873
-0.36628366963275	0.613262843848343
0.11911499084861	0.139354647842185
0.0269606254097368	0.0341753160585247
0.397862918601105	0.675025167199738
-0.392964269282871	0.43204696497738
-0.117072866030523	0.120821209763271
0.0311656264049454	0.045437440956308
-0.0215259618037199	0.0283440694041768
0.18249991806606	0.229835319020981
-0.143506825130956	0.109550625563934
0.247013491984854	0.20484604662551
-0.403938421773096	0.723019769343005
-0.131206364610463	0.132188655516953
-0.176427517525757	0.071980634069435
0.100546216573466	0.0297769935135688
-0.487557683147637	0.387119503231557
0.751358776287446	0.704293613542695
0.891560475585537	0.875221289715453
-0.302488098894489	0.236134777969414
0.0537873520269837	0.0421302811958154
1.31381340682471	0.952384312116949
-0.214630075517732	0.176678804365572
-0.0549832486036712	0.0785528737769347
-0.177035085682639	0.418694063084128
-0.159964897189693	0.252107405844337
-0.0134189468576256	0.0618999683453438
-0.157763183345301	1.02991977941093
-0.041271380171298	0.163857487491308
-0.130294393924202	0.637277829517298
-0.0648038954890772	0.237025316591929
-0.335263639554327	2.13836085693848
-0.417789435396425	2.24206715804949
0.0288848823000121	0.0593523077079486
-0.199599891884325	0.495291315323153
-0.412013509512927	0.67592959758756
-0.0269234639881127	0.0517462593181517
-0.0657822808584996	0.113369676989097
0.462090995733396	0.893273843437736
0.296941185855108	0.337928773802332
0.119116218082008	0.168662353366451
-0.0396051432895512	0.0508096957463209
0.494590361717947	1.42620581246897
-0.14909641526599	0.280229760955747
-0.0247283117695313	0.0341581071820536
-0.433391786672145	1.02071628988162
-0.120545392055687	0.24374720348464
-0.0955654918477097	0.178764962588305
-0.178540035361848	0.34391687107808
-0.194297162906108	0.402717884286119
-0.715526217513764	1.14856677007438
-0.530558779817968	0.942968922016223
0.0551620119440344	0.0780957752183646
-0.283274818867408	0.401615051553773
-0.0436660110643576	0.037678941306431
0.171804001352354	0.185703025241019
0.00546670648503558	0.00635485991133414
-0.304838118125844	0.594355579194415
-0.620678683397066	1.46008325102442
0.20657061229497	0.213094498935513
-0.873502626726038	1.06944428111451
0.195207102204537	0.180070410216519
0.0400379130184883	0.0445823320692095
-0.0652580657678135	0.0547371822952589
0.899933579577019	0.689827773297654
-0.399759043203033	0.117900473796604
-0.0903407632110759	0.0485828762270874
0.300368581409544	0.234098614511186
-0.802646962492893	0.776129548853241
0.0896664255193722	0.0594653381468094
0.559222417757696	0.818199095888951
0.989866290197925	1.03678830509903
-0.128907360017989	0.221200261397877
-0.360844903574811	1.03631089113268
-0.191533040053899	0.334726264008673
-0.103245407060052	0.192361195215413
-0.387696944782187	0.509332626757262
-1.03334002108084	1.67563540790178
-0.0170231938757173	0.0803080942050694
-0.0435294021360036	0.198601502711546
-0.196690726269866	1.21803302083951
-0.185157280996981	1.03229565059788
-0.21115631678191	1.17992996588901
-0.140032272663744	0.498310348046426
-0.456001994660055	2.09315226601484
0.0813641825391998	0.177096995904119
-0.354580896279117	0.953288071459982
-0.0487900979658945	0.0874916800219584
-0.109152746034571	0.219886511194585
-0.240396349551215	0.429571806104233
-0.00158829199513866	0.00174781406341375
-0.307515231689023	0.552723616332324
-0.171425305028471	0.302701456093862
-0.129546872449726	0.234621303369934
-0.374631165451436	0.942721893584522
-0.355526741303758	0.692122011290299
-0.0870313494313559	0.139937563672694
0.0289051737231116	0.0485544297024637
-0.26884060761102	0.64992240637077
-0.221944040111941	0.461575688862336
-0.259134184398593	0.568431073865335
-0.283285957287482	0.381112563018547
0.270570789068846	0.36809449540096
0.147541974892328	0.239674273212652
-0.0729536549560841	0.0846211997390166
-0.120650746364481	0.107685562169685
0.032330334053377	0.0331985855335462
0.31471329524637	0.367196900221163
-0.891157424795725	2.13893551668741
-0.0949216275416726	0.136929877697069
-0.423793128242084	0.860124143290042
0.129542614337177	0.153682825599338
0.519728467163572	0.583696367327777
-0.171146654873623	0.144805873171621
-0.300955440477425	0.442962081798318
-0.0813959297925817	0.0748752532649584
-0.578400997096143	0.229391714167355
0.527908516178835	0.27118675285298
-0.0962986401621704	0.0490009716581709
0.350666470625564	0.300372577718735
-0.430935250386072	0.411630717743668
0.998717031775109	1.15988990289209
1.11259127599398	1.84113214379055
0.771727773661573	0.53664410768688
0.286915350787961	0.230166519010544
-0.136605962475818	0.254078824596214
-0.31819520518546	0.893272651620036
-0.0627956793345416	0.0865008195596885
-0.635243699160066	0.40831411519039
-0.141721953859706	0.14526553504812
-0.00528708941295233	0.00415155703735554
-0.00479416041397951	0.0214989324096919
-0.129795032210821	0.830979444811648
-0.168559944554025	1.0057302701853
-0.306163980261903	2.23067636392052
-0.155064002017563	0.627022956911686
0.165201506739333	0.520057843809797
0.139494879828443	0.33009866932233
-0.369347922509333	0.678709553860802
-0.434183489236444	1.05145506039738
-0.210489401183529	0.424930221401877
0.0153409731172355	0.0244588535836628
0.0193368742149729	0.0280064403778755
0.0932233743485427	0.162544623067608
0.18732982722825	0.425482331329961
-0.308262904628893	0.848433693467616
-0.0992806387119463	0.192494611358794
-0.204994342589513	0.426253123717573
-0.195519195894793	0.273369989078419
-0.0784794156170597	0.096332106067213
-0.289220747937004	0.57883431888421
-0.295416008766148	0.467328968455747
-0.410246388309061	0.474181002934383
0.112047295844823	0.137488791380933
-0.137275683100257	0.144595396943958
-0.244914495249981	0.396932108503793
-0.620885912320784	1.57807469600786
-0.512981210452744	1.22745267108337
-0.356263706222394	0.515737347683843
-0.385868035865889	0.342067064811553
-0.811346338849455	0.921045139401067
-0.155320366518364	0.22277558707334
0.0557502000391746	0.0483157632245033
-1.54582593861861	1.09807767625235
0.279677852387443	0.137162658337725
-0.0817897304592469	0.043867927450395
-0.275799002622506	0.185114492038446
-0.0883050698797927	0.061094675809649
-0.269060474086368	0.213153647525215
-0.198638279984354	0.199182563931985
0.370465636071063	0.221624039294689
0.613051251463056	0.272127334677371
-0.143396393251395	0.244664919505253
-0.662494491399296	2.7697155503904
0.180412179722105	0.285883279632996
-0.169122189756345	0.0704668001769103
-0.531082714801868	0.767738866664803
-0.982880187007421	1.31531604567395
0.0333536916682623	0.170622497192649
-0.0374718772954687	0.170955349108193
-0.0611777330510906	0.26101835704659
-0.20506710550623	0.966756286250962
0.0822075099193176	0.227080059750934
-0.00196605052095924	0.00390998942632902
-0.0627828922534393	0.107508896358227
-0.0526206520634596	0.0907295621185193
-0.373562083606729	0.862374485202072
-0.223640476492624	0.452352185852807
-0.247002189290475	0.630698475903188
0.0373447764483587	0.0658243344295228
0.0416922581298169	0.068772790204521
-0.223572059408858	0.49204928674892
-0.211794310295972	0.324177859059462
-0.178136058511669	0.234952659124168
-0.0993045345248348	0.148691307274726
-0.0302939786797818	0.031817454562965
0.908941221881206	1.62954588845604
-0.54213202180127	0.923549910440342
0.0404279036861123	0.0390335581623797
-0.639302011515526	1.35319656052847
-0.369632005326665	0.733011056663988
-0.136580107414331	0.22543880803165
-0.0748073110750782	0.0812122460585241
-0.261428972883195	0.183192888321824
-0.197197877341537	0.171533352317925
-0.00325227622820093	0.00372265173562571
0.181273871186252	0.17086785337434
-1.33304252883468	0.625120575195781
-0.736414564420996	0.450123112592256
-0.85783209339241	0.485693320520284
-0.0645002845417847	0.0368592784425166
1.02672772306007	1.34100853937613
0.0418624138580004	0.0391545032959298
1.14312653319435	1.10039677917732
-0.371676528562256	0.174934277840009
-0.425609859567992	1.0996571246691
-0.510786714662288	1.82562465654342
-0.240641772467171	0.449100016056665
-1.54587053953427	1.37772124899854
0.222891924818059	0.130912296597405
-0.506151938888056	0.819840781865569
-0.873145829727	1.27325041912104
0.00401828744113443	0.0180587972117665
-0.0746749222474345	0.386569430321255
-0.0897682370269146	0.36093623683591
-0.0793785794608077	0.227285532233987
-0.311079688556389	0.661765654082642
-0.0706148926395318	0.124520803687442
-0.198934703920404	0.448541563884114
0.151808868461047	0.242696378912353
-0.30848653570387	0.75903472781695
-0.418383508428893	1.27333567379288
-0.39672876713734	1.25672376027936
-0.24631689628754	0.569225117800014
-0.728246454800918	2.5899624481129
-0.296310867546545	0.461893650212613
0.0272320557322573	0.0305488029848506
0.213799829123844	0.405220084834241
-0.00919755774714819	0.00927449692602247
0.206217442354817	0.247906758985134
0.229574002957522	0.266722277035735
-0.287638580194981	0.31098431487194
-0.199360011332646	0.309229424406489
-0.488910040549363	1.11722584874178
-0.544461373939984	1.21989599145193
0.284975399889814	0.358749711375022
0.125357828097023	0.097233521218309
-0.169263870719216	0.110659087038711
0.108805116212596	0.149696195128094
-0.217895523993635	0.226748409272717
-0.379474863059596	0.177269032701499
-0.202918437201501	0.122198329505568
-0.225412931162468	0.161326025712171
0.39470363408139	0.313633708430904
-0.622857035327326	0.748364734847734
0.386082855316975	0.158989380567069
0.0733166560127542	0.04146212217798
0.0596031287748214	0.0288557491963971
-0.336995796472947	0.749043480924446
-0.205208991240413	0.493931729293355
-0.110964941764523	0.153281724758303
-0.131726581999692	0.261195966323154
-0.2777241870654	0.662552433239722
-0.0759080159935719	0.0684760124675953
-0.467185709497969	0.209250010325905
1.55107285339675	1.05133419572727
0.0776474180781411	0.0734748344531482
-0.43266705159577	0.490818248838983
-0.0169632158882371	0.0796814000749851
-0.0612993425389273	0.284743422677341
0.105392537996414	0.331185246185632
-0.381795168467075	0.787355498909655
-0.245631796731111	0.504283679119773
-0.0966915598201617	0.177367989316452
0.178867856730456	0.395745462570723
-0.466246302982773	1.16868352962106
-0.107217534508908	0.198320746714359
-0.285235243347974	0.782142230186343
-0.100959166003649	0.192481626377758
-0.564102213998603	1.9638715096864
-0.25341922664639	0.412552131685714
0.0802276557563278	0.101712609842782
0.376506947222	0.797533126240034
-0.535600940270828	1.08845643903277
0.0328920583321723	0.0270201335569109
-0.433848759079086	0.664379558923996
-0.182470384655287	0.202008954768845
-0.174011576556391	0.260371444566794
0.0984763393069359	0.166894798635705
-0.456611808648484	1.09401240150805
-0.00432767469231857	0.00455504652235032
-0.507185966799788	0.427827838162218
0.124261317840927	0.102292147479422
0.335263830924964	0.555727647537864
-0.177484840754646	0.19324050880384
-0.199438170118981	0.163294945590836
0.189516019244581	0.144519629343573
0.126685923196019	0.111822245759154
-0.989134807010696	0.900125984501878
-0.73771772484874	0.446719668176356
-0.366718458579066	0.23368314170197
0.118437631861911	0.0974533224157421
-0.0911795208619901	0.147450447544487
-0.285113994060851	0.755011997080559
-0.299109850379362	0.61842784045183
-0.105912355301063	0.207193087109169
-0.0666090819216299	0.117443298210285
-0.0677193089849225	0.103238583737524
-0.447444882579364	0.557898905547106
0.0235509233336713	0.020585813113609
-0.131971945589637	0.0604327829438798
0.717527971780161	0.404961881580201
-0.498942248593156	0.756871261935113
-0.33905603125566	0.368937916240597
-0.0172605536049695	0.0830074786185697
0.113971360265917	0.668278531100948
0.165164682930862	0.723960375767357
-0.0287144097148958	0.0858945838333632
-0.228048257175565	0.613644025155981
-0.158953417071106	0.355882507350521
-0.254000631477548	0.570582612617683
-0.0883053844551939	0.140601843491078
-0.177257716062503	0.306785612543098
-0.19148237251049	0.343173628689051
-0.157089979209317	0.252963201584133
-0.408936362936	0.940752132387924
-0.497714921410676	1.60280091783105
-0.166026326540133	0.303509515010915
-0.133777006776278	0.225151553179509
-0.0913800243845507	0.177189007908071
-0.174150492029833	0.341953278014659
-0.30401801898707	0.668898640269989
0.214911198602087	0.428673224308368
-0.438872624737343	0.942062148330994
-0.403428241483451	0.800482020391762
-0.675355212184222	1.55294537797965
-0.267803060291486	0.575252856956574
-0.411653134995531	0.954702005356194
0.165708458570977	0.318031547059006
-0.480219845403995	1.0496880756215
-0.64002051496157	1.86152661554131
-0.163080429937546	0.188201353048282
0.0251998608382823	0.0305574578746259
0.576251111627534	1.34083301104681
0.50666878941715	0.799537620471674
0.274093905105902	0.439596844752618
0.309584820850637	0.459009632911042
-0.0562075559462335	0.078701652713134
0.23693115025086	0.502138882138138
-0.231429531335218	0.45439344954999
0.0641078663014569	0.102962638871635
-0.186690499558366	0.404784991378612
-0.185384611017025	0.353390922335136
-0.184331456931423	0.333297898871755
0.126476266544572	0.247231166983216
-0.331751756394807	0.936231116906752
-0.497233599024414	1.0978092732549
-0.0352525204937293	0.0447715247701142
-0.0692660067374367	0.0934529535831286
0.355710913089114	0.764671369985517
-0.406258264808649	1.06610372111105
0.275118892215809	0.330869792403367
-0.0591850242924284	0.35687332558507
-0.233845687180825	2.01175770245857
-0.390499777546032	3.68281457295727
-0.0322822262085976	0.117448400545038
-0.205689405838429	0.3137300549771
-0.108595554652102	0.169602865452656
0.00779207105815676	0.0124449330689514
-0.0332105706349324	0.0495981984174671
0.347754937106374	0.827666820612433
0.098572328067017	0.188388821527686
-0.212532867674594	0.419970561755866
-0.339871196968131	0.822501711189186
-0.0377680179070431	0.0539399027446542
-0.017694024874133	0.0195150981803841
-0.21523326168821	0.380161052293626
-0.169888327047494	0.266353730278505
-0.0811776594950704	0.134287758274846
-0.751400428387318	2.67672547717699
-0.212281631937317	0.47552904474767
0.105000053874355	0.204161892177755
-0.0826853132812514	0.151811328404878
-0.626917539798293	1.23572576468663
-0.208142062638464	0.313643639447007
0.067527416333923	0.111752954499236
0.117347817414346	0.200368648045186
-0.13532087899058	0.244915013258794
0.000196017690343622	0.000284598654615588
-0.226135881800117	0.337298202433438
-0.065739246338815	0.0968316294049193
-0.181710529770866	0.371695285997227
-0.310356495431632	0.705371834487554
-0.251210590515728	0.464527124556764
-0.296693845594778	0.827675286019376
0.345665389387154	0.843314177866086
-0.0136517481548959	0.0201405396990859
-0.226232102122917	0.591642023286874
-0.16152057385517	0.366518065132481
-0.186140058917249	0.303163688894305
-0.300463391754651	0.483483373072742
-0.205195874857914	0.408003047690634
0.160211855538545	0.338185121793031
-0.00136582210270872	0.00151356871715853
-0.286311561142716	0.539496005500163
-0.374762435088578	1.16853473572478
0.0298442483403465	0.0359629245391288
-0.160652839050093	1.42233287110479
-0.0312298930018189	0.151235117383382
0.139926541745077	0.821491814433329
-0.0714262389678516	0.122731069987296
-0.72167943449878	2.22068716289015
-0.256674930581349	0.504061798384959
0.256683789800097	0.64148586861668
-0.255940691272033	0.57833989337334
0.0207792005123679	0.0329867536522951
-0.275292008410078	0.598903475491417
-0.38005820478651	0.704247250640483
-0.493446023345397	1.03248488572059
-0.347326570430409	0.596192277291723
-0.039940368565765	0.0600992461769597
-0.0919743968689793	0.168145320950196
-0.15935405007367	0.340147603697847
0.192973503404402	0.404036757647494
-0.274578154429566	0.649202974278571
-0.0873974463539545	0.152635786299298
-0.0142906247113154	0.0200455051133817
-0.0218358961503261	0.0315681210328032
-0.154579454258234	0.295227758485247
0.210187509060242	0.497430270475536
-0.141817435908484	0.252292115946499
0.147090761949055	0.255539259043374
-0.381980786798338	0.793106713966266
0.210496760373394	0.41801440441311
-0.608592348374944	2.05003164094151
-0.157936681737047	0.268625860460873
0.263434904618225	0.452603877716332
-0.144918527650834	0.299277616364854
-0.0297373294009505	0.0428791691720954
-0.177222254388128	0.301536765638865
-0.0510897025755777	0.0934971775744901
-0.238567955246795	0.66471901660658
-0.65004269085394	1.75937980482959
0.0311103312091254	0.0441997085505333
-0.181824795633892	0.360203987462387
-0.317980989354139	0.817443785658943
-0.170758139028198	0.266584246952146
0.0186907952564286	0.0296570809377302
-0.0745543536526339	0.154481332442737
-0.300572327443021	0.42158306137985
-0.0992002225965097	0.727086450350308
-0.163862816447995	1.26128346645413
-0.381012125474239	0.97132632200518
-0.0878665140388588	0.162251965287211
0.0554944493450956	0.0671314660752527
0.0709433196514914	0.152955174396824
-0.332391704772318	0.997206230694005
0.0747206335091328	0.144561370207372
-0.10218232084556	0.17884637496503
0.238686755947429	0.441350249332312
-0.422142363875213	0.665216104066276
-0.180856349639093	0.209670785610033
0.0134877941964732	0.0218657580061196
-0.0661970111989967	0.131673068118236
0.100720975328119	0.21674418861311
0.0594671909404428	0.0811953670210194
-0.0555346545438647	0.0975629665808537
-0.172121302949739	0.436734633456754
-0.288581184252819	0.920353616386475
-0.177962264771139	0.346276357421776
-0.244414462515816	0.573388753732853
-0.15705252832171	0.340531774025644
-0.116595572483041	0.23081221932247
-0.244307376570687	0.405159329530869
-0.352590668694583	1.09750478090507
-0.303716681369979	0.837630765056809
0.142347112819028	0.319122433693727
-0.167075208092293	0.43438328488558
0.382828806905263	0.60708092173165
1.36527494917393	2.64335960349717
-0.0838358540133822	0.127716980548107
0.473262495768892	0.606684204261056
0.309847659499326	0.418881708367937
-0.106663069333376	0.154805761334704
-0.315163941671448	1.13404696461852
-0.295210503384083	0.961827655185752
-0.0954985399867727	0.216736376685717
-0.241954156223949	0.627005664617361
-0.0582139581440661	0.0893842298537423
-0.0563605606972671	0.111679279910816
-0.145657009426697	0.371748065308703
-0.244352977528236	0.687678943141256
0.906381803937624	1.28379549386377
-0.0356420853659324	0.198176126552197
-0.326018199184569	0.605726359511983
0.00496879178392666	0.00887683605515679
-0.429363875886386	1.31505637459499
-0.48954010837884	1.32661264538273
-0.199501784118795	0.520048554953448
-0.122141021615963	0.262942577600211
-0.157938180679694	0.342068160275815
-0.223830932808854	0.497719767102868
-0.27993855927938	0.553744552782511
-0.558072549991964	1.46027737874668
-1.03790226142438	3.27838127345129
-0.53116813392881	1.78785928849651
-0.315397149916674	0.943637690613145
-0.333345368845756	1.0070778810617
-0.361494405587808	0.846206980984343
-0.118516810141663	0.229940797426577
-0.402763534020402	1.13576054234516
-0.149047954352806	0.275961482514488
-0.0486877556162193	0.070729800445873
-0.135690002196102	0.240590628369528
-0.391723316464284	0.994633224902723
0.0548647922953404	0.0913901647318066
0.0624630287464794	0.0911553356358404
-0.301759979651631	0.713449882523303
-0.150336426838451	0.247198838710919
0.194754176880114	0.421903197219498
-0.0782223081429658	0.16338072149562
-0.432459599280297	1.03981558871025
-0.0488556094610851	0.060068973795814
-0.148515905284799	0.319196510915043
0.241603669196197	0.436145701159099
-0.21029047631245	0.365796588044209
-0.0447925391472957	0.0727116054941578
-0.283903352462142	0.898651458867628
-0.21411151996668	0.485653409958862
-0.348961303000251	0.834857492027411
-0.292566868670252	0.734085042333275
-0.0491601850048639	0.0802376398796314
-0.389959600466673	0.960859860507544
-0.390471250396008	1.14605266087403
-0.311846030459228	1.01484796792102
-0.134907877468541	0.154262430914526
-0.409479735990886	1.00648907825049
-0.284737216813281	0.536800457431028
-0.513546953604488	1.39462473788096
-0.621941491980677	1.72872738293427
-0.291366043755351	0.4757077134911
-0.415012251015106	0.845997669017357
-0.60239323839509	1.30898635087017
-0.552993860127763	1.17084083641693
-0.439382176230297	1.02463945780958
0.269499984112593	0.505069231956884
-0.247500689975997	0.367146402320277
-0.394982959226705	0.571938494342793
-0.444140779037016	0.80287330859403
-0.27802579707037	0.569994776163816
-0.206061990093594	0.123597147019322
1.18636534068387	0.760562632906933
0.189610403463789	0.141122715185774
0.183955372442699	0.155623110934442
-0.236998980576727	0.263552205861975
0.0160043341354225	0.014509978452476
-0.0992907105696948	0.110739289958634
0.127554856439637	0.103998413483716
1.24103750637939	1.39355465485399
0.189398462533139	0.173063545854858
0.511631518536207	0.867819962051076
-0.335924180108204	0.755991462750459
-0.509482665264499	1.45448680293579
-0.299708632042832	0.622554276544534
-0.199593806013677	0.41017155325986
-0.165914554767737	0.307211710709285
-0.0231667359943831	0.0362743211511405
-0.788857197183408	1.73502955440324
-0.305583413465197	0.237801930331536
-0.455833328017612	0.442432898445264
-0.217223682543721	0.225696261108274
-0.528312300602475	1.09107061884944
-1.34884853067199	1.95897390968131
0.115896724213497	0.0940906486846623
-0.0271269699888619	0.0374509978503615
0.154819213538999	0.185710525469953
-0.459561094883723	1.085654861385
-0.114968213790626	0.140632804721175
-0.37546905153818	0.443672099978252
-0.772978566970321	1.54940528093309
-0.599115206588279	0.975459794811771
-0.511506287192918	1.08608605173534
-0.252801400450851	0.425056850020989
0.114076714655971	0.169395203946302
-0.307888337608517	0.45150868062251
0.527801910702137	0.533885606246151
-0.139777387052407	0.132997807689425
-0.0695556573479267	0.0932947575278112
-0.638190005565291	0.410325689501989
-0.105066679487151	0.0506621117169629
-0.185969125024378	0.136453448533631
0.620560968728595	0.554282077140728
-0.180347930917259	0.134839404499566
0.248859432809302	0.246198860040033
-0.101556539496972	0.0529921693749478
-0.190964752500478	0.139626786316388
-0.246678441879013	0.145206417751575
-0.206949457916721	0.169010577955481
-0.505818766605204	1.16856417991735
-0.328838550037863	0.818449153466447
-0.0141376645213667	0.0197129449483279
0.0143664563597721	0.0207866048126584
-0.202405678879942	0.384536648081602
-0.173076781396633	0.269878945206239
0.0615503940403881	0.0532620334397577
1.02249010522398	0.586676399027188
0.289375108618693	0.141400491767171
-0.240348284419005	0.208045669331282
-0.384394709872495	0.53794262182317
-0.679796435498151	0.515508664757873
0.599478373955074	0.56851897258832
-0.522666117301968	0.876673931600881
-0.181694585290971	0.186113870492051
-0.406991801557338	0.771620020060826
-0.222634981999706	0.489508994295861
-0.129898746329629	0.182850500352546
0.468547789890763	0.719405416853652
0.0326312078497869	0.0356908811839903
-0.0189019974230552	0.0183193474965256
-0.074117638667811	0.100056423078743
-0.135656257663	0.237260962789633
-0.3252472031561	0.620699876912179
-0.66010607775715	1.33822011351119
0.453931319854975	0.475868713977388
-0.153764546893626	0.153863961058151
-0.01948965501917	0.0245406770287835
-0.355963864718418	0.317841955826825
-0.460017744686646	0.504834718403705
-1.11835373594909	1.26891193212801
-0.242730573104755	0.25874559218134
-0.17252244753756	0.109329896126412
-0.0817020870394395	0.0440854148609275
0.0802731607129923	0.0503659249730619
-0.00542168124636183	0.00348597500377797
-0.138261456813473	0.221410487360807
-0.345372034268167	0.870760490905908
-0.291363096135223	0.571311585002592
-0.525036142711833	1.49326467839548
-0.0080470467469388	0.0115995265169677
-0.685554738402071	1.8188136260023
0.688960781550993	1.11442574881287
0.07658337654331	0.0357003673707782
0.291781817060243	0.140216322782527
-0.15538518982251	0.132198152998319
-0.0908724834020692	0.0969382429085026
0.0691825949491733	0.0337742981880742
0.589226560665161	0.443269451402893
0.0258623521084752	0.0277643295129995
-0.160168469245566	0.177476815040673
-0.309136407553497	0.737470477360473
-0.117164556655431	0.221635508278968
-0.668673778370431	2.00282887774989
-0.347318247742897	0.737810709539057
-0.445215742230366	0.956444003682074
-0.215270661469507	0.33715189013186
0.0607038474319195	0.084667689284393
-0.0244971321412967	0.0310392521018016
-0.528238796580712	1.21915378248893
-0.273379906861524	0.469582751504089
-0.288464948239193	0.563081014848586
-0.303229884502452	0.572325884122887
-0.5267100741778	1.13247469722303
-0.178597811293751	0.1790021045295
0.0468382271072422	0.0504078424428685
-0.27178946963263	0.368692172321736
-0.665809237796948	1.14411785328197
-0.468033653829641	0.55201716502083
-0.0227736107776103	0.0197829260958075
0.114638547004076	0.13588394849271
-0.01273549528115	0.0154210868943801
-0.0261274316111482	0.0371056409823601
-0.609866958227585	1.56008345410973
-0.0179216046096487	0.0266649927046808
-0.265478697607976	0.530753772869779
-0.302919689189359	0.568110054288303
-0.248779040035504	0.536574913088007
0.00759992104705224	0.0100459340433718
-0.0763257050078861	0.0704950858707798
0.185272451079061	0.165980780654982
0.398788894406781	0.697084431778507
-0.0574767933753078	0.0690988227076583
0.119305111736101	0.128988190571969
-0.19487073451506	0.26767208785884
-0.292894810110223	0.573136289975985
-0.0962451140029845	0.10700061199859
-0.314300860180937	0.522056957998916
-0.0982953904148172	0.1287180299233
-0.0577914901309227	0.0759846905978492
0.0410438913131661	0.0554685275597891
0.132668236716473	0.203239879845398
-0.0314669312897249	0.0367579869529444
-0.302888409449089	0.40356269534618
-0.0999699212936478	0.139044688626345
-0.150021365593906	0.0644831711855893
-0.280228002236504	0.190182192990416
-0.24390817425559	0.23545681545201
0.886309139591286	1.14926734343592
-0.0608380907413156	0.0507970830727975
-0.354404031572893	0.446078307154765
0.192477031866869	0.157522657696373
0.0919482402716536	0.0580486816898928
-0.562771786888451	0.55684764463086
0.411466792998484	0.549126941522444
-0.680456105251662	1.95808067371083
-0.182602711099926	0.308476834207372
-0.185707155371279	0.290171191141434
-0.36362839739537	0.709091112779319
-0.474211859716523	0.265660257569561
-0.356044626986194	0.405557393147679
-0.460756372059209	0.719942007429044
-0.451446891185256	0.96369194861137
-0.440699141828632	0.583175908391847
-0.62466714267277	1.1383768357597
-0.305891240258719	0.535338898011263
0.241415398943417	0.453313563456697
-0.167715046673085	0.275963288098121
-0.286526013405719	0.388071177757804
-0.0342137825779753	0.0197972985242895
0.054792826054996	0.0419504269554949
-0.545810172015157	0.564173198676558
-0.489727136727875	0.336305199242182
0.822758477912424	0.650887480082191
0.0962103874128697	0.0682020018833967
0.201676936832424	0.340769610419565
-0.0784719020169908	0.13764183317837
-0.110636149203133	0.155063517119912
-1.38690280923903	0.841704546257265
-0.239833301453755	0.26702061565985
-0.485405160420217	0.394643574287216
-0.126612901096445	0.148679585068607
0.241230636474471	0.25819793974736
-0.2800608226543	0.420367012265832
-0.113800356335212	0.124394635366336
-0.274145385509522	0.49013565551641
-0.247320099656797	0.472528534197199
0.0669806735547292	0.101239488443324
0.426565727900513	0.76171785990248
-0.654276373485833	0.904174672560964
-0.0167520533294832	0.0191206769121272
0.0134495845630239	0.0110994474489319
-0.208200948772347	0.126901974763649
-0.039034511242018	0.0225501942873177
-1.65424629975757	1.53556847334771
-0.279467181936129	0.154001043563546
0.545882607969763	0.606985536010191
-0.0230606193128609	0.031501459993759
0.0046513733823697	0.00733456386023089
-0.695119836530642	1.98409164349518
-0.789911046802298	0.633539944095267
-0.217048048785638	0.279491570635174
-1.09162865124473	1.72306546539899
-0.367801062668284	0.519608864418793
-0.384259538183694	0.77349824420997
-0.0351616508148009	0.0494813132515227
-0.332531319664499	0.626956167937272
-0.24099905428368	0.311793295656784
-0.2762080566269	0.264771801464856
-0.00305987143405838	0.0021835457137526
-0.165063224542879	0.221182096505047
-0.0641706023978237	0.0607298689043245
1.01670294786703	0.734166616744906
-1.86977473558071	0.78702265714786
-0.627822070666334	0.530989136719756
-0.488540686742304	0.342253730925328
-0.329853542596532	0.270457689381853
-0.128659864376776	0.20396162360183
-0.13468990282419	0.224738868285496
-0.138003436851518	0.187754812444566
-0.0929820879612586	0.136671184568175
-0.273412392282977	0.146267651585494
-0.342209425649698	0.428741864146838
0.287381414244899	0.321892987064912
-0.165395255000245	0.255276379429149
-0.358881677264093	0.855262397423243
-0.0195333425697255	0.0283431630234694
0.0251234012119105	0.0280725659304628
-0.102316394009557	0.0981155672996482
0.404770348751238	0.530189702271355
0.409778317487944	0.750095291640246
-0.433799811939107	0.609795889416439
1.01438632214499	0.624497495722151
-0.138676633675867	0.0638995851171836
-0.100014731312626	0.0513103311215072
-0.094078014392259	0.0729505051101621
-0.223946331628554	0.199716659960263
-0.276064382026829	0.18562215381327
-0.231123481411577	0.431268028611945
-0.296204003813786	0.738895584930726
0.136449158693589	0.207827923654618
-0.078319311371579	0.127719003419045
-0.657781386948865	0.599667671107611
-0.563888640462115	0.990576786993266
0.555508005561635	0.764435254277904
-0.438848636953485	0.653332164349532
-0.32057192343324	0.62112276848617
-0.207539918530988	0.372724017059377
0.170298715307466	0.301273484357653
0.33537700481966	0.548606208886151
0.308650886490357	0.315849527236974
0.635842592811577	0.741732897758715
0.404114786116724	0.827210093867637
0.128446489361664	0.115841145757272
0.541542650547321	0.278997969641854
-1.40575444634218	0.869867648065932
-0.488664336445472	0.345208640484881
1.60133966561111	2.57629834673813
0.454379398922167	0.420768673567326
-1.1223180752441	1.45921029384349
-0.108339105528338	0.174921377399867
-0.269024693613171	0.660266259987636
-0.145272403770432	0.223577768887642
-0.474518727903069	1.24232745753796
0.0700467335978369	0.0395087135925034
-0.323996813912359	0.441554928598027
-0.430600199306043	0.446119696848915
-0.314728596678845	0.596569030903988
-0.239514609221578	0.49044857742652
-0.00287850667064557	0.0041768854429164
-0.478900674913653	0.920050740457089
-0.381435860562063	0.380172945229346
-0.191195471075976	0.186915420628479
-0.239434611937691	0.416358237290964
-0.0967934784376546	0.100492627594135
0.0742822693010728	0.0415519096241046
-0.0299260054299507	0.0178445478718212
0.00581993242178778	0.00398390207726947
0.110132278402785	0.0857211882986855
-0.588813359320498	0.547237797923747
-0.139861845011907	0.216277984094532
-0.10751453244148	0.206263885486849
-1.24619444100099	1.10468862389758
0.0703474578798887	0.0819056780182443
0.534260339300622	0.634127767705994
-0.0883240313908765	0.108406025930111
-0.301493349223621	0.642288241657112
-0.0185111417229065	0.0252331213178882
-0.00993424679599452	0.00890750497207088
0.0181177574437432	0.0173622226342255
0.768782140415726	0.314901615881152
0.717371608256164	0.420123709750017
-0.605732547142732	0.463997425352732
-0.491876223561156	0.340268805876253
-0.384283245775129	0.828438218640049
-0.271989351510035	0.657879088994612
0.158257165846696	0.203956330493904
-0.394215303307814	0.444510209483766
-0.0763593615391402	0.086722901975451
-0.115764703376477	0.129918273933657
-0.231791716864514	0.419084525399886
-0.213441938725045	0.381641518505384
-0.440154749672628	0.915789932086811
-0.723308664279684	1.80348405882026
-0.179179890918741	0.189220566106928
0.0797639145070115	0.0333706983676836
-0.287752699552802	0.576334681678115
-0.359506896070564	0.469105773217161
0.112393372127561	0.103070353453612
-0.377102692544208	0.863383567491857
0.0544210441177014	0.0700232800594358
-0.395671716562337	0.839368473758638
-0.436217623830431	1.09642473964761
0.122854021908314	0.12863191213488
-0.0000949553070261439	0.000287774847549803
0.01671390253006	0.015987853769489
-0.198214243884928	0.33422017091532
-0.156873846386019	0.192378329389676
-0.681912775836113	0.506132431832524
-0.320598676936404	0.632245792808483
-0.890702906131937	0.765137826917626
-0.335551279066126	0.566930843233358
-0.518383486042768	0.791304172515907
-0.147668031191148	0.141407120532863
-0.569281377659371	0.308938104313003
-1.2374915362695	0.702533378979958
-0.52350088855406	0.679669806969527
-0.10816091929816	0.115047043460436
0.856005554433322	0.76103094005732
-0.389528533426389	0.569289244500439
0.150128899186539	0.163187429522721
-0.465155522110012	0.207011978109032
-1.23193780041347	0.73631284645369
-0.516084052460436	0.944100313074555
-0.530694979342746	0.736991339743529
-0.244180617601216	0.53334503195192
-0.0823608904923995	0.15763882928271
-0.528901227952498	0.775133613695421
-0.158562931479997	0.367303922300866
