x	y	clickSelects
0.034922143701023	0.62115070477462	149
0.006747388433792	0.423015719810255	515
0.010107293463858	0.272888467602223	515
0.067670196628811	0.198790941754921	515
0.079667961821005	0.246561499094232	515
0.108426491405649	0.25276828927244	515
0.000886297790055002	0.493658009373326	515
0.111832439039541	0.210692164494265	515
-0.102578740365744	0.676625041895049	279
0.043150777087624	0.384065429703297	279
0.087136261424026	0.287518976311565	279
-0.022983736225845	0.497042732946146	279
-0.017641225294964	0.410144567227126	267
0.028831047460872	0.364003962027228	267
0.081178187869001	0.235025267248388	267
-0.123945943953637	0.701928599240285	238
0.053789173299461	0.291129134279619	238
0.091111262077046	0.232601096457646	238
0.0597624107094	0.35387659439455	58
0.098753617206291	0.255159381346957	58
0.110287770689925	0.163612628241179	58
-0.056475016105938	0.267135802186704	58
-0.049037496237468	0.402862129733924	58
-0.040340573380129	0.415488741179194	58
0.043918222322532	0.127113191868775	73
0.102942284078591	0.109202304772618	73
-0.079004319381786	0.303576212109629	38
0.052139804861301	0.263322496590963	38
0.095075626141627	0.181491087114525	38
-0.030089295189713	0.458526512270664	38
-0.027714844937617	0.220257490632077	38
-0.014892726512132	0.330499671332581	38
0.102631070287798	0.0958704602692125	38
0.119548989621247	0.101142301466273	38
-0.00509513339452999	0.225338074598802	38
-0.066672609694085	0.325329937498459	37
-0.012630754883321	0.233980487630704	37
0.098290073669202	0.175621382026422	37
-0.027110487406789	0.285420356152132	37
-0.012763034878665	0.25218554325825	730
-0.042575921674557	0.316405677533986	730
0.06361731082185	0.148316985437275	730
0.076270572127001	0.174447347313182	730
-0.115625035847807	0.462707404077069	730
-0.022660539878638	0.24210245770128	730
-0.021237310773548	0.353652962037273	287
0.10550794611003	0.195802069815282	287
0.022743997338646	0.350501644833382	287
0.09004330516946	0.201909222869255	287
-0.063932489868515	0.540145561365361	287
0.073073345552657	0.245351024087745	287
-0.00294776812546899	0.360602867223982	287
0.014815898486916	0.214193632758723	182
-0.079731999091319	0.213579501801812	182
-0.029289444926392	0.150282400423586	182
0.075027742291012	0.211588168117315	182
-0.032561898286938	0.14952806768305	412
0.110872301079752	0.133475005685366	539
-0.024839922904412	0.385495710380017	265
-0.040019526310427	0.307065177064061	48
0.095855058151512	0.168487891287561	48
0.055675476386354	0.214380607283271	48
0.062813959715073	0.134134917859624	48
0.09924164080637	0.110527230885365	48
0.038144863529322	0.224580930371589	48
-0.097029249675245	0.487785990466534	48
-0.018669095000187	0.297390572455945	249
0.068477157520582	0.179406920894539	139
0.080676160439149	0.185958658375287	139
-0.069670563818039	0.40932836187359	139
0.108841749186691	0.151017058712174	139
-0.096230010886086	0.39740140252801	139
0.020369401118219	0.253959881543026	139
0.109206061396032	0.154007278024866	139
-0.029839569510005	0.0962689794942149	139
-0.073727187385431	0.164466817804449	139
-0.023978749089078	0.093269045574261	139
0.033392669803983	0.081097053110346	669
0.080731652193373	0.0705697822151784	24
-0.028906851776317	0.217338413461992	24
0.119205248921495	0.0991112469657962	24
-0.025134427344203	0.0939362147439577	45
0.116324371397738	0.0614956843786299	45
0.00599134701321	0.144259540388315	104
-0.040275935969601	0.0952910147511825	104
-0.080302514299611	0.166304281382653	104
-0.031400422060193	0.0950372445396653	105
-0.024920271032252	0.0922213230312286	105
0.035257207333422	0.080130113434629	614
-0.052218302862561	1.45490682451866	149
0.016270734989286	0.960267600331758	149
-0.076505135596427	1.49103085752923	149
0.00113886689307	0.874381817369198	149
-0.05252218273655	0.596814120734938	515
0.041574350959463	0.480839273362141	515
0.061855756523129	0.238647481699177	515
-0.034086677224875	0.44761779424233	515
-0.026284724871353	0.654317180439242	515
-0.094365336089967	0.794922751140153	515
0.097065871663847	0.274897947906826	279
-0.00994438814565901	0.559635942845719	279
0.021488718122372	0.222022969274161	267
-0.015169596001746	0.330953731906881	267
0.033457093626869	0.409439817347258	238
-0.081427992307201	0.655832851026429	238
0.039122932263712	0.39040338964242	238
0.093618130582203	0.261639215617766	238
-0.088690576533788	0.696860377050374	58
0.115480588452581	0.220046639742021	58
-0.003319023066431	0.496594268623553	58
0.121471096998894	0.218597361196213	58
-0.084684236059446	0.757026833699247	58
0.114564637130622	0.22856153107565	58
-0.00942633664390302	0.542120977723399	58
0.006439851063646	0.473539145606096	58
0.03682763050331	0.395267976297464	58
0.038053549863496	0.373829421552664	58
-0.007088181370564	0.344160506244731	58
0.073912618498876	0.280253890260828	58
0.10303956489136	0.217502768538245	58
-0.09028574268503	0.518383142567772	38
0.089338109884793	0.116587712215072	58
0.018324855503859	0.274751839738511	73
0.106814454439178	0.11061910430164	73
-0.112457997795335	0.305735382147751	73
0.032476922212904	0.369202094381182	38
-0.071939166081731	0.609526350818439	38
-0.086675874905456	0.593388481998501	38
0.11640848327866	0.194825943757811	38
0.00347210144398599	0.316419710623581	38
-0.023028684635111	0.40827130932286	37
0.111051953376603	0.186281099328621	37
-0.042772256188759	0.429195187300049	37
0.095443468903688	0.146589189144273	37
0.0999477172892	0.137453142908785	37
0.069925204806658	0.165898102716545	37
-0.01543217040271	0.359034839308381	730
-0.07806245519597	0.646162145362181	287
-0.019461163502976	0.422273553568115	287
-0.073581958514196	0.57185978496135	287
-0.053578277548969	0.514109324513709	287
0.00718163759034901	0.359526989120395	287
-0.030626916364635	0.513506632864189	287
-0.032578739344698	0.423287263534094	287
0.076449154242056	0.147464578066019	182
0.013176374637976	0.137250095977643	182
0.111867629984484	0.120472204566639	182
0.018176438036614	0.313862812926203	182
0.10968228774793	0.186075395230927	182
0.023735157197424	0.37598781216612	182
0.00297817059601799	0.333603464821268	265
-0.035778150529935	0.426884013351827	265
0.109069810419798	0.181629721741295	48
-0.089944592867806	0.542469990409034	48
0.100937350955669	0.136127002365009	48
0.022969317025457	0.222516595133536	48
0.060552920749048	0.229084526763243	48
0.054965704637233	0.160769340532472	48
0.034432019846249	0.233577081673076	48
-0.092147005477608	0.410555524489018	139
0.056443522118235	0.138863179319425	139
0.023318624783183	0.217759562052055	139
-0.011207078550671	0.220261089644498	139
-0.031653069382039	0.156261391255294	139
0.088144251820416	0.121292710321874	139
0.013785730397707	0.135260906818898	139
-0.0307804449139	0.0946312597121439	669
0.11275915506141	0.0909119717494348	1066
-0.025414456644583	0.148740422455902	68
-0.052968011955315	0.27555068076718	45
0.089607988721165	0.120320035210832	45
0.039068755057898	0.0806207343972815	24
0.119783145419156	0.0857814201668561	24
-0.00990099752006601	0.203255210018381	24
0.011867135996478	0.164905984483934	45
0.072083354697367	0.125839848754656	43
0.100465648573583	0.0945665181886116	43
-0.082637164292301	0.220291357065019	43
-0.029674612213417	0.157646078794847	43
0.03703389995237	0.0818186107263153	224
0.082659758868893	0.0707569548134069	105
-0.097330177319463	1.70181188688302	149
0.073148317561025	0.430552403381281	515
0.00137994715342299	0.303009328831677	515
0.045073283822289	0.35000253753633	515
-0.034300046985658	0.557508773343587	515
0.101959673134661	0.311085386658563	279
-0.060500888378231	0.547761226262589	279
-0.013855542771993	0.281726097333938	279
0.107279466883406	0.0916902763690361	267
-0.070546936663802	0.485730272924572	267
0.121052139671232	0.166392107851291	267
0.040129579343202	0.378838795918062	267
0.105611566010172	0.239607896036636	238
0.056586963733534	0.353027092961928	238
0.055034002450098	0.345137566721531	238
0.089879386716643	0.246788878918009	238
-0.045189497626798	0.552185784585223	58
-0.085510930226648	0.700957437210519	58
0.105520695986422	0.271593908077756	58
0.102775646810887	0.256533531599146	58
0.000794407604049002	0.496207870751348	58
0.062551878953453	0.191003133500142	58
0.0761260647235	0.267942082782372	58
0.055741710731708	0.302015023662533	58
0.020808932443143	0.187023270504356	73
-0.083514854778946	0.633529345544785	38
0.038171628572674	0.315686406316812	38
0.02195867834133	0.374417664611199	38
-0.111175305968131	0.406101126113856	38
-0.042637146025305	0.255137047015262	38
0.040684332812058	0.231272128980264	38
0.112415926924813	0.12997091248073	37
0.058168466731101	0.220582753306617	730
0.016310540919365	0.32424556831585	730
0.030814803496386	0.323786857195881	730
0.059264909808207	0.174231502159128	730
0.045700628875847	0.232889403296093	730
0.074555069752401	0.237940560827452	730
0.017872023576045	0.255297119105883	730
0.108842979895723	0.181363345131953	730
-0.013130347950294	0.327509447311169	730
0.101821128395311	0.126233434928625	287
-0.01527333506478	0.436487569702726	287
-0.081256883142708	0.624004826756315	287
0.102462641574946	0.236196488706635	287
-0.106049046558335	0.606716510628167	287
0.120473363838713	0.200568399941647	287
-0.087087875631843	0.64337112046903	287
-0.104931806204141	0.398476453942296	182
-0.00507125169265399	0.323855091486028	182
0.051936406896641	0.145859585401233	182
-0.051078701206542	0.526097923282022	182
0.117711372768453	0.185645761462452	182
-0.086829701446754	0.529898177898352	182
0.090697843595875	0.217492231768379	182
-0.02398725824827	0.376883117191213	182
-0.037070123512622	0.245917240315045	265
0.063988829289059	0.262185625495127	265
-0.075453924475326	0.54588508520095	48
-0.043613119042362	0.256216391023999	48
0.083508795907995	0.201161776896642	48
-0.078137634279603	0.51701750268693	48
-0.107140070392958	0.474651520900787	48
0.120379213682855	0.143191672657847	48
-0.087501318362251	0.455487878198802	48
-0.030076242547062	0.324926939745264	249
0.03660922513586	0.212958547700641	249
0.106150964079173	0.178299201888989	139
-0.042734261469324	0.223603109231649	139
-0.043907361583111	0.325630260625048	139
0.00340642721384399	0.174363636113501	139
-0.0672808732016	0.243452339747135	139
0.080750316809661	0.0678245975119641	669
-0.092735061712466	0.317395382913403	68
0.085739148486516	0.0683635711386856	68
0.055054263853427	0.144473565011127	45
-0.050792641132631	0.272726493877602	24
-0.073402605205719	0.208583727253175	104
-0.026492007189118	0.153609260239421	104
-0.028682693682132	0.0955856767997894	105
0.118608345867114	0.0596439797426103	105
0.062484797143424	0.130358533773806	3
-0.028390672555911	0.0910974119725254	3
0.081705874145702	0.071607897716884	3
0.040332460789402	0.819104754853359	149
-0.03310552629927	0.684000222095548	149
-0.040813034530704	0.825071477271774	515
0.078108043645034	0.264262933495334	515
0.088362433015542	0.272321942095151	515
0.051672617408813	0.46913100921807	515
0.106233607197236	0.278403442779983	279
0.030394190667435	0.392472274761225	279
0.110685594609274	0.277975781134192	515
-0.0104801991427	0.472683699411171	279
-0.060359066894146	0.263566246378724	267
0.074343717562048	0.223111127532697	267
0.101881829168176	0.229469217459652	238
-0.047663379752506	0.651352322686978	238
0.045993964846037	0.27956163564433	238
0.027872218385226	0.361233894999866	238
0.049224297378196	0.310960965737856	58
-0.028797242839961	0.496193544741043	58
-0.02220386866511	0.567045728467122	58
-0.059203971805932	0.649403993727871	58
0.00923310954649301	0.417495778791144	58
-0.057425005054053	0.58247315840097	58
0.103202069653689	0.210402884237434	58
-0.078264656172977	0.567059910804731	58
0.080463003403454	0.268353264510934	58
-0.047996083253309	0.681527182390616	58
0.030474794473183	0.349101390008285	58
0.088197058900868	0.227542261042067	38
0.101747097721743	0.172558917276957	58
-0.030582839344722	0.224015361088085	58
-0.099130652233648	0.526827215197416	73
0.07536410572506	0.109391746058775	73
0.066253336655946	0.20781893014114	38
0.037481068516414	0.153891491526686	38
-0.02337308229457	0.271530028142357	38
0.027176325583702	0.245267256295541	38
-0.054570839688281	0.369659021920227	37
0.039864832731096	0.240739628802448	730
-0.061855059927532	0.401909972771966	730
-0.00692664415891398	0.340420433672993	730
0.042304743342239	0.191317348624584	730
0.00846782165742799	0.16741172656708	730
-0.117659070579408	0.495196081030083	730
0.120238311383966	0.172697042497171	287
0.046025352042668	0.31798145714909	287
0.070560013871199	0.264598305382884	287
0.072372384726448	0.110430768136452	182
-0.109916623661563	0.354194768342129	182
-0.000884979191866975	0.224902900471953	182
0.064272063352868	0.21291136416953	182
0.091556366187629	0.233737681192363	182
0.046539282853577	0.229468599279457	182
0.113350679953806	0.0636432618742225	182
0.021991322359547	0.185366827271281	265
0.08956014139214	0.103660727793189	265
0.021567794826962	0.275287492220118	539
0.051781033818565	0.198840616983977	48
0.09148290220002	0.16197396498378	48
0.036227029717722	0.280815333498657	48
0.061473287198343	0.227301397731472	48
0.032582193815227	0.261231102105722	48
0.00957433010901801	0.304522322905504	48
-0.108355621973803	0.410778263117767	48
0.055556959550517	0.210303697209756	48
-0.052085071352645	0.35462624236807	139
0.014227570999492	0.230739181314546	139
-0.053390780324649	0.256321221831516	139
-0.00442362426666498	0.276796775601937	139
0.001741312039786	0.262243082405146	139
-0.000655898168433977	0.309104957378379	139
0.110248694765117	0.0629999552750238	139
0.117803137272664	0.0600980511744445	139
0.120365437155208	0.08746971349691	139
-0.119945048934097	0.231824247576344	1114
-0.023978749089078	0.093269045574261	365
0.080877810243655	0.0704668001769103	365
0.099978634406094	0.0644831711855893	669
-0.030024385517834	0.218018808441831	68
-0.077081253341567	0.387781181354839	68
-0.049799135915468	0.255030508914004	660
0.096688935428889	0.0991378494193437	24
0.00716185943654299	0.172020029242259	45
0.057329035603752	0.118190551527932	45
0.039701841264393	0.1246451843197	45
0.03545376658208	0.129090315995544	43
0.104357148206169	0.0651142113657829	104
-0.070839833596681	0.170236159956428	105
0.076010020836962	0.0728148649763265	105
0.117895371194807	0.0607623973466385	105
0.037959153636767	0.0809066230202459	105
-0.026384422961132	0.150401575344371	3
-0.035159111169027	0.0968138470287978	3
-0.108688309581644	2.2107993253024	149
0.05421975057728	0.520989656737172	515
-0.07243243982257	1.0828798372292	515
0.099724767256367	0.294514104592522	515
0.051746664765048	0.492370929165879	515
0.081115332731106	0.312907366953327	515
0.088302217996042	0.314738226877968	279
0.010029641201452	0.48642125222406	279
0.118372484995486	0.215200447266611	279
0.04253211269061	0.335693819478807	279
0.019496084973931	0.444818961317182	279
0.047479851894991	0.401732176221912	279
-0.037011314669074	0.519195853080731	279
-0.00742696207322302	0.387331509722488	279
-0.118937455916345	0.55002758891159	279
-0.074761456369793	0.646837495395793	279
-0.041827415530619	0.407661024441295	279
-0.097866528506091	0.431324136356421	111
-0.092596652519033	0.451236855013252	238
0.114608339272308	0.160533077025534	238
-0.020439096403207	0.382755504571313	238
0.123351379036899	0.150511187276632	238
0.11315950140515	0.152744959931089	58
-0.000146328317011002	0.32257024094934	58
0.039103187730367	0.256726226440101	58
-0.026932773378525	0.330882224842735	58
0.071710166413429	0.25531951666165	58
0.082381504232346	0.282204806413575	58
0.090647656407031	0.254803540041816	58
0.069786915374068	0.262961320351071	38
0.077561028532244	0.21255445919748	73
0.021592798220925	0.24107002429455	73
-0.00226359388186598	0.259142752143737	73
0.00934020621342099	0.319286741919822	38
0.117034892272967	0.165518474089867	38
0.033597220401134	0.328857265009499	38
0.030710180569877	0.302548980079043	38
-0.015074420918727	0.34326241137728	38
0.103445099279625	0.186939298452748	38
-0.025811114395799	0.355116210933732	37
0.058524414039446	0.250473412176414	37
0.122678589210742	0.129847907190146	730
-0.093962904296726	0.396284173280957	730
0.107343778178384	0.148279058143152	37
-0.064100166905424	0.442407712178006	730
-0.020719315625951	0.379691839245944	730
0.0303178905565	0.272773111025626	287
-0.072491443945214	0.427956100719866	287
-0.022311059423471	0.413729471150567	287
0.108877072983465	0.137998415059201	287
0.029710750818342	0.264276313212717	287
-0.062965197661255	0.497130291665294	182
0.02829903367004	0.32060046430751	182
0.020512052728497	0.299416129177609	182
0.043266110919708	0.246171524209722	182
-0.020904320543583	0.282660814780708	182
0.036860639150234	0.261379886209877	265
0.070976526542722	0.239194306106212	539
0.00749947674214599	0.281653335211196	265
-0.016231157393687	0.347595788752438	48
0.00308441431605799	0.217449927606987	48
-0.11987806921359	0.351978229406503	249
-0.07454186597682	0.267631599389616	139
0.108745420845559	0.139396435698791	139
0.070524958972668	0.24239152228757	139
-0.075144776078167	0.276850559487241	139
-0.106405433723645	0.382798559899937	139
0.00807772805666601	0.143566391898313	139
-0.101347749264399	0.28958950038674	139
-0.09012133796444	0.310710395233377	139
0.0217407265275	0.185882543068949	139
-0.037761596012175	0.296219927765394	68
0.097935535651867	0.117065559885825	68
-0.069524285065246	0.164372856676677	24
0.048580018791917	0.0732938371066329	43
0.031775134609338	0.0792886301888472	43
0.12254078613774	0.0854191083862091	105
0.083956622137118	0.0689106875240081	105
-0.070473883359433	0.164680339197428	105
0.030057890763664	0.0835825248802854	105
0.113210433986591	0.0633145308035035	105
-0.028687771989227	0.147996738853791	105
0.118974524770779	0.0603644785223837	3
0.090536784424058	1.00141997446545	149
0.11144545365962	0.661885545183001	149
0.050435523590479	0.60361090521326	515
0.013880601248159	0.407084880383256	515
0.021436545918778	0.497891648353318	515
0.037118393834519	0.40728234026689	279
0.017540545222485	0.331743268962029	279
0.090086217531334	0.230006218546297	279
0.044045283099956	0.384705450197224	279
-0.026458387066644	0.465302911699252	279
-0.095985196157991	0.622885260400567	279
-0.038011138349093	0.421778341259173	279
-0.00919213586634499	0.25154265981093	111
-0.064309723265366	0.407533356763256	267
-0.037178412899855	0.422699324582274	267
-0.038013278709403	0.487818840374223	238
-0.122300349884497	0.609648073465996	238
-0.039876286039565	0.376533067358937	238
0.017582521358517	0.340057185348967	58
0.030898281572267	0.316877512133553	58
0.059229762700099	0.250749393886109	58
-0.08872249716365	0.682457902542654	655
0.109158225789413	0.194661794198156	58
0.055087807715863	0.277574521248953	58
0.074027499722258	0.219145586220063	58
0.102281820263636	0.195294432276598	58
0.085114408285019	0.248055773062682	58
0.00703479099103299	0.351881537354221	58
0.109649294264935	0.181304368744937	58
-0.066820327869074	0.587218004884522	58
0.071425867185347	0.256046362524111	58
0.090373296228572	0.235051171164315	38
0.093111188704113	0.236440178792347	38
-0.124534407605632	0.445102974179028	58
0.028011032383078	0.275657331741186	73
0.112817810447292	0.0864713694102562	73
-0.00964308509425699	0.301317477956383	38
-0.093962904296726	0.396284173280957	38
-0.051992464848328	0.389905631843597	38
-0.081874542079994	0.482884750967629	38
-0.071284632328062	0.470414295867462	38
0.032722400322391	0.342334450372403	38
0.022816480047041	0.373847041135857	38
-0.109893768123108	0.620167593076283	38
-0.124670549462503	0.448891496098736	38
0.099388367490137	0.127608440724613	38
-0.108857281336677	0.384335993801255	38
-0.04144148627775	0.364622551399126	38
0.041007901172521	0.28659509117668	38
0.117267954941927	0.167483809240539	38
-0.00812126623508602	0.331361851278737	38
0.107713584715557	0.157780245759202	37
-0.054918847671275	0.366561703385951	37
-0.053386473130289	0.322372818416197	37
0.062824498934558	0.202229873869467	37
-0.00332286784018898	0.293596139333607	730
0.086168019265472	0.17577482765628	730
-0.048215104482039	0.386048508711296	730
-0.099036542011066	0.48706487803072	730
-0.121269760661486	0.463298038035301	730
0.117445273203489	0.181855004526912	730
0.041404650330156	0.330595511988981	287
0.121178458307691	0.152610652181979	287
0.077573291852636	0.198489242093502	287
0.123627763474971	0.1406715076883	287
-0.072466207217163	0.435435599093205	182
-0.03925043128039	0.376746668165722	182
0.032900545699055	0.215738480190382	182
0.074768493629111	0.251594982424512	182
0.066671274576325	0.244690275511236	182
0.103786420762986	0.174833089396918	182
0.068135862196966	0.22494135827691	182
-0.00367824939052402	0.350201925239129	182
-0.013294786113347	0.18171979320207	182
0.024341234505016	0.202169442004613	412
-0.036417442502632	0.245206703655432	265
-0.079858441503716	0.296734171896996	265
-0.048405672429843	0.364416752828833	265
0.075914010048229	0.186974054788334	48
0.117158537477113	0.136053517089792	48
-0.114492965551953	0.428983004244073	48
0.00508317241228201	0.322607562209354	48
-0.072624039390713	0.316295099477318	48
-0.08110440617126	0.353347141534843	48
-0.11405016154523	0.489126414717259	48
0.043343564467883	0.186693923080234	48
0.117439729422749	0.128771804467888	48
-0.081788243737746	0.21288013570962	139
-0.042463081242854	0.201171579381385	139
0.046065746983461	0.123233788941372	365
-0.078611978351459	0.216119454863794	365
-0.025383992213987	0.143691612311273	365
-0.082080177765417	0.225435239366744	669
0.037753566953764	0.176895463814929	68
0.086081259501322	0.139080754185946	68
-0.07397379948195	0.170764241692324	45
0.099799133501888	0.111621972041548	24
-0.00179031454959599	0.145719881910827	24
-0.02304056988243	0.215116438821068	45
0.00768492768397799	0.138212512250391	43
-0.07430695700471	0.214667675987879	224
-0.122105772498637	0.240018630679188	224
-0.031214280909763	0.0938003062513616	224
-0.12117062073475	0.174606336612226	105
0.034149006774983	0.0819887142669697	105
0.083187219022409	0.062929348379914	3
-0.106107242305209	1.65808694340194	149
0.090167818581999	0.27256020699546	515
-0.012034338765028	0.572254777030292	279
-0.09875723213331	0.515986576057118	279
-0.035096450733184	0.357110440809666	279
0.053497851940658	0.146518296181566	111
0.043025162998872	0.207320723052568	267
0.036795120772381	0.242853526828273	267
0.050356958957221	0.288730213746553	238
0.109326793131414	0.18548660090998	238
0.104290100141965	0.185761597470354	58
0.027633403716418	0.344533097251346	58
0.033457915974907	0.338437192373602	58
-0.01887500830831	0.421449063066429	58
0.071553518821442	0.284852419698476	58
0.088579411083515	0.209359263852918	58
0.109201532737931	0.207378421074976	58
-0.045281443143943	0.45950156952006	58
-0.045522835181153	0.4431078894448	58
0.105520863874781	0.196195230667572	58
-0.103073075681164	0.672607788626054	58
0.070351991803879	0.280391655531334	58
-0.041787794702017	0.527895067142977	38
0.018443719423313	0.327835244908944	38
0.028601908416061	0.288435193630541	38
-0.124962151391952	0.400646424942712	38
-0.103137673752093	0.424781626811573	38
0.106225107593414	0.144371266437354	38
0.037298547198468	0.358519129246389	38
-0.023537486304597	0.469613330082986	38
-0.00161420936977402	0.368963551385667	38
0.074302299922349	0.132964530089607	38
0.060459287660255	0.186863490171432	38
-0.106685404814813	0.494209133155014	38
-0.047546814407858	0.478472773547665	38
0.050097475613445	0.186083385849111	38
0.094490789011191	0.122892582027022	37
0.061964560234369	0.215228946048527	37
-0.103918546149379	0.380301535278446	730
0.087663817766801	0.18394863670488	37
-0.058485054170377	0.398203330663136	730
-0.111694051858026	0.5271777215833	730
0.041381051520478	0.259467079219446	287
0.09868839134973	0.230013560348365	287
-0.0000234664998460254	0.284312538937794	182
0.100605770927168	0.115005370517403	182
-0.085436735412368	0.485666661493427	182
-0.057616637312697	0.517557339873438	182
-0.124661753586159	0.64348390748749	182
0.088287841313105	0.193093656398794	182
0.051346901860605	0.119684345097999	265
-0.094006364498978	0.581112549933769	265
0.121159045994138	0.162820234803008	48
-0.081344100843709	0.305091481894409	48
0.035107134777983	0.21156089983345	48
-0.051758682088756	0.383501020256653	48
0.077584602922317	0.185260575037061	48
0.086481178626898	0.161042380197068	48
-0.038784378087738	0.320915802268539	249
0.117005202933749	0.126357024755307	139
0.00538884254095501	0.25702004554358	139
-0.091327061108124	0.336300743123475	1255
-0.010953662450647	0.182852413030271	139
-0.122123151003601	0.179189860218134	365
0.099161965702965	0.114369992123591	68
0.083990173243901	0.14013686227382	45
0.101317417634772	0.0963428580860734	45
0.021140545052131	0.129685941284833	24
0.038328520980245	0.0807209199286037	43
0.112125082227051	0.0631098025108206	224
-0.030997291708343	0.0960078604431597	224
0.00344962975753901	0.13573042155694	224
0.116632424695946	0.0604088843244091	224
-0.024192482547224	0.0920704378683133	105
-0.092158821130448	0.265000393274164	3
-0.071930029315857	0.170549636826887	3
0.015184533691901	1.64094907887862	149
0.041091131466676	0.309579315427739	515
-0.06023251527167	0.765303380562522	279
0.057532144972684	0.41587140836168	279
-0.097442348827063	0.489057291539314	279
0.071247713188872	0.321406282752224	279
0.064487898858362	0.388898542937654	279
0.073941489460002	0.224606563843183	279
0.12363406715873	0.0955174090918948	111
0.096368151143636	0.19056706643013	267
-0.050382983103603	0.342147138418642	267
0.044048668891021	0.307765549920365	267
-0.106979825429026	0.597995730213543	238
-0.10376084403984	0.61385006919883	531
0.093198976344744	0.211467528409959	531
0.000152732669979005	0.404492872108537	238
-0.117977234753516	0.649438798492369	238
0.009306406012627	0.381569938631401	58
0.091497431840335	0.236795687103646	58
-0.029649472197947	0.439028292354741	58
0.020713882578288	0.346967123611852	58
0.020546190638109	0.307552172025959	58
-0.05629067453161	0.482738930303291	58
-0.121832420925579	0.460015246794269	58
-0.024901672336592	0.499330125470632	58
0.028787464759268	0.295405718963574	58
0.081381136623349	0.250103428345981	38
0.052816931240638	0.206246167034852	73
-0.038733838411343	0.197792568521531	73
0.043471175022378	0.296885005798798	38
-0.07707319385518	0.306970074564697	38
0.114864742533684	0.103642642946499	38
-0.117605765298286	0.594362968138425	38
0.058278657282075	0.170191382950176	38
0.122402547430571	0.134554816318338	37
-0.030561807147437	0.28882174734117	37
-0.043457364229886	0.325426188196234	37
0.00801236193208299	0.212170418292576	730
0.044661602949929	0.244175875262094	730
0.07507681530811	0.161275688882233	730
0.056367323606163	0.223070099072313	730
-0.08048846217396	0.470119957285319	125
-0.086364147378072	0.419991152336646	730
-0.081607621693487	0.556570596287211	730
-0.023751057136925	0.421612278383182	287
-0.000531336008770977	0.292999158578051	287
-0.081575080300013	0.552609225882092	730
0.097302425800487	0.186022014256337	730
-0.08081279328755	0.447885849647077	730
0.057239695468023	0.200231523962938	182
-0.048971630223922	0.26099669936296	182
0.019349304647626	0.223886872542561	182
0.025891305162697	0.307108498388647	182
0.082356330327069	0.222802924987106	182
-0.00278167312894501	0.198653750358765	412
0.044729234188272	0.256811349750591	246
-0.050077757091776	0.450733347786906	48
0.069642168508402	0.192489647418359	48
0.099879262912646	0.201919959939704	48
0.111119893113116	0.158762919386164	48
0.077932052491604	0.20349059136998	48
0.063964576084096	0.216958602970293	48
-0.101902513406216	0.401212171229714	48
-0.00984676297166798	0.269433755298299	48
-0.059439815471657	0.335905580051749	139
0.090948073891422	0.102833315358487	139
0.048981100956733	0.166933796944879	139
-0.041977881397184	0.32096622312683	139
0.050912259252847	0.185118361697378	139
-0.056208850126631	0.307525716187545	139
0.094722446855378	0.119777227628954	139
0.091870760774806	0.120607713363735	139
0.081830485133163	0.071428809358877	416
0.037218986264292	0.0816149888828389	416
0.11681543092844	0.0608543582232829	669
-0.030055988302856	0.0954808244390514	365
-0.065170361931988	0.163608828453041	68
0.078714753950116	0.135317919975008	45
-0.062690000131516	0.293321451977247	45
0.073572482474243	0.071980634069435	45
0.00762027071923399	0.136660890810328	43
0.03980317674649	0.0792141641503898	224
0.050331083013196	0.121706993105738	105
-0.040052525218877	0.094351975156074	105
-0.072074027079893	0.21336476237423	3
0.019842599822389	0.513097788436882	515
0.104880684555739	0.269614907952475	515
-0.02193697701905	0.596069579725781	279
-0.056962714548498	0.671375507887992	279
0.00924175646750899	0.495612670551437	279
0.00153156180303701	0.424402934453006	279
0.035125648205782	0.325941787387202	279
0.117523495340633	0.184213934339999	279
0.061560832960904	0.215388888559128	279
0.108691280406061	0.156633295753023	279
0.054285579674992	0.228269932312021	267
0.011871793766039	0.270880198885731	267
0.028262350663924	0.238150352491961	267
0.044905156395007	0.263648535528175	267
0.116404882224789	0.159023096871723	267
0.119163308736862	0.159101261533514	267
-0.048956932061657	0.431573214330933	531
0.019078218365049	0.242553510003868	531
-0.00697431644677699	0.379485775837745	531
-0.099410699840435	0.463250137706781	531
-0.034787452201041	0.370316557081356	58
0.08860905997381	0.199853398444133	238
-0.074954632920942	0.517989373572277	58
-0.00340764365545398	0.354049972474571	58
-0.060176632793304	0.674608826824639	58
-0.019911917125315	0.346161154318835	58
-0.065038878388884	0.45759244451563	58
0.034050551034678	0.215650284938955	58
-0.076438615045158	0.464704249076378	58
0.077677332431931	0.260964819080343	58
-0.068601771238517	0.516077071683692	58
-0.00720832720876102	0.37215173399001	58
0.029480805193315	0.364669751632166	38
-0.046099811181559	0.422589957052708	38
-0.121284319620964	0.635712128791337	38
0.013970365736589	0.339845878410481	38
0.091517662352847	0.244945300422364	38
0.054303603060643	0.258103424220486	73
0.002900002940737	0.392229778459752	38
-0.072599889648807	0.569183557425788	38
-0.11704712549497	0.454490701028055	38
0.00680796502164599	0.235559343390366	38
0.036184092159213	0.258226848749708	38
0.118540496894435	0.147625979148556	38
-0.084938714438231	0.553364348106852	38
-0.087286423710356	0.480977515748658	38
-0.078289798983424	0.440367903653403	38
0.014519969149339	0.263855549433277	1121
-0.063163162103523	0.323422598871965	37
-0.026433852243703	0.262954306226338	37
0.017959633373565	0.266579134920569	37
-0.076197025757363	0.352015083999055	1443
0.049643964633289	0.190284983441655	730
0.086016884225726	0.154534646365555	730
0.117130310332527	0.138822807790445	730
-0.085903038798934	0.43846139161722	730
-0.070518654362834	0.411337002180797	125
-0.00146869707306802	0.351989168166028	730
-0.068679456839366	0.356189506166289	730
0.034144656541529	0.232191681414686	730
-0.055466071198883	0.453130578364093	730
0.097005155062345	0.19008453955252	287
0.059559604522014	0.228356786707049	730
0.070493301423847	0.176823298787637	730
0.043219934212068	0.237043071047617	730
-0.019051350709751	0.295192459016373	287
-0.066352460680069	0.400449430636485	182
-0.091129938661723	0.49836901608062	182
-0.06379912157459	0.355995273156837	182
0.038707899782813	0.149877026597296	265
-0.089804891115831	0.335244653917592	265
-0.026319207507347	0.241613504066457	265
-0.091442257569581	0.409508830092194	48
-0.071511780098384	0.399470282966897	48
0.035033938621771	0.23278886519138	48
-0.087863649102389	0.332852929106449	48
-0.069845538571528	0.304981705889799	48
-0.122598114206717	0.372627679970773	48
0.063146704656068	0.156070705811212	139
-0.090671644771233	0.344572373323453	139
-0.041377091611772	0.199525097404013	139
0.034981817260525	0.156318606491483	139
0.066513436589973	0.170493037434343	139
0.028509016581361	0.172170959472683	139
0.105868133212378	0.107563244130824	139
-0.121671345949114	0.341743239332227	825
-0.047996686284314	0.260346057077019	139
0.109468777543901	0.0893649485137301	68
-0.051936372977204	0.264916244413178	68
0.114684379628612	0.11793902426283	45
-0.095515689463879	0.261971617358884	986
0.00405140655817399	0.171920657167859	45
0.089976146434112	0.0656218623145057	43
-0.067475104113501	0.164927449597465	43
-0.022418721155581	0.148243224751548	224
0.00658429283430101	0.13755023658868	224
0.122075951875139	0.057007714493476	105
0.035569880942222	0.0784248699581353	105
-0.025134427344203	0.0939362147439577	105
0.04054504703007	0.0794852877825877	105
0.00863239327649001	0.166996970722581	3
0.12104118637513	0.202107967894603	515
0.062578769004395	0.395078855202768	515
-0.04333734068749	0.597099181817863	279
0.022942999839817	0.3734016332885	279
-0.087552290107541	0.701073500929183	279
-0.046538556200314	0.679408363823995	279
0.122218109854274	0.177905835097976	279
0.104420110204193	0.272326345352038	279
-0.04569851899202	0.546623852252638	279
-0.039149720871143	0.374903730786395	279
-0.068461281909538	0.395017809525779	279
0.097601538201173	0.175554933899054	279
0.021485418629782	0.256377998196331	279
-0.10629359483449	0.303026623226192	267
-0.00882240242605698	0.241095160101001	267
0.035337883571539	0.19714509335966	267
0.058257242060739	0.191470153874769	267
0.020803825225675	0.271854570879095	267
-0.065448498328322	0.384092480271017	267
0.013528461492406	0.259882956263506	267
0.040939729387249	0.219346886182374	267
-0.076473809596867	0.440023694354267	267
0.013338817849196	0.249691460373104	267
0.052829622774991	0.190421391171855	267
-0.067993942917901	0.429549378037111	267
-0.064279972587828	0.404564406187144	267
-0.000806004652457004	0.31654555184461	267
0.109974125378849	0.165449624709899	238
-0.00731881934677497	0.285379216014603	531
0.011965443877573	0.225057083569199	531
0.116077392486937	0.126162014104759	238
0.075901134215412	0.246072470321893	58
-0.112418636859931	0.480739172108329	58
-0.120247043525255	0.43769419379758	58
-0.096378371263411	0.377341285515067	58
-0.071443371993277	0.435239031896602	58
0.066821011262069	0.212863481201027	58
0.052794646454962	0.1822275420116	58
-0.092817413233818	0.431748065905907	58
-0.067278137320987	0.36684082402081	58
-0.069853222118365	0.482479854581003	58
0.051740193789226	0.261023278553456	58
0.053863458217387	0.198766265303956	38
-0.049440618204385	0.439697600725446	38
-0.106678832123211	0.455362476575311	38
0.081669755563908	0.240917246235671	38
0.061759269360465	0.300917901666157	38
0.106645914605367	0.174492424747784	38
0.066266073978442	0.187972563888278	73
0.042958730878737	0.144544546413898	38
0.072111599937122	0.203500255050798	38
0.068621246119462	0.262900208921307	38
-0.043016610034579	0.405257430064521	38
-0.052362289650129	0.339928119087224	38
-0.098747701763721	0.501660516942758	38
0.104486666903107	0.167630868558973	38
0.033720763776931	0.180035167231097	38
-0.091429866053601	0.429777888267907	38
0.116519867100299	0.177590213313186	38
-0.00422003889183697	0.287891566165377	38
-0.042130918558296	0.251738862678271	37
-0.049689961857418	0.229148728681665	1443
-0.037410314170374	0.249723552373469	730
-0.012041196380634	0.251610470061541	730
-0.06123490536243	0.34095385071834	730
0.050772072848615	0.234525472478206	730
0.034273546312913	0.188813481870553	730
0.020951566551682	0.223082659061534	730
-0.113960753604751	0.416860233774838	730
-0.001383267474386	0.311526992986171	730
-0.017616965342631	0.387486738405031	182
0.116185009199751	0.150534522357841	182
-0.090692122709079	0.32774095843511	265
-0.09850134485751	0.343080644105306	265
0.028547552797592	0.24321084041325	246
0.0706865586119	0.145455968071946	48
0.00449518374049501	0.174415279103196	48
0.059700055328347	0.1392819742037	48
0.066890011143302	0.149555704839633	48
0.098315265777187	0.114038471329844	48
-0.101626199689005	0.265151093951668	48
0.000144301940514013	0.20282820062545	48
-0.064148863361305	0.243330211329253	249
0.054953293395503	0.144343951348602	249
-0.058515426598546	0.308030738191645	249
0.089716559057743	0.118840802932853	249
-0.104427180816138	0.267200548508266	139
-0.073160412635219	0.215168076557888	139
0.050305946082088	0.120554583682055	139
-0.000884530734038991	0.172401618165734	139
-0.085073365539657	0.31565822146488	68
0.045006165458082	0.124251099788699	68
-0.096928443550587	0.261974675573648	68
0.11882696488758	0.0865499816289332	45
0.109167584851697	0.0639854994643591	986
-0.028517776377457	0.187643037059544	45
0.044458396114333	0.0751585466484045	43
-0.029839569510005	0.0962689794942149	43
-0.031400422060193	0.0950372445396653	105
-0.066389120583191	0.16499451290068	105
-0.070599082754347	0.163011808137311	105
0.079655175470797	0.0702688608050762	105
0.081683542486705	0.070597647901176	105
-0.100414497424107	0.269097560370426	150
0.078526901109894	0.107013618700866	3
0.067726426674293	0.116560478329366	3
-0.021164223923684	1.99842713502399	515
0.007992673472343	1.64392048076009	515
0.06274216816038	0.696915027822471	515
0.114239238933286	0.264060604189932	515
-0.012097498314613	0.611993678672292	515
-0.015658609659719	0.330926565359203	279
0.018612866481681	0.402120356521443	279
-0.071189438838751	0.350956272328986	279
0.109945234983667	0.31055710640187	279
0.051452868087927	0.494820019992356	279
0.081192852550647	0.127006166158354	279
0.061690464713331	0.292104239811092	279
-0.089466058733996	0.316048015369214	267
0.112719603262095	0.142613492463002	267
-0.079175584423975	0.284649949056817	267
-0.034866426624856	0.19027698999665	238
0.071395700117547	0.202606349261773	58
-0.02736482351139	0.155707418555234	58
-0.025389019571682	0.188167689319656	58
0.024878781846136	0.329518413884492	58
-0.080092706093169	0.222413578322855	58
-0.032801301177352	0.190558609085433	58
0.024718653376834	0.29158534346008	38
-0.024519089248905	0.217064929213122	38
-0.045398415699117	0.259342386175596	38
0.122076216194404	0.173136364357536	38
0.043752817103079	0.31283867809514	38
0.011369717325074	0.36507071743088	38
0.066946012253339	0.229758358503768	38
-0.051731297898057	0.564294429843916	38
-0.103846847489295	0.566212133612297	38
0.045421234934165	0.168048136765989	38
0.081171168997293	0.249050182178083	1100
-0.10981439006832	0.630138057144572	38
-0.041588255741135	0.294649182832119	38
0.005351863848819	0.170865288071722	37
0.035063858098629	0.212507160960939	37
0.04367467329542	0.245702949698688	37
-0.101255689744765	0.298764280601269	37
-0.057777883461671	0.308470381417897	1443
0.00933270574498701	0.207024000573874	1443
0.10082345619485	0.138622673490676	1443
-0.000910774444868978	0.3019998555809	1443
0.094583264550788	0.160064881186186	37
-0.06007608327549	0.241564492318798	730
-0.024794333139714	0.342180250676617	730
0.098787622381198	0.270890989003162	730
0.107365817279705	0.177964961701489	730
0.068063253739017	0.315321734896848	730
0.107769223022748	0.108418933015893	730
0.009198147561474	0.170292050116459	730
-0.059970158580318	0.289223258232551	265
0.118894694605399	0.138176030297354	412
0.026035905507536	0.199578744942063	265
0.079672415456895	0.1280688751714	246
0.115633094576256	0.0608954825416231	48
0.067245551147992	0.114261394352696	48
-0.025728044253718	0.277398309769498	48
0.031523227787727	0.299867694765474	48
0.122072665424416	0.0580891844062323	48
0.083860810628909	0.0703842019950997	48
-0.1035289433149	0.69437517048308	139
-0.047302144477947	0.494901048079186	139
-0.101264962424642	0.315270121379872	139
-0.03876491104555	0.342168363276293	139
0.118272306199157	0.148579122430532	139
-0.050479363102207	0.305663263407455	139
-0.068813413048232	0.406541973404226	669
-0.059247693512146	0.408869038667052	68
-0.030848523941577	0.195118096824346	68
-0.035354722770475	0.334401602144212	68
-0.037259341355412	0.0959321473315522	68
-0.034719428723463	0.0936014010517518	68
0.039993703717587	0.0784735417668255	889
-0.095530988251254	0.26420754918971	224
0.036848791226316	0.0806039476515737	105
0.06991285901742	0.109737916314689	105
0.042745374424742	0.144680143094666	105
0.034442059459386	0.130896930086644	105
-0.024950844740315	2.43888785552077	515
0.094788396689707	0.18718618772235	279
-0.020221164146181	0.212500357608881	279
0.010418152009935	0.282188328424822	267
-0.074709510414272	0.301671734161725	267
0.036550651043229	0.154214142817313	267
-0.052330853933191	0.26259289234433	267
0.047760085027417	0.146781866026172	238
-0.097957200426118	0.293034115100603	531
-0.066306047106346	0.199202895035177	531
0.028652847841884	0.160885857670429	531
-0.083397483893525	0.251151854031313	531
0.11747490712819	0.0879120748133412	238
-0.023794419599984	0.216860734572313	58
-0.07560765871195	0.221042382816145	58
-0.021741773981601	0.39129419627949	58
0.115363577610575	0.128675639550441	38
-0.01501481102515	0.232793800764383	38
0.114242705858606	0.146008981509677	38
0.11823622707972	0.146697058247046	38
0.015575323869699	0.190037872878	38
0.032630985747782	0.260886355786526	38
-0.062291892980733	0.202431158430513	38
-0.104292527559731	0.263606463585201	38
0.02442393370379	0.258338440906824	38
0.057708467606425	0.155666230283524	38
-0.10620270117131	0.334944680479545	1121
-0.042966516848049	0.255289047107068	1443
-0.083991520547725	0.223668161274869	730
-0.049017139097752	0.41724464268976	730
0.075352179615424	0.105069169457768	730
-0.026740487114607	0.152408008640329	730
-0.071836200145639	0.21400144464455	730
0.00179412397547599	0.214330948129654	287
0.058194030454851	0.232968216967566	265
-0.00264166480615102	0.200613633442075	265
0.032393170860754	0.232084725601813	412
-0.123946145559201	0.39172262821933	265
0.11694967813174	0.0608286296190946	48
0.050739504692399	0.163873277148589	48
0.083589007309119	0.0690425296887503	48
-0.027560562502744	0.221102146293973	139
0.078400479903552	0.152818391817502	139
-0.101802444891591	0.319204494678537	139
0.123159130397646	0.0853542633098558	139
0.116373901068364	0.116034684830798	139
0.024247308112209	0.183094196585021	139
0.119168840576775	0.083593958426939	139
0.057776791930843	0.162345006166655	139
-0.075271187437355	0.214204183043532	139
0.080691396998076	0.170329188594387	68
0.00172744986499199	0.242126049273084	68
0.077209947104314	0.146165878290061	68
-0.042882253036576	0.199631137843797	68
-0.067753885822307	0.156593305525237	45
-0.035878505903546	0.0954773301426179	43
0.040472561457786	0.0759956072694958	105
-0.075280226602222	0.16897065101279	105
0.116920210454734	0.898568278618029	515
-0.023556948031114	2.11866534258403	515
0.093629803779901	0.340393004970764	515
0.091983705015146	0.12963689968176	279
0.018579343087654	0.288821940025227	279
-0.040029932621637	0.450652265838639	279
0.047351169510757	0.371473413998906	279
-0.049034926581138	0.232731560540853	267
-0.106054062323483	0.52111991638849	267
0.026557386181569	0.25633471013002	267
0.123772469042391	0.0822525358508007	655
0.079135463157459	0.0698313907126353	58
0.109567665069646	0.170549970394479	58
-0.072031887944356	0.278693768974426	66
0.089277446380377	0.164756984471615	38
0.075413314718103	0.242129913870469	38
0.01280091721895	0.309557443944953	38
0.117256871863442	0.103900450500343	556
-0.078158791075769	0.408526684558486	38
-0.094914894848582	0.35758779797133	38
-0.099445815409878	0.470738248567085	38
0.097218851052015	0.117200481757453	38
-0.110207133239153	0.386237112455481	1121
0.083968805461895	0.124749438132421	37
-0.099024554420846	0.294930030697392	1443
0.071798543766502	0.157226514394335	37
-0.027240959911459	0.242558284997572	37
0.119500780967632	0.0879133155235295	37
0.058956301542838	0.156546815392848	37
0.027690690719659	0.215057947232415	730
0.072364292463821	0.0721711701892452	730
0.082953922160622	0.155872818685356	125
0.049473262031953	0.21347293221106	125
-0.066231224111443	0.550673967854546	125
-0.088892053957925	0.393406967836949	125
-0.101769947711506	0.29857945383383	125
-0.035400080956401	0.199818701919997	931
0.03399474328144	0.0804596868651018	431
0.033928945937452	0.244623747834062	265
0.096855113685362	0.131390909045888	48
-0.035159111169027	0.0968138470287978	48
0.080197412191077	0.0712559906361963	48
0.040728687338269	0.080252287349635	249
-0.027233026577963	0.0926507295629117	249
0.069677994835032	0.195030457420868	139
-0.102613380689895	0.340705398621266	139
0.106850642478688	0.145691708614926	139
0.070625876111388	0.11301512245278	139
-0.117866084552505	0.238946190128043	139
-0.021717175873035	0.233537650183334	139
-0.103272485784735	0.29641809511108	139
-0.073882136413119	0.217218983593481	68
-0.070896015598123	0.326880833665196	68
0.07549467954313	0.108964506601802	45
-0.123212538758896	0.233755570798826	45
-0.035159111169027	0.0968138470287978	43
0.038895068913925	0.0789526063118625	138
-0.059873021148065	0.23442061677101	105
-0.096999773546059	0.347404466891742	3
-0.010236608648584	0.447648760683543	515
0.1156258533476	0.127128946688751	279
0.013991983941959	0.414914789970345	279
0.067405414314934	0.304450960095344	279
-0.081238640534078	0.33671812455498	316
0.005414944973853	0.194828905248845	267
0.058918899997532	0.243174258994963	316
-0.104202041672733	0.403093695341318	267
0.118743688518695	0.147473068436664	267
-0.035985298035945	0.22412143929455	25
-0.108280759840907	0.269156393097251	238
0.032871541427561	0.21069365110947	38
0.00340577933676201	0.313160334518244	38
0.024666786602779	0.277006174173547	38
0.080337189985996	0.179389122473087	38
0.081315981014794	0.154668398898176	38
0.067922553592301	0.180740924462667	1100
0.072777938489718	0.163962106248253	1100
0.120202983721085	0.0856552192266525	37
0.006128927891737	0.210055761748156	1443
0.055399697184568	0.170358360765183	37
0.07428826421147	0.109314271919263	37
0.09926058395592	0.178716447240486	730
-0.055018719567448	0.2318659248081	730
0.006941255924096	0.320521577345493	730
0.073877820734049	0.111952629206287	730
-0.00323578124579899	0.181728586672656	125
0.045597830534295	0.168982160560473	125
0.100682577493044	0.0960203935449615	431
0.006067804528396	0.141882407763689	931
0.063631721671421	0.1950574545574	265
-0.073428451419645	0.396796553609775	265
0.056452950107471	0.187950590316229	265
0.081534831252708	0.212002068743217	265
0.08325946943979	0.143194155618197	48
-0.046779053925723	0.318706876456074	48
-0.022898854669805	0.249750344653529	48
0.00869453229596301	0.137020097678135	48
0.055520867695233	0.144811126402841	249
-0.0307804449139	0.0946312597121439	249
-0.018176264533508	0.14629309717567	334
0.051825524394448	0.161754038878113	139
-0.042034042252229	0.157088793561743	139
0.046002418152491	0.124093128462081	139
0.105420611871259	0.0902513023268319	139
-0.116788214060981	0.235009897163406	139
-0.088123917611831	0.330656816129775	139
0.037218986264292	0.0816149888828389	45
-0.071248175164896	0.213722095801723	45
-0.066254532725606	0.165129404287557	45
0.116186768831461	0.0602264854874756	45
-0.033060146687669	0.0940918737632352	889
0.117407596340512	0.0605145923380867	592
0.12099482918057	0.0591367961110901	138
0.016130522862036	0.132526494587216	138
-0.064894580427143	0.20579758571118	138
-0.118911720530354	0.236094978833167	550
0.110328132678569	0.241197438663971	515
-0.052217033224568	0.600343805506098	279
0.034117427536818	0.362555829019018	279
0.087692898754138	0.185305183189047	316
-0.091149488724502	0.315841752663566	267
0.109061678763293	0.10589934386461	267
-0.022793576249847	0.183651657897889	267
0.113309577148526	0.0903556787138948	25
0.124602274413682	0.0969592683640607	267
0.092155777974016	0.0991469812078284	654
0.000406778284697013	0.178542408762581	233
0.00375868127086099	0.172777930957345	58
-0.059024074723496	0.31720464602613	38
-0.084893797015889	0.46012910152152	38
0.077462550202667	0.201566482089424	38
-0.036463738828774	0.404899962170978	38
0.07432981560958	0.205232741520395	38
0.011560574109057	0.275716140885855	38
0.00982923867621299	0.23184117302691	38
-0.019027990636245	0.319839576634983	38
0.024138932051824	0.239819822913833	38
0.103073076003199	0.111612682986711	38
0.046041138174469	0.148511040505558	38
0.029817135476476	0.248555174801232	1100
-0.083698489905321	0.284987854336419	38
0.017865588584624	0.204986503272162	38
-0.057261305682342	0.405457658024307	38
0.094189148563797	0.13502146550882	38
0.007489140277886	0.217314799060963	38
-0.028427671486327	0.221199600716788	37
-0.086507608400526	0.314744523382722	37
-0.021358777764258	0.237185158075549	37
0.008052258487728	0.215769968643594	37
-0.036433180451405	0.278642516533565	37
0.043267773016955	0.202662580572123	730
0.01344362590592	0.314045860945553	730
0.065068395324302	0.207365319916829	730
-0.111912745843595	0.396855328372318	730
0.119255783371397	0.145204790318472	125
0.049608705795783	0.117462278926179	125
0.019944874491612	0.128977668041013	124
0.036832419636315	0.081506877118157	287
0.109986416852627	0.152895262651069	125
-0.00861870237248602	0.303909324296034	125
-0.079055768342657	0.279880598740427	931
0.062925667155402	0.169358044585942	265
-0.020665080125013	0.28002239096933	265
-0.044771651810382	0.267331997745664	265
0.036328662590773	0.258424736640414	265
0.00438112803016899	0.172834877698573	265
0.088319857378821	0.139040632042376	48
0.052087486111688	0.138871129818736	48
0.053394495277133	0.111980708834351	48
0.03703389995237	0.0818186107263153	48
-0.031774501703171	0.154508158064444	48
-0.021509572809537	0.14601459506336	67
0.048609538038134	0.182557538735321	139
-0.00152381740941898	0.178792379041822	139
-0.022158112053325	0.212193930204865	139
0.00104884428757501	0.173598034781045	139
-0.054449747273496	0.28658919893477	139
0.03128402343342	0.217044709782869	139
0.078880933024308	0.129465468996773	68
-0.054852369485133	0.233693219792662	68
-0.045048463204872	0.153977416886336	45
-0.064352285048766	0.162117471514043	45
-0.038762520967283	0.285754588906047	45
0.036108690390334	0.0819004651389537	43
-0.027526663011356	0.0933538709746233	43
0.036985873646432	0.0813234218572748	229
-0.074098337680349	0.168749335754736	602
0.116632424695946	0.0604088843244091	602
-0.037885715807909	0.158085782282637	602
-0.054442938209267	0.237756845414623	3
-0.030055988302856	0.0954808244390514	3
0.113398904901396	0.0615853312824888	3
-0.023572266429532	0.148334452824629	3
0.118028054410363	0.0604327829438798	3
0.096178318154845	0.0994915842095499	3
0.104768567342282	0.812989653584961	515
0.054492688089805	0.267754607540481	279
0.078949173822655	0.246293555833114	279
0.016562920173009	0.293405236605819	279
-0.030086370922078	0.457311599531671	279
0.054587342270791	0.307008003409874	279
0.113022760400288	0.141518026222461	279
-0.027299800602438	0.25935346243475	267
0.064661540385957	0.13595725722001	267
-0.046176675579726	0.245632584218897	267
0.049783981422387	0.146506679364671	267
-0.118911720530354	0.236094978833167	233
0.070897222032108	0.113885655698071	233
-0.057819851828356	0.2332274161324	233
0.023756160863222	0.184187752427342	233
0.082008525858209	0.25972970312204	233
-0.024253096871522	0.218454749993559	233
0.03745927728679	0.174198953475036	233
-0.021840434465444	0.25259734325105	38
-0.079973225569371	0.552107509024396	38
0.038934365351809	0.244788001533327	38
0.072122093493608	0.188346903022294	38
-0.071060066769446	0.415182256540517	38
-0.039021359698521	0.331103441385847	38
-0.092037939108195	0.412977703491018	38
-0.121451377562457	0.39158359541446	38
0.05563674806429	0.224021938063975	38
-0.058858937554807	0.24215488861522	38
0.008781183658192	0.273687619605082	38
-0.107660055022214	0.358081311352982	38
0.099002336662862	0.144826316773764	38
-0.00260709232524098	0.267266362770985	38
0.091633878242125	0.121534270326917	603
0.088688643044899	0.159678506034129	37
-0.087326028261092	0.379124414255946	730
-0.105529868547426	0.297212695836371	125
0.028465409186552	0.157734311450345	124
0.100822076601974	0.0984579032557156	124
0.076277047115855	0.144938970908299	125
-0.047514978951574	0.260559138958069	534
-0.099051441252559	0.390150454433519	125
-0.031810516561387	0.263248080566491	125
0.028345539664336	0.154291968638634	431
-0.045565920907134	0.255851220222239	931
0.028704377449845	0.226828329867638	265
-0.07776236949752	0.379473151876035	265
-0.00718714290301598	0.266850067580492	265
0.110197254620665	0.115206848455179	265
-0.071551283303482	0.303669670601362	265
-0.022294791815226	0.148105894093184	265
0.090323728345507	0.118769015719507	280
-0.00152381740941898	0.178792379041822	48
0.051231799929765	0.171626021317945	48
0.074654011549727	0.160120479394919	48
0.082882374551172	0.0698911605614527	67
0.046028551633737	0.122494719945568	249
0.00787802831890899	0.231582786497277	428
0.099084979212857	0.113641404624029	139
0.016403001766483	0.188574349040797	139
-0.063216672878225	0.29141261369265	139
-0.026290949755779	0.0936966760821788	229
0.03703389995237	0.0818186107263153	592
-0.064485290864589	0.158279428157554	138
0.025079001083313	0.0816795968303928	3
-0.078392587381101	0.166907275361893	3
0.072364292463821	0.0721711701892452	3
0.082759178390551	0.0704576379852405	3
-0.031410475141449	0.154877924278663	3
-0.028390672555911	0.0910974119725254	3
0.06240072931088	0.941008358379088	515
0.119099873667927	0.506585594620025	515
-0.043381376367315	1.22956715925153	279
0.117291144504141	0.252014136788347	279
-0.071346830789651	0.936226413439436	279
0.04999188455864	0.414546867905545	279
0.066598498395527	0.333894500931647	279
-0.032963791742223	0.607384298942972	279
0.095810363622412	0.244670238979198	279
-0.075446040718579	0.613245527200128	279
0.065673971747818	0.349805625000105	279
-0.074233517447943	0.675903641137556	279
-0.0735405722719	0.36523062258393	267
-0.023412097162922	0.284340857269968	267
0.103107663406798	0.167273162656923	267
-0.013900925476653	0.250182235988342	267
-0.048142689051541	0.285921713525753	267
0.075308930532929	0.176338460695447	267
-0.031444549155859	0.310144010365032	267
0.016805864817234	0.210320955672513	331
-0.029267339068049	0.269008671250199	331
0.010039104095877	0.225261653137965	331
0.085811658371062	0.139991827671093	331
-0.092501064942715	0.314970973048125	331
-0.042977807310908	0.336758342955731	233
0.054858069867029	0.160479444207408	233
-0.049958368386895	0.284148105132451	233
-0.016625401942415	0.254803357879652	233
-0.065530635881755	0.37425228670594	233
-0.000815796902429	0.258055449872359	233
0.052302365291217	0.183735398098731	233
-0.025139967145349	0.238290454761498	233
-0.038309687197353	0.276463593623204	233
0.084602382962208	0.124835131652309	233
-0.053809671214581	0.440662776009191	38
-0.116587889769039	0.566981765810059	38
0.044715112887009	0.24413237283025	38
-0.039190991535533	0.38374058479016	38
0.073818691049052	0.189406703220566	38
0.110412653522304	0.197167552472518	38
0.009859272679651	0.311279543653072	38
-0.085828094475609	0.473286126015625	38
0.00348497850705301	0.307415907060804	38
-0.083267804288389	0.334919196804538	38
0.058461108414977	0.235649929253027	38
-0.092473762964041	0.519768072883264	38
0.059454271887178	0.25682710267932	38
0.042261360449514	0.23670550093687	38
0.078249954032126	0.206869176386659	38
0.078830280438915	0.172478833088776	38
-0.051284612152774	0.391115081041402	38
-0.082476115916859	0.403543587624327	38
-0.121488871575397	0.587804395041356	38
-0.020607694956223	0.298313227566136	1100
0.002096561797261	0.255475471860581	38
0.046162829211299	0.224563980406749	38
0.00981407080410701	0.255392251377728	38
-0.124920307319761	0.470265513066092	38
0.073545548003941	0.162699464059667	38
-0.00639133049097801	0.273440646957286	38
0.005396136290096	0.215951198388636	38
0.101224942050188	0.128366258623524	38
-0.10434545037078	0.353041986505121	38
-0.015545090557981	0.250921475115281	38
-0.00319118261229001	0.210126723188019	603
0.088339764486689	0.164479160374813	37
0.041647453433229	0.219330023597085	730
0.122464594757145	0.125421868120784	730
-0.00696138667835899	0.304972976172554	125
0.028342998691261	0.295880928829791	125
0.101092370788199	0.161817904896481	125
-0.067509654607886	0.385125626739359	125
-0.0928472165866	0.257112372165525	534
-0.058353453994651	0.453024225115121	125
0.00975178733478799	0.255385357598549	125
0.000354666112232005	0.297374244698009	125
-0.024256968337401	0.353963902010504	125
0.11731028671278	0.147427194727556	125
-0.100097990969727	0.492990147770091	931
0.122751739478828	0.119831403720038	431
0.022657121868958	0.218443551362903	431
0.00218706364523	0.241555871428517	431
-0.015317956327135	0.355548547080912	265
0.029578796514207	0.184234550516093	48
-0.051611375732385	0.349773160732651	48
0.058817308058647	0.140905522938034	48
-0.049182275285393	0.258440891861894	48
-0.026754172728846	0.184080785815117	249
0.0471023713454	0.122588040078747	428
-0.07397379948195	0.170764241692324	428
0.111630461866015	0.0884606368713213	334
0.033115202547013	0.192831392454789	139
-0.117876941778523	0.240298113687516	139
-0.067601293543055	0.367631678517185	139
-0.107166916222744	0.293429513946247	139
-0.105317971361607	0.33883081373636	139
-0.088975485552257	0.219557116641359	139
-0.118974048136298	0.22988910953095	139
0.065686650571726	0.130198248161578	139
-0.00128513895695298	0.225848399456399	139
0.058589021302087	0.140187218971601	68
0.082898685728179	0.140996387226208	68
-0.039563435564206	0.20014223329708	45
-0.041377091611772	0.199525097404013	45
0.066498299606792	0.115018745699591	45
-0.078941742482913	0.224076568905588	45
0.000217288117314002	0.145490968887457	45
0.013362027057154	0.138310405231397	45
0.110776572220685	0.0626539766415723	45
0.029704454056076	0.151400337943929	45
0.033151082710107	0.0787874276498096	43
0.03476858574809	0.0819205245845912	592
-0.069391018170943	0.163198837229739	602
0.034149006774983	0.0819887142669697	845
0.036985873646432	0.0813234218572748	845
0.042579821326961	0.0779100854452091	3
0.120777814430068	0.0581362111613382	3
0.112578657456554	0.0617869657328042	3
-0.013706428466692	0.178935487321547	3
0.082882374551172	0.0698911605614527	3
0.035723708052211	0.0814397987182995	3
-0.028898542777048	0.0957366172670429	3
-0.093666819919779	2.44601302274583	515
0.056222638612537	0.600916764535007	515
-0.028756927374618	0.984419327019393	279
0.00661015042697999	0.724252396823754	279
0.036794661153385	0.245239989307691	279
-0.016583202191616	0.313249543413244	279
0.031035304576946	0.210419488493291	279
0.078804145783507	0.264568566996884	279
-0.014224400689337	0.514948883266406	279
-0.00208519752797998	0.590725220257777	279
-0.084098165778042	0.277703714888011	267
-0.070659410978211	0.471543799479264	267
-0.070583787763232	0.572259022422536	267
0.025189949684757	0.285224801722793	267
-0.00832830258170397	0.368256354612264	267
0.107718276438641	0.148350984436375	267
0.086720833538838	0.150907020784653	25
0.094082831141652	0.100840959898074	267
-0.118941061271352	0.240721741389332	25
0.078994455510766	0.10855284733872	267
0.06556781550884	0.11686015385118	331
-0.068930208605032	0.163145173261763	233
-0.120734136665618	0.388078021473968	233
-0.071355037544755	0.201419077555652	233
-0.027486299153789	0.156915201483981	233
0.094311328916473	0.102241871777975	233
0.040149948746393	0.415693219630181	233
0.100443799473188	0.0966556794467169	233
0.011985265909581	0.207965972706628	38
0.027566522972736	0.455244729212953	38
0.033242534718774	0.191792708754637	38
-0.029555936388329	0.344070998644806	38
-0.072223485299149	0.553349604476925	38
0.091606178018004	0.170476157704921	284
0.040443615568394	0.325056083765618	38
-0.120613505666921	0.493613176193898	38
-0.087759299627683	0.732706308821712	38
0.00887239877884799	0.253277314820723	38
0.025621974722945	0.388791852909792	38
-0.044170072220007	0.442033921749457	38
-0.00157270431266499	0.179385119084429	38
0.001498796140911	0.323836171574108	38
-0.043082085426792	0.522805158470029	38
-0.065924316223682	0.355960143850986	38
0.079754881329338	0.128242070312518	38
0.00924235972693499	0.185475129422457	38
-0.032383282472992	0.274192680988827	38
-0.029414451122651	0.299411604836932	38
0.048787824351139	0.185408698025811	603
0.021363438335996	0.209549906292409	603
-0.093413457460778	0.261957069826666	603
-0.080543491236113	0.239661166902021	603
-0.116959147357715	0.454928632653055	603
-0.00640185113990499	0.217507955862402	730
-0.121130808373854	0.755968939682272	730
0.064450809126117	0.154006741453049	125
0.00934212136493501	0.284514341370026	125
-0.013937670098448	0.370173037484556	125
0.091518460695616	0.160944830009765	125
0.047616290370486	0.258133868906147	125
0.006235334236391	0.35893583546707	125
0.00761190360768199	0.425972284147585	125
-0.023866720643351	0.351381825674302	125
0.08651821186469	0.185464725498543	431
0.087779884060008	0.201339971757882	431
-0.00713823143740699	0.231189627269667	265
0.114813707105549	0.104688268148563	265
0.043918222322532	0.127113191868775	265
0.067641827789836	0.24358498933832	280
-0.084384353788422	0.223539933227813	48
0.044471874701694	0.213782624276864	48
-0.033478357071269	0.353554955184977	428
0.040324177007494	0.188153387106771	139
0.084767536667499	0.225096106405503	139
0.078108214160354	0.254647837307798	139
0.036600539173514	0.29271719818436	139
0.065375199585447	0.198016494029757	139
-0.078638640815205	0.333104589876408	835
0.042945486163823	0.0790811539791804	45
0.115775163575666	0.0599955194387461	45
0.075195980681548	0.14433746334451	45
-0.00420089086843101	0.1818160580117	845
-0.063107626524739	0.200341921642555	3
-0.110387354977755	0.350127774216051	3
0.011822045485939	0.209396505750615	3
0.109438806766522	0.863681892858983	515
0.075548848228441	0.769871739949527	279
-0.021251506118576	0.854068029868384	279
-0.031701169638475	0.727931398930602	279
0.048625110782287	0.602821402367956	279
0.001246795593775	0.320508708741893	279
0.033760691153924	0.301146998899432	279
0.11667163520933	0.300831894405552	279
0.060183986101577	0.444671855513058	279
-0.00752680795235	0.175073120404937	267
0.105539116780711	0.20060342808518	267
0.122761375121459	0.157782911290311	267
0.109317061469423	0.198316797974497	267
0.0458489232283	0.255546796481741	267
0.122812521054075	0.0856986777711285	25
-0.09981517021627	0.26566056059391	267
0.119699594730194	0.0849215963568189	267
0.03923776619916	0.150854208833289	25
0.048980123095801	0.145092625303433	331
-0.0293475164233	0.152386108761144	233
0.074668048236476	0.14999319597707	233
-0.096876489312335	0.445903098234194	233
0.090988263776982	0.102916969923886	233
-0.037590320790684	0.242894062241625	233
0.101700031579972	0.0968571905066626	233
-0.092430422234873	0.288754041035264	233
-0.067500822391601	0.750266544542401	38
0.104969155332488	0.122797371398891	38
0.103641531230608	0.157085195736803	38
0.093307246018631	0.134399682896489	38
-0.054166956433926	0.415065496262927	38
0.078500294513377	0.305449075671374	38
-0.051415265111016	0.540482359945639	38
0.051327251065583	0.240836920557635	38
-0.090267632679437	0.623324285739182	38
0.103814704496859	0.224294348319533	38
0.104690662289941	0.265800540955125	38
0.042130630446797	0.381182134803432	38
-0.069891363784409	0.671241739564691	38
0.121670270403795	0.16095933714216	38
-0.044217004549156	0.272271729070566	38
0.04821774157377	0.187128823625611	38
-0.052060810539929	0.420037653470517	38
0.0408414733169	0.321035924542105	38
-0.000266101238502015	0.325182718746634	38
-0.100555206372749	0.657420998973079	38
-0.123738307890343	0.575304433045395	38
-0.00600010413754298	0.264062238397789	38
0.045848675019977	0.32099651351285	38
-0.000570031295901996	0.312452850825842	38
0.110702617962709	0.142031465296979	603
0.072357158184214	0.166075152021946	603
-0.03829782563775	0.312014030429052	603
-0.052692928072142	0.317043060891265	730
-0.119819227995962	0.781743802235181	730
0.111500325529414	0.0618788568675614	125
0.036483778249529	0.294522936008461	125
0.088385718690359	0.158559094279949	125
-0.06664463124831	0.729881058407872	125
-0.100711784464281	0.491366814596872	125
-0.033743204331056	0.434337622117573	125
0.092542399383897	0.12930191758484	931
0.119647344655787	0.125798989559018	931
-0.070026943069569	0.417599923292443	431
-0.028957902041539	0.49388043448102	265
0.02161093028924	0.187058482704594	265
-0.092581778541937	0.263190057201431	265
-0.032748586619408	0.158256615847599	265
0.064792656015309	0.20769631637717	280
-0.110119206345897	0.560014106544282	48
0.07301506527502	0.196515456265624	48
-0.064219513576163	0.162782633649235	48
0.111053274095433	0.0637241887650326	428
0.10888767525666	0.0645189031542337	428
-0.040654263516822	0.420829369105724	139
0.091483259915556	0.194563480178385	139
-0.03748042625373	0.40154584218299	139
0.055152431851353	0.232982698521788	139
0.007883645890995	0.284022251710546	139
0.079857121835424	0.144396414124435	139
0.00213688474513199	0.25154070937497	139
-0.122063813866194	0.339192905306505	139
-0.076372254452954	0.357324878946193	139
0.039140685560445	0.218051562400889	68
-0.040864236448106	0.369092161014746	68
-0.070155313206567	0.389848968177894	835
0.089532322639731	0.0675055661228565	45
0.060892145827249	0.136505943405315	45
-0.101610383292168	0.292083756409185	45
-0.029839569510005	0.0962689794942149	45
0.068195856826671	0.114452257297101	45
-0.084384353788422	0.223539933227813	602
0.023861664651637	0.197867443783024	845
-0.084612440133718	0.250266793379451	81
-0.046209699778399	0.259397540991517	3
0.069493390441222	0.153775926013781	3
0.000384130359019991	0.900982506359544	279
-0.026425705084717	0.826674385558661	279
0.036245220623925	0.462103225679853	279
-0.118536206832744	0.742737838985684	279
-0.004480192988987	0.519024201595986	279
0.10872888786719	0.287682500975951	279
0.055472292340688	0.159169665483097	267
-0.036172741383458	0.350487685043086	25
-0.07300158577654	0.35130698256321	267
-0.018227967718353	0.227855232279641	267
-0.0416789637618	0.246611959088088	267
-0.076187273568751	0.329021339428678	267
0.07553707786721	0.160777406035158	25
0.078449636883771	0.156672353110703	331
-0.029953654709381	0.271528561162208	331
-0.053670966470228	0.290168218934116	331
0.097949844228185	0.126996432057761	233
-0.082410689559206	0.707037180796831	233
-0.088123576983831	0.583461276566707	38
0.097055068658688	0.177508930426773	38
0.123467595365662	0.141776261919832	38
0.088334749481109	0.165314571691769	38
0.088625262365343	0.224800111307659	38
0.016892137837315	0.359613281933881	38
0.111731175362932	0.162305770162737	284
-0.084238703613108	0.42112427432612	284
-0.121901113787143	0.480379523200639	38
0.084668521989522	0.267709934141937	38
0.107047252424413	0.212756354301478	38
-0.087556565323699	0.469246698305119	38
0.050524633130761	0.314023467793012	38
-0.01464846271952	0.311518520428616	556
0.028085627570551	0.271131806042829	38
-0.039772333243634	0.322072539322944	38
0.054640919054261	0.235899777299529	38
0.026646255697148	0.308071821537212	38
0.094998964552563	0.124938154669028	38
-0.095543745327544	0.324275663405184	38
-0.095175854676356	0.363123967374859	38
0.091599353290397	0.116166502823664	603
0.089626840871881	0.150457652030614	730
-0.033950703469155	0.350281074778848	730
0.043471902393369	0.263510855146299	125
-0.091049358279757	0.492297508822431	125
0.0626194896463	0.187929447508809	125
-0.00167500621612599	0.256051711128877	125
0.038518026324179	0.178743244111938	125
0.03805772786229	0.315202114491074	125
0.097071966909036	0.220250991969897	125
0.049474480347224	0.28418777897888	125
0.090946866820861	0.203621688499562	931
0.087595449480121	0.17225345808369	931
0.106619752882202	0.1491057598872	931
0.122317414069089	0.118355377112278	431
0.081827542192406	0.209099541412178	265
0.067942944280336	0.208581880745696	280
0.000850220753188996	0.259320542193322	280
-0.021483578014754	0.255820375986699	48
-0.024393784558287	0.151974436861421	48
-0.046245896846346	0.285817891396527	249
0.037611959880796	0.131295793448494	428
0.084103148792489	0.132041279084756	428
-0.035305996942113	0.199281555415735	334
-0.078570912426672	0.36795078876959	139
0.04201980889928	0.241679620053499	139
0.032613861978715	0.170217401021566	139
0.072509584889226	0.130761902938666	139
0.097422044264089	0.140457983059881	139
0.054637659294633	0.204624470016112	139
-0.045288988725669	0.398653257530865	139
0.114659026599636	0.149486961619382	139
0.066397724003899	0.134663389239065	139
-0.064348763143663	0.324812721410874	68
0.116451271869972	0.115896491850365	68
0.081903051009324	0.180621001273714	68
-0.01533552847673	0.325352298672161	68
0.108456720194113	0.135618835233048	68
-0.08162092838882	0.281223903262458	45
-0.101347749264399	0.28958950038674	45
-0.029534731549784	0.151371102575197	45
-0.028443770041629	0.151624756650179	45
-0.027418232753248	0.220225560666265	45
0.11965242258509	0.0542785029599336	43
0.083956622137118	0.0689106875240081	97
0.03703389995237	0.0818186107263153	97
-0.034939197761421	0.0971038970881577	602
-0.064083808409878	0.160284455833071	39
-0.122083934652161	0.235668286236627	39
0.092004612151637	0.0649912554060809	3
-0.121798314515175	0.173596990886674	141
-0.103330639780669	0.300281355567269	141
0.116632424695946	0.0604088843244091	3
0.028288616521233	1.13132910289214	279
0.043172659784372	0.925615091080831	279
-0.110784976128707	1.60561984974913	279
0.050587134689328	0.62225951159386	279
0.123773452323106	0.313373624859556	279
0.01989424411254	0.40245659046724	279
-0.079258946451574	0.716642234702825	279
0.106481659678989	0.294079357422239	279
0.080162616627625	0.189136620117671	267
-0.120408006632102	0.391336927673033	267
0.023996093394546	0.296253974904774	267
-0.064189343751248	0.400335913225522	267
0.012088621893147	0.295315509009653	267
0.00704984520347299	0.213610463270429	267
-0.02288787157349	0.263080926109653	25
0.013112641798272	0.20339217362957	331
-0.02300115748992	0.264757456874327	331
-0.021943070233233	0.264343208662527	331
0.024970431965577	0.167321494955835	331
0.06422261137618	0.169108121206506	331
0.054446773281538	0.180923179474366	371
0.020434137020197	0.208332883250769	371
0.112365844652162	0.132413046130258	331
-0.110427055735539	0.692619488685152	38
-0.024192857858749	0.361844591525614	38
-0.123458199777113	0.682567776640525	38
0.01337483077079	0.454264444141304	38
-0.079249638986957	0.675503195633185	38
0.012502901481764	0.388596687335919	284
0.030798248713328	0.314799762940755	284
0.073493219911086	0.256625407357509	284
-0.030587692603991	0.518868109368436	38
-0.034642448745303	0.511000574508935	38
-0.097915445724016	0.616881508454664	38
-0.00912782182160399	0.462019154387551	38
-0.035459482057027	0.438026290635345	38
-0.10685908172503	0.552652742157911	38
-0.121761120809814	0.645843571749578	38
0.016649300262393	0.341449031214987	38
0.018929257482325	0.259789534594764	38
0.059619351656863	0.249657599417673	38
0.057098172365931	0.255054537004598	38
0.061061550790456	0.217323508579513	38
-0.05542242372887	0.372238508509675	38
0.016187008985928	0.24004841558546	38
0.060622162142312	0.192946835650372	38
0.033551171001657	0.197086393011676	38
-0.124644956458376	0.426549612144561	38
0.043017660481354	0.189494331186967	37
0.081708243211932	0.182866338050939	730
0.121338786708213	0.165811478963923	730
-0.109192456857916	0.380581676533563	125
0.116641221724894	0.118393176962987	125
-0.00927206858503998	0.321563215357315	125
0.00812195086300699	0.187687798143929	125
0.082833867159276	0.126226837057932	125
0.065150086925748	0.212208374934389	125
0.052410656855309	0.338086078000318	125
-0.00812393077136803	0.461899896811885	125
-0.00891905830876699	0.425203806333862	125
0.000209880242763999	0.37143147645109	125
0.082107184000554	0.233478731180427	125
-0.065841765275488	0.410667579521184	931
-0.041275515366622	0.33387044298768	931
0.036893785021334	0.296695117243955	431
0.06765575110349	0.239461206475251	265
-0.082276363120877	0.497350512213445	48
0.000996641863173997	0.24873663545124	48
0.059130530586183	0.176221149640936	48
-0.021863325509681	0.21668665812582	48
-0.069257751482791	0.210985681499162	1095
-0.037339008131781	0.199794040595528	1095
-0.041884684759433	0.199592711886603	1095
-0.003060625867359	0.177379556498765	1095
0.10076072792346	0.179294824881464	249
0.097232704449902	0.115820939588147	428
0.06234701795729	0.228838298334642	139
-0.045541509472632	0.355438919384069	139
0.080122240739269	0.157311836482451	139
0.013734670320883	0.231406572865603	139
0.033942199316144	0.326974972501508	139
0.040752442503981	0.284574398949555	139
-0.042052492476412	0.367893880163808	139
0.016486635953513	0.227253166674757	139
-0.03650133218323	0.335446911648799	139
0.115035772829534	0.118201927293047	368
0.064697182429491	0.213204771631267	68
0.074278171980903	0.14537991725843	68
0.101240292334776	0.173068978965332	68
-0.065582472793478	0.447004589177377	68
0.076101555048234	0.156495334010584	68
0.114522005031474	0.102835926703921	45
0.111053274095433	0.0637241887650326	45
-0.07142244869809	0.163781642670663	45
0.121130476068219	0.0586075910831794	45
0.058024994666177	0.139634065393807	45
0.051368318659511	0.145374415578829	45
0.054619147006342	0.159922599777317	45
-0.020211806173649	0.0878137245369291	43
0.088337041248149	0.0682039113870745	43
0.029132658297229	0.130737590022578	205
-0.02838835894446	0.148378457936067	97
-0.082626677861543	0.169843426997397	602
-0.026453771791998	0.152068439141623	602
0.011909133118621	0.138276118586414	39
0.003981224699425	0.143545898954653	39
-0.00961234465195498	0.181053184638752	81
-0.041088906160179	0.202909575538643	81
-0.104670362914399	0.265547051404003	81
0.113077499332938	0.0897892949350232	141
0.070898592118008	0.146327252606923	141
0.048438334789499	0.208740612377307	3
0.033804738807732	1.37791240767386	515
-0.071867750599614	1.22063343686328	279
0.048987123393743	0.555706934910005	279
-0.036305224561492	0.868481198784935	279
-0.024990399552783	0.642269069380425	279
-0.053576354887781	0.876480554313045	279
0.094234545778839	0.356598210744439	279
-0.028411745130181	0.696543207926814	279
-0.00694938996590999	0.687750151878175	279
0.046401585646984	0.55583395572631	279
0.110179349975594	0.284465101113131	316
0.112998733810959	0.152986251138466	267
0.095238254641673	0.178147395256789	267
0.030140382532125	0.207081774567018	267
0.040528000862149	0.205564556734069	267
-0.096475824601272	0.446829178145033	267
0.046803171934546	0.243138106356728	331
-0.057975588978963	0.387137225100122	331
0.082587885187954	0.172391009827173	331
-0.078870290971981	0.4408673746733	331
0.103358627475591	0.179802545332962	331
0.00634912288796899	0.30159835731904	331
0.098906168946381	0.187520434703253	331
0.062071595037922	0.198085945963544	233
0.110774502115544	0.178537396337897	331
0.091278419665075	0.17912655129038	38
0.035317179304876	0.272652060954527	38
0.070788681678371	0.277966257051214	38
-0.108003237819178	0.696627062791558	38
-0.1052446278598	0.652829101345369	38
-0.023940249557093	0.351708447371071	284
0.029628216495806	0.241786521067027	284
0.011588489537415	0.324599207844587	38
-0.099130938517337	0.676629039655868	38
-0.081391905683374	0.741895173425986	38
-0.00506130905997698	0.287807963558618	38
0.086047020663319	0.179254154055131	38
0.010753003766396	0.318659349630329	38
-0.122401315770867	0.753633731039314	38
0.106289412418175	0.212323461800821	38
-0.00798727938353799	0.337016953890152	38
0.051645735617246	0.294877639553807	38
0.092085489592902	0.203398896469182	38
0.012207242273813	0.227164515094174	38
-0.05631416867648	0.37019047966695	38
0.006323284667518	0.215837605543776	38
0.043171363539005	0.170398141560953	38
-0.101557936573205	0.399868193957587	37
0.062966894037294	0.13715512130759	37
-0.124242878364538	0.490316619629942	730
0.095560560703875	0.1879983444803	730
-0.061214384042268	0.242587470355112	730
0.123803704605633	0.137477306061164	730
0.014006224974104	0.289876148335866	125
-0.071773281810218	0.43341879568798	125
0.108445560935716	0.148754155549706	125
0.023920608367682	0.219666096135043	125
0.09318205405286	0.233600138133185	125
0.034860106751065	0.186967950094338	125
-0.065143203467859	0.648681109913358	125
-0.018308404584311	0.427792245476449	931
-0.076533191467227	0.552227697999177	931
0.045722040130508	0.295494300253065	931
-0.063488265739874	0.313269829812932	931
0.033404276477728	0.273478724203257	265
0.018282805346346	0.330707732968274	265
-0.034656442729447	0.384149189702554	265
-0.041522801788265	0.398040190338947	48
0.122552591878356	0.152704247509833	48
0.062190748750664	0.269953539326086	48
-0.052424647345264	0.335175983350437	48
0.000638747992165012	0.340612467561078	48
0.009613670648318	0.340901607105246	48
-0.044204471315645	0.280967754919866	48
0.011745698761174	0.269549773365923	48
0.090206044808519	0.121922490678514	48
0.059856896789975	0.160755459556699	1095
0.063038821455115	0.171850758976181	428
0.010244794441385	0.227425295720242	428
-0.054186610055759	0.393548444010301	139
0.108085685364966	0.0645636828321468	368
0.111677301952529	0.103318092847271	368
0.031170246879013	0.0836606677931207	68
0.037959153636767	0.0809066230202459	68
-0.064532218647296	0.474327614009805	68
0.103229674992604	0.126276475912902	68
-0.028793321846284	0.216022337210733	45
-0.029412038601077	0.151643026790016	45
0.00916588832033799	0.136163829730352	45
-0.022092721717999	0.14923964967068	45
0.087383889485021	0.0690350501449139	794
0.043870338122909	0.0786153019477796	602
0.037218986264292	0.0816149888828389	602
0.118974524770779	0.0603644785223837	39
0.089532322639731	0.0675055661228565	39
-0.030769927352072	0.156802639147502	81
0.037940365292958	0.0808424877325028	3
0.013057780230185	0.161607844394115	930
-0.0628180995637	0.262059162902758	141
0.081511117947856	1.14824455906432	515
0.014120695803457	0.714671513042916	279
-0.025650463424941	1.20968920315588	279
0.122613040871041	0.338387408149075	515
0.00817849652651101	0.69487286624782	279
-0.030946120512496	0.810010867986366	279
0.050820067209427	0.537005812486248	279
-0.103886708301402	1.19057268381795	279
-0.10924990141741	1.02647016543222	279
-0.111286132980495	0.554108238027918	267
-0.036626737014201	0.427975813252909	267
0.122404044320591	0.1414382293119	267
0.00526568364223101	0.322024216821939	267
0.081786760894076	0.195202000455128	331
0.069414935639749	0.218863345739173	331
0.041908925610011	0.217506279392575	331
0.02849824840546	0.265660642747919	331
0.075953058888768	0.176700975902746	331
-0.092703369009714	0.474617809909833	331
0.08068704267964	0.219624422413537	331
0.079520458413	0.185903247808089	371
-0.00442078903603499	0.482430950688494	331
0.00413969836067801	0.455610622924658	38
0.079020770913035	0.298904774946353	38
-0.09928229254606	0.564275227074254	284
0.12240355295794	0.213783233893514	284
0.012786857590915	0.291846261443281	38
0.012704348110952	0.441999973326975	38
0.096550062533637	0.283156580033012	38
0.116639752958414	0.140394303741696	38
0.014257718375788	0.324587152209461	38
-0.056965433878986	0.468010292935259	38
-0.073984018625182	0.542702071780025	38
0.050365156191294	0.260773418418769	38
0.046295978206593	0.368734840142243	38
-0.084094758393655	0.386615242477888	38
-0.068199053751758	0.327239305018681	435
0.060692526936483	0.311108936735889	38
0.062925279030505	0.167412731153919	37
0.10039000775342	0.141407328724032	37
-0.033155267729672	0.349220168101613	37
-0.086432306358517	0.407510177375992	730
-0.081359071930575	0.546732226699332	730
0.00664190284531299	0.43183611979307	125
-0.10991370659114	0.642080249784088	125
0.078101697364757	0.221026797749967	125
0.104434909550792	0.166145402589835	125
-0.1106707175045	0.445359396105953	125
0.00821676436218399	0.31454347763165	125
0.123675016892341	0.146375685092103	125
0.062221169703087	0.322440965807275	125
-0.09179962677301	0.414288319656314	125
0.076010772805553	0.28876945781435	125
-0.087844207254851	0.537650347245623	125
-0.00277620375343401	0.4547302121824	931
0.076606460394907	0.270636674965147	931
-0.02795162173532	0.244465138047046	931
-0.058750385132915	0.291219099167994	265
0.019800601232395	0.188599490032737	265
-0.012748663220598	0.2715572604325	265
0.065854526572527	0.277696693862006	265
0.07386838989169	0.209905015505209	265
-0.048436813647625	0.476446170782001	48
0.019109951909516	0.268710195364305	48
-0.058440835105039	0.40453204643434	48
0.095140821493367	0.19735196459656	48
0.074644547556957	0.221261032097464	48
0.00905568677622201	0.349126379082972	48
0.048600856018927	0.251358740680064	48
0.099679745461359	0.143358194942592	48
-0.122046465669269	0.330618056111104	48
0.086828372324804	0.168054448492108	249
-0.097838960237774	0.338584144831462	139
0.022275713828168	0.296529156933829	139
-0.017490513202151	0.32052562724442	139
0.116663010638718	0.150843149742067	139
-0.098222343056382	0.264847665889061	139
0.033811630272025	0.19266694264178	139
0.026286118257957	0.180348676121717	368
-0.004508493503946	0.196131412930625	368
-0.07362869863603	0.379630405953324	68
0.122056172521904	0.120697277103558	68
0.038363967915086	0.239447103999877	68
0.09211746816555	0.101459422808272	45
-0.037885715807909	0.158085782282637	45
0.00490921744169201	0.169841721477571	1599
-0.066523945532285	0.162755642943138	1599
0.03814384877731	0.0815327017257594	43
0.122214935070724	0.0576414198101138	43
-0.019145213806691	0.147119760845948	205
-0.080466616331983	0.220930233587234	205
0.045901793374261	0.0749206886244423	602
0.118028054410363	0.0604327829438798	602
0.117895371194807	0.0607623973466385	602
-0.029114534377451	0.0930108090578141	602
0.035877612928461	0.0819910238069567	602
-0.066389120583191	0.16499451290068	39
-0.121798314515175	0.173596990886674	39
0.082759178390551	0.0704576379852405	39
0.095225234436532	0.0618940446828091	81
-0.00817329589586702	0.178746569549503	3
0.037940365292958	0.0808424877325028	141
-0.041027498917067	0.24624643526248	7
-0.02736482351139	0.155707418555234	7
0.062601733264813	0.736190792757473	279
0.031625566377915	0.722262492326184	279
-0.068704137743155	0.940096936921853	279
0.012038273371859	0.709758024390437	279
0.095969845849686	0.390015421413997	279
0.021178838265628	0.686246522985321	279
0.089076477808254	0.360027484738886	279
0.098363456448555	0.225328533512959	267
0.031340704135431	0.284637937999432	267
-0.00869554665706401	0.340918154717113	267
0.00163112569576701	0.198484009366631	267
0.065828316441877	0.232850863224502	25
-0.030849571866218	0.401304237894124	331
0.103900477703094	0.159415838864735	331
0.077907657307939	0.200091956094992	331
0.051876612339457	0.242486943824304	331
-0.038817618323959	0.521396746946841	331
-0.00646350853682398	0.358012092408176	233
0.10093991197829	0.190501301741327	233
0.089520606415038	0.20675998543619	371
0.089570843546854	0.173439787574925	331
0.11421451296992	0.209502526651488	331
0.071721328911607	0.288404820736392	331
0.113277432708706	0.16452911920177	38
-0.072491185921739	0.685048928799067	38
0.055688463081226	0.378563356003148	38
0.033472236034517	0.331441968413756	38
-0.007206163304117	0.18080659364257	38
-0.103036402047728	0.616813150145668	38
0.022861742252018	0.41293935073906	38
-0.035612666196716	0.543749743241736	38
-0.044611289565718	0.530715079321894	38
-0.084182811303503	0.310449940240487	38
0.021976621233412	0.312065422346633	38
0.034797805364893	0.236504058398299	38
0.06535559173453	0.220393258623925	38
-0.108319571837888	0.498598729551159	38
0.094952185848417	0.156312402229722	38
-0.097044860521183	0.351358116301617	37
0.118054596596418	0.134708532036783	730
0.057138790407997	0.26649775678036	37
0.102296492773247	0.171889101044587	730
0.00217619324072599	0.298544050706267	730
-0.116894819733435	0.690390379045639	125
0.057305038467977	0.257968721274114	125
0.09406338816518	0.172802659414281	125
-0.057663886235242	0.401772359895362	125
-0.075610414667085	0.437759231959273	125
0.108242262507806	0.147448411034135	125
0.117577463660548	0.162832978291654	125
-0.041488184460414	0.562193338033952	125
-0.027046725253228	0.300387388921351	125
-0.091626881706301	0.477967227252695	125
-0.099222725156338	0.622042832855614	125
-0.042610249306001	0.532903428105657	931
-0.000871528220001028	0.170111607523202	931
0.00642103462035101	0.228752511964016	931
-0.086734710322075	0.374259063744299	931
0.051147783222617	0.225584817308143	265
-0.00112626201746602	0.396485419727945	280
-0.010861898285945	0.319550297755244	280
-0.015178888668531	0.35116644501852	48
0.092832758343249	0.226864279105532	48
-0.080701418100598	0.491954672186202	48
-0.057404846712123	0.280084777955136	48
0.09267837127074	0.131779799106413	48
0.019656803139797	0.227135835315923	48
0.084842602866613	0.137765186040109	48
-0.094055329973425	0.317029756767395	249
0.06101552614336	0.204079378890083	249
0.10581688755709	0.1200930343697	249
0.00177022103182201	0.27947148365781	249
0.079285672590771	0.135532501919074	139
-0.084005161216414	0.297622668843682	139
0.071296528487514	0.11156258086873	249
0.064692591466198	0.182934984935045	139
0.115252723721759	0.10365489707971	68
0.058916015295369	0.156660319333511	68
-0.025608284415996	0.149410188340071	68
0.040747178753566	0.124627736580429	68
0.00203650728729099	0.209884798550676	807
-0.063092497279552	0.317684146787143	45
-0.095785996810664	0.363242118065267	45
0.113656218927096	0.0613968210940073	45
0.038575072714507	0.12515157048016	43
0.015931079610054	0.135474908437251	43
-0.028682693682132	0.0955856767997894	794
-0.032624987579288	0.157149897947148	602
0.037787438658105	0.0795938535811116	39
0.041337433739045	0.170273384107866	81
0.085355867224651	0.069356775870922	3
-0.081475326115677	0.21839524369036	3
-0.055747834274751	0.237129781379806	3
-0.111388863437682	0.300179571755143	141
0.023994968703706	0.203265799674334	7
-0.011245344428715	1.31072345700558	279
0.110912233451924	0.420748628189958	279
0.101853224064567	0.283317438304317	279
0.116809608816895	0.179313224220581	279
-0.00485070450638803	0.625204438681712	515
-0.105869403109594	0.475768345159127	267
0.032962557331067	0.192865483992892	267
-0.015649286613482	0.400816419271646	267
0.106611308793888	0.174729099541029	267
0.033030334162518	0.285798670447924	267
0.055237316871927	0.23487930660369	267
-0.12342505840298	0.415663557451017	267
-0.071192335904395	0.2776065298946	267
0.116447616274684	0.114796025991169	741
-0.023259728797553	0.240572081492901	331
0.022656784315563	0.21740097091626	25
-0.026415067258918	0.219049564847045	331
-0.122944735473278	0.332309454433607	331
0.04954370474761	0.39448172519351	331
-0.028084916456831	0.190092361237075	233
-0.00370988415279799	0.176192673357981	233
0.041882911138402	0.127951328301986	331
-0.00877544351241699	0.49929904580401	38
0.040967262817358	0.191608053513213	38
0.124849783442778	0.120331747017888	284
-0.018830090416061	0.515595813865784	284
0.096825382281663	0.245492311995287	284
0.062081811943591	0.259492729055428	284
0.067470721835225	0.301822673684715	38
0.047988979359918	0.266085273541196	284
0.122833462438148	0.194683924404917	38
-0.080498812698247	0.549901715604637	38
-0.08597531746166	0.559697971242153	38
0.120396829807822	0.195854243984572	38
0.041362685400922	0.224875323714685	38
0.115318130562118	0.168105662856926	38
-0.057134172053928	0.447931430507285	38
0.068526358016936	0.236142665565995	38
0.066194984627855	0.206980358359574	38
-0.071890110136095	0.511905070186168	38
0.103856347948807	0.187505630474237	38
0.080335706911286	0.252674672429397	38
0.076414322141759	0.185830276762431	38
0.056703712982933	0.189044768715773	38
0.044462994214433	0.212379215175007	38
-0.099824580179918	0.448064645704018	730
-0.074910586458566	0.568260149964805	730
-0.000605874003198004	0.198496852228217	125
-0.038560813598321	0.33808057338441	125
0.048844159916909	0.344035261167436	125
0.050476767230919	0.243731755809428	280
0.121609778533494	0.137907944423707	265
0.084369650179375	0.178747729960641	265
-0.086541234253059	0.464518190794289	48
0.043692619229507	0.247513317897803	48
0.113462394051157	0.102328444136412	48
-0.031530154547188	0.155031841359095	48
0.086308560167236	0.0691793758203773	249
-0.019003516711665	0.391276333934044	249
0.063063108361565	0.20798134695824	249
0.104887529347155	0.17482089933052	249
0.079169964398921	0.151404157327044	249
0.058106047599297	0.175552323843001	249
-0.035262687692932	0.268468793644217	68
-0.041063358672612	0.303059987631824	139
0.121653687840886	0.110063736808289	139
-0.100437997460673	0.376527132644938	139
0.050930072007916	0.183548967966932	139
0.031756455675405	0.233083924963744	68
0.081669501527025	0.152658857972042	68
0.095745504324812	0.156214353158985	68
0.048073700248137	0.254778780507761	68
-0.022582850303164	0.334958297382636	68
0.03980317674649	0.0792141641503898	807
0.067486159786359	0.198586878604049	45
0.095393504783849	0.14689719889117	45
-0.041507380051636	0.265175982880679	45
-0.124145781506767	0.182159529691145	1599
0.062853367091081	0.135794749630846	45
-0.069267033935856	0.274935575656428	45
0.029869122685118	0.0822491846311844	43
-0.122145883677786	0.234872115577186	196
-0.034737553393718	0.198878477105523	81
0.102677878593732	0.0951993262352354	81
-0.071295047355258	0.203521497826628	3
0.00352708817165001	0.140492331914554	3
-0.093004810897915	0.265030606293959	141
0.028806689969528	0.198905722725901	7
-0.091806933245916	0.353212649463046	7
-0.043446847356453	0.74735326154385	279
-0.00244181956058298	0.259999156458306	279
0.096187998125697	0.299626849891325	279
-0.083948593539767	0.623220531408198	279
0.097355611653906	0.404546242102415	515
-0.072290492994569	0.32056149984472	515
-0.000319046666410028	0.202057249939247	267
0.075291824573091	0.218342991487502	267
0.081015142479376	0.215259540684286	267
-0.038864072037268	0.402391568742574	267
-0.071631966367512	0.498502307755715	267
-0.086186227427961	0.449991172110184	267
-0.088139738195462	0.351035045651822	267
0.1221668872347	0.0967093762237226	267
0.035570942280113	0.129104813547722	267
-0.06109593443356	0.240137531849866	267
-0.099218581604029	0.269957498378791	267
0.108681062219842	0.0912177843112237	331
0.00410912289438201	0.142507483462325	331
-0.11566455470519	0.233378918415005	331
0.081697500102901	0.10260267517227	875
0.040754828501332	0.128960672030704	331
0.05336928945032	0.162068454312375	38
0.109401047264785	0.0898717599078074	38
-0.042792338170495	0.249283981606311	38
0.122540869967599	0.214538626378181	284
0.039278071174924	0.286094840030699	284
0.095794496804144	0.242728369556582	284
-0.02304267320926	0.504987873282908	284
-0.034277461592478	0.596107461367793	38
0.117388158723857	0.179632950560272	38
0.109119064989564	0.131686656128146	38
0.051916141642738	0.500711097773226	38
0.098428121763937	0.250640432615787	38
0.000113218151296002	0.40022759935135	38
0.044448148504944	0.326057137120499	38
-0.033109949217776	0.499643098239686	38
-0.068488895539264	0.58046107645955	38
-0.088393595925187	0.311694101313806	38
-0.093004810897915	0.265030606293959	38
-0.017491130222607	0.225761433884142	38
0.071549188038979	0.166675674914638	38
-0.00583209991314998	0.24963988923382	38
-0.046366074641447	0.283697205556576	389
0.116610780702792	0.139707513761534	37
0.09373202953855	0.190678754736601	730
-0.02530106909774	0.15277000345474	125
0.106067085112686	0.106670128238737	125
0.054507658704566	0.194579930682586	125
-0.075386427699926	0.157266042550383	125
-0.053458502800108	0.347356359274545	125
0.048207643216919	0.244468708051914	125
0.0852577557239	0.140786936167181	280
-0.043697406467481	0.410427670585442	280
-0.073461836007751	0.275433318864546	280
0.108593491587517	0.0898761466349551	280
0.037947022131845	0.276944392273813	48
-0.050570977134292	0.51486900919201	48
0.105091260362968	0.0906386244904321	48
0.00865532294360799	0.168137450266183	48
0.061155254798965	0.140115299223683	48
0.109970870364195	0.0643078313199316	48
0.086431293739847	0.0692125895636345	48
-0.026076226474001	0.0928720497576233	249
0.086442133056268	0.0676115731820262	249
-0.072294330946492	0.412560800592506	249
-0.048053021010597	0.371063770108556	249
0.039993703717587	0.0784735417668255	249
0.048243092066263	0.330578203835297	249
-0.013158922260294	0.391603353783189	249
0.025520939337297	0.331924495887178	249
-0.116317512279256	0.419367347436861	1101
-0.08941202646863	0.363738467737458	139
0.076650221236603	0.209207705104626	139
-0.023489744815476	0.297201215837463	139
0.04426584605534	0.216989974034966	68
0.123009547067123	0.162954353506083	68
0.00592751419079701	0.295026386358614	68
-0.00853753456742101	0.217792300576473	68
-0.109832643308759	0.561415154830974	68
-0.092449964561684	0.485269000686396	68
0.057901124680438	0.287096123734486	68
0.096315950117399	0.133153045916302	45
0.027850463755778	0.280115407352081	45
-0.019930212845906	0.233083674284124	45
-0.091435815553527	0.337530884520968	45
0.079799770466572	0.0708112926243085	196
-0.073021018859196	0.169907267655957	39
-0.099793963215035	0.266974053698458	602
0.101398997246918	0.112922938428916	3
-0.118238686454381	0.335857463636765	141
-0.106826492542394	0.54646019672936	7
-0.09601477982751	0.327519339349958	7
0.119972639049044	0.124914632599589	7
0.078454496164175	0.292461787938248	279
0.017939016789485	0.632846329903228	267
-0.012356853661723	0.228845024524402	267
-0.029239895642493	0.256774275252425	267
0.064573814025598	0.286115418756588	267
0.053842109229992	0.287722673163551	267
0.047773658724492	0.325142143475967	267
-0.095796771010461	0.473094344775085	267
0.001284174857904	0.248187450043065	267
-0.085762980812772	0.221841491430947	267
0.04378745146156	0.219559325017665	267
-0.030848523941577	0.195118096824346	741
-0.058154226264647	0.257159209925728	741
0.046070530920439	0.125982946235986	331
0.011850556805513	0.13435491576988	331
-0.069257979325156	0.159922012349012	331
0.082783715050923	0.0712592142817459	331
-0.039057638068293	0.157440591012838	371
0.081131075420636	0.196089101716105	331
-0.085016569103356	0.225062364145248	233
0.003089001354877	0.133074287686103	371
-0.073835036223361	0.170796164610467	331
-0.104336404288342	0.299383472235447	331
0.076107874793212	0.342188764017554	38
-0.076741711337085	0.300315970771456	38
0.067911270733085	0.169020303036151	38
-0.051969354029894	0.429001895756441	38
-0.063326206985	0.507421031326199	38
-0.00771323402848001	0.250868368443212	38
-0.070442408746046	0.72125972499692	38
0.058413382124654	0.351687409983059	38
0.113964350533587	0.222543080115642	38
-0.105171896033155	0.487957795675867	38
0.092328527969904	0.130543623735931	38
-0.050394482870361	0.22659240207602	38
0.077708007561782	0.141353684273545	38
0.00616450769875301	0.416129610946233	38
0.098837943848742	0.201981827905303	38
0.026791775763053	0.238865960438208	38
-0.00107243835079202	0.259806276783979	38
0.107422566635731	0.0917661248454466	38
-0.062708029903646	0.311488861707024	38
0.101027117432889	0.152329700710558	38
0.094980750660724	0.175985682746662	38
0.102641028025512	0.171153348128604	37
0.019147362540144	0.323416953689622	730
-0.00103147006739801	0.326237105685415	730
0.076069285022033	0.142178431931425	37
0.03436555500595	0.128575747510209	125
0.115095107232081	0.102032742687267	125
-0.110349629573067	0.723000518108622	125
0.103775275123305	0.171888008550539	125
-0.094423981335198	0.265461795306491	280
-0.068554355036312	0.206243453184206	280
-0.056938831993119	0.296990593422766	280
0.077431262893	0.142817614100786	280
-0.049198812305802	0.41966565692633	280
0.113631126910556	0.188564159692938	280
0.041882911138402	0.127951328301986	280
0.111928467275034	0.177617804792896	48
0.084908222532212	0.0689274303596419	48
0.09418794703242	0.149127931011003	249
0.073971227888943	0.254958035480323	249
-0.098307452930501	0.415794493774017	1101
0.007394418354845	0.189390749252355	68
0.024843555793704	0.182251593238427	68
-0.107773630935948	0.534862739187614	139
0.073260073094368	0.132587826936609	68
0.063280716667437	0.205438435518795	139
-0.105598328851881	0.380452262602284	139
-0.048014113498308	0.302740290386904	139
0.052415425022264	0.163336397631277	139
0.009740640958915	0.274162771176447	68
0.071847919719977	0.201050534438635	68
0.00672885997488101	0.317531624652379	68
0.114989654214899	0.181248252413887	68
-0.119851012120484	0.34336952366993	68
-0.046164154819989	0.227120492687108	45
-0.00904326547455497	0.200577701234233	45
0.084139744600193	0.204033118563072	45
-0.105681433067385	0.337900448997901	45
-0.025134427344203	0.0939362147439577	39
-0.018522725130755	0.140509323594447	39
-0.095096124786167	0.253329976369622	81
-0.02826331010963	0.244587848439074	81
0.00269071565548101	0.219595077990848	3
0.10004499585098	0.0987441381163786	3
-0.067913059854913	0.31529688782614	141
-0.097863438220132	1.22102516309705	1067
0.095528231069815	0.376165534115047	1067
-0.017065803309577	0.738527732464938	279
-0.00373132234554002	0.595042853583585	267
-0.036827724026064	0.626814870432775	267
0.092964354965925	0.310136126642582	267
-0.00696426383792398	0.622192977483123	267
0.086382145339063	0.207997011510148	267
0.086779555993316	0.150793832459385	25
0.088271959571365	0.135900773426784	25
0.08199781981278	0.181598696623787	25
0.065903530771915	0.194836188237775	25
-0.017916496019903	0.313757185608452	331
0.115889716013642	0.129385891917685	331
0.073748612954597	0.191630873666853	331
0.048611350817396	0.26462826293163	331
0.094232254722326	0.235788641048838	331
0.05427697099398	0.26942512880209	38
-0.055157985812224	0.478260840471573	38
0.118301506913262	0.165412996476212	38
-0.037619417140949	0.317126776227898	284
0.049937944483749	0.26527901766143	284
-0.012763356576995	0.385004608953988	38
0.082317767669343	0.168376012428788	38
-0.033170442579141	0.397057271175615	38
-0.080564074778084	0.500715736105098	38
-0.049664366600255	0.326070597415521	38
-0.01937124041698	0.37601768772907	38
-0.104596887606518	0.538375878692824	38
-0.124784569970992	0.583604461414102	38
0.07755525909798	0.188549600078336	38
-0.12458837050469	0.518665553221666	38
-0.078397082302772	0.520134974755447	38
0.015353137203019	0.307739475904389	38
-0.011596457894382	0.292276263107651	38
-0.052707066615909	0.328897439537261	38
0.050611466225488	0.176697721957398	38
0.015765151983961	0.210721860656935	38
-0.025409422194311	0.262825973426514	38
0.061619263453268	0.185261298359559	37
0.101423144932711	0.135377765060744	389
-0.046258729238361	0.280149049482169	389
0.103165459774889	0.143021138641504	37
-0.078175863916452	0.346452421864772	37
0.033399275573916	0.228020181198554	730
-0.014444478780486	0.308330630261842	730
0.12049017049861	0.102190897960324	125
0.118447996545416	0.157215476242541	125
0.112366584923395	0.143004771128369	125
0.082959573322988	0.133832554367012	29
-0.001828087551136	0.375434320483563	125
-0.058362153009392	0.486290331637295	125
-0.068166428356102	0.393797173519272	125
0.088386027635351	0.197143530254223	125
0.116662514074169	0.170585007209241	125
0.076627824622982	0.220451253198342	125
-0.074109890983996	0.321998618706686	280
0.124142336078242	0.121754658823624	280
0.074063147416819	0.178820320758987	280
0.103355729928021	0.13202673609803	280
0.00462464035236701	0.351652152865346	48
0.043973279146794	0.126880937160645	48
0.105182202196697	0.0945033702422185	48
0.000591453239140005	0.17076253619669	249
0.096674546777065	0.143021083875873	249
0.018169848370558	0.222959055200542	249
-0.046057224607704	0.253296098555612	139
0.051936406896641	0.145859585401233	139
0.051372454212462	0.117090012903452	249
0.028714190812366	0.193125911988875	249
-0.064812794566932	0.386643522751893	1101
0.090952992043974	0.172565069082973	68
0.088330037860729	0.161931340449763	68
0.017080453712544	0.202291167656254	68
0.107286146467938	0.108437365425142	68
-0.03463878889433	0.19367983975658	45
0.076907501750899	0.110533760135038	45
0.114605360159308	0.0614560500150464	145
-0.109585342085707	0.324844567569171	145
-0.00804070012596903	0.204010835617775	45
0.080607162726839	0.070290493607495	43
0.036832419636315	0.081506877118157	43
0.077986174143244	0.109859771188693	43
0.113210433986591	0.0633145308035035	43
-0.029839569510005	0.0962689794942149	232
0.000426359895756012	0.143255006134389	39
0.080752544715428	0.0717766719481345	81
-0.04055911873558	0.199454765034843	81
-0.069837579328406	0.212227718022859	3
0.06867072939795	0.116067749566849	3
0.078014917899888	0.102972086898461	10
0.115113338471443	0.0874695709144917	10
0.081794279134483	0.406810123400271	1067
0.048975033785516	0.520810438575482	1067
-0.112168548660796	1.17207527982683	1067
-0.109928639419092	1.12522626661254	279
0.00573704396965899	0.600785638738029	267
0.122766013049873	0.283789811816287	267
0.00741726483966801	0.578970861425718	267
-0.016963213042731	0.452519841326686	267
0.060338295736276	0.229954519004582	267
-0.093331909252487	0.486772751583192	267
0.103048531996473	0.182850515841555	267
0.094901422886465	0.17167628016292	267
-0.120719050685315	0.563710258135484	267
-0.095733664542025	0.420307827280984	267
-0.078674616065556	0.346214130663442	25
-0.11631833782297	0.371545159111771	741
-0.050045908029254	0.354136779448458	25
-0.107983484762517	0.445640094861618	331
0.006425435095091	0.213189581365258	331
-0.067608855724337	0.390731020692168	331
0.108464206135475	0.123380817312318	331
0.041072460993479	0.22286330305968	331
-0.080621659456388	0.347822015828339	331
0.118654980303879	0.0992916805719333	331
-0.01536289441685	0.491167036942889	331
-0.07288721747562	0.318315227558385	331
-0.027157105241709	0.292082121322331	331
0.072767818401564	0.287022362229181	38
0.026047278133699	0.273337838111023	38
0.091310194802734	0.199164388261383	38
0.069992382027773	0.194689161455297	38
0.121121702980001	0.154527454606001	284
0.111897134801915	0.17023431332648	284
0.061528305071075	0.234756901943888	38
0.039869394972008	0.276434473351518	38
-0.025698638842702	0.466077855602428	38
0.052408404210732	0.234302902989319	38
0.055701430551598	0.220747507205218	38
0.071529752013819	0.230721188129845	38
0.045041626572296	0.230476969743619	38
0.018806427132874	0.263314848646767	38
0.083982008789928	0.18327915955009	38
-0.053279330260489	0.361864158204725	38
0.096006661889879	0.167258609180254	38
0.081855927647734	0.22453304756407	38
-0.039010194461756	0.298106588287747	38
-0.087763549780812	0.42585946386338	37
0.041882338626548	0.28883157491003	730
0.00446036198643501	0.253397533248035	730
-0.114929194007022	0.485327875967408	730
0.030196443582867	0.308986485499655	730
0.11124036800353	0.115715043128945	125
-0.023528117916623	0.29831768124102	125
0.017624966639661	0.278010452162471	125
-0.107958766267384	0.349203627803675	29
-0.033095363662618	0.262411131786479	29
-0.069638168547736	0.571814414119568	125
0.062885248917548	0.255540273166419	125
0.11279362795473	0.206821893316941	125
-0.099310552727381	0.654769220628341	125
0.102267025856149	0.161216091145754	280
0.053082310335216	0.218420825513615	280
0.075273714182173	0.19503664024075	280
0.091411712293436	0.231481533615314	280
0.061731689636312	0.171240506299463	280
-0.124581555678024	0.430623362705646	48
-0.036587623306461	0.298949863944091	48
-0.013615883001916	0.292810238688122	48
0.071851910465724	0.107650045957756	48
0.023765908877237	0.161886940222582	48
0.041813185434637	0.126624222237285	48
-0.06503307088422	0.157695925847519	427
-0.047751212417389	0.30647582647572	249
0.00630276245463501	0.213729205775794	139
-0.00274749254019702	0.199468915471862	249
-0.074488789417529	0.243666733657044	249
0.043576446509384	0.202911143437471	249
-0.102706686695213	0.464793942035041	1101
-0.118697498951344	0.338994507284421	68
0.090804188963974	0.137551483974399	68
-0.03463249126687	0.29282337424064	68
0.094630954045803	0.15693054340293	418
-0.100464121732816	0.46675724473828	68
-0.096520619548979	0.28754449727989	45
0.09224668139584	0.0634471182305944	591
-0.117708907848795	0.264500969940373	81
0.061591240676389	0.133778846835535	81
-0.065407081066483	0.23664236347835	81
-0.05816366211317	0.231572463842124	81
-0.035532821442227	0.197480713619171	3
-0.118918590323677	0.232127322332768	3
0.031568637560557	0.157584992806272	10
-0.080220784955827	0.216931915854665	7
0.000798333374288002	0.169715451796833	7
0.031000812937571	0.174184960602073	7
-0.123649086793088	1.50440219754405	1067
-0.120782024586603	1.12191635479092	279
-0.121309534553337	0.646893496073545	267
-0.049002174727362	0.433140395495873	267
-0.016542705880628	0.256517750939408	267
-0.00383311039364098	0.289312580654412	267
-0.039402561682445	0.424024678007835	267
-0.08918259510316	0.391592770599619	267
0.062427548717795	0.200014009177498	267
0.065715965436954	0.187166648346833	267
0.124155970578418	0.121822185169194	267
0.076466325925732	0.160553855621475	267
-0.050443718330749	0.327607108069089	267
0.074594263593732	0.132215278385038	25
-0.114430883680466	0.357434914802065	741
0.101192926798191	0.127051292180759	331
0.00669571627113699	0.194341295964155	331
-0.024934697007596	0.218171837229183	331
0.030834028561026	0.159441928721319	371
-0.101460346213865	0.292558549557716	331
-0.114635894517386	0.336796812789478	331
0.047604830332608	0.223513183552751	38
0.013026785288709	0.339461046958118	38
0.081585100487967	0.219152356169465	38
0.093060676997855	0.134606049770236	38
0.103698111281383	0.151323635616766	38
0.092269456945931	0.182020530285695	38
0.029642427585383	0.264303282524182	38
0.078646679069813	0.199046375234263	38
-0.013172962793032	0.315307089775339	38
0.08753055216116	0.169255875767137	38
-0.027887690213681	0.275849216765589	38
-0.11250234105029	0.454090550063066	38
-0.019276438881566	0.257518943997782	38
0.056036000694884	0.210654066777484	38
-0.035308767829892	0.345903852977248	38
-0.064810739582579	0.243547981144807	38
-0.084301263844391	0.313498368214119	38
-0.03723994724388	0.198806341175174	389
-0.044398150545137	0.227801674164811	389
-0.104634108736494	0.451345155384549	37
0.015436883330187	0.191973054869736	730
0.071510164865843	0.191947622361298	730
-0.064667220136045	0.380934852221022	730
0.1089789616528	0.168600246124234	730
0.051531945902622	0.255387329160291	730
-0.080850052570332	0.286188486101398	125
0.098639808368088	0.116727808352249	125
0.067781127451033	0.162893202128205	125
-0.034406979693607	0.198351599614491	29
-0.078359246922961	0.468691029930709	125
0.105172138372258	0.145794335364621	125
0.056468399217905	0.224239208131987	125
-0.010833359850864	0.275008322119554	125
0.035509877554667	0.19392546087242	280
0.118321933673697	0.13183091318956	280
-0.033470411911947	0.222953874328108	280
0.112094104023088	0.105399499760643	48
0.104234984819634	0.138186401554637	48
0.014164257630985	0.262302967145795	48
0.079530038133355	0.0691245960318739	48
-0.034117138583126	0.197254417474068	48
0.072917225408686	0.11202642271371	48
-0.069638843236304	0.165664793177683	139
-0.089571843176101	0.256947982388537	139
-0.00869220078357802	0.223742584261339	139
-0.070496097088563	0.406649435230224	1281
0.115166689077721	0.128970570289622	1101
0.00284764187508699	0.200283295023105	68
-0.116289602856869	0.332324134536916	139
-0.09048525315518	0.393982036538937	68
0.093131542402708	0.116638942369427	68
0.00303440180349099	0.143529639145456	45
-0.012975559819489	0.204281603398311	45
-0.0223336156273	0.150246669035165	1103
-0.040275935969601	0.0952910147511825	1103
-0.084806361390522	0.21262185010978	45
-0.01161638606543	0.206860237423094	45
0.00706644739942999	0.144503247697094	45
-0.074009521208131	0.218894278566209	159
0.036985873646432	0.0813234218572748	159
-0.028682693682132	0.0955856767997894	43
0.056678414147259	0.109677569789638	43
-0.075051650099735	0.170169921977187	39
0.015782037924971	0.130471808408251	81
0.008140839379746	0.144096725384663	81
-0.039568882780303	0.194190375139335	3
-0.034312764696131	0.1985479489017	81
0.117895371194807	0.0607623973466385	10
-0.055952370534247	1.82640412261715	515
-0.066993269181804	0.916841809620711	279
-0.034696387491095	0.873694278620643	267
0.043003267674222	0.600113903035853	267
0.00354695902445401	0.677934864262991	267
-0.109345092588296	0.439846670740353	267
0.119874418293428	0.169243538097171	267
0.107510110621548	0.217301191762922	267
0.095012021482226	0.20941711192631	267
0.07894595884092	0.24092926285215	267
0.08466495829858	0.1740985071905	267
-0.052083418342192	0.330957168089439	267
-0.078865099705794	0.358707308130331	25
0.003751508948073	0.261481486701305	741
-0.068546863519507	0.303707849115387	331
0.042773106860254	0.221799910538151	331
-0.062706384892469	0.308382889993483	25
-0.032773102641433	0.324261329768543	331
0.09588088240823	0.130974462516679	331
-0.055770170544081	0.279257212435848	331
0.023937254705137	0.201415067029581	331
0.061298091292841	0.191800462247217	371
0.002598046574456	0.249669432813742	331
0.073472204652013	0.198824235458265	331
-0.058104158006736	0.664389827298552	38
0.044656280602687	0.281974485524701	38
0.117682132515564	0.150314635497976	38
0.039108909344564	0.414498694427435	38
-0.07276353120379	0.59274809196596	38
-0.063039018953075	0.588188158598593	38
-0.042124609287577	0.443426214328425	38
-0.006999646818658	0.42553177737584	38
-0.034000164579232	0.430754400667474	38
0.091049920976549	0.198050966092506	38
0.120704712961707	0.217127718084059	38
0.023680250682778	0.375603205397064	38
0.117703840883613	0.204837548025943	38
-0.017137147017165	0.339723494001511	38
-0.054122422900175	0.430130129986271	38
-0.079467698669594	0.559063167938404	38
0.103086201461964	0.241202885131913	38
-0.095663751519295	0.458144243025499	38
0.124481630534845	0.172312618058783	38
0.122038721276181	0.15017548504469	38
0.100873256974036	0.19410928227916	38
-0.062623023712691	0.343812074497776	38
-0.11630759835222	0.423136140513539	38
-0.036666249992643	0.325124432828542	38
0.015178042837239	0.279084155386525	389
-0.00461339934879101	0.281148395757315	389
0.10975996332596	0.109237895184114	37
0.00715866640396901	0.267599019114271	37
-0.09212729906612	0.710817163249862	730
0.035271567103322	0.414347667834167	730
0.093015335133072	0.131444173037216	29
0.077285037946066	0.160654609995907	29
-0.070827991700046	0.724959299526803	125
0.087156561280307	0.250900079328424	125
0.00327206567072999	0.41652603266364	125
-0.104238731682736	0.360366438436055	280
0.00161780756834801	0.303408166622898	280
0.045233981594152	0.335333680095452	280
0.038235047963576	0.238478164444523	479
0.057959001727953	0.284293353334408	64
0.043736504445749	0.250388920565913	280
-0.049215400167873	0.280675502134077	48
0.043844802772971	0.214257203244101	48
0.092309701469421	0.222736285909642	48
0.093118352046602	0.152024293846682	48
0.075026151524894	0.192162540358273	48
-0.096322164040136	0.267006044143158	48
-0.122150913806771	0.23515810412413	427
-0.102709680902067	0.263845008482061	249
-0.120275821008153	0.674108722769952	139
0.000363332789348997	0.144914306872931	139
0.025164335080105	0.197519954781854	139
-0.078474225380524	0.21492364085513	139
0.050603310698201	0.213626763117562	249
0.01830725247096	0.299094365248165	1281
0.092844349178036	0.131363255865054	68
0.069440118093316	0.190446427232441	68
0.100911492909093	0.129969559289407	68
0.080363737515272	0.145034663967707	68
-0.016430133582666	0.299010065663646	68
-0.082433669507089	0.359545259207934	418
-0.04423472129945	0.352791979268451	418
-0.000814180234585016	0.311970617472023	68
-0.082125269405805	0.435484102086347	68
0.027544677854874	0.271784015941196	68
-0.0327884155298	0.224392238918367	45
0.123746558756604	0.109247825370011	45
0.078167081430909	0.0726514442628303	1103
0.049174869280605	0.119736335943972	1103
0.079244492124628	0.071776246223084	1103
-0.073008286136133	0.29173026510388	45
-0.023407170872834	0.251164747138615	45
-0.074702954267025	0.34095476737399	45
-0.00553626497927101	0.178444555735575	45
-0.020357976861404	0.147655473565643	159
0.026806814170594	0.182862498647728	43
0.038328520980245	0.0807209199286037	39
0.068133092633242	0.113838322209876	39
0.075299668202508	0.10831533278525	106
-0.023336330385608	0.259058209535424	10
0.048111298199127	0.167464566789988	7
-0.00721371121133102	0.202512224498076	7
-0.042186111630242	0.320901267431384	7
0.066502613475046	0.915128723176471	515
-0.084927096445912	1.73043934346197	1067
0.035362394818786	0.826049108024317	1067
0.014447706670632	0.781362224986451	1067
0.119799738487833	0.358492275189517	515
0.022600781294187	0.628736914538765	515
-0.034442597090034	0.21628040408836	267
-0.039034733551915	0.228801413636513	267
-0.071330359371103	0.303699701493549	267
0.090208829990517	0.202236314664151	267
-0.008427881284292	0.419534320641312	741
0.017023697238968	0.321535661070211	741
0.102753785500911	0.178450225383996	331
0.046353706585839	0.252691870890943	331
0.057297223156358	0.265601304214008	331
0.097389657848604	0.19853451802473	331
0.090316489495662	0.180330391003631	331
0.070281996425241	0.264195621981615	38
0.037894143104556	0.210293879804215	38
0.00505268373985401	0.260593945956341	38
0.086286650425214	0.241279865606956	284
-0.066519496511941	0.318219025304937	284
0.120924227567862	0.119641988059772	38
-0.087668996868062	0.432845831479267	38
0.018840812498944	0.351927811664038	38
0.073448563425413	0.108883378699934	38
0.059281111430932	0.206741520345131	38
0.084485558899538	0.141111613108551	38
-0.093566578133712	0.43320306914001	38
0.035499925142175	0.272097177423859	38
-0.110542795574954	0.461327443864937	38
-0.105684145662317	0.360202734163014	38
0.057941577895819	0.179647836445119	37
0.023734606840378	0.186812553340651	730
0.10562313909538	0.161254043111867	730
0.019140459932509	0.26778568324087	730
0.085612177624515	0.210128354654213	125
0.077783891321541	0.232379223469662	125
-0.045663746380337	0.398503594307369	125
0.113435599450688	0.160604830291294	125
0.00961829843117601	0.226778927748278	125
-0.08564391816959	0.252726145305595	125
-0.031679909879919	0.454828539088577	64
-0.003135441219552	0.326589721456678	64
0.078292661888726	0.206045681785653	280
-0.059111954454252	0.441554828263908	48
0.02570456754426	0.312324525928415	48
0.023117815253511	0.185852006825788	48
0.111369794425826	0.151204949387896	48
0.083171491754797	0.214739645956818	48
0.068821541106312	0.17166687399822	48
0.031901503452014	0.215989361373076	48
-0.051130763613074	0.33495858219327	48
0.106911148038452	0.146927611228288	427
-0.002262355283558	0.244761680507074	427
-0.101283516600981	0.39853469668585	427
-0.041966012728681	0.278407852606098	249
0.057407190969005	0.229633407958806	427
0.080216702378997	0.159862195980633	249
-0.05465725986108	0.376023971614636	249
-0.042820840642168	0.248869511655538	1281
-0.067457580824369	0.164129828767559	68
-0.06625822994499	0.159458567273984	68
-0.02545130753447	0.215764612016813	68
0.086772318795721	0.152253493815509	68
-0.06145536908595	0.292605801167923	68
0.072424330936549	0.133245642864116	68
0.082759178390551	0.0704576379852405	45
-0.12103276491655	0.232728720000821	45
0.042900206641323	0.124846418873254	45
0.010101541216751	0.139101775727512	39
0.107002995242594	0.0647743639614549	39
-0.069374331402958	0.165207787346047	39
0.087383889485021	0.0690350501449139	39
-0.035159111169027	0.0968138470287978	81
0.03814384877731	0.0815327017257594	10
0.002486058183226	0.169661240115758	7
-0.041019410816652	0.249676857650205	7
0.055585579223538	0.983817243067082	515
0.053173389103542	0.911634539790983	515
0.01576421146704	0.72272554190387	515
0.026591068815516	0.707816325004042	515
0.010652110909193	0.324205251268049	515
-0.00931765828526898	0.409246894024132	267
0.070421340606401	0.311291029357727	515
0.027401311649424	0.16150030229316	267
-0.045886780792062	0.522199760328248	331
-0.036641947638896	0.544089864176525	331
0.021258948951026	0.317150296985461	371
0.026921145214095	0.30701482244776	371
-0.109407467234116	0.609665695499069	331
0.087078302873355	0.189744541073107	331
0.00490571841892601	0.326111653609666	331
-0.119193200623668	0.715927367820379	38
-0.067493309866645	0.503893388293685	38
-0.08417071929847	0.302665103861068	38
-0.102926262312424	0.54923138565833	38
-0.025027720128358	0.428303630260528	284
0.118762669960889	0.197074848341854	38
0.024297782465082	0.301190225488297	38
0.050892714638351	0.144366076621054	38
-0.023502218591013	0.325936788325442	38
-0.095996206924518	0.351115039844557	38
0.028370242840271	0.252291221327277	38
-0.066378369192486	0.450116115092809	38
0.036884884931097	0.17778458466451	38
0.107667334218146	0.157066060959853	38
-0.124841690129892	0.39930955950792	38
0.115018678160688	0.198061201567936	556
0.083311935012119	0.25029212419635	38
0.116606506373607	0.175223898119446	38
-0.019933339323724	0.208386164818862	38
-0.050286110687088	0.350710870386442	37
0.085101436771246	0.181547079638885	38
-0.048351528276128	0.251975522802252	38
0.054558442543446	0.178435759096916	37
0.00212468243220801	0.198737583532536	730
0.111296244091578	0.178406896557612	730
0.041009529716628	0.220629063114586	730
-0.019053067858082	0.441791016975147	37
-0.074697220311586	0.468735836222462	280
-0.096638465930665	0.446048445389232	64
-0.091233930240476	0.238234298143805	64
0.00726985362249499	0.25456892492944	64
-0.079346417778646	0.603382045663113	48
-0.013741260345638	0.428562229818582	48
0.091947728993855	0.145232781910202	48
-0.098498093481268	0.438088978257849	48
-0.076473710752016	0.440094710716613	48
0.040428359579804	0.236950408142588	249
-0.040135615322242	0.349783543883587	249
0.1151745396906	0.141129859873193	249
-0.025294923725131	0.149412628446689	249
0.042399670167856	0.190706319604946	1101
0.068580014469726	0.148968747664909	68
-0.123196545060206	0.232842716097747	137
-0.03506876725404	0.155155913200713	36
0.105714078141742	0.134411382003521	68
-0.015136645284285	0.276859844892305	68
0.031158127477079	0.170846546042218	45
0.110046514190187	0.106824653488683	1103
0.00554029513514701	0.215982128700738	244
0.000299972445523988	0.178379659386021	159
0.092004612151637	0.0649912554060809	159
-0.079348071986032	0.167204107543431	159
-0.097657253978324	0.264306211693908	159
-0.124025571790754	0.180787922403336	39
-0.068288828695121	0.165272710800313	81
0.03476858574809	0.0819205245845912	847
-0.0307804449139	0.0946312597121439	81
0.087383889485021	0.0690350501449139	405
-0.0673394891635	0.165832559849119	7
-0.073965128128272	0.213912933850489	7
-0.036098844566815	0.0973404834031559	7
0.069155386208316	0.806381598514705	515
0.120514420794479	0.401889831818593	515
0.080040913338442	0.285133853310498	267
0.040432643825676	0.315032152364184	267
0.107535544067034	0.157756709635178	267
-0.095150085118702	0.539742472892609	267
0.032928641721029	0.284389292091738	267
0.116703953227373	0.170866843109456	25
0.042914398006984	0.337116075390096	25
-0.037143915498336	0.58295537611079	25
0.109199805695535	0.228893174118684	331
0.052606661172669	0.298200282863799	371
0.00641896597097999	0.403434598549693	331
0.028637131023836	0.419226829978204	38
-0.032764717070513	0.271174011350609	38
-0.037395944851116	0.312763614131223	38
-0.102770776572834	0.62876073588841	38
0.045991964286173	0.188925211678882	38
0.10267469671897	0.229240053633302	556
0.067009857768743	0.21078561200219	38
-0.096739102985942	0.324976451798984	38
0.122985551946521	0.147605706417516	38
-0.00661071305823502	0.228221769641038	957
0.090905773150188	0.131064502212292	957
-0.02953594330993	0.37706775811666	37
0.038225850876167	0.242467630170446	38
0.084631933475349	0.144357434158871	38
-0.045775661359765	0.320656287578976	38
0.075792217833575	0.169732918782961	37
0.088813823279076	0.183369333878786	37
0.091712317119444	0.148056137818935	37
-0.117810539027041	0.337049096642147	76
-0.069847507157105	0.368591472674211	730
0.075658632119353	0.202170145241331	730
0.053237607537475	0.301232784304135	37
-0.00981729441929302	0.414680587845376	37
-0.1127679002227	0.688710028122405	125
0.011925916547532	0.350063592041667	29
0.09288801386812	0.19231448662143	125
0.06496380870157	0.156717430445653	125
0.04372727903978	0.230458030959855	125
-0.085185194535324	0.588447180103637	280
0.059032947958818	0.292245765185688	280
0.060219022958251	0.248563313164628	280
-0.038606108425957	0.407966160304179	64
-0.06235384659049	0.460724151355118	64
-0.092607736699228	0.461024706873727	280
0.043646543948413	0.261775099116379	280
-0.081300751731366	0.351244681374351	48
-0.033543600544349	0.368706344628586	48
-0.0719896316671	0.540164092337957	48
0.023868988442027	0.288553823780483	48
-0.102044594886275	0.563215186089446	249
0.046172897762452	0.256387828538141	249
0.025477002210611	0.263447068324733	249
-0.113573829227853	0.553162117407005	249
0.022077811429039	0.285996625052142	249
0.091075134555544	0.182816591551605	304
0.11240741767888	0.063686370021758	249
0.079780323105688	0.0695223322882774	68
-0.108231943803903	0.306932439020435	68
0.006608860693533	0.141332786935917	137
0.04285315904927	0.122323681432759	68
0.094713430744006	0.0607458918791063	68
0.075685391265272	0.161834753193385	68
0.093080721117909	0.129456271171916	736
-0.103161620173136	0.374976812413131	45
-0.122078043835818	0.236995877171894	159
0.018602291309474	0.162856256925561	159
0.119548989621247	0.101142301466273	159
0.100587247064923	0.0952439766704365	159
-0.040473765831037	0.198084543404477	159
0.012853947621713	0.137945468991994	543
0.042863477220384	0.128388674814817	296
-0.024192482547224	0.0920704378683133	81
-0.029320448222766	0.22069653151214	7
-0.090420191261266	0.262182634124821	7
0.036294168901494	0.0803091761273648	7
0.082424554215373	0.753464369265938	515
-0.013046812090413	1.12317949991989	515
0.114041209396056	0.372291640892256	515
-0.117883355558405	0.882721343465922	267
0.051595708721455	0.347623668128758	267
-0.08832556992936	0.539051344950713	267
-0.072137441229905	0.446566575063272	267
0.113793818732747	0.202639718947044	25
-0.117944940836509	0.740204927072391	267
-0.02911012718539	0.483585889524987	267
0.014576989709282	0.433073898144466	331
0.057729326472353	0.316628648877709	331
-0.022447992383003	0.486592391801309	331
-0.0564934040885	0.604732421635189	331
-0.022261169222156	0.433392031346462	331
0.100390919164298	0.207453534369072	331
-0.029869441130383	0.54445419143161	38
-0.051797701346743	0.556730363369615	38
0.033240457393327	0.330013824366848	38
0.051402929663565	0.300489033236164	38
0.079244492124628	0.071776246223084	38
0.121247546254691	0.0986757671054023	496
0.045359502390729	0.151363101304074	38
-0.015833528965098	0.333906640641312	38
0.110890921271587	0.130863289983632	38
-0.00800652395337798	0.435195424905829	38
0.079941076898611	0.23412826679016	556
0.044543007333303	0.221011124074242	38
-0.053628270576195	0.233431915107821	38
0.106525133410302	0.105064073005451	38
-0.030520695456531	0.312204644243861	38
-0.082856754125235	0.310680648865697	38
-0.091955030970425	0.262212433606219	957
0.044125028342941	0.181800757191949	957
-0.071324524595475	0.347017080407167	38
-0.000472723850448997	0.193274376621307	38
0.034292664218541	0.211548556025338	37
-0.066264688813305	0.322059640384991	37
-0.00785303971035201	0.282563086774551	37
-0.065901674958415	0.300427242412063	76
-0.030505833268027	0.283685848398489	37
-0.083272656573878	0.45093716723356	730
-0.095873084487033	0.369126327434408	730
0.112909146488896	0.129695525900034	730
-0.029749691300972	0.389351475132489	125
-0.029226774145457	0.409762051369624	125
0.103226209901943	0.206807588068556	29
0.020163633214422	0.361189355953392	29
-0.119141165543379	0.664426505417805	125
-0.07656355795236	0.220403241152249	280
-0.035006102879427	0.451573096757175	280
-0.016583286372693	0.404069054857964	280
0.119766303553282	0.197493839606814	280
0.019393421897266	0.33027291038906	64
-0.122139922538136	0.233371397356194	64
-0.079558054510854	0.214120615587967	64
0.002121005513399	0.172775423670961	64
0.036122934756254	0.237630067509281	280
-0.109059813898665	0.656511942617399	280
-0.074594424042231	0.515899061419465	280
-0.000999852110007027	0.307341307446567	280
-0.052054505653571	0.438987550962798	48
0.05659480325733	0.204749449082293	48
0.013449762326168	0.352210328725482	48
0.121855190102498	0.176535147410188	48
0.082634523559052	0.198291101327307	427
0.031278823274137	0.272004020521475	427
0.094683345624951	0.191615645621136	249
0.00915191428854201	0.143159106466931	1281
-0.04933765095947	0.203211139807089	1281
-0.00854104839193698	0.1798723779054	68
0.081273978881064	0.0694400095828621	137
0.044035269934002	0.222957263279572	68
-0.110415525538553	0.330656245513196	45
0.050097475613445	0.186083385849111	244
-0.066405897443789	0.267755510204561	159
0.123665532746144	0.0976671573019939	159
-0.086498767859747	0.223645377635111	159
0.051027348987978	0.146990817920751	159
-0.072883049545496	0.171415974486266	543
-0.025294923725131	0.149412628446689	1068
-0.038107398671642	0.201797277441826	296
-0.023978749089078	0.093269045574261	7
0.011768500153082	0.135155366301216	7
0.035997871204217	0.829861525812358	515
-0.055200254519736	0.500970044999955	515
-0.053100404040752	0.804667188951571	267
0.084097098085479	0.293543097939582	267
0.119591945047768	0.222444305631886	267
-0.00436917065541798	0.277964981388582	515
0.124743978446689	0.138104540254203	267
0.063181367514663	0.224756860767464	267
-0.116178188079232	0.729384595302568	267
0.058431128276265	0.308440289068411	267
0.081896470278511	0.261913413249098	267
-0.040025139256632	0.485236110314226	267
0.024348730059568	0.381794174824638	25
0.012924117434564	0.374156095569675	331
0.090210774844178	0.292497671663666	331
0.058456948690614	0.361480205806846	331
0.088431559604615	0.258576720722231	331
0.123748565799255	0.203091722081086	331
-0.065443984526097	0.645646869988468	331
-0.060635788357047	0.54612061225008	331
-0.021634212096833	0.501535502698774	331
-0.021373817020246	0.435167525535956	38
0.121884216091397	0.186193508683973	496
0.069881897312332	0.303546556764875	496
0.068304987211331	0.218228742887796	38
-0.07307630915453	0.62106060767307	38
0.018075041209468	0.372997081898853	38
-0.043465472777129	0.440444603038065	38
-0.118675677244116	0.55245318305678	38
0.061950345050701	0.191011818649001	38
0.056232460747042	0.205470524027652	38
0.030225966021041	0.153779468172449	38
0.038924239522315	0.333432039515406	38
-0.120748888301765	0.734849261685496	38
-0.062829858522472	0.297503069118529	38
-0.104937355207773	0.374093291764971	38
0.083578191953316	0.258137975515181	38
-0.061105214903207	0.601913117993491	38
-0.092485983221501	0.606921829141014	556
0.033462633862176	0.329185539671125	556
0.074746677534883	0.179148111908721	38
0.11508191789098	0.14484881556091	1971
0.051286593191491	0.295599890861136	1971
0.00193215374574299	0.221060713608393	38
-0.114957411846422	0.37448373625024	37
0.023221498146203	0.292044771526416	76
-0.033777932885973	0.268803759020317	76
-0.040879356111933	0.293918150921306	730
0.054971902131724	0.25755325580596	730
-0.059729726812874	0.430237574340367	730
0.062988907907999	0.297498791241986	125
0.028711306961459	0.344499550357833	125
0.037182686752343	0.334302318039321	125
0.06195085285553	0.282595504265455	29
-0.046775799429673	0.49590374858362	64
-0.00979474512566397	0.323811006869716	64
0.08547925388949	0.0683025779988539	64
0.070096854037556	0.109855214166342	64
-0.059303824846191	0.231995788370908	64
0.056150179801073	0.30276594645259	280
0.017917522611563	0.338112389265358	280
-0.036890910548889	0.37608129299907	48
0.010801033130552	0.359856135484287	48
0.034393440011392	0.311733766357885	48
0.00155591751405301	0.387495566379293	48
-0.109456340860907	0.507668222624723	427
0.018969480000225	0.341289987877965	427
-0.116974832075884	0.543253709225679	427
0.064308517113708	0.237808769080618	249
-0.02942840084091	0.156436067815157	1101
0.091479892653573	0.101352103091077	1101
0.113527659624664	0.0618483589917743	137
0.005473067431713	0.144397053926066	137
0.102836898795961	0.0947471114478293	68
-0.103567008969494	0.404775284577866	68
0.124584997473002	0.0939932694555839	36
0.097203483551703	0.140468494940611	244
0.074485773032317	0.169072906013932	244
0.074275822838872	0.106998405082336	159
-0.031718960751494	0.14867346836275	543
0.0029270908632	0.175184463707415	296
-0.02723256044472	0.150283389123492	296
0.03814384877731	0.0815327017257594	849
0.122347388402758	0.060007825517726	411
0.077088924662341	0.0729972565317384	10
-0.053628270576195	0.233431915107821	7
-0.099581299739705	0.259579204637964	7
-0.117866084552505	0.238946190128043	7
-0.028898542777048	0.0957366172670429	7
-0.00694204022628903	1.38095257798836	515
0.094971717998127	0.566718587781869	515
-0.094245906962728	1.96015266273421	515
-0.00389988519968099	0.937564874123837	515
0.092507019841195	0.308757731073065	515
0.032836865794357	0.473642862538545	515
0.046403985420291	0.281953210862203	267
0.057462021514294	0.241821444558847	267
0.11855471704519	0.164332764188451	25
0.059039075237457	0.236805726383718	331
0.00791681055358501	0.344142276289656	331
0.044196258747196	0.263421806751295	331
0.020635014508158	0.307541592523582	331
-0.00109562933983798	0.488672860381158	331
-0.026970296453068	0.385260469222525	331
0.115396666541305	0.197637574753073	331
-0.007440462371757	0.489197844757385	331
0.062132646791151	0.359996271632944	331
0.040093341650671	0.306124735866056	38
-0.021888609256927	0.471502783090835	38
0.055767040323386	0.294689640927259	38
0.055450557122915	0.22911048037384	38
0.039736897577711	0.205917634097327	38
-0.016187709173555	0.286066240247961	38
0.012527334940212	0.349966576016562	38
-0.123669155190684	0.428743177153374	38
0.1241204128143	0.19056195613836	556
0.106118265295677	0.137679948516868	38
0.081972942642775	0.197827933163666	957
-0.00653756528772898	0.305583562951917	957
0.058791597277368	0.17498178263311	37
-0.051217199797042	0.35241968377373	37
-0.037951029072049	0.339497638655295	76
0.111500695590635	0.158115778030329	37
0.111440178593126	0.1745135687312	29
0.00395477485915599	0.322908120225365	29
0.017727895671463	0.392429225327197	125
0.031983246921325	0.367426819275342	125
0.00971643383946	0.382148630195694	125
0.121803862418428	0.183980566996518	280
0.055194140592811	0.286921693217213	280
-0.073356847648621	0.482079793315217	280
0.06750401441034	0.215255217755065	280
-0.050508665748926	0.521177101061828	280
0.047581413037635	0.287177628772425	64
0.12311152569738	0.100324503862775	64
0.109677206162267	0.156524828760641	64
0.072447991472079	0.247156068678597	280
0.117648281110896	0.172521007682806	48
0.043537083873537	0.281505399981728	48
-0.067590010266617	0.476086378120422	48
0.085158368442455	0.234004265374569	48
0.042961555524444	0.233965793891461	48
0.037138762261031	0.24565153515095	146
-0.123030442173063	0.479433647081368	427
0.089683829371604	0.17057908993691	427
-0.00817350516598198	0.289383783250997	427
-0.09705151836929	0.388238198086022	427
0.104273251106673	0.136353554032	249
-0.079380836726976	0.219658795773484	1281
0.098770194114753	0.0958509692091357	1101
-0.106516283093165	0.269087941997734	137
0.087298956914761	0.137178071497947	137
-0.123464436069048	0.432601106349208	68
-0.032365406258564	0.225464399259559	36
0.00974156120928901	0.226772352370721	36
-0.027776118153441	0.210598964796372	1103
0.019939868693074	0.197154667184057	1103
-0.10396541719968	0.356448955205406	244
-0.020673566044171	0.231375855090164	244
0.037611959880796	0.131295793448494	159
0.080073680335772	0.0710559427197884	159
-0.030559740432225	0.155523086545926	159
0.011913072479348	0.135016900880651	1068
0.012853947621713	0.137945468991994	1068
0.041776456524481	0.122210568504421	296
0.107002995242594	0.0647743639614549	411
-0.026586188113165	0.0928450015775511	81
0.012922497543519	0.133197673820956	10
0.041864120799602	0.124419203277119	10
0.026876447028007	0.179898566750567	7
0.028685472720216	1.57806025586134	515
0.044085852905095	1.01989915864308	515
0.00126949455643	0.944674023513538	515
-0.032955861345898	0.782831602164237	515
0.049299148155006	0.377209939251037	267
0.07714558999689	0.286632478249845	267
0.00225769932531	0.42808492547591	267
-0.00139126765868802	0.368294342138201	267
0.073487004916243	0.233723507017454	267
-0.116569372622224	0.509862488081617	267
0.060071978758071	0.263087169976989	267
-0.030381224628632	0.417703885065076	267
0.00818047084486601	0.319898670516206	267
-0.023861355238123	0.383320035958234	267
0.00858470171619599	0.340977475631087	267
0.024908567980367	0.351768883086474	267
-0.084634452782875	0.502345380484277	331
0.031661911856478	0.291448315319371	331
0.035219408882765	0.341270508636399	331
-0.078838771747606	0.514556628328688	331
-0.036235811270119	0.486481454874153	331
-0.025135548438835	0.45203301782089	331
-0.063513758440429	0.520973897301354	331
-0.027899068225945	0.436121727036764	331
-0.069133649568894	0.594394809570411	331
-0.027192097505822	0.474583084904674	38
-0.086885032046639	0.595718383971245	38
0.000387935531773992	0.39429917384545	38
0.117331029941557	0.196937019211644	496
0.076877824247232	0.274871262224376	496
0.055016845689203	0.272345785867144	38
0.118106088917453	0.191574371804297	38
0.07873785136663	0.281196400093435	38
0.120950762968724	0.139325118981638	38
0.02301688434393	0.324246586032997	38
-0.024118828403864	0.420159348589335	38
-0.124656683388544	0.623508905472111	1451
0.030223354185691	0.362883543292629	957
-0.110800168530964	0.566055341291117	957
0.122538233739505	0.122988824242383	76
-0.04511164864158	0.36010428286876	37
0.07480209177854	0.274203024212645	125
0.054983237699612	0.315101840154889	125
0.016141603003548	0.379470248546314	125
0.078768540288906	0.227511476345068	280
-0.035687843216051	0.418302964658725	64
-0.00379034202164003	0.24895003361493	64
0.014077435652266	0.191459075772413	64
0.035701405731649	0.190884194703893	64
0.015617630627491	0.232539502485394	64
0.0467770617956	0.274825833411431	280
0.099793219797667	0.186038817325493	280
0.088867105205783	0.198693192944789	48
0.050222005449453	0.228382216027685	48
-0.050629009533466	0.50080157832789	48
-0.085194379259391	0.555775821250955	48
-0.00545106561162001	0.322633040739963	48
0.063104613983699	0.210027498966484	146
0.108406867402523	0.166670620849042	249
0.061804272679818	0.229112166149056	249
0.113915459216693	0.149128792603285	304
0.035405124101611	0.213029744658808	1101
0.04076525376592	0.129726172941363	137
-0.124014664529633	0.311505478583169	137
0.019495222457646	0.131011771499669	137
-0.064879864051876	0.380832490610444	68
-0.016648657234718	0.324667097742579	36
0.10224450599218	0.125926897929401	36
0.028683228415212	0.196716642616038	1103
0.032505075393375	0.155363858616184	159
0.095892971739312	0.0979637907673666	159
-0.057869206077934	0.231326399412743	296
0.083005582504125	0.0679073463658229	296
0.109027751482344	0.0646581865869629	411
-0.072505858425306	0.164464997951716	81
-0.094893645766231	0.339963681536824	7
-0.065285664119279	0.296112866187542	7
0.033942080076142	0.15646038120968	7
-0.034939197761421	0.0971038970881577	7
-0.00467505552126302	0.178213632506566	1057
0.073478138785902	0.717336283378863	515
0.077189988206588	0.452414048498287	515
0.061664054066434	0.271951016358094	515
0.079479291418596	0.300214737799885	267
0.056866571743841	0.261845165856369	267
0.06543325360568	0.170968304645249	267
0.074474982390021	0.210556910757957	267
-0.062735286631427	0.538041916415629	267
-0.03392916916896	0.423304091747359	267
0.031672745401465	0.328864850763394	331
-0.018482505335363	0.382045363315671	331
0.054800347482165	0.302530148641104	331
-0.116572910780316	0.766057922818358	331
0.087225521414921	0.256640238945854	331
0.093147759888053	0.236635018253336	331
0.052457100022117	0.301780479253408	331
-0.036038693754094	0.497306831381664	331
0.061380317749091	0.275207916180575	331
0.110399174343119	0.208546493361704	331
-0.066576644246545	0.514064563453604	496
0.015318405847138	0.370583961195573	496
-0.110387545239278	0.606434277058472	38
0.05212877773128	0.273469530141687	38
0.038890037162973	0.253766417633111	38
0.107226621844008	0.165252744689786	38
-0.024981916021887	0.483137682645321	1451
-0.07348973704165	0.464006643859928	1451
-0.026767562524481	0.208707809572274	2227
-0.066236835921152	0.334979017111651	2227
-0.120064571796461	0.239149240894657	2227
-0.030835926214272	0.412591446681454	957
0.0125313352088	0.277269292684694	957
-0.069224364411742	0.322198710351142	957
0.055499928402208	0.174008968192687	37
0.018005788042845	0.266800297070468	37
0.081994074773214	0.195915136735719	76
-0.017325419715911	0.295375305846215	76
-0.050501337430166	0.305476992378138	76
0.045583612314625	0.168993628011166	37
0.096439298454301	0.0960968206018821	37
0.099827675614323	0.192907403944109	37
0.051589240744517	0.29815004030777	125
-0.045139028535428	0.504578441245676	125
-0.051653975448497	0.518870935862393	125
0.080437899790216	0.257774885301034	125
-0.083167003715308	0.573071137825721	125
-0.02013616591632	0.305583919455417	125
-0.089471999047774	0.260599474637745	280
-0.124745490493541	0.267461789410568	280
0.076075566930248	0.238692907154925	280
0.099877446186002	0.214447434146341	280
-0.02357294036772	0.409457641965183	280
-0.024426996620977	0.153307019202615	64
0.071571429211651	0.114306770672914	64
0.124739491022195	0.168376820906293	280
0.040526700526476	0.348092524589466	48
0.064084871067323	0.169026320169437	48
-0.107687528966494	0.304013335198936	48
-0.063687015021413	0.444171249966789	48
0.096302855827618	0.222993851136804	48
0.042103757680645	0.271379147447672	180
-0.015847043780621	0.414271613897872	146
0.059072251121069	0.225214696251795	146
0.030443484034872	0.292670861852688	146
-0.037438353351319	0.309135409508421	427
0.024622208253256	0.296333362985275	249
0.100510856401248	0.204419684509727	249
-0.068441180715025	0.162890585764624	304
-0.068441180715025	0.162890585764624	304
0.049208763543268	0.149541119067856	1101
0.026349395928925	0.0824029392058	137
0.078167081430909	0.0726514442628303	137
-0.030997291708343	0.0960078604431597	137
0.080752544715428	0.0717766719481345	137
0.08842663356405	0.170401468591788	36
-0.086450545793567	0.365079327992238	36
-0.052783142938192	0.354365429054813	244
-0.062055507113615	0.311093965222176	244
-0.049590906696458	0.325798840706796	244
0.032342064951959	0.209210597262369	244
-0.035918678726644	0.158450787267817	159
0.101759282825019	0.0954773071271797	159
0.122353661969546	0.0574915274518884	159
0.04183746601596	0.0799651577582158	159
0.03814384877731	0.0815327017257594	159
-0.038623995758794	0.0918647226982795	81
0.113350679953806	0.0636432618742225	351
0.115949247256465	0.329370758246971	515
0.101832072405002	0.282293948594921	267
-0.108968544730863	0.867433078932335	267
0.097261883303261	0.266583557662758	267
0.011267806126338	0.364214155192688	267
0.018262600383504	0.349855672828986	267
0.06456159173336	0.221021748720139	267
0.094897282586725	0.200060045341219	267
0.055993277777818	0.259541447305671	267
-0.034362939389159	0.461429410228458	25
0.060071504844374	0.252094107640002	331
0.00318838729832599	0.349626343631768	331
0.084392455802284	0.255853655034213	331
0.064779455834917	0.30231126592733	38
-0.091814853861716	0.637717046822981	38
0.119623973441245	0.212405283506133	496
0.027307713876699	0.4054180775459	38
-0.103564815872859	0.704415038035195	38
0.111070235944043	0.0914999779664282	496
0.076136436594227	0.259545285616537	301
0.06259921835383	0.196301189219817	496
0.041940374459878	0.222111025019784	38
0.049292809409068	0.248649348937229	1451
-0.116667948117785	0.362371256581359	1451
-0.104517454094928	0.402766360400807	2227
0.064303619829785	0.179914209407288	2227
0.038303118840675	0.282088467243227	2227
0.003360489752504	0.26502006345089	957
-0.065973354858972	0.360787767480425	37
0.070019331026017	0.150850350827793	76
-0.093731502157344	0.422954554403468	76
0.106960128233646	0.120746245088641	76
-0.051272705929154	0.429785821896293	76
-0.048008510698449	0.495723886884409	37
0.094781792261572	0.200337610086837	37
-0.058928190657954	0.444968114804946	125
0.103041893591999	0.189968925674165	125
0.057910351430888	0.297104824552918	280
-0.1060813200417	0.576085812196779	280
0.113545480493902	0.207431169101937	280
0.033517055823831	0.340551316270514	64
-0.038137050060725	0.319721535519499	64
0.057979966011815	0.220630756129313	64
0.045361516530197	0.306283542226965	64
-0.036488823002426	0.485641166513184	48
-0.081361590399986	0.47945615101488	48
0.112898714836626	0.178952248029127	48
-0.072734351881242	0.425293198721334	180
-0.060175734918516	0.437192917287435	180
-0.017674513567995	0.298630589792201	180
-0.115061384968	0.432869508286482	146
0.11842058383743	0.132387555028814	146
-0.121912277435008	0.492300802634966	146
-0.051180574985976	0.390410291084252	146
-0.121779600354775	0.475016625868275	249
0.09240770998672	0.150800966859773	249
0.027002513196001	0.27469679010662	249
-0.07635703791998	0.462615063772538	304
0.067225013127913	0.195138507964464	1101
0.036574513112753	0.128548265267379	1101
-0.050375796017455	0.228464622716287	1101
0.088282870232709	0.193896632351145	137
-0.038631117055091	0.3746242889497	36
-0.034068769651083	0.35380208691775	36
-0.120096401245894	0.364189277799413	36
-0.111108344342301	0.395395000873473	36
-0.108955231065827	0.326418108939253	244
-0.062730798137785	0.295367294717285	244
-0.072662933916198	0.218226339945249	159
-0.025175486057439	0.148590496565251	159
-0.076016851036861	0.168413847369916	159
0.10795503467435	0.0602036060635883	731
-0.02486070447344	0.217164474116282	731
0.033040039491023	0.0826547724511613	731
0.059465852085167	0.160527709479989	7
-0.096259406098605	0.319564232567148	7
0.097671261924655	0.937358914937982	515
0.047716451133146	0.803877073605787	515
0.058637585343462	0.327605381920324	267
-0.037882954384633	0.489249059303545	267
0.035670325560107	0.195769213290468	515
-0.086787577717666	0.351343488210008	1147
0.080317606170019	0.239794138401187	267
-0.110718837472496	0.659215272967	267
-0.089837950680827	0.549190869311634	267
-0.082265937731721	0.602749376090613	25
0.00717132884263699	0.370746401508524	267
0.103663739481048	0.205095632954873	267
-0.112924757879282	0.681580741411186	331
0.013606657271518	0.372136997888672	331
0.00182573454510801	0.40012047588636	331
-0.000753650575169018	0.3611709092735	331
0.073287423808473	0.273686070369963	331
0.026132612800285	0.363368638107698	331
-0.079325623471854	0.587832926516463	331
0.051073028636329	0.296887931991344	331
0.078631836193214	0.284480325926737	38
0.075883969071323	0.172369403811559	38
0.065671244391461	0.35626038244601	496
0.05203369839148	0.299487425491813	496
0.124353201911869	0.206362003184442	496
0.095094853870836	0.227790494534327	496
0.031277413188067	0.176092700080257	38
-0.094671718016559	0.408126054632913	496
-0.030369214147956	0.191865764281593	496
0.007066395720113	0.261643161557514	301
0.072840143316599	0.148121706398512	496
0.025218702505695	0.228603775467824	38
0.011056272067047	0.425479518424073	1451
0.0190058386633	0.390206841946478	1451
0.004152540275283	0.309538976513956	2227
0.034069776452302	0.231919008541664	957
0.092147004516725	0.181480358073071	957
0.026035905507536	0.199578744942063	957
0.114146220963593	0.119819797230306	37
0.083408531535723	0.134631742261752	37
0.074371841764416	0.16614524992555	37
-0.099505394014374	0.382908192296619	37
-0.011953705867346	0.381894025496186	76
0.108678857027484	0.210669855473201	37
-0.101263862831578	0.584003501745338	125
0.030300594791325	0.341270323563778	125
-0.116898340495966	0.419818385172969	125
-0.00770790066743998	0.427068064506881	280
0.105235276436795	0.0930741632117309	184
0.01033271354861	0.160470667550293	64
0.01636013757195	0.340518862887564	64
0.00326582678482201	0.383922280514062	280
-0.011951707609201	0.397804727267717	48
0.057404573626827	0.297672400590657	48
0.030950098666051	0.286952464670124	48
0.123396124368707	0.156636778523176	180
0.000557808962991013	0.339797427389884	180
0.030272051488338	0.248693301053859	146
-0.0945502270623	0.376898143403398	249
0.122428390949731	0.150050261883308	249
0.039854757443395	0.267770328443351	249
0.040427581196297	0.247925580896432	527
-0.021276731300094	0.282387649604409	1101
-0.026384422961132	0.150401575344371	1101
-0.058196995025488	0.288439737858564	137
-0.047053702154099	0.416248959779416	36
0.037984917760651	0.207746343408245	36
-0.015646644718657	0.252239014325173	36
0.123988565943851	0.120840464152575	36
-0.00146950300420301	0.260437099178985	36
-0.112365132805596	0.337883588649426	244
-0.106284164008061	0.321778608256205	159
-0.025284754187417	0.220701649103529	159
0.046083678359451	0.125733905985139	159
-0.03250289655251	0.156402205885531	296
0.035723708052211	0.0814397987182995	296
0.080627286932812	0.0714312806015921	411
-0.033780399718672	0.0951371095014085	2264
0.040728687338269	0.080252287349635	2264
-0.030997291708343	0.0960078604431597	10
0.061249792617548	0.0699487333099518	2264
0.00633969453979799	0.188878531230464	351
0.010240279324232	1.50351864812563	515
0.074708621519929	0.610756216122267	515
0.082332670883759	0.275807490333819	267
0.075922555112481	0.29551050914251	267
-0.063453615046773	0.367514312967828	267
0.046161993252504	0.21877927731167	267
0.047262685480255	0.264644534228314	267
-0.024709384181325	0.35148817599587	267
0.063212717648413	0.258814588497502	267
-0.000798881146006014	0.339083937993896	331
-0.109301032981745	0.50083593070249	273
-0.038018514103815	0.422255072355633	273
0.014929962359483	0.311912751676703	273
0.107134287800344	0.235264263152482	331
0.054864427060075	0.248155076565291	331
0.069162854617332	0.279267975942891	293
-0.099064402724592	0.727894030658343	38
0.073694771368862	0.309660774960576	38
0.06501741633211	0.26502123289003	496
0.124815255632607	0.178698625905028	496
0.083528541915852	0.254007747441622	496
0.100451370560396	0.273096669954434	496
0.091212406251353	0.170235286231382	496
0.115628427112191	0.104680922777476	301
0.109153217792743	0.231544782292331	301
0.098248785582669	0.208589371769373	301
0.076075200715084	0.233785807044049	38
0.090233333590806	0.207909173248677	38
0.00576653409194799	0.428107259903444	38
0.025760290788751	0.380676411073919	38
-0.07159414348	0.568167984479655	1451
0.122391552205438	0.142868038647965	1451
0.06820724140028	0.15354153906214	556
0.122492502013495	0.155329518630134	957
0.104454529652899	0.121784003628938	37
0.110028827710731	0.203291246311482	76
-0.070292788395545	0.567433204969957	76
0.068307859305361	0.261404514446538	37
-0.014980029541029	0.374626791946771	37
0.014440831897179	0.325396393125914	125
0.103545476619605	0.217170564327296	125
-0.00484264549569702	0.437169507620131	125
0.02089070722633	0.307290015529836	125
-0.011626117149325	0.426199433675252	280
0.084629706765314	0.257636768778805	64
0.043609038525655	0.316740738110022	64
-0.068305654282481	0.427927728884924	64
-0.102309940351091	0.550656458674794	48
0.00635575189968901	0.382577957749361	48
-0.036252730977689	0.308218024670194	180
0.100532948977347	0.128271649201615	146
-0.01416284353098	0.313471328923314	146
0.040549536499068	0.258726299727271	249
-0.00211999682344499	0.295817480831993	249
0.057259457053031	0.171542510976004	249
0.0529437538461	0.254761657034741	249
0.073757982008984	0.233159198466177	527
0.108814915328525	0.152248383567929	527
0.089221040797271	0.160711633054016	1101
0.034506363007289	0.287426122371391	1101
-0.073156488634824	0.296621537022909	1101
0.030121124167006	0.177559907875674	137
-0.057941727364416	0.314749595845131	36
-0.120054350701371	0.391075184944407	36
-0.081210905488137	0.278947498540678	36
-0.026592773493629	0.242296865310343	244
0.038843344379037	0.149602394836761	159
0.00303440180349099	0.143529639145456	159
0.00445976442323001	0.145326431476383	159
-0.078411520244501	0.213060317133706	159
-0.034566372177794	0.156046492648505	159
0.054694758316743	0.138777151979056	731
0.010414732919403	0.165546622249724	1461
-0.03250289655251	0.156402205885531	7
0.039681631668508	1.49091602609451	515
0.057607419427411	0.567517166339076	515
-0.037318572117127	0.57666302404388	267
-0.029100416229075	0.602416155488117	267
-0.033319344547946	0.274335678253558	1147
0.041107291769792	0.20115891165588	267
0.118792339524038	0.181461333290792	267
-0.094873650505563	0.38825412315585	267
-0.044169849765506	0.374048707673978	267
0.10435120966549	0.183120777706606	267
-0.023790747261933	0.429202693974365	25
0.020489872906608	0.336926136675218	25
0.004926346994859	0.372968491533657	25
0.075366626233705	0.243295812122122	25
0.030221529574418	0.340002953363793	331
0.025475279465853	0.309018336486997	331
0.074112845607592	0.222087476996371	331
0.074294383368406	0.22240202056632	293
0.076013737299245	0.230973749432098	293
-0.042719389331269	0.570101745616567	38
0.092709875139755	0.24374715339396	38
0.015966062690754	0.253898845261579	38
-0.104878610592318	0.54068389130267	496
-0.113539082726498	0.693572827661415	496
-0.00344335996816397	0.223024880555141	1159
-0.064723996896849	0.39189303802246	301
-0.025731316970914	0.419519933418951	301
0.108473057579766	0.146313822642962	38
-0.053060423033443	0.539313152540754	38
0.057842294048956	0.304469318709385	38
0.073479743004325	0.18439181836892	957
-0.052637459217758	0.444850977898917	957
-0.072291915471777	0.272475365142031	37
0.046683685139958	0.240233873325624	76
0.031115140218832	0.171852357532176	37
-0.088539793652336	0.512459823998934	76
-0.109713298715863	0.4334036472209	76
0.074304611070309	0.248438119429305	37
0.049889457986033	0.314825740025935	37
0.079970748191959	0.207206308691618	125
-0.091891229872859	0.570244789881421	125
-0.055425432016132	0.447004309728194	280
0.074761926380744	0.146494912721446	280
0.042008921777641	0.315450912919916	280
-0.06567250148923	0.619919770660942	280
-0.010242995295618	0.179399499489019	64
0.072508977008255	0.130570127504898	870
-0.088255054971535	0.312205566167775	870
-0.114146058834776	0.300057973283602	870
-0.083855625197691	0.541887212073491	48
0.01987486263492	0.390221767729909	48
0.01315419919112	0.260899667644764	48
0.047396120066078	0.253709100782539	48
-0.00273751093482799	0.239880669550475	48
0.115861043411983	0.166046059491329	48
0.114528937445466	0.114604869468633	146
0.119991775724235	0.12650433463582	146
0.101414613813367	0.15883889853439	249
-0.020910061544079	0.295022940086617	249
-0.044356872627351	0.355668558126157	249
-0.051562900651251	0.310265733570215	527
0.115967206070121	0.150245273841268	527
0.019945488418778	0.231207735875054	1101
-0.02626414827916	0.15026061262989	137
0.106836427099467	0.109321368516448	137
-0.081038151525289	0.271484274274722	137
0.079244492124628	0.071776246223084	137
0.062628184831627	0.13813404110314	137
-0.038475868042599	0.200885918170702	36
0.013302970113938	0.206772229074028	36
-0.023948827283128	0.232499883418639	36
-0.060531901465024	0.242109594147714	36
-0.122255095524899	0.235454411271111	36
-0.02831220794305	0.21923018222522	36
0.079027908832411	0.124955400028061	36
-0.025635082347808	0.219422522646563	244
-0.077100552215557	0.215562090008671	159
-0.121090255010004	0.233714108729254	159
-0.069657780679602	0.163704380531868	296
-0.091625375663467	0.162877994453446	296
-0.027586924316164	0.153611252392147	411
0.095613094905971	0.360239606444735	515
-0.051251939398865	0.469340277995963	267
0.021228512448669	0.336784815811743	267
-0.027965781116805	0.411933423558397	267
0.047939381209577	0.277423997265782	25
-0.042806590186618	0.378332500463547	267
0.056468127475878	0.248327483401944	331
0.027906787128555	0.283316638682855	331
0.013328059259518	0.318293659503204	331
0.115433112398123	0.182515471803041	331
0.115991655223493	0.195231205175066	331
-0.038567102157752	0.489281369128928	331
0.015702452628933	0.378617106789504	331
0.023417368047936	0.31018651456414	331
0.038991161280097	0.291741019511639	38
-0.090745645592887	0.782498217093804	38
0.119580472971761	0.228692492853087	38
0.055722670521761	0.272048109206259	38
0.081054401664036	0.282705046953297	38
-0.009928205105739	0.42001524443786	496
-0.061332934413875	0.554343839013793	496
0.101324752275255	0.221193755657742	496
-0.103057154578891	0.30232537408547	1159
0.083478678384454	0.100107619987828	301
0.11517156700302	0.229186047768889	301
0.035602724122303	0.223849517096983	496
0.066977988835863	0.184887793223543	38
-0.102669202622224	0.558882275807986	38
0.11566985057368	0.165984718822999	38
-0.047566409296809	0.348656973862667	38
0.123707027716772	0.147918663184535	38
0.082197173418519	0.303364509597745	38
-0.094670148550503	0.658070755461612	1451
-0.120343988408751	0.405171663183269	556
-0.063503398978273	0.322943485514488	957
-0.103670708341432	0.615290318377399	957
-0.018823675082746	0.445300461787976	957
-0.121448501195118	0.411931006841932	37
0.077094526905924	0.148407058203075	37
0.103374931067847	0.11128654269375	37
0.114259524881304	0.131926061719904	76
-0.01770709714456	0.320547143216535	76
-0.048937961114893	0.419757279331556	37
-0.103663015571869	0.461195519888686	37
0.027211609077154	0.252884591093539	76
-0.042689348680195	0.470971601804582	76
-0.031403603321351	0.37041801652078	76
-0.06093189951987	0.411227082575318	76
0.008893875129865	0.271188920228576	76
-0.00617098716909398	0.463763098465564	37
0.073309152443595	0.264311613728999	125
-0.10978322779198	0.660338675235337	125
0.009487888669206	0.353047747716878	280
-0.098245490718342	0.565271892645046	280
0.032990627901058	0.26523475612915	280
-0.048442559974259	0.595138386777196	125
0.088141547939432	0.215002139669085	125
-0.005219072337182	0.476322170108137	64
0.040302454657855	0.311840702827101	280
-0.029498121299821	0.485106322731275	64
-0.01480060638769	0.460062876778435	64
0.036279136942131	0.317691505001572	64
0.097965192306412	0.112043999547063	184
-0.033589983923927	0.22191570442318	184
0.084558218658071	0.249927094655933	280
0.000396342868946992	0.383132701982149	48
-0.06007863729376	0.381700163266624	48
-0.096016706066744	0.425653757376514	180
0.100137507881742	0.127861311482585	146
0.083387271779853	0.201472380978555	146
-0.082081194065612	0.39692778198228	146
-0.060881821216447	0.414807308836973	146
0.046472995323398	0.219744150570808	249
0.023190232071687	0.259627672724466	527
0.037916482752607	0.252626002932081	527
-0.044013149847738	0.28189345590317	527
-0.119335678271209	0.158051437593752	249
0.103125651613911	0.153441902416716	249
0.012654749071317	0.264958677965414	1101
-0.00856235904980601	0.351968558039625	1101
0.072516621136107	0.113389219454896	1101
-0.124594701448914	0.445153669310709	137
0.034981817260525	0.156318606491483	137
0.062137637333288	0.136242450306601	137
-0.046351677673117	0.338063992158824	36
-0.051987626457346	0.35380007252612	36
0.060227611074695	0.190892943551538	36
0.002082061805953	0.239736681895536	36
-0.050840903217648	0.225912408032392	36
0.099043090400701	0.152133568741263	300
0.012853947621713	0.137945468991994	159
0.04988033917099	0.16629043072595	159
-0.122255095524899	0.235454411271111	159
0.054964268524507	0.144873852366587	159
0.031170246879013	0.0836606677931207	296
0.081683542486705	0.070597647901176	411
0.03280981406006	0.157003493651577	1461
0.08416612681222	0.124711123898883	7
0.069222412241039	1.33668030416876	515
-0.003474114668434	1.76454808316485	515
-0.071055036691773	2.45991347017059	515
0.078765242120689	0.260620616756256	515
0.117223137554553	0.171772185098557	267
0.06402244377093	0.225951613877072	267
0.087606334615364	0.161793890369055	267
0.036252551013385	0.238343715590955	267
0.053676952285493	0.207170670427304	331
0.013004704584693	0.253124771795691	331
0.088971738550078	0.143456375659328	331
0.016017326505057	0.229437552907586	331
0.082128339507864	0.18217598953633	331
-0.076650119387731	0.33213902754867	38
0.073273901557052	0.221434986243289	38
0.122090995704061	0.20158071008852	790
0.077719124593221	0.237628378427516	38
0.028414655074949	0.27132772232078	496
0.111887788547709	0.184149021940232	496
-0.047587703174071	0.569487787071613	301
0.118445281578203	0.194788447555888	38
-0.029869680100059	0.376393752235886	38
0.111050466407172	0.182828864900223	38
-0.023484675963375	0.441603017586915	38
0.033004578480029	0.286756148539206	957
0.072414859675159	0.220691687025361	957
0.109753084799531	0.180978825515969	37
0.11185294536719	0.120254906746434	37
0.094992472835065	0.158267228716168	37
-0.050139993746978	0.33107302631353	37
0.067885641478136	0.18356495115114	76
0.016317555855069	0.227909612322544	76
-0.074332337020009	0.550666827030058	37
0.097139156441532	0.154587400169406	37
-0.095546652025458	0.70045430586695	125
-0.077460740279054	0.299668212687304	280
-0.057940365933223	0.439683632452684	64
-0.057078019945544	0.546621109511048	64
-0.049623318106731	0.358889012852962	64
-0.066342358669075	0.477665082558841	64
-0.029196763248251	0.367747942738746	184
0.112459631895284	0.137214734986697	870
0.076926975365639	0.170740432737299	184
0.107099293676474	0.158372654228525	64
-0.035370370972977	0.447959421305889	64
-0.00833100730540398	0.383170187954419	64
-0.029084921867066	0.30917772369884	48
0.102376565968739	0.216810514738193	48
0.000000379525654986557	0.211665158094766	146
0.109349661775355	0.191690393787367	527
0.010223081001843	0.229089712426509	1101
-0.038501137895162	0.249727581037618	36
-0.020111267617168	0.23571853991527	36
0.100297416136877	0.141060406038257	137
-0.049654852498745	0.30839429994924	137
-0.00585191787627099	0.216956330238797	36
0.024416793233482	0.160969364839182	36
0.09240770998672	0.150800966859773	36
0.089532322639731	0.0675055661228565	36
-0.032747169777535	0.156254891194156	159
-0.12212336959501	0.234602222795221	159
0.071439788598321	0.113269229181704	411
0.031374549471894	0.17357098083665	7
0.118694474223897	0.0881854792572089	7
-0.031120332896583	0.221383389247766	7
0.031778649629086	1.45442177059035	515
0.111241384765093	0.165849556661155	515
-0.054286825277308	0.564826895160751	267
-0.054346774732433	0.590929623127524	267
0.118413256797914	0.251444238199905	267
0.048127527794196	0.16476330609975	267
-0.023483531206328	0.216043419556418	267
0.102530579178943	0.0967957307918134	267
-0.124296057608627	0.245526656819453	267
-0.079256462073128	0.222707904555805	331
0.047081562798499	0.122198329505568	331
0.040776766843075	0.0761946380354876	331
0.110109903085497	0.0640746563172622	331
-0.116812535728686	0.23815463035904	331
0.118028054410363	0.0604327829438798	38
0.103576546928335	0.281331575376502	790
0.02709527547137	0.162718355872127	38
0.034272422329716	0.19618774854373	496
0.026912672333865	0.341241661099244	496
0.038497223122451	0.334482714774576	496
0.033969758816924	0.392601835347464	496
-0.110938279797083	0.862633619889776	38
0.065738580523507	0.15588785693819	38
0.0606178068248	0.140478919181318	556
-0.108647140159708	0.474249923920623	556
-0.035082472514906	0.591948869980034	957
0.120319583354087	0.178785411482097	957
0.110827394459579	0.173964627546349	957
0.053058605620605	0.348840301647757	957
-0.120490991068063	0.59957278627541	37
-0.112544608036524	0.327190336298291	37
0.121307222564807	0.132709995507659	37
-0.055460857775813	0.308183358800399	76
-0.00076404767267102	0.237788801414806	76
-0.082182960772717	0.375002715658491	76
-0.000425776753080975	0.24100129037623	76
0.076705269579762	0.268032525176755	76
0.109993384372773	0.103910873377546	37
0.087383889485021	0.0690350501449139	37
-0.088599153280485	0.427561958124797	280
0.057364032854837	0.383310160130288	64
0.00306888527648899	0.21938573327712	64
0.009689717970296	0.286615513730356	870
-0.057362720414103	0.552684123625982	64
0.047989247078948	0.202189655373595	64
0.059906266666547	0.139109475934886	48
0.103866524520164	0.158213483883029	48
0.057146650393285	0.137675658189357	48
-0.115135586768451	0.622423069697759	48
0.083332540236915	0.0671884879822568	180
-0.046075348573198	0.154804442346374	146
0.043870338122909	0.0786153019477796	527
0.114790610445812	0.0606552679746568	527
0.00989547835770199	0.136752602292853	527
0.123773049312257	0.205948081645906	527
-0.008442014625274	0.434986670745609	249
-0.120985375190381	0.412195088978903	249
-0.079461250742049	0.662196675769949	1101
-0.081499236171151	0.470670741961259	1101
0.02650199243672	0.312225051320609	1101
0.077213795429908	0.206909200706047	36
0.037778880737203	0.202492612684805	36
-0.069279277565488	0.475379640480364	36
-0.12347486561082	0.779287803061641	36
0.015773513484125	0.203658379152383	36
0.114477515344664	0.0614943237564295	36
0.043870338122909	0.0786153019477796	36
0.034166837074447	0.173388824869323	36
0.074359034193672	0.176767891964968	1941
-0.065134313268291	0.324249634153468	36
-0.081570084618245	0.283254995278606	159
-0.028898542777048	0.0957366172670429	670
-0.06556309499938	0.296678211391035	296
0.109468777543901	0.0893649485137301	296
0.001342950809059	0.200717469484864	296
0.076977300391362	0.110742674768946	296
0.102102239344915	0.0969985181479352	411
-0.030900221370241	0.249067164338802	411
0.015994483231021	0.135242429616788	411
-0.025350188630936	0.267171406393473	7
-0.071948701269263	0.212178419529614	7
0.078522257449935	0.169927243153956	7
-0.109978186268013	0.570326308267009	7
0.094748581348927	1.08249374054309	515
-0.103385307494175	0.576749578401271	515
-0.070421290257418	0.390466076859006	358
0.015162171528751	0.318723281139101	358
-0.022194737744505	0.368837358821095	358
0.074319199750738	0.359169965943325	358
-0.056475016105938	0.267135802186704	267
0.056778870494128	0.172377333695833	25
-0.05484780170409	0.265699406035007	25
-0.053306405401844	0.283156678556535	267
-0.026829040796026	0.237162182389543	267
0.052709681339115	0.142800725400448	267
-0.109507576390538	0.303527159840065	331
0.00485353820982601	0.174914937428627	331
0.050346308029723	0.1210717775511	331
0.000668876246590011	0.17637523126909	331
0.05404295250084	0.144821721368848	331
0.020152036155285	0.130557421748905	38
-0.050534329248345	0.232690767618621	38
-0.025674887891248	0.64441407808645	790
0.064873739202939	0.153566364071194	38
0.052606433640309	0.143455927842128	496
-0.013076590427271	0.336803674802295	496
0.026759670980657	0.419646947394157	496
0.060252479200491	0.360872026473181	301
-0.037534070527039	0.447729041669113	301
-0.03427723039413	0.582763273110581	301
0.104517104620026	0.204918449231906	38
0.099365820324527	0.144938698758723	38
0.086293916283958	0.132035729200245	37
-0.017845289865676	0.234672531908617	37
-0.068349175904188	0.349661707306982	76
0.10280564162462	0.138732155178812	76
0.059037878793098	0.138504976093184	76
0.07164331697473	0.166030982461427	76
0.07503683071985	0.16378090536872	76
0.12072469957182	0.112293133103935	76
0.100446321106677	0.190018440167948	76
0.036543403627978	0.131414578193573	37
0.119214751911833	0.136732724493777	280
0.043906243006302	0.127151511187156	280
-0.120075554493583	0.239980164843303	280
0.074485542391154	0.290267534920116	64
0.080428341720606	0.202100745926641	64
0.016658938147709	0.158790254877296	64
0.07812902054471	0.145940049002816	64
0.063073828585683	0.137751297619527	64
0.080543347212029	0.182353625831212	64
-0.029131832915968	0.305049849790772	64
-0.118640570182735	0.387668847967173	64
-0.000713135319331981	0.145667765299642	48
-0.114555684404703	0.60127779378868	48
-0.076244775298934	0.214231841538691	48
0.043049052364611	0.202330028129923	48
0.00883287897961901	0.304096383067317	48
-0.100072075116733	0.28995998894279	48
0.040912303718473	0.078928255069003	559
-0.033439488106198	0.193508883284791	559
0.013238139713203	0.139234897794318	146
0.00713427014738699	0.310524941926109	249
-0.034838142498949	0.155120166401168	249
-0.026367923958734	0.150057453986205	527
0.11240741767888	0.063686370021758	527
-0.049030596887066	0.551635333048523	527
0.093833629457255	0.21922638489142	527
-0.037134193750755	0.474732117691245	527
0.10571582149229	0.2199263448822	249
-0.00625056495805498	0.395614583485578	1101
-0.020194202025678	0.345628300421026	1101
-0.00622347037183701	0.268235936397909	36
-0.076003037824714	0.420396523135697	36
-0.114941520633844	0.537652300701914	36
-0.090844739819927	0.475171631384851	36
-0.031743036732311	0.306638172648904	36
-0.064106592156664	0.397068840257599	36
-0.027851076285716	0.281480980596185	36
0.0995131178695	0.15724738759393	1941
-0.030055988302856	0.0954808244390514	244
-0.018345379324415	0.278548347151006	300
0.026259125504114	0.161969779518624	300
0.03980317674649	0.0792141641503898	159
-0.053066674947013	0.230474929676238	296
-0.075734778000712	0.213930792883965	296
0.039397236347025	0.17318692573342	411
-0.081341078592719	0.355652007873899	7
-0.117607169805048	0.424709000007897	7
-0.024735973416121	0.450430679784024	358
0.087405558845771	0.227301321344822	267
-0.055163054673301	0.432842414971682	267
0.009440473975526	0.307001843453562	267
0.041327823854347	0.189550068629966	331
-0.053250801125011	0.230756152351923	331
0.072205927916857	0.192333362383918	331
-0.076283538235797	0.723504425870039	331
0.013262133880208	0.327205871579113	790
0.032664725047469	0.299178450829963	38
0.043158670960548	0.248069247235571	301
-0.090375176181137	0.430321378539425	301
-0.120802983651043	0.524131575620678	301
-0.093271208959873	0.479733837648983	38
-0.033200107251632	0.419307588406446	38
0.045116580390037	0.274708075847724	957
0.028872205134326	0.287241040516873	957
0.019001496247452	0.273121144725832	957
0.124563489604014	0.141163879487877	957
-0.111243101159152	0.460999238745885	37
-0.101461897799797	0.378745809002852	725
-0.116083579343385	0.354930947369139	76
-0.030888281956631	0.267167636677654	76
-0.066749173594057	0.300593368399577	76
0.093979944054138	0.163396978061708	76
0.065925535254267	0.204643924053287	76
0.080231459846118	0.19440490934194	280
0.075506786093111	0.189031645980681	280
-0.101342501407679	0.327238774687258	280
-0.023605835355744	0.416262542905389	280
0.121407190185697	0.176420528943533	64
0.047198760543799	0.236369847039677	64
0.028887283201827	0.198066877370628	64
0.059728671811375	0.194722943392479	64
-0.085999959508839	0.37449709433118	64
0.070001041017607	0.196306365430815	64
0.085387896172663	0.188350738267788	64
-0.107025412555992	0.376665610089877	64
-0.101348188696551	0.39225456202707	64
-0.036224832681681	0.315789034539313	48
0.053520596528567	0.213352944837033	48
0.00583678211368899	0.298047110950985	48
-0.09598447969854	0.316941068078189	48
-0.057473764324943	0.239697395889854	559
0.067510617870343	0.114330106346702	146
-0.003358202026641	0.246772943755397	146
0.103698964134073	0.148158359985285	249
0.101025482419883	0.0977428490681814	527
0.003096103471703	0.137878861608811	527
-0.062418612347675	0.258628957667191	527
-0.049417214425193	0.261766396397057	527
-0.124111982300939	0.578931943814389	527
0.111386022082584	0.121208922856261	249
0.00805337465353201	0.266145290807548	249
0.017092963667852	0.272922080394358	1101
-0.030513650132485	0.261595656910063	100
0.05472898363881	0.212964466006367	36
0.046297512960125	0.204650364244688	36
0.052276591098892	0.232719130764079	36
0.028564607679123	0.179955461944503	36
0.069752368301727	0.151555099662186	36
0.107326521184139	0.133364784004946	36
0.06670602925647	0.19842265085873	36
-0.071692847997213	0.165005190022099	300
0.033435242565042	0.156505544251902	300
-0.031079323882473	0.249005670682575	300
0.115428225543742	0.0607838906353611	300
0.080627286932812	0.0714312806015921	226
0.03814384877731	0.0815327017257594	159
0.010836499057609	0.13895328969477	296
-0.093636349356173	0.286510964620444	296
-0.059608987746574	0.242457707727066	7
-0.078102783225128	0.284530060948295	7
0.071114684345174	0.14924005426575	7
-0.124767414091111	0.366066389881552	7
0.040805163733248	0.479330692892742	515
0.085698489414863	0.243576688471083	515
-0.030084704981657	0.376651252967449	358
0.122056454045675	0.225644210399753	515
-0.064744015340423	0.694774673521997	267
0.09558286011885	0.155344340226551	267
-0.062391509175121	0.38948158931337	267
-0.06746546673119	0.550904456976646	267
0.082376548297477	0.143783584441694	25
-0.115301095080463	0.361172032715996	267
-0.10514841993321	0.302202125867895	267
-0.020221164146181	0.212500357608881	267
-0.025854690041864	0.210102366300285	331
0.059802583801689	0.139653756213047	331
0.067245551147992	0.114261394352696	331
-0.079966214780908	0.224887667973949	331
-0.074871185679966	0.275717088622979	331
-0.122627225988242	0.172475833594896	38
0.07980430240462	0.143821969242631	38
0.083963579996555	0.34422636502471	38
-0.0851276308659	0.500585933691514	38
0.061998937400902	0.156504085973023	496
0.052792297593064	0.381749892207789	496
0.074627830354447	0.269679747350777	496
0.123206766620596	0.20043910720781	301
0.049481214078841	0.286213326994364	301
0.082287886337057	0.235725180719168	301
0.036221579972748	0.228590878156932	301
-0.042671433282535	0.321630042962688	301
-0.057087177223524	0.724751620338743	301
0.015098033538458	0.431042447478786	301
-0.000545744988587005	0.208464614957464	38
0.00415143988731301	0.21905521999732	38
0.044442501125051	0.290179855791945	957
-0.033021727916075	0.384076034190513	957
-0.111754459637889	0.774341094497031	957
0.029797864180297	0.217254946001596	957
-0.110373257566338	0.305847508803356	725
0.020856620694761	0.181982064862613	725
0.076865739344559	0.187558022237485	725
0.098585008369272	0.13977882721745	725
0.035229673996182	0.153621056003777	76
0.090158495496668	0.149240579854564	76
-0.008753387887802	0.369832525709611	76
0.087481384985861	0.305123775296623	76
-0.00967053705804999	0.254676745146029	76
0.080826461446016	0.126555622346691	76
-0.015904322943048	0.40570862867784	280
0.033611360145515	0.265733426995942	280
0.087383889485021	0.0690350501449139	280
0.119831868689175	0.0589037877233771	280
-0.030680332914657	0.154503840461063	280
0.067466082076263	0.315149653853206	64
-0.069383305835826	0.617244780160987	64
-0.01736294608363	0.234022854154737	64
-0.065699481823998	0.428659583840757	64
0.054664726723316	0.380492467003155	64
-0.042675855802608	0.345446908433752	64
0.085149744143378	0.233584341716495	48
0.00501942664150601	0.387120789871143	48
0.077966590965187	0.277053772061124	48
0.121111716183803	0.135343746662734	48
0.054096470484018	0.257880856370539	48
-0.058331144509792	0.470909162155027	48
-0.010242428942593	0.175990861898206	48
0.080197412191077	0.0712559906361963	146
0.0418557294922	0.124854905820828	146
-0.00123874299536397	0.14631483115902	146
0.058909272620165	0.240611309407872	249
0.039096392988077	0.364242037794375	249
-0.106422485996759	0.460471700382844	249
0.108975444472425	0.218410907078816	1101
-0.094435503939591	0.47976681194681	100
-0.027002812359798	0.379237027434665	100
0.038410315788956	0.297622192985441	36
-0.057213687489743	0.547547630408406	36
-0.103272485784735	0.29641809511108	36
0.01987817488054	0.396348855276015	36
0.081705874145702	0.071607897716884	36
0.117537448447425	0.118962361355736	36
-0.10882542165767	0.452737923408161	36
0.034149006774983	0.0819887142669697	300
0.021806299329409	0.162953538196572	300
0.03367563238863	0.184438341477165	300
0.055413806628596	0.144450360888528	296
-0.108790427294428	0.403592945106221	315
-0.124757197127132	0.271618977017157	315
0.080607162726839	0.070290493607495	296
-0.118330035941239	0.36290062302036	7
-0.056126064917185	0.348983489393442	7
-0.02774194311791	0.095057418578696	440
0.080420139245269	0.633686276872161	515
-0.116466474201272	1.5263598997757	358
0.019331458828141	0.68114702156898	358
-0.011546290271981	0.646440229815851	358
-0.094187858453268	1.03109638954282	358
-0.063538013833468	0.823335955651988	515
0.036911489074964	0.415179581598672	267
0.103248881338308	0.255815936408105	267
0.011239292221021	0.461629735896793	267
0.098853392166115	0.21557105472252	267
0.031892196964299	0.361829090475945	267
-0.018620614394136	0.429405014464411	267
0.017828625836585	0.287474592051322	25
-0.106326592896913	0.620190373839624	267
-0.057163828495783	0.472039065453358	267
-0.051626361133191	0.415578872780994	267
0.058447707783982	0.227518186839901	267
0.015475991390634	0.29709924071315	267
0.00225000530402	0.267335796759879	267
-0.107291986066382	0.442913636293875	267
0.088131658633207	0.159148065648027	25
0.020517158000677	0.269363185176401	331
0.110276773625925	0.13237115350881	331
-0.099641962522251	0.752975072320501	331
-0.087847636182709	0.473414535438817	331
0.037549434004532	0.226862356563354	331
-0.020380106137379	0.330879109210878	331
-0.069527232003902	0.415839469849014	331
0.095652951252632	0.158780963385294	331
0.061119777509931	0.171921535508059	38
-0.069585584880248	0.500061035453322	38
0.00994006342562301	0.504697282409541	38
-0.015264349175994	0.547728301666302	38
-0.051178744803816	0.501959704869925	38
0.00128795344157201	0.405090833168986	38
0.117401563458433	0.218788629718968	38
0.074577466645197	0.240816077143174	496
0.06234312725585	0.250815252147316	496
0.075023897355038	0.24930338346124	496
0.111846519059881	0.2245912867784	496
0.017945592050668	0.362500811823198	496
-0.041917393490378	0.389884700421101	496
0.047504702455154	0.281811220270053	496
0.041459958964994	0.300713407901631	301
0.0562278215535	0.324069148432733	301
0.103999886539548	0.213447070811854	301
-0.015945643838776	0.408576009246059	301
0.067359021200737	0.264740492646238	556
-0.047638751998603	0.469429304935637	38
-0.116216865361632	0.577590250141157	556
-0.058153760251686	0.511556282204719	957
0.058592513707802	0.255063205496109	957
0.020921643357321	0.332693903012909	957
-0.065820967623924	0.458059875793294	957
0.091644317317733	0.214863741690273	957
0.026615440253456	0.348258396987913	37
0.049752485579478	0.207993164839788	725
0.029435780218447	0.274618751632177	76
-0.043528036821269	0.319671485197513	76
-0.080120262905549	0.356684749097043	76
0.076910113671677	0.159786837719326	76
-0.037349306450728	0.363359621472352	76
-0.059679733621792	0.563408189610758	76
-0.042160272049075	0.488474444498214	76
0.0476553284026	0.323856386580275	76
0.087703196304468	0.17981676628392	76
0.017114910340946	0.273755273420878	76
0.094559045355057	0.16057052684472	76
-0.018878728947233	0.264091056262578	280
0.102531690450857	0.240284073903617	280
-0.020880278811483	0.486566319617979	280
0.040207201053129	0.337627898013367	280
0.061606242430057	0.239775481806073	280
-0.00342004473357299	0.27689877729198	280
0.00213380733586499	0.330642539673474	280
0.009896739780835	0.451302021332808	64
-0.076015104978164	0.546004755827196	64
0.012758007847241	0.319131203421665	64
0.022353961653118	0.27920449954035	64
-0.077334682780862	0.487409934838337	64
0.112439992287819	0.131177763698815	64
-0.032936357290659	0.531195422936991	64
-0.095976430396961	0.474955881491259	209
0.041805834471776	0.324539750015637	48
0.031153238135255	0.332963365654684	48
0.062742816665162	0.250519362944251	48
0.022278104979453	0.295514490695218	48
0.088553408517143	0.258631162946431	48
-0.065020414920236	0.315991094479203	146
-0.122730716270546	0.401686951810186	146
0.091926499734183	0.132788473771845	146
0.008294256950105	0.193811187071034	146
0.101852135122447	0.125727486198928	146
-0.022109914173725	0.319766356554952	146
0.087695736929445	0.220665961038818	146
0.017903420732778	0.208027368216794	318
-0.05547146204481	0.483503802899427	249
0.103027445640767	0.212513859795636	249
-0.122245982567493	0.503442038733706	249
0.044377725442408	0.247794157650853	249
-0.06871810954199	0.304934153636526	1101
0.079175638713498	0.161085220409598	137
-0.065101757757235	0.265484526839467	100
-0.020644882870818	0.268588425921477	100
-0.068570288747689	0.370729774104458	36
0.084439296393432	0.142186263704487	36
-0.014942904157561	0.254106452491278	36
0.070428064551563	0.11415433468995	36
-0.032747169777535	0.156254891194156	300
0.040934914750193	0.148951714888876	300
-0.061669834756377	0.287881528326757	300
-0.1159991157162	0.162618288750395	300
0.083711533098969	0.0699376617208787	159
0.088337041248149	0.0682039113870745	704
0.075045212297213	0.132378699042174	773
0.105919513420244	0.0645720101851419	159
0.112134887514218	0.0627277764598456	159
0.099063956090095	0.099408953306876	296
0.099482997965336	0.0950593982305113	296
0.073461448514122	0.110160101844523	296
0.00989547835770199	0.136752602292853	296
0.119093070661686	0.0997106056336804	7
0.112879294103138	0.611168939551664	515
0.00452050532906501	0.940855761721804	358
-0.017535271544796	0.841696054451422	358
-0.057255134083872	0.619126022051132	515
0.115356790525239	0.188373833365452	267
0.057883051160842	0.281409949623671	267
-0.071145813913223	0.402900338380303	267
0.004593763766465	0.399781400583245	267
0.086506934791554	0.330251000162945	267
-0.124064612981377	0.810818879707719	267
-0.057930798419222	0.449019698888717	25
-0.106100989550345	0.64719223604801	25
-0.024987234614585	0.549967531917058	267
0.020671880611072	0.383245753154439	267
0.04476828416175	0.260636962796224	25
0.033955795315331	0.332988587658844	25
0.029117322255836	0.320446740267982	25
0.088066759669904	0.217931738903858	331
0.055325083331302	0.306905424641045	331
-0.017049947095924	0.493459798735171	331
0.063679548261458	0.281583181240754	331
0.099033352658566	0.203473858826212	331
0.103004689716745	0.253213267923065	293
0.02958609992549	0.360921095825379	293
0.103098741317657	0.208302567376045	496
-0.072374355107468	0.27700967369176	496
-0.051678231930601	0.494151360738446	301
-0.079214863830083	0.662579351564261	301
-0.039166013201125	0.543039724686611	301
0.044761350064752	0.228685130758425	556
0.107136116633234	0.204225561490937	38
0.018464827476995	0.359469212344832	38
0.042560760514633	0.331886752022569	38
0.04618891735854	0.204371860911738	957
0.110326673260216	0.156872333380461	725
-0.054372672376662	0.392112118727682	725
-0.076175114606038	0.373851030077066	76
0.114440820051991	0.117614048907628	76
0.057152782337338	0.178107941906895	76
0.040616128149379	0.233720516101349	76
-0.109184400979784	0.427006410023828	76
0.074153031532943	0.269747320639081	76
-0.00815337077445799	0.364416061770305	280
-0.048460512509039	0.474228478494247	280
-0.01730291917214	0.359742423405615	280
-0.017108766373204	0.371079783561327	280
0.122785759845268	0.108013243915003	280
-0.00216808204610802	0.202434622396945	64
0.021217887889563	0.359930223986796	64
0.089048163556743	0.228438802059815	64
0.022177956761801	0.351732346125694	64
0.00840135099857001	0.322877381793691	64
-0.018008043443912	0.203687463215923	64
0.085899045861753	0.120951936687191	64
0.021247149376488	0.388819435642778	64
-0.00857112746722799	0.40936296837682	209
-0.022898048856751	0.47497676392761	209
-0.00273392468634598	0.403898260502276	48
-0.037888580302807	0.422181539592171	48
0.020614578321754	0.360486415196192	48
0.089356755592566	0.231135490666985	48
0.123808425424879	0.173135003554078	48
0.00409867019024901	0.316467780211542	48
-0.095611509303936	0.462166582423984	48
0.033745444620079	0.224880968223577	48
0.11164676364935	0.152336232671657	48
-0.011710968962004	0.34403894779352	146
0.114896638022898	0.145007368840954	146
-0.124593266173712	0.403596873448445	146
0.107341753042296	0.137495068385512	146
-0.024792455713345	0.29641947581742	249
-0.094939223686175	0.442343594104589	318
-0.112434880674729	0.418239770315896	249
0.066527508053426	0.246272025247965	249
-0.102862440263758	0.312561479287418	249
0.036294168901494	0.0803091761273648	249
-0.01417965562981	0.27286030883458	249
0.095205675860617	0.146723451732129	249
0.016303755355303	0.135577606663956	1101
0.00701778115926699	0.137543992578319	100
-0.028321916350686	0.151273235812394	36
0.01431077783362	0.13821071331995	36
-0.103646456744433	0.416753920473822	36
-0.035813797825326	0.15684734905971	36
-0.0368138138259	0.287559195363162	36
-0.114751098665424	0.300829434263244	300
0.083363366332208	0.122717137360529	300
0.00915191428854201	0.143159106466931	300
0.072131723929112	0.11347015366402	344
0.044996534203588	0.124426411776035	300
0.065420143953949	0.116182738132011	159
0.112266375473078	0.0638562289241494	159
-0.031410475141449	0.154877924278663	159
0.035923189544018	0.0815013777706716	315
0.037218986264292	0.0816149888828389	7
0.059800902338927	0.160342412273398	83
0.051571758658703	1.01385340190208	358
0.048599482518822	0.817738104382273	358
-0.03770865734823	1.30757719275407	358
-0.043903803845652	1.07549427935894	358
-0.025244032903709	1.00997248029436	358
0.0667364561254	0.532402341945754	358
-0.040424666987102	0.535740760552258	515
0.080854122115985	0.182078981468357	267
-0.0032404869016	0.29086503253996	267
0.027718202884767	0.426838432899409	267
0.025522284002106	0.4717501521127	25
0.00682206127999899	0.423206652663812	331
-0.088033974148967	0.544057326693019	331
0.090914856750376	0.266702983751979	331
0.020068738192512	0.388531277020957	331
0.111669759144019	0.218088128526834	331
-0.02805565865848	0.519619190023987	331
-0.068116169676659	0.558948828191311	331
0.048376729733071	0.306329969114355	331
0.024953967967595	0.353178718496392	331
0.058662196473132	0.277935767366205	331
-0.117160672860595	0.731313319245133	38
0.097935961058234	0.241987176105056	293
0.06829042508605	0.277261336428024	496
-0.057921876799922	0.456641380807371	301
-0.072978961480939	0.451427890024032	556
0.119836281824341	0.113115496696908	556
-0.01869183336137	0.471387563416315	556
0.00871424401139501	0.236198362212464	76
0.025679943518833	0.356491343292653	76
-0.00545321458654702	0.201933718083419	76
-0.081555688440065	0.464544030870035	76
0.056099320845696	0.227378163821066	76
0.105591823976794	0.188060746337823	725
0.08341030031985	0.157348449456607	37
0.118880741155691	0.147068613079069	76
0.077880915407016	0.174510456883441	76
-0.027126758848285	0.348605061947568	76
-0.044996437482866	0.367714623878553	76
0.000254563333443009	0.169704327310842	76
-0.00804648732103203	0.288950876437965	76
0.0662880268024	0.262237835674178	76
0.027850581025562	0.338276995191677	280
0.090368120376908	0.216466411306628	280
-0.101348398787266	0.725682786413588	280
-0.123451192590823	0.694206526572466	280
0.060573798436178	0.217060817149268	280
0.032814321803896	0.156848991391425	64
-0.054968859120517	0.473770429596167	64
0.095959943982737	0.221408885103803	64
-0.056777440225448	0.518395847633198	64
0.000270681072416012	0.404203171866367	64
0.050951921854218	0.252944495618415	64
0.013735680152263	0.182438604623029	64
-0.000707857974013015	0.177627357287635	64
-0.10319203246461	0.568386200748866	64
-0.056670630256004	0.525130525133393	48
-0.108151880933607	0.459229011279538	48
-0.120758783415607	0.572668374437409	48
0.108893295026999	0.175686412842846	48
0.046308287768811	0.270092570138474	48
0.081931408783918	0.204853103124037	146
0.074683708316187	0.238298906382879	146
-0.116740490400362	0.516435736746068	146
-0.00788926279440499	0.316356745292318	146
-0.044792439413897	0.39647567345167	146
0.063417390172175	0.191865163332973	249
0.07229396348149	0.22279479054307	249
0.098868271870235	0.189873291245391	249
0.088341994759311	0.189669800530671	249
-0.106501264241471	0.381640953847508	36
0.00457404714653101	0.273025676585534	75
0.077504007496112	0.156880705142707	36
-0.071862135866784	0.264082611032671	36
0.0717611796963	0.14757464516442	36
0.102065154031627	0.109689848252765	49
0.118212610784538	0.11565158633146	300
-0.072556175781214	0.324096570041876	300
-0.039883612411959	0.243417608516665	300
0.011845016630297	0.138844870960259	300
0.085001791418489	0.103094712835161	300
0.00875868097217	0.138057553582725	704
-0.00114158800708802	0.138246854857523	704
-0.02735357594628	0.151254683502064	1141
-0.00532488170989198	0.143156763347514	1141
0.038656255318393	0.130857654383995	296
-0.02723256044472	0.150283389123492	296
0.079669442601801	0.0678977626947467	315
-0.067475104113501	0.164927449597465	296
0.07568110945117	0.110663090058601	440
-0.080092706093169	0.222413578322855	83
0.055608172428975	0.138464718451404	440
0.118535256282397	0.0586306689347205	83
-0.040990258494589	0.0929191756985459	83
0.032093895583037	0.0835855684384287	7
0.058891679231245	0.861929173408992	358
-0.00677864176631898	1.04300530008087	358
0.069360907665833	0.632622287707996	358
-0.069247182764123	1.2495054184695	358
0.085746673892993	0.317318370516172	25
0.075014100278857	0.358803289459084	25
0.112132636078891	0.234151527973816	331
0.067305368308186	0.339788733791933	331
-0.054087055504398	0.615422989288504	331
0.000380881947664002	0.482464767752432	331
-0.03708879590777	0.535167943298545	331
-0.082241972884636	0.641082719199509	331
0.081571965744896	0.279369450223846	331
-0.118596667396498	0.782209977489996	331
0.060879943789254	0.302091025906018	331
-0.013417720575397	0.453841733585697	331
0.119777775967939	0.224200467964856	331
0.056060426387434	0.315260438841626	331
-0.007967384204634	0.384245159011846	293
0.119870854298934	0.181326502427774	851
0.039980410414484	0.240643824707928	851
-0.038113177817729	0.339772987885775	496
0.088271237553433	0.16484120127282	301
-0.011374095555144	0.290205632009075	556
0.056990962835367	0.193030852752088	556
0.103346704769094	0.211439988186843	556
0.088474975700899	0.234575656113908	556
0.118705913237328	0.189357827551697	556
0.091792227270756	0.247244824793173	957
0.047795537451803	0.216084357031458	957
-0.019916003443936	0.330023722382468	76
-0.033267069035618	0.397537314113006	725
0.055771260802895	0.222140979650576	725
-0.053247266723352	0.37146990363976	37
-0.014247308543851	0.344268185077478	76
-0.079864131173485	0.446118331359357	76
-0.040232165548775	0.374042070612318	76
-0.011943640589884	0.293004530311118	76
-0.019096625812842	0.366722144218573	76
0.085298172475408	0.176511286954192	76
0.030152226817668	0.353130733231587	76
-0.051833182537589	0.601722993069141	76
0.110222692347684	0.199472627002565	280
-0.065893165150204	0.538315084218608	76
0.067401298208124	0.27064716648632	76
0.00460884224807701	0.376949567997721	76
-0.077246926423751	0.329801720441653	64
0.00600813729607799	0.420274166600278	64
-0.112472365978715	0.684710999077804	64
0.010693650919475	0.338431168271723	64
0.084974505599423	0.12304903895844	209
0.115877260659755	0.1663095679414	64
-0.112805087024098	0.655661065511078	209
0.083893585961662	0.27149898452026	209
-0.073661131003912	0.332286623753203	48
0.026050824775616	0.360622526902208	48
0.09160451361459	0.230302930799867	146
-0.041643902599581	0.421162976842215	146
-0.120934354940929	0.624116523492265	146
-0.056409333228457	0.482878482269122	146
0.054928888971931	0.273272171432646	146
0.031094642179224	0.338148071883155	146
0.075509362807593	0.229834452826297	249
0.062338697570589	0.254937197001056	249
0.061118310011111	0.281133249339136	249
0.063073828585683	0.137751297619527	588
0.03814384877731	0.0815327017257594	100
0.109027751482344	0.0646581865869629	75
0.087177618179658	0.15215728764974	75
-0.00851654531979201	0.243436450233684	36
-0.058155089703949	0.263219172208339	300
0.109274568584446	0.10389799908947	300
-0.092217482723174	0.261679232190377	159
-0.06171710314381	0.243997872295122	704
-0.083417977360099	0.221233598538805	1009
0.116030413069871	0.0886293025625152	315
-0.025348726967385	0.0918555508904928	296
-0.035159111169027	0.0968138470287978	296
-0.026076226474001	0.0928720497576233	296
0.042762666031016	0.079494119434012	563
-0.034939197761421	0.0971038970881577	7
-0.029114534377451	0.0930108090578141	83
0.054401327888407	0.79768522052544	358
-0.040222251231185	1.37130835054871	358
0.085805272395905	0.495705763233541	358
0.103640645541838	0.194274814941646	446
-0.115402052569532	0.822254131795178	331
-0.063063421386809	0.614018175654602	331
-0.029853656373823	0.498935441675701	331
0.049079533749772	0.353677556653242	331
0.009098531760378	0.425305278425742	331
0.079262573232296	0.279785069697627	331
0.114086894267148	0.230073130666878	331
0.02541748711919	0.398427541179206	331
-0.093178505188274	0.559553908886625	331
-0.05370369310708	0.608881560420297	331
0.015353144060653	0.37250937833698	331
0.093946419316184	0.218320827389148	331
0.045682884478993	0.356184434941116	331
0.031650969993383	0.345538872249297	331
0.071834065409762	0.216634846250063	851
0.118512680838781	0.170350895922385	851
-0.091960893936975	0.616165573088728	851
0.077499595257624	0.233691042449174	851
-0.091751947735538	0.396890940470014	851
0.073801595959711	0.156569436467967	496
0.072619336636062	0.0719538255239852	496
-0.108229939166551	0.383028435995852	301
-0.068508523449502	0.212048979458965	301
0.091337949089075	0.121767963010597	556
0.057908850802751	0.290666214948521	556
-0.058335634975773	0.288329175432091	957
0.00439766740678599	0.145163014223618	957
0.04766099685137	0.16747063216752	76
0.052240426309705	0.228755265464573	76
0.120666078405239	0.156471239836689	76
0.071958814999685	0.145497681688113	76
0.074949026081966	0.191514061677013	76
0.010109214174305	0.286113830028841	76
0.122986507249365	0.149375010552698	37
0.013297553910564	0.268776864651543	76
0.073169018511365	0.132943846244934	76
0.074973663055184	0.164826409690098	76
0.101346177118067	0.129589936225608	76
0.010658923503412	0.316330526565729	76
-0.05981607367809	0.534749289747795	76
0.022311925000977	0.374315904644026	76
0.057258137001108	0.294351876329273	76
0.090619383925006	0.235308063035313	280
0.110856732302374	0.181281908410526	64
-0.00813629020254902	0.407685687634852	64
0.07521538332135	0.22486831359667	64
0.106068084679493	0.16082259785172	64
0.112516873462364	0.171322174810351	64
-0.054443193720823	0.428638835285986	209
0.120075369561158	0.182927963033359	209
0.110424472939001	0.134824812262683	48
-0.012323205117359	0.314187295602418	48
0.073014785503895	0.217264997364547	48
-0.063809048469396	0.526250279514276	146
0.066833358749077	0.223288847246912	180
-0.077165250103436	0.514959727338912	146
0.110308707758352	0.152021232070058	146
-0.106525763175889	0.514030225369936	318
-0.106014272113198	0.585809237797622	230
0.119916207984051	0.0598344452054936	152
-0.121769211706607	0.169387785893864	100
-0.031576469704674	0.192304356901757	75
0.0503218150951	0.212894052881314	75
-0.093304525906083	0.330436865024728	36
0.069720146110105	0.13220280445447	36
-0.00980388862482001	0.231968584925367	36
0.045441724368663	0.194266984092931	49
-0.0307804449139	0.0946312597121439	300
-0.099376572329736	0.29641535155598	300
-0.063841209660565	0.25360608200693	704
0.017138653766805	0.131672899650037	1009
-0.037038432356223	0.0957141527174242	296
-0.105441370594329	2.22314510156273	358
0.114331510950923	0.500663632060135	358
0.070612430369415	0.609412296247952	358
-0.098435538855402	0.732374055459733	331
-0.089229417482249	0.725161308813924	331
-0.0000952074338170239	0.496172760174074	331
0.124038045345719	0.18906936358498	331
0.085617772915389	0.250712962093324	331
-0.022486187680686	0.497599189862333	331
-0.087866011281016	0.639106774331988	331
0.071238227662144	0.291907351642354	331
0.11260396594376	0.200814097104342	331
-0.068635794925674	0.576011153406026	331
0.106728119942051	0.243763072819669	331
0.047657156060048	0.337867157164221	331
-0.054938740716303	0.385036758885564	331
0.071557370704185	0.279779419922643	331
0.069063675164423	0.259373565498596	331
-0.00443688072923398	0.313923272466666	851
0.035422121655461	0.317449664804239	851
0.03039120575361	0.278108147936014	851
0.123179458259333	0.136119597853278	851
-0.037991862173573	0.299759951548319	851
0.034872794213343	0.187194344547701	851
0.124715618662548	0.084660411353567	851
0.072061823825058	0.109667045758754	496
-0.06636813907276	0.161859182376758	496
0.088009424386487	0.121379015324383	301
0.069351131067542	0.113298584596104	301
0.098460832496824	0.176984359151358	248
0.000882830674016011	0.143721659996291	957
0.117108568349651	0.0856293995501511	132
-0.032708683812453	0.220096794212693	76
0.093108797909201	0.171888627988175	76
-0.030497629954763	0.404331344338689	76
-0.00637305851248998	0.224093406863293	76
-0.041195505548686	0.320565634378142	76
0.089924552693595	0.179919893974688	76
-0.033455709310919	0.295334626454069	76
0.09512660055451	0.117465147363161	76
-0.00939545926900298	0.249378084948427	76
0.077836178812188	0.107311366138434	76
0.087392829211747	0.205490726341361	76
0.045281068696558	0.317518830894118	76
0.035159089496523	0.326347156910737	76
-0.010274991961973	0.440476823356463	76
-0.00726784063006197	0.374527119696772	280
-0.035502461711782	0.506834608625283	280
0.124138752688546	0.137548313665373	280
-0.018554462171182	0.257069730041437	76
0.033844896009508	0.257523052897536	64
0.038832991924432	0.270040789290506	64
0.024689480375799	0.276251659791045	64
0.011228946689711	0.269465265703682	64
0.091753873020721	0.136885566004002	209
-0.042809258084837	0.323847180898996	48
-0.057279675324211	0.464017158235194	48
0.00467837159093501	0.303693355189835	48
0.112009505820648	0.140749822433066	249
-0.00422141203197601	0.206555532399497	249
-0.119460579233411	0.540228825026509	230
0.038328520980245	0.0807209199286037	249
-0.106517030520783	0.287577659783782	152
-0.022745815037839	0.242620693171766	36
-0.121376262849596	0.367976254048791	36
0.073136791987319	0.108964856287506	49
-0.064810829872406	0.267916025621437	300
-0.083357854997916	0.222743896168999	300
0.098407127263918	0.0959504575358712	704
0.067659142475516	0.116771900025269	704
0.037620568844099	0.129489255378658	1009
0.110109903085497	0.0640746563172622	1141
0.12099482918057	0.0591367961110901	1141
0.074652407572949	0.0703614261796341	1141
-0.036098844566815	0.0973404834031559	541
-0.074133546966801	1.47085780701186	358
0.095640596848432	0.369106889548732	25
0.122972540158614	0.221214838631792	331
0.090704404480054	0.281139240332234	331
0.081316805397991	0.275449165908562	331
-0.010339219806952	0.465524464497739	331
0.111055083224511	0.220352011820363	331
0.060493469907301	0.326795953703062	331
0.08890391626945	0.26518178580274	331
0.055675668288782	0.32552201531967	331
0.123025906036121	0.204066710073169	331
0.030055972816815	0.388296853326907	331
-0.019911068820891	0.377838048121547	851
0.103954558639652	0.178730890573322	851
0.102066698896911	0.204594204244064	851
0.095212719069636	0.198533927640219	851
-0.03764053573875	0.409174839484008	851
-0.081474788224457	0.442577264353579	851
0.022209640436615	0.16619418982613	851
0.080571626411025	0.105645597580739	851
-0.019697875058367	0.296601900223294	248
-0.070736773633603	0.226335756861731	556
-0.011197632948594	0.370949423966309	248
0.055642945914333	0.246574133254214	556
-0.104279934697324	0.299724665285295	957
-0.00584532048186598	0.205737566401175	76
0.062638659764943	0.150620594303772	76
0.116577151874796	0.115107310727352	76
-0.00887001664170201	0.365830717485108	76
-0.088073283266638	0.517122910610275	76
-0.017098625444006	0.413380552731779	76
-0.104333205268423	0.395262075186411	76
0.095680291073339	0.160044817469747	76
0.040731368057214	0.201758942346987	76
-0.082639730239539	0.363273816708722	76
-0.08931101767363	0.563375739267226	76
0.02737330582119	0.317832481409454	76
-0.032912168747757	0.499172272061957	76
-0.067868712839176	0.569629183729348	76
0.082304596378455	0.261054184684463	76
0.034107765879889	0.334238328529317	76
0.084786329342025	0.0693987567961534	64
0.10153408665717	0.212439769007462	64
-0.075761094326199	0.592906878255421	64
0.110508179709381	0.161652102306975	64
0.113476846069852	0.170039182690627	64
-0.043471295923653	0.354002572081723	48
0.00966778904307	0.332460216915212	48
0.100106069173021	0.183058116200268	48
-0.034318934694646	0.390795079646295	48
-0.11722472041693	0.357887024260113	48
0.083406680162142	0.209016654063204	48
-0.092541646475853	0.593299125139789	48
0.00752865051061499	0.366087102287491	48
0.118106051330433	0.173928622406866	180
-0.029102414114785	0.481296779783801	146
0.020177141871516	0.324498638240279	146
0.073038275435231	0.248478092626227	146
0.051003883808816	0.313608164562077	146
0.080303202932056	0.20240214218061	146
0.071586740896431	0.23272650575609	146
-0.026690384556568	0.338356322282192	230
-0.051132476803157	0.444541697457793	230
-0.047844789900633	0.41515021918343	230
-0.00141660287351902	0.176465261266608	249
0.114434191731834	0.0630517999663609	152
0.119693476999749	0.0590766089916404	36
0.093448095374646	0.130695753962055	36
-0.06796952306806	0.320442661312418	36
0.085484962602556	0.141529303031441	49
0.00439766740678599	0.145163014223618	49
0.012023518983867	0.18084258396613	159
0.040749767539239	0.169789234767676	159
0.044948360983992	0.125329245025891	1009
-0.00616632778537002	0.17870717324681	1009
0.106541163191551	0.0614917078815593	1009
-0.028321916350686	0.151273235812394	1141
-0.002596407227133	0.179633558101785	1141
0.0578838953611	0.142259276526797	1141
-0.00794873176633598	0.184168629223962	1141
0.078042043053919	0.0724713718155944	296
0.080197412191077	0.0712559906361963	296
-0.033596088259631	0.157140521597289	296
0.074114642091046	0.639678961456144	515
0.109980679931717	0.21324234679013	331
0.024277644384264	0.456246835455049	331
0.05929031585752	0.372452711366181	331
-0.052890110082073	0.586160158113041	331
-0.039326905457998	0.429740322813866	331
0.084893113643683	0.223797938557788	331
0.062369937011773	0.281224916807325	331
0.099781573285457	0.202925818760844	331
0.095403766255793	0.227696280379436	331
0.043453963431491	0.30742591507345	331
-0.117057301977892	0.655651909747726	331
-0.051103708406683	0.44381411419265	331
-0.03697332427632	0.45191475559027	331
0.05452114471999	0.256755649642158	331
-0.019911068820891	0.377838048121547	331
-0.064158963396204	0.3092049343369	851
0.121017566026819	0.100108980287584	851
0.064362816308898	0.187400293265418	851
-0.030559740432225	0.155523086545926	851
-0.024149745802125	0.150204135209516	851
0.120771280811615	0.10004168791327	851
-0.066770987841826	0.20782931010446	301
-0.00551193916168302	0.229448527646415	248
-0.03250289655251	0.156402205885531	248
-0.098512430614283	0.269413474053476	248
-0.011681266501409	0.291407237761272	248
-0.057422158600108	0.33577536363022	248
-0.057934821201979	0.242234205276794	76
0.036128140349597	0.155188726451237	76
-0.087566382872609	0.377752359471569	76
0.094039242955098	0.159360405405868	76
0.09709720748073	0.146288664493617	76
-0.011923934778798	0.311441931867625	76
0.037549302392029	0.174821978805457	76
0.112725931249085	0.138659408294336	76
-0.057611807371693	0.314844750992558	76
0.064794523242527	0.214576493198331	76
-0.069905106508649	0.482295846132982	76
0.070726593008283	0.213798334064684	76
0.10012161377364	0.160002582848563	280
-0.079505424628364	0.467016201602786	76
0.057500933378981	0.26720393245646	76
0.091826197067925	0.174242343356173	76
-0.12286414951205	0.608582772219615	76
-0.063940429576343	0.504020776357955	76
0.03961914911719	0.0799506420543533	64
-0.114424210649207	0.421319497844501	64
0.010420360183866	0.248754790222929	64
-0.06853589360773	0.343040145438048	64
-0.124145781506767	0.182159529691145	513
-0.060331811461658	0.390053497297268	48
0.061092133417912	0.21725272605604	48
-0.055755971396415	0.3600967622974	48
0.096347491102113	0.0967341615544131	48
-0.037550064260029	0.195150967482775	48
0.000256340065581007	0.292384973766093	48
0.064020653849413	0.214277242784359	146
-0.031855623900853	0.368563867835054	146
0.036784178594591	0.252374022951771	146
0.00367342281992999	0.309364026600144	146
0.093894737040893	0.172620683045011	249
0.114003635590514	0.147894444592387	146
0.067730875735887	0.198795367331992	230
0.037404049720306	0.0794487801884976	711
0.00667574287991601	0.138768565132855	75
-0.031718960751494	0.14867346836275	36
-0.04021272230699	0.246631200404738	36
-0.037616412113855	0.198031157659996	75
0.122565385843648	0.0811666272828418	36
0.072372384726448	0.110430768136452	36
0.047517977938288	0.167014485607935	49
0.016329938555919	0.159248089611664	300
0.073809104717165	0.111964310613789	1009
0.089976146434112	0.0656218623145057	1141
0.04082545813321	0.12889930726838	1141
0.088579920791165	0.0676874945592693	1042
-0.028682693682132	0.0955856767997894	1042
0.082882374551172	0.0698911605614527	296
0.084279697417302	0.0690585031348462	83
-0.025348726967385	0.0918555508904928	1058
-0.056349361631871	0.903405511970282	1955
-0.05531071974786	0.89425713301254	1955
0.072502318703433	0.327553907772516	331
0.028275354106006	0.455528322534572	331
0.003954327936047	0.45706328184464	331
-0.113406488024763	0.745953567374185	331
0.026226358033528	0.338296621405742	331
0.074925962597772	0.288620711252023	331
-0.014940094515315	0.47991227557275	331
0.042898365565298	0.319931402659277	640
-0.122629243737277	0.589667289595441	640
0.1231189391874	0.127274689961803	640
-0.080104274350337	0.481569127827691	851
-0.016435436681646	0.42076023313761	851
-0.106344137925981	0.407820157940834	851
0.040798249611216	0.126931973353929	851
-0.098270010120203	0.26811012222313	851
0.112661561383984	0.106200034840957	851
0.110793508080577	0.0888183785566504	1864
-0.101574370443235	0.264797068551426	301
-0.040188126477885	0.203279879695611	248
-0.108443786490492	0.303832738086607	248
-0.085106720408242	0.255226927379536	248
0.119325582000815	0.160727650791061	556
-0.074632915288354	0.318399959291293	248
0.074854352095076	0.206436392932106	76
-0.112009351552904	0.482023339166709	76
0.054918843287751	0.193186369167024	76
-0.097315357318792	0.288863382068029	76
0.124989227225182	0.082115073213921	37
0.113996593846081	0.117701987868144	37
-0.068008440181281	0.397171771039948	37
0.041010323384565	0.164618603644674	76
0.085240887213798	0.154616180165465	76
0.06515579496263	0.155976636280142	76
0.111639792861304	0.119860051860465	76
0.053932075173947	0.253844277565913	76
-0.054693190447663	0.477629487244581	76
-0.028117363649398	0.389440323756274	76
0.104541977212055	0.150128358622779	76
0.05198752979016	0.241574846052057	76
-0.024422645228554	0.388083288777159	76
-0.073232144268123	0.422348101060709	76
0.111932502216375	0.0898460203164408	64
0.002470269361979	0.326213544805399	64
0.11098958303822	0.0615344229040046	64
0.00447984394176501	0.139718335232514	209
0.116830611652614	0.129031282456055	48
0.025218315135127	0.285372886386746	48
0.015458905688707	0.258845736597961	48
-0.056453600398655	0.310700951689583	48
-0.111138356974483	0.552631188671594	48
0.054355522381753	0.25717884241944	146
0.031668682262569	0.275738292609196	146
-0.040943148472461	0.380260662825571	146
-0.086400832875784	0.44724631354903	146
0.000662999247081991	0.273973707598714	249
0.07130658814358	0.187218680429921	249
-0.011519427708181	0.31054451193805	230
0.041847646241296	0.124015880869768	249
-0.025134427344203	0.0939362147439577	75
0.099708137021677	0.129895737456988	36
0.094759206224688	0.112840520987362	36
-0.089371350724492	0.26198755032055	36
0.018995016395668	0.19029407763134	744
0.030970601214606	0.191795528791378	49
0.033113203820809	0.194264350553533	49
0.049308790712541	0.147970892518471	49
-0.0325709939945	0.192695395229311	704
0.01096731024695	0.134976851015603	1141
-0.075051650099735	0.170169921977187	1042
-0.029839569510005	0.0962689794942149	270
0.066015440912983	1.17826971140432	515
-0.089201787059415	0.984113912763643	1955
-0.077871687270701	0.514068649181987	331
-0.049410211098889	0.403371852702264	331
-0.095831092312995	0.501811224169049	331
-0.044995664950619	0.496608320841647	2171
0.097618514597488	0.198099495657033	331
0.041814617329817	0.261188325550488	331
-0.103853086018806	0.40042107132295	640
0.065629094185358	0.19647282674172	851
-0.113690141222353	0.476508592678336	851
0.116119793422559	0.127875082774352	851
0.086782624911141	0.164344972773058	248
-0.025284754187417	0.220701649103529	248
-0.115646306107343	0.230685190184301	248
-0.11151984192106	0.302992856991371	76
-0.104026092459997	0.321909731521174	76
-0.090618158595062	0.373577068298087	76
-0.013922693395873	0.339540834010345	76
0.106898637835502	0.148831325703686	76
0.124602274413682	0.0969592683640607	76
0.001829050481122	0.142437585140446	76
0.055509387298772	0.208758648144078	76
-0.053605629809971	0.367193135592649	76
-0.042186111630242	0.320901267431384	76
0.044627234308511	0.171002728757278	76
0.060445436836965	0.197379888344423	37
-0.124594997193785	0.399750213448756	76
0.112076109662711	0.121830707074172	76
0.003037764218187	0.210021438424344	76
0.084517471856368	0.165128679737695	76
-0.054608276240139	0.266194852683562	76
-0.024164964388906	0.296011742538198	76
-0.043616596377608	0.254881638377155	76
-0.013251103333873	0.320312008311579	76
0.084043601386885	0.204390053956055	76
0.039476260397645	0.278897012207152	76
0.00336534188169799	0.338010063417354	76
0.109565826944561	0.134286941514581	76
0.063976297894125	0.225819852103802	76
-0.05509910517138	0.374412214214178	76
0.00989547835770199	0.136752602292853	76
0.089094973048742	0.178181515303439	64
-0.061899644499061	0.440590755711122	64
-0.042258306291852	0.314149517430142	64
-0.098965661440205	0.466181882842393	64
0.078181023103821	0.0706339503355757	64
-0.00163642929264701	0.197160072608421	48
-0.062418083620877	0.416926399957585	48
-0.078714870988327	0.383989783078293	48
-0.033027911427543	0.197642045209288	48
-0.042637146025305	0.255137047015262	48
-0.096158985448336	0.385419427222949	48
0.064136257182261	0.199123651665757	146
0.107417964846219	0.14894186666754	146
-0.033742097271758	0.302781775900984	146
0.079437787870098	0.171263534674161	146
0.04264012849384	0.202843973397962	146
0.107365116552066	0.137448319216639	249
0.019990285907072	0.219294700100556	249
-0.111778075099394	0.409045812780598	249
0.048103415012775	0.198640778863765	230
-0.079946025592964	0.352745860777283	230
0.040747178753566	0.124627736580429	249
0.04054504703007	0.0794852877825877	75
-0.028682693682132	0.0955856767997894	341
-0.040052525218877	0.094351975156074	75
0.040678745695788	0.123569932092411	36
-0.104557086904998	0.265673087728511	36
0.124624425206383	0.082294496503114	36
-0.085840989119967	0.254489665083253	300
-0.024271713267622	0.15197284732426	1141
-0.118580533815378	0.172811717579067	1141
0.0392530370366	0.0806351596416773	1141
-0.084480641333977	1.1359814220066	1955
-0.00245429534541097	0.445539705880077	25
0.068126448594436	0.285088625560361	331
0.097816508276099	0.238669317778733	331
0.003098352182659	0.328699127537165	331
0.041185866402525	0.282738207842381	331
0.10288490780779	0.190780819599404	331
0.00279957018552199	0.309462788593498	331
0.010619310120645	0.267160987800842	331
-0.051197003760546	0.324841831198112	331
0.082380313181407	0.188490617751277	2171
-0.050671923738659	0.402573378090871	2171
0.04548566323986	0.32442228855758	2171
0.06065328411633	0.22018891519455	331
0.084948520863979	0.19126806850332	331
-0.012730504077637	0.303636588586773	331
-0.00512841262569103	0.277223132900047	331
-0.032708691856629	0.327896169432789	331
-0.03085708251925	0.330154523487884	65
-0.090160300711893	0.393819542441924	65
0.089649032998433	0.165579314863482	65
0.028776500655287	0.259475488515476	851
-0.08301916483185	0.322839572247123	851
0.033996234048751	0.229298617702706	851
0.031175759540975	0.231266683789749	851
0.028442240284273	0.161376380844485	851
-0.074134590290243	0.211556434087208	1864
0.119713181496826	0.115309933927616	248
0.095444828182462	0.0945578411644466	248
-0.00992251439016401	0.321533126520346	248
-0.034859521050237	0.329187232506653	248
0.050084572218643	0.193301790681454	248
0.00580680305738701	0.231528933251508	76
0.069738961896497	0.16650902902795	76
-0.042599308507712	0.317184392180685	76
0.07136983981039	0.149588634073609	76
-0.052451311145665	0.231208123273592	76
0.092953283047396	0.133524465880115	76
-0.110091684014498	0.33506735540642	76
-0.112391795243041	0.38504357224423	76
-0.119324714594393	0.392013732666091	76
-0.050484105071266	0.26474242122488	76
-0.067936897192592	0.299616364752252	76
0.077565873027757	0.144220910745571	76
-0.013377896984562	0.25077129977588	76
-0.088051515551161	0.332112170861095	76
0.080559230485394	0.144082984463996	76
-0.00646693912395202	0.269225162906371	76
-0.087659340514062	0.369326453136173	76
0.015868969770837	0.274368878160821	76
0.106028802325715	0.137661144357485	76
0.115332185200426	0.122481121960905	76
0.074433806154392	0.131993942869259	280
-0.044068527544315	0.306807386635962	64
0.014567348181117	0.234193486367451	64
-0.028901962986317	0.323642201143109	64
0.118412305529376	0.123099210404236	64
0.00554261523465	0.243906765052333	64
-0.021505894886384	0.14822478437985	64
0.096564694276837	0.100142742899534	48
0.043127825517669	0.188785956751698	48
-0.107887400646585	0.358818137002272	48
0.104713917277053	0.155896391555259	48
0.013300054631667	0.264865335271822	48
0.099977052093229	0.1405844262065	48
-0.082756225912608	0.391226464227045	48
-0.096294619560551	0.290866047650562	48
0.088191101183464	0.118622507441214	48
-0.00179936248888901	0.274891305868487	48
-0.121495875879487	0.45014806786096	146
0.026440618435803	0.200402656706797	146
-0.030285634305944	0.243732743465472	146
-0.122521605214361	0.358824059090236	230
0.109027751482344	0.0646581865869629	618
0.039726644257962	0.128066212805134	36
-0.124380432415759	0.237942568466525	744
0.038767538156696	0.128841669028468	300
-0.00341821268914	0.144212635019269	49
-0.02530106909774	0.15277000345474	49
0.040728687338269	0.080252287349635	49
0.078167081430909	0.0726514442628303	1141
-0.070473883359433	0.164680339197428	1141
-0.020211806173649	0.0878137245369291	1963
0.075191971149594	0.469867512170272	25
0.096997405123386	0.255672692195364	1955
0.062310836191952	0.341467885614102	1955
0.081153537569869	0.236167464773651	331
-0.046783633025126	0.430403777095542	331
-0.109242787608769	0.578391437021309	331
-0.06479942530074	0.472324687562959	331
0.108419620902449	0.163414925312195	331
0.05380606257984	0.235002470638573	331
0.069886036807551	0.196808204149205	331
0.037178112162019	0.224641807299345	331
0.039156259503264	0.311949523762504	2171
-0.029988430154956	0.269923666227619	2171
-0.018107699892326	0.276037070243723	331
-0.103012311430135	0.377787694066526	640
0.05059580366602	0.245310055819557	65
0.013780036002094	0.25120744829881	65
0.023500856741395	0.23993060364151	851
0.032384246463253	0.154351300370277	851
-0.117002320824887	0.439841951959603	851
-0.015181699788603	0.285849552686907	851
0.045198864525347	0.204511243996451	851
-0.026683509837589	0.286479766220314	248
-0.079333587633632	0.424913526024766	132
0.030194135829619	0.232589816811415	76
-0.115223496028761	0.440049106210538	76
0.0145076349319	0.25238595170171	76
0.102732429728502	0.185777674717384	76
-0.019657254304413	0.295947858058007	76
0.074948381868708	0.170869686947296	76
0.00783837002659499	0.301402049120335	76
-0.046732981334921	0.31997102928691	76
0.112626656011964	0.117138540873114	76
-0.00738445365611201	0.228836046410271	76
0.032418897140757	0.229186437257404	76
-0.093721773181913	0.478481187771119	76
-0.117689598563276	0.453218112668534	76
0.038104592335385	0.295655390466897	76
0.026351982766435	0.239279419287902	76
-0.077359037269289	0.33067210055377	76
-0.00604347084421902	0.248668721349101	76
0.022801364073669	0.223729305354789	76
0.020035757729804	0.265236169043267	76
-0.1116856773994	0.379122384522105	76
-0.025161830676268	0.220363009100981	76
0.012782252557678	0.234170996807337	76
0.07009360773591	0.193351982632037	76
-0.00954163702559302	0.309370363594994	76
-0.013584703316612	0.2761398997799	64
-0.043203212918881	0.296203333059149	64
0.058956301542838	0.156546815392848	64
-0.043819872676775	0.380301925785678	64
-0.043616006901666	0.281106721700707	48
-0.10932475819224	0.581324267087477	48
-0.033044782579606	0.267898432195505	48
0.120419414465236	0.123685680177104	48
-0.02794890926111	0.221891311250776	146
-0.075103238919063	0.281409042558265	146
-0.106219158525496	0.301296475283702	146
0.09979473550638	0.0956092829438516	146
0.07470590945028	0.1384753434544	146
-0.112075616931058	0.353399166238449	146
-0.080347119875613	0.217259764607597	146
0.011788153464152	0.132390068376753	249
-0.098065623374739	0.263134959233335	230
-0.034540989633713	0.197877616514451	618
0.094722446855378	0.119777227628954	75
-0.027474688708788	0.150772369220834	75
-0.073310559390021	0.278958407260993	1760
0.00345137857535499	0.170496467686987	744
0.007522817752879	0.14126871205847	744
-0.00496058659045201	0.143303016782023	49
-0.067731998515971	0.164072817922835	49
0.052120695582687	0.144696716398551	49
0.00277165386393899	0.197113522194612	49
0.03703389995237	0.0818186107263153	300
0.103268784691332	0.0650538612720612	49
0.036848791226316	0.0806039476515737	49
0.035923189544018	0.0815013777706716	49
-0.123260114952596	0.1739050905522	49
-0.026076226474001	0.0928720497576233	1141
-0.034813823534483	0.156338302869252	140
0.080731652193373	0.0705697822151784	140
0.084908222532212	0.0689274303596419	140
-0.122263237281939	0.232891924121795	83
-0.035159111169027	0.0968138470287978	83
-0.018988041201841	2.00276764188865	359
-0.058859083053245	1.28837709044328	359
-0.067737700867683	0.704243015000677	1955
-0.001018902212025	0.430423039096746	1955
-0.079921685812637	0.410324970537428	331
-0.039775693426964	0.344056800611349	331
-0.046986128167289	0.280876652786828	331
0.069062056252738	0.162397360699337	331
-0.010551066626795	0.195511543942466	331
-0.00136248040569797	0.31536010613962	2171
0.086626497691365	0.122222384459381	192
-0.085624533011487	0.369138271912237	851
-0.014024303227071	0.233801645861505	293
0.079409747624634	0.158857659236963	719
-0.111517812000931	0.302887297293755	719
-0.105741787912483	0.344994658617783	248
-0.055799009025766	0.334933447436068	132
0.087397025438501	0.161593548500546	76
0.046037631144984	0.240813069444037	76
0.112710139863051	0.100335708452783	76
-0.089606292229031	0.308642560294118	76
-0.078538858407966	0.336604776597385	76
-0.069548360919889	0.316255063756303	76
-0.018896419348842	0.258564819596225	76
0.012887471477116	0.21157003996037	76
-0.037994933024498	0.276654735079944	76
0.045211630278533	0.170768548173493	76
0.055726173246241	0.174748042812904	76
-0.06081384866486	0.327693288559203	76
-0.014847764962588	0.294002236344399	76
-0.037627508546303	0.388178749299822	76
-0.087859852121443	0.31381984105082	76
0.121588081539301	0.0857941330120547	297
0.042875152711984	0.127811585408308	297
-0.094772969117061	0.341417074731657	48
-0.00404431937656002	0.290801701785189	48
0.119636026986455	0.112862419233058	48
-0.026054310717699	0.238052386989442	48
0.052800446028592	0.143084743713924	48
0.097633971473127	0.128726462909583	48
0.00915191428854201	0.143159106466931	48
0.10134394888417	0.113286112765779	48
-0.071755940267822	0.204050845912021	48
0.00968119049742999	0.131165352498519	146
0.077650302562406	0.105723448020196	146
-0.117732972652498	0.388021772227874	146
0.078946387440309	0.126564062046829	230
-0.047846296393246	0.253505514201671	230
0.097545544028089	0.100016299669817	711
0.106391854406595	0.0640100874468995	618
0.033745539542537	0.154959319828381	618
-0.07866484972897	0.165844905103931	618
-0.029586935650215	0.153773486484492	36
-0.07942805072176	0.220971225193325	36
0.087383889485021	0.0690350501449139	36
0.110776572220685	0.0626539766415723	36
0.053518149294743	0.142201939453748	49
0.078042043053919	0.0724713718155944	49
-0.085471222772278	0.223781484074907	49
0.080627286932812	0.0714312806015921	49
-0.080716090098603	0.168187911211671	49
0.120052892711024	0.0596631873977333	140
0.116461728684721	0.0615067792119309	83
-0.028898542777048	0.0957366172670429	83
0.113784583471829	0.0598528122513715	83
0.119299122210311	0.0608407732666549	83
-0.035159111169027	0.0968138470287978	83
0.058510137818615	1.32194537023665	359
-0.055276724099695	2.1389541774138	359
-0.0280531614604	1.52716302455312	359
-0.108332182491309	2.09367473378949	359
0.069946188892962	0.601004712174086	359
0.064787197765514	0.653478087167194	359
0.091127719535899	0.481476414031085	359
0.036036870889273	0.634796437628789	359
0.119246301688627	0.307091026710225	359
-0.00749576905335603	0.606895261217555	359
0.051299829071221	0.193494392358871	331
0.124230428146529	0.131654196821727	331
-0.026548096389645	0.25204092371806	331
-0.068013480309014	0.24882878698099	331
0.088866876425727	0.135507151034297	331
-0.029560248625552	0.308794989026726	192
-0.046760259266941	0.285288568802418	851
-0.029475468818016	0.238604764566079	851
0.124856775704847	0.131198631751889	248
0.055783513901258	0.179521448616272	719
0.117275758847231	0.125151418279464	132
-0.0269571684568	0.350060771386879	76
-0.091982553315345	0.318343612073224	76
-0.105686768218382	0.322774533140237	76
0.018900922741178	0.269369600971309	76
0.030815470023682	0.210628355608452	76
-0.120500003305234	0.441577554270347	76
-0.086159824823948	0.412592341040932	76
0.022310440451504	0.165803906555889	76
0.060298685572491	0.199667151721644	76
0.042687725043513	0.173514429108873	76
0.114294991603595	0.0630992373406357	76
-0.107664829565651	0.287310775214568	76
-0.053045465963587	0.392928805718387	76
0.106980070586291	0.176758105717116	76
0.003518085857034	0.160224823869651	297
-0.072197483674484	0.213681398331076	64
-0.036582095991785	0.296220525613839	48
0.070927113615122	0.129080769228586	48
-0.101480709712572	0.264102554924578	209
0.05802628824517	0.202160299708195	48
-0.067731998515971	0.164072817922835	48
0.103031061985272	0.0923956107233959	48
-0.074185397257276	0.215145131050227	146
-0.045565920907134	0.255851220222239	146
0.052450050115147	0.142971502260733	146
-0.124349814258963	0.232954802315855	146
0.013785730397707	0.135260906818898	230
-0.121209367126115	0.464076016697146	230
-0.053457143648017	0.290295167588407	618
-0.04217724835469	0.203218704202011	36
-0.020735866430123	0.254026394194493	36
0.023702178322242	0.179551583232483	36
0.022426278339863	0.184801386232655	36
0.056086321737128	0.163943819743211	36
0.066168324679646	0.114978079967902	36
0.103050646144231	0.0638055617305076	49
-0.079380836726976	0.219658795773484	49
0.073445615304872	0.0721249681720078	49
-0.025511701858993	0.213321134956784	140
-0.030055988302856	0.0954808244390514	140
0.03703389995237	0.0818186107263153	91
-0.060136217894277	0.15020496168136	563
0.035257207333422	0.080130113434629	83
0.117593622901926	0.753006730245606	359
0.105310660880971	0.72939013264139	359
0.107003100560242	0.655316705995871	359
-0.037978137989513	1.57299862294042	359
0.027844448888406	0.829615615848866	359
0.016824563146329	0.612817351673952	359
-0.047772100634417	0.923112147989192	359
0.028831917287384	0.45095088253971	359
-0.00504375279993902	0.280780793854818	331
0.12425452060284	0.110021717266834	331
-0.002758216588711	0.223523555635357	331
0.067483758375478	0.146897528313276	192
-0.021882989929383	0.295436915051141	192
0.117471190940008	0.0857072018380372	65
0.038721944163129	0.166215644033347	65
0.055492814171858	0.177696697256279	192
-0.031612281312803	0.217354597507886	192
-0.00842121839299997	0.203441728438633	65
0.085966349746629	0.140093599490268	293
0.028248888574621	0.176455108908049	293
-0.022534287100415	0.302799058660981	293
0.09926137079468	0.138827726351842	293
-0.056211223809664	0.322423443412455	248
-0.058706388135209	0.249928073847884	248
-0.09070887570996	0.317919929608776	248
0.045010735870569	0.189551030232964	132
-0.074998652236409	0.332640595657568	132
0.124123470291421	0.121510818515944	132
-0.00823374387503201	0.277219034826012	76
0.014452667949324	0.261064138655361	76
0.083261410519689	0.169434107711269	132
0.046420201512982	0.209079730557242	76
0.085777976206827	0.165735151584557	76
-0.047214008283803	0.301810487145821	76
0.086879074904786	0.120801505410784	76
-0.054457646367343	0.398340687858219	76
-0.118786103961778	0.398359560875401	76
-0.06519280652077	0.281844848092342	76
0.022041697641919	0.230266101887206	76
0.115434426957732	0.116679892625367	76
0.000836330939319008	0.175661502118115	836
-0.025998417988755	0.241655474981475	297
0.050232651896888	0.273276095266211	48
-0.020357976861404	0.147655473565643	209
0.103358206212082	0.0907955859425885	48
0.033429823709202	0.153047128190217	48
0.114294991603595	0.0630992373406357	146
0.04721730915957	0.16185188869818	146
-0.031943926535761	0.182802390175368	146
0.043205729112892	0.187718353936063	146
0.078625859513001	0.12593666529032	230
-0.058242527168629	0.231451168723064	618
0.112795446112076	0.0869609496970669	75
-0.067918568650573	0.206129807279619	36
0.086338239966728	0.121382714875404	36
0.065049088397653	0.135367997611349	36
-0.108364090795364	0.307301882431291	36
0.03399474328144	0.0804596868651018	36
0.039993703717587	0.0784735417668255	36
0.086308560167236	0.0691793758203773	49
0.0578838953611	0.142259276526797	49
0.081683542486705	0.070597647901176	49
0.01890772292879	0.124716865669575	49
0.037959153636767	0.0809066230202459	49
-0.025323947068758	0.0876466595893528	114
0.039068755057898	0.0806207343972815	140
-0.120724956888436	0.174213459340763	140
-0.022823913781904	0.0911146802791332	91
-0.036098844566815	0.0973404834031559	83
0.09307172557131	0.658851156253133	359
0.069817539925552	0.115361003881268	331
0.006152684076977	0.166437994258622	65
-0.075928961873222	0.217707924012732	192
-0.00466045837339402	0.227604303103442	65
-0.077113788847906	0.30106399859521	293
-0.059876522245075	0.362073253289822	293
0.00383654577888301	0.239880060037237	851
-0.00271997059566897	0.300269838284023	248
-0.089316085598886	0.312940235303206	248
-0.106665070352307	0.405823975621106	248
0.096843422659831	0.131865848525787	132
-0.041234231400026	0.27921043475196	76
-0.02199068046662	0.216552032888746	76
0.118058227665324	0.1270558762887	132
-0.022006474398375	0.270134283815662	76
-0.017881624954692	0.256674752462898	421
-0.007566883142061	0.252634948514034	76
-0.016695354795184	0.232087924576225	76
0.071406890490416	0.125547700486893	40
-0.050690265863661	0.257286515374035	76
0.071505321169977	0.114281899971805	76
-0.080171761831259	0.307337709370163	76
0.043918222322532	0.127113191868775	76
-0.00794873176633598	0.184168629223962	76
-0.123311093688431	0.423313153563862	76
-0.056618117020855	0.240179303358001	297
0.046097148518547	0.124263529709437	297
0.007130181619173	0.144180338777637	836
0.071366051743573	0.243066496076748	48
-0.00504351561948102	0.221236008815671	48
0.114522005031474	0.102835926703921	209
-0.119772509980611	0.170477851944292	721
0.071410383487281	0.0726732252600856	146
-0.063725631978218	0.25867383765142	230
0.029908340119464	0.159279254717617	230
0.03814384877731	0.0815327017257594	618
0.046049313675989	0.123804762905827	618
-0.115726028692484	0.23235907317741	618
-0.07243861609639	0.292374939937098	36
0.011307341027457	0.22109312331638	36
-0.118966803105969	0.22893977928641	36
-0.057222331401058	0.234718587294063	477
-0.029114534377451	0.0930108090578141	49
-0.025294923725131	0.149412628446689	49
0.033040039491023	0.0826547724511613	49
-0.030055988302856	0.0954808244390514	343
0.059162411487675	1.0474745138525	359
-0.037767769552873	1.66697025499805	359
-0.070643178570657	0.906102431779926	1351
0.089106570281625	0.151074630838989	25
-0.114904611952858	0.327592111579829	331
0.051441121352147	0.143545038358352	95
0.038600606725917	0.128655854883057	331
-0.072745319039854	0.17048293258122	331
0.061580962817191	0.117557786982778	65
0.077892861445345	0.21716853453324	65
0.079010225218433	0.129922682248237	65
0.031778793358556	0.212204043005313	851
-0.097125091854281	0.430796689628908	851
0.020015641739902	0.215587908126567	851
-0.120788371981206	0.393629626429823	851
0.025954805344018	0.250268935366524	76
0.106784253768998	0.0929263803301218	76
0.036555042451816	0.131927457434603	132
0.115311805866713	0.104210636247413	76
-0.00989239035452799	0.231648091527942	76
-0.055518154024343	0.270145294102866	76
0.106749973734708	0.09236734970973	76
-0.058959477983192	0.242930086475085	76
-0.099688982619176	0.306824748858935	76
-0.068917228251396	0.275576639329351	40
0.124242265359521	0.128082414132505	76
0.00095169006392401	0.313163750245095	76
0.110764170465887	0.106279817467365	76
0.036547325198025	0.154118552034802	76
0.113398904901396	0.0615853312824888	76
-0.033741701656157	0.153914425305192	76
0.046519795200659	0.0754187627477602	76
0.04285315904927	0.122323681432759	76
-0.076374636036898	0.1698241957001	76
0.082897599806821	0.125531796451311	76
-0.064868306155635	0.332512420036573	76
0.00706352102423699	0.288256489357438	76
0.032205165928321	0.190353112573504	297
-0.044974832725247	0.203783258809491	297
-0.00842692516877702	0.179751394437512	836
-0.08394969716074	0.253830154018437	48
-0.00163041675977699	0.179805885619469	48
-0.07421177818518	0.357848941010445	48
-0.028702481061535	0.156222778557455	48
-0.023303067740775	0.151603316567178	48
-0.047347061897263	0.370798172472051	146
0.118091801611151	0.100814870077949	230
-0.028061414801501	0.25830674658266	618
-0.036533108851835	0.223866251931287	36
0.00511580327247799	0.198403861775819	36
-0.123202178117031	0.235177257590757	36
-0.043450178951852	0.256115139774528	36
0.050301070254833	0.203857104819665	36
0.047624474259856	0.0746085042382329	36
0.00875868097217	0.138057553582725	36
-0.030626461457037	0.150441836503434	155
-0.00420089086843101	0.1818160580117	49
-0.021579181761662	0.0879630122514165	49
-0.026801042628061	0.0925825058226694	49
-0.036098844566815	0.0973404834031559	49
0.085030128625167	0.0670729709021401	114
-0.072728786678938	0.219187986994816	114
-0.070568259856925	0.166829409056073	114
-0.059877076202001	0.155798830350623	1141
-0.07155753259965	0.165370782871457	568
-0.032155861492715	0.0943080763175666	568
-0.031182188631881	0.0937406730108137	568
0.080826029214067	0.105935134775984	83
0.098886945505407	0.0651316295070166	283
-0.031054570859138	2.05808573578733	359
-0.021982647235972	0.642380369200888	359
-0.065829945266795	0.813492027477613	359
-0.109415609405341	0.26860630982028	95
-0.087868489370705	0.338275462085598	331
-0.075051650099735	0.170169921977187	65
0.010021045460174	0.298757828841911	65
0.041843128111849	0.125756200815449	65
-0.068573652429259	0.163018674640398	65
-0.104519982618954	0.268835144486476	65
-0.000655254993753018	0.169611891419689	65
0.080877810243655	0.0704668001769103	65
-0.073151005744867	0.290748223302957	65
-0.007986368894848	0.303584677927985	851
-0.10697764743533	0.402956767558545	851
-0.036027809620745	0.198520842733895	293
-0.06972295775512	0.325345267909623	248
-0.053792431564981	0.237429516047059	132
0.0859271617383	0.189865495374013	248
-0.00937120587056101	0.219166842479708	248
-0.047141274599342	0.255490433384722	132
0.00674921339562401	0.195608462575076	76
0.061228711209248	0.136555390012954	421
-0.057515003391583	0.325936708824922	76
0.114536104765014	0.099916725165681	76
0.095521932280031	0.098934189481437	76
-0.06913818199111	0.210466057284558	76
-0.062222591327241	0.200416877351879	76
0.070526496691036	0.227325611559652	76
0.114294991603595	0.0630992373406357	76
0.079536451291198	0.105640692360698	76
-0.055249002355816	0.427325886612195	165
0.099467319366958	0.129248379182937	48
0.078703392092642	0.146514595166444	48
0.081839504880547	0.139422960482891	48
0.097316797121861	0.144024046566466	48
0.010636224180932	0.156189464215291	48
-0.028613312052112	0.151039823318334	516
-0.023793304466072	0.262326203035245	146
-0.022726055035699	0.146063536020296	230
-0.031666518709319	0.266276940368541	230
0.103536447285211	0.124939907965892	230
0.030413174854624	0.158401108990436	36
-0.066389120583191	0.16499451290068	36
-0.094045405446981	0.319627364462094	36
-0.022715831667611	0.257979009267181	36
0.00391745983737299	0.142083284878277	155
-0.040052525218877	0.094351975156074	49
-0.039337641790187	0.0929773477795492	49
-0.028682693682132	0.0955856767997894	49
-0.024192482547224	0.0920704378683133	49
0.048210700161013	0.121912070791903	49
-0.033999744313216	0.0965769184018093	114
-0.062183769914346	0.158210912653671	114
0.015261292356112	0.132538779826648	83
0.079949962283954	0.0693893283291872	128
0.095631067357123	0.994727358435219	359
0.04982179973958	0.497880532529925	359
-0.086584677320677	1.0583771973699	359
-0.105806882489212	0.304610410531105	331
0.057504177600081	0.206974112376346	331
-0.029879099849206	0.223181998377997	95
0.087833617221601	0.123448982070231	331
-0.12325094795717	0.243134367329833	65
0.110260899877138	0.149349426519379	65
0.09663924583577	0.132623312704704	65
0.039621858899978	0.175302099683408	65
0.101697957776752	0.180619640626537	293
-0.057507791840538	0.289307650132555	851
-0.076813216334089	0.375238103344166	851
-0.048434677556872	0.366839476746162	293
0.101844238669293	0.161542049183258	248
-0.00208335588821101	0.261811201863286	248
-0.056292892045223	0.28849605976875	248
-0.005783901448779	0.30088435304478	248
0.096105233659063	0.117311286986716	248
0.121345483360634	0.0976909380758797	586
0.116874135005873	0.118258235364981	76
0.099631628862305	0.142435291996759	76
-0.00994162501541101	0.265585870298866	76
-0.023303067740775	0.151603316567178	76
0.008822940401845	0.137947586789996	461
0.070234623527489	0.201214286471277	76
0.117678595759542	0.139291690647335	76
-0.087065603733836	0.248570284012617	836
0.031061902625067	0.246470344589572	165
0.011701208134333	0.227337126808792	165
0.04574941248527	0.185343140986205	48
0.013119482398729	0.404199860390103	48
0.044901608841206	0.203927744130877	48
-0.052411151038599	0.333587638640903	48
-0.088848915348991	0.254303121780784	48
-0.12301049670541	0.442768694716446	48
0.080332159391566	0.121416867099985	48
-0.090878389122498	0.278927889767205	146
0.062564680812616	0.171030391752695	146
-0.075051650099735	0.170169921977187	75
0.115160175349236	0.104774184757648	618
0.119829530167054	0.0863913667738118	618
-0.076150049651497	0.216398753770556	75
-0.055178099388932	0.239986853560673	36
-0.031141514258397	0.192902997846556	36
-0.062700359809429	0.243383780670822	36
0.067904450997837	0.137130571360253	36
0.00971597545008299	0.215969933277124	36
0.051918278389411	0.163005929042579	36
0.00807772805666601	0.143566391898313	36
0.044960643892203	0.125890337913883	36
0.004045112729893	0.143708671354257	49
-0.086102773097706	0.167005113038141	49
0.072917225408686	0.11202642271371	49
0.082759178390551	0.0704576379852405	49
-0.031410475141449	0.154877924278663	114
0.076019575675384	0.0713318334541274	133
-0.080092706093169	0.222413578322855	83
-0.067354374723878	0.210429136388678	194
-0.026206587431586	0.148228241843354	128
0.063949831485773	1.27867537818778	359
0.064525786594135	0.165792228524396	331
0.00281638785399399	0.176552829730234	331
0.032280482192799	0.157313689783168	331
0.042875152711984	0.127811585408308	331
0.041081545159502	0.125772103782476	65
0.083853785324985	0.100238028776421	65
-0.025627948822628	0.327384671543808	65
-0.09595832348775	0.349206636174605	65
0.015315893654155	0.164183707096746	293
-0.078872167020131	0.30324246919916	293
-0.093163694060661	0.413746183643428	851
0.027619372235587	0.221919780192594	719
0.060153435810448	0.195966807784555	248
0.019891143837538	0.207394054627188	76
0.05230833866431	0.161351733566929	76
0.05169950764031	0.172860657944633	76
0.106841675180655	0.132965078499299	40
0.050820140034575	0.216496648894459	76
-0.122354384853237	0.369589755010902	76
0.104479014854622	0.160286596567639	76
0.011175314875606	0.138692313985021	76
0.043971998628921	0.122612979727631	76
0.004397986009648	0.197944664383571	836
-0.086998944668803	0.257506960881298	165
-0.065465681454458	0.3625416358178	165
-0.110860380069076	0.331017369941986	48
-0.099278594546173	0.355893190351595	48
0.089633396527184	0.188009199926132	48
-0.067192872341014	0.235903842370645	48
0.014481230247866	0.212172774782552	48
0.047157331273358	0.122131479077376	48
-0.032657860266576	0.196153042188962	48
0.009277253580766	0.141379979692718	75
0.00756127214209501	0.141149038616256	75
0.08021651909499	0.105279507021114	230
-0.024638238326061	0.147068185125477	618
-0.08649093285746	0.252688718336539	36
0.110520197163332	0.120342935637059	36
0.098408862323988	0.0969863316583305	36
0.027891313714473	0.173744840560286	36
0.119487956083193	0.0568569078693558	36
0.00366959237970399	0.175510025809284	477
0.115516911873601	0.0620413727102297	477
-0.115688044339899	0.30603538190959	477
0.113527659624664	0.0618483589917743	49
0.032281839551986	0.0829867327424656	49
0.038328520980245	0.0807209199286037	49
-0.122749738014041	0.17431100031851	49
0.070328207622659	0.0717562226250695	49
0.115633094576256	0.0608954825416231	49
0.043378008978547	0.141822293999075	114
-0.036319327496442	0.0954217436703172	114
0.03814384877731	0.0815327017257594	133
0.118028054410363	0.0604327829438798	9
0.071734429019885	0.486232540883865	359
0.006755127999866	0.278846362196173	331
0.01150864970414	0.272229327470498	331
0.124193755997933	0.098230658184179	95
0.116143453516984	0.0992435310492705	331
0.019503765260951	0.18774558857235	331
-0.091955030970425	0.262212433606219	331
0.011279748282234	0.139396144339883	65
-0.088893483522522	0.38858552856242	65
0.023871437502221	0.159332930777436	65
0.120454453159678	0.0875428226131684	293
0.074051441482329	0.123765511265185	248
0.029030549630603	0.225082985680064	132
-0.123248006941686	0.244742190023701	132
0.026056538494459	0.163888742332704	76
-0.00703589267083099	0.216757294444344	76
0.061787691166741	0.159665232712242	76
0.105868133212378	0.107563244130824	76
0.013054587133755	0.244291680018732	76
0.118231083881635	0.114305387676407	76
0.012459217226604	0.212065751452373	76
0.122104624940175	0.0855828297495419	76
0.028418605296138	0.21555108188236	40
0.028668488163823	0.177420817916252	76
-0.019755726362739	0.318675994677825	76
-0.067727584885394	0.21027498754599	76
-0.056622187104426	0.281614308665819	76
0.119226126397219	0.101529887996217	76
-0.00698366089345098	0.183760302327467	76
0.071639358433904	0.150122239110477	76
-0.00202897335885299	0.260667300435068	76
0.111020590908316	0.155676043627597	76
0.020454983129437	0.185586448824799	76
-0.060152149857841	0.237377431683625	48
-0.081792610700839	0.292926190084966	48
-0.078233732886693	0.214427591695876	48
-0.087800741089905	0.251252737650445	48
0.015841254002035	0.183214761784508	48
0.068387585679807	0.111212120053014	48
0.09536286889523	0.0966614552797308	48
0.070897222032108	0.113885655698071	158
0.010840932323593	0.136197090952262	75
-0.068561875718078	0.164055293696147	230
0.121249879380379	0.0861293171248186	75
0.110238521569631	0.0636923346807643	75
-0.017032265234733	0.206409040468492	36
-0.026582403632881	0.190381450838026	75
-0.02462638888486	0.217667048983648	36
-0.028898542777048	0.0957366172670429	49
-0.036098844566815	0.0973404834031559	133
0.030057890763664	0.0835825248802854	133
-0.070568259856925	0.166829409056073	133
0.082759178390551	0.0704576379852405	133
0.036985873646432	0.0813234218572748	9
-0.00173858683674999	0.256691306718938	331
0.065564983061296	0.135475467089024	95
-0.060858227403081	0.23776676411435	627
-0.038131754149548	0.195039894807704	95
-0.053581441355261	0.236487031860439	95
0.060418441350478	0.169770370603521	331
0.085291827493287	0.101161770805168	65
0.00908942605226201	0.141803652472936	65
-0.03463878889433	0.19367983975658	65
-0.075157741054572	0.215952650096639	293
0.078465051502451	0.145852384011309	936
0.00861570633876799	0.187135986295421	851
-0.124253834381046	0.231441944542544	293
-0.042592600952695	0.199082409543025	248
-0.059031917463066	0.196224387277512	248
0.014858757854347	0.13563270303397	248
-0.124302703641575	0.363881502934492	248
-0.057718283201918	0.289730300405283	248
0.1166058347506	0.0970616081707692	132
0.011153628023495	0.141026527194721	132
-0.044688744237355	0.365107803427559	132
0.061852083650493	0.169275578825713	132
-0.091413996449713	0.331171558912125	132
0.026014932178812	0.182433644438882	76
0.057332179245662	0.143858994364058	76
0.102102239344915	0.0969985181479352	40
0.044759744696549	0.196397253717458	76
-0.032871139715408	0.157218017550739	76
0.083711533098969	0.0699376617208787	76
-0.029658706424517	0.188247478538051	76
-0.098674553009902	0.263214608795279	76
-0.025763177033283	0.184843623934055	165
-0.108029117937614	0.329487507358706	165
-0.074185397257276	0.215145131050227	48
-0.032145158403567	0.193637587321627	48
0.000514197601040989	0.177371926293343	48
0.079816849272806	0.106582470044361	48
0.034514794996444	0.174501900408647	48
0.113527659624664	0.0618483589917743	721
0.100416991181912	0.160533827965927	158
-0.065091063136393	0.264022426201065	158
0.08020198161257	0.127587781485977	877
-0.023199828693742	0.184619880298464	877
0.00137669937910301	0.144352147920623	75
0.034373616974633	0.123937231994666	75
-0.071692847997213	0.165005190022099	36
-0.026625260851463	0.146325741268798	668
-0.087138674871776	0.219766800449944	477
-0.033999744313216	0.0965769184018093	374
0.116401188322867	0.722023052538499	359
0.000126206294260994	1.36763121468624	359
-0.081632358600777	1.97519909306411	359
-0.030075834441005	1.25991990605447	359
-0.025809203836141	1.00519733348	359
-0.090473778285588	1.15721647502176	359
0.009943480401192	0.237699808946437	331
0.016888994805406	0.230436529829549	331
0.066067113842092	0.178433250780895	331
-0.057611807371693	0.314844750992558	95
-0.019047919049652	0.236584081349182	627
0.085075330394409	0.100926611828179	331
-0.058940178596807	0.152634439912223	331
-0.0708291883414	0.575771892166735	192
-0.087734262399921	0.251941969004273	65
0.003255244009259	0.175286722261022	65
-0.034093049208867	0.152733983924421	65
0.082311141536017	0.126591224187652	293
0.001205097154309	0.201619147765455	248
-0.01630425141539	0.140522347152974	248
0.074998760198928	0.176055417372961	248
0.023980057765142	0.164299018807216	132
0.081035241092155	0.144773760610585	132
0.023981724683618	0.222336519190461	76
0.109278460445675	0.117806977496259	76
0.077878283024377	0.129364376405971	76
-0.081858683391708	0.303437506523449	76
-0.036393750355815	0.200554563160712	76
0.083920422800863	0.123083217286065	40
-0.108906531379583	0.293233445588692	40
0.12340184537239	0.108934345024701	40
-0.089567410044286	0.431965821114954	76
0.068872248078469	0.230452328591033	76
0.110776572220685	0.0626539766415723	76
-0.117834211380339	0.233831339034535	76
0.101122185125286	0.0979962793749801	76
-0.070860996747069	0.212214705601874	836
0.029315859003586	0.217236745743096	297
0.00661860493470601	0.376042190612993	48
0.02248037532212	0.194816849936927	48
0.071296528487514	0.11156258086873	48
0.00439766740678599	0.145163014223618	131
-0.028702481061535	0.156222778557455	158
0.074231728321505	0.174293307846551	158
0.087712518616487	0.164970825529989	158
0.081830485133163	0.071428809358877	158
0.015060202808963	0.135109943787203	158
-0.097498580053785	0.292034611646615	877
0.047112074899333	0.124763010994575	877
0.004045112729893	0.143708671354257	75
0.013926181034978	0.137268411510888	75
0.105321094841461	0.106525261774889	75
0.120052892711024	0.0596631873977333	36
-0.090688098949462	0.329120859156924	36
-0.028682693682132	0.0955856767997894	374
-0.082637164292301	0.220291357065019	1842
0.082635994141032	0.0700799199720234	385
0.053568458085734	0.115710504796875	167
0.038693289635531	0.0789375283484793	9
0.036832419636315	0.081506877118157	194
0.102287673572458	0.665968381938823	359
0.064332760709832	0.801181825172795	359
-0.082553604148007	1.61301784799193	359
0.124717613586621	0.146517139859912	331
0.06795417701933	0.18885385023228	95
0.042050950419379	0.148047246025453	95
-0.00198998241693399	0.22472197797605	95
0.069136538627101	0.134445743690422	331
-0.119289683472375	0.341429547818077	331
0.042942015810557	0.12653405856143	331
-0.03201130313869	0.219793656415156	331
-0.11305799621522	0.338073475940117	192
0.040838094556321	0.174405386943001	65
0.00183258745746501	0.237103244933555	65
0.026377407569264	0.178437949550882	65
0.038099392085281	0.169202698851515	65
0.034673936114146	0.174451943863923	293
0.090802580890629	0.164909108814544	293
0.078181194192111	0.103664560786754	293
0.015653704957989	0.211011073992437	79
-0.095485284182399	0.36449732518658	79
0.036955372879672	0.177590630079724	248
0.091746476153709	0.120661237386376	248
0.087552457554764	0.151903175350135	248
0.074567297127701	0.18292843482124	132
0.060225143022341	0.173426205793531	76
0.015120230446262	0.212659377008777	76
-0.033028373024242	0.273142682481988	76
0.098063825086763	0.115926183785884	76
-0.085241589985988	0.283103366390018	76
0.08056500975857	0.178944286004457	76
0.098624203062755	0.0984733928478911	76
0.025637387381271	0.163376353935494	76
0.095706244061727	0.0997924837885756	76
-0.068749966117285	0.210985643582207	76
0.020821891841826	0.225071582378529	76
-0.059845240142661	0.254539696936075	76
-0.070209988024376	0.204080110764621	297
0.097697512869485	0.129773660417267	165
-0.014250919218535	0.322746106924031	48
0.076572330029828	0.107583075128706	48
0.033006504953302	0.157629005263681	48
0.039781759289319	0.128757043044653	131
-0.077722647808176	0.215174993304225	131
0.01570023645895	0.259051717030306	158
0.074222331335684	0.111988667570574	158
0.04285315904927	0.122323681432759	158
0.00106856277569201	0.201134383433519	877
0.018427874329438	0.132594904901302	75
-0.066079489278997	0.266005514892118	75
-0.076277385760976	0.168464106291284	75
0.036120715410202	0.176498326532976	75
0.059341885189549	0.141470229305897	36
0.04299723981139	0.150237299899453	36
0.023572151528468	0.160624277322824	668
0.001633121067074	0.17595460874148	477
0.033885811090734	0.0802081356048358	49
0.078042043053919	0.0724713718155944	374
-0.075051650099735	0.170169921977187	133
-0.026290949755779	0.0936966760821788	133
0.117895371194807	0.0607623973466385	9
0.090011486544307	0.724088563053596	359
0.00311304688581601	1.08678402676	359
-0.052082838665916	1.2776234694324	359
-0.015104493392227	0.670050615983476	359
0.099712925424249	0.171488895714549	331
-0.029987952991595	0.264014329837423	331
-0.060306953855402	0.237363829247962	331
-0.111511892036095	0.305786289536708	192
0.061480490131368	0.136708681062698	192
0.077416134965732	0.159895120230252	192
0.122120923700917	0.0819161219972856	192
-0.093799470754465	0.255973674642281	192
-0.108175872385845	0.302470737777199	65
-0.090421970874246	0.410042126941246	65
-0.120720895747282	0.288970686349544	65
-0.012874353199207	0.222008330128872	65
0.00196307531813	0.174444075350591	65
-0.123353514945799	0.371335522666008	293
0.029537415442087	0.203042952756619	65
-0.074485773771882	0.239322804976865	79
0.020434137020197	0.208332883250769	248
0.044705894990761	0.184632996347346	132
0.000213326560141003	0.236212104604126	76
-0.050771791264833	0.263546898820287	76
0.051648562990868	0.164135987452629	76
0.04618891735854	0.204371860911738	76
-0.035472427931579	0.186806849399806	165
0.118582364954663	0.101223732550552	48
-0.096169395891954	0.314791809813477	48
-0.021094369130081	0.21142411692691	48
-0.071828395568218	0.162830208815523	48
-0.030717758498252	0.30218603957288	158
-0.067416517470994	0.294331847452993	158
-0.029839569510005	0.0962689794942149	1
0.046070530920439	0.125982946235986	1
0.074008848167929	0.110428670675942	75
0.00284122276153101	0.141214419401469	36
0.036567014606051	0.131138121147358	477
0.078995722214795	0.0714005985849426	311
0.107346801506446	0.0606887870208211	49
0.035737666808269	0.0792582253150017	49
0.116506204183437	0.0603915742618442	49
0.038508850337435	0.0786060866772154	374
0.114605360159308	0.0614560500150464	374
-0.119652363657953	0.173953570821097	157
0.122072665424416	0.0580891844062323	157
0.039068755057898	0.0806207343972815	157
-0.030272549508974	0.0914582210886046	157
0.037218986264292	0.0816149888828389	133
0.075184369618474	0.0718378980735465	133
-0.036098844566815	0.0973404834031559	593
0.086431293739847	0.0692125895636345	9
0.088777317110219	0.0639363560688088	636
-0.062087611549779	1.77559122523727	359
0.01038366328421	1.05582616152102	359
-0.042542504534658	0.293487071731444	192
0.099917087997678	0.126850009488057	192
-0.112472469199309	0.333112652415762	65
0.062802189050586	0.187528632873842	65
-0.114572196210558	0.394356780846391	65
0.014015152013174	0.241467997359515	79
-0.037134646291252	0.243868419818435	79
-0.1080986198776	0.304549101728009	79
0.102278752341953	0.140732209232872	79
-0.108892858666524	0.402203569159527	79
0.028991634769933	0.204581803377128	248
-0.065559484276433	0.407149132494976	132
-0.037214000823992	0.242136057051207	132
0.014313289900603	0.303085449670062	132
0.029585900122208	0.215503877596733	52
0.027107554031723	0.220298707165262	76
0.118006178414891	0.113869336505677	76
0.090565837335114	0.162508213382068	40
-0.059952783529804	0.317268737030392	52
0.11563055343918	0.116666242975897	40
0.122386249319445	0.133419213562029	40
0.082109024762654	0.140386525700413	76
-0.045388784830135	0.252181896440245	76
-0.000234454931833994	0.169887958304578	76
-0.1081685455643	0.406566645250168	76
0.0029270908632	0.175184463707415	76
-0.029436694282304	0.221360673467249	297
-0.072302703389704	0.32731401597007	165
-0.053561123588873	0.266359602591513	48
0.003301056084619	0.168773824004438	48
0.056986165084702	0.154834228740076	48
0.031039524511547	0.15534053101072	48
0.106852772132191	0.0904068091663965	131
0.096817017216193	0.131101028790916	158
-0.024638238326061	0.147068185125477	75
-0.07430695700471	0.214667675987879	1
-0.018176264533508	0.14629309717567	75
0.012227179134658	0.14061694890319	1
-0.025362358665614	0.152343490350929	1
0.077593957312037	0.106122345984251	75
0.043013770631728	0.123798047633695	36
0.086973673698346	0.122274801066292	477
0.043657931219661	0.16221078826679	477
-0.081671905852308	0.169548544433616	311
-0.025534084718321	0.1465301700236	75
0.119916207984051	0.0598344452054936	49
0.0329958439257	0.0785483403785226	133
0.076019575675384	0.0713318334541274	939
0.094592115142943	0.0611841896060141	593
-0.032841225709556	0.0946266591721753	593
0.109167584851697	0.0639854994643591	9
0.040177596506253	0.0797381412209442	564
-0.098567132086997	2.29828151305189	359
0.070206451738095	0.361035544579945	359
0.065761103055379	0.201665499582348	95
-0.112994388183006	0.377829356287537	65
-0.071691756198686	0.412058658136642	65
-0.030198148506576	0.313685574106439	65
0.068319543450504	0.146571375804796	65
0.112177991380336	0.131794292049571	65
-0.101338141863189	0.402937355345763	65
0.000256793897766006	0.300058193571074	65
0.048378065016185	0.193954132531366	65
0.048591579696341	0.180061549018016	65
-0.021643779669628	0.268517981437302	65
0.101351624844491	0.0969804446507701	293
0.00270630377440001	0.176509602920918	79
0.046305170355341	0.166741446875338	79
-0.057511629288029	0.329838399005959	248
-0.10309025748387	0.370063299507269	248
0.112460659149058	0.120938725335682	248
0.110216815984274	0.120254009397374	248
0.078663581381762	0.127459519529982	248
-0.049292910532595	0.247550005713245	52
-0.018329050858227	0.27675919065356	295
0.120771280811615	0.10004168791327	76
0.052550888281973	0.180096739787782	40
-0.048259214805896	0.305749498734163	40
-0.027843275689534	0.286153319725086	76
-0.111646039410507	0.38910231670609	76
-0.122294563388704	0.38841994770554	76
0.117742033924561	0.0886991540792081	297
0.00365608187809	0.19644387942849	48
-0.000713549837984995	0.202420925725188	86
-0.0584902426076	0.271274870148116	48
0.006829386305375	0.166060392785684	48
0.020223839257073	0.183510533249972	48
-0.021094369130081	0.21142411692691	48
0.014158944004003	0.207806042817278	131
-0.056486742506541	0.353044657401886	158
0.086647259862709	0.15426794596549	158
-0.103573317199399	0.282820528889813	131
0.021466716827289	0.16526591573252	131
-0.041558569345371	0.198907217137461	1
0.065780851360331	0.115009615053802	1
-0.06794071307446	0.153158947860264	1
-0.031653069382039	0.156261391255294	1
-0.037481192484562	0.200867764710651	75
0.00862347358023	0.137577462981197	75
0.03320513725886	0.0829092227871215	75
0.042579821326961	0.0779100854452091	75
0.081830485133163	0.071428809358877	133
-0.039394108719327	2.19236899419125	359
-0.078654672663015	2.02778036121506	359
0.122405823071604	0.191066285568279	878
0.108306825535548	0.163645675722264	878
-0.092783943567714	0.398774655006332	878
-0.099447474783413	0.369837396492851	65
-0.018144534059754	0.273654402537607	65
-0.091517143106968	0.307541054881407	65
0.026276288539937	0.201186368535818	65
-0.068379254681919	0.26847983248325	65
-0.064166656228332	0.290391808163537	79
-0.016549147511838	0.227992993493888	120
-0.045561224910374	0.260194847892181	79
0.057513129155492	0.177181754988045	424
0.094892700155948	0.125597630014754	424
-0.103015078701535	0.353004197739268	248
-0.091588106507372	0.241918963059658	248
0.075183376161862	0.144100995277355	248
0.055198051018896	0.14272627872316	248
-0.043269294256631	0.235232723454746	248
-0.084691264903662	0.306338169612219	248
-0.100014418161799	0.37663420024669	52
0.079823366256168	0.125913799107074	52
-0.044980945201119	0.250697478217675	52
-0.089789012899871	0.363216394085069	52
0.091375241906656	0.132170148836817	52
0.121019577605512	0.0978278324731129	52
0.089530667564454	0.11740570946242	40
0.122818263955351	0.0835473023156406	40
-0.067796448412361	0.301887705168976	40
-0.05822236485618	0.317856244335461	76
0.119379156082907	0.084358336990425	76
0.099160418265763	0.0989930383696244	48
-0.023884335958438	0.184837273554464	48
-0.100070138086457	0.342262364675941	48
0.024471743168475	0.180515490886348	86
-0.081950700015272	0.240522786505575	48
-0.031992575293119	0.252432837143668	48
0.038317920568579	0.202743539312087	48
-0.067135170879274	0.343020106375208	131
0.027730089840017	0.19652343200174	131
0.000351699745843009	0.202043653032274	158
-0.023681083647382	0.233806301281767	131
0.119386914005948	0.101598979104592	131
-0.032132822873021	0.195088350158117	75
0.00983172680418201	0.137390507377089	1
-0.072914884289159	0.161068908770435	75
-0.070460621489626	0.164342898263181	75
0.12087684974641	0.056773216490069	278
0.04183746601596	0.0799651577582158	277
-0.029623293213721	0.0939718402556729	566
0.054375117969025	1.2076005966591	359
0.118232117755344	0.227328531890557	878
0.119678275643897	0.221284034304185	878
-0.111646674299371	0.600419114396307	878
-0.048172788760904	0.39222125693477	65
-0.037409857013935	0.376600592944872	65
0.044996006747113	0.264633620191254	95
-0.098444261958085	0.554637641400414	65
0.009409893170025	0.313760621430051	65
0.015310501121235	0.299636740496028	65
0.013021604902632	0.213038261530747	65
-0.109288316070245	0.29982000846187	79
-0.025452945714689	0.242338955293504	120
0.056779921254905	0.141137971330165	79
0.041910211171504	0.168751518250239	424
-0.028304342993643	0.301843725623042	424
-0.034300506633784	0.227710627662311	248
0.118423115168469	0.111884356411342	132
0.008834043234204	0.237038063059346	132
-0.097519881003767	0.39743259470634	132
0.094169891649364	0.130964390318812	52
-0.121307541758541	0.397993540491197	52
0.046686486553768	0.195737307764355	52
-0.00157985191419302	0.245978455950294	52
0.119175689037452	0.113636455539005	52
0.000144506860652011	0.1793063850082	40
-0.013578202992603	0.244414415381328	76
-0.048215389064075	0.259059482771671	76
0.00528365803515099	0.193399872680669	526
0.070692117528455	0.113162873836026	526
-0.108414981974526	0.422913034387308	76
0.025318862944306	0.218869475671783	76
0.080877810243655	0.0704668001769103	297
0.00452675548231901	0.234232928358522	86
-0.029248024705325	0.308654306538292	86
-0.037459769872808	0.343748397301978	48
-0.00219753392973798	0.174156608174097	48
0.105657416988367	0.108712608667087	48
0.022498878246649	0.222510011486208	131
-0.117639663713016	0.409487478829444	131
-0.066274390216995	0.314363265552999	131
0.04817895782343	0.173720757567319	131
0.08627683021133	0.138243067133678	131
0.103411317871927	0.0654556604364533	75
0.110850009937934	0.0626945990899367	1
-0.073828994421362	0.166876408915689	299
0.00768492768397799	0.138212512250391	1
0.080607162726839	0.070290493607495	1
-0.030459802219183	0.0931856557605895	1
-0.031182188631881	0.0937406730108137	1
0.015443599556962	0.135326882488538	75
0.040361465745958	0.078621951345426	75
-0.071640206341683	0.21789130104173	75
-0.073143984903836	0.166125977455298	75
-0.122151543142588	0.234358333063166	75
0.097121289229862	0.0975212257864947	75
0.035183526332847	0.0805933806520758	239
-0.096437361709224	1.04309945830313	1755
0.06927053804005	0.392332465909266	878
0.061282754820141	0.292623927487504	878
0.038905023508027	0.348102304389036	65
0.087252397496724	0.223607663323675	65
0.112201800877479	0.178312491301006	65
0.029597207750196	0.31136691579407	65
-0.04482146205658	0.397401815207719	65
0.042204118121669	0.243666781092425	65
0.038424579793546	0.254105370342758	65
-0.094154892437841	0.266424562018019	79
0.045895562138655	0.217713462024023	624
0.096317936010549	0.123555312825006	424
-0.062129435415474	0.237157264259518	248
0.033531796745431	0.175438530040792	248
0.084583169874316	0.123914278027764	248
-0.053712711782633	0.260287098753654	132
0.06222051477436	0.155167950242174	52
-0.028328444017582	0.267629035275862	52
0.041073644426798	0.220251464736117	52
0.111013964069762	0.120433342476023	40
-0.035503721574578	0.339569996404993	40
-0.05770611821593	0.37140394968233	76
0.105093939999851	0.124093330118584	526
0.121553279994393	0.121857810749929	76
0.104102811520784	0.150881313712946	76
0.085275624992894	0.135930841316041	165
0.06410705402073	0.211649498515467	86
0.103897908201113	0.151862295267247	86
0.072764538566452	0.180435145594237	86
0.063723022530229	0.136095942708507	48
-0.00638281552953501	0.318027732458304	48
-0.00218472015912602	0.279633552219568	48
0.031719154159226	0.253456844903934	131
0.0276422216213	0.234850193807764	131
-0.063870579791925	0.263279959939934	1132
-0.117967412896756	0.428726857858073	1132
0.083342315051803	0.13995689117393	131
-0.02723256044472	0.150283389123492	1
0.088579920791165	0.0676874945592693	1
0.107625320058887	0.0925367133477037	75
-0.024324886032874	0.147765622369276	1
-0.080222769662769	0.167538600011032	49
0.00700283374514801	0.14333022058169	277
0.00815368980398601	0.13892312694411	277
-0.035159111169027	0.0968138470287978	277
0.00245224831396501	0.142865442303742	133
0.041654236004178	0.079781459700473	239
-0.072883049545496	0.171415974486266	70
0.088458476651657	0.0684926128816722	70
0.044299399676	0.467584540014578	1755
-0.00876950792449099	0.474863313537377	1755
0.096854130329093	0.232178047638069	1755
0.068303443372685	0.304318511561627	878
-0.080948308134204	0.582924495116089	65
0.051426417624322	0.3065222684606	65
0.11837715544262	0.186565643702873	65
-0.043817028390643	0.512291347912195	65
-0.037725398859891	0.507669158736494	65
0.109398992931776	0.19092854208054	65
0.045367885396445	0.296291197964766	65
0.082252601214485	0.221342187498979	65
-0.000595744214033023	0.355420123123519	65
0.108415526575162	0.177057602578378	65
-0.068675554718935	0.540515126832851	65
0.039619658700885	0.261897578465386	65
0.01389230270939	0.282134843981972	65
0.026538932835093	0.222123686550285	65
0.114412856447304	0.130063396663154	65
-0.049682498690248	0.307447026711352	79
-0.00714953626196802	0.208865915681048	79
0.093873698031821	0.101612964160972	79
0.0317709779761	0.158749717175791	79
0.121230325239905	0.0854967679993581	120
-0.073965128128272	0.213912933850489	79
0.10312422610293	0.0955345019018808	79
0.035509255190008	0.154631671610544	424
0.059966007467456	0.22781680871064	624
0.08708604065786	0.155163089524524	624
-0.079195139621467	0.222723242043328	248
-0.109527478413892	0.328126167839116	248
-0.073722007552094	0.273179301504182	132
-0.090824329223273	0.390920637288563	132
-0.10292289191704	0.408833779834362	52
-0.079386041636766	0.358907063981966	52
0.054620279109437	0.205319246731889	52
-0.077053774362267	0.350339401174901	40
0.056316740619027	0.143019954954632	40
-0.100228825481328	0.532115056106043	834
-0.015909400953859	0.378517232157906	834
-0.038010349192951	0.315587141532462	76
0.122747677384165	0.153795850471192	76
0.084509075305077	0.162345380607209	76
0.024486923765401	0.220641573786441	165
-0.068360116142485	0.391664957942109	165
0.016100243858452	0.276972807291173	86
-0.018846691947284	0.277361378983946	86
0.10004499585098	0.0987441381163786	48
-0.079863922717135	0.479207117824874	165
-0.075887739863967	0.43572331682221	131
0.00839172562853199	0.22665716168194	131
0.098592617619704	0.0973562908783962	131
-0.102537224341334	0.320248869923914	1132
0.056225613015296	0.230119100377627	1132
-0.088568447479867	0.384814544610971	131
-0.028682693682132	0.0955856767997894	1
-0.123905539324034	0.175281588883169	1
-0.025134427344203	0.0939362147439577	1
-0.024393784558287	0.151974436861421	75
-0.03312955817376	0.1938966656176	1
0.018407937620548	0.182369631210454	1
-0.028561619833362	0.192515280164466	1
0.083834071414357	0.0699166091737836	195
-0.031938373052399	0.196901842434637	1
0.119163197308108	0.0862627036984488	1
-0.120935123284495	0.17379986752778	1
0.00667574287991601	0.138768565132855	1
0.01298450719832	0.13326758082137	277
0.012227179134658	0.14061694890319	277
0.068323101705162	0.113115090931632	277
0.050359935997451	0.117964317891279	133
0.109831595877528	0.0637895990227415	133
-0.028335537482289	0.154885877836412	239
-0.042395083524116	0.927223336948503	1755
0.044136434747927	0.597787072353684	1755
-0.026418207074664	0.815035785736017	1755
-0.114572173180272	1.20874134973823	1755
0.08771441818159	0.314139695159874	1755
0.043733572542832	0.373372269746201	1755
0.114229501569422	0.213394098625857	1755
0.014052217046242	0.44331181459855	65
0.071890831613874	0.289725078907387	65
0.076225360950392	0.285242229425416	65
-0.098775980873741	0.648214646351446	65
0.113335957145984	0.216818156793962	65
0.026657017219243	0.363092953936823	65
-0.112290876987753	0.595345578547477	65
-0.047373559628266	0.510194648999511	65
0.12392911760262	0.177162315914486	65
0.060496030602399	0.279296605196354	65
-0.016788574144155	0.347265345022244	65
-0.00835667484483399	0.355817808266743	65
-0.054734816744062	0.40996642429488	65
-0.019814171021071	0.259320521258801	65
-0.012905575002912	0.28168419627011	65
0.072302777498658	0.202078070514264	65
0.026216282710228	0.222406659648808	79
-0.069067087228662	0.211234845480554	120
0.006521558791658	0.141696795236115	79
0.11185294536719	0.120254906746434	120
-0.10429261877727	0.436890516353134	624
-0.06024322203694	0.395207150331565	624
0.118598997903837	0.115758992725998	88
-0.063339627536318	0.337993074869128	52
-0.026930064710978	0.263569695637102	52
-0.00899548596484201	0.209321810180459	52
0.116435947985298	0.101171763687035	52
-0.081246141067326	0.33229988386275	52
0.11913345516678	0.112137781169108	52
0.043486156946959	0.172164386900851	52
-0.014841146892917	0.271769273884833	40
0.013539634414193	0.206887050723974	76
-0.022317104650764	0.379520819176963	76
-0.080933139855568	0.505153316241819	76
0.097092820458955	0.203508908986418	76
0.067829024962805	0.242100818246299	76
-0.115926229115235	0.533885584423871	834
0.104590436979711	0.164528444587564	834
-0.062068719215038	0.375732761445931	834
-0.082437760521748	0.442676972496322	834
-0.025277348101748	0.237183870396589	165
0.067883708402983	0.0676957598896177	165
0.069678004157303	0.151123245802541	165
0.014780608452457	0.288635618263299	165
-0.092881868297286	0.424568326280517	86
0.005630457856413	0.196767819496989	48
0.050446829869251	0.146928924158322	48
-0.095203154662391	0.265129425566682	48
0.12246613234565	0.145898963632879	86
0.074023321158501	0.200606516829381	165
0.090749176053293	0.198591000997047	165
0.073409458016299	0.18017840588099	165
-0.104065298474167	0.47844646830412	165
0.054160554554316	0.145341489796317	131
0.101111539353652	0.164642022930001	1132
0.057477001445314	0.202399322908147	131
0.063040102349526	0.21646242262461	1
-0.024274773463333	0.219314240701218	1
0.025972468322801	0.0767338688923874	1
-0.12105020540328	0.241291955297276	1
-0.040052525218877	0.094351975156074	1
0.034923019477535	0.0809357263460603	1
0.115555354935827	0.0611013482885226	75
-0.028390672555911	0.0910974119725254	1
-0.071900546686909	0.213932791257723	75
0.060631316807354	0.15971161065515	1
0.02411734525519	0.202164295872234	1
-0.086787377871435	0.253625555428004	1
0.113686578313225	0.106095159788269	1
0.050378330993057	0.198213035965186	1
0.03320513725886	0.0829092227871215	1
-0.027477440968506	0.245718219099305	277
-0.088825647996682	0.276053774188516	277
-0.111458202141416	0.299806169228973	277
-0.123310091416945	0.2383832220319	133
0.00505624701984	0.143140075864343	133
-0.066389120583191	0.16499451290068	133
-0.029839569510005	0.0962689794942149	414
0.094165549979061	0.30347756206533	1755
0.004606733347022	0.503879165285891	1755
0.057339102355287	0.385275835188898	1755
0.091145100332032	0.292996778948131	1755
-0.051199887676458	0.533373358110747	1755
-0.00852800983541202	0.498188558681481	65
-0.031296706090062	0.517492514380874	65
-0.100156791121293	0.690206648140972	65
0.002330114675069	0.403448031404685	65
-0.032314168828822	0.453669024340447	65
-0.061830245298321	0.497360404601069	65
0.074931217280035	0.25239063323372	65
-0.032475331161185	0.397554317192056	65
0.023302389179042	0.301611047124996	65
0.081125131938688	0.188594292165006	65
0.049713547258284	0.225175804579059	65
-0.065054951006897	0.392794322605854	65
0.120967513923545	0.149153588864958	65
-0.010106454215617	0.301187818721015	65
0.075615781118494	0.148802340175247	65
0.020133094297733	0.129489957963678	120
0.120365437155208	0.08746971349691	79
-0.063380210053031	0.204309209371247	79
0.099112028273764	0.115734639301824	79
-0.045083613887983	0.290034326080404	624
0.045047899791556	0.229985134643821	624
-0.054394649874919	0.230183606586532	624
0.062884481331528	0.216800957083523	15
-0.082525901985275	0.284255461313208	15
0.123105042579987	0.0977564600615559	52
-0.092020032065024	0.36104229702631	52
-0.07148514723079	0.276303183650982	430
-0.033384207799371	0.266883807802163	430
-0.06075396255622	0.304011359156725	430
0.02606151747219	0.180382814370541	430
-0.080013319609864	0.306131579975391	430
-0.0341331945313	0.308081101627928	40
0.100831889926971	0.165310365771265	76
-0.114689302577364	0.5301520315987	76
0.081348657252687	0.173407398214368	76
-0.109760275098846	0.407600017824258	76
-0.093684005145198	0.382380670161419	834
-0.081185954409788	0.306649947029878	834
-0.066705812974978	0.208832361687144	834
0.015281810104428	0.189070166968785	834
0.021778812620996	0.274612411476553	834
0.06109248394164	0.217195633093461	86
-0.065354364192672	0.319864585295347	48
0.050320438503122	0.147629577801061	48
-0.065140828847636	0.413732931844071	48
0.076149875815657	0.217772696215299	86
-0.049668349511156	0.402408855562554	165
-0.015559582130912	0.346121204446744	165
0.058151845853351	0.230879403597938	165
-0.034304082796794	0.358978199774347	165
-0.055309860743505	0.379837385369157	165
0.027885669942717	0.289333967304586	131
-0.081661407442495	0.448588133286458	131
0.094840287610791	0.111485609974564	131
-0.0000427696194519878	0.343601677400424	131
0.082671195542173	0.141390141485374	1
-0.00355725537575802	0.200895043878501	1
-0.068425232285876	0.16576122865682	495
0.090098470992227	0.0648455670562914	1
0.00619343959093199	0.14097538741142	1
-0.00585516769080402	0.266620021633155	1
-0.014898154715053	0.254246021477412	1
-0.116714174573429	0.359401902854097	1
-0.061441133527664	0.262973053338244	1
-0.025209148685654	0.236819733301122	1
0.095613786938795	0.0997121845702032	1
0.023509918411453	0.176480426252863	1
-0.081245293038174	0.276915380010745	277
0.095706244061727	0.0997924837885756	277
0.115157450688695	0.0594185287867252	133
-0.068425232285876	0.16576122865682	133
-0.026384422961132	0.150401575344371	133
0.116461728684721	0.0615067792119309	474
-0.030997291708343	0.0960078604431597	4
-0.038199209303176	0.0943920609945758	239
0.085635617550797	0.915512704038029	1755
-0.079981205153934	1.46388921709666	1755
0.08555133057363	0.248453533661793	1755
0.109229495371167	0.183811536618351	1755
0.062855601496257	0.264888177518233	878
0.089857175277754	0.196362729926813	878
0.052722259187108	0.22427447811927	65
0.115819186952126	0.138904168621649	65
0.083729456762394	0.269624628767183	65
0.0634053349057	0.161235379320848	65
0.069476335597536	0.149760398776012	65
-0.099675068900505	0.35059885154891	65
0.067372186195128	0.173483809054675	65
-0.114721703651772	0.351305750139915	120
-0.081610179361269	0.219130382227596	79
-0.039057638068293	0.157440591012838	424
0.064873739202939	0.153566364071194	88
-0.045033311831851	0.28011197801494	624
0.105545799109059	0.110021993426513	624
0.121725145811166	0.113181262046674	15
0.090636511638373	0.161811084073107	52
-0.019624133437215	0.261004830924579	52
-0.099607574190856	0.394915689805199	430
0.089321428409758	0.126513801846776	430
0.069088881335343	0.158833622059315	76
-0.087728552632582	0.340257150248879	76
0.060441924242528	0.158110131785524	76
-0.036211646068813	0.330283894167569	76
-0.077661868847484	0.289556788100933	834
-0.090808908358112	0.390711973414626	834
-0.037917773574281	0.199837798798143	834
0.002738562469392	0.221382825172169	834
-0.103726348867493	0.301072787791358	834
0.094209772577015	0.115656577367605	165
-0.019899362595317	0.269742933557258	165
0.060972789709677	0.157400606176049	86
0.107429557766045	0.131523161144014	48
0.069186531780549	0.181072290172851	86
0.08244318194319	0.141096639993847	165
-0.043964334306535	0.304826227890116	165
-0.021718540785514	0.210585123729132	131
0.013230600934996	0.213514381260306	131
0.040622754036766	0.202684568054634	1
0.059602201331406	0.191678619516409	1
0.027197649598496	0.160868096603368	1
-0.082204772360153	0.222046677529155	1
-0.115299800452501	0.309486533632033	1
-0.026261278736429	0.187391410895893	1
-0.076417553611259	0.213420178342169	495
-0.074098337680349	0.168749335754736	1
0.039516941911389	0.07734160949379	1
0.070428064551563	0.11415433468995	1
-0.063955705825491	0.240657892776947	1
0.111293290415934	0.0881097406341624	195
-0.043793262634979	0.20417525831007	195
0.066514480984957	0.115049703415595	195
0.079065167023008	0.108639195638596	1
0.117583412794827	0.0597059555200673	278
0.116758453346349	0.0597186332658282	277
0.11993164613085	0.057251706083019	277
0.120182496949429	0.0586896171776456	277
0.037564885015539	0.128600612409572	1109
0.087505977937721	0.0686716353987678	133
0.032093895583037	0.0835855684384287	133
0.083711533098969	0.0699376617208787	4
0.037774435998762	0.0784944409637282	4
0.082907680053342	0.070556521994721	4
-0.029084403654029	0.0928979186171427	4
-0.100803729931791	1.98284435150806	1755
-0.092757875234266	1.20358380844702	1755
0.031516116646895	0.674543192074584	1755
-0.101942017595352	1.14384412776308	1755
-0.016552940103149	0.454463185579572	878
0.044629237559724	0.259033487439038	878
0.063476003172704	0.258156834862254	878
-0.090950959146275	0.532887783986441	65
-0.047044893152572	0.423836267576329	65
0.082888057467288	0.228855446727834	65
0.100364765410221	0.17233151746958	65
-0.00340099557206303	0.313107881383507	65
0.094408727740743	0.168354913804208	65
-0.054548934731832	0.405263437292591	65
0.001491434147112	0.303957608336311	65
0.055144745603964	0.232956380235882	65
0.098982868996249	0.167417119615966	65
0.04829716253318	0.197793803462044	65
0.098639808368088	0.116727808352249	120
0.097406797445874	0.0971772144681821	79
-0.118881830091741	0.334883289210628	624
0.032288020042909	0.151992188333796	624
0.029403904613573	0.154389854842726	624
-0.058620157210814	0.241174518285719	624
0.027629813310472	0.175097549931006	15
0.057636351569486	0.173396248014649	132
0.118866511402371	0.136654412781996	52
0.083182630877465	0.125745795667545	52
0.065181305693025	0.133074871081905	52
0.048587520721134	0.178704904812695	52
0.068968242367016	0.183367784386632	52
0.095310943532234	0.118672888576118	52
0.00411606118394201	0.18783329297637	430
0.101025482419883	0.0977428490681814	430
0.015517814822841	0.232173503792172	430
-0.060844938072231	0.418494671032298	76
0.012599835961697	0.298732197032261	834
0.10653549495446	0.149556011637277	1454
0.102776530869858	0.134373864513261	834
-0.040314509666634	0.199594272415335	834
0.106391854406595	0.0640100874468995	165
0.045094919766684	0.124613529675927	165
-0.011382319526214	0.29007817455525	48
0.084205629496827	0.165839525980336	48
0.118694474223897	0.0881854792572089	48
0.026392797745186	0.159976323118085	48
-0.1114794153984	0.439868074282793	165
0.040860312701939	0.245684072452509	165
0.017316359567144	0.227152449521486	131
0.105153760768032	0.134431060094782	131
-0.068037924215901	0.342822717885875	1132
-0.109669250660269	0.383875032185753	1132
0.032163171811827	0.210590625858709	1
-0.074311370075217	0.331475233984358	1
-0.00158411817506199	0.23241837060393	1
0.054144072351536	0.144550183023684	1
0.089411531235	0.0676669162815301	1
-0.040275935969601	0.0952910147511825	1
-0.033060146687669	0.0940918737632352	1
0.077214622761375	0.0726067171292352	75
-0.119652363657953	0.173953570821097	75
-0.00173640238100198	0.179445295086191	1
0.048755885289112	0.147009992342469	1
0.014055237328529	0.130802795346962	195
0.005466742087266	0.195937420801981	195
0.088743048126754	0.117786212752391	1
0.110728218344057	0.103763343292392	1
0.04713929303921	0.124064029022551	1
0.039681072435918	0.12258073563263	1109
0.034149006774983	0.0819887142669697	4
0.078042043053919	0.0724713718155944	82
-0.00962222629110599	0.748828743129345	1755
-0.084835088836556	1.02828514991894	1755
-0.067872573804467	0.890979719170481	1755
-0.110023355734225	0.640747396695654	878
0.038110939011049	0.281922311056486	65
0.090092915516649	0.234581868702635	65
0.110057466314822	0.172835860995808	65
-0.028111754671582	0.376751377333089	65
0.07519140560693	0.241629301172238	65
0.082342842565356	0.213105226205258	65
-0.063619469929877	0.368776595914654	65
0.101088736730552	0.140302824562849	65
0.115317176940438	0.105319156744452	65
0.073390865294202	0.130431748505574	65
-0.063134351774804	0.152972638937073	65
-0.077469845062975	0.169613322591026	120
0.011850556805513	0.13435491576988	79
0.020954135992887	0.125339437628062	624
-0.089093406670316	0.356308972036251	15
-0.077766871969349	0.380497806979551	52
-0.063575375409014	0.343580712632385	52
0.09683072960851	0.117133239852318	52
0.087261809276627	0.0683523978755014	430
0.102232790098851	0.0947689109220156	430
-0.00896004661523098	0.267319056248764	76
-0.026952922611204	0.369323306807227	76
-0.017561755513533	0.27747336132262	76
0.02417751992148	0.279905310375928	76
0.043906243006302	0.127151511187156	834
0.036848791226316	0.0806039476515737	834
0.112134887514218	0.0627277764598456	165
-0.107641465985044	0.46480351742394	165
0.00814938556425601	0.290900351293046	48
0.081061100770785	0.15791774870993	48
0.010525881245407	0.264535204093164	165
-0.011341985404215	0.301315538760104	165
-0.016185187554366	0.345193450090748	165
0.124603235571005	0.106638400741203	131
-0.089619314059383	0.365940103674845	1132
-0.02767396021688	0.291305603934373	1
0.035877612928461	0.0819910238069567	1
-0.034939197761421	0.0971038970881577	1
-0.031741178466543	0.157169417409624	1
-0.030997291708343	0.0960078604431597	75
0.034997632339393	0.0815857836543673	1
-0.093201465258121	0.214457233507518	1
0.107803687707019	0.0643114183448304	585
0.046519795200659	0.0754187627477602	585
0.00706644739942999	0.144503247697094	1
0.090007995548243	0.103864280410848	277
-0.069901625807652	0.211477737601868	277
-0.028494308917696	0.152279109707097	573
-0.030459802219183	0.0931856557605895	133
-0.033999744313216	0.0965769184018093	4
0.035923189544018	0.0815013777706716	82
0.117756606517327	0.0603281277346554	82
0.048385030423943	1.30600741507146	1755
0.117196897650084	0.484754088338219	1755
-0.013216432571132	0.933260090973177	1755
0.022378391571796	0.542447548560983	878
0.118433695771579	0.235201552619983	878
-0.118114032748528	0.59758907309764	65
-0.101628389628324	0.46307294153745	65
-0.09796310425408	0.691481144179666	65
0.033608848725683	0.292190309491987	65
-0.065342713352906	0.261409811544106	65
0.12122621638984	0.132185650248855	65
-0.049569336974415	0.390811263693043	65
-0.07417156545913	0.330150090356216	65
0.071482979542472	0.199542048856426	65
0.118866511402371	0.136654412781996	65
-0.053892507151062	0.263458152337293	65
0.003309478126476	0.218998336446714	65
0.045414354642023	0.0757043031649485	120
0.09039172528887	0.137111677431016	110
-0.118911720530354	0.236094978833167	79
0.094020695155435	0.119776286662629	79
0.027642731239818	0.212294761948534	88
0.00183348919263401	0.296989045101321	88
0.034742168131552	0.258954941289162	88
-0.023490156090415	0.263420340154	88
-0.102846372251179	0.354398802249101	15
0.096598493249827	0.122689847852411	117
0.123759844324409	0.139970119615248	52
0.094123613308139	0.176614985148017	52
0.123657382299358	0.133618105988045	52
0.089372539801569	0.150207585194088	52
0.094722446855378	0.119777227628954	52
0.068276554344402	0.241195969700703	76
0.011145590705229	0.309759312716314	76
0.088352164459592	0.233605957687983	834
-0.024877891562429	0.408458935125944	834
-0.042447249514407	0.317169570823636	834
-0.044693354341322	0.20001772810271	834
0.060388114889873	0.249938119149202	165
0.11964951592086	0.105236605419353	165
-0.068706351811478	0.161211633799301	165
-0.107686303177006	0.269846847372126	494
-0.077019059492349	0.220132437806642	165
-0.00832943584298801	0.169670628352179	165
-0.00228374001753601	0.282650599840554	48
-0.079793858435869	0.279174347142484	48
0.082356149694595	0.188296908389425	165
0.045032835248706	0.246150817138954	131
0.059534053081242	0.219160668767871	47
-0.065458609412546	0.334763187131392	47
-0.019855288409929	0.246287932825787	47
0.05690279067939	0.213281094204871	1
0.119499497326885	0.13605640951765	1
-0.01084712145601	0.180901748663957	1
-0.029623293213721	0.0939718402556729	495
0.059865635916011	0.152079820856821	1
0.105366433062369	0.121875506042663	1
0.069272235598734	0.113731880806822	1
0.069284768553664	0.150246035734922	1
-0.066254355111854	0.290516622267953	1
0.07415058077209	0.112529795628548	277
-0.048791339937165	0.230202521637548	277
0.072649756200991	0.113345063238679	573
0.00452199465658201	0.143878045581376	133
-0.026801042628061	0.0925825058226694	133
0.029023113938492	0.802921431376506	1755
0.035519957332024	0.577578220163607	1755
0.124341623003959	0.21534884033634	878
-0.053945552200691	0.643266636274776	878
-0.00625285538234199	0.453112745625881	65
0.032301924136479	0.349638416378745	65
-0.110434409936313	0.721794258378185	65
-0.067693038122184	0.569416278473813	65
0.105366652919014	0.197031980436638	65
-0.074757354642093	0.544149282226966	65
0.06593855499904	0.243570789002541	549
-0.092464834931137	0.279881556882959	65
0.074940175788048	0.21685854751935	846
0.121288183338991	0.158417508283004	65
0.065482479929355	0.135132092244991	65
0.083005582504125	0.0679073463658229	120
-0.02000485672823	0.296999360723931	110
0.033997948796401	0.197711660715268	88
-0.037387988468202	0.200571769655551	624
-0.094180653601813	0.460880545625997	88
0.048646785362536	0.165283757871978	88
0.017494606433119	0.183537978947199	88
0.024504563485604	0.236947437791945	15
-0.015193038082589	0.297217819074466	15
-0.095083776304132	0.320632540818577	117
0.110573353592398	0.134151224045474	52
0.048873394870254	0.147192413237208	76
-0.074075676519034	0.358112373961778	76
-0.07274625674694	0.476446565288895	76
0.090953544606098	0.205449575234141	76
0.041211006700612	0.253000977670058	76
0.05189915722464	0.251254078112054	834
-0.049098194228121	0.344175032392859	834
0.00715427298426599	0.265894163424024	834
-0.023715731733407	0.242964895023113	834
-0.049616489807404	0.229360540691555	52
-0.012384365969396	0.305030844493508	165
-0.00825807450313299	0.3034714118197	165
-0.048554130621846	0.331102268849863	165
0.050170257115166	0.0699891420858967	165
0.106058006522478	0.0638074703966368	165
0.083589007309119	0.0690425296887503	115
0.120052892711024	0.0596631873977333	165
0.087316235248703	0.118846896010744	165
0.014857829590475	0.259648257958782	165
0.014999703488226	0.274556853988043	165
0.090840677984594	0.167205773605129	165
-0.027679947556685	0.395791469317295	165
0.00544938760670199	0.315338297856387	165
-0.070139218995639	0.468893567409426	165
-0.023866793575498	0.349343256369286	165
0.121397356996126	0.145129002031077	165
-0.021169892910453	0.381798516722226	165
0.028831909912804	0.191112639351462	47
0.105661863191743	0.117610470739946	47
-0.019086607828596	0.253521342943105	47
0.064365336403833	0.215694075262608	131
0.10645590033209	0.159485303545975	131
0.101219430604849	0.152877834810944	1
-0.020283926259886	0.238467787709373	1
0.04036138322432	0.0764088593702989	1
0.018199947920936	0.210683679015707	1
-0.11807968685623	0.343792345563756	1
-0.124287991193037	0.242896843354487	1
0.054721294837584	0.141110080944592	1
0.051613485364651	0.159166030450176	1
0.094177044893369	0.100056603502498	1
-0.033719019376599	0.157138992031302	278
0.048752377679223	0.166328659046832	277
-0.1200662090248	0.241766811970873	277
-0.039741406468644	0.19880245418613	277
0.084155671178689	0.0677284388016784	277
-0.00654157572442599	0.179079926009526	133
-0.023037081777247	0.0914244847447881	133
0.030981891065671	0.0835059839326399	4
-0.025294923725131	0.149412628446689	4
0.10888767525666	0.0645189031542337	82
0.09453812650282	0.842568856257987	1755
0.065543958203404	0.747683688982754	1755
-0.042258613236939	1.25920400095477	1755
-0.069161753193303	1.17650107863709	1755
0.034927982202725	0.50597790657433	1755
-0.09540290586177	0.789013145079151	878
0.102265462563308	0.261233635445858	878
-0.025159622780082	0.458718917471373	65
-0.114041711713138	0.724291769988889	65
-0.056799922649805	0.60388600610963	65
-0.105280874207792	0.625504007066965	65
0.10072175363143	0.1936546344792	65
-0.00495431343436098	0.329851585752162	65
0.113719419298398	0.168086615812025	65
-0.070292929962732	0.428189945407495	65
0.055307712869976	0.144393467605207	65
0.082244867086405	0.17235445941482	65
-0.118307590469731	0.540619372382654	846
-0.099151095514578	0.492720811998379	65
0.082104933852006	0.0682361914045742	65
0.00820407111247301	0.143128473410693	110
0.093199282341174	0.0640271768769155	79
0.000514197601040989	0.177371926293343	624
0.101375866448391	0.0954427512029396	624
0.006624232705087	0.25458871890965	624
0.074969561365472	0.131720698817881	88
-0.076297894619381	0.215069595720874	15
0.100430547739956	0.142341715687601	15
0.117556016334146	0.129048509776	15
-0.114481055288994	0.439998033981876	15
-0.059876808628696	0.30281112182809	15
-0.092318071722524	0.262819345875853	15
0.117193799071932	0.103345209851533	52
-0.082205593085965	0.388397746736328	52
-0.097355374036797	0.344804614334509	52
0.05120346156268	0.164309773099753	52
0.025147621161313	0.182902195963839	52
0.076820108890125	0.139787383348059	76
-0.025654618694357	0.280495823145857	76
0.107951502555841	0.141391674974431	76
-0.083283193998655	0.542000387968884	76
-0.03843072012933	0.394415432716836	76
-0.01195192118654	0.31709277507983	52
0.112595051147971	0.159538298461904	834
0.04602705643528	0.277177449718055	834
-0.019633860999194	0.370719641829165	834
0.021641784096083	0.291512529945387	834
-0.088913500066098	0.400787403390444	834
0.068125982436268	0.152724019093588	52
0.030981891065671	0.0835059839326399	165
0.077340332814824	0.0706609177885641	165
-0.05541379672257	0.392630154132436	165
0.011741859583497	0.25452114200029	86
0.089562562152127	0.189145751702987	165
0.034753330992828	0.29431779978133	165
0.002792271282645	0.258951133752249	131
0.056065994299567	0.143615096483068	47
0.017018049026979	0.263446103816432	47
-0.118302888661238	0.435144096936781	1
0.063867665161011	0.2294678651159	1
-0.040873571956459	0.374289204148335	1
0.067809683057213	0.111224594310656	1
-0.04659019040295	0.204083937220792	1
0.113210433986591	0.0633145308035035	1
-0.042882253036576	0.199631137843797	1
-0.099240059082311	0.296682652041528	1
0.113035543999983	0.103599496981966	1
0.088215614673613	0.066545718088108	1
0.108845388673195	0.10512777894225	1
-0.0280962834481	0.244347577126306	1
0.121949507172369	0.0843278860698375	278
0.023141391235854	0.163694306202172	277
0.042762666031016	0.079494119434012	278
-0.0673394891635	0.165832559849119	133
-0.121034071377236	0.228826354783498	133
0.04712552292392	0.125038017731848	133
-0.117857607837005	0.233978070695276	133
-0.064083808409878	0.160284455833071	381
0.041654236004178	0.079781459700473	4
-0.081552058980721	0.221178476677613	4
-0.0307804449139	0.0946312597121439	4
-0.119966496920959	0.237281691245704	82
-0.031901907825327	0.0922548742704373	236
0.023104230713173	1.20442328390558	1755
0.018284678195303	0.926162384861815	1755
-0.015978571071043	0.639194551340227	878
0.082693942901555	0.314506305339101	65
0.032063436105413	0.461027867067325	65
-0.028625525057538	0.551142450423047	65
0.032563125668539	0.369701575429323	65
-0.000160022773222024	0.446400290484658	65
0.100462135943609	0.243786199048345	65
-0.103459172154088	0.517688667518859	65
0.059052961488848	0.229087193728096	65
0.085764763413087	0.227276674315932	846
0.046788977381487	0.18638418603499	65
-0.027672854196356	0.190442562804955	65
-0.082772467537069	0.223366566651494	110
-0.035290294387522	0.333569620686815	624
-0.07990208390329	0.222824887703278	88
0.105290076624121	0.160347193532195	15
0.116630825758432	0.158970189547449	15
-0.109224540648307	0.500931987639161	15
0.10934923759466	0.121248674726006	117
0.103710490843737	0.186730784666424	52
-0.018911857424435	0.315528313607442	52
-0.047001422414207	0.305267291186921	76
-0.088574454707312	0.408627255401693	76
0.113701525005671	0.129097009473815	76
0.078755637176836	0.234641700755022	76
0.089872538734271	0.247855900587617	52
0.063318594100681	0.283912160925776	834
0.05826592901147	0.240355107954594	834
0.055054263853427	0.144473565011127	52
0.066355465222803	0.134740828553746	52
0.107536918480108	0.169340746962921	165
-0.02735357594628	0.151254683502064	165
-0.051251845889977	0.525806168675891	165
-0.105471593311595	0.43426519427906	47
0.017887878305556	0.306391620315293	47
0.112773685648237	0.199733582368847	131
0.08673939563168	0.118774794855869	1
-0.041884684759433	0.199592711886603	1
0.084411010376427	0.0672987018671728	1
0.03864893655814	0.125024634613964	235
0.050121371973584	0.164949102834033	1
0.06694557547093	0.192467661607381	1
0.046083678359451	0.125733905985139	1
0.053875152887061	0.180173174506365	1
0.113996849917883	0.117130306139906	1
-0.077587212559948	0.219289812195434	278
-0.116082172649316	0.306581428611664	277
-0.107991628181118	0.317217115016889	133
0.00753391342809801	0.142338560932132	133
0.086264998293417	0.123006647863167	82
0.035618643287535	0.155701628159216	82
0.025079001083313	0.0816795968303928	1491
0.066050156124772	0.854614129811715	1755
0.122320859046703	0.444075887883196	1755
0.075639473485604	0.305622638065586	65
0.072618352871025	0.301629992415611	65
0.00306358595480499	0.455603296423251	65
0.101585578595801	0.225310212542643	65
0.048004746287169	0.329620149102075	65
0.105467410236359	0.191731116303828	65
0.076675661472377	0.221484566797316	65
0.038842614854582	0.212375554755247	65
-0.087654912214641	0.246788499703892	65
-0.08260031848285	0.312515319901442	65
0.111938859278637	0.168114582211935	65
-0.023248347838598	0.360942788321087	65
-0.066798138681443	0.459890885344895	65
0.061633257624682	0.191943487397156	65
0.008969991365395	0.167144980872047	110
0.082154684083418	0.134040264522338	110
0.042542563476569	0.189527159332385	79
-0.120478843247984	0.283101359952233	624
0.059948415483946	0.255276348760668	88
0.045848538479775	0.187952859743424	88
-0.054072868436443	0.222125973688751	88
0.019976945291268	0.189622195825496	88
0.11451451790548	0.128756580634595	88
0.00104902661848799	0.195412626685665	88
0.03991043640083	0.199296247818551	15
0.036087879917566	0.211229137055599	52
0.092182536295285	0.148359731861197	52
-0.025374681322475	0.2440869032576	52
0.028233733065004	0.160449066682726	52
0.03322368777328	0.262180053557467	76
0.093252329492139	0.132394727764164	76
-0.027469979182565	0.191275153194814	76
0.00160565640768501	0.340881072628241	76
0.085868683210063	0.217874018979116	52
0.024471727963253	0.269050555890419	834
0.039595247013761	0.29973927098948	834
-0.020273264132027	0.146842582818631	165
-0.087899715088061	0.408151255098883	165
0.063602422368764	0.173006461574392	165
0.101160393222321	0.163133581494067	165
-0.078230862809146	0.222377437473127	422
-0.073630741930906	0.349367520860633	165
-0.012047908033615	0.33765337859175	165
0.086083975966695	0.171495934406485	86
-0.017907569805559	0.378163841203183	165
0.028480341205356	0.319166834153632	165
0.014731376315436	0.32970797719688	165
0.012195693613958	0.191617493163791	47
0.099376708199313	0.182444076040464	131
0.022694532734792	0.286910242141561	131
0.099207182560543	0.188912254254095	131
0.047749272298903	0.214872119556175	131
0.042945486163823	0.0790811539791804	1
-0.095714703219446	0.44499798099135	1
0.00984771443739699	0.212053880780082	1
0.019357569816218	0.207844984712576	1
-0.044398934167833	0.272603902675896	1
0.110349700161684	0.121409267171483	278
-0.043994122635635	0.273885340571136	278
0.078670993269877	0.106704150552719	830
0.121161728977754	0.0861324576135812	277
0.082907680053342	0.070556521994721	133
0.012917450541272	0.138165640261424	381
-0.033999744313216	0.0965769184018093	4
-0.122184478172605	0.244970777008311	82
0.051386574088164	0.12039094022024	82
0.114842490691338	0.308345746730796	878
0.035759779576854	0.495616812732193	65
0.070126328446412	0.349081429804169	65
0.067764934964895	0.315156994771988	65
0.032177389426307	0.372638896631916	65
0.020987274464603	0.442920654212033	65
-0.06659488558912	0.53797936602954	65
0.002475989779337	0.453802042690618	65
-0.00396969016458398	0.42962113413419	65
-0.106057944615145	0.747018684050519	65
0.00930700246205499	0.387033576469172	65
-0.017534734848283	0.312522369199535	65
0.066835807029834	0.220989846987088	65
0.091723965022229	0.160540197316726	65
0.037666989561605	0.128245246436384	110
-0.048409756484722	0.275154348808765	110
-0.032248545011203	0.22504955779047	88
-0.059675659894285	0.239033701208576	88
0.032518436827338	0.28088126242211	88
-0.04702631074384	0.258816467021988	88
-0.114742979806538	0.366144846336114	88
-0.044878565028733	0.402254474971708	15
0.075301037130287	0.159517580710573	15
0.109862604843357	0.14404354074842	15
0.091280908284257	0.169377282464814	15
0.00863504571330201	0.138762865122516	15
-0.06265845774475	0.342537022475947	15
0.051575579977585	0.227588727232935	52
0.114806295329356	0.150193812143592	52
-0.039724433980858	0.251745330591822	52
-0.091784192198188	0.395871994230264	76
0.081112635717861	0.183743462533836	76
-0.004093021121577	0.357876528186048	76
0.06236562730985	0.244075900098266	52
0.118174724668807	0.172809317587331	52
0.099762072681485	0.142964981311133	52
0.024107013639692	0.272824250761454	165
-0.027759816449721	0.188804137183877	422
-0.031485213421594	0.219599128780048	165
-0.024503318249993	0.187033753220543	165
-0.058304000829067	0.421919703864546	86
0.016430656396698	0.335021565041885	86
0.033894404400153	0.194190732084803	165
0.037407510121028	0.274740890959498	165
0.016603725841429	0.317802049283138	165
0.113088028167347	0.180433968843928	165
0.064739400204559	0.266253898259795	165
-0.036138143774619	0.449873687822256	165
0.045535979145133	0.260190449388647	165
0.116059736319812	0.150352291305439	165
0.046783272680685	0.302340239188045	165
0.019122033648946	0.329806327378334	131
0.086963495119199	0.186548177129308	131
-0.039337641790187	0.0929773477795492	1
0.096846911605779	0.0651958832212431	1
0.012853947621713	0.137945468991994	1
-0.035159111169027	0.0968138470287978	1
0.094375491236832	0.160936101976303	1
-0.034820383805549	0.158982891898541	1
0.042997571463927	0.182922283183305	1
-0.028767678353288	0.191551547550087	277
0.067686957563894	0.128910681730984	133
-0.036818386040578	0.199637853759404	82
-0.028144345886818	0.0911275197539085	82
0.124375189587907	0.0565738600036499	2295
0.078552649195721	0.327000215504117	65
-0.019054212623986	0.577379855091953	65
-0.114367213844201	0.552253389365793	65
0.034412953911624	0.347887597197789	65
-0.026121719556379	0.557599144660478	65
0.004903116634486	0.407503443477	65
0.116411996912152	0.162682993206619	65
-0.106167579528104	0.428089875172955	65
-0.111780770068489	0.572518685501537	65
0.114264356639397	0.0895284231140258	65
0.003384153605656	0.146095396529245	65
-0.081748120556821	0.223041720871525	79
0.106003480701202	0.159640961256605	88
-0.020513672239934	0.332867949291936	15
-0.037078014967134	0.353737003064223	15
-0.064480560677873	0.378079983073118	117
0.095366728783912	0.150680171907803	117
-0.069141512588731	0.47431475966719	52
0.083694588367413	0.193421108559538	52
0.019332443360763	0.233950281166855	52
0.00568329290641501	0.333083456135127	76
-0.051096302422286	0.499419504483767	76
0.030852464885846	0.339377179241526	76
-0.033524469896059	0.478627519535472	76
0.031023472604167	0.307262295532801	52
-0.036852613336817	0.461443156020565	52
0.121051432886719	0.111938485385963	52
0.106575780623946	0.107535925310575	52
0.042844375556128	0.123284074899947	52
0.088292568330153	0.189480166375159	165
0.08429270215726	0.200025788863053	115
0.0354423724404	0.130141082062972	422
0.062178167338505	0.201882328617227	165
0.00576166296178801	0.390928218324552	86
-0.096375966089232	0.281495922775138	165
-0.07341564085594	0.430377004533861	165
0.10327199186769	0.14674595115105	165
-0.111638038055273	0.599057890828834	165
0.019705877168442	0.326952504339257	165
0.028992335322083	0.341002412115166	165
-0.116019219592655	0.335774524361372	47
-0.085815501522739	0.430166362926463	131
0.048567189711727	0.303397098583381	131
-0.036077827915755	0.417449801729098	131
0.00401873658656501	0.344483836324117	364
0.040747178753566	0.124627736580429	1
-0.025420963968652	0.15393439437582	1
0.051274368439741	0.0697076445684004	75
-0.068824301555241	0.163515583865445	75
0.042827729258786	0.122391076192117	1
0.124742441082857	0.0823316682310649	1
-0.003379621804877	0.173300698220424	1
-0.030210438812561	0.26824526477666	1
0.037564885015539	0.128600612409572	278
0.04610434904964	0.1217190278509	413
-0.079249302217282	0.333173216257432	1160
0.077270801425227	0.127203626479248	278
0.060045917372765	0.139063880172232	133
-0.040094502240585	0.203343134841241	1342
0.042579821326961	0.0779100854452091	133
-0.030997291708343	0.0960078604431597	381
0.099467737241416	0.421017574271093	878
0.062903239697105	0.466465030438835	878
-0.065170733684362	0.853653033494628	65
0.046301265579924	0.423331468985032	65
0.122603547322631	0.232914706859339	65
-0.011770441635043	0.569932416102075	65
0.0812521016983	0.325572473508131	65
0.032729139207583	0.432901220203247	65
-0.071005257312483	0.696034665658248	65
0.071690301913406	0.288034298582367	65
0.088604602358314	0.276052577020723	65
0.04378462448624	0.329798876913076	65
-0.040093799512055	0.513960903679949	65
-0.070510847423308	0.268858837236363	65
0.10706576371437	0.188541233013688	65
0.00187689399362301	0.37191230969776	65
0.044071485218667	0.171958602895122	110
0.003813218867912	0.217922699315299	88
-0.059376102343589	0.430019386452223	11
-0.052540446792395	0.432194911445966	88
0.014507383547349	0.28809201880417	88
-0.077405274948291	0.432657329202722	88
-0.094676619107165	0.266193108468905	15
0.016031115424567	0.274993539003882	15
0.028356530952181	0.2681565047732	117
-0.00585576196543097	0.269459939894469	117
-0.06540510809663	0.389183613496086	52
0.048382673301994	0.166454585516174	52
0.039687030257951	0.128779369666716	52
0.085808151121771	0.211813564287692	76
-0.000949056234818002	0.355577820339832	76
0.000931780200899013	0.424038362986146	76
-0.002389045745675	0.395275864587067	76
0.113740110925778	0.146411183950685	76
-0.054658544242726	0.404324339226547	52
0.018491754957553	0.384867908691057	52
-0.044337325795977	0.487971075962278	52
-0.12220765573083	0.237514389055184	52
0.075594800608928	0.131991416105981	165
0.044006114094494	0.262907245378018	165
0.09149095828681	0.181828899065093	165
0.00455266791027401	0.353128053531233	165
0.056217123649566	0.26832646984651	86
-0.115552144139711	0.625310078314947	165
-0.086993646677021	0.529333742843587	165
0.080044696723236	0.224388445998279	165
-0.053803530342691	0.497238464199611	165
-0.118461820303998	0.682139344090209	165
0.098839336885317	0.206638249693721	165
0.107937939007129	0.187548648823639	165
0.043884103758749	0.306072213746161	131
0.035851761781658	0.242297850138106	131
-0.00880459215650598	0.386990528890494	131
-0.064508853672714	0.464177755034358	131
-0.105032534726354	0.540369457039483	364
-0.043118955813874	0.443816122179749	364
-0.056334133111838	0.468932580626957	364
-0.089371350724492	0.26198755032055	131
0.112943180377231	0.0618648479388395	1
0.040776766843075	0.0761946380354876	1
-0.024192482547224	0.0920704378683133	1
0.120202983721085	0.0856552192266525	1
-0.033649162019975	0.317926899346157	147
0.074278171980903	0.14537991725843	1
-0.019917683584103	0.299962356961888	1
0.117895371194807	0.0607623973466385	1
0.112943180377231	0.0618648479388395	1
-0.066333935397396	0.298287889347131	1
0.015631001219881	0.233242994696891	831
0.024683278309806	0.182930076738321	413
0.044139849192861	0.169643089404489	1160
0.118122168485529	0.0966495717838462	1160
0.093602084046552	0.119057489129097	133
0.00667574287991601	0.138768565132855	133
-0.072883049545496	0.171415974486266	133
-0.010093108899469	0.183344125370563	133
0.080752544715428	0.0717766719481345	4
0.089043627473428	0.630627548095342	65
0.025392266709316	0.734344693413747	65
0.073827063056403	0.521489847611482	65
0.001962777810331	0.708267831067035	65
-0.072647464414862	1.03501106629585	65
-0.02561834210656	0.769938131664365	65
-0.018435116179965	0.700842815731417	65
0.059364221894589	0.405463744396834	65
-0.054321893613447	0.81209052846814	65
0.118781787992365	0.252551041941697	65
0.00601838418851	0.512178281477479	65
0.070657440157815	0.359738218805286	65
0.124180049253734	0.217404840084659	65
-0.00911392371613601	0.516893508507572	65
-0.011142429637994	0.409173582415592	65
0.046309796928298	0.299982953717552	65
-0.029398226791701	0.5796309624049	65
0.10761771516627	0.23732862957141	65
0.106021578938514	0.240081186957649	65
-0.105635846478756	0.796325687523095	65
0.011131116238872	0.410819401849106	65
0.055390185462401	0.280559998479194	65
0.111520030781969	0.177594941742417	65
0.098100702565857	0.219161046461441	65
-0.027618391572025	0.261752748452542	110
-0.106516283093165	0.269087941997734	110
0.056169127125511	0.142357262639676	120
-0.099983615635	0.326374767302798	88
0.066627866261923	0.230121172828365	11
0.110474305128837	0.177387151448419	88
-0.055345322933393	0.231067311614983	15
0.079003770300348	0.191929800402694	15
0.034887430355657	0.252188151233128	15
0.102819219789966	0.172134826817755	15
-0.069890418107532	0.451240441641422	117
-0.092271746930994	0.33544021736663	117
0.082988028563424	0.176606479765101	52
-0.112672878523288	0.509716309430291	52
-0.121849295887731	0.437432339757393	52
0.013630281993232	0.231771234989768	76
-0.013857114209848	0.341096340617066	76
-0.059170381912428	0.522878881209533	76
0.069758932248177	0.265790074385172	76
0.026256495369887	0.379245751140243	76
-0.031490819920583	0.473072150572508	52
0.096364037636517	0.248776495206804	52
-0.082331970090197	0.220986174927841	52
-0.052723888423605	0.475803280777293	165
0.102120089603705	0.137864485688697	422
-0.02530106909774	0.15277000345474	422
-0.058809864877511	0.260644462275486	422
-0.07591906849773	0.527612160562002	165
-0.090162566914979	0.439882910104449	165
0.066231299987661	0.152290528353377	165
0.08029885390297	0.209304425421612	165
0.054061863626033	0.29304060733169	165
0.124664785073339	0.177765449330094	165
-0.077282935914749	0.615429575464637	165
0.057024308493313	0.223419166601376	131
0.080645453308895	0.231429504237304	364
-0.00349882019247799	0.391224656599979	364
-0.05299518919963	0.232668119409463	1
-0.034696328809439	0.157775294565985	1
0.033040039491023	0.0826547724511613	737
0.09391113036631	0.11454369557035	1
-0.089371110567141	0.440770768946819	1
0.059988586222229	0.171329082736172	1
0.056046388793072	0.180230131136603	831
-0.121052784892189	0.176841796862626	413
-0.045565920907134	0.255851220222239	413
0.061980782821374	0.159098114916395	1160
-0.070118596569676	0.286724090922312	61
-0.05561522923642	0.314127340702999	61
-0.076594920189011	0.21224161228802	278
0.112125082227051	0.0631098025108206	133
0.10888767525666	0.0645189031542337	4
0.084786329342025	0.0693987567961534	82
0.036724476111538	1.05439632163864	65
0.00026732026197801	1.15379551398658	65
-0.05041791016872	1.2171067924745	65
0.009955798742174	0.882481657845554	65
0.115230048128856	0.347504647574329	65
-0.0590703546062	1.0915944136742	65
-0.049440869475009	0.909516045714382	65
0.040220523741131	0.54864071067818	65
-0.000506285558864006	0.663044487244406	65
-0.033297500289063	0.676888779570833	65
0.108781664245041	0.271241698281243	65
0.058617810925992	0.386969327677287	65
0.063085637744063	0.353370758925691	65
-0.070311416726956	0.666242828507379	65
-0.08809103884662	0.685223919304056	65
0.081192852550647	0.127006166158354	65
0.00627950854030801	0.302360270857967	65
0.116046337803948	0.156639968303671	65
0.00139061052355499	0.310635011396528	65
-0.02190486566821	0.402646201794413	65
-0.011951851757355	0.27403248138728	65
0.01073377192361	0.137988473202654	53
0.113527659624664	0.0618483589917743	53
0.036577023899639	0.192828946051746	110
-0.01856062009514	0.234989900541935	11
-0.093839977023996	0.46320267965803	11
0.024093992736391	0.299752190433937	88
-0.063085946911394	0.293335192558953	88
0.023915315119424	0.253778803730054	15
-0.024479456548494	0.374959742388265	15
-0.023479651200158	0.258409911464806	15
-0.055984346149553	0.263003079130633	15
-0.098442402368321	0.372679462294625	15
0.099612236663074	0.129657638863776	117
-0.000514222022109989	0.242769841227735	52
0.119673968222683	0.125883324970992	52
-0.075095679692401	0.219603974103462	52
-0.055075653336806	0.231726522187313	76
-0.118288892613524	0.612201911693092	76
0.064175913225599	0.240187628154478	76
0.099985676793946	0.155806924275281	52
-0.064422521122897	0.24426853887849	422
-0.00152381740941898	0.178792379041822	422
-0.029823044248897	0.391782387514251	165
0.114760431756552	0.154677700985693	165
0.100707273128618	0.154117474509569	165
-0.019396472871309	0.386070182122028	165
0.035795781039845	0.152200332614146	165
-0.030742123620435	0.410757794278009	165
-0.055508859452365	0.520037080790632	165
-0.026788518558065	0.462935115836087	165
0.015754424366345	0.365936045156711	165
-0.052755136882602	0.53941958428827	165
-0.041880956238366	0.487678873715299	291
-0.094707934360052	0.661436242351546	165
-0.020080553353771	0.206257176539665	47
-0.081124782525015	0.373120018260148	47
0.014817489784829	0.310161077459636	131
0.073660474046325	0.228670903400944	364
0.071604734006591	0.242005449873637	364
0.07691196156208	0.125859229534658	1
-0.071640206341683	0.21789130104173	1
0.073660802238347	0.112872432758474	1
-0.028390672555911	0.0910974119725254	1
0.118659852397504	0.05867728575775	1
0.088142752468632	0.13872643199186	1
0.086406426573562	0.123477372329987	1
0.112172296847599	0.0612241846967077	1
-0.014730967978421	0.257532176472649	1
-0.070232021688739	0.289186876421938	413
-0.116927432779932	0.387416011316877	1160
-0.106681717729471	0.295647695505323	1160
-0.100264398494779	0.270881135826086	61
0.01849266704042	0.131041917944904	133
0.06718239030552	0.114920311503258	381
-0.029623293213721	0.0939718402556729	219
0.097331555334207	0.0965192852967147	2294
-0.02774194311791	0.095057418578696	82
0.056769563001995	0.691154751185973	65
0.086706321713337	0.569608752922034	65
0.101227082004447	0.431267674365196	65
0.068791103864892	0.493481598587517	65
0.121405048077876	0.304344400308569	65
-0.029122782505055	0.73210961662505	65
0.082185653389417	0.360511351252842	65
0.033596978894116	0.490771950595412	65
0.104611981140389	0.280130313622518	65
0.034761721410307	0.413765752983774	65
-0.108470209872924	0.76087376612278	65
0.036839161568965	0.27847770570756	65
0.017391002902722	0.356806496847185	65
0.08393840088227	0.212179566774493	65
0.058106956948001	0.218882145437976	65
-0.054042150304451	0.232187325245229	53
-0.073282350974983	0.213209098322545	110
0.110858173168998	0.171203456331939	11
0.064806456226682	0.237170874560482	11
-0.013877809654526	0.295294392507314	88
-0.045663499527884	0.359238809124652	15
-0.025740570821186	0.29496248951215	117
0.103886817059268	0.140904118268573	117
-0.119426494461531	0.364007381700643	15
0.055361224919826	0.196605071184199	15
0.074164254447712	0.200476914282448	52
-0.040821067662004	0.251609935250761	52
0.078056761302615	0.259051707114637	76
0.010853489217023	0.361319898972577	76
-0.036427162626454	0.482740780992547	76
-0.068512472328504	0.484406859347939	76
-0.068089108220524	0.52728755628066	52
0.078588918418715	0.240045805865371	52
-0.121118413389345	0.240571472796878	52
0.068262118454348	0.222584185646337	165
0.008021599832615	0.305192688909845	165
-0.058422075913116	0.361859268362147	422
0.123106308498902	0.13867733398795	422
0.07294182358291	0.194018494682006	422
0.037088823992968	0.150549883833049	422
-0.120362201377906	0.58217882084195	165
0.101229235384324	0.187759541692584	165
-0.077398166181487	0.523038177119804	165
-0.020773005865939	0.274798316328471	165
0.076968322866585	0.276291091963749	291
-0.039508228745026	0.432030771000613	165
-0.072089019665674	0.271791984323132	47
0.063841394567682	0.269772614384793	47
-0.106950248248714	0.595029829782694	364
-0.121676528562256	0.174934277840009	364
0.080731652193373	0.0705697822151784	1
-0.081533011935825	0.1700413596228	1
0.117895371194807	0.0607623973466385	1
0.080073680335772	0.0710559427197884	1
0.050318230307362	0.0700390928467564	1
0.052560539063142	0.24801961592817	1
-0.014268024209557	0.301847000083466	1
0.02606054469436	0.254804009868877	1
-0.00425660747008699	0.236864465449082	1
0.112662986933691	0.13385145409014	1
0.07908305735184	0.162026743366593	278
0.092485451640641	0.180885966399735	278
0.030834028561026	0.159441928721319	413
-0.063509133939526	0.26071950581813	413
-0.015663200092092	0.231474315605093	278
0.09634240149274	0.131059617473948	1160
0.029400974723342	0.178770598910037	61
0.031248169943944	0.160028279429057	133
0.038610168566016	0.128410575910298	133
-0.078107267619476	0.22201186245913	2294
0.066498299606792	0.115018745699591	2294
0.070465859864269	0.67214677024155	65
0.014188586904793	0.837970650440588	65
0.110841073474493	0.410849623882657	65
0.055131100805697	0.604705525036453	65
0.053375184502342	0.572604004393727	65
-0.030790240400658	0.786631352078956	65
0.080782021421866	0.350422539610112	65
-0.010478892848392	0.637227221131396	65
-0.01307649496351	0.574709793745555	65
0.103250138105185	0.30189169640309	65
-0.072092859478732	0.812960907100172	65
0.031159595385546	0.346228328378047	65
0.059548197326878	0.34173048921372	65
-0.036942010899678	0.556343493888122	65
0.075083184625401	0.289204624797984	65
0.06045319286261	0.30783050261466	65
-0.084933321431694	0.560016755083771	65
-0.00278501578573398	0.32703811886587	65
0.037536380221383	0.303293958776226	65
0.124405216184973	0.0595679750163289	110
-0.082265403946777	0.280185390066199	11
-0.049086219901821	0.306770581755702	11
0.010163406177212	0.141395316719976	11
-0.064507850073429	0.46497666568362	11
0.047124687800767	0.270221444529392	88
0.079090712388015	0.123649865013557	15
0.113715866697006	0.120305883787653	15
0.0647969924036	0.207735874688221	15
0.077360054680723	0.161244066234394	15
0.058307186884925	0.161707983752061	15
0.070444276521382	0.176646860181547	15
0.018138959155534	0.279142916287645	52
-0.11527310520659	0.514933135540434	52
-0.018327400679436	0.323510991056717	52
-0.090730922023662	0.267498054261607	52
0.027495681025693	0.275594801524224	76
-0.00474285434528698	0.373547855166924	76
0.020838110318483	0.354994473474917	76
0.074618468766246	0.200702633383225	52
0.111886300909603	0.193278876220451	52
-0.044866360172496	0.540252602276006	52
-0.013598264633274	0.293152840385356	52
0.095106134883384	0.0621252188292888	645
0.115885654443164	0.180535508632768	165
-0.106443107004276	0.480240027131819	422
0.071860398580723	0.148289760880892	422
-0.088730986225805	0.260168916482691	165
-0.00102772089969899	0.265234012969083	165
0.021153407127562	0.343781130427025	165
0.019808421182527	0.262777739660532	165
-0.100871375121266	0.492657830108411	467
0.041869601605466	0.202043746795608	165
0.109692174312854	0.143251360030454	165
0.073068104600711	0.259364895058459	165
0.076093644133085	0.282849288409112	165
0.123161190010466	0.188696717324667	291
0.033995272756855	0.322535148257198	291
-0.053529446952501	0.507558432549226	165
-0.043011824579103	0.429151650028534	47
0.013293313349033	0.37038736718502	47
-0.061030298792712	0.571603075990797	364
0.117070216044044	0.0881687631505128	364
0.042935393121064	0.170454659066275	1
0.082759178390551	0.0704576379852405	1
0.116461728684721	0.0615067792119309	1
0.036832419636315	0.081506877118157	1
0.066780788602322	0.13099446550284	1
-0.021813647686445	0.383072136448431	1
-0.00422141203197601	0.206555532399497	413
-0.123437341115427	0.345984138296478	1160
-0.087790302459514	0.351030780923236	1160
0.029760449036884	0.197220233755858	1160
-0.061560413102801	0.309162074772004	61
-0.11566455470519	0.233378918415005	278
0.019396083216785	0.164816914582069	133
0.108469862851664	0.107777081309838	133
-0.040033326690244	0.250710157012928	133
-0.066504193812267	0.164162869090034	133
-0.028682693682132	0.0955856767997894	442
0.035180018955846	0.743785203225458	65
-0.040189336394633	1.02117612681427	65
0.059380739553381	0.457408260735131	65
0.091154359417508	0.358805714870472	65
0.051367659501923	0.459507612990804	65
0.122988101539004	0.250955984148054	65
0.114041495940973	0.26349734864452	65
0.055803992147384	0.352341459132899	65
0.046963544845024	0.359153201899675	65
0.054994319486012	0.233158131273718	65
0.054246131901758	0.268656229857476	65
0.023492961526563	0.386018000475346	65
-0.091655366955761	0.542121098253773	65
0.04027941179308	0.150429576148089	110
0.02989363600839	0.148824972761734	110
0.013532860401405	0.214123637730737	11
0.061520525949696	0.139364590316445	88
0.121371905967078	0.124494809881219	88
-0.118578648031331	0.444725858368876	88
0.116707062663703	0.103583382712566	15
0.064909675414011	0.223842232591757	52
-0.037437945404879	0.389931338833099	52
0.112282583680996	0.143163813444293	52
0.013016355950425	0.234998943005218	52
-0.049795924349937	0.378577134491823	76
-0.053065933200233	0.512875082058678	52
0.048598167450575	0.286314351422993	52
0.066021751035593	0.324326633653444	52
0.072640117938332	0.286013293764107	52
-0.101269340690018	0.639549287230268	52
-0.075406601799972	0.242472592263026	52
0.072221336375791	0.151359355493366	165
0.072762455545805	0.21815441134559	165
0.041424923926536	0.308488959112076	165
0.016475038735855	0.311261536065604	425
-0.063171680239887	0.37875011931107	422
0.067319893397623	0.184988898193339	392
-0.07970970386513	0.165132420397843	392
0.066580427930966	0.11662735626843	165
-0.035813797825326	0.15684734905971	165
-0.061289567174678	0.234288899716454	165
-0.027073356878061	0.273530855935002	165
0.051718175354104	0.265607967265927	165
0.108777232562215	0.183763416197617	165
-0.070149312444936	0.415016982142974	165
0.024359931870025	0.318371408619363	165
0.00153466205554101	0.452594823540955	165
-0.023515093799783	0.420906149095992	165
0.052287002479192	0.280715919249511	131
0.052305574348089	0.185342266174491	131
0.037662662965436	0.294520719702336	47
0.092639747648799	0.205955791379363	47
0.031640830021978	0.322471758491363	47
-0.067792575530631	0.210063031073632	364
0.084324051758575	0.101425898578129	1
-0.025485269186502	0.151699963600326	1
0.12099482918057	0.0591367961110901	1
-0.035159111169027	0.0968138470287978	1
0.080197412191077	0.0712559906361963	1
0.082882374551172	0.0698911605614527	1
-0.070839833596681	0.170236159956428	1
-0.062191186276416	0.243526061913842	1
0.035877612928461	0.0819910238069567	1
0.041102198000261	0.0776325302180146	1
0.038192150664791	0.209077039532403	1
0.077997494862214	0.164440729173667	1
-0.076057170563182	0.222227991257924	413
-0.100646554495724	0.31245332778929	413
-0.048442824331534	0.285998243137168	413
0.101568991436857	0.0944729613455676	133
0.073796680463009	0.124018370936181	133
0.113656218927096	0.0613968210940073	1294
0.08655403497028	0.0677744345479386	1294
-0.026143969900507	0.148621652985573	1294
0.111860272357468	0.062434711986607	82
0.03703389995237	0.0818186107263153	82
0.115555354935827	0.0611013482885226	82
-0.055221390149275	1.66529397424019	65
0.044441313700508	0.462467412069636	65
-0.026984213387229	0.648298923488512	65
0.064748978205576	0.339675064208482	65
-0.00270189070625099	0.453318171619447	65
0.036277593813315	0.322199093878449	65
0.000980110106723997	0.221036167869155	65
0.103795856868331	0.138506845846581	65
0.00913521113828999	0.2666315761156	65
-0.037114697873306	0.199780304486875	110
0.04786506750103	0.147828477474912	88
0.084222964922247	0.167447668646847	88
0.105745724811332	0.170634165828209	88
-0.121346012135861	0.341799663960401	88
0.058142683991588	0.220306790335081	15
-0.023359691439626	0.209172026196039	15
-0.044423541336592	0.256912351563939	15
0.00804345346294999	0.270933878173828	52
-0.00113277447530302	0.219030561515453	52
0.039768284812675	0.129091371436508	52
-0.051075679414495	0.284906948316066	52
0.057578905297591	0.173241093626044	52
-0.084256610568616	0.560196171960826	76
0.034302776909284	0.288032227835707	52
-0.046874602621646	0.385388378370198	52
0.080295004279452	0.208422102666743	52
0.038663467663267	0.264224419111939	52
-0.010199931006573	0.388336017347408	52
0.093901963192917	0.202068443940043	52
0.111986757493593	0.171884861212281	52
0.000488916171171	0.169625441046874	52
-0.037437435123929	0.198839343484657	422
0.064735127884891	0.212989226978832	165
-0.1231298018545	0.530252818109176	467
0.0777462278301	0.146958566457466	165
0.115353104265186	0.157340249105791	165
-0.020773437837391	0.427203456197978	165
0.030894125973769	0.265200364292394	291
-0.084650844816975	0.510743788080317	291
0.02180772743742	0.311309928123764	291
0.069979928940721	0.236628367467414	291
0.085622530623874	0.122502646422471	131
0.037215960772805	0.239588080929011	47
-0.010747719839502	0.343924909029774	47
0.055789782151665	0.21513355527866	47
0.119916207984051	0.0598344452054936	1
0.084814496190833	0.0695473299804202	1
-0.029235471515856	0.190391268843552	1
0.018755299355765	0.184738953189437	1
0.054721294837584	0.141110080944592	1
0.044350593628671	0.207041846781736	1
0.004627657017963	0.225363926635823	1
-0.068045297333237	0.320583935753448	1
0.053599401203437	0.1709057483699	1
-0.019031661496865	0.206053998728618	413
-0.00561130708135499	0.203605317289164	61
0.038655851344209	0.124215558263945	61
0.00915191428854201	0.143159106466931	1669
-0.072876244530426	0.166571897380133	133
0.098178704519699	0.098986751627844	133
0.041069182719241	0.166841515070096	133
-0.075051650099735	0.170169921977187	133
0.043687902345899	0.0776236091224481	133
0.111630507912275	0.0609025816743204	1294
0.086308560167236	0.0691793758203773	82
0.108928049594532	0.38554250916421	65
-0.058625099875541	0.902320078397038	65
0.034075651306888	0.53716952373642	65
0.018622237662674	0.527601843272734	65
0.023027385731965	0.484818556144805	65
-0.06996570526539	0.825123302853321	65
-0.082611409798163	0.753866410354229	65
0.039849408718317	0.425913215365275	65
-0.085350109863094	0.366861002675956	65
0.023072457573619	0.294549634356383	65
0.111162279692072	0.18187492960014	65
-0.083829473532105	0.402441600456355	65
-0.122955499748257	0.178409246953828	110
0.098337165174404	0.129457450596125	110
-0.074731113879752	0.278568123434763	110
0.095430678575946	0.0974131649586427	110
-0.059654730820127	0.319563608401242	110
0.057018549437753	0.195571758162539	11
0.083364709609847	0.188159415826994	366
-0.09444041154108	0.251852099736823	88
-0.084888120906009	0.224489868485759	88
0.038427977268549	0.173941144736174	88
-0.124632074733191	0.444445122800278	88
0.059407489881068	0.217046461997844	15
-0.090777802380793	0.465874173611727	15
-0.063114089453143	0.262436108303494	15
0.057445799978298	0.218081881932765	15
-0.042955656209204	0.282907022481144	15
-0.052837967694118	0.391444944285221	117
-0.093030162675243	0.254948922685651	52
0.124490834890888	0.138776651980287	76
0.001745885963469	0.349043008939352	52
0.072519356631082	0.228408383718372	52
-0.048201476738176	0.539467325113684	52
0.035966372520528	0.34427184725122	52
0.062710194585592	0.233322071530738	425
0.012248381960511	0.137685940221357	422
-0.101487324508767	0.483170182077851	165
-0.033628233826588	0.400758734830899	165
0.064013321608235	0.235396717938176	467
0.107653685540717	0.14795441121794	165
0.052537750046524	0.195236269128837	165
0.114498725591496	0.186084228591806	165
0.05717214810791	0.290959909761091	291
0.089265212287408	0.21079586534401	131
0.106272452767062	0.187993254739344	47
0.083413937491686	0.23124398276259	47
-0.091730731398319	0.568636324771365	47
0.097299795537813	0.187269511713972	47
-0.092347965148898	0.57397591653055	47
0.111456364211416	0.178011557097498	47
0.059341885189549	0.141470229305897	364
-0.075187465433115	0.1690642186853	364
0.03703389995237	0.0818186107263153	1
-0.029839569510005	0.0962689794942149	1
-0.049489709303667	0.27881937706799	1
0.081705874145702	0.071607897716884	1
-0.116449183566087	0.462157329572025	278
-0.104934406741697	0.469468696008439	278
-0.035368832161275	0.336776635649345	1
-0.021231708590234	0.212443269824062	278
-0.081878882898906	0.386794328890063	413
0.043557597236273	0.163056062282298	413
-0.028964123616718	0.251839269085364	413
0.087102979357288	0.136979409630343	35
0.066446034313303	0.15315042213043	61
0.050677759033558	0.164825212445582	61
-0.080759812751283	0.213583045231203	133
-0.075731382909685	0.16262223154591	133
-0.030024322211468	0.0919016039940817	82
-0.095372823374484	0.266696109292317	82
0.071712121965919	0.612323324694578	65
0.036218601381463	0.560651192323352	65
0.092289530890935	0.372088697353112	65
0.022099875576929	0.532215749236291	65
0.065046031291176	0.249959983388994	65
0.111293828083269	0.245246445656342	65
0.110891987442024	0.225242844091523	65
-0.048577907123656	0.403429506579244	65
-0.086227073713899	0.489575098923989	65
0.068462168383907	0.190815264720838	65
-0.063861874162237	0.521973380086443	65
-0.067146817481508	0.40372619191398	65
0.044502481602848	0.121119960891912	110
-0.080220784955827	0.216931915854665	110
0.015587781903209	0.24502286868913	110
-0.119664490817632	0.394257402887267	366
0.027848135963472	0.248245335935782	366
0.023976956188283	0.29961833022652	366
-0.047000043390016	0.360574134276181	366
-0.026000950864277	0.214818070794726	88
-0.093150826540717	0.36539622756493	15
0.004885391335016	0.263837052353061	15
-0.085846154903242	0.32398003125856	15
-0.015707507926285	0.308023020579383	117
-0.088749314078632	0.374656732928946	117
-0.052154252783634	0.281246653904109	117
-0.08461441414427	0.510319807301082	76
0.067130164542383	0.251975907484374	52
-0.058965823793618	0.50740183910417	52
0.026207053974807	0.346711930653931	52
0.08659091679709	0.223274234222146	52
0.106914533577026	0.179200844161616	52
-0.07600392354723	0.170472251255812	425
-0.098754345142993	0.586119594829168	425
0.087521720207038	0.205314769368682	425
0.00439766740678599	0.145163014223618	392
0.014721341610682	0.239995654009659	165
0.107118815669218	0.178211880560074	165
0.093766544714932	0.170731080796019	165
-0.060520027824988	0.237266671533705	165
0.014364900307961	0.241500869029334	165
0.05279880564385	0.24836998834275	165
0.019127198943109	0.234495318120032	165
0.096938293880697	0.20492121875748	165
0.085989925765647	0.263751970452565	165
0.101924385439509	0.212641230607459	165
0.105630467762244	0.193153383938168	165
0.116625820252201	0.19089231709783	165
0.119292494413571	0.163969192501306	165
-0.035619373250115	0.396450725025929	47
0.117088098896764	0.171369455394866	131
0.035963563509828	0.28494426581627	47
0.000603746567688995	0.385458600970091	47
-0.029114534377451	0.0930108090578141	212
0.035257207333422	0.080130113434629	212
0.111860272357468	0.062434711986607	1
0.077100674132953	0.0712843849284868	1
0.067038821367002	0.151250605665658	1
0.110077811863241	0.129830483154861	909
0.00337084891272599	0.213120816323861	1
0.108816103058829	0.123814526794983	35
0.107877239478286	0.10983557500088	61
0.109136246405447	0.0902709467384254	1669
0.000144506860652011	0.1793063850082	133
0.057526782411527	0.141237955181027	133
0.11275915506141	0.0909119717494348	133
0.113527659624664	0.0618483589917743	133
-0.029623293213721	0.0939718402556729	41
-0.031400422060193	0.0950372445396653	41
-0.00248509974845002	0.178393646366243	41
0.04396236784256	0.124258371318804	82
0.113656218927096	0.0613968210940073	82
0.101936994831815	0.450600287427238	65
0.028258292798328	0.500028399988247	65
0.064311629665004	0.373757383643775	65
0.050029352753714	0.400400397876662	65
-0.00507520787638799	0.520209710110323	65
0.105009617690222	0.231721529654292	65
-0.089852102641075	0.700322281542079	65
0.059877089873143	0.376970768502185	65
-0.088194045546789	0.707542278045474	65
-0.124525704039496	0.660121049175094	65
-0.010147924842049	0.394941911501431	65
-0.014117449305657	0.393702134862003	65
-0.078785740700669	0.418424648579583	65
-0.05660054711624	0.414644275575022	65
0.01713839278436	0.247018895025798	65
0.061541619882405	0.15892092953532	110
0.101386903390166	0.129653865023813	110
-0.028321916350686	0.151273235812394	110
0.04180963134192	0.169286775025084	110
-0.028641110822395	0.345239218870008	366
-0.01948963395861	0.261481041707062	366
-0.040281128745437	0.201345194539599	88
-0.059777544825278	0.242512498088593	15
-0.036740855793442	0.270503664529499	15
0.062554915980574	0.201591919834423	15
-0.037478020458939	0.274891635868584	15
-0.065819111668965	0.30116290527302	15
-0.011169500072583	0.322705877391109	117
0.115729011207712	0.138162004057286	52
-0.028779373885389	0.410580477249641	76
0.091797453771766	0.221949784614411	52
-0.010689336880749	0.359576289332872	52
-0.034329938673399	0.194922947786696	52
0.018147196524486	0.130125034551789	425
0.087855600405905	0.164936142435751	425
-0.089934470549358	0.516718880897787	425
-0.019001434902866	0.259396954071611	1553
-0.096152079951779	0.265442304724755	422
0.0721351660996	0.168592341802275	165
0.089016502640813	0.195712989395851	165
0.104971387265028	0.193706971747439	467
-0.04401756203868	0.396058953670802	165
-0.091756469671748	0.622149926032705	291
-0.027226518631947	0.427435092218025	165
0.035710621995108	0.306033627048913	165
0.081901768196976	0.241936293431237	165
0.099396307710575	0.195311857851049	165
-0.026679511186637	0.211035835692641	131
-0.074377921819373	0.162202198755553	1
0.113398904901396	0.0615853312824888	1
0.00580240677103799	0.209852230311454	1
-0.084527699926154	0.30317286416661	1
-0.025134427344203	0.0939362147439577	1
0.094987843423235	0.14667648424409	1
0.108057991151324	0.132584616858163	278
-0.029839569510005	0.0962689794942149	35
0.046950122064644	0.148042716754665	61
-0.00227120079067	0.18098977249855	61
0.070759900622346	0.114434918537946	1669
-0.000841589377751972	0.197582055074236	133
-0.060904037852646	0.237013418203071	133
-0.080089301587471	0.308318703468129	133
0.003981224699425	0.143545898954653	278
0.12101843732132	0.0570110393870805	82
-0.066640937901002	1.41937977055656	65
-0.124063262435837	1.54541148068917	65
-0.120246651169571	1.23691340811131	65
0.00338974798323499	0.748868533096718	65
-0.03175427743122	0.863036259461892	65
0.020889810323927	0.624829352911465	65
0.038616795820313	0.556241245097059	65
0.079332057888551	0.375109381273162	65
0.046227520688414	0.495732115197453	65
-0.099419533701362	1.01914013347169	65
0.107980553312196	0.267273012959599	65
0.119494427086567	0.248463429172362	65
0.015152615916976	0.462903147817034	65
0.089475205153476	0.263769410003961	65
-0.069191258134991	0.584220585890974	65
0.108725496694204	0.173819458907611	65
0.124982853906243	0.144837214167272	65
-0.06676864664849	0.521628975244862	65
0.077100674132953	0.0712843849284868	110
-0.036027809620745	0.198520842733895	110
0.090605428420016	0.0656598440461891	110
-0.061086480574871	0.428261556536423	366
-0.006144186578663	0.359140631072074	366
-0.069060086699912	0.458360815863774	366
-0.062527528741382	0.244967402085297	88
0.083944001052344	0.142997047186449	15
-0.016755663575219	0.254431959142659	15
0.082687800093908	0.178782454256337	15
0.117033261474804	0.143593463930617	117
-0.110121242024065	0.666321393810646	76
-0.114572172635953	0.610375087641026	52
0.045906827870684	0.318188169971543	52
-0.051492721681288	0.477363757131752	52
-0.052168376431714	0.371062493708826	52
-0.037225269924545	0.393357598597284	425
0.053708640902303	0.278864336361361	425
0.09272965936147	0.160519925546241	425
-0.097807793376006	0.481809009341115	165
-0.064368223024073	0.497082260018026	467
0.091845489102094	0.17333623097131	467
0.062441878838992	0.153621410067628	165
0.119539370617491	0.12368041255005	165
0.019695718052431	0.247627051697182	165
0.082839245302801	0.263395976327371	165
0.043314083795492	0.332151882927694	291
0.114750969545403	0.189535711379426	165
0.032191566742232	0.320108839283166	131
0.057792523081426	0.268812234266253	47
0.052073744847032	0.309774444536626	47
0.024177906826825	0.326934135854829	47
-0.050781484850058	0.481097286160593	47
-0.053657876245516	0.478745106819	47
-0.00869439127640598	0.325463227137498	212
-0.123207508911408	0.235517571198658	212
0.088337041248149	0.0682039113870745	212
0.090056757392507	0.10212180650299	364
-0.075187465433115	0.1690642186853	1
0.070413768243661	0.111463260370425	1350
-0.070118596569676	0.286724090922312	1
-0.124593266173712	0.403596873448445	1
0.094152433473822	0.0635658742269642	1
0.032388278801387	0.191643858098314	1
-0.00565425205453601	0.264832131731658	1
0.051051631773148	0.178203424338025	35
-0.115224121918398	0.360556069859151	35
0.017434782854777	0.229178881542008	61
-0.079320613122721	0.217732850877109	133
-0.082130482071126	0.284531479684515	133
0.038561528815554	0.076784088103107	133
0.045901793374261	0.0749206886244423	82
0.058302630058516	0.758685261992008	65
0.014338481448463	0.788588382894256	65
-0.124705243073611	1.31792148744111	65
-0.012602011583057	0.752504289030893	65
0.01353563212934	0.600341712347654	65
0.023613179027162	0.528888028353806	65
0.097014769767851	0.318549996571253	65
-0.063064998519662	0.787843072709842	65
-0.057340079464779	0.715430372996467	65
0.092665181592859	0.312916680049459	65
0.00725144999867999	0.46239391956078	65
0.054637752232294	0.250574076394472	65
0.061057114273427	0.227795401828664	65
0.110568203681189	0.179850202452826	65
-0.056905963337796	0.334504246386409	54
-0.10849506367169	0.305594964252057	54
0.069553740576142	0.111156642094661	110
-0.039891270215719	0.197453948305184	110
0.082841853228699	0.205412332671015	366
0.10096939253228	0.192875373047789	366
-0.035603934396173	0.367006726353204	15
-0.119135476564402	0.443815831553934	15
0.114040109604677	0.125132208983344	15
0.098031927615932	0.159201095412866	15
-0.04134716355003	0.340195200793635	15
0.017984233183963	0.294633284536601	15
-0.06054485110014	0.369611077460751	76
0.06894189558428	0.22403044973423	76
0.107426554407698	0.175860923412704	52
0.085298140666651	0.19636962779583	52
-0.053800392906645	0.573714302179815	52
0.081104227375663	0.234633551044857	52
-0.077449508352292	0.210654126980977	52
-0.016287343175565	0.345613193883313	425
0.042896765576309	0.266944012004536	425
-0.037427522672459	0.480617064882994	425
-0.064206845886946	0.438580040002513	425
0.027989917686079	0.223196878460662	392
0.012790553608118	0.136437019302364	392
-0.022148983796273	0.281108135653044	165
0.033569114197144	0.261715310319264	165
0.121344325067009	0.140300591274657	467
-0.078822747508733	0.346663295817131	467
0.117390068794693	0.151426756629976	165
0.039241421531424	0.274985588363884	165
-0.077164974334707	0.570410791716264	165
0.12090865962961	0.195972518003813	291
0.04328597004538	0.336847866329631	165
0.089198958660244	0.251379627421122	165
-0.117378080651816	0.341749439781082	131
0.083911121894929	0.253429228098837	47
0.071144750510318	0.266223272585241	47
-0.019757644381532	0.443564935189823	47
-0.083801987415514	0.541227399081231	47
-0.041428442839748	0.456357209506565	47
-0.037038432356223	0.0957141527174242	364
-0.00483900868466702	0.181309280255856	404
-0.029839569510005	0.0962689794942149	1
-0.033999744313216	0.0965769184018093	1
0.094579427698781	0.160772753862225	1
0.073660802238347	0.112872432758474	1
-0.124722363245327	0.173500437738138	1
0.04819140269051	0.177380702312186	1
0.060102177673586	0.207250319194387	1
-0.024920271032252	0.0922213230312286	35
-0.072258357536173	0.210961892141365	336
-0.098926501735189	0.263345258693179	278
0.111082510130432	0.0616206003951089	278
0.120052892711024	0.0596631873977333	278
0.04927586440927	0.122221363105916	41
-0.00892332405676499	0.809089456315094	65
0.037083067140876	0.535763947877465	65
0.113176544916782	0.302069816691136	65
-0.023048154340715	0.687504867597549	65
0.00423914741437101	0.598740295511095	65
0.120971357339947	0.246230788674691	65
0.056859792835098	0.374493435227349	65
0.021025195691616	0.431398414840661	65
0.118886677695958	0.202964132341943	65
0.100103792398586	0.196943887498601	65
0.047288255559367	0.121024465099125	54
-0.112814395586491	0.334570819361582	110
0.113528277827754	0.118228205693831	110
0.019244828977879	0.208693648695299	110
-0.099177875997262	0.413940801726758	366
-0.00415093234011499	0.349829024901288	366
0.067003042030781	0.247092651696105	366
0.121803990883604	0.128765095819734	366
0.064906741160832	0.13372754136437	88
-0.081132544098175	0.448006021716277	15
0.106356191339388	0.133325477561975	15
-0.045718861955067	0.250105507963899	15
-0.05637709772758	0.373174089492062	15
0.121405601603913	0.151493515619631	15
-0.09105751854719	0.511933211164363	15
0.096095630160006	0.180738340057019	52
-0.06178005871054	0.293274838404653	76
-0.036085645549966	0.340224017821433	76
0.118128274354375	0.200580404147567	52
-0.018614977917653	0.439453704454149	52
-0.043613994282105	0.506073686183947	52
-0.029551457656871	0.158038445710636	52
0.041820062893876	0.12909143276112	425
-0.088957434506712	0.30839167914653	425
-0.094132738981516	0.557222471816372	425
0.112943180377231	0.0618648479388395	425
0.004216776840446	0.173926667222087	425
0.045557073175131	0.314214512569659	165
0.114348594192475	0.159363329758326	467
0.020535596196204	0.266543360002383	467
0.078439687343349	0.14431240551693	467
0.124332547501096	0.187737003364118	291
-0.032720575842449	0.513077836457032	291
-0.061970972530079	0.578782443791397	47
0.0929519693013	0.220768242298474	47
0.02128804969547	0.33169260256335	47
0.03980317674649	0.0792141641503898	212
0.03814384877731	0.0815327017257594	1
0.00866220334026599	0.13046406785492	1
0.111191264745765	0.063076969859921	193
-0.000261886316839988	0.242176918720017	1
-0.02952683943951	0.335271904460548	1
-0.079221436838791	0.347888890439031	1
-0.12107047961096	0.225527864533051	1
-0.053802398392134	0.279428042565459	278
0.072744143749223	0.131107441277251	336
-0.010767729912579	0.220880089910684	61
0.122881841833245	0.0564594940821741	278
-0.076119626225422	0.221733860631444	31
0.036985873646432	0.0813234218572748	82
0.104371442962864	0.432484910501042	65
0.00949081165080601	0.6538687475772	65
-0.060491691243705	0.807963500616994	65
-0.054370884908585	0.726174716378195	65
0.00510195714178199	0.554166364706967	65
0.043869553915941	0.447835036317331	65
-0.00165389958372503	0.56136784135453	65
0.119782878562211	0.220220895697004	65
-0.017740203752333	0.404126193466562	65
-0.101902993101657	0.476518932134123	65
0.00162753785164499	0.369078774951684	65
-0.042510844966571	0.463604795916617	65
0.088909692217756	0.225425459545722	65
-0.040722104540517	0.278992927808116	65
-0.080389812760276	0.470351330107145	65
0.00818845567294399	0.211455329786749	110
0.110109903085497	0.0640746563172622	110
-0.069041589693754	0.340809701671389	110
-0.029652949830271	0.192567388509651	110
0.091086120014535	0.103124321266486	110
-0.014216157705456	0.228800459823043	110
0.02592161359925	0.267131898030965	366
-0.020510212631005	0.332089789846518	15
0.012896302038293	0.334956111436686	15
0.122109191035416	0.109099087146189	15
-0.092517875351456	0.344418880515742	15
0.110192334465407	0.130427001711938	15
0.029174969076346	0.299810227920894	15
0.03974373919167	0.227383845231184	15
-0.112977236845758	0.305836991512645	52
0.101263016618765	0.113133535291049	52
-0.041274084413878	0.280626316376948	52
0.017090154950671	0.363468299957829	52
0.08983115068749	0.235549889239475	52
-0.07789314634687	0.573376584127011	52
-0.108403615538274	0.58613205831539	52
-0.113819144963242	0.372925922126318	425
-0.070771605941039	0.452640139373443	425
-0.017892817482105	0.344322699710179	425
-0.103523336357016	0.401074882823839	425
-0.056162021732037	0.372403980153773	425
-0.048478352964235	0.347686976658886	425
-0.064637551696261	0.245242852633998	425
0.02573408228363	0.335059954723362	165
-0.063664628163612	0.312051809045307	467
0.095659099042567	0.14682724994934	467
0.108378058713054	0.191544986180913	165
-0.053315335303091	0.554147663807873	165
0.096397440017902	0.224292207855763	165
-0.056382402414595	0.235754160661605	131
-0.043905391280612	0.491479592945144	47
0.089805062174909	0.234188870311311	47
0.047272396877136	0.287704874654907	47
0.070759900622346	0.114434918537946	212
0.084178559946731	0.122026002964286	212
-0.069524285065246	0.164372856676677	1
0.076690371885394	0.108864923006173	1
-0.028898542777048	0.0957366172670429	96
-0.107396000548579	0.460829762474872	1
0.045386490080024	0.195243763297742	1
-0.099325640751414	0.448513639953972	1
0.115148781535496	0.119107051579188	1
0.09088415995949	0.171618227045822	1
-0.111736801642868	0.492522370757185	1
0.077706525172339	0.193791379219791	1
-0.017787770569659	0.29434920577554	61
0.121354317589068	0.0957096283549335	61
-0.105335895965607	0.266036708031726	336
0.00492985065345	0.140144565621428	31
-0.034820383805549	0.158982891898541	31
0.029312990214918	0.178215116867506	393
-0.090218127132291	0.26112567949032	41
0.069432381442191	0.572873578960758	65
0.03939478101058	0.680530119479298	65
0.090059819414788	0.363640725368739	65
0.092682146539733	0.363300820050916	65
-0.105975578016614	1.02912040226359	65
-0.041812912051735	0.764399720123367	65
0.013576586243814	0.420960349299572	65
0.00283295553683299	0.219645837130035	65
-0.033853110031051	0.193205265133489	110
0.052093031798448	0.182326726074847	110
0.097474331146084	0.166606935286244	366
0.057114521249356	0.228054130589194	366
0.070223424026336	0.241276755428993	366
0.097039390079003	0.167374204374845	366
0.021140545052131	0.129685941284833	506
-0.108762581560771	0.307625030341374	506
-0.090073071206549	0.459759809808005	15
-0.023450150304951	0.304720929240302	15
-0.120610240623715	0.396967973405218	117
-0.026025961772257	0.294715482838999	15
0.072569969716525	0.226561079164492	15
0.116584010504753	0.125323931855311	117
-0.007882931522532	0.179734113810886	52
-0.063641044646713	0.293771024830432	52
0.08695104618675	0.137600287436444	52
-0.012982058500511	0.380535695923042	52
0.017764854295916	0.403633154116673	52
-0.01293449284364	0.454957944535615	52
0.080887442991218	0.128203327325525	52
0.061824228822869	0.220895574577326	425
0.114142876880977	0.16589529970242	392
0.063160518637649	0.204961318454504	425
0.00508032044627299	0.215770450500857	425
0.053556061082904	0.19155541757252	165
0.038908739267462	0.253274123587379	165
-0.034380752412578	0.457467584407157	467
0.00707145965845299	0.26869865203219	467
-0.108443786490492	0.303832738086607	467
0.117954351198961	0.193287786326698	165
-0.119332866397412	0.682796138561709	165
0.07262467964029	0.27989953867314	165
0.033351041707852	0.32345702702845	165
0.101174241912734	0.208376694835193	165
-0.014797944471937	0.433736709989874	131
-0.065161729538026	0.563572451882064	47
0.026219599628559	0.317825043978156	47
0.07455148005003	0.246687624695676	47
0.068956916151108	0.185036583361607	212
0.081705874145702	0.071607897716884	1
0.100541129611033	0.140816961218333	1
-0.04525573544927	0.383770664409995	1
-0.039193685765772	0.347551615474921	1
0.028857141967543	0.160810320664179	1
0.11681543092844	0.0608543582232829	1
-0.118130430504337	0.33346078426006	1
-0.02736482351139	0.155707418555234	415
0.024062784438412	0.197000571455884	415
0.118748841370549	0.131696724765235	35
-0.00130714899610201	0.179589117834106	336
-0.10467396742038	0.299622932644618	278
0.000514197601040989	0.177371926293343	61
-0.064597978404761	0.204205801852756	31
0.035877612928461	0.0819910238069567	31
-0.00918349467552298	0.180048940330797	41
0.085385007016561	0.708896603265801	65
0.036012719142056	0.857078698724905	65
-0.011150127076549	1.07764619415009	65
-0.005423981576621	1.01423523015854	65
-0.02153227174922	1.08455676369501	65
-0.020205033377565	0.871380526072282	65
-0.048681703336771	0.690619339996858	65
-0.065530365790421	0.813099896933432	1933
0.044823808608297	0.362688813347745	65
0.035232693989799	0.269707207294571	65
0.016934791127757	0.233770986468953	65
0.058649856309752	0.27462713171091	65
-0.012597151607587	0.255283416726268	65
0.000199860540168989	0.244046827054628	65
-0.100172234169186	0.289297112653588	110
-0.08608991495925	0.312333852565474	110
-0.080024296179148	0.361265130486306	366
0.071962860147345	0.205094406802199	366
0.043114860859137	0.171693049030349	366
0.108818270351212	0.104024688123212	506
-0.06108519732792	0.374328007691236	15
0.073139337742517	0.213555909225639	15
-0.071169247478897	0.317190445888645	15
-0.030821109455099	0.312079250161979	15
0.056852831893514	0.213214380493108	15
-0.077442321035216	0.384181192354587	15
-0.04941644389352	0.352247925991145	117
-0.124380432415759	0.237942568466525	52
-0.039073278140431	0.312026318223014	52
0.114482583775287	0.117420252961142	454
-0.026212766539979	0.183915281199811	454
-0.11283794714506	0.633659394648562	454
0.096562553000103	0.20695778949761	52
0.023375139284242	0.203440229594612	52
0.105493358012062	0.160724585955382	425
-0.045289323812123	0.361864739092947	425
0.079773773938147	0.215883936063075	425
0.081355413684491	0.205557227314587	425
-0.045529287624612	0.416895801109399	425
0.081931238597646	0.0688505844788654	425
0.116186768831461	0.0602264854874756	165
-0.054816891708256	0.306751965809702	165
0.084539939129274	0.213670183214428	165
0.0895376927899	0.206191797799961	165
0.031829305432611	0.31489026499725	165
0.110982324955297	0.189669978767317	467
0.087093556925971	0.222191344722461	165
0.022192587478451	0.351536154767952	47
0.112317996460747	0.182842385903838	47
-0.023037081777247	0.0914244847447881	212
0.113210433986591	0.0633145308035035	1
0.087139737405722	0.0662982194187486	1
0.076136366898532	0.0729512887018356	1
0.00445976442323001	0.145326431476383	1
-0.107974559425071	0.389994399301618	1
0.043506776436788	0.215247767838487	1
-0.035580844836101	0.293019287890539	1
-0.079052272834455	0.356359930584816	1
-0.02795736582159	0.0932322958568023	1
0.057168796004398	0.227764794190803	1
0.063719061761802	0.226415878779527	1
0.026993702739931	0.163441129614699	415
0.068475750866461	0.134960783404592	336
0.007130181619173	0.144180338777637	31
-0.029839569510005	0.0962689794942149	31
0.081705874145702	0.071607897716884	393
-0.028898542777048	0.0957366172670429	393
-0.117866084552505	0.238946190128043	393
-0.026076226474001	0.0928720497576233	829
0.097692728966126	0.869364452885594	65
0.078537627269784	0.72885367274751	65
0.036645790509948	0.912740254441581	65
-0.054110765951655	1.44417083878228	65
0.021069166785058	0.72162555362308	65
0.015424544780176	0.685560645626284	65
-0.081260277034119	1.02932046511009	65
-0.023542254184138	0.686863026017575	65
-0.122534201088415	1.05598888544088	1933
0.050331346751423	0.437724231720258	1933
-0.123727542261081	0.853864588028228	1933
0.021288314553243	0.418230070936157	65
-0.046590830654591	0.514456763580148	65
0.121960274987603	0.0982737616094689	1933
-0.042071317092678	0.385267712243065	65
0.120032587121273	0.189603652395125	65
-0.012078401672768	0.308157801984621	65
-0.116398749487589	0.5727011544092	65
0.030839117945179	0.157657604931566	54
0.058405642977366	0.138472399857221	110
0.056798504945591	0.175182785903686	366
0.111774309391582	0.143141410186634	366
-0.0903297027792	0.473362612329584	366
0.035229571791682	0.270894362416484	366
-0.049494030578694	0.407421730249388	366
0.00718462964519501	0.239089302102143	366
-0.082139833829819	0.281838373274284	506
0.092547553644531	0.17127733174793	15
0.076107677050343	0.210504719848783	15
0.099604063288397	0.0979791648703264	15
0.059163137429648	0.173657726949036	15
-0.044185779321365	0.342247089735628	15
0.046321665707001	0.252719959720481	15
0.00360589259855701	0.234441653702732	15
-0.120350324757837	0.34313187499013	15
-0.028834877089982	0.345819130405083	15
-0.037857149542981	0.391572995283586	454
0.079449734280576	0.263888406384835	454
0.055796263137677	0.305816090627418	454
-0.036277384840781	0.522367461970635	454
-0.111957606968135	0.693270116654647	454
-0.09476834349744	0.683705808095036	454
-0.088025399576831	0.59644327226132	52
-0.052722274012629	0.486373123696726	52
-0.124639886569725	0.612074785430059	52
0.010840932323593	0.136197090952262	52
0.042569928156592	0.146024685983567	392
0.112886149923528	0.0600977036152254	165
-0.038101080135402	0.241216002799257	165
0.08391976632278	0.102442219003504	165
-0.037467503174515	0.294494544784937	165
-0.04377837704905	0.394690991792674	165
-0.055855975559862	0.494852249001058	165
0.005483174980213	0.385237640250484	165
0.024840892946353	0.371547706099541	131
-0.016505867558213	0.370699967274227	131
0.123305400737027	0.178925867662649	47
0.006082009153137	0.392667947291143	47
0.109199447302277	0.200981435150391	47
-0.118980991940801	0.228609990545183	47
-0.035000118651019	0.242357278018957	1
0.084908222532212	0.0689274303596419	1
0.080731652193373	0.0705697822151784	1
-0.040052525218877	0.094351975156074	263
-0.017651898952359	0.311491691497159	72
-0.093334781979963	0.464191016131383	72
0.065836188040035	0.22272226850429	1
0.030935248256851	0.274979926705558	1
0.12393885492596	0.122256868369573	1
0.088935881386744	0.183708380234153	1
0.109027751482344	0.0646581865869629	415
-0.075629025127356	0.324899754676247	415
-0.020454017041119	0.214585548247082	35
0.123442349886915	0.119654797930281	35
0.074705534041366	0.144755891718804	278
0.00423658081530701	0.215360688211623	61
-0.030459802219183	0.0931856557605895	31
-0.069391018170943	0.163198837229739	31
-0.073963552250558	0.168921659215275	31
-0.071793093086485	0.171103539536475	31
0.021964842719518	0.200967075276396	393
0.113077499332938	0.0897892949350232	393
0.027302870242082	0.0823065945953968	41
0.116877125874951	0.488764946553053	65
0.113027129831846	0.47381983366378	65
-0.036712563062135	0.859261447623802	65
-0.073865373544609	0.776339593332824	1933
-0.004442194090723	0.344702243126468	65
0.057851831056296	0.177213791978753	65
0.091448016495032	0.137146635062336	65
-0.030229774026519	0.222293505726075	54
0.039687030257951	0.128779369666716	1756
-0.032481098263813	0.224307509818485	110
-0.056717754582672	0.28402007052738	110
0.079883986344957	0.129064639568862	110
0.068781482804469	0.180399393044272	88
0.044415089616666	0.178627137679625	506
0.0170402399142	0.20909778090334	506
-0.12102528200371	0.266444640928661	506
-0.029682661399296	0.395088641692417	15
0.105381058306692	0.125879633100551	15
0.086942692469172	0.139023528079901	15
0.054771803178643	0.197492826771319	15
0.111640531386638	0.142687474691903	15
-0.033115980053522	0.368617354934956	15
-0.095807802324795	0.34693724192593	15
0.107180540780356	0.109039816158858	52
0.015569693387586	0.379078561715905	454
0.1223520509925	0.179674964210439	454
0.106648656663778	0.235621654064896	454
-0.018343416154586	0.408720978842532	52
0.085743620348103	0.25187087297473	52
0.023429743810869	0.183846246628606	408
0.087717965118504	0.139614734956029	425
-0.00776335986877702	0.390585959659686	425
-0.102314607573026	0.380673763088205	425
0.039720845302252	0.129905350378676	425
-0.05272054713786	0.232681657222015	392
0.076198297951973	0.203237633947863	165
-0.020089531817342	0.3990871665139	165
0.109567473603225	0.162998241622476	165
-0.061972534144916	0.428140036154372	165
-0.116623310194395	0.526852179340542	165
0.069413052590477	0.294622719793761	165
0.089363817500275	0.245235327560374	165
-0.045796325044722	0.619168602008029	165
-0.066277024904492	0.579229337357674	165
-0.0205440553398	0.499917786056367	165
0.053112120465732	0.336879537248318	47
-0.027157068353758	0.516236151722586	47
-0.100298949057068	0.699531429363426	47
0.000255685979020009	0.17817523922679	47
-0.028898542777048	0.0957366172670429	1
-0.082902810402272	0.224223840204326	1
-0.085379831304872	0.288223068951763	1
-0.042823736403284	0.0908520004537564	1
0.080731652193373	0.0705697822151784	1
-0.00753304233065	0.242916656186237	1
-0.095636315116652	0.499400721113565	1
0.090361308550635	0.218912328784947	1
0.090333162626257	0.206852008453671	1
-0.122161493409194	0.331109502277319	415
-0.033719889075147	0.193833937871239	415
-0.09031956286324	0.262724929938312	35
0.100081636731374	0.143448616639478	35
-0.03865034537527	0.311044914412185	35
0.031266752814566	0.189478250259745	61
0.085244727833508	0.137918848634425	61
0.032283842272074	0.131882686150219	278
0.044027211960032	0.161048603107456	31
0.00989547835770199	0.136752602292853	31
0.03320513725886	0.0829092227871215	31
0.031812027734485	0.662996568984042	65
-0.00592540481373	0.502570109607854	65
0.053373983735256	0.333572849650045	65
-0.014074910286687	0.514373597214587	1933
0.112701487383237	0.223986496995938	1933
-0.040893239733383	0.459541149657218	1933
0.032379748099413	0.321502352186133	65
-0.043844499488094	0.435979228468327	65
-0.024257188470522	0.37192890680106	65
0.028432177907775	0.268084976474647	65
0.000192428264747996	0.241898833849952	54
0.082373514864004	0.167427356665894	15
0.104255753666464	0.110781949640045	15
0.097848534654993	0.190241093556672	15
-0.120328738788658	0.363097491464468	15
0.031765301410649	0.196812080507897	15
-0.098257834338191	0.351493837336749	15
0.00693934169017199	0.140690229477392	117
0.068306078463206	0.182459462820638	52
-0.1230252241688	0.376400457616432	454
0.056481032613311	0.286380430249269	454
0.067368056637002	0.264679584200852	454
0.071468724704044	0.278738178500015	454
0.085204812822616	0.208492640516197	52
0.014651380619226	0.387876741503995	52
0.014372164052759	0.137869892996145	408
-0.053508177723133	0.473505724991053	425
0.120103173801353	0.161765091872297	425
0.054688534835992	0.225511185297376	425
0.016735643503936	0.206903588936833	425
0.115633094576256	0.0608954825416231	425
-0.060348301508154	0.244369106274854	392
-0.118930836693269	0.241095593159141	165
-0.091779287457432	0.260500083811743	165
0.080752544715428	0.0717766719481345	165
-0.00872031083971397	0.27312433827696	165
-0.01382634033019	0.377131745696605	165
-0.041277100631371	0.514262248343655	165
-0.11243110554814	0.738554751601731	165
0.0119074277141	0.351439805363504	165
-0.075785762545547	0.588134102788202	165
0.072083910207219	0.285375194935289	131
0.073209144320315	0.27350106784151	47
0.081623138306722	0.254251385260664	47
0.084239496565708	0.23002154295187	47
-0.03203724313069	0.539205699767789	47
0.065137402518704	0.202804107620673	47
-0.00344948133094603	0.18048654704482	47
0.040361465745958	0.078621951345426	212
-0.028682693682132	0.0955856767997894	1
-0.069066594920969	0.207555579347187	1
0.02523752878256	0.082708137204831	1
0.082882374551172	0.0698911605614527	1
-0.061095702032138	0.158064688957333	1350
0.105868133212378	0.107563244130824	1
-0.038625915730065	0.404655071605531	1
-0.013607358944808	0.337456883435462	1
0.016101477871841	0.187661812568581	61
0.105568260752953	0.0948578809307	61
0.119916207984051	0.0598344452054936	61
-0.067725588578223	0.301849672407831	61
0.033627536012364	0.153738968783571	61
-0.123196545060206	0.232842716097747	31
0.095521932280031	0.098934189481437	31
-0.028682693682132	0.0955856767997894	31
-0.102671633458289	0.266607145614131	393
0.02523752878256	0.082708137204831	372
0.112537507597808	0.78743416870768	65
0.097356363928358	0.511406931070057	65
0.00832019255458899	0.810704087972086	65
0.042680477407184	0.640575400672365	65
-0.043108987014982	0.586992300431639	65
-0.048962404312197	0.953372309397181	65
0.119077042472579	0.260739546926098	65
-0.057255859423964	0.673820399809031	65
0.027261215179181	0.499607212037246	65
-0.088206704451693	0.480546542404839	65
-0.00452601485958698	0.267435645331147	65
0.05861173523886	0.192611493315337	54
0.027091658609681	0.160478078245357	71
-0.035878505903546	0.0954773301426179	71
-0.098486663054798	0.323135180858066	71
-0.010925538463829	0.27210760371554	71
-0.090084647690921	0.316641980054744	88
0.019493326034784	0.166867404900472	88
0.088770171670769	0.184985535398412	88
-0.084418702841572	0.507160381410176	432
0.00410459650827899	0.173897976872577	88
-0.043079694813414	0.402960214513611	432
-0.044673701701262	0.336540870534884	15
0.045973518886954	0.119335266067399	15
-0.108534342493854	0.381472425129284	15
0.11581862091888	0.154763098099276	15
0.118195240344606	0.121468718097332	15
0.073019256446455	0.19090716349092	15
0.037617607232615	0.12852325805684	117
0.056224467103924	0.194977394273181	117
0.041417047683756	0.189066272128212	52
-0.056400013410551	0.512316353770677	52
-0.053140560209786	0.563148511975819	52
0.072517653662603	0.321789993513898	454
-0.112633059435261	0.659181199209522	408
-0.10664013842404	0.267820156409161	408
0.013323222584922	0.268274154718409	408
-0.053933411801097	0.312773983784164	425
-0.029665704667653	0.218106047004356	165
-0.024923799148848	0.316516830369438	165
-0.00419971644099099	0.40379479584251	165
0.029630178200057	0.180307270021413	165
0.05970344859572	0.262191450024411	165
0.028014174028096	0.334789251393787	165
-0.029050129374967	0.547728905668535	165
-0.011172119455064	0.511914428822481	165
0.076129817400625	0.289994096589065	165
-0.028145024197468	0.555922548905284	165
0.077909972298284	0.284575206521577	165
0.102819453665154	0.260460453596109	131
-0.10255244016031	0.381769310298619	47
0.102740724112747	0.0949792827894247	47
0.065339408751178	0.344226147515901	47
-0.056449493001578	0.658066739069643	47
-0.004940217285545	0.432308013071297	47
0.098428095605004	0.0998013596304387	212
-0.027233026577963	0.0926507295629117	1
-0.00567499485136003	0.21539107634614	1
-0.028682693682132	0.0955856767997894	841
-0.010556385675948	0.227178420079676	823
0.11326069797361	0.129098702034303	823
-0.104616161224102	0.622711116961458	684
0.075554265837417	0.221601580487464	72
0.00284278256875201	0.2965370450668	72
-0.085383642893184	0.450904417557827	35
0.040721503782502	0.185614334562481	61
-0.047767332780073	0.224248609136314	61
0.060464755976	0.138843131290816	61
-0.070473883359433	0.164680339197428	31
-0.002536391174424	0.180506239306741	41
0.075663090597334	0.605073729023297	65
0.103027763607798	0.4192522099437	65
0.019742553754	0.48580030957839	65
0.113671195564854	0.388868422641199	65
0.020280934168448	0.572527926303331	1933
0.083365788123554	0.256888362040911	65
0.040453207620562	0.303555816407771	65
0.097432989270619	0.115777104602056	71
-0.118992149352522	0.236287122050847	71
-0.123145641432147	0.230257773861645	71
-0.061033712244497	0.419453822176583	88
0.023079395569482	0.311938793268907	88
0.097472047275754	0.131664055748731	88
0.069251670877747	0.228167753380418	15
-0.116564874811485	0.367758022929362	15
0.038414475343247	0.190721758468784	15
0.11797526510226	0.123403718750841	117
0.104727288301477	0.238052669287001	454
0.06511466637408	0.240423743133525	454
0.067470006882965	0.238404466045185	52
0.093437664463526	0.211245468114985	52
0.104308014231629	0.212165187639713	52
-0.119648583276888	0.746102930030194	52
-0.062793710335467	0.587427726750507	408
-0.084156720963386	0.412294989326135	408
-0.117866084552505	0.238946190128043	408
-0.099154750521105	0.376804970587745	408
0.117708725644244	0.0593661809977211	407
0.116461728684721	0.0615067792119309	407
0.019414231292227	0.365231292927578	425
0.081475764233429	0.202872211327611	425
0.061594125776348	0.177270739686828	425
0.118206358521721	0.168586870921992	165
0.031838992593626	0.26185713089901	165
0.117743513671382	0.18321430518849	165
0.063407998151634	0.238557108333704	165
0.122695852760243	0.20249715728911	165
0.083645674411288	0.280439973077322	165
0.025081056875232	0.366156556058122	165
-0.015942047251226	0.483416218596096	165
0.084799018883042	0.275698501654899	131
-0.02211446053784	0.545242488295756	131
-0.04737834726168	0.69260577716767	47
0.067325747152931	0.330697864408222	47
0.017811109266035	0.446504130368814	47
0.078995722214795	0.0714005985849426	1
0.102107586872378	0.12914674704808	1
-0.062379127684933	0.239233961871387	1
-0.027526663011356	0.0933538709746233	253
-0.107312074134061	0.407958665751713	823
-0.079591246754556	0.486331675515445	72
0.023581526867127	0.185911782570382	72
-0.033292877256639	0.462913703074355	1
0.11624825263612	0.187172704561914	35
-0.084285910193855	0.579636785315755	1
0.070234518494471	0.183013082199174	35
-0.074966864432424	0.350080567196136	61
0.052267360886748	0.214102190634473	61
0.098788409419295	0.164573247274637	61
0.123835270525857	0.109348782287935	61
-0.036623570764738	0.199263090062473	61
0.080360985611065	0.159478914236704	61
-0.123401628348111	0.360622809326193	61
0.110915043494517	0.0635753395655877	31
0.029406893469605	0.943087620007943	65
0.107985668912362	0.49146103839708	65
0.041417697297196	0.794173406214761	65
-0.051055462693459	1.19280986796912	65
0.10937537784755	0.325969970874813	65
0.123613837962731	0.224960573800316	65
0.054750020682459	0.369939364155798	65
0.037922768330558	0.312922687536918	65
0.074175754044511	0.291515095342488	65
-0.113531602497661	0.370628274404576	65
-0.017236574040081	0.235425603115604	71
-0.00483900868466702	0.181309280255856	71
0.039611137541422	0.31331099312854	432
-0.054383237902208	0.471564236991484	432
0.106638306532614	0.15667692725824	432
0.04186850900469	0.12845939388021	432
0.00445976442323001	0.145326431476383	432
0.037118571192142	0.194451420997213	15
0.059279634352496	0.175451408184167	15
0.063287428798006	0.200101192293765	15
0.073932845166403	0.143636688086916	117
0.009763158360548	0.139100049536598	52
0.098567544838026	0.227903513405177	454
0.043550689978684	0.37429166928626	454
-0.015010154895028	0.528108726007643	454
0.04255339061274	0.347537101758632	454
-0.058477403593726	0.387586378857254	454
-0.050524619590958	0.637496182324894	408
-0.102301342490662	0.768015648744313	408
-0.042038579209242	0.275818703472368	408
0.104775344573384	0.185216530959864	142
-0.123266447653009	0.346926334878293	425
0.002434421779237	0.144459292372336	425
0.066498299606792	0.115018745699591	165
0.088722122828375	0.152524229343592	165
-0.034175579759832	0.513636326959639	165
-0.057550200206513	0.331191636369937	165
-0.046317831635949	0.623972913813516	165
-0.033510288350483	0.607015420736643	47
-0.045898636141745	0.669487067235171	47
0.050390269126293	0.424038956320948	47
0.04794873538159	0.389509982634468	47
-0.028433416881833	0.625853791544388	47
-0.010409990617089	0.233636087386604	1
0.077088924662341	0.0729972565317384	253
-0.02774194311791	0.095057418578696	253
-0.045366773664321	0.470139745725915	72
0.034997632339393	0.0815857836543673	1
-0.028530208959722	0.439317000308457	1
0.046261346624498	0.319345016665751	1
0.077843669263979	0.247533427936296	1
-0.073854791826725	0.350541586259164	1
-0.044084517385088	0.318679058965653	61
0.033758626139732	0.239578154906273	61
-0.025075950658265	0.303171801597297	61
0.117723394298208	0.116710494343867	61
-0.078169355532063	0.22327177729826	61
-0.032207952340526	0.280646077825622	61
-0.055271572974401	0.307939896323285	61
0.02500194108805	0.216000540855704	61
-0.018055578304563	0.145458631353905	31
0.081705874145702	0.071607897716884	31
0.008927533551946	0.20417697516839	41
0.000411049457957002	0.197452549771757	41
0.116549787488728	0.694113664675649	65
0.041498969062516	1.06515564548258	65
-0.00175016402898698	1.23185366012492	65
-0.084194489753921	1.62508707117638	65
-0.118230837499751	1.62488699863425	65
0.03365304256095	0.602086877053523	65
-0.012416808700746	0.611178720610785	65
0.069423584577804	0.362879247714592	65
0.10308373652243	0.275318107580569	65
0.104276675155305	0.178650405700336	65
-0.046819659030272	0.507426441970837	65
0.090248188769188	0.278553730338822	65
0.096817620251966	0.240861661169005	65
-0.106415690083102	0.695357540467414	65
0.05179447518245	0.296158334292234	65
0.097520413764057	0.115915373972777	1731
0.036115060060563	0.195946943331697	71
-0.085016569103356	0.225062364145248	71
0.106918190129831	0.104404949857367	71
0.091019900007335	0.163970519025121	71
-0.079037190498314	0.490731541567305	71
0.015783197528723	0.23097995010828	71
-0.121698221843343	0.411598362451366	71
0.096067700129233	0.143104487589328	71
0.011332441833904	0.27646244351772	88
-0.095734397979047	0.605844606895223	432
-0.102565700609118	0.660786514270125	432
-0.081962862985956	0.325883353332838	88
-0.00569346363546802	0.315381182094267	88
-0.114927731312537	0.50392937741196	432
0.042008020337247	0.28874823817841	15
0.068141389948561	0.271186511774531	117
-0.046880367569547	0.346770309854092	117
0.100130843882367	0.216877158467002	52
0.102017898694029	0.236059852827147	454
0.006859708413886	0.465153000079286	454
0.111849591742128	0.203924152735845	52
0.01296086843516	0.426667502536422	408
-0.00697458169676801	0.345845328964691	408
-0.00619856931318402	0.267604062089568	142
0.023878962691665	0.345339159058598	425
0.091403868024707	0.239899455184238	425
-0.040991630697493	0.450202712260014	425
0.052426919716107	0.113248141845383	165
0.099467908430453	0.125607937774637	165
-0.011560782971516	0.249280553547529	165
-0.087378580827962	0.559333582350124	165
-0.015300534136358	0.440978939986562	165
-0.041754017495119	0.401029330144469	165
-0.113219060324271	0.716226834401299	165
0.108835210853358	0.226284285042368	165
0.094610104973613	0.245766574833933	165
-0.062997899983161	0.590079695440993	165
-0.022713652614747	0.474796283802394	165
0.072838739042175	0.235368678608803	165
0.057963418993125	0.279481470116198	165
-0.019245697380092	0.45147541711506	47
0.084177795718596	0.15384771618865	1
-0.123765295512918	0.442713937835968	1
0.037180974216306	0.211567256714587	1
-0.00409548154749101	0.206052909885532	1
0.104071886080757	0.108802983702442	841
0.078994455510766	0.10855284733872	253
-0.013213816894636	0.338570368657734	72
0.021403115945622	0.353042629581873	72
0.053184359959444	0.243681718223933	1
0.02815374790236	0.27570004452416	1
0.094553468445711	0.189265158132321	35
0.013035368806947	0.20933945913327	61
0.05690467573515	0.173591592338951	61
0.023258522282253	0.183704025612135	61
-0.092668955751012	0.345835741713826	61
0.103329608345977	0.109621175396128	61
0.064583752617808	0.155808479087836	61
-0.114296741909009	0.309566270314215	31
0.015504606082904	0.131464536325108	31
0.08212376512522	0.136058383957122	31
0.114155543315986	0.0622968362439471	41
0.065076715401344	0.15368560747389	41
-0.006286097230571	0.244738105095878	41
-0.097027180479162	2.24355105410975	65
0.030276116092466	1.0111507958616	65
0.115010490254891	0.275167557694717	65
0.086524030475254	0.164659212841749	65
-0.076894630464521	0.219345258093826	1731
0.084908222532212	0.0689274303596419	71
-0.069901625807652	0.211477737601868	71
-0.119276076069098	0.472888785313922	432
0.035754437385694	0.254439259432536	432
-0.082778562164506	0.362399904177443	432
0.09832109221612	0.130927930777598	88
0.018493564821881	0.278463198012879	432
-0.049281565236111	0.368021910562247	432
-0.112496877597882	0.229698392799168	432
0.00457647771386399	0.216140706051473	432
0.081225066364268	0.158070430458779	117
0.107592894735622	0.146047047381875	15
-0.00662793258010902	0.179813407062209	117
-0.119899054444166	0.344605218317941	142
-0.057612764883584	0.362307355690358	52
-0.061219851488247	0.517970887087324	454
-0.107441344859165	0.669862885372507	454
0.099170158447687	0.172569895733235	52
0.030694798290439	0.361220419924297	52
-0.123212538758896	0.233755570798826	142
-0.071252670750906	0.503246949760513	425
-0.087519621790842	0.500715715732936	425
-0.002446968552902	0.313139414679912	425
0.038707033139349	0.211165275012816	165
0.071033368636541	0.243413477224827	165
0.088490162013824	0.120598961268847	165
-0.091505151587966	0.44146330181059	165
0.08107254360913	0.27744557952159	165
0.022523757063648	0.384394055256493	165
0.08834425531782	0.262611955275065	165
0.083589934498221	0.239566019782543	165
0.069804565624849	0.264857635911112	165
0.073025206141862	0.282587993590094	165
0.048337954845333	0.331348270470091	47
0.012556984044617	0.409559916487971	47
0.039554832459056	0.341186403751723	47
-0.107225188497883	0.733417523334	47
0.046361243838354	0.228691736280406	1
0.00121870290044901	0.178077192422138	1
0.040912303718473	0.078928255069003	1
0.121130476068219	0.0586075910831794	1
-0.033968506549715	0.226131385113731	253
0.071408087535012	0.196156821798251	72
0.097130807674163	0.172415393513119	72
-0.033320100003538	0.197090761899306	72
0.115653387100771	0.151837845010388	1
-0.103382117609188	0.264736888369048	35
-0.014205130703521	0.289355520397865	35
0.070257277783378	0.133493155156706	35
0.05272781416247	0.226410742862062	61
-0.095334411245257	0.435125607519874	197
0.116559530703548	0.117643622529591	197
0.120454453159678	0.0875428226131684	197
0.068377363852648	0.133566226555849	61
-0.076530728359766	0.280674731169933	61
-0.046753049613824	0.25901565882528	61
-0.069514277753002	0.273158479625792	61
-0.070279669408632	0.209697287666899	61
0.036108690390334	0.0819004651389537	31
0.058439426399549	0.816485297310867	65
-0.020743564765005	1.27327500226342	65
-0.116750177934568	0.341613556254298	189
-0.035933745530903	0.453912364848502	189
0.109461815169683	0.188208628139847	65
-0.067644945960317	0.362525386661318	54
0.112084240082307	0.0883480367200699	1731
0.106647791420863	0.0935049928537969	56
-0.060886246007113	0.359980280802125	71
-0.034566372177794	0.156046492648505	71
0.00796350405188301	0.169036265868775	88
0.076885906561864	0.201951796562824	432
0.016207935966062	0.328990029731751	432
0.00778086584396101	0.338467565988382	432
0.056426738981214	0.144553860058983	432
0.071818161456995	0.180839683764601	432
-0.042771464729156	0.277981575788683	432
-0.108706998140772	0.340543977075581	117
-0.053008316708321	0.231701006775157	117
-0.041835658489694	0.321394587490743	234
-0.07455179134159	0.3648978002833	15
0.093354913287632	0.173432927688199	15
-0.054013224332978	0.250844436398709	117
0.101320249622386	0.141877182607407	117
-0.073496248920926	0.217965787867242	142
-0.059647479756572	0.380244246156745	142
0.120250961568425	0.174353799340471	52
-0.044819618136874	0.53815515067043	454
-0.102906445168172	0.666563243368715	52
0.021693122287897	0.126308529782204	52
-0.065665689691705	0.328363799719338	52
0.00402429767867199	0.295630427856549	425
-0.011807071301158	0.250352757273246	425
-0.028898542777048	0.0957366172670429	425
-0.027595898637007	0.14888130073153	165
-0.060717101480117	0.327644220105781	165
-0.049949031103126	0.474416258352425	165
0.111440821586629	0.161524435659692	165
0.057226631464784	0.276093241516114	165
0.05886074478909	0.250018761156132	165
0.023668986604852	0.159037916070999	165
-0.069147153897616	0.474132129040148	165
0.023226267808764	0.370640697948523	165
-0.025505152930883	0.447405483916646	165
-0.043373215044727	0.516462089571466	165
0.087131038772543	0.255388431327311	165
0.117059460467099	0.201499598107612	165
0.01113467902754	0.188540006134055	47
0.078695216412168	0.176942297140122	47
0.062997610974032	0.331449799858183	47
0.090062838966228	0.267192644861143	47
0.074814995817956	0.313782516160923	47
0.099012923312011	0.0974060870008477	1
0.07691196156208	0.125859229534658	1
0.058597498140858	0.161809970889403	1
-0.04146813887544	0.200029428328181	768
0.031170246879013	0.0836606677931207	1
-0.049989703898272	0.406965208183786	1
-0.018960618297023	0.404236503614076	1
0.040624626536104	0.0773702345516063	35
-0.057125098002278	0.311080183019582	35
0.057126969294789	0.218720871682981	197
-0.035760486819761	0.274088624070756	61
-0.042463081242854	0.201171579381385	61
-0.101115510000131	0.337054766586343	61
0.024661341503235	0.204198973291612	61
0.082783715050923	0.0712592142817459	41
-0.088775992201609	0.313499853548644	41
0.096682403950392	0.702743441962242	65
-0.053076592175702	0.45172953830157	189
0.098298045082082	0.203033152555413	65
0.069300478675131	0.243407983771036	65
0.078878433960732	0.263175196402336	65
0.036997375809692	0.348377269173195	65
0.112172296847599	0.0612241846967077	1731
-0.023978749089078	0.093269045574261	1793
-0.080894761569294	0.376152636087941	71
-0.124968720335925	0.444500162474167	432
0.085365679531477	0.195703495674219	432
0.118815822426152	0.166255543232795	432
-0.025123415542911	0.34057200150581	432
-0.062036158429943	0.385577475820982	432
0.040556473980381	0.240419400034008	432
-0.060712306655082	0.293843087844203	432
0.113014733149244	0.128308010434271	15
-0.044051294005538	0.279799492649405	117
-0.02880814606105	0.152146856620321	142
-0.023242095830535	0.217949620951767	142
-0.103616746917734	0.439670188482359	142
0.121000311332612	0.186636373930427	454
-0.079948136055508	0.546110412485379	454
-0.109460477041597	0.678402877167359	454
0.046007898266899	0.315559083694294	52
-0.0706081738134	0.165063807015784	826
-0.050886527364497	0.494565968958675	425
0.045967510176933	0.18467202547147	425
-0.023593755248665	0.389516051498481	165
-0.093208610644279	0.601533085551951	42
0.101880540708914	0.17398440413213	165
0.00219573352290001	0.200292021917197	165
0.002181193293882	0.177342426723671	165
-0.041456837314582	0.398388486374425	165
0.086449411335258	0.25723346420829	165
0.045510023017769	0.382766328421001	165
0.062608217566023	0.287844846168994	165
-0.048579250445245	0.256171381870133	47
-0.113247041275122	0.796564511436847	47
-0.079911895326374	0.559283257294477	47
0.062193254149372	0.327169356402398	47
-0.06084910995015	0.295104841486559	1
0.079378028785963	0.123183385071719	1
-0.028898542777048	0.0957366172670429	1
-0.00583102151485598	0.36967622323957	756
0.025362013438255	0.308113893983094	756
-0.012738001126672	0.418256169794212	756
-0.049087411420525	0.38490068468903	756
-0.068288828695121	0.165272710800313	72
0.021376989305588	0.331674375735962	1
0.092151328616815	0.204418487559053	1
0.103186911118862	0.19164502419999	1
0.051857844528162	0.283878070617178	1
0.079929262467132	0.224209636738205	1
0.104510547155843	0.138795633031457	1
0.021942730538703	0.280236085029756	35
0.101296229278794	0.126568148562193	197
0.015354971981981	0.212318573107568	61
-0.024975049160037	0.287312338479132	61
0.06933631874521	0.113046989537253	61
0.116478658379978	0.0990405974083697	61
0.033065484728583	0.543299028679377	189
-0.032341525305848	0.763991105778594	189
0.030330069493767	0.424090025199681	189
-0.112334778413802	0.329375681277611	189
0.095507977941696	0.285311353470749	65
-0.080235231018672	0.217017638141609	1731
0.045801940285348	0.226547971006077	71
0.018155491115823	0.187116925045577	88
-0.053579073539608	0.474968247912954	432
0.011003149057714	0.293536471171989	432
0.114040109604677	0.125132208983344	432
-0.074089092894227	0.276838587409759	432
-0.010358808432984	0.182673441566421	432
0.117610323873701	0.102225243252628	432
-0.121105864298849	0.23684862139909	432
0.048609538038134	0.182557538735321	432
0.054042660443434	0.247873178183866	234
0.048725154211732	0.203008169118383	234
0.070475673390129	0.167073903828172	234
-0.103670419445664	0.426612744812983	117
0.000153579861403991	0.281675839161697	15
0.086022893886335	0.175872718456678	142
0.00167440082046699	0.275692014275739	142
-0.085563706511313	0.358638714537892	142
0.082042550457523	0.182581951633238	142
0.105908740256925	0.224917528806778	454
0.081971402711373	0.302722917303485	454
-0.057026393042977	0.685492005697538	454
0.110002769545297	0.218631307986829	454
0.109421602567946	0.242864876909078	454
-0.022698724157663	0.256373950514225	142
-0.029467181936129	0.154001043563546	165
-0.115743224535132	0.230963756264825	165
0.035360640908101	0.228810346611972	165
0.074513219704802	0.248434565472283	165
0.059249457520278	0.141613894205768	165
0.092678501019588	0.267068659584273	165
-0.039169275950403	0.53665117720795	165
-0.111835243351837	0.435674830316835	47
-0.086435161599979	0.675654153516703	47
-0.050510435797722	0.649683008670648	47
0.068260286705863	0.314021103296169	47
-0.062295142600529	0.585190184416428	47
0.111255208773064	0.232463109843014	47
-0.056117149109425	0.623807609418207	47
0.031170246879013	0.0836606677931207	1
0.114349475854266	0.060880397971449	253
-0.110552718352875	0.331595833896459	253
-0.084384353788422	0.223539933227813	253
-0.029839569510005	0.0962689794942149	72
0.097431380606719	0.219829447163107	72
-0.106752564593583	0.445331749292893	756
-0.09215561809079	0.417682402356626	756
0.084921916808034	0.185204594957936	756
-0.053148121681446	0.51989268453802	1
0.089394200672569	0.231288780665279	1
0.042795262288975	0.324026512009292	1
-0.053344693237679	0.333348814602792	35
-0.114725431608444	0.422116456865318	61
0.022604404277856	0.215729081751312	61
0.005252488122345	0.197782516232118	197
-0.066973409489244	0.301832396731942	61
-0.085010612527473	0.337294321758932	61
0.089909784358063	0.160910670578423	61
-0.019233974921882	0.238245396626573	173
-0.025134427344203	0.0939362147439577	31
0.117583412794827	0.0597059555200673	41
-0.028898542777048	0.0957366172670429	41
-0.026586188113165	0.0928450015775511	41
-0.093726085305435	0.26545434077783	1493
-0.108364090795364	0.307301882431291	1493
0.068646003329709	0.181541013119597	1493
0.029007112441718	0.574670262699403	189
-0.011257696766794	0.731422932294027	189
0.00874249710438099	0.580746225399785	189
0.017030705522578	0.519625923359644	189
0.119293163674764	0.270830506642942	189
0.050486006645418	0.326312715434151	65
-0.099324019853207	0.291192062351224	1731
-0.121052784892189	0.176841796862626	1731
0.07525333169318	0.184853786870195	71
-0.058952302763496	0.231407930218219	71
-0.110451708448204	0.307159644398923	71
0.00312344792584399	0.218404527642467	88
0.028043091976482	0.30537320402128	432
-0.039033904236417	0.437398368460806	432
-0.05062662116569	0.455075876377787	432
-0.047055438959555	0.437855751132553	432
0.124015068913754	0.117132743320007	432
0.040775999293335	0.12927234033099	432
0.115772907654756	0.153707412556444	432
-0.021091046444867	0.284022699565818	234
0.042639812735852	0.298936672075071	454
0.059440089377428	0.290458028698107	454
0.014719168803733	0.389270472616656	454
0.00614333004346199	0.426488962885083	454
0.00555239417890799	0.419627103204096	454
-0.056551745488048	0.57378205651882	454
-0.049207833341328	0.570057712600087	454
-0.072511352419813	0.619989649956496	454
-0.00574463522767699	0.179398470832553	52
-0.055697069300673	0.239108257475198	142
-0.032035908587293	0.196909656411978	142
0.066186327710341	0.193929481266422	142
-0.072960178907957	0.553815126924124	142
-0.081051933366567	0.496893276366883	425
0.117457908828011	0.0593026472928932	42
-0.00437248334728901	0.145583121406806	42
0.029901030045344	0.287647228656345	165
-0.118104299148211	0.749510328688424	165
-0.02261759316052	0.472724851266421	165
0.045591024960014	0.331364191746391	165
0.017982143448954	0.374971866578284	131
0.045725212359841	0.303039943870736	47
0.098851746976035	0.147147567327809	47
0.050961008831775	0.344426901361497	47
-0.076022920171595	0.62074951503624	47
-0.05821729788574	0.675965590273103	47
-0.100835593536045	0.636962390761831	47
0.090951773203477	0.235463453990989	1
0.047740708132691	0.233654638802891	1
-0.094931494063009	0.258809973200507	1
-0.048636524646984	0.249586505773873	1
0.117036345046138	0.11584191126413	185
-0.080525500033983	0.220004939253543	1
0.102829144732773	0.0624527047696577	1
0.087505977937721	0.0686716353987678	253
0.082783715050923	0.0712592142817459	253
-0.023321724848629	0.33883080765781	72
0.105158041879274	0.183806978329361	756
-0.00231178679768002	0.28514344109557	756
0.083258228924614	0.170038690994547	756
-0.080519548161446	0.22225353807986	1
0.006520250382756	0.34299034269732	1
0.023684025019135	0.319138818500825	1
-0.109285466253912	0.503365408876043	1
-0.017147331757541	0.235730789926825	1
0.006846650277193	0.238272450169143	35
-0.075924691747142	0.318621037118466	61
-0.077117232394937	0.28292332005304	61
0.026993702739931	0.163441129614699	61
-0.115581423320746	0.401843790778601	61
0.029093017637674	0.154087663853879	41
0.082355904278537	0.134475528689876	1493
0.026158646020955	0.174300593452465	290
0.084286138396435	0.0678313311547699	290
-0.050858579689097	1.20044055844104	189
0.076778339875462	0.500426181296827	189
0.081218004038356	0.427064532947915	189
-0.093861628609378	1.14822368772558	189
-0.07401722991294	1.05671214798019	189
0.102516693428873	0.335459836502322	189
-0.093835380134871	0.981255837535161	189
-0.026713497827156	0.749697586171035	189
0.095930326452124	0.25833914189825	65
0.07912900475769	0.316870041567956	65
0.113640431961235	0.24858899173735	65
-0.099672150237797	0.697821641936096	65
0.110694494618552	0.213211058696522	65
-0.096840608178952	0.562936035271113	65
-0.104997839116174	0.439719253549472	65
0.057332179245662	0.143858994364058	54
-0.103430810203287	0.381044357230693	71
0.082425381304689	0.204871509626709	71
0.013877965670591	0.303670308124561	71
-0.086799206774554	0.271706315855718	71
-0.10213575066467	0.38254786634238	71
-0.071716262716811	0.508562843062358	432
-0.022200617399803	0.437952423886419	432
0.085881946382729	0.22140012968791	432
-0.028600511123837	0.153515361751878	432
0.081551928673969	0.125950035635548	432
-0.102283913534563	0.624341920849223	432
-0.025305514999271	0.244460329008975	432
-0.039002324849541	0.356066134843105	234
0.084390603676239	0.199573852083442	234
-0.079954589568011	0.562068775711438	234
0.118995695501735	0.122844376478228	234
0.07372757195222	0.189476147636861	117
0.086348066214209	0.176586150424964	117
0.093143059138288	0.135334215267394	117
0.118018576549904	0.153120091288733	142
-0.038782835631424	0.452909377000947	454
-0.00878767384109402	0.378151348509206	454
-0.080761305420643	0.623440641260789	454
0.035181554745979	0.296834661238482	454
-0.030710092173518	0.331242568026103	142
-0.030377508052583	0.261155903296002	142
0.120353565467367	0.169101353574267	142
-0.000865168167619002	0.405859696928382	142
0.059388950747471	0.310018041635282	142
-0.06869618427607	0.530036438047673	425
0.101768729305532	0.163290201557412	425
0.00450351531314899	0.166036812454216	42
-0.080844486373073	0.553508438788696	165
0.086395272354444	0.244345753658633	165
0.089406745677009	0.237990699053148	165
0.072475728368329	0.17761587358419	165
0.121423242148875	0.177583661279161	165
-0.095486529465668	0.651128070308076	165
-0.053688235145468	0.588993026131995	165
-0.034880903800538	0.53941909788922	165
0.035104452448443	0.338155861372084	165
-0.035029119538603	0.448005962347541	165
-0.033127480924524	0.464514884087108	165
0.019833708179746	0.365756467693797	165
-0.085501839203596	0.596283242491311	165
-0.053944478803322	0.514342733722381	165
0.062864920556919	0.277503275217119	131
0.024782184499634	0.28652709697242	47
0.065910124542356	0.128235985202051	47
-0.063598341733485	0.339312751624876	47
-0.088545703889319	0.680813352405634	47
-0.103736643289795	0.587718067329631	47
-0.010276227985953	0.441112497555111	47
0.124375189587907	0.0565738600036499	185
-0.113068126809805	0.31092022833192	1
0.11541672087234	0.0886706025768806	1
-0.086472899185865	0.466885384719119	72
0.109232107836605	0.181173164597012	72
0.00892032861931399	0.189504014022333	72
0.061339472403317	0.226055112190278	1
0.093960828421341	0.19129367306368	1
0.08299684262297	0.168929212585327	1
-0.01582591759391	0.221327296987047	1
-0.097093926727495	0.33980977203529	35
0.059213376080441	0.187587526469615	579
-0.105293123301934	0.357222611629116	380
0.042835899394087	0.123317397353179	197
0.055650978976544	0.156507217224933	197
0.069377790006868	0.14364155527699	61
-0.067358859726295	0.160444888979958	31
0.000153060157721013	0.143748884157563	41
0.03320513725886	0.0829092227871215	41
0.105444713229541	0.064718982342138	290
-0.024192482547224	0.0920704378683133	290
0.086813106224443	0.0674033755802369	290
-0.035159111169027	0.0968138470287978	290
0.072606358088129	0.573811127709139	665
-0.109646177860347	0.981974547773662	189
0.095403093172956	0.271391192613084	189
-0.01771484507096	0.613199081409349	65
0.114905881041529	0.217777066409782	65
-0.013084293339177	0.492603680455422	65
0.026541398723181	0.369148686494277	65
0.053132143055204	0.260936419187693	71
0.077178258350482	0.178449461859552	71
0.051877500228025	0.268406557973227	432
0.080102395322469	0.204024170471825	432
0.119984598778177	0.124657800823287	432
-0.079610605740363	0.388448664785571	432
-0.030409063796098	0.373228402030163	432
0.122328229145058	0.152389630074799	234
0.102169623279242	0.152145995808674	234
-0.111101432617796	0.493971329550772	234
-0.01645194048316	0.357816623229033	142
0.059458526514338	0.269658522268134	142
0.033919563599671	0.325280189294061	142
0.10081928573336	0.197951151693895	454
0.071887380173303	0.310641244773545	454
-0.103373062648141	0.47391567838743	454
0.0140264845803	0.398113591773522	142
-0.066409414005385	0.59037406785321	142
0.00363582278493901	0.31474454330921	142
0.112833072966397	0.141852329253656	142
0.103450658782307	0.153800890500303	142
-0.065165260218296	0.437715294103937	425
0.053497618781418	0.238970811124461	425
0.037281978915853	0.193579761901004	425
0.114182057620257	0.167316979994267	42
-0.099329159085752	0.527762329768843	42
0.054019727555466	0.279167903504618	165
-0.056647241757695	0.431108543158752	165
-0.107373492788969	0.620078151716613	165
0.043290118042185	0.318481177369572	165
0.055870908012281	0.266580147709145	165
0.113110363098104	0.15097980162571	165
-0.02132291837099	0.288424240252733	165
0.093647827905959	0.174324754275767	165
-0.053115902042053	0.385927690563643	165
0.124160177822791	0.176497104875833	47
0.122497602696654	0.191216811650943	47
0.061229643273082	0.214194792810713	47
0.015620220226224	0.264693309748702	47
-0.060304924573211	0.383417816548023	47
-0.082224224290494	0.617371969886209	1
0.121532277298828	0.133787169079168	1
-0.052865442586074	0.275369528199096	1
0.086255418802271	0.136580134019832	1
-0.08712505142183	0.321292648818788	1
-0.008597306734209	0.246616076759066	253
-0.108044168765892	0.641989756419224	72
0.004316049611784	0.29167020071945	72
-0.094995672061924	0.471237259065951	72
-0.078434282060655	0.500020177843816	72
-0.042950184220889	0.301430047624702	1
0.075294089008906	0.142932834309406	1
0.123250921753714	0.123817151681679	1
-0.010909140891545	0.248248452806737	35
-0.032923236482288	0.291528543166313	1
-0.119245645363628	0.436393814184417	1
0.056746807459763	0.137454708634009	197
0.070980646760364	0.11396624063119	61
-0.116796336798684	0.234139250962127	31
0.05451044495852	0.145396331548965	31
0.112578657456554	0.0617869657328042	41
0.043009142628496	0.166314586861776	41
-0.10849506367169	0.305594964252057	1493
-0.123416475621302	0.33339856181836	290
-0.031406675421814	0.987367676375798	665
0.104945169511687	0.372336828694216	665
0.065578056140406	0.393081123290216	189
0.065321031824112	0.353284526816728	189
0.045318203758941	0.33880092507282	189
-0.110992121949937	0.92653118652246	189
-0.088839928904857	1.39826120705261	189
-0.115983281516626	0.888107672259601	65
0.040368747659294	0.363450107959411	65
-0.030885195923116	0.547007616487877	65
0.081404408401425	0.318986229653505	65
0.090835333579119	0.251326616264696	65
-0.032348556615752	0.718310381762947	65
0.041436523323372	0.314999718814504	54
0.063745456478008	0.27977554016583	71
0.086585009104548	0.210662729192628	71
0.00720434392064701	0.43067134959235	71
0.038789506762342	0.354520504493248	71
-0.01142275311877	0.523527285059783	71
-0.069987704364361	0.481420836383278	71
-0.032319405810308	0.560869187770372	432
-0.096893482660638	0.531258439798455	432
-0.113778211312077	0.806849875031495	432
-0.088194365577928	0.554407878169814	432
0.108597713750181	0.182054955685884	432
0.012026276355864	0.445046126551337	432
0.073488812677053	0.280129745902855	234
-0.001198969535393	0.506486915142388	234
0.000767785570323004	0.405018946275693	234
-0.120671773730052	0.636824897415431	234
0.013895940175857	0.336819011065999	234
0.026728403008036	0.499500593058993	142
-0.104611706199484	0.858163071616567	142
-0.02119686846247	0.706632362439633	142
-0.033588928224316	0.354839598476711	454
0.00704999039031501	0.620319746864618	454
-0.031419838978328	0.399221768538271	142
-0.015098624111992	0.524455538201761	142
0.093409923008328	0.272894471391964	142
0.049339593334646	0.353929266957831	142
-0.086997690674744	0.807208093587537	142
0.067526408894969	0.301035995126154	142
-0.029365003920322	0.339405837955275	425
0.082792759573426	0.226417751377828	425
0.034845310858403	0.286137824071906	425
0.011786964442783	0.46638278689743	425
0.083933673642071	0.217345495378359	425
-0.026237835366461	0.592203775526176	784
-0.065770068552378	0.387089769611848	784
-0.060989844545431	0.738140678989751	165
0.01719176317338	0.538529586310295	165
-0.00486150718003098	0.267069078019565	165
-0.071516504398119	0.32911938522987	165
-0.00938159530485999	0.274938052790524	165
0.122426368249626	0.11174387385601	47
0.03141650532455	0.301392486393799	47
-0.051322931528483	0.713642547689721	47
-0.102237593024643	1.09704822885351	47
0.085059854630678	0.366431375504814	47
0.054381636412852	0.445093668887732	1
0.059785467852268	0.248575707765833	1
-0.037106436215814	0.453609859589913	1
0.064247976238647	0.268077633762367	1
-0.021246894163121	0.456774271310622	1
0.048015434721787	0.240713242811047	1
-0.099797166909141	0.483523831507042	1
-0.013234475035444	0.360730324979671	1
-0.031115883290804	0.366548583823451	1
0.043165609688568	0.201455302939072	1
0.056542184456623	0.246366916324035	1
-0.119099972146346	0.48450044514213	253
0.087337565834171	0.199969579417212	253
-0.027404858963628	0.389399456275639	253
0.044076399498864	0.207478931097466	72
-0.083612449285567	0.693596229728537	72
0.092619764824799	0.12878618917766	1
0.056426738981214	0.144553860058983	35
0.078102102523327	0.216710292358847	1
0.108142804047808	0.105684727542111	1
0.109831595877528	0.0637895990227415	35
-0.090847515322547	0.256612501044937	380
-0.107017217194088	0.292338202220111	380
-0.057015453063586	0.242262820569022	197
0.09276016336823	0.199588273762438	197
0.107008443880907	0.122334550859103	197
0.021223736864728	0.230227763808434	197
0.080141890860183	0.142024461586059	173
0.098105511552008	0.131618794891061	173
0.071509784352346	0.163016095996873	41
0.115747806404452	0.11519771208686	41
0.00618635090882799	0.235016363861018	41
-0.08283793903364	0.224925732515796	186
0.089727198600991	0.159906932102336	290
-0.074098337680349	0.168749335754736	290
0.00846802251458201	1.4887603832833	665
0.047157803930932	1.02755193007917	665
-0.033602467617367	1.20453673973119	665
-0.055797192274137	1.21820817397607	665
0.006323157438621	0.478812564075417	189
0.067146518138719	0.318657858569245	65
0.106509313932202	0.229392244813819	65
-0.050188073598738	0.533852422669649	65
-0.083331655767548	0.514823424906033	65
0.061881658950409	0.235263227344153	65
0.028740571404026	0.129143414443717	54
-0.021139109067915	0.349484392250074	71
-0.020535237052667	0.330746018168953	432
-0.058588500440356	0.467897286677837	432
0.004511874757262	0.359525636178938	432
-0.01561550269224	0.362283803369522	432
-0.040718077868757	0.202170897682661	432
0.029903883171329	0.159762237106411	432
0.058836340481974	0.116985818857066	432
0.08712235874123	0.15238264967031	234
-0.082417278553246	0.518885214442182	234
-0.023343839389454	0.317180375864962	117
0.031054313488399	0.17870390416756	142
-0.00368196197054799	0.242136644176085	142
0.037044779806023	0.248101831744917	142
-0.050515138499894	0.550444595796466	454
0.115565766720668	0.207116547824551	454
0.064316229121449	0.222446242351374	454
0.105762848573339	0.20898175667443	454
0.023299167453495	0.406918900312626	454
-0.016535936066281	0.46457322288672	142
-0.11881393400156	0.756905360461348	142
0.123372865225514	0.165542712198173	142
0.11449345100363	0.202044315217183	142
-0.062090299180624	0.396895118889489	425
-0.028125871662025	0.215529500025236	425
0.065022192961188	0.134070794938696	784
0.00271972472672	0.400761180496407	784
0.014108318186185	0.342832668965984	165
0.044324018700119	0.217774722280414	165
-0.060085186640998	0.581819113650008	165
0.11702083306891	0.191752622362499	165
0.080974043546595	0.278506908877577	165
-0.048856851997286	0.495796346393881	165
0.077760618903318	0.256471592339025	165
-0.046565497184394	0.575132386423264	165
0.034755132694394	0.346757661843592	165
-0.052484140979645	0.57228594612369	165
0.019815571422332	0.289746595900518	47
-0.076666468157875	0.275564753427095	47
0.097099545221559	0.261843106452243	47
-0.082128508059793	0.742333076077504	47
-0.11802196930401	0.826381998200737	47
-0.066219977095344	0.618095604602811	47
0.096103256989293	0.268984629467407	47
0.086308560167236	0.0691793758203773	1
0.000426359895756012	0.143255006134389	1
-0.028682693682132	0.0955856767997894	253
-0.021326784247221	0.148486376573054	253
-0.034817841353287	0.153177708105151	72
0.124061057094508	0.164065704211918	1486
0.00706644739942999	0.144503247697094	1
0.002551116957105	0.174620092058921	1
-0.064546475511782	0.339078500111149	1
-0.053699515912793	0.374477774678086	1
0.072653511434893	0.167321829347632	380
0.00555659009204701	0.272112808706196	380
0.061407645413248	0.177842278137488	380
-0.096199867348192	0.31159130306389	197
0.092214647030076	0.134519735244927	61
0.026463575543055	0.178289586354129	61
0.003402653261906	0.193159175895825	61
-0.090335651856517	0.248067948763886	31
0.073816374044287	0.147484733081986	186
-0.119619598183073	0.371852559318977	186
-0.028682693682132	0.0955856767997894	290
0.027882550878829	1.11741585936903	665
0.046692534085867	0.846744617235247	665
-0.039792733717168	1.26934898094706	665
-0.046542300572112	1.05078060353675	189
-0.082785409841084	1.27522451267849	189
0.034157032037071	0.602276860305919	189
0.017958638192069	0.649770304584688	665
-0.064855644207806	0.604800084262484	65
0.010785009480554	0.378953886856565	65
-0.082271080375637	0.221471347364644	54
-0.054677903602813	0.28717381922857	54
0.07568110945117	0.110663090058601	56
0.079244492124628	0.071776246223084	56
-0.027789026161857	0.34972930033614	71
0.005339654041535	0.290272958666011	71
0.115240354078872	0.0620768893888191	71
0.064600897562352	0.249226486179749	432
0.090473570911316	0.194644521539091	432
-0.019051350709751	0.295192459016373	432
0.030323650692309	0.15291225814333	432
0.014794957237159	0.133971038372968	432
-0.032007411713571	0.304752294959624	432
-0.00618097054476602	0.307206358288991	234
0.05150687792735	0.165283532287788	234
0.072673611896185	0.216936446748592	234
-0.056637411267908	0.265134181638593	142
-0.037788959632343	0.338338437404022	142
0.012113772946976	0.476690334791114	454
0.074688434599796	0.327726423441839	454
-0.030522034795062	0.157183249131887	142
0.04746222624066	0.296728017852951	142
0.00647415213972699	0.300542227707892	425
0.083711533098969	0.0699376617208787	784
-0.027411897819049	0.443608956977271	784
-0.113310117815867	0.666150815711383	165
0.000996778494605999	0.177552433524361	165
-0.079362992319708	0.295772425883906	165
-0.011211332524713	0.253003092986497	165
0.031361418174805	0.281767498165665	165
0.120874124550503	0.162333268677113	165
0.097907278715732	0.253098967876879	165
0.090455711287977	0.290512344527457	165
0.080555450531952	0.302678632460805	165
-0.05617004578403	0.640404498835192	165
0.08296762382891	0.283075864346629	165
0.107789146907199	0.233528079964491	165
-0.082254636646042	0.688893030180025	165
0.050567258708674	0.317991060562676	918
-0.066901858662554	0.711615459198249	47
0.040958421203165	0.360392822264671	47
0.114346822484288	0.211763116466059	47
0.030057572754858	0.445448682353591	47
-0.000905806361132022	0.221997740016827	1
0.078167081430909	0.0726514442628303	906
0.030057890763664	0.0835825248802854	253
-0.031400422060193	0.0950372445396653	253
-0.099367344479996	0.269406428999791	253
0.108793882145494	0.109658345146646	72
-0.014568343731661	0.251646454133397	72
-0.107714313482218	0.635881484120329	1
0.060216736357251	0.309205314323108	1
0.054394064476566	0.305457023447222	1
0.121584163277432	0.111829783685274	1
0.094007473302758	0.160756243922747	1
-0.062367134132477	0.371748130242458	1
-0.093653303569554	0.46757139747025	380
0.092440148731644	0.18573523007926	380
-0.115874131042472	0.3302545432693	380
-0.040502708312435	0.279418339494976	380
-0.099173699900277	0.381658928733022	380
-0.090690323612857	0.250424371093396	197
0.122558396248839	0.108494345973396	61
0.08547925388949	0.0683025779988539	61
0.03288532307321	0.0804112658200076	173
-0.027421468137796	0.151317064558962	31
-0.038199209303176	0.0943920609945758	41
0.11307956455309	0.0620126464153188	41
0.035818375896397	0.20766583581708	186
0.11781516541045	0.601306408805517	665
0.061019874993867	0.861197470240343	665
0.112121395683103	0.476611568560623	665
-0.032936122800238	1.09672194100925	189
-0.026298049658563	0.874400276791963	189
0.080606545071507	0.396423857602369	665
0.00404918678131	0.669502946404581	665
-0.088502473945989	0.689916585766744	189
0.112971345104735	0.212316235603819	332
-0.013930397123308	0.376635761749644	129
0.115414357682374	0.128009132390012	54
0.08831035536622	0.0982977698394531	54
-0.076236436267837	0.169805097550972	71
0.073074357763699	0.108678243642762	71
-0.02980735645313	0.21916077660241	432
0.111482334238962	0.175782246968517	88
-0.060043918980238	0.238149184235849	88
0.092081311073003	0.133480876367781	432
0.020161739041497	0.217623277922053	432
0.093730384023873	0.177422408052212	432
0.010901228941266	0.137436374178869	432
-0.022988496907241	0.1842855431008	234
-0.083161832349227	0.372744754366065	234
0.101972843108022	0.164559323164807	234
0.10596544754914	0.178222956978855	234
0.120191634352779	0.0851079215918114	142
0.039687030257951	0.128779369666716	142
-0.107622379966711	0.344833073585326	142
0.121926532824248	0.144056423170771	142
-0.087903875311979	0.385090454842367	142
-0.011466122485995	0.435142695627456	934
-0.043657938788463	0.539363746236203	454
0.039473302636804	0.353020807397005	454
0.049476764048034	0.347127801270733	454
-0.058001887209605	0.608741449029934	454
0.089336413599961	0.288521123876879	142
0.105568260752953	0.0948578809307	142
0.101843199494355	0.198172109071473	142
0.050820750495221	0.287964911909102	425
0.033942220896941	0.280573184440825	425
0.016088705642911	0.261983647651827	425
-0.086940880715706	0.492313126570615	425
-0.118286052337869	0.653958507267498	784
-0.02229546951633	0.417869251099383	165
0.113649972938576	0.11890423111783	165
0.091879089120707	0.219170562568488	165
0.075418022715401	0.31068015250603	165
0.068319381245807	0.330847936054077	165
-0.014481813456883	0.466862571450468	165
0.095564030202187	0.254316218130106	165
0.025804301028872	0.407380866526755	165
0.071726735018478	0.314305836260946	47
-0.036652185634385	0.637432767028776	47
0.00843352574411199	0.526941263355791	47
-0.08281716417728	0.768105684031796	47
-0.000780925749418016	0.200285932249018	1
-0.000542919476108017	0.173092365071955	1
-0.064220579673031	0.160259667629325	1
-0.109236714098355	0.222666866428512	253
0.041764040902152	0.124204141860743	1486
0.035551358313875	0.351449920123507	72
-0.055238880451168	0.331137787131212	72
-0.037411342349695	0.474909529373364	1
0.01491384767693	0.392969724282032	35
-0.032309090357412	0.488731061928958	1
0.10843430543201	0.218940469647836	1
-0.049255535280325	0.322418745229677	1
-0.063849444957367	0.315473206307131	1
0.122324121882594	0.0975563313654026	61
-0.06475266607221	0.328554248043701	61
-0.058279080869577	0.238555329178769	61
0.04814453159876	0.121711941714034	61
0.043879284021087	0.12200827686576	61
0.08762807454109	0.0668242526469744	41
0.03167106035946	1.17636284017001	665
-0.00140041973189398	0.947910519042994	189
-0.065985760579394	1.21504952685153	189
0.12228656934175	0.2856127670888	665
-0.09491587192215	0.928754695428393	665
0.099892332302401	0.270438979811934	332
-0.08162864402194	0.311850020049372	56
0.073070450007846	0.113204978404986	264
0.099483394117959	0.115765205829274	88
-0.113612249279582	0.465269945304418	432
-0.044385281395605	0.392349969887203	88
-0.104463969472036	0.614108544281006	88
-0.007034312393846	0.231422645439012	432
-0.023736012955697	0.216375513936394	432
0.015931079610054	0.135474908437251	234
-0.068054852281021	0.33693329250585	234
0.008541675340664	0.256197337682391	234
-0.054869167193821	0.509671161526546	117
0.013364346296647	0.26792636599339	142
0.098197309668092	0.160943067200725	142
0.115184260412917	0.220391696849957	454
0.046801013252911	0.362243333946653	454
0.031451448821364	0.302131205943549	934
0.119576890849592	0.189262182648048	142
0.067043628651944	0.2222421496418	142
-0.076609454138198	0.610477252333384	425
0.067964384057274	0.183607314040403	42
0.111033199210647	0.133218247010496	42
0.007522817752879	0.14126871205847	784
0.050572410610645	0.323424460710942	784
0.032931670732412	0.283194873512356	784
0.082589623556564	0.157851653439323	165
-0.101902513406216	0.401212171229714	165
-0.024410593488898	0.528802819988379	47
0.052451308043042	0.33374469290354	769
0.020221053695055	0.286889802056879	47
-0.034939197761421	0.0971038970881577	47
0.049213805245713	0.0703204076176057	253
0.094538935132212	0.0999104450157249	253
-0.028682693682132	0.0955856767997894	253
-0.079621948441876	0.168375547278324	253
0.030057890763664	0.0835825248802854	253
0.011223035814126	0.253515794732428	121
-0.018495627314327	0.315254683312179	121
0.116409137887803	0.118036314280862	72
-0.010667164083616	0.285379290556937	1
0.101974581993914	0.111921918097373	1
0.107583231369983	0.0638912012406541	1
0.072025430078468	0.175419454809165	1
-0.048153312682895	0.27227642174933	1
0.119053628265128	0.1389639417345	35
0.075975159806912	0.175686128948843	35
-0.113779444317343	0.32633006623681	61
-0.082311506080414	0.354527185821336	61
0.022715510621051	0.198282674190963	61
0.070559361517807	0.114355587743751	31
0.039068755057898	0.0806207343972815	41
0.068195856826671	0.114452257297101	186
-0.00882876802875399	0.29007535034421	186
0.081470705249405	0.142512242737016	186
-0.122123151003601	0.179189860218134	395
-0.123074801016501	0.180928876777358	643
0.124226337686268	0.547222512907687	665
-0.011422776806923	1.29458268598852	665
-0.066556823578119	1.47265231812977	665
0.059924264889719	0.630237838075937	665
0.047333001578212	0.564196217349021	665
0.092101298947333	0.384070172514416	665
0.120906336369978	0.307793458279589	665
-0.074924272197246	0.810065392337488	665
0.072382559834826	0.226398228487897	129
0.00561745385729401	0.403873663316283	129
-0.10527397768957	0.544609378039271	129
-0.045798554737268	0.368995155853001	54
0.098840120549414	0.0969621996698642	54
-0.039287548860042	0.199360797902693	88
0.113956276275129	0.106321756503065	88
0.077000739218571	0.158923656277333	88
0.109494052511577	0.122504312377109	88
0.010863925194749	0.21079026785745	88
-0.035929996149317	0.225648635243291	234
0.085451584200095	0.147294510269531	234
-0.031535636656245	0.350944901669447	117
-0.057907656242047	0.316093899959154	117
-0.084186123332662	0.215885193484535	142
-0.018907304842586	0.299011168675206	142
-0.063949664616412	0.309500120241928	142
0.022780971117485	0.262559231764443	454
0.028865198627198	0.428785720868334	454
-0.03457031131797	0.3383297748779	934
-0.117309693897867	0.798638796689482	142
0.121993686042488	0.0992519515752442	142
-0.02664336063153	0.220398229770067	142
-0.03569231944818	0.156486929154504	142
-0.018461362729861	0.382332340132611	42
-0.081302791670144	0.427027353455178	42
-0.076955159408248	0.169486752707275	42
-0.090750017519161	0.25426004975182	784
-0.023351686288601	0.403515450591231	784
-0.121127225012579	0.367147555812535	165
0.10533093086858	0.226853186182834	59
-0.100768561600117	0.646360617054361	165
0.123591938277796	0.195019967709016	165
-0.084159961939345	0.5330572541654	918
0.044126067624604	0.166521306550058	47
-0.115808802425419	0.751840988369559	47
-0.011704040637849	0.494212115661787	769
-0.000798844971455992	0.310888630412997	47
0.030981891065671	0.0835059839326399	47
-0.031400422060193	0.0950372445396653	47
-0.10467396742038	0.299622932644618	1
0.00795106140884699	0.193780993315894	1
-0.02663485912729	0.15366058550684	1
0.028866576474524	0.160916692904467	1
0.039068755057898	0.0806207343972815	1
0.083956622137118	0.0689106875240081	1
0.032041656175743	0.0803257953377373	253
-0.107823454522767	0.304092158827111	72
-0.00738424410024902	0.291865190106428	121
-0.016771310070686	0.292258396527706	121
0.067445039518442	0.114331788611145	72
0.117537151105802	0.170589564721195	35
0.095656946029662	0.203086796728645	1
-0.078434308128722	0.383128247044657	35
-0.06616376121201	0.292914291585031	35
-0.120402271809977	0.371961868184348	61
0.081519536401398	0.12494255078325	61
0.10103378037684	0.143235878962359	61
0.020951566551682	0.223082659061534	61
0.038195256647996	0.1409781683846	61
0.065227918463669	0.156146740934208	61
-0.111434738715169	0.227708481441059	31
-0.023037081777247	0.0914244847447881	643
0.07721595828184	0.822280780189102	665
0.049488950335024	0.703451928772025	665
-0.015039120046345	0.995828301145582	665
0.092989750683688	0.438012411225096	665
0.00652070476557901	0.719930584980657	665
0.036256842686444	0.594282566894449	665
0.107966176780364	0.155134908818111	332
0.00355803294207199	0.421392394376189	129
0.065876615084149	0.276820513269199	129
-0.045981829178632	0.359634079134018	129
-0.027714844937617	0.220257490632077	54
0.085527295096123	0.137663906734815	56
-0.075540512910978	0.220547460168605	264
-0.056641542685897	0.286294615682808	204
0.078320765681694	0.24582352298415	88
-0.090228095433606	0.479912270588074	432
-0.020066509029551	0.314570136216577	432
-0.031985066325702	0.360354991800528	432
0.069155517419553	0.23357392298907	234
-0.071641940023967	0.342094802495557	234
0.105802337287214	0.156532550304969	234
-0.108451977220686	0.561503305044191	454
0.079672512287864	0.283674753280114	454
-0.118622055468143	0.771249532134976	142
-0.000731996390203993	0.493868589051494	142
-0.00995058849358299	0.410873011534631	142
-0.036249124372641	0.198010356485347	142
-0.033796832341834	0.350625140906155	42
0.05616857818532	0.230359132012198	42
0.084567086313725	0.191153129067849	42
-0.029055873086931	0.346125402450397	42
-0.029586935650215	0.153773486484492	784
-0.114348470498692	0.430751293490976	42
-0.098218566301397	0.424657736561254	165
0.083440357770482	0.262727157902667	165
0.033663098380723	0.332995544018118	165
-0.024344382159545	0.510409887366849	165
0.013999784471187	0.428747782101331	918
0.084069985610364	0.272878748951639	918
0.107864951313155	0.0927264349876622	47
-0.098189062750788	0.32126406880212	47
-0.043714819811171	0.535583510577476	47
-0.115276849116472	0.7107723620033	47
-0.044824334150408	0.556991658213336	47
0.00717546814587	0.405427249301449	47
-0.00217373794641301	0.17454601091936	47
0.078006590124038	0.13032175894379	1
-0.080096522299598	0.215873500741888	1
-0.123233976437301	0.234637616770743	253
-0.083235703151313	0.364396422307144	121
0.0197233062945	0.319166438375509	121
-0.016711838530917	0.346980501705813	121
0.068097501948761	0.199176873656543	121
0.00182353039861699	0.367682198308065	121
-0.013561566126503	0.226079042370881	1
0.011596756189792	0.293149071968894	35
0.075694811586417	0.102212595845613	61
0.106887669770543	0.0933804884189787	61
0.063180453341033	0.174672375656798	61
0.00553746373288899	0.232485551701038	61
-0.035456824579826	0.192295947824305	61
0.017390067627375	0.189424138793551	61
-0.02795736582159	0.0932322958568023	643
0.059492331594309	0.573686732965064	665
0.065460853691081	0.390325321819459	665
0.118311124342786	0.168566307043978	332
-0.04665783642701	0.633675600222887	129
-0.02626414827916	0.15026061262989	56
0.061094093541113	0.202043189403091	71
-0.033648440797503	0.19813946620279	88
0.044685847466525	0.184898794883462	88
-0.120536054212106	0.540571301930765	204
-0.113548979165164	0.636508143026245	204
0.104791757030048	0.2099966032977	88
-0.024485822091974	0.236526219268455	432
0.103117851585563	0.109118310868398	432
0.00946363496845301	0.31358440816316	432
0.101359000305807	0.174294033517524	432
-0.051402410351798	0.282260469014006	432
0.120338969795161	0.101029119745544	432
-0.064692557582514	0.376800562744445	234
-0.099960880319551	0.477693391206786	117
-0.106646040037017	0.360004968887398	117
0.101025482419883	0.0977428490681814	142
-0.097726834603397	0.261731823115821	454
-0.071760851379082	0.52991816226842	142
-0.00981466730045899	0.460077239631781	142
0.025752584889308	0.358349926360936	142
0.095069699952297	0.22080631900048	42
0.00242383218592601	0.342269664841336	42
-0.076117465914973	0.490790229457858	960
0.062422817446005	0.137812287436377	784
-0.084247902796865	0.209372517431082	784
0.087036919093254	0.180832486036015	784
-0.094650176372893	0.586332293462	784
0.097522931483168	0.195682407752025	784
0.101665363739818	0.107621783837307	165
-0.101012338867844	0.564235017813472	165
-0.063679252958115	0.589017183833267	165
0.027183932768611	0.348463237534564	165
0.055212824645102	0.319867682181618	47
-0.122599318661967	0.808972215639804	47
0.042286845600436	0.326282798922683	769
-0.009776771223517	0.3422807799366	47
0.034872176800282	0.0759462780786448	1
-0.124373248561386	0.240262410169886	1
-0.032394490054693	0.377113210935458	121
0.056355813778281	0.231816948185357	121
0.083876680788261	0.201211463641289	121
-0.065761180830944	0.481434904218507	121
0.039024420722344	0.28961590760074	121
0.048723798218067	0.202865103620617	35
0.091870760774806	0.120607713363735	1
0.081830485133163	0.071428809358877	1
-0.00539869941714899	0.303945623211063	1
-0.068237270436515	0.371095513059474	35
0.093821634691034	0.145540523707269	61
-0.106130512619773	0.448890963268385	61
0.103824982853423	0.111158482996566	61
0.038582437522495	0.12583479286891	61
0.113656218927096	0.0613968210940073	173
-0.022522155357586	0.0882502489155608	31
-0.082397130373566	0.21869063111488	31
-0.070473883359433	0.164680339197428	31
-0.028030140574219	0.241670057871588	186
-0.042309913995763	0.250771498019267	186
-0.066285005955837	1.20874403188775	665
-0.047029827022678	1.09434574865421	665
0.086386997870587	0.452876168475127	665
0.010698478506137	0.581529648459171	665
0.097907038838373	0.231804997794564	332
0.120940894968327	0.20772257829977	129
0.111710300250691	0.166099376038621	129
-0.012541778583969	0.428369846290493	129
-0.08564391816959	0.252726145305595	71
0.046181179520368	0.148723471487208	88
-0.038034387593624	0.409834820167064	88
-0.069603044420805	0.275409216980261	432
0.012262389650361	0.235723696809687	432
-0.101418022299465	0.510096758249477	432
-0.017457280633385	0.235412140663965	432
-0.037579195775347	0.274274356159873	234
-0.096810123056871	0.405313363163455	117
0.011898626210589	0.234672710818656	142
-0.020152678245492	0.397132363384699	934
0.111107788557699	0.207666748330618	934
-0.015895701440086	0.433226834847354	934
-0.075129752020299	0.561800990502772	142
-0.07594525037915	0.616108543543905	142
0.033187736050618	0.300785543365003	142
0.095395481401957	0.199802758333107	42
0.007985718466578	0.270454046155909	960
-0.00596969882883403	0.285561686431135	960
0.068426700511432	0.193274407853694	784
0.023446004359806	0.300869573255717	42
-0.039512105688623	0.464641961847709	42
0.027137941823674	0.172232903356943	165
0.026056538494459	0.163888742332704	165
0.016215643949465	0.263398618681238	165
0.069963231240848	0.279485322526258	165
-0.060941373868823	0.679470619114967	165
0.044417927139068	0.351965035731705	165
0.023856667949405	0.368079303838256	165
-0.016563780012952	0.449348023587424	918
-0.072153274063931	0.540603093997123	47
0.060318327748422	0.301459538216264	47
0.06633604280817	0.171479018125653	118
0.04816672128122	0.123826520970461	482
-0.071922455696244	0.165201259875876	72
-0.066009739347747	0.270247036677773	72
-0.081549439720188	0.468620130849399	121
0.080371728379483	0.166144147609467	121
-0.058653349666379	0.435116577401443	121
0.001294789850212	0.354698416636943	121
0.06770707930041	0.213685937539294	121
-0.00106579504516002	0.362374316209972	121
0.074685708043988	0.177939966009031	1
-0.040960457473779	0.27629084427757	1
-0.099658384407829	0.406651149849451	1
-0.016822975681486	0.279946945845207	35
-0.006464338562091	0.230243100125757	61
0.117662906564777	0.0604315106551717	41
-0.028898542777048	0.0957366172670429	186
-0.074427308082971	0.210762310135381	186
-0.085237522478887	0.337829566760992	186
-0.030626461457037	0.150441836503434	186
0.030568381166117	0.632346730705278	665
0.077824109788972	0.389813546112141	665
-0.000279467663903021	0.341375971947896	189
0.057278858985144	0.279168069276543	332
0.022361443934409	0.384835482172419	129
0.049797209601303	0.220519149053267	129
-0.031730895632821	0.191197655716899	56
0.075704766013364	0.145629960321998	71
-0.054396211934887	0.32780756870177	204
0.086822204119883	0.179091727607921	88
-0.121398359898655	0.520696655878504	88
0.102102239344915	0.0969985181479352	432
-0.1120790421869	0.327196767059418	432
0.124110712759724	0.141396263072935	432
0.117083946297478	0.140357098618543	234
0.074688934830849	0.179318339985021	234
0.00343944459738599	0.324985443423095	117
0.107379672115002	0.125078797343799	142
0.01768113449609	0.186219399142675	142
0.00577398938767301	0.410775251083397	934
0.083909813150048	0.240073748487716	934
-0.105477694327037	0.40156863026452	934
-0.103041019153821	0.558997342412809	142
0.032246281413647	0.300553027035773	142
-0.090664509889044	0.611113828723421	142
-0.122114729075483	0.239757618274812	142
0.078593564337626	0.106635334347798	142
0.107435140989016	0.148194985819183	42
0.034628059083468	0.185836399356121	960
-0.018149861993554	0.140532869395199	42
0.039453010515729	0.238926236683415	42
-0.050718333035388	0.39832880698479	165
-0.048554948688556	0.327158258789795	165
-0.036225842334208	0.407267272087924	555
0.107217287166491	0.184529528869898	59
-0.074353038628621	0.591432256088635	165
0.117812836914669	0.189592243527594	918
0.033571361152822	0.301138650737992	918
0.097440534011036	0.19383415470191	918
-0.100821462609521	0.599256750615996	47
-0.00294696228699498	0.426076998220754	47
-0.121316386938888	0.579005516181224	47
-0.017202656378402	0.434606917330692	47
-0.069481051968466	0.532782633259991	47
-0.076011958907418	0.633155636167614	47
-0.0598913416636	0.153337779618121	398
0.02791874550626	0.16053221548902	121
0.106212251709676	0.149844833008663	121
-0.095852382959433	0.537825978320715	121
-0.018967906202724	0.337042480264741	121
0.10144384863631	0.183660446664365	121
-0.021775338670289	0.24149301780125	35
-0.038726074900433	0.312556443282959	1
0.01458201993245	0.216512450945974	1
-0.104238731682736	0.360366438436055	1
0.080501046726985	0.144721426443116	1
0.047683817230415	0.166170470729934	35
0.030453962580342	0.178448473303956	61
-0.028580069812097	0.157670791015753	61
0.124191037029069	0.107756034545115	61
0.087175093801502	0.104302011018157	173
0.035723708052211	0.0814397987182995	173
-0.12219640440209	0.241695046460998	31
0.0408106012217	0.124405427861057	186
0.067510617870343	0.114330106346702	813
0.088579920791165	0.0676874945592693	643
0.124930921323485	0.411698591042511	665
0.078760659185965	0.577769856053647	665
-0.036768388441138	1.06992260878978	189
-0.062636018821312	1.14847248620506	189
0.091259152761624	0.357032764573283	665
-0.034201125072705	0.440319368817513	129
0.049953813188712	0.180061811299618	54
-0.034028292085591	0.187964939825754	264
-0.104939050805844	0.292277577034299	204
0.022625795435554	0.311331894909037	88
-0.102019761634233	0.514197242493658	88
-0.051075679414495	0.284906948316066	432
0.04741809070489	0.230389353412097	234
0.084695390571555	0.214096850742304	234
-0.115665273365987	0.40810642830266	234
0.049182710849537	0.166592197162864	234
-0.069532544296364	0.347189881849273	234
0.082937410380635	0.18952879079687	117
-0.040323956870705	0.292194485625288	454
0.103821665269487	0.216671554779527	934
0.090510754217787	0.100659809554436	142
0.120163614821868	0.113537025016125	142
-0.076220640463276	0.213862540505146	142
0.095666928011044	0.0610030793723826	142
0.000130476956317988	0.332720033723856	42
-0.041966112522338	0.447571446692586	42
-0.060602774712142	0.361776372188189	42
-0.073160412635219	0.215168076557888	42
0.109297672089796	0.173442082274222	784
-0.059182607935048	0.365077214301503	165
0.055074813210985	0.160613744211828	165
-0.04825136787614	0.203238249049522	165
0.045622191340248	0.243062312087812	555
-0.05674314119672	0.59926008543197	59
0.028507814023132	0.330566356747575	165
0.097175115137964	0.237853113194962	165
0.064434043902255	0.283284720414378	918
-0.077960431092766	0.282516862544144	47
-0.087854014395859	0.604131917300508	47
-0.069515221447653	0.560519111101181	47
0.086425067991532	0.225246684135657	47
-0.028561619833362	0.192515280164466	47
0.080752544715428	0.0717766719481345	482
-0.029839569510005	0.0962689794942149	482
-0.013464956315573	0.1840950274082	121
0.085122720652795	0.207164935182674	121
0.024217613906468	0.270311535727341	121
0.013601596016138	0.287270586485925	121
0.09045433330743	0.186747865275003	121
0.009956704492913	0.29721917448745	121
0.078834384918234	0.204527805373699	121
-0.02507473411434	0.376329207579492	121
-0.08534735375913	0.51050520944333	121
-0.084379957503432	0.508658313543461	35
-0.104698109051799	0.424483797474999	1
0.00620808867414799	0.211346483996573	1
0.017592704964462	0.208246174813979	35
-0.06926080401824	0.414016899899173	35
-0.082772467537069	0.223366566651494	61
0.101169497533107	0.112905753331486	61
-0.023969996108861	0.214594151758558	61
0.057782219703615	0.141830595917164	61
-0.063565860131247	0.299061566586853	61
-0.042553380650846	0.200858187642476	31
-0.078337430658241	0.240762716092627	31
-0.031470312598264	0.150417936253906	31
-0.025134427344203	0.0939362147439577	31
-0.078704802092244	0.212879639634009	186
-0.020452677695525	0.212399339661139	186
0.119952584615424	0.085853492265545	813
-0.061642137007731	1.11641844455237	189
-0.054788500977292	0.507590420619453	189
-0.00472464960961999	0.380730454536429	189
0.089602392170389	0.323100480909314	332
0.086199954241458	0.225647890609991	129
-0.109094038453998	0.325496212232308	54
-0.124143184531624	0.399019598568587	54
-0.034648272144962	0.302249473642458	264
0.063879742192057	0.134716068304899	88
-0.026604502825358	0.317136958356101	204
-0.073562912982456	0.274405940709174	204
-0.044127783746608	0.405136505702761	88
-0.057425964357625	0.237847563058905	432
-0.118101512986161	0.558245402059695	432
0.062005443366027	0.228772885915017	234
0.042358144561666	0.271453426299545	234
-0.042001258694379	0.321032097253674	234
-0.016148287783334	0.257394090471961	117
0.008939370226452	0.277595913947023	117
0.056953785690103	0.218939913778791	142
-0.026356096838437	0.302631364978258	142
0.05767787363285	0.11228982014149	142
-0.063563062397498	0.626246932658777	142
0.044533739665041	0.316261649216288	142
0.073788160087124	0.260373281781236	934
0.085025260282435	0.212310727456962	934
-0.118930836693269	0.241095593159141	142
-0.122182457286818	0.388131990145137	960
0.075546274541396	0.248685841185761	784
0.102916176960379	0.158585218811803	42
-0.082793389719042	0.5198632155941	42
-0.029455280132723	0.408886564523093	42
-0.079002619397747	0.482346648865294	555
-0.039591789762376	0.537081572155191	59
0.081028094682917	0.269453258007962	59
-0.082184368071652	0.619852552884728	165
-0.020021050295419	0.476038223190587	918
0.012504926032891	0.353703004022023	918
-0.00890254616724101	0.268044146125471	918
-0.086041875345603	0.315868141626285	47
-0.021795355904782	0.489756403545965	47
0.114055805173589	0.197202729027845	47
0.067305198717293	0.14454620049564	118
-0.039556736949024	0.25173227942965	118
0.109761883218465	0.0635486715487043	906
0.082088448212259	0.126366795136226	121
-0.024217146867398	0.360385578476041	121
0.110506525691799	0.171389727896207	121
-0.025690358517227	0.219448944301709	35
0.094893012387984	0.118275753276808	35
0.122571866271164	0.0823561255652368	1
0.08735502979263	0.167608276157316	1
0.101802285613367	0.125522125768952	61
-0.062668192929131	0.260928338365153	61
-0.081245626352091	0.219725672657767	459
0.046762008963447	0.146936874778118	459
0.089964243229065	0.102954813952227	459
-0.031531727148897	0.156408886305383	459
-0.018914016128491	0.230641590368434	186
0.041450538437243	0.754961589986433	665
0.018920258219116	0.699384802480711	665
0.029436985598472	0.454803895757742	332
-0.022791092639816	0.3308062817487	129
0.08518588850071	0.163544601005796	129
-0.073010001451157	0.167516295763586	88
-0.033999744313216	0.0965769184018093	88
-0.084407286476007	0.365686025278043	88
-0.029198230745688	0.232881874495288	88
0.087495941024712	0.121393091322518	88
-0.022659449392226	0.340428588194903	204
-0.089243463186334	0.49685618113391	432
0.11584056525806	0.0848569621257931	432
0.036290923995825	0.208093997151198	117
0.00230296329236601	0.270395404800686	117
0.032864666369711	0.177092781652514	142
0.081551928673969	0.125950035635548	142
0.020330335087755	0.187052522993456	142
-0.104427180816138	0.267200548508266	454
0.046485356236507	0.35576968426264	142
0.101693719240304	0.183937929321591	934
0.085827866297039	0.255905318911237	142
0.08009647673569	0.260659856145697	142
0.01023138635903	0.339749615604624	142
-0.001295169783954	0.260989257649397	142
0.038675064450745	0.274815158939286	42
0.05533067188567	0.171635239276593	960
0.101766852071166	0.140425287919719	784
0.03343762850848	0.247622462811592	42
0.0000782643301250052	0.197194943625126	42
0.120840421941531	0.101709629793318	42
0.061386586002604	0.171311510112646	42
0.111857363549659	0.15117812521714	555
0.121592982241078	0.193808548814769	165
-0.084097918486845	0.641587020496796	918
-0.095268282462262	0.262136524389518	47
-0.004707610107197	0.448042319243651	47
0.078567369333018	0.271865798218699	47
0.077859199895298	0.277236136328852	47
-0.010770518292955	0.449022332248416	47
0.04905350722865	0.329657103080439	47
0.042046469042367	0.166433563985669	1129
0.057671803451062	0.139097230610426	483
-0.06541451295553	0.161879980560249	118
-0.112904299035042	0.158214347919786	118
-0.03981662830305	0.198897939337236	118
-0.038199209303176	0.0943920609945758	1744
-0.075417624890601	0.167605296536462	72
0.011188076700436	0.328420324496014	121
0.030155690405937	0.302203314608881	121
0.070276555783636	0.128760768907347	905
-0.109206223744133	0.528318426240749	121
0.018160264010021	0.319236794159065	121
-0.103096796486478	0.648009213301631	121
-0.051412622415729	0.257454182812797	35
0.056618017590785	0.137430207648298	1
0.031412843215461	0.217001471380244	1
-0.054139145959984	0.307377799948649	1
0.097240641283254	0.156275989918588	35
-0.038416600868973	0.299948459049048	197
0.119258730615083	0.122775456663941	197
0.091931348534796	0.102343855795898	61
-0.033912496506203	0.222055965928253	61
0.098082362583583	0.0997399296542003	61
-0.079681769387655	0.383010988337395	61
-0.024192482547224	0.0920704378683133	41
-0.088848915348991	0.254303121780784	186
0.090628496292415	0.889066232508955	665
0.111492697113668	0.449338549236188	665
0.080319454213084	0.477805464484568	665
-0.067019332819132	0.616825939727197	129
-0.07948489624623	0.168906932484264	129
-0.02564647277662	0.212154793355239	2089
-0.052768077817091	0.237177463749124	2089
0.071227339853649	0.207630629816713	204
-0.043259472026754	0.420202626038672	88
0.111191264745765	0.063076969859921	432
0.09336817435908	0.128935629828124	432
0.076246533102406	0.213223839849885	432
0.106414487765808	0.124840871646871	432
0.042431090173404	0.263466464737027	234
-0.120251248934436	0.392909763815504	117
0.036877024166941	0.228711349121884	142
0.111798569790126	0.0617236560972893	142
-0.035471296356417	0.188402919884558	142
0.075383586757375	0.297693420477466	934
0.00765299771689401	0.410193054661911	142
0.12032326297469	0.180275645080569	142
0.051690047982687	0.285781496202899	142
0.032204869242844	0.1719835637402	42
-0.123414796192836	0.522379859016982	42
0.061544839338985	0.233360634719359	42
0.035401829168348	0.21504174474543	960
-0.096707416958949	0.374663695206101	960
0.077214622761375	0.0726067171292352	42
-0.037443141818017	0.274735050341811	784
0.093238686996605	0.18142292667468	784
-0.017530786601365	0.280804187379226	42
0.0646993777573	0.220572032801993	555
-0.111017872779453	0.688375331146573	165
0.070278636593921	0.260057402777785	165
-0.000126860744869006	0.177021349228588	47
0.046267467972603	0.324288696921151	47
0.080141312154829	0.253519282777767	47
0.067949092652229	0.280798412908142	47
0.027195504655786	0.181917032643001	118
-0.087899116006191	0.253244816966389	118
0.083984130454885	0.0687372482258351	118
0.074159060149941	0.203708761712759	121
0.039589600701452	0.285344879943315	121
-0.070855538142455	0.408012207786863	121
-0.022193241701115	0.410673225810631	121
0.077800238539212	0.221765028246012	121
-0.038678852738113	0.415794247692294	121
-0.105579691353872	0.533591713666529	121
0.042762666031016	0.079494119434012	35
-0.038774380022634	0.287863205065539	35
0.019023105229878	0.226946443128853	35
0.020547893725653	0.206940137733439	35
0.040006160298241	0.205383175362229	35
-0.026433852243703	0.262954306226338	35
0.117895371194807	0.0607623973466385	197
-0.073359491989424	0.278589290103809	61
-0.072641966928662	0.165311934818003	459
0.041654236004178	0.079781459700473	31
0.113490676701563	0.0630988067856532	41
0.117353642196152	0.48507980861341	665
0.008215190554267	0.40308265963063	665
0.108338156713283	0.185443471435023	129
0.124662241256399	0.201411202570916	129
0.00496505792618601	0.173307224235676	129
0.042940643345826	0.126272400830393	88
0.058651148919811	0.13785780152582	88
0.095100993103748	0.193666634283948	204
-0.03129472671151	0.400417224334668	204
-0.067610914097854	0.324209350381557	88
-0.037481192484562	0.200867764710651	432
-0.108971872909169	0.303552339768555	234
0.083600921723814	0.124036026474145	1987
0.092251247395602	0.102204583000924	1987
-0.01276752902594	0.441077574507057	934
-0.036570804679614	0.542683381307758	142
0.084948289369713	0.231351241504783	142
0.007530449475876	0.376813604561758	142
0.069080298532607	0.260483353904995	42
-0.092700758973178	0.364302999786992	960
0.083620819742677	0.156681002354732	960
0.107340056333094	0.0629083662163533	960
0.00830128277719999	0.23689972643281	784
-0.101271057868405	0.515724056500624	42
0.025261694910133	0.158860151209247	42
-0.010787387515418	0.343016751213946	555
-0.065378184172861	0.393926076053186	555
-0.058939885084604	0.289075215177899	555
-0.023247101456559	0.390575836575507	555
-0.045630729110435	0.535634047879667	165
0.071548994535691	0.234404722859936	165
-0.072136040748586	0.21445176528801	47
-0.087125346414446	0.587114404308226	47
0.070599907444177	0.273965688590563	47
0.124814284420845	0.176787710166095	47
-0.043193061884639	0.520647058113368	47
-0.028457755247513	0.157283338617917	47
-0.033999744313216	0.0965769184018093	47
-0.00574460826406698	0.206623904131729	118
0.038348036710433	0.192525607331649	72
0.090218556241815	0.148537585311131	121
0.062527586566727	0.157809944940555	121
-0.084374032169694	0.505953669155987	121
0.121673866179306	0.147340506159712	121
0.121053392633156	0.148532236936316	121
-0.032841225709556	0.0946266591721753	35
0.011730768146762	0.265480736326411	35
0.03131296757471	0.172034936496589	197
0.077450834769796	0.107931564390104	35
-0.057094542154911	0.28691251441628	35
0.074504639629635	0.131643421865027	35
0.03980317674649	0.0792141641503898	35
0.082783715050923	0.0712592142817459	31
0.028464647917532	0.181091117466596	813
0.083589007309119	0.0690425296887503	558
-0.010525879735672	0.932782497542184	665
-0.122108849743791	0.910534270376282	665
0.118719028140453	0.196970092727747	129
0.012251253088239	0.308054371372143	129
0.08418821386565	0.125149171543702	129
-0.018880632184619	0.234743874194791	129
-0.054709965371013	0.238168197404586	2089
0.051304226520573	0.160750226254734	88
0.029378033263564	0.161458831243394	88
0.047144025841787	0.291509470555528	204
0.10000119899266	0.200631793120447	88
0.098424476322165	0.14353641650263	88
0.103068408236723	0.127272452459721	432
0.124313485134244	0.135262276309078	432
-0.029674612213417	0.157646078794847	432
0.073161864166366	0.139702253066209	234
0.038960992812103	0.24644276901478	234
0.075026053669583	0.173295216422277	142
-0.041319008942181	0.251929321629774	142
-0.000852194031021991	0.292445997202535	142
0.021339288859724	0.22516123947473	142
-0.031096990322494	0.29083133242095	142
0.099161965702965	0.114369992123591	142
-0.021123933598399	0.148869536896116	142
0.00364253716940499	0.419308661137595	142
0.047953107409433	0.312195883134969	142
-0.032929521574602	0.501665522770522	142
-0.105980257644631	0.556993628092185	142
-0.010276018357615	0.419739059781148	142
-0.043832623564599	0.469810791201979	142
-0.104691527436902	0.684206206465544	142
-0.068661819417227	0.166560725047443	444
0.040936148828739	0.249887300703336	960
0.031835998133455	0.199376556564807	960
0.095787600442626	0.060264945090946	960
0.082882374551172	0.0698911605614527	960
0.065045684391049	0.18454753771822	784
0.011873513077516	0.352753663217375	555
-0.024839583439755	0.406570025547512	555
0.090309486111724	0.192762460869115	555
0.118240732464428	0.100412623806961	42
0.00804070342396701	0.328163619522643	555
-0.01127389725839	0.45850153433124	165
0.091996361945238	0.234789029686382	165
-0.080789953272192	0.677832696928431	165
-0.06099586023873	0.481164649673085	165
0.038802839662293	0.33539098107424	165
0.122500606301829	0.190443990630375	165
0.080965456426697	0.268628457501931	165
0.088224916367462	0.263589317093438	165
-0.049621960113333	0.25716568930058	47
0.019391068858251	0.405743365302187	47
-0.000461165919667994	0.382929864572685	47
-0.028580069812097	0.157670791015753	118
-0.02530106909774	0.15277000345474	118
-0.086529700062659	0.254524561751004	72
-0.00956487196615502	0.423523275308024	121
0.025588115754639	0.281997950617946	121
0.032513252887642	0.26826362821159	121
-0.069100475170422	0.323999927180798	121
-0.103553537129111	0.464362460341717	121
-0.091270842339169	0.483714729473103	121
0.041950987455172	0.285602976083697	121
0.069352896243799	0.193185081359423	121
0.090891032530456	0.10180200239559	121
-0.036088337442483	0.37884272782545	35
-0.076565302796471	0.332761841330804	35
-0.090322022325273	0.353346698222615	35
0.080014264018306	0.129058969579358	35
-0.035164332104802	0.239292587687294	459
0.116758453346349	0.0597186332658282	35
0.091051266329681	0.0654597981380783	35
-0.027595898637007	0.14888130073153	35
-0.07852860513038	0.167543702810905	31
0.04183746601596	0.0799651577582158	31
0.028921605347639	0.236563457481323	813
-0.025348726967385	0.0918555508904928	813
0.060607322963323	0.50810284553387	129
0.055883380746269	0.473232600512671	129
-0.05838066240566	0.71698447963965	129
-0.070980283111719	0.752141449353808	129
-0.053877387284955	0.266330146677849	129
-0.120425498838223	0.412489861887581	129
-0.022797986183682	0.271560725308106	129
0.087694076881725	0.197772999893472	129
0.00331237963342501	0.194572064262345	88
-0.076669289324776	0.348341014869646	204
0.121386499849305	0.173226911205666	204
0.025390954219023	0.342671371987097	204
-0.071102181615958	0.373067317372125	432
-0.082398576702371	0.297747169066687	1987
-0.014953671052092	0.249277173506309	142
0.075971149097422	0.176499036271615	142
-0.00261840094323002	0.224702216485238	142
0.097465185594793	0.129953888663948	142
0.027098258730861	0.230612888228878	142
0.095877095980134	0.232066348931941	142
-0.019351316728691	0.463324291845269	142
0.056031658818826	0.323687021461024	142
0.02910596146548	0.35218116619361	142
0.101846294067931	0.220232457378594	142
0.0284806999825	0.295695443974277	142
0.011998139648855	0.382110108648103	42
0.081012129473751	0.236603169865612	42
0.074108834321205	0.21561552507324	42
0.117016274105703	0.158509271375135	42
0.087301029400709	0.196380094526127	960
-0.07049993824494	0.275234433699169	960
-0.070703929051687	0.169823126959365	960
0.028866576474524	0.160916692904467	536
-0.069707196300017	0.560905527886207	555
-0.082385334948911	0.54988573372412	165
0.072095497704345	0.245342812983397	165
0.022452944990908	0.3180660851325	165
-0.030689380631778	0.441750324133209	165
0.028853053462978	0.337447948324893	47
0.117901479053016	0.1025755341632	47
-0.084685566440751	0.636485966726303	47
0.092193341199581	0.239016359598399	47
-0.075693792032716	0.560711190414492	47
0.018446799892369	0.389852432944725	47
0.034542801506859	0.171685773832786	47
0.088579920791165	0.0676874945592693	597
0.07989631258583	0.184751349188967	597
-0.083169120534385	0.312515742018619	118
0.011845016630297	0.138844870960259	72
0.123108240195596	0.183726601388948	121
0.078869639586309	0.198677963209882	121
-0.00751106645559202	0.301837857162759	121
-0.106869304997886	0.269182032140763	121
-0.094688743565351	0.480248960007907	121
-0.075722182717045	0.444043672654879	121
-0.107194040309752	0.492484761824722	121
-0.093069283841754	0.484503802336919	121
-0.037583062569101	0.399532478966793	121
0.00410459650827899	0.173897976872577	121
0.098779229557715	0.116709588146094	121
0.084047500001952	0.153752757366502	121
0.065158865721693	0.169989571942534	35
-0.056442493605183	0.235592997549401	459
-0.072794117105556	0.212689104165051	35
-0.028457755247513	0.157283338617917	35
-0.069463772073707	0.211251903573553	35
-0.118930836693269	0.241095593159141	31
0.101219496360687	0.0975234487623013	31
-0.029623293213721	0.0939718402556729	558
-0.027448317534477	0.0920743774478358	558
0.05537503486751	0.201830973438636	813
-0.082626677861543	0.169843426997397	558
0.013490931747352	0.567741221519743	129
0.096264795403335	0.30869259510892	129
0.072952062053254	0.282806347471076	129
0.052016940151065	0.159421629557047	129
-0.034948456791898	0.337404070921744	129
0.111670844866598	0.133539668824984	2089
-0.055870540989076	0.508184661687296	204
-0.056778471997585	0.510365431046134	204
-0.035331347901204	0.532310246888305	204
0.017622496175517	0.348165421223745	204
0.00931315852741299	0.169632581787875	88
0.02897694444889	0.201600986953259	432
0.052777870122204	0.224347058910329	432
0.054327884994972	0.286411099332573	432
0.111932600669147	0.105947086907759	432
0.065580882122751	0.19386598708817	432
0.086908896617097	0.199015231777112	234
0.079346156106791	0.159333630891543	142
0.002082061805953	0.239736681895536	142
-0.00259801761290102	0.298553936484696	454
0.115884748756328	0.129425700376464	142
-0.036562471706412	0.455277209070366	142
0.093251614754055	0.243573369908028	142
0.065452290011166	0.135984339539195	142
-0.092091515283545	0.345877278331748	42
0.048649687297332	0.30159478350436	42
-0.012783052316776	0.384624987962528	960
-0.00222270491786503	0.31626628192276	960
0.112134887514218	0.0627277764598456	960
0.113800049405869	0.0906750096011295	536
-0.117460382994065	0.567293362832987	42
-0.054105771037884	0.444153897237509	555
-0.092055278901536	0.485239010571521	555
0.023680572547643	0.322942949723992	555
0.00386902588851101	0.392920452922384	555
0.119112681318894	0.196793079249027	555
-0.037976830356526	0.313832899669454	555
0.063842854053564	0.234076811092857	555
0.118899305355783	0.160573616282059	59
-0.117314447082332	0.664421879101403	59
-0.076899197165716	0.432869474983206	165
0.071928776942049	0.217085522620599	165
0.07156101560772	0.241750301375493	165
0.124719429091571	0.144047836581855	47
-0.10830585819058	0.527811830976648	47
-0.055179550228957	0.44987576560001	47
-0.118342705905233	0.449676410997512	118
0.108536470460516	0.136912727994677	118
0.046057704848595	0.124969650569318	118
-0.03463878889433	0.19367983975658	121
-0.084662436586419	0.497442138985698	121
0.00589585817895699	0.269545643619031	121
-0.00929324481244997	0.316438688831912	121
0.123610933812078	0.144679259051298	929
-0.059080207508529	0.287072597422063	121
-0.00344948133094603	0.18048654704482	121
0.058328003122746	0.142036350022504	35
-0.104465925864586	0.3016223603255	35
0.040089727149115	0.17324902950841	35
0.059906266666547	0.139109475934886	459
-0.072876244530426	0.166571897380133	35
0.118784258798744	0.0576192851313923	35
0.027041311656829	0.195918120062009	558
0.088318784139322	0.136978528769828	558
0.115982134271904	0.112799108791047	813
-0.028457755247513	0.157283338617917	813
-0.027418232753248	0.220225560666265	558
0.070209642381656	0.563541724539873	129
0.036185205053721	0.665074042441865	129
0.085423658437742	0.413294142398998	964
-0.044401756056497	0.64762018003528	964
-0.117751089632764	1.04330746883409	964
0.086854536582676	0.319171478536856	129
0.022391399769858	0.502009149392469	129
0.045326568522661	0.285154625297178	129
0.09851891224806	0.249310388951488	129
0.105090270341265	0.160453219001118	129
0.015876979800729	0.228532902486038	2089
0.030895184094228	0.347117418626827	204
-0.035839976836848	0.420029142083588	204
-0.095953859216213	0.419455348396168	234
-0.076758804474796	0.375474725257985	234
-0.108371146364491	0.39578184038694	234
0.032843961601078	0.173168833184399	142
0.063785126162715	0.177742944555464	142
0.052711531539073	0.19573297241937	142
0.124968696300263	0.13644740560075	102
0.021244313324817	0.25605920561428	102
0.04388384392501	0.206479879664969	142
-0.026873103939539	0.317754897609981	142
0.123541255716163	0.107153129392422	142
-0.119471934433208	0.714860406541395	142
-0.058518678221083	0.481656825869656	142
0.114622624746968	0.188737503506858	142
0.099997259608442	0.209622727608445	142
-0.041943417009133	0.432397976279556	142
0.035635183880562	0.246039219172873	142
-0.01230279035564	0.323200939898627	142
0.050091172107743	0.199796953300483	142
-0.061913203961695	0.472747340290286	142
0.070815356791647	0.259752181318923	142
-0.016280166614626	0.182771737093231	42
0.115775120468391	0.11071106505737	42
-0.00381948061140303	0.348437177341406	960
-0.0652225160485	0.500145959021209	960
0.012879783986822	0.18185393529183	960
-0.00396825688255198	0.204316855290826	960
-0.04935896726144	0.300635687506631	536
0.085627080789767	0.226987042243207	555
0.113589352284718	0.201079225831243	555
-0.05883729534574	0.412229220873929	555
-0.100135376059054	0.593732227644764	555
-0.112261557520274	0.484372312810306	59
-0.032729835248098	0.31532149459826	165
0.090484043741786	0.149380251121493	165
0.052914495180451	0.180479241114719	165
-0.020470006836742	0.284688516770655	151
0.085740443968719	0.189510884708943	47
0.07966131263091	0.192214106135489	47
-0.067379419676073	0.295386857908129	47
0.00154663948793099	0.271611739354756	47
0.112555661356993	0.161326354738125	597
-0.058061879653194	0.370797167357059	118
-0.081581268421683	0.300576726044137	118
-0.046315246619379	0.252500457263496	118
-0.066054254007236	0.237226612496098	118
-0.123434307129233	0.626292609938384	121
0.082312661427693	0.169862653189989	121
-0.077440483070381	0.370900301237528	121
0.105213158315189	0.178436382127486	121
-0.10062327477017	0.352509161497375	121
0.043221011512054	0.271519175036454	929
0.039434372874789	0.196739454847958	929
-0.116132133027875	0.364392972065421	929
-0.069536652462597	0.349879803953894	929
0.031714684990793	0.191594285846474	121
0.048764592459675	0.144624267492529	35
-0.00055825446347102	0.178960993930787	35
-0.052663659091787	0.236493099442422	35
0.043985502106865	0.126870065222093	35
-0.039696149963304	0.25057855890922	459
0.042827729258786	0.122391076192117	35
0.001958971348926	0.14393458828126	35
0.026489683170775	0.15979994854968	35
-0.080186351157611	0.286048110171092	31
0.113398904901396	0.0615853312824888	30
0.013619541538871	0.210475526230136	558
0.120187050792925	1.01317858189678	129
0.123633916032369	0.268920436769142	129
0.028723106996913	0.376658437094422	964
-0.099566916565573	0.866386865036542	964
-0.121195878320632	0.71297334650461	964
0.117171523990618	0.157550429294915	129
0.027310186759672	0.264652893563812	129
-0.092184342856838	1.24066803336483	129
-0.116197937410375	0.733115005015893	129
-0.014076533767686	0.457987128732134	129
-0.040876445504111	0.63580319268404	129
-0.000771593852207986	0.281565155169176	129
0.10331497564514	0.163095536273571	129
0.00779118466687501	0.502004325997937	129
0.083825164046255	0.284547596248744	2089
0.04859243502673	0.25626204799168	2089
-0.091388848149544	0.584110500941508	2089
0.07314192878789	0.292854872640452	204
0.085552184909214	0.13903889654503	204
0.056947382257522	0.259781329602057	204
-0.050550030910662	0.381903972064867	891
0.10243111459745	0.195162265131785	891
-0.016471485817745	0.278155990007406	432
-0.01732601813344	0.230885115045363	234
0.100735226889639	0.13889598506641	234
-0.036774937645288	0.451790692164123	1929
0.084407982592417	0.155062028504057	1929
0.028371403758853	0.20254306907671	142
-0.047641740787012	0.298718588018948	142
-0.00027702473833402	0.244255439981948	142
-0.079561558574135	0.542878225319232	142
0.095568024901631	0.109624613841612	142
-0.00412991525491402	0.177905729170667	142
-0.010177328194905	0.282987698606761	142
0.101918496846293	0.21043460008828	142
0.115016636756611	0.141610554433087	142
0.121562906000204	0.167477833351464	142
-0.115218795570973	0.835632196185079	42
0.091197744262985	0.100785555993726	960
0.09359786667739	0.119810820557725	960
0.115063359021351	0.11636321218262	42
-0.029536354551363	0.379127014015923	42
-0.069968311627662	0.434263242644517	536
0.044909995345956	0.184484309233934	555
-0.027075758866538	0.517635062660261	555
0.067122519704713	0.177745304790322	555
-0.013047654239966	0.211213396558608	555
-0.070473883359433	0.164680339197428	151
0.101855332957642	0.0949631968021424	47
-0.028458593527388	0.66697132482608	47
0.061318769697042	0.379361426081028	47
-0.050925101536529	0.591936844729119	47
-0.099022361893624	0.366557991300852	47
-0.100669791838977	0.654230635736241	47
0.0743387262692	0.358606290907992	597
0.00579511230543101	0.270301934988446	597
0.084960785017078	0.210962765675511	118
0.111928205003207	0.178369817933308	758
0.036222253246753	0.243585065148582	118
0.028946911927733	0.19718293223859	118
0.041380766444358	0.231518823122928	118
0.029232325894226	0.322883649261909	118
0.049407120387933	0.293800000841298	72
0.109801009371575	0.199909894980717	72
-0.104382675238767	0.383308805100203	121
0.098206812446433	0.165662186686785	121
0.111878253570993	0.154431745582158	121
0.09446022866313	0.253702702835417	121
0.111878570632412	0.192029558105016	121
-0.099436522285782	0.562353267467589	121
-0.023181834612883	0.150956021801043	121
0.068323666967813	0.254327168194661	121
-0.027526663011356	0.0933538709746233	35
-0.02795736582159	0.0932322958568023	35
0.112449188435628	0.0619376195596258	35
-0.00755059134619002	0.263108104717154	31
-0.082285441359428	0.328351149301757	31
0.085026234155734	0.204025898549249	31
-0.023798287445624	0.240421622763279	31
0.119202906932682	0.111875721782259	30
-0.04134755826813	0.34447341055675	558
0.077641449984089	0.0696098727494845	558
-0.061168046812064	0.933111544627624	129
-0.024947055896134	0.587287799521369	964
0.120036386232588	0.259625473004576	964
0.010450672772214	0.373957259306126	129
0.110427360317586	0.291467525342695	129
0.089807004056347	0.367595679683261	129
-0.098959896242521	0.710396690851485	129
0.043296429056557	0.396114758754365	129
-0.011370500859831	0.367251918074859	129
0.099376628524122	0.272856386675222	88
-0.083632581154029	0.767841037407849	204
0.044293612566248	0.2307990448101	204
-0.054546899492792	0.33199091652675	204
-0.057643643978227	0.360901353437805	204
0.101936486487657	0.243172169699061	204
-0.060767000483218	0.474261018767478	891
-0.070491454235245	0.381969565999083	891
0.022707359979974	0.32004163412379	891
-0.003681822543942	0.30604500059627	142
-0.020857340247043	0.223582219221276	142
-0.116349045087928	0.367062562648003	142
0.080091235514986	0.182977275790236	142
0.064423079121467	0.224394747415689	142
-0.095599987142354	0.82112082602028	142
0.089120859692863	0.0981112231985936	142
-0.121990135192045	0.698922983074904	142
0.003349478480559	0.429345457820508	42
-0.044101611267109	0.200681558489314	42
0.014006576854716	0.268049478033811	536
-0.071168819015482	0.397702464843645	42
-0.051505921406404	0.38446070895631	42
-0.053455505191259	0.355886122846232	42
0.017257493825987	0.359629220745807	555
0.12255552842902	0.150320437714176	555
0.01511830338354	0.417985655178713	555
-0.049243500171588	0.539227124189684	555
0.065864817278469	0.313629612302694	555
-0.029278753409063	0.191808655511174	165
-0.075236405947304	0.332854510375292	557
-0.051819780553818	0.579616980876652	47
0.023809668378046	0.409495185442099	597
0.026910634331698	0.249748713626663	118
-0.00356055720683901	0.368367388887384	118
0.031207260002123	0.258621027655241	118
0.01489884983195	0.264960325418151	118
0.114745872376113	0.146592270279982	72
0.119443459979185	0.208626566836134	72
-0.011442464775749	0.592949971791728	72
0.069383279758344	0.129804642279374	121
-0.029674612213417	0.157646078794847	121
-0.124296057608627	0.245526656819453	121
-0.092217482723174	0.261679232190377	121
0.100643458287868	0.0632267455816323	326
-0.02774194311791	0.095057418578696	35
-0.032493072613287	0.190422259953708	35
0.111630507912275	0.0609025816743204	35
0.023113261352732	0.181365235978112	35
0.042733877103956	0.18793101795099	31
0.032492986274617	0.2430177625318	31
-0.076681880922227	0.455638467040577	558
-0.103648709276211	0.297295639748012	558
-0.048498115098041	1.4665715087276	129
0.072241631790588	0.516524672197054	964
0.090478213622195	0.336814193241884	129
-0.00397014310964799	0.634590472316428	964
-0.111816946310227	1.14733390699899	964
-0.041442552698282	0.34845585419168	129
-0.053145998676206	0.533525663439111	129
0.017406741363831	0.452215485828678	129
0.119422578050974	0.211034127440399	129
-0.054630540754074	0.505406172594252	204
0.031732858139624	0.301260660708471	204
-0.060463481331066	0.476505229372243	204
0.103433899101846	0.201721692078719	204
0.068659098347908	0.232952962409291	204
-0.090018356986861	0.430383381080487	891
-0.020400502552582	0.331946032744707	432
0.103431706854983	0.195522331322773	432
-0.012846238650122	0.3850441698454	432
0.001843940681518	0.259640125464489	432
-0.082104616813835	0.309733803688919	117
-0.039199845076362	0.251419978913668	1929
0.110647680752763	0.111593928288423	142
0.063097523140049	0.173232606845607	142
-0.055268646766383	0.413769867861239	142
-0.118130945600632	0.610332743647771	142
0.00630869313208801	0.324682601854629	142
-0.01835979889337	0.278123861387668	142
0.113928157064453	0.171606770552622	142
-0.071275326844552	0.496577321285828	142
-0.00336503005637301	0.444399981793303	142
0.061740119793909	0.228743321343109	142
-0.065762095351393	0.429246583304936	142
0.00882611078766199	0.305246221802039	142
0.015162339437686	0.335877692406249	142
-0.011042524726123	0.222120071454024	42
0.095568553588063	0.219689875977948	42
0.098354331854549	0.184853740628318	42
-0.064704988374679	0.550772860937848	960
-0.092636202980287	0.564572438040765	960
0.061041899862279	0.241985085900687	960
-0.00227120079067	0.18098977249855	960
-0.068425232285876	0.16576122865682	42
-0.00158710184454203	0.374442049851031	42
0.00643824841499599	0.338018071997984	42
-0.018810079571043	0.386270700515992	42
0.112481758573139	0.192618010555788	555
0.107988811193965	0.214064364931989	42
0.119785701544935	0.152806106013431	555
-0.027841897050307	0.324559993058777	555
-0.11068039109172	0.5916308092326	555
0.094062229694739	0.170870711842927	165
0.04776325923495	0.256527061972596	47
-0.024615271788304	0.340394574077584	469
-0.067752715148548	0.379263541206629	557
0.027015132954725	0.28195393650608	597
0.1239578840667	0.0787478742845485	118
0.023950551464853	0.189892960450155	118
-0.000429742892770979	0.177257083736718	118
0.046945436657884	0.165606256583959	72
0.00222665108047501	0.381840229071126	121
-0.00335204727830502	0.326347814207998	121
0.095401133863187	0.170868850124629	121
0.026993702739931	0.163441129614699	121
-0.019611058955922	0.257684702845233	121
0.090558086924227	0.155196104197933	121
0.112729807803796	0.115934834177649	121
0.062711703461068	0.187490353426711	121
0.111693802455739	0.107494969782335	121
0.124913963378658	0.0958930681013125	35
0.089886732625937	0.119044664030133	197
0.047189958796211	0.149632472977152	35
-0.066777233661366	0.264170050751148	35
0.041787869167213	0.125057300556908	35
0.00600517234343301	0.140330474667415	31
0.0392530370366	0.0806351596416773	31
-0.02795736582159	0.0932322958568023	31
-0.073021018859196	0.169907267655957	558
-0.034746650033971	0.294874798044162	558
-0.043396744734746	0.279588867086803	558
-0.029114534377451	0.0930108090578141	558
0.122558534396712	0.73036565693409	129
-0.015782286746738	1.0451238823345	964
-0.092720126825977	1.10532344072993	964
-0.123274341798177	1.2721357379242	964
-0.092195924692167	1.11919813445477	964
-0.092653960534359	1.13715349211386	964
-0.102657290362085	1.20866819608103	964
0.070205830354282	0.219177871175183	129
0.089403265451926	0.201485283899476	129
-0.109073634706579	0.807085970371129	129
-0.004516326014887	0.376996500620088	88
0.00676961504117701	0.280607507735075	204
0.052770754280169	0.344418893917144	204
-0.094103716897894	0.625429817055658	204
0.067357085623973	0.249382767593257	204
-0.10531802113558	0.377644664313779	204
-0.059360499032732	0.364739363078961	891
-0.067930431198278	0.311919267368025	117
0.088900360966704	0.117833129904892	1929
-0.000375477764057997	0.245058927346407	142
-0.012569297421245	0.269490270983134	142
-0.123250649733831	0.547020680387161	142
0.101813570526059	0.171005600121009	142
-0.026596113153639	0.352383280398024	142
-0.075096875632861	0.481825246691822	142
0.048769417676163	0.277045951980237	142
0.031816238968449	0.276987435207451	142
0.109690033776127	0.155036258259402	142
-0.00147431288744698	0.332115840334515	142
0.037223008326805	0.288082878853804	142
0.083956870400145	0.257554270238315	42
-0.00939429960187099	0.370121562825729	960
0.07814597362036	0.256058691516267	960
-0.027255285142697	0.424188919497828	960
-0.051837259668393	0.455582989718941	960
-0.05002619453778	0.437353326004974	960
0.027151954075291	0.253410967005081	42
0.032670019525269	0.282482704122843	555
-0.029766909202775	0.29810108783257	555
0.090567342242324	0.182900387646716	555
0.013833921671842	0.392066275481952	555
0.003740020309283	0.298644619713302	165
-0.018269915070945	0.296173807641176	165
-0.074606052796049	0.394064076631542	165
0.006835010554888	0.245392858972515	469
-0.027408374023939	0.342130674662418	557
-0.080134392040997	0.423157237900426	597
-0.062338841712064	0.434548440695501	118
-0.043068195183442	0.280572805384358	118
-0.00495574822769401	0.223297497800993	118
0.088655902532457	0.118455860023317	118
-0.074871185679966	0.275717088622979	758
-0.114934223192766	0.339476997337408	118
0.000529031864865998	0.364281807614579	191
0.00785499214624	0.275795617904565	121
0.118027930019049	0.155036054856097	121
-0.00464197520501802	0.364337464819993	121
0.00330161630616099	0.34831091039469	121
-0.054358247606559	0.198751960417274	121
-0.065783643322703	0.36742993884597	121
0.110401777952059	0.104793353682838	35
-0.0632785801254	0.24644754956731	35
0.074630975996557	0.132072288997556	35
-0.02304056988243	0.215116438821068	35
0.036848791226316	0.0806039476515737	31
-0.111454291663007	0.35871549490621	558
0.105826555759399	0.121940978187251	558
-0.047426741066303	0.302665542580549	558
-0.105020410465209	0.294739828352863	558
0.072576498080856	1.10096730902442	129
-0.027169082995669	0.878545006542982	964
0.111932082988549	0.361558968010845	129
-0.095985647852835	0.888753071695703	129
0.123837099369255	0.192360572787426	129
0.013541321483477	0.373758760429743	129
-0.103199481394551	0.661228673601767	129
0.067632267364795	0.222310046122592	129
0.010831680963591	0.310522117378974	129
0.083837475373553	0.277294996492113	129
0.034410966962209	0.419757184272517	129
0.039282128781648	0.303840267090178	129
-0.066059357496174	0.562344337430204	88
0.084983288304345	0.276317104207771	204
0.060539699341873	0.321290965614255	204
0.012876421964741	0.257850389163742	204
-0.110015541391284	0.456528073689848	204
0.038888363412994	0.202770039481766	204
0.022098738635275	0.289866798575727	432
0.094744527428617	0.197223999742495	432
-0.016177225314931	0.34184335051642	234
0.118397600854749	0.116682476792533	117
-0.119284530825141	0.451968074789476	117
0.108480984773908	0.147273071909548	142
0.03996902002726	0.187807127784885	142
0.038930821753403	0.238255310771207	142
-0.018677447623289	0.318087331747641	102
-0.072084614246	0.429417803669752	142
-0.00948646182184698	0.356565557965701	142
-0.026322878917898	0.329890930419845	142
0.057915883561241	0.240530052488665	42
0.068985034092886	0.273581369949603	42
-0.050124376384558	0.344864891438939	42
-0.090491387024039	0.584114655208704	42
-0.038216885351721	0.457235157286461	960
-0.035516074268392	0.428310320195204	960
-0.040948636696312	0.445143429800042	960
-0.00539020622699998	0.423087134949385	960
-0.066061165559639	0.453062339100621	960
-0.00592938174315699	0.332807048635703	42
0.047180734991479	0.304046200875606	42
0.080824583322428	0.278519902297753	555
0.062763376005541	0.241486874165743	555
-0.070432482118719	0.530876777635453	555
0.092710437285107	0.185039649159069	165
0.085298743896136	0.167490145210885	165
0.025478585602814	0.276675058052816	165
-0.066243809619829	0.52428973824625	557
0.061427775225446	0.256214488768309	469
0.025897952996651	0.248291851886484	557
-0.078400466368954	0.519519822278552	597
-0.044032247430173	0.568898580917837	597
0.031821384010342	0.306748209891699	118
0.051640826638105	0.275188169345787	121
0.112609078490133	0.171417722062193	121
0.087530565918116	0.174275769933403	121
-0.03927788499784	0.27257174516001	121
-0.00987387672033202	0.271102994822957	85
-0.029186614751961	0.355348687710388	121
0.0958017595319	0.116480443642895	121
-0.107017217194088	0.292338202220111	326
-0.043880396099799	0.198976568093973	326
-0.00109460003075801	0.172964093387533	35
-0.061319703822184	0.279562116732949	35
-0.048664350546965	0.258241353918361	179
-0.116920449141261	0.339791081073731	35
0.105940732027811	0.112173779813468	31
0.048844919609809	0.16629923031248	31
-0.088789528474605	0.366863660363933	558
0.105273300268813	0.126703056162541	558
0.031448574766463	0.154877556308985	558
0.106290672351129	0.490668227655456	129
0.024798286406246	0.691847040736472	129
-0.00724999771941498	0.237178899791205	129
0.022122976362406	0.242700128361992	129
0.098440438018502	0.167928277196809	88
0.03353482379223	0.339453118513365	88
0.097828669726832	0.262353324543036	204
0.054452836079059	0.296136819058552	204
-0.088915586402391	0.363635535751967	891
0.064808581682321	0.202588322970514	432
0.109736428568148	0.132320811946141	432
0.122860181971811	0.138791265900334	234
-0.00261883525627898	0.234949843505412	117
0.00284764187508699	0.200283295023105	117
0.00144296663927801	0.198008756019087	117
0.117954055559806	0.1160983856362	117
0.1074947494205	0.123588620322555	142
0.078073861063299	0.245285011279485	42
0.111678856264991	0.185861088920117	142
0.02093853665297	0.259223443520171	42
0.076523631676935	0.276883398895805	42
0.089611679492352	0.135222411840224	42
0.056688052351118	0.178137309769435	42
-0.062191186276416	0.243526061913842	42
-0.02245441069486	0.535670486524587	42
0.012723626546261	0.371412330838628	42
-0.024295821989628	0.372477399950566	960
-0.017399340916128	0.488736297861724	555
-0.069818957995336	0.502728876512272	555
-0.00802726347210497	0.337858701095925	165
-0.089835230306568	0.381189476601821	557
-0.030496273602298	0.435117581088391	557
-0.039752229342338	0.405842361592526	557
-0.0720796032502	0.54839398740634	597
0.113399120588208	0.144745321785359	118
0.056975162643537	0.143136234778845	118
-0.069374331402958	0.165207787346047	118
-0.084180798110165	0.305811021748087	118
-0.124025571790754	0.180787922403336	72
0.04501581560243	0.126184724927029	191
-0.100618533665291	0.298741667818754	121
0.002740085842734	0.366223735288563	121
-0.072682166955124	0.427400768214077	121
0.064350829908141	0.244877535808898	121
0.08503713090809	0.18121221342693	121
0.080339479449647	0.19790323777074	121
0.017446600138907	0.249435882267193	121
0.034856719934768	0.229756194455199	121
0.068638575512292	0.159498013103821	121
0.091148987668073	0.144812508844462	121
0.093942953094788	0.117336329119555	326
0.028832674584418	0.177436039084945	35
-0.026294320161863	0.221203475259705	35
0.001958971348926	0.14393458828126	31
-0.074098337680349	0.168749335754736	31
0.00437451724496801	0.165874123048689	31
0.114605360159308	0.0614560500150464	31
0.092125748790796	0.062311892193745	30
0.114605360159308	0.0614560500150464	30
-0.029635199088244	0.947825422794158	964
-0.071494749407696	0.439305897404984	129
0.056637372542486	0.364815159152945	129
-0.072725309873298	0.635167489866495	204
0.09734627282341	0.279779725622796	204
-0.029543713258805	0.381711281985739	891
-0.030329475442746	0.478060033909904	204
0.098497566847893	0.128119833025064	117
-0.093004810897915	0.265030606293959	117
0.124772673020389	0.119940903903059	117
0.005933522192757	0.335819101685696	142
0.01910406434932	0.268243040160932	142
0.043473276364431	0.317238863417973	42
0.086227943601551	0.209547043338806	42
0.029108488976252	0.363625133460109	142
0.064009699358641	0.246378859799151	42
0.099538848246352	0.20080619884104	42
-0.077081878235918	0.269740600840654	42
-0.100202306255338	0.628175193333265	960
-0.012430089531214	0.414908804140002	960
-0.00893186557451903	0.492619180202839	555
0.022143008738542	0.353475225394963	555
-0.020013154301655	0.350003646422956	555
-0.05021614959935	0.52655017382565	555
0.119368078271893	0.182637956740811	165
0.076461999546209	0.175143686353225	165
0.11060810292926	0.139801668217723	165
-0.036865731768891	0.376936303399175	165
-0.087983088382981	0.47706348396455	557
-0.074446268600139	0.543305469915328	557
-0.062205507181815	0.524758482047686	557
-0.088262760299253	0.605265399819276	557
0.107204607488455	0.175715853042483	597
-0.082486954201449	0.42574375375024	118
0.052184893639388	0.209918310606513	118
0.096596353673325	0.0987306939898955	118
0.121949507172369	0.0843278860698375	118
-0.058307034211444	0.314670133038863	118
0.111550059743773	0.102137057128176	118
-0.053727683717639	0.486944820687818	121
0.079981264412997	0.229467781309399	121
-0.028031479783214	0.398023254847246	121
0.040679472710383	0.262173429864984	121
0.01389055230535	0.297302438448599	121
-0.049981143992439	0.321220280443158	121
-0.057444413030156	0.428116616075639	121
-0.103553951977298	0.3546728761429	121
-0.099802578832693	0.340981591155838	35
0.124602274413682	0.0969592683640607	326
-0.002040163449884	0.285630982546786	35
0.097350896814464	0.100550259733331	35
0.091048391520326	0.119410430400696	35
0.104701944723873	0.0931317235536047	35
-0.077081912800108	0.222557471434318	35
-0.079317204743926	0.220231908643146	31
-0.124025571790754	0.180787922403336	31
0.052138370539544	0.147575891594668	31
-0.076848737439089	0.273338819892291	31
0.049882138103349	0.146103843350371	31
-0.029839569510005	0.0962689794942149	30
0.076262724422892	0.0714969114028694	30
0.082874344272429	0.472171885294285	129
-0.000520045676764003	0.178182882021404	129
-0.048953845166686	0.303883310344538	129
-0.00494843487889202	0.401642028630809	204
0.011968315891049	0.380978483777662	204
0.063377470195654	0.153363126958593	117
-0.043421435152745	0.201199469182394	117
0.05488580478106	0.258517891732349	204
0.096982061180066	0.194078634606214	204
0.098441679606975	0.129574983278862	142
-0.044595193790511	0.297710501331698	142
0.094791552784554	0.170021401037243	142
0.112487271382528	0.129221199337486	142
0.000643336321415999	0.200870565655948	42
-0.010464000521503	0.320064882421503	142
0.081048809866086	0.198658081893337	142
-0.058518678221083	0.481656825869656	42
0.103308757735289	0.176316290172548	960
-0.093064191293619	0.48187493183177	555
-0.08780341730544	0.409561951907179	555
0.107342744635982	0.12342931122632	555
0.086093349113662	0.164351542457027	555
0.002771320291962	0.325560813578682	165
0.087481987161619	0.181921411161665	165
0.029762037991201	0.280595394385182	557
-0.00289874077270302	0.29304939080223	557
0.023631760401905	0.263385714893573	597
0.095970911873857	0.178704643091368	597
-0.016922727218365	0.412293330249186	597
-0.042760471810605	0.396159180311137	597
0.00219573352290001	0.200292021917197	118
-0.108748321540402	0.353816282689135	118
-0.079759229215371	0.165678122007398	118
-0.037259341355412	0.0959321473315522	191
0.092004612151637	0.0649912554060809	191
-0.033436418654628	0.358803270995305	121
-0.061688573445875	0.395262593503332	121
0.12295205817869	0.12489458509792	121
0.111162002342799	0.0896230920273235	121
0.00797560526777499	0.251473207440365	85
0.110757503071375	0.0881027823798259	85
-0.011933882550073	0.210087007285527	121
-0.117949000102536	0.235975679412032	35
0.09742349156327	0.0961669575148276	179
-0.076119626225422	0.221733860631444	179
-0.09272934975356	0.16036869384508	31
-0.075894833327884	0.278600346457661	31
-0.025134427344203	0.0939362147439577	558
0.072684143113514	0.129849360774869	309
-0.078285541186449	0.170069469422116	309
0.005068747134332	1.28057848249586	129
-0.080091166839305	1.72091842040777	129
0.032012758380323	0.656991875593991	964
0.038651626978162	0.491560999675649	596
0.011712604074399	0.326127182190697	596
0.067775464145072	0.221219826955187	129
0.089182040951431	0.192783065501846	129
0.120319554323734	0.145312256217533	88
-0.063479646492314	0.648327159367425	204
-0.034318284586369	0.532797039919945	204
0.113941760232786	0.103019323783403	117
-0.015364522238827	0.257119430710191	204
-0.114155235390482	0.460575607163734	142
-0.038727947759333	0.277324966168689	142
-0.123731367618902	0.481793432638955	142
-0.031063387923492	0.244836133075326	142
-0.062672635756866	0.335788167926483	142
-0.070973743740766	0.292842197802629	42
-0.00820243402696602	0.435052386104641	42
-0.022567302464378	0.403245324302201	282
-0.0606174012055	0.499953074938405	42
0.081502330723716	0.232514967197367	42
-0.120553806838849	0.640266930913431	555
0.024969787538323	0.319145950041078	555
0.069987470603111	0.161097590024717	555
-0.010586591849945	0.288249075732519	555
0.06318575187054	0.212117451341125	555
0.089833905865094	0.202853145592951	555
0.070999882693825	0.218106003729807	165
-0.07237455860017	0.394742996596621	557
-0.078560999557341	0.503283952353191	557
-0.028192397995385	0.41306497532528	557
0.104707172388027	0.18743157998908	557
-0.0338484818649	0.392842009628529	597
0.067323250161537	0.230892967647001	597
-0.048944492580569	0.340481434913619	118
0.050712806952402	0.181879372345382	118
0.033525999938715	0.154392820701393	118
-0.00516653016608898	0.181242928678636	118
0.062660615317338	0.116402224195567	118
0.023476105918412	0.161187368551042	118
0.118414371618668	0.149751324675017	121
0.110647298048832	0.13711887702631	121
-0.044923387271164	0.350323465030958	85
0.093470078516421	0.129190583808154	121
0.055074813210985	0.160613744211828	35
0.077089135558759	0.0663133959895862	35
0.00700283374514801	0.14333022058169	31
-0.065928300385313	0.24470324998515	31
-0.080227253643326	0.244961626639615	31
-0.047781727986414	1.13140157382257	964
-0.012417041313448	0.904903359132746	964
0.106038026035167	0.370486239656991	964
-0.027289061922973	0.457682815527666	129
0.123841461800496	0.109728700147289	129
0.039435334628344	0.321280498320941	129
-0.042873998527577	0.380695067578854	129
0.01339158306754	0.328505990519249	129
-0.101506545691901	0.39040567658616	129
0.112259522857445	0.161166019092247	88
0.062693348694627	0.245411677107597	204
-0.104976451473078	0.558090974782243	204
0.12451645610968	0.128191985756494	117
0.063319117938299	0.211770830712949	204
0.031747250765856	0.290555175425662	204
-0.00171431427999003	0.296447560669558	142
0.114136693163739	0.129271486743563	142
-0.062718380589852	0.322806902655777	142
0.081650355430534	0.172998248660063	142
0.066229527592665	0.200586095816254	142
-0.07930135746536	0.369127621001991	42
0.066796368804041	0.198653678295903	42
-0.00755393627217699	0.2798799749492	42
-0.000775271290057	0.242173670521083	282
0.063281549795556	0.156730307537419	42
-0.110552050759592	0.428294774682269	42
0.045756500272784	0.252972258345486	960
-0.096800331602517	0.422616483910893	960
0.04207738717157	0.22131498634867	960
-0.104780605725852	0.40567230100317	42
0.03913826869135	0.189620248680754	42
0.031827115928222	0.272757379188754	42
0.119375637500298	0.126070060155286	42
0.039318439979435	0.209016838326112	555
-0.040977227775894	0.454581536672506	555
0.016416781478912	0.278996315669639	555
0.102713579039269	0.109050714434186	555
-0.071509558834184	0.322256238792314	557
-0.00311223183402698	0.246468035262764	557
-0.078503345940803	0.394142823671958	557
-0.078219608122811	0.479808615577251	557
-0.08220194273178	0.482849831081028	557
0.000627374674855991	0.28873675793243	597
0.068245040265763	0.13084064926039	597
0.00365608187809	0.19644387942849	118
-0.015871174704667	0.210451619945538	118
-0.05868653975705	0.242095352061922	118
-0.111248041179652	0.306579903451833	191
0.080877810243655	0.0704668001769103	191
-0.070250504719285	0.373303275005073	72
0.083657126851113	0.148827062359918	72
0.04151193208624	0.248640394821052	121
-0.0825420256656	0.403568640059873	121
0.07022873142149	0.182025496445042	121
-0.092402661779219	0.337378473598047	121
0.039129580713595	0.193271755810595	121
-0.072136040748586	0.21445176528801	35
0.010642956665219	0.135105660631824	179
0.040754828501332	0.128960672030704	35
-0.025134427344203	0.0939362147439577	30
-0.075511282394557	0.211970955566096	30
-0.046545395883594	0.257770011725187	309
0.077593957312037	0.106122345984251	309
-0.038694978876489	1.06288081455359	964
-0.014456623521387	0.508794504935271	129
-0.066078582264851	0.498054015507973	129
0.019258876154203	0.334943953261978	129
-0.108926164610866	0.476516048629517	129
-0.109025073073261	0.507692955262413	204
-0.028159554895718	0.517913208445011	204
0.10834865647684	0.135175933789881	204
0.099442917840923	0.128566349383029	204
-0.121108608023742	0.496936581649012	117
0.024723870985504	0.188581227536272	204
-0.116459834444196	0.636829259763919	204
-0.022797986183682	0.271560725308106	204
-0.107017490277964	0.38864376011004	204
-0.097792611092369	0.419659224731036	142
-0.053609336666446	0.342549866422567	142
-0.08727634125527	0.364943979459888	142
0.00350834404457601	0.213557115220096	142
0.015268236080291	0.192330267722343	142
-0.121225739375412	0.461326299655025	142
0.10246493915834	0.125556752109462	142
0.066014602353859	0.232075747895165	282
0.01367135017441	0.373603230168499	42
0.114702824567711	0.17567119795431	42
0.054669223997973	0.271957105894983	282
-0.014155091058979	0.256473306423546	282
0.104843953663979	0.161265048399631	42
0.063187523787879	0.242305713395267	42
0.105414763429952	0.204293654872309	960
0.109356152040541	0.153398045742296	960
0.043454098847757	0.249786298479163	960
-0.123943443414274	0.26380012249721	42
-0.054825711033456	0.233066046238145	42
-0.034028292085591	0.187964939825754	536
0.1084246664288	0.196448097902972	42
0.088114463746903	0.214717791926683	42
0.085788963141385	0.209990685191692	42
0.105834871780002	0.162827206096418	555
-0.035430722182726	0.416343073183564	555
-0.069942525615864	0.474567096107433	555
0.014837948881333	0.315340583953578	165
0.00898394421368501	0.265414221037848	557
0.095687659011388	0.169853578251585	557
0.00991176590215101	0.281182135285391	557
0.053320096734164	0.267601938964356	557
0.123515761579132	0.146999522050003	597
0.124648229406366	0.0536888567629137	118
0.098863408283261	0.0990837876486708	118
-0.117338009823896	0.443927497802026	118
-0.044238015573117	0.280523268021213	118
0.041432355096329	0.149105058403377	118
0.06035618779675	0.140366869650074	118
-0.025116852034265	0.147262501481772	118
0.027332034840039	0.158822388470126	191
0.095068664366516	0.144427551654576	72
-0.017276232384456	0.416691770562558	72
-0.041855609490843	0.373981716353533	121
0.01304662808136	0.131927757554205	121
-0.078480188116975	0.445952482245434	121
0.00356127559282701	0.310363092730397	121
0.07492096247056	0.161943166150484	85
0.081833016461127	0.192800811871639	121
-0.000413675988580997	0.251202728313872	121
-0.024978231144334	0.208361880954041	121
-0.09818872169075	0.289540364234834	35
0.088397764715576	0.118087584241365	35
-0.118607544477609	0.339523154275698	35
0.029383662079205	0.152974887361173	35
-0.061155793939814	0.24114563213842	31
-0.07142244869809	0.163781642670663	31
-0.029212645170932	0.375930481856454	596
0.078703392092642	0.146514595166444	129
0.005813383415775	0.293828617608705	129
0.053531438040075	0.191056950565523	129
0.098510429836836	0.165962601768291	88
0.064919679966672	0.182467689363585	88
0.046337471306674	0.361190927705482	204
-0.102778930703096	0.295850558056574	204
-0.081865337534365	0.555578582563294	204
0.024568076246048	0.198547437042338	204
-0.05061082481206	0.350934476483295	142
0.018838452672647	0.207354413727535	142
-0.059503442702749	0.291295070217215	142
-0.117602073711884	0.394676199788975	142
-0.06625493573976	0.269588336786816	142
0.028437216278387	0.263810524795998	102
0.010431634362705	0.262901087477814	142
-0.037126375658667	0.338126042000367	142
0.062372663267503	0.202269893935291	142
0.00895325871226901	0.343304299804209	142
0.118583425860211	0.142609896384801	282
-0.066865376469223	0.508950679281655	282
0.107955908818073	0.176646748995729	42
0.033921526114104	0.308403580045981	282
-0.099070605945397	0.56340775338881	42
-0.069937692125402	0.454471759959757	960
0.077236821803989	0.172002549386617	42
0.068179187829802	0.210386812719769	42
0.12084613230492	0.158053234859729	42
0.097669855854168	0.173577994861307	555
0.101753947258786	0.139913041429727	555
-0.033829773394393	0.307450531043003	555
0.010748670811327	0.324562969960241	555
-0.097930343557214	0.508766905500535	555
-0.028250648654179	0.344021240944385	165
-0.088071919711948	0.40242715079818	165
0.120183240175515	0.136179613284681	165
0.092678052895888	0.178323820129649	557
-0.00664162914724897	0.33297036274972	557
0.109770128836315	0.15974497109406	557
-0.00214782501104599	0.236697464787839	557
-0.014564661270255	0.417768566050582	557
0.113787546335587	0.17282616280751	597
-0.005474011391089	0.31592193156926	597
0.025079001083313	0.0816795968303928	118
-0.090128791906598	0.222088870187964	118
-0.026586188113165	0.0928450015775511	72
0.059071690831273	0.136792453168245	191
0.060173650681636	0.159347297896413	72
0.01993304066338	0.164769041064801	72
0.092581895550123	0.19480737919891	72
0.00271564013580999	0.200712583537725	121
-0.051643717256475	0.352643691254891	121
-0.102847230873842	0.474194551278813	121
0.018433757618034	0.245582432929824	121
-0.055536334839937	0.329456820943521	121
0.094415748998099	0.118425528212246	121
-0.082965979456551	0.310030142214643	121
0.053614438375554	0.142820844399948	35
-0.096566289770866	0.259332185409719	35
0.015281810104428	0.189070166968785	35
-0.00733652455095601	0.204458364535197	35
-0.018522725130755	0.140509323594447	35
-0.075452624536588	0.212182194748872	35
0.04389716834811	0.121880235142662	31
-0.00139832304758503	0.223287250144295	558
-0.030504284062989	0.190230060450102	309
-0.018081788444008	0.243523999166772	129
-0.07286028402275	0.391068556768666	129
0.025545694980978	0.240522254484587	129
0.035499797062118	0.210157049007726	129
0.02507183378359	0.416530352631164	204
0.085364508588481	0.0679564954639835	204
0.022390298931484	0.254090870409641	204
-0.108407700091917	0.524522511224534	204
-0.012226455505898	0.370697424783758	204
-0.018007642650191	0.310543712096445	142
-0.047009788755148	0.282499136310221	142
-0.0560645293822	0.352324569634165	142
0.094608107557977	0.144316298229318	142
0.108430583911022	0.160129106748329	142
-0.048743494385541	0.4055988457502	142
0.084650949338968	0.206590555776282	282
-0.121622629542405	0.554372277508442	282
-0.013188394585852	0.315367680027495	282
-0.060546491368711	0.447138430597795	282
-0.058756128004461	0.431789324384581	42
-0.039531236208835	0.291214660644415	282
0.119931354129536	0.144286080289624	42
0.044841821699542	0.2586598147128	42
-0.030791438224991	0.334303559429928	960
0.058334549407283	0.177024713076978	555
0.101890168453348	0.164785377505165	555
0.072593019038249	0.174199410752243	59
-0.067185926498832	0.348176585856558	165
-0.114600194279742	0.32265936581562	557
0.072302673530137	0.17316683923678	557
0.017798401878632	0.291520989748573	557
0.033855795444096	0.155705586090149	597
0.117027295120619	0.125768657106103	118
-0.032036204586932	0.29170919116897	118
0.099604947388521	0.0957384893835334	118
0.097671497088884	0.116630352446335	72
-0.117877282250798	0.475446838310674	72
-0.104234068725049	0.382748736568872	121
0.011062422152461	0.209413147913042	121
0.00238984425928501	0.199013657974124	121
-0.078233732886693	0.214427591695876	35
0.117583412794827	0.0597059555200673	35
0.102732177960837	0.0942125491295441	35
-0.042823736403284	0.0908520004537564	462
-0.118904549407992	0.237461534851563	558
0.097657493309564	0.117012169102297	309
0.033329464521259	0.127811042292746	309
0.046734916114563	1.51258807266117	129
0.098382794198299	0.290007217253786	129
0.062280366224383	0.309107692423722	129
0.079697237651731	0.208492577592264	129
0.052630061487893	0.343141421226582	129
0.046192923248183	0.455644170870768	129
0.051948379796273	0.431778643278081	129
-0.01001922784658	0.420352234238087	129
-0.082103881739375	0.536576902075267	204
-0.112567340747019	0.676296770691923	204
0.106217287702282	0.192712651023755	204
0.036129336185599	0.337539187964436	204
0.049513229862269	0.343064365049631	204
-0.072705343731154	0.525760440760223	204
0.081237409242785	0.212578069117598	204
0.073538913475708	0.162191475417014	204
0.103399129364498	0.16144498448275	204
-0.000458234464942975	0.353944759950146	204
0.112130808310827	0.143142759559677	142
0.115608136968522	0.11793573815754	142
0.122863460464362	0.122416464404989	117
0.061135629070599	0.20119252857067	142
0.066817567722855	0.197742734760114	142
0.048311849329775	0.182971326766783	142
0.03584617177967	0.205218433918236	142
-0.029701812924706	0.240791087720442	142
0.066048171824033	0.171655889870639	142
-0.011456145304873	0.269712772749333	142
0.056600021707909	0.226928390494331	142
-0.075973416951092	0.350412865555996	282
0.058452569142179	0.218643368848661	282
-0.120715688203289	0.423673751903474	282
0.01213875813029	0.333878803166618	282
-0.068315130688308	0.372354414289194	282
-0.052288804952622	0.374017041530507	42
0.021290814917276	0.300955924995791	960
0.036601850409791	0.2303091716691	42
0.014170616506456	0.214375088235763	42
0.087182403258962	0.189824800086122	536
0.036763200730507	0.308773713295035	42
-0.00100852995032402	0.279269857696234	42
0.087509016883537	0.214377371090061	555
0.027742268835986	0.267261800626698	555
-0.067397280361655	0.527005820272269	555
-0.065672936445247	0.445294880979664	555
0.03610629228532	0.314110750148932	59
0.118759502482237	0.0999673758581604	59
-0.00370363967485499	0.247127010575667	59
0.113912028298284	0.117582105434314	557
-0.088801151622196	0.530236068449644	557
-0.045415240369533	0.282862235044783	118
0.061067416977244	0.250569352456698	118
0.033210184617607	0.297531661856237	118
0.0316341565537	0.190432025923606	118
0.099208924940927	0.113100613143389	118
0.057659686570802	0.194491161341575	118
0.099741795887002	0.173659135458125	118
-0.070945659559997	0.370503060679904	118
-0.069934965346458	0.291788653409829	118
0.068456592386551	0.112663717583081	118
-0.036839353350377	0.271343518682719	118
-0.042881055306946	0.294780853906928	72
-0.07230006121134	0.43293806068915	1091
0.050488797614228	0.252021030806373	72
-0.018430419329231	0.329320692941023	72
-0.10813384894537	0.387815793662558	72
-0.096407004807177	0.342943021161378	72
-0.102744886933517	0.289530796307583	121
0.084785937238597	0.1363384256596	121
-0.042955656209204	0.282907022481144	121
0.071296528487514	0.11156258086873	121
-0.078990155495311	0.275382107659543	35
0.11118127722121	0.0636442097097359	35
-0.032407617995552	0.190594032172824	35
0.030109472450122	0.158096547254086	31
-0.037923255618974	0.236125616831645	31
0.003981224699425	0.143545898954653	31
-0.097893095571996	0.350840763057892	558
-0.119736224611283	0.36472138254299	309
0.014365919156589	0.211327286506753	309
-0.123323234812994	0.241834315598339	309
0.00406722263999201	0.547917688705789	129
-0.051189226772298	0.683762943127096	129
-0.112874707391744	1.12785469567856	129
0.032957385699112	0.524416068368443	129
-0.025383612966956	0.72624777262162	129
0.037186348278148	0.388350433410143	204
0.024795636250917	0.368088169270178	204
0.025159952406733	0.379570767967	204
0.078714314854541	0.211773584186698	204
0.046634310466535	0.329931034531461	204
0.098666680925681	0.189763091339888	204
0.048323796972265	0.309414908134323	204
-0.084606652625365	0.62690387264095	204
-0.101307365837717	0.501281990663453	204
0.035706915835393	0.296148164224869	204
0.074509614066279	0.198032941016196	142
0.033253685586769	0.268949693480307	142
-0.025244195466372	0.354755246100543	102
-0.00404612827075201	0.366455978201252	142
-0.00300570494899699	0.335855546252863	142
0.106401857292347	0.181739011220176	142
-0.000154606207635022	0.330459369607617	142
0.112367450806711	0.12838308346979	282
0.025081714101382	0.182215101032359	282
0.054188076281967	0.14271762753362	282
0.114380313608401	0.183794413487222	282
0.059069165047682	0.17681406773304	282
0.086814758696841	0.136942987834399	282
0.083614067680959	0.223124024088632	282
-0.000658474152715027	0.388860709154202	282
-0.067784225801743	0.350692639657363	42
0.043644966348432	0.261951625883563	960
-0.087004796209636	0.458061747815806	42
0.074496411244313	0.214808994102904	42
-0.059362999583623	0.576876192444789	42
0.107162732114074	0.183938186882955	42
0.016219362830555	0.248514572467459	42
-0.085698929066677	0.389440661066288	42
0.098442277552118	0.203682064158271	42
-0.01656768046399	0.507426003392172	555
0.028714616415265	0.372400494651788	555
0.00411664033408801	0.419700457583835	555
-0.00157072035385197	0.171967163946852	59
0.116938482957639	0.102113100680601	59
-0.092003680002414	0.322641935584788	59
0.04886637936892	0.145586999174017	59
-0.114277252025798	0.331764483322292	557
0.112612070355646	0.210645075697088	557
-0.039121148471435	0.490469164921553	118
-0.082350366539262	0.498194675018942	118
-0.00540700384919202	0.402423937094975	118
-0.084525825920091	0.593224943230532	118
-0.073125007838848	0.468735770806491	118
0.039150917784959	0.231178979542052	118
0.118447231223796	0.142531070673781	72
-0.094548605201412	0.501495040265469	1515
-0.104909832872703	0.515037518985597	72
-0.02626515757555	0.43251861375807	72
0.021364600750135	0.273404823339798	72
-0.014525801894039	0.385822135692763	72
0.056758589932915	0.19248593910579	1091
-0.012657415315913	0.338446497635202	72
0.044800691910722	0.169867482069341	72
0.112846708363409	0.169261884781862	72
-0.048355523119278	0.392332820855893	72
0.013076638631411	0.3219387909818	72
0.072478433549764	0.157072812205763	72
0.071425963159623	0.110995194748284	121
0.068588668433914	0.112733806539016	121
0.123351636090098	0.109204581118351	35
0.083887995391683	0.122203199230184	548
-0.097517994913398	0.248724628133527	31
0.119175689037452	0.113636455539005	35
-0.084716724141731	0.303006024232364	462
-0.051745795386223	0.329366543172984	309
-0.112726339099651	0.418573641628008	309
-0.09757383206085	0.310600962207916	309
-0.013029437262755	0.273564268316056	309
0.089489341871719	0.175262460912933	309
0.062145491505484	0.418679893982478	129
-0.095523773069784	0.701443422777956	129
-0.085766607507617	1.0039536291338	129
0.025322896573106	0.409528300546308	204
-0.016657149722315	0.453971377803568	204
0.00657902430065699	0.489620773361972	204
-0.055484433953962	0.429083741292295	204
0.083018446461641	0.203865149696021	204
0.043372929423992	0.254914517821764	204
-0.109880515280755	0.500320878694847	204
0.09471056768053	0.205804762289991	204
-0.051767070959883	0.53341069601141	204
0.005970182917068	0.197159355493901	142
0.0879130610942	0.147408399819777	142
0.120003760599292	0.187818579216865	142
-0.00609883693056401	0.351609000895418	142
0.097653196299196	0.1976519950807	142
0.104807077410649	0.184338030217309	282
0.095398429498183	0.175089959277026	282
0.033182957615486	0.309966133359204	282
-0.058936512906464	0.359115782320331	282
0.110789925246522	0.119914011202286	282
-0.035684726202049	0.471240055640787	282
-0.070189441044232	0.404870528454887	282
-0.078794170955002	0.420056729630316	282
0.023147921616065	0.297547280396462	282
0.119860587667423	0.180996281252569	42
-0.018993150331432	0.428190019083415	960
0.122012052314994	0.109910003764466	42
-0.106742001025476	0.630820755077696	42
0.101517473020453	0.181382772550384	42
0.038001433371249	0.256698259616478	42
-0.078312108559703	0.429895551583755	42
-0.020370403745181	0.354048405870726	42
-0.039632302262162	0.432474227246766	555
0.063552386866102	0.270812391171905	555
0.041411644823456	0.187723848686536	59
0.048790582748092	0.25680853530839	200
-0.06590371870561	0.3391099190309	118
0.115734573851544	0.141484742215828	118
-0.019496212789911	0.464977050654524	118
-0.071705819001816	0.407798201510142	118
0.109280379514559	0.116646895875742	821
-0.118758142248582	0.595992422572146	118
0.010935495761703	0.224586155864107	118
0.00945290564110399	0.167228485007842	72
0.0909343221653	0.247281302007103	72
-0.061213676779877	0.458390148624758	1091
0.105902333285427	0.215105828946108	1091
0.095646772331861	0.203473691792632	1091
-0.114678428793684	0.58612477094591	72
0.073621378050846	0.214385044650818	72
0.062847200392216	0.240430861019683	306
0.047769543085562	0.182569853166967	72
0.07940681923893	0.159349236973451	121
0.10046554978012	0.115089680491253	35
0.042930094750537	0.127070411719775	548
-0.073272566926508	0.268305110994746	31
-0.048317686189913	0.254070383836295	31
0.122338190180785	0.107937297446311	35
0.038578097526203	0.172795123873991	309
0.059523118238597	0.168872687698891	309
-0.027236296071856	0.253604429416051	309
-0.047646940135495	0.348963090193384	309
0.048092592137658	1.36438934227043	129
0.084386763009753	0.60932060604403	129
-0.099833821439537	1.1977314166883	129
-0.075410634589295	1.16829466796188	129
0.096418888218022	0.383611860756399	129
-0.081980828974771	0.893693814853275	129
-0.034040471409203	0.645723403834276	204
-0.047527116135874	0.706541156314224	204
-0.049563887001565	0.436457844411594	204
-0.066547453222518	0.560551264603106	204
0.116607476546736	0.135098646313858	204
-0.00317904996380802	0.238253814162936	142
0.027372310329818	0.232831889600085	142
0.114965203687497	0.11882189421446	142
0.020443892991584	0.203547340317241	142
-0.084718850154671	0.373651931022346	102
0.104570345945983	0.174249645827399	142
-0.059305812915495	0.338930872674515	282
-0.06646137903628	0.51702055886764	282
0.040022041714595	0.380279639578959	282
0.014374573486788	0.354358613137594	282
-0.042054411809543	0.481882912394826	282
0.043124668352883	0.282887942956255	282
0.092674696785166	0.150312166760328	42
0.078407304506105	0.159922089740928	42
0.10053805232702	0.130521992133797	42
-0.07959311977576	0.389693692240081	42
0.022951903514535	0.346583652093499	42
-0.02916661865006	0.318328834918008	42
-0.047494069848456	0.447748374501127	555
0.066721453829287	0.187634150133123	59
-0.096323669328451	0.349936250458721	59
-0.091270677036918	0.309694132015175	59
-0.077733519311271	0.282118023741842	557
-0.00694982906540598	0.338837976173267	557
-0.00119904964163498	0.204186874717114	557
-0.069178000625579	0.271224785287876	118
0.000311505969626008	0.304111696641984	118
-0.078385379431395	0.536185284776151	118
-0.00570462161746399	0.316678095335654	118
0.041409192152848	0.277747942853206	118
-0.07047631851324	0.368805011418347	118
0.049221838740699	0.239770582222233	118
-0.017376285531613	0.298784427767845	118
0.063452240143353	0.198896970684191	1515
-0.015338365266342	0.345412506463631	72
0.02712106346039	0.33997385246315	72
0.080944066876034	0.181989641966355	72
-0.036745386893207	0.27251053612982	72
-0.06940395312619	0.516865209594197	306
-0.11331460825386	0.43825291274883	72
-0.111896321394988	0.331716481220143	121
-0.045254743329681	0.282142255840578	121
0.023640907662636	0.179085437947875	121
-0.010907679958778	0.371088774471161	121
0.052435342982136	0.245229714209872	121
0.06933631874521	0.113046989537253	121
-0.031044471705399	0.195459229262414	548
0.038631443623681	0.128725633480101	548
-0.020471336466492	0.238440733355588	31
-0.055745045672075	0.232369944927121	31
-0.041506424965997	0.343646249197636	462
-0.10929550585764	0.295064113105121	309
0.099366452047569	0.128432774189247	309
0.095329889618486	0.127536124856041	309
0.059918434282923	0.155742371789206	309
0.00409959190366399	0.191997819984837	309
0.049207042496277	0.829523514798593	129
-0.093031014868181	1.15754007186489	129
0.112595573135141	0.368069307577865	129
-0.034604611659995	0.564456901901448	129
0.0466369902103	0.381948710195186	204
0.031955173904178	0.370304676085192	204
-0.056933434135089	0.505603657926119	204
-0.019692401959122	0.255466730888222	204
0.000142660591623989	0.251117131750781	204
0.104221738626618	0.176082681280782	117
0.05273971183156	0.298721826366202	117
0.015624831273397	0.334290337018121	117
0.084100602529305	0.123390079478948	142
0.037799912071852	0.223106049771137	142
-0.107627281818466	0.341641172834234	142
0.104928728631968	0.138973533372969	117
0.037103103113707	0.210070811585061	142
-0.10975087934241	0.386889181116884	102
0.074269459411963	0.20299608627131	102
0.115839290453691	0.141406926433642	102
-0.036477272106108	0.340740235017615	102
-0.081860165007541	0.334215085335842	282
-0.066035991218516	0.361289677005914	282
0.093003247164945	0.118318481240138	626
-0.110786881243604	0.448670319538103	282
0.06219573088672	0.250776205397844	42
0.093822530189362	0.18963136797816	42
-0.104024562965179	0.510602704484442	42
-0.085345306754123	0.304413294794715	42
0.052275984282292	0.227549833820515	42
0.101132593532914	0.16004123689756	42
0.056464471829999	0.211933517269699	42
-0.071406074386729	0.428888625249752	555
-0.087372220295538	0.466268156328451	555
-0.029333805329386	0.264753298530975	59
0.053351506496092	0.155234238402673	59
-0.061985369912702	0.342730153887222	557
0.033885119178451	0.175196347130893	557
0.046372173642276	0.212206928011468	118
0.118394728459485	0.127668224446618	118
0.121632240993145	0.178945072589328	118
0.071241872183707	0.255109928350304	118
0.018057740060261	0.363563960985287	118
0.093767751776561	0.135461714595552	118
0.04756427617691	0.29160286567416	72
0.078957194777972	0.220165484904825	72
-0.035622224731113	0.3511597517364	306
0.051701698738325	0.144310725954102	72
0.033260371192695	0.246169325831283	72
0.106130489523008	0.135618070004069	72
-0.067276054602461	0.345418221161018	121
0.07549467954313	0.108964506601802	121
0.075886669147054	0.107310317962897	499
0.033425803006103	0.132088577655471	44
0.04396236784256	0.124258371318804	44
0.028965610350039	0.181644832191549	44
0.09831506215194	0.0960270694212628	35
-0.069837579328406	0.212227718022859	31
-0.124574697387167	0.468598092843593	462
-0.124266169113544	0.180652023218962	462
0.019038098596957	0.227680262060624	309
-0.106351861284124	0.449622482451093	309
0.044608173000012	1.34840070364629	129
0.076706907281097	0.870295245179949	129
-0.05150357495747	1.85405900285265	129
-0.091235905736644	1.23337243992247	129
0.051439418828454	0.503269581774401	129
0.00907009270826001	0.644910747349073	129
-0.016109992019047	0.299926704040649	204
-0.106276140538969	0.537421100722799	204
0.026879496269544	0.356052110282615	204
0.107046618034688	0.177727841671839	204
0.093238686996605	0.18142292667468	204
0.017473730871742	0.241230608039694	117
0.055259269528309	0.163550141501066	117
0.108998852284761	0.131087514620748	117
-0.030628852943828	0.333547901910344	102
0.00591524880833599	0.23666553500179	102
0.083736009231981	0.17492242239607	102
-0.069887323116387	0.266470881868952	102
0.043967662831571	0.126496545153302	282
-0.031463636496313	0.315511992844317	282
-0.101213951716183	0.271693069657218	626
-0.039952710216261	0.157148073985579	691
-0.059784280724415	0.541743267596912	42
0.072087455361844	0.237489774427078	42
-0.060318217999065	0.378435588457843	42
-0.029503417751453	0.246992251109574	42
-0.085962691635209	0.166963379975481	59
0.120052892711024	0.0596631873977333	59
-0.026252909354757	0.427892968013564	557
-0.088798264360772	0.484136540195385	557
0.042844375556128	0.123284074899947	557
0.073318761638377	0.0711619369235982	557
-0.02221311774866	0.150586114787889	118
0.000609615474726988	0.323667240264691	118
0.060857930716886	0.191889554232954	118
-0.090473260784897	0.391753704561443	118
0.053066956508196	0.194491880623446	118
0.122222446517506	0.123193785898945	1515
-0.095248780208381	0.46075603765824	1515
-0.014874240451594	0.372750004178833	72
0.043988956139658	0.255787071549194	1091
-0.090973979624921	0.648749787224166	1091
-0.01748938000146	0.280606095219969	1091
-0.047527629458685	0.283410170739799	306
-0.017606771633556	0.27402605850427	306
-0.000585529340523028	0.269801813206393	121
0.112578657456554	0.0617869657328042	163
0.091172946583618	0.0643375330107694	163
0.084937161858239	0.0685591504798444	121
-0.076140539126574	0.170483209497146	121
0.121802714070956	0.0571195738353979	44
-0.062966709964995	0.261578012853882	44
0.087396080965945	0.0671383268516025	33
-0.029839569510005	0.0962689794942149	33
0.118457634841227	0.0885036487890778	35
-0.037834797409642	0.317540427585449	35
0.034667558307406	0.152079113439967	462
0.083262882519805	0.139717306723554	462
0.098181749971764	0.130311221969807	309
-0.012041196380634	0.251610470061541	309
0.043819281625063	0.19890833820419	198
-0.053648829868893	0.285369316282316	309
-0.046848285571573	1.14112679941382	129
0.114022377665908	0.288852055413864	129
0.124045507566281	0.239274925835347	129
0.089559117827178	0.363700075699265	129
-0.115633968184755	0.608565085421324	204
0.067333777244512	0.233201518726756	204
0.103914527291977	0.170488226143364	204
0.026297318066034	0.221778025811978	117
0.119572325860022	0.115246723250669	117
0.065049088397653	0.135367997611349	117
0.010770582899814	0.229562200506802	142
-0.058021821436629	0.305507294219074	117
0.00626997684814501	0.191810166212842	117
0.041150850511911	0.209047796917254	102
0.029303233413728	0.229988104955333	102
-0.058263761431936	0.231597278571114	626
-0.031044471705399	0.195459229262414	626
0.042875152711984	0.127811585408308	626
-0.109193926522831	0.330147073706563	691
0.040315893872599	0.249471463634795	42
0.046359159215565	0.182896802671156	42
0.102039885967735	0.113700679239617	42
0.039424436095	0.220881608077119	42
0.088149732790475	0.20483960131439	406
0.047312717660802	0.168128448721133	555
-0.03488308335104	0.285540041738936	59
0.110109903085497	0.0640746563172622	59
-0.02664336063153	0.220398229770067	59
-0.073001532894007	0.164340745580267	59
-0.100704364175395	0.400466758715689	200
0.119807553009074	0.144306192816491	118
-0.01890101799469	0.312232080185826	118
-0.058898788561666	0.328263846178657	118
0.040959834011894	0.218484152816383	118
-0.020220438660033	0.300304514696494	118
-0.032928253367777	0.305387235414207	1515
0.036775228026038	0.295648351895651	1515
-0.098292462235028	0.334144696941153	72
0.099670381211864	0.0925407109656783	72
-0.00344948133094603	0.18048654704482	855
0.005033220219444	0.196971607804684	121
-0.0706081738134	0.165063807015784	44
0.069208724879113	0.113576032018846	44
0.119916207984051	0.0598344452054936	260
0.10086488320256	0.110949369842803	35
0.078044189036807	0.126629592667434	309
0.111240900133333	0.104874789596609	309
-0.075540512910978	0.220547460168605	14
-0.034961807442553	0.310566649692424	309
-0.044815711161602	0.254794957833331	309
0.116675624134203	0.060065190967461	309
0.118213990960756	0.863885258133667	129
0.1166644143006	0.710891339029217	129
-0.077905977757096	1.60969627769645	129
-0.072536359135624	0.599292087806238	204
0.052877986863453	0.287867214309665	204
0.095986724164985	0.175072072121115	117
0.100833896569517	0.0949122373146291	27
-0.103403200403857	0.380510583528554	27
0.108322422326642	0.12379365109592	117
0.022453191897079	0.187514385376343	117
0.086165546820589	0.138474431943596	117
0.08073096822466	0.143927906054808	1621
0.076310475726183	0.106945879597483	102
0.118028054410363	0.0604327829438798	282
-0.123207508911408	0.235517571198658	282
-0.068425232285876	0.16576122865682	626
0.061324635872291	0.201666373780259	282
-0.051217199797042	0.35241968377373	282
0.103959365122433	0.0952869308388956	42
0.121461500738828	0.13143011688536	42
0.046435357969931	0.275986878524079	42
0.104601821664769	0.16772641566659	42
-0.068547815194383	0.165345110250883	59
0.123189633577816	0.0555797517544919	557
-0.093672154095435	0.442324909610625	118
0.107308913611721	0.198724720654946	118
-0.11718022302639	0.353448479657877	118
-0.020891001756824	0.349962880084802	118
-0.081222549911928	0.39494698494944	1727
-0.061624076959581	0.314867388523397	1515
0.05403728623875	0.252419125163726	72
0.098385134213009	0.0968758967343803	72
0.122989951410879	0.111200873686548	121
-0.070839833596681	0.170236159956428	121
0.083614198993788	0.0688774693638807	44
0.052922487776702	0.181358068248713	35
0.034461420080314	0.176659174344775	462
0.07763480865632	0.126398286480362	309
0.066083268604147	0.176472578385434	309
-0.092279017319027	0.338553697189111	309
0.115490766830699	0.0604968691634663	14
0.074700968755996	0.176435524906614	14
-0.012676557164858	0.294466755717004	309
-0.031324551472742	2.01565881620245	129
-0.059475839526803	1.43135751790547	129
0.117588769300992	0.162784443615182	60
-0.091916967540241	0.354601205395731	204
0.119952584615424	0.085853492265545	204
0.11167828178029	0.121234355920969	117
0.024718472707938	0.314956728364265	27
-0.081065402922307	0.396809548031835	117
0.021191054971828	0.205243466078819	117
0.00364968873876401	0.22025770967741	222
0.032271320867093	0.173933953828416	222
-0.031653069382039	0.156261391255294	282
0.064037008981395	0.134695110250746	207
0.085860383843952	0.068416609472069	626
-0.118941061271352	0.240721741389332	42
-0.095723518973435	0.265893292358118	207
-0.04054762461888	0.392558653490791	42
-0.022647280624445	0.249847593056977	42
-0.073835036223361	0.170796164610467	42
0.056416588367248	0.209752102521289	42
0.041087021454365	0.200239164144908	555
0.088458476651657	0.0684926128816722	59
0.115682291060265	0.060763145451928	20
0.056634728364126	0.236178674734758	118
0.005550659126413	0.300425571215704	118
0.039712751969181	0.230565370426788	118
0.096749281978386	0.146453011542927	118
-0.012588030320389	0.27071770346734	118
-0.047863930902425	0.34657231651221	118
0.02765874594415	0.229348746960528	118
0.010342666929387	0.318899879955838	1727
-0.076354122960367	0.419639994466326	1727
0.111593923838369	0.152459540885682	72
-0.013107605482447	0.352313159324456	72
-0.023740487099964	0.271579650687568	72
0.115870530484923	0.0609216306653088	72
-0.041214091759524	0.0957908192259917	121
0.11876902011867	0.134367410432413	121
0.083876613398944	0.157959291885524	121
-0.02735357594628	0.151254683502064	121
-0.031938443487837	0.0943972495177389	163
0.033040039491023	0.0826547724511613	33
0.00619343959093199	0.14097538741142	33
-0.030873828347474	0.142864803149577	33
0.059341885189549	0.141470229305897	35
0.00790545689196201	0.166213712697869	35
0.056889097823363	0.140072818929166	35
0.089853825162879	0.0649252825244038	35
0.00078342353696001	0.221387347581829	462
-0.100161657219262	0.349766910822201	309
0.021226726327633	0.216323935720443	14
0.083915423980198	0.240066110691721	204
0.117455029665072	0.156730858948728	204
-0.059038484965186	0.352336557993697	117
-0.083964156857571	0.393485825805694	27
-0.102253719264265	0.316366031889958	27
0.011699835783785	0.319995664012657	27
0.039927165869311	0.234579342557181	222
0.045530128343079	0.183534709421938	222
-0.027086758860179	0.264170428220984	222
0.093861562655894	0.216793858484408	222
0.118151930302764	0.161863626118531	282
-0.00499428632645999	0.178783031692635	282
-0.032846984406949	0.222046870962109	207
0.023338448189707	0.346029966721185	2018
0.11924405722461	0.151391666963392	42
0.098688152712038	0.186034047348074	42
0.106676768098915	0.10846415543308	42
0.105323339108177	0.179734590509188	42
0.115606725230428	0.135439241543286	555
-0.055634027560683	0.283945641582642	555
0.045978775021587	0.167266895511013	555
0.026479163424574	0.326203865987822	118
0.097908423325511	0.1405058636782	72
0.115716225904893	0.154952783863112	1727
0.00250458063251699	0.355930119078023	1727
-0.068789188552962	0.387779674356316	1727
-0.09887667540299	0.525386557222006	72
-0.060122934644815	0.241532509196372	72
0.057350836977953	0.205828539851117	72
0.076081822678345	0.187849257657869	72
0.00131444387371699	0.143851473634011	121
-0.060361090415305	0.278677432555196	121
0.07666531519616	0.130039311772751	121
0.088337041248149	0.0682039113870745	163
-0.065437721601286	0.162808337405645	44
-0.042380054098381	0.298009126540945	44
-0.023424403668523	0.150618872831869	260
-0.065170624687865	0.160248009935707	260
-0.08593564305698	0.289013377385197	33
-0.059652542076885	0.241649710443529	35
0.093739193124071	0.100123721235379	35
-0.063543827587474	0.290220800359033	1809
-0.030540277944685	0.236783345699574	1809
-0.114532058208286	0.225989209676776	14
-0.108847453010318	0.345171821944269	14
-0.105518807915148	0.426547690792628	14
0.040783215803845	0.318094205574444	204
0.034857913612455	0.316210946137629	204
0.053379228945938	0.206575677545776	117
-0.00513268067793599	0.331303603301634	204
0.023564013789908	0.258355335535935	27
-0.036196354859261	0.270168613220236	27
-0.034829067976209	0.302266514755887	27
0.070771748860722	0.168939143442172	1621
0.098779229557715	0.116709588146094	1621
0.104752645417877	0.123739567329301	222
0.086168499416594	0.164793745614396	222
-0.075179218622104	0.450449900330412	282
-0.019499329764255	0.238614472811413	282
-0.049325754174817	0.329034375010205	626
0.117914937711724	0.102974853106158	626
-0.00648939953974398	0.250541933009192	42
-0.093446029844524	0.43073597097959	42
0.062094537162927	0.172946414387668	42
0.1072390461425	0.0926076539044465	59
0.021946873608945	0.183672050828983	557
0.063247207143155	0.150365852684635	20
0.068310395278123	0.15127776132616	20
0.094722446855378	0.119777227628954	118
0.05858547081385	0.234052351217287	118
0.005827411752373	0.314833568189137	118
-0.116023870891907	0.591802902191208	118
-0.112934950750619	0.460599956766011	72
-0.112298132563762	0.44122810391099	118
0.116928737173146	0.102923247982172	1727
-0.117447599331775	0.557740709279764	1727
0.060160798638653	0.178207254806806	1727
0.0156310434191	0.360269481724374	44
0.051022036940775	0.147128880146674	72
0.073351013505609	0.145113206895932	72
-0.093864875873861	0.481813416674476	72
0.016912298379561	0.231335940441666	44
-0.025751825874811	0.219090793640389	121
0.098887338081427	0.114353902329685	121
0.081685817151943	0.169930896890493	121
-0.06900401776943	0.208963628519903	121
-0.074589749443387	0.279632870558018	44
-0.031531727148897	0.156408886305383	44
-0.094154892437841	0.266424562018019	44
-0.070473883359433	0.164680339197428	33
-0.116788214060981	0.235009897163406	33
0.111660417962139	0.103008023682064	35
0.066343030352413	0.127254836452162	35
-0.058126363374567	0.237816122632552	309
-0.031967304532239	0.305929173481901	1809
0.083332790353625	0.176616791864326	1809
-0.092375100642985	0.33497781812822	198
0.014915538015683	0.249624557618255	14
0.032173079461631	0.1945686291522	14
-0.020432473038562	2.27693375982186	129
-0.107397907847497	2.44648007705741	129
-0.107645170531408	0.408897238575336	27
0.067895690853179	0.182898245621964	27
0.059808376695914	0.154396817889201	117
0.019514142126088	0.187503189797117	222
-0.022832549016282	0.239639312995573	222
0.101189720391137	0.129277146964178	222
0.019383150034593	0.295764419080586	42
0.091877568938875	0.171935528827523	2018
0.00209399887505901	0.335302965023832	2018
0.124131679694611	0.0988071814480735	207
-0.029800216013149	0.287592744794826	207
-0.00326276668067899	0.26813842965463	42
-0.018352481371163	0.279305166314013	42
0.109567665069646	0.170549970394479	743
-0.124226913149683	0.365674122988534	42
0.111082510130432	0.0616206003951089	59
-0.080958030805673	0.348297640941918	557
-0.095206167383392	0.316261725850519	557
0.076731529830972	0.237174705571392	20
0.069244656999463	0.195639881958602	20
-0.079332935519959	0.520752051558023	118
0.091576963754726	0.163274793742804	1727
-0.079911408103219	0.485267387653981	1727
-0.112581290597758	0.41994190298975	1727
-0.064895127750108	0.518649580978794	44
0.074393376866819	0.204858157154981	44
0.040365412175605	0.222598447418171	72
0.04203228550178	0.243258227769674	44
0.06914198537693	0.197455061939584	121
0.122190318499955	0.0835565922985984	121
0.086308560167236	0.0691793758203773	44
0.077917017376504	0.0712395323791181	44
-0.123502023392371	0.397808915160711	260
-0.118966803105969	0.22893977928641	260
-0.02795736582159	0.0932322958568023	33
-0.123222845907599	0.240129481085982	462
0.00492985065345	0.140144565621428	462
-0.04609653193926	0.259299884838278	462
0.102926392153363	0.113425937072788	309
-0.117686830384115	0.415674134675703	1809
0.048195183783171	0.121573401518354	198
-0.00353745363972002	0.256029925894125	14
0.113410565496264	0.1964432662643	60
-0.068469746410781	0.627161310075572	204
-0.030355004088537	0.479375896906908	204
-0.018765800566181	0.374845305367175	204
0.037032225257046	0.173458792899409	27
-0.102836766057428	0.208283550778523	27
0.015443599556962	0.135326882488538	27
-0.089014861915617	0.276923477095326	27
0.024321516364645	0.160000932142782	222
-0.00498805226274401	0.248971046427308	222
0.094843241964	0.133897489526743	222
-0.084254506518017	0.289218375326526	222
-0.028048287495213	0.444541624070349	102
0.018747520684395	0.24458858201598	282
-0.119532401206735	0.173528055300178	207
0.083741140610289	0.156967180599509	207
-0.063324446162318	0.301808514754074	207
0.030048637840287	0.214516528302983	42
0.052247559469425	0.306552897023086	2018
-0.039886396324911	0.465146064567955	42
0.109309689652794	0.135621502042577	42
-0.025452945714689	0.242338955293504	743
-0.090728113845743	0.261262494507116	42
-0.039155312825215	0.191899463223945	555
-0.033999744313216	0.0965769184018093	59
-0.032841225709556	0.0946266591721753	20
-0.06191253861512	0.158166019114214	20
0.007194035375504	0.142199183042602	20
0.00184646559785001	0.441866333572285	20
0.011892746761562	0.3572619043578	20
0.09953565065125	0.120345615741477	118
-0.104658702301804	0.510195793056013	72
0.100616855847137	0.178434720204883	72
0.033093044838742	0.31456323837231	72
-0.097318486732643	0.772342126714168	72
0.062390619067887	0.207212982273385	44
0.021533626969649	0.359136853588419	44
-0.07600392354723	0.170472251255812	44
0.121800986016272	0.0983892706127816	72
-0.03554214727455	0.457540989216166	44
-0.0228835925079	0.284800454747219	44
-0.068288828695121	0.165272710800313	44
-0.030997291708343	0.0960078604431597	44
-0.077144184619497	0.222943027585338	33
0.02554994028091	0.160019667878271	33
0.070516370171657	0.144759107084334	309
-0.094618071203636	0.482087017286574	309
-0.123311763814833	0.468904005337195	309
0.117059070932889	0.146729602510387	309
-0.075772840999197	0.346304950638565	309
-0.00648839338192803	0.196775055327033	1809
0.00199983490896	0.324996638531995	14
-0.083461435197437	0.385064385502966	14
0.112785661128885	1.0885253559791	129
0.115072967616145	0.193822998195501	204
0.068562100053159	0.13398275638517	204
-0.032489380457167	0.267392750445624	204
0.011781628681193	0.30295644649296	204
-0.010842023547148	0.442141862590619	204
0.059391069530733	0.212847357741726	204
0.113799685194705	0.127077539883036	213
-0.03876491104555	0.342168363276293	117
0.037985079657244	0.16853043080795	222
0.118110354108614	0.0874192650310141	222
0.101629967653417	0.0964660869450062	222
-0.082499724216389	0.283070896058118	222
-0.062126578921583	0.319804535510037	222
-0.00814936355860901	0.381032730330628	2018
-0.111772204184783	0.302810289723211	207
0.017145667945565	0.210598155819207	42
-0.10730805864922	0.362639894881811	42
0.074377096534492	0.179001930088228	42
0.123593852077659	0.109808019046846	743
0.00741144804843499	0.134412639687838	555
0.090426972661023	0.14527097433377	555
0.038328520980245	0.0807209199286037	59
0.046370523940954	0.0743656096832216	557
-0.030241989597943	0.0947990167640332	557
0.119079411447972	0.216622737424412	20
0.037596815177324	0.214528683297519	118
0.049545183915288	0.319513576621005	72
-0.048996173626424	0.449527149288322	1727
0.044428226508523	0.269556381093747	44
0.079942740695247	0.232521204704146	44
-0.100070138086457	0.342262364675941	44
0.012429989210596	0.397836999093728	44
0.123015900886216	0.0571512302990771	44
0.062848710096381	0.175280716626917	44
0.092125644641565	0.0649421269208565	44
0.026392797745186	0.159976323118085	33
0.085617926761431	0.0669498837293178	33
-0.024145049824619	0.202076204035333	33
-0.121043983400183	0.364558186640731	33
0.031353645199845	0.160177485270425	309
0.00861279266124301	0.310894580453813	309
-0.108309424565883	0.585788832198966	14
0.062206898266232	1.55412679633115	129
0.081673346700776	0.432790033246984	213
-0.041421947024311	0.5238255136793	60
-0.058051316568389	0.620379814891127	204
0.109953344385667	0.224535879450881	204
0.114238257389121	0.149123748166575	204
-0.099506442322484	0.26009936244803	27
-0.08705135363461	0.249592692229148	27
0.043316429770034	0.170820975697924	27
0.068114115529767	0.150060778220877	27
0.046281485950097	0.150101089940289	222
0.043304356367927	0.161160513587273	222
-0.119527025089323	0.362708718306805	222
-0.122577998569728	0.269814716207291	222
-0.096078181416192	0.291536210493688	222
-0.045118991609529	0.266456239331758	222
0.004173254163712	0.139766523329224	222
0.119831868689175	0.0589037877233771	222
-0.07478070675307	0.165952717671462	222
-0.00209946073571199	0.219018173853996	222
-0.082853749478972	0.370606153452467	222
0.102822855127984	0.198414572094685	102
0.020871303932996	0.164044787886191	282
0.091897202022637	0.146356067544188	282
0.048188839157828	0.120210982325544	282
0.00445976442323001	0.145326431476383	282
0.048360799241986	0.325528661523651	42
0.053065868629394	0.226985724122224	2018
-0.101464997403302	0.779471316617897	2018
-0.030241989597943	0.0947990167640332	417
0.016341223637547	0.441973385734192	42
0.013862062521481	0.380565644714672	42
-0.112001595152993	0.397303172860166	42
-0.017799840685936	0.29096161324467	42
-0.10656127226807	0.61585103794143	743
-0.097204515138577	0.258579799622342	743
0.109167584851697	0.0639854994643591	555
0.103641327072459	0.156252981494491	555
0.043870338122909	0.0786153019477796	557
0.043632390239238	0.228694087374146	589
-0.054184542470854	0.596153966667829	589
-0.0307804449139	0.0946312597121439	20
0.097941515326364	0.212495005791882	20
-0.076709914360512	0.659832567922409	118
0.111846651675155	0.122083949896022	118
0.103738725729141	0.112761655220361	118
0.086551300391759	0.290998865096516	118
-0.023377183373514	0.355583067441763	72
0.00649199604795001	0.333001067197336	72
-0.031604846392649	0.429463039827505	72
0.00920563584204701	0.494275189608986	44
0.067945450174817	0.331878170266129	44
-0.042999126580779	0.570374002386751	44
0.037768847153859	0.391067143107933	44
-0.045078428218718	0.408125659337019	44
0.013399554128989	0.414776469531875	44
-0.044494503421016	0.381934620854341	44
-0.11407001370266	0.654965874135112	44
-0.033999744313216	0.0965769184018093	44
-0.026801042628061	0.0925825058226694	33
0.073647597224369	0.17322215017463	210
0.101549791925425	0.112510563636163	309
0.080197412191077	0.0712559906361963	309
-0.014706091144399	0.227512222124326	309
0.070910180156434	0.231657977822114	309
-0.121786147652272	0.436778740098065	309
-0.08510175982373	0.390521972678012	33
0.069052506897368	0.201523259245583	309
-0.030223076818826	0.299317346575597	514
0.022502776030917	0.27015336498687	514
-0.111616891914821	0.440653168941605	14
0.117018026428326	1.02445987783652	129
-0.025705212576957	1.05799505513547	213
-0.0162010501554	0.550667887301613	204
0.079346780499016	0.127414242635849	204
0.093008781787352	0.246585542945047	204
0.062576020942685	0.213757219754599	204
0.024995222497428	0.395384972173979	213
0.079754881329338	0.128242070312518	213
0.079493147644026	0.202284092350308	27
0.05087302648612	0.315097916163945	27
-0.020132702275453	0.317692323294356	27
0.103202397960437	0.160460882183888	27
-0.000987468946971992	0.171977068712693	27
0.100400615034066	0.135934487861531	27
-0.08094472939277	0.309007866040888	222
-0.00574969246490997	0.175334951522995	222
0.050226910523133	0.118568448149809	222
-0.082241185824219	0.387503386543446	282
0.069208724879113	0.113576032018846	282
-0.062120159026116	0.574739703158796	42
0.018819576308861	0.371303044526194	2018
0.03814384877731	0.0815327017257594	42
-0.080113489798534	0.467643252701227	42
-0.050141278069573	0.302082336968243	743
-0.000705816512398982	0.436914676635265	589
-0.06661898881898	0.159821264084209	589
-0.028682693682132	0.0955856767997894	589
0.044977253290169	0.0766574019447994	20
0.105350478169744	0.133517953198902	20
-0.013921698263482	0.544361456219836	118
-0.036454063667739	0.580853998429041	118
0.116290445258524	0.116857053729412	118
-0.038231482216648	0.46411104602408	72
0.053817177315337	0.210669295884863	72
0.117734674178703	0.115959544429715	72
-0.081112817743273	0.516555169546191	72
-0.12356074143053	0.819168846001531	72
-0.087930139954615	0.645912556265232	44
0.053256724121641	0.358726712274712	44
0.113789432298134	0.171435253984618	44
-0.030057504569499	0.216456326071848	44
-0.090384361223055	0.409600031232471	44
-0.084761245496072	0.538879306519407	44
-0.00812064025616499	0.449860917892132	44
-0.030055988302856	0.0954808244390514	44
-0.028682693682132	0.0955856767997894	44
-0.022029284981006	0.28619870587697	44
-0.062318954909576	0.345205443835053	44
0.065845005519997	0.255506384890021	44
0.086442133056268	0.0676115731820262	44
-0.030671416118176	0.154311891129242	44
0.118950716964686	0.134351714444712	33
0.029671238182236	0.219463775116734	210
0.00599134701321	0.144259540388315	309
0.064975848234408	0.116685068681296	309
-0.00498606157202702	0.331625801093715	309
-0.039064115387158	0.408703259824973	33
-0.00981630485069701	0.247741953112627	309
0.084248828782169	0.171007305009888	514
-0.078797718238168	0.447047396828746	514
0.113038128693276	0.101501489547504	14
-0.050047217002403	0.48970660526763	14
0.067536518526023	1.34545144313899	213
0.074502704152965	0.887832365457331	213
0.015988596051822	0.916683936867876	213
0.100149166033777	0.447490085968845	213
0.02508970534531	0.706036022747583	213
-0.021790779647201	0.812023609557925	213
0.090918197924791	0.361618856450158	213
0.112912491398657	0.25730106166622	204
0.034046554675516	0.362610618071702	204
-0.077947047865439	0.597478407050806	204
0.079088988377765	0.231845370251275	204
-0.07043134073652	0.518387862210936	204
-0.119170540420062	0.701441900186741	204
0.108260291262882	0.139530031213425	27
-0.04642334430082	0.380750852413212	27
-0.11027657624285	0.26884092536766	27
-0.086520702409207	0.335616434928692	27
0.051999905878504	0.163649578974268	222
0.037657540791454	0.174122466239227	222
-0.062266153071742	0.291490912186741	222
-0.076181502957861	0.219070840246945	222
0.012488201032113	0.2065073830398	222
0.022017667936333	0.206069551880304	102
0.058757027364014	0.197794228570995	282
0.070243680489238	0.163737510573201	282
0.03696239937111	0.254070841051297	282
0.100710312847939	0.127982245775443	282
0.087322192713793	0.140779542980644	282
0.072483638916924	0.21008306015255	207
-0.00200302294359001	0.179094108252484	282
0.0000612679105030101	0.322300529835341	2018
0.073748691217536	0.222534494955887	2018
-0.041788464388691	0.279926596556392	417
-0.046389997231404	0.348844677880141	922
0.087631795684638	0.175187401646406	42
-0.000619901025145975	0.245855107392082	42
-0.020662840612993	0.25025591753485	42
-0.117886863581918	0.64822852817705	743
-0.113539133449873	0.498585592402631	743
0.074239626124196	0.205452043939054	743
0.055520925973736	0.178246396500346	743
0.084621878318378	0.140855336247857	743
0.049733258544224	0.249886613700191	743
-0.122922978762797	0.504568552629984	743
0.035511981351554	0.243938040964225	555
0.039720845302252	0.129905350378676	557
-0.079675246504394	0.214367652538685	557
-0.04146813887544	0.200029428328181	557
-0.102763586722564	0.267617264153081	557
-0.072268831540397	0.215447929872704	557
0.036300399161723	0.254070802073821	589
0.099475004238114	0.161327579899375	589
-0.037088849335566	0.191803508564657	589
-0.00452021593094698	0.179647188237058	589
0.015735866910051	0.192667863082941	20
0.043814511981813	0.164387848777957	20
-0.00673055399393902	0.432757705853568	20
0.076551692081631	0.231304285331956	20
0.021960474527399	0.235454191241266	118
0.056288028029308	0.23610450136713	118
-0.106622889256237	0.709871988253562	118
0.039135461827052	0.274420894007714	967
0.088087322320462	0.195595576251088	72
-0.009624328247889	0.413323667320597	72
0.078593647116096	0.23432201033445	44
-0.08970033039189	0.523506814614803	44
-0.092315037259815	0.71006863994059	44
0.106552262628751	0.154462389775554	72
-0.108629761338617	0.584629237225102	44
-0.064891706468032	0.324316285515921	44
-0.02677138031986	0.325671621031604	44
0.045609439875518	0.236172475451272	44
-0.072748089399267	0.395035065681081	44
-0.050465379590843	0.327034236978522	44
-0.059551421577245	0.335541766989169	44
-0.00184177572884098	0.177620835157683	44
0.097934357853802	0.14436443022069	519
0.083711144638478	0.155423700394661	44
0.010892253719204	0.216638885662303	44
0.062243430129562	0.135990512701453	44
-0.122184825195088	0.242717879620096	44
-0.038983577941873	0.157585780919256	33
-0.105806882489212	0.304610410531105	33
0.012701999470277	0.185418233284738	33
-0.03463878889433	0.19367983975658	33
-0.061223089298116	0.342062833688907	309
-0.053216191571105	0.344512789897734	33
0.016720722413616	0.19195814961452	309
0.123471381493537	0.111803033366891	514
-0.058348575233996	0.288311919719309	514
0.020435213716298	0.164279676269748	514
0.101843411480371	0.73069899257627	213
0.059502243951504	0.619275337593768	213
0.044458650079673	0.635433934846908	213
-0.101138578848016	1.05923521639834	204
0.024936545007549	0.496908027727803	204
-0.047467149437424	0.729002815194327	204
0.09560513707546	0.301679945561966	204
-0.011496216997147	0.498013148841443	204
0.029205648619668	0.360670520587395	204
-0.088482804447782	0.543993063316738	204
0.101284103068385	0.169249083561508	204
0.092070251952991	0.207762402533966	213
0.00702762898794801	0.317739305729572	27
0.074272084891769	0.234776528181351	27
0.00570786631221901	0.235934607806743	27
0.0418090457336	0.184250903932822	27
-0.088903084010105	0.339658878506064	27
-0.00395307478277301	0.229061960392084	27
-0.057433837569748	0.314598119599172	27
-0.03825382846293	0.297912810169269	222
0.065073649296171	0.133964442838842	222
-0.00328498142969902	0.203516775883933	222
0.085315593942129	0.188124673720487	102
-0.121144755274364	0.544579822610439	282
0.116706891206276	0.103101110511346	282
-0.099698049709119	0.294440212823297	282
0.046516186067589	0.140723594692727	1329
-0.021792743013046	0.472212821106563	1329
0.02617224165135	0.307417619905586	42
0.03998233044241	0.350706800561096	42
0.12277626916234	0.111533982295433	417
0.044550216117768	0.186425046485508	42
0.030323062807808	0.199618246141741	42
-0.099336296690606	0.372779111033787	42
0.10730838335265	0.173915694351652	42
0.1057093400549	0.154222721455638	743
0.041322761845523	0.223695162111863	743
0.080699633090135	0.180477903540851	42
0.024815793380278	0.157602146888487	557
0.011873344856311	0.137438656690803	557
0.110251221146125	0.105248610407286	20
-0.046057224607704	0.253296098555612	20
-0.062761169545837	0.479360683321542	589
-0.00834189930153301	0.479613988952219	20
0.052595428522979	0.222305811808241	118
-0.021308580218288	0.469318418462001	118
-0.014889662798575	0.510069145780468	44
-0.115981910745763	0.478149483892299	44
0.00510826732081099	0.218359618939844	44
-0.071660801110477	0.409546545020072	44
-0.081728400496168	0.617593793688334	44
0.117677805123755	0.180513584087155	678
-0.097797610195099	0.397179274022887	44
-0.017397167316159	0.339364795026979	44
0.068622095726937	0.154001120601085	44
-0.122145883677786	0.234872115577186	44
0.077200845622902	0.147491758003672	44
0.098779229557715	0.116709588146094	44
-0.08835464433863	0.519439725746991	44
0.001899301276161	0.293791029802862	44
0.111906423924476	0.16141036228197	44
0.04833967927542	0.185488543352068	44
0.113210433986591	0.0633145308035035	44
-0.080222769662769	0.167538600011032	44
0.069373038054797	0.15160202834744	33
0.075030674506707	0.129773548079287	260
0.07415058077209	0.112529795628548	33
0.079530038133355	0.0691245960318739	33
0.00838204242095	0.193645989254139	210
0.040422709892639	0.220671081272484	33
-0.047988945538493	0.370991104473964	514
0.109777995902856	0.13001172726873	514
0.103024933281344	0.162330206402773	14
0.076755024622939	0.816900260101336	213
0.048733224332376	0.710869568528296	213
-0.024732656981887	0.859668679734209	213
0.02234746306569	0.469755828950251	204
0.055052962934907	0.512667783210196	204
-0.064520704167361	0.964538425807137	204
-0.026818326651986	0.593277552125466	204
0.041884317926874	0.360616241995349	204
0.026263043051075	0.270187430525843	213
0.00512282419431001	0.448394918366816	27
-0.035084174868379	0.526391264788668	27
0.070186688339239	0.291091404210307	27
-0.119769427010788	0.47116865720422	27
-0.03395702016481	0.290096896786858	222
0.10805269712544	0.116060573087179	222
-0.039243893392087	0.274955501665802	1798
0.074839372333797	0.223705283408551	282
-0.00904109162001399	0.338618857267286	282
0.101321715456524	0.143607646248448	42
0.024089284570048	0.308289554000291	282
0.059074934027105	0.221845653756378	282
-0.021916134580163	0.302186833237852	282
-0.039362483130315	0.566519671532915	1329
-0.1134835397596	0.538550443009368	42
-0.113496115300134	0.460984925860486	42
0.039235327170993	0.36283620549431	42
0.107485788632681	0.193864374430792	42
0.031513212997776	0.370175762044668	922
-0.060597117917789	0.502707683455387	922
-0.070411000349836	0.3268917282366	42
0.00383169705757899	0.37591877523239	743
0.10238140776463	0.220351233593536	743
-0.005117848340423	0.286728500379051	743
-0.109220136249339	0.555735551554236	743
0.025706104215432	0.298766624556583	42
0.068223839697013	0.168561474260026	557
-0.086644596284612	0.388521558015254	557
0.08687205016039	0.153166002267	557
-0.000673453730626994	0.262459103177374	557
0.015178004456261	0.295049595381168	20
0.090107720217256	0.197062852732917	20
-0.011692563286202	0.293920721291488	20
0.009016153861507	0.273574648163806	20
0.042295193859103	0.188196121051877	20
-0.019309212752429	0.177976005971578	118
-0.10972603761679	0.776630869672528	118
0.000938601010550988	0.513649397264524	118
-0.098724534789518	0.327272837970089	118
-0.01403876598513	0.275618984037071	118
-0.091295410455181	0.584147884752431	118
0.103530956303652	0.163013294207837	967
-0.119778158739999	0.424269042874129	967
0.071531282186239	0.259127915174469	72
0.029143349502751	0.194281210694923	44
0.003611634354906	0.294717967444014	44
-0.00602019277881399	0.332074421473666	44
-0.104773488438441	0.405976561570964	44
-0.119864433011928	0.441402223559826	44
0.093427514679998	0.162821689781842	519
-0.079242212033202	0.4785335865893	44
0.087648332893124	0.121407115955202	44
0.073786916707234	0.161301910495839	44
0.111758126686476	0.105143376030744	44
0.025612729980502	0.202795645241287	44
-0.033257308710436	0.22519915779829	44
0.044221681905959	0.144212633209646	44
-0.00301959135493202	0.217718739321233	44
0.03508726168869	0.156666221038296	33
-0.00584517027510401	0.228041439710568	210
-0.089601772607584	0.246071567461961	33
0.110548660264144	0.139918759372858	33
0.053416997563017	0.156565536277596	514
-0.10483156217414	0.482418295016015	514
-0.030439237093593	0.15487664148716	514
-0.010140416874852	0.316454621077073	514
0.10246531115643	0.148669140892417	14
-0.081791819232844	0.485109118459135	14
-0.027625972920641	0.152670830699823	14
-0.118779329626387	1.50030369135146	213
0.093776549880749	0.340106344710911	213
0.062819746566211	0.401173356460487	204
0.089460490261631	0.308394240926628	204
-0.098340961873871	0.71617299061209	27
-0.049956339575375	0.615554381239454	27
-0.055968911790778	0.356276923424953	27
0.019729011722314	0.240553584241382	1798
0.019072483747967	0.243133138828729	282
0.077164095455147	0.191989200136796	282
0.105626737749152	0.241840436625799	42
0.077184337858338	0.174801846186946	42
0.01889758936114	0.373117283043661	42
0.034914456370472	0.287153764527088	42
-0.114448959683177	0.553052473495321	42
-0.025907656490591	0.422664166512724	228
-0.016803681054934	0.419982881880546	743
-0.109423434561508	0.614485206918589	743
-0.033117429330573	0.361008390155624	743
-0.113462056685354	0.575228419181217	555
-0.114513347170409	0.508018899712218	555
-0.116858825348599	0.462634362490229	557
0.011734885392621	0.253728157801184	557
-0.027208666585519	0.26038121199798	557
0.110133412202695	0.14100566790933	687
0.070114586515754	0.161881686479815	687
-0.051455512874507	0.280142966898283	557
0.017788557162202	0.208682042965822	557
-0.058289456656746	0.353022503914225	557
0.041225963979472	0.24429955654238	20
0.043098801931	0.20487471137771	20
0.062927339777914	0.206851397479166	20
0.011219095624469	0.189862978295832	118
-0.046024849321949	0.549633424378682	118
0.080712766687366	0.262578188666005	118
0.054689271335598	0.232459978539847	118
0.024296885490723	0.35876636749663	118
0.087389825074709	0.150725551587753	72
-0.023750500372972	0.212319789652366	967
-0.045223235890971	0.496518347054501	72
0.11742202912642	0.172416741647665	72
0.042862560993408	0.216143201723329	44
0.026635442791126	0.255717222934132	44
-0.074596558145174	0.491905226645488	44
-0.044423541336592	0.256912351563939	44
-0.124209384514645	0.304040290591781	44
0.039768284812675	0.129091371436508	44
0.055307712869976	0.144393467605207	44
0.018212851424539	0.186875135352865	33
0.104589747909575	0.0955178140839318	33
0.078669644529499	0.129140030457406	1622
-0.055001397123312	0.233298438875981	33
0.065613200468913	0.167863932374732	210
-0.015966727894805	0.368618072268639	33
0.051526440472754	0.186719354391626	514
0.117138921675394	0.129091207326958	14
-0.099094681488247	0.476428235610829	14
-0.075114589419042	0.496478780078069	14
0.057818386218545	1.49645833813504	213
-0.090132619764311	1.37151087472824	213
0.029309458990788	0.253221028549139	204
-0.055107207360185	0.537169196450521	204
-0.023482239752972	0.396395610768394	204
0.027102131394918	0.24295514542166	213
0.049819120128619	0.193305959899614	27
-0.116486789058305	0.467432410443454	27
0.068259939631223	0.193258298961732	222
-0.045924346837954	0.303891056685091	222
0.067994279653778	0.206512175738616	102
-0.015012430766874	0.268401715513625	997
-0.09612100960879	0.445032118876981	997
0.081032259900003	0.155613745574901	997
0.060313455447428	0.173391444361211	997
0.07149752650479	0.11080624018789	42
-0.014267541139091	0.355800258122202	1329
0.073846056296083	0.202305040298566	42
0.124404178240675	0.130136053704074	42
0.089490026206683	0.181936959351212	42
0.092663037476766	0.237751422888313	743
0.062581020893706	0.205441469302771	743
-0.059920240266337	0.383845120053761	743
-0.082598962602911	0.325495149660004	743
0.080752544715428	0.0717766719481345	557
0.089532322639731	0.0675055661228565	557
0.046083678359451	0.125733905985139	557
0.03799511256873	0.125139063081046	557
-0.114602019714425	0.232950735034467	557
0.108109406595	0.089592818410696	20
-0.121120658659551	0.243649461810388	20
0.012897675627245	0.412390085917719	118
0.122731541977226	0.183389493269282	1945
-0.044310600582928	0.445696197954358	118
0.00683072078043601	0.334424604944133	118
-0.030558101819729	0.298215631892388	967
0.092852459671081	0.18173998530485	967
0.032733461308692	0.322446725501854	72
0.043540762696138	0.349492280551601	72
0.071452865660794	0.273571531606189	44
-0.099717604978168	0.569055691100533	44
-0.114038981037744	0.482803476496237	44
-0.012722036652222	0.312915048659069	44
0.029114221453015	0.30649922675625	678
-0.085245221945823	0.418677929933909	44
0.113307398264162	0.0877159557868462	519
-0.071272919179032	0.425871129460146	44
-0.051335124689975	0.235063634820238	44
0.00126437220244499	0.176765404388306	1622
-0.06096177173269	0.158170647362828	33
0.056488137341824	0.139143087402061	33
-0.116642959916613	0.305202024606561	33
0.000656921893799012	0.30423216969843	210
0.030017798525217	0.159038944164424	33
-0.014541098332746	0.380569988908375	309
-0.00167043493445002	0.266095810250178	514
0.022983347567366	0.220902673739885	514
-0.027977919620871	0.38853907669419	514
-0.016769107489964	0.331342567556317	514
-0.07185854377233	0.434024816435073	14
0.032692865327278	0.633619272399264	213
0.051707475245396	0.370576101110832	204
0.012558250003649	0.434707284129353	204
-0.039614531459687	0.365288022990222	213
0.090712162570259	0.160487850575196	27
-0.067562282322263	0.320943223726722	27
0.078490417550447	0.17361318192233	222
0.055461186634915	0.189809698415253	222
-0.017939440538544	0.272005562941841	222
-0.04374372040616	0.331036589818958	222
-0.083068382602897	0.435689563358906	1798
0.024264227314245	0.274220291881332	1798
0.099040500722344	0.167088675290061	997
0.055866778888384	0.2782643455143	997
0.059764267183282	0.317931878459161	997
0.070983723267332	0.148553312273795	997
-0.017258143972315	0.257420099769472	42
-0.117378080651816	0.341749439781082	42
0.00967911365760701	0.44616018789326	42
-0.073453610912671	0.565066919664847	42
-0.100681945536828	0.531967314977839	42
0.095968044334623	0.118023566582634	42
0.123304637423424	0.146307006427959	42
0.031884480516108	0.300634845464792	42
0.080415319244251	0.246418259931283	423
-0.10038360642102	0.296842721724666	743
-0.031844772754678	0.366905128605195	743
0.106198560638172	0.10881703388857	743
0.028820675355901	0.208835884416327	743
0.124622220023782	0.163351312722989	1462
-0.092060277097994	0.321811238325955	743
-0.034566372177794	0.156046492648505	557
0.122238506828354	0.0836922641382784	687
0.071264473291954	0.11231862155297	557
-0.11449485331755	0.476913472306909	20
-0.015531284349949	0.476456386016008	118
0.045578310953532	0.282120511574217	118
-0.101628236120629	0.607910201829562	118
0.016937965698098	0.358988432765724	118
0.074492427389747	0.234348725904082	118
-0.111749694947649	0.556836983970835	967
0.00482680482390799	0.359115647948805	967
0.100883990189627	0.223786298330442	967
0.045071289014928	0.400267987507357	72
-0.021944432615206	0.488322268025187	44
0.049438389026067	0.370476749557866	44
0.077140377269532	0.212378490860343	44
-0.055965450401474	0.359865984775315	72
-0.042671358925583	0.34575526118621	44
0.00768492768397799	0.138212512250391	44
0.094680188802983	0.16751522924374	44
0.109315836956449	0.169521673829128	44
0.037546696824693	0.129030861040638	375
0.050239237939523	0.22407702580604	44
-0.113240356196317	0.338537765225929	44
-0.026686111674901	0.234503338694664	210
-0.121453526920644	0.385874315617392	210
0.044495196561125	0.193873075039091	33
-0.00911362855987302	0.336112911413398	309
0.091412130908924	0.181496396275554	514
0.095973455499097	0.201606039874404	514
-0.05816366211317	0.231572463842124	514
0.034875372106636	0.188289675522198	514
-0.00134197251461998	0.17259003435078	514
-0.100428385776615	0.293127214364588	514
0.047006724785674	0.253816325392254	14
-0.026207688065351	0.343842781992509	14
0.0516645728816	0.247605730710867	14
0.017571203904274	0.303554468496755	14
0.018503186830667	0.297444109292404	14
0.031955326049043	0.361007638683455	204
-0.049193969763626	0.558562404278671	204
0.074922132451454	0.145016689172014	27
0.049859678066037	0.136303475619965	1798
0.015327565484231	0.240181963640714	1798
-0.114275123342454	0.465131631090969	1798
-0.022871358163472	0.339693673624904	102
-0.044565687278308	0.491895194648418	102
0.079137197666345	0.19434234055094	997
0.091588532863626	0.23209393565029	997
-0.096053706632327	0.305124178280716	42
-0.022261542720608	0.298168521807562	42
0.027202378286592	0.177494418024847	42
-0.00130934535390698	0.197995418804507	42
0.046182422437379	0.328069090320331	42
0.027428937346545	0.159117031041567	42
-0.070935559817944	0.408994141818329	42
-0.00636976241127801	0.45077271199192	423
0.068274684383811	0.15113740453238	228
-0.011961157950017	0.202973777453792	228
-0.019502359995831	0.236016639578121	743
0.017502267179148	0.237664178703098	743
0.096377785387906	0.214760815787891	1462
0.035151570573877	0.21190898087494	743
0.055974388648497	0.143519749042562	687
0.072619336636062	0.0719538255239852	557
0.00973001320066499	0.138127626938911	557
-0.07155753259965	0.165370782871457	557
-0.00784448259953202	0.144506570889526	557
0.124638628330568	0.182984610942975	20
-0.063502058504099	0.241282972719004	20
0.078167081430909	0.0726514442628303	20
0.002121840582543	0.171628630521311	20
0.031791392285534	0.305815824947532	20
0.064635337458937	0.321890868056117	118
0.047181150106224	0.310110830248178	118
-0.068566244102882	0.54306212185955	118
0.116302754556744	0.191759420880847	118
0.018976448590169	0.371673112803377	118
-0.010162899459337	0.391265873039078	967
0.040670523675943	0.306138913166294	967
-0.032834138678563	0.389360575724271	72
0.119313288256204	0.207568738888707	44
0.087533689165163	0.260119696146382	44
-0.032725106710217	0.192830934295119	44
-0.063373385688113	0.510017550170525	44
-0.108139243063178	0.617437614393062	44
-0.104585688383505	0.650580488871598	44
0.110925821963479	0.115180659068298	44
0.029795051516823	0.160599821251007	519
-0.098607515408496	0.266468594428505	216
0.074604056567673	0.111609679553492	375
-0.078473828570543	0.220538611700581	33
-0.072745319039854	0.17048293258122	33
0.089879519856789	0.137955120782045	33
-0.00144428619335302	0.172448445153971	33
-0.021479730755271	0.30333812077336	514
0.097493964432458	0.177830129595682	514
-0.039718323041614	0.240793885508999	514
0.059731073358827	0.227779316499231	14
-0.011862075308215	0.32163797413327	14
-0.064219080452092	1.24612719391986	213
0.034409498345962	0.359974980162978	213
0.015058006220967	0.398491778407698	213
0.118456989797903	0.111538185569705	222
-0.091414230819825	0.334691907951543	222
-0.040293526506018	0.300699538392106	222
-0.121059364960736	0.343826129246628	222
-0.103598350557022	0.301319977729044	222
-0.042032862372086	0.253821426176639	1798
-0.103125167350087	0.437867027179299	102
0.10392818785477	0.124800506153755	997
0.120131057205533	0.13130328969119	997
-0.006239561958652	0.18208405005982	997
0.037587748316808	0.130387661876449	997
0.031333600227733	0.217147144829261	42
0.052794646454962	0.1822275420116	42
-0.113549118215863	0.23177901897896	42
0.09500493024139	0.118726748579014	42
0.097352673830449	0.142858949943396	42
0.091511396729578	0.148524570068684	423
0.100449341753504	0.227566732018768	423
0.083905953776787	0.167783561189282	423
0.111024465380459	0.106974790926972	743
-0.096511408684624	0.324071434556011	743
0.01183997316758	0.215758323879777	743
0.024347218480658	0.121714424887695	320
0.05737946717747	0.170673532887419	20
-0.049345728472281	0.368688617542708	20
-0.118659852393277	0.646765412768675	118
-0.00865317139269201	0.250447328793737	118
0.102869893434362	0.236927117897236	118
0.086921043891124	0.216145434127329	118
0.110646732457874	0.191060127839305	72
0.0828120003864	0.211136475949714	72
-0.109214532756207	0.76868124665345	44
0.010801535104997	0.138353132141767	880
-0.079458612099945	0.480208455165042	44
-0.01379374815265	0.385461450934791	44
0.00375956023523899	0.240837294408127	44
-0.073686271281655	0.217710796328067	519
-0.120129456357382	0.60754826506158	44
-0.092477530050832	0.285792662319945	44
0.078738748790315	0.10724409985508	161
-0.035915955989318	0.15202610969957	161
-0.035660266166934	0.156048268039869	44
-0.124296057608627	0.245526656819453	44
0.087505977937721	0.0686716353987678	44
-0.06837472777781	0.212444630254701	33
-0.086651569495983	0.268806403599555	210
-0.045433082397734	0.300418997151973	210
-0.056061126876888	0.345183458404267	345
-0.112004185819354	0.353674888549283	345
0.023752133112728	0.218655002171084	345
0.077181027309719	0.18671121090592	514
0.016492548556229	0.263116043486439	514
0.022942314587845	0.163396226453823	14
0.002193638906856	0.199514416702765	14
0.094239096704419	0.161545718511684	14
-0.002844545692675	0.32865658528992	14
0.109484372059166	0.14735150556047	14
0.073140790254355	0.35169050996309	213
0.107456243793123	0.216790306724871	204
0.070725254751177	0.315339086356829	204
0.054165097102308	0.256717232993985	213
-0.00224192574535298	0.299751775244934	213
-0.112079755196566	0.369238629452859	102
0.110008988421858	0.129680502902609	102
0.112247830769845	0.105185095898745	222
-0.061382423394126	0.245828022884871	222
-0.061439083981327	0.241340388925746	997
0.065606283100889	0.154541066214436	42
0.066967811616348	0.154032752019331	42
0.027353149079161	0.221752326163531	42
0.046853846265239	0.244902017495862	42
0.056706533181248	0.19657033247853	42
0.098664957881297	0.152634065351852	42
0.048819123185409	0.214254763831978	42
0.043903490284193	0.171183206727405	228
0.080561141223845	0.19091358705452	743
0.041362685400922	0.224875323714685	743
-0.00057924306024798	0.169516303922535	320
0.053440107101336	0.116833521439094	20
-0.053471630232089	0.266599712900593	20
-0.000577409517209027	0.322249143159176	20
0.08057985785075	0.142733692530576	20
-0.00294243026056301	0.348456952330471	1753
0.041904830029326	0.29054777648043	118
-0.017443791709859	0.280240582594414	118
0.00649397223459999	0.216092110298322	967
0.046548576003119	0.185132553807264	967
-0.09354737601536	0.381165877473771	118
-0.093626368094375	0.295112822700752	118
-0.076658633594265	0.516446496533227	72
0.024109271792809	0.177388225152029	880
0.072784926058693	0.178095629061997	44
0.105159417353555	0.107626323758259	44
0.042844375556128	0.123284074899947	259
-0.107694569003598	0.297737948592254	44
-0.023992690547724	0.321293150593445	44
0.062496645300436	0.134011391004359	161
-0.076297894619381	0.215069595720874	772
-0.038294536705876	0.196460928249107	44
-0.082119058340308	0.246342309911578	44
-0.074322977464431	0.166766166199706	44
-0.070348757893131	0.212967408449557	44
-0.061658377628586	0.235173556480104	44
0.054533799191698	0.115739148321319	44
-0.082119058340308	0.246342309911578	44
0.000299972445523988	0.178379659386021	33
0.080321157723627	0.0699444218983931	33
-0.048341090485463	0.203258693355289	210
0.024517959404837	0.179371017744829	210
0.067477594613527	0.135446683027041	210
0.011153628023495	0.141026527194721	210
0.00537470539735599	0.213693343445612	345
-0.026172397282235	0.221755874667884	345
0.014248670794215	0.206128682916892	514
0.017235398520028	0.188127499114952	514
-0.023359429896982	0.266230055318159	14
-0.021750936561206	2.27843356671012	213
0.106858966000231	0.273319447203459	204
-0.096129966020939	0.686104780796244	204
0.124984558834927	0.175154864886133	204
0.101884789324039	0.19789668950603	102
-0.012101535673195	0.307954233049354	102
0.09261286507546	0.16775885251575	27
-0.038621670485051	0.297641118496358	27
-0.074349185955482	0.40102045310512	222
0.03635508952278	0.205495288874523	102
-0.017141877366204	0.277521266994667	1798
0.00179931400123201	0.262478250228492	1798
-0.070160394320317	0.421935095635763	997
-0.019595530847586	0.261889457132312	997
0.010442206779656	0.323133914537079	42
-0.051187934406106	0.376707103959542	42
-0.074557653848067	0.371674579772046	42
-0.122626626239738	0.393432642700387	42
-0.114778145983193	0.514342966458023	42
0.022756857964576	0.192677419237555	42
0.122384380621114	0.167548464124129	423
0.086374731307325	0.261291554354269	423
-0.00317393155868601	0.22544519634111	228
-0.026813272982471	0.265873455821458	743
0.076484164427193	0.18912921061398	743
-0.029107328627922	0.287035449752163	743
-0.025741511226648	0.212583363485302	320
-0.02765359689744	0.186642435114015	320
0.04816672128122	0.123826520970461	320
0.026998047929323	0.182884150792661	642
0.039787271643942	0.263037991075494	20
0.00582634069292301	0.283394696344074	20
0.028407928178827	0.201215799773856	1753
0.120967140584731	0.125200584521479	118
-0.029100257416571	0.305754920104852	118
0.052261383293125	0.274160694721864	118
-0.016241611012628	0.360385251476201	118
-0.086891179838548	0.556961099106155	118
-0.097685299199094	0.476698768428633	118
-0.012591943057833	0.269910122483085	118
-0.02311202069277	0.261755219491534	118
-0.098576629423792	0.427684403262942	967
-0.082549514257643	0.387321949435343	967
0.09779032681534	0.176312613561893	118
0.036171968128238	0.299940153112575	72
-0.020815919188685	0.392618232805289	72
-0.065051653955951	0.457835732588211	72
-0.037462470630026	0.337742734015993	44
-0.084351516026622	0.395740687424572	44
-0.12341062339487	0.476594914579681	44
0.069341771229119	0.147570340168364	259
-0.096806357886855	0.2935343697879	44
-0.103463422513255	0.326976940287057	44
0.069134057850549	0.228015924474259	44
0.112882116247171	0.104303269404157	161
0.00197278075548701	0.167913799644867	161
0.006200121587285	0.172444030749797	772
-0.030830008504517	0.287252787937022	44
-0.01525640337723	0.246388659189215	44
0.086431293739847	0.0692125895636345	33
0.11741482521153	0.088749233336368	210
0.047880704630219	0.166550256793714	210
0.00217860376689	0.262449609350518	345
-0.071095860158108	0.276337945168876	57
-0.055060538567389	0.239532949723456	514
-0.028112067790816	0.286214457386478	14
0.105011351092304	0.136076462360751	14
0.096938805698592	0.570741118422055	213
-0.0917829809655	1.03822601467741	213
0.001221794911169	0.542925065623174	204
0.056785176890097	0.305417366489534	204
0.017678956097842	0.378340308444423	213
0.019869678825136	0.394209048915804	213
0.065841548423504	0.288351035216209	102
0.015287656228169	0.317165419471036	102
-0.00244360723112902	0.219703029203653	222
0.104892876760709	0.13756943569889	102
0.092154975002754	0.119266340875017	102
0.08382806825871	0.170594886284812	42
0.07143944100457	0.218748326732914	42
0.124551669389175	0.130973532319598	42
-0.031553232160407	0.288669657307752	42
-0.03521916656628	0.250475803612925	42
-0.064375808666777	0.455090448111221	423
-0.071759482655701	0.429848157745133	228
0.038036414515508	0.227720716481425	743
-0.010982791716004	0.274530932030963	743
0.015706173560181	0.261440135860458	743
-0.058440933028395	0.338671720961075	743
0.034476023133748	0.255933449594476	743
0.030123213251319	0.175143438501823	320
0.099168135078434	0.114645144238458	320
0.055520867695233	0.144811126402841	320
0.094365844262877	0.157817597315957	20
0.027829599811798	0.161460456610131	1753
-0.076181502957861	0.219070840246945	118
0.082921756715507	0.156252367106157	118
-0.041222805114457	0.359550101972313	118
-0.026234218025495	0.241477586767458	880
-0.039741406468644	0.19880245418613	880
0.107706267688743	0.146164431085338	44
-0.04338960571848	0.293514150696345	44
0.120130128806354	0.1144377871313	519
-0.088490749635747	0.253739187327187	161
-0.055501113162212	0.226172582711113	161
-0.045596772170662	0.202752781066043	161
0.103060583254887	0.0933825867053631	772
0.080014264018306	0.129058969579358	772
0.007130181619173	0.144180338777637	33
0.030331945308871	0.179205432764107	514
0.073327477433658	0.105370371498359	14
-0.096583978513799	0.351420683168123	14
-0.114076212508106	2.39678269916731	213
-0.00708998138384598	0.638454636399453	204
0.00585929666375501	0.497722653731236	213
-0.10707766759603	0.525443323765289	213
-0.050568189825238	0.407417803588465	102
0.085240887213798	0.154616180165465	102
-0.082852313574043	0.405945558391856	997
0.04318935720714	0.170464510101888	42
0.028111091974191	0.315775273672973	42
0.055964018676567	0.143995162208652	42
-0.071682594815133	0.275766129031201	42
0.054753355297005	0.267804656788806	42
-0.068853731093866	0.488826348619028	42
0.036779419572337	0.28273146710484	42
0.021332654023911	0.229479379496421	42
0.005489198962739	0.235892356992687	42
0.120351226478676	0.112246982370449	42
0.014064050887287	0.253841118357212	423
-0.116725263059344	0.463876814660656	423
-0.042620325224882	0.504417378111341	423
0.119735466654918	0.21047267311673	423
0.001517581503372	0.312071345532339	423
-0.035854241598669	0.395336342767913	423
0.116929266764177	0.114826739242618	423
-0.062901782965766	0.287785638744387	423
0.051802583252395	0.182775503826988	743
-0.00323503333326902	0.205908568946728	59
-0.00597988179286602	0.20733647725875	320
0.039379385329853	0.151213703072245	320
0.076721637127044	0.131100404381013	320
0.010336488371307	0.167570339076846	320
0.083179338049721	0.177535790654196	118
0.03702835704019	0.224953904556912	118
-0.055878684989204	0.38565078443609	118
0.003375653622741	0.197718383851296	271
0.051127904446427	0.147915391290816	271
-0.09884764812431	0.445321277861295	118
0.09218736299498	0.143159850106862	118
-0.081368680046244	0.427868101185069	118
0.013863291856402	0.136280490826567	519
-0.053840907099516	0.422673554257341	44
0.092024103259062	0.102261282228481	161
-0.024324886032874	0.147765622369276	44
0.09726497612041	0.145215268865898	44
-0.036393750355815	0.200554563160712	33
0.029482111616618	0.150861083478086	305
-0.072010709860431	0.269418777173096	305
0.07415058077209	0.112529795628548	345
0.076513733822884	0.126623764237473	514
-0.042981781310791	0.248017914944571	484
-0.052040870085793	0.296446296940588	14
-0.036033394447959	1.10176612470847	213
0.09511117925328	0.235964038737126	204
0.029256778543541	0.345360154138467	213
-0.046826274950198	0.432255575561196	213
-0.000624413171470994	0.366198417522059	102
0.085187415641443	0.166178583971183	102
0.120037617487765	0.115433198117613	102
0.096619115824906	0.130678812600311	102
0.022260976077886	0.281690167255034	997
0.05613256804338	0.243351128179448	997
0.033165594900353	0.218167051582177	42
0.063820761327948	0.248000363059961	42
0.00523725853544099	0.383723853260761	42
0.027751513154693	0.316373950095426	42
0.094907296461618	0.147603928331144	42
-0.056433049943516	0.287593757646234	42
0.01406959348887	0.261179867647265	423
0.047412343257623	0.30783253472241	42
0.00284572893340801	0.349704315010677	42
-0.01574730557902	0.229618365057057	423
-0.12102528200371	0.266444640928661	423
0.118019435153428	0.153560818665488	423
0.056639167997997	0.231358548045282	423
0.121531044365975	0.125460166488883	743
0.110751558324798	0.155464197582266	743
-0.10918527595933	0.522234554298534	743
0.096963295473565	0.184142231661123	743
0.050119467328497	0.199181936482046	59
-0.009486025004738	0.254155456476323	320
-0.00179972215466601	0.278333291861228	320
-0.012989899877566	0.292708085712523	320
0.068763968461382	0.208263846815399	1753
0.003173997931494	0.254409620822751	20
-0.028077622328529	0.422316948529541	20
0.107725957240354	0.0644764658101069	98
-0.055495210978476	0.436445130431437	118
-0.049129381771989	0.414823390415454	118
-0.059012030959598	0.236355864638527	118
0.010349729875339	0.138773761390704	118
-0.086292384519929	0.367117491861384	118
-0.028898542777048	0.0957366172670429	118
0.120071846464042	0.156632442553419	118
0.112668763184851	0.132521785561832	72
0.01587521182303	0.212576479072568	880
0.115407314521473	0.123521884301975	72
0.099407655416376	0.177143333078719	72
-0.100710225977854	0.512198061501565	72
0.039275375398501	0.184977018603019	259
0.04252898520792	0.168662493512025	44
-0.076886652921482	0.399659278106781	44
0.076047988231356	0.131984841086354	161
0.06629487124734	0.111937950918372	161
-0.016772237423726	0.206898512381439	161
0.002181193293882	0.177342426723671	44
-0.059777544825278	0.242512498088593	44
0.034401098588178	0.129656985094861	33
-0.034688021684967	0.222554057122799	305
0.036832419636315	0.081506877118157	514
-0.067475104113501	0.164927449597465	514
-0.074096774006634	0.165165607113712	514
0.085739148486516	0.0683635711386856	14
0.04607012175874	0.121241704414493	14
0.027129407795857	0.271184838959198	102
0.077469411299982	0.159159079654748	102
-0.041556467932735	0.311401621885263	997
-0.00300681366297201	0.346710432383268	997
0.063776328952806	0.31531895026835	997
-0.052254019053002	0.312124891902472	997
-0.032328181652007	0.518406907317684	997
0.025464196070088	0.270907686249983	997
0.073718724653149	0.177564967303725	42
0.038960854138199	0.365682912928122	42
-0.022273586093252	0.445980517633914	423
0.108188852995623	0.143984985515641	42
0.099642649105228	0.158554114187951	423
-0.112316374901823	0.498785946368602	423
-0.090801201190571	0.607348828699464	423
0.124423336976803	0.134121719270888	423
0.019377705126132	0.239606657888964	743
0.055357294481526	0.217550045905207	743
-0.031142687987121	0.346444281123901	743
-0.061605833102549	0.243440510108113	320
-0.120641908729542	0.308509676610409	20
0.024612649772159	0.285639587290347	20
0.049772929393131	0.144963777041395	20
-0.104622861800326	0.383252332933345	20
0.087104937829668	0.266567359435944	20
0.087707544444818	0.175093613410857	271
0.056440654573878	0.194020923264553	118
0.049000419226372	0.197658488356555	118
-0.026533040327842	0.338382024742839	118
-0.089328208065875	0.564325007235635	72
-0.097407958587477	0.252920005653511	880
0.089278920064002	0.185614707330587	72
0.08483953549031	0.189611738257921	72
-0.02395669164342	0.379849205764946	72
-0.031954648071751	0.220368626554264	1007
-0.08427860104195	0.282326120293754	161
0.102466545315503	0.0653687542776862	161
0.034981354421568	0.225014502559077	772
0.121986989437867	0.125526378321665	772
0.037959153636767	0.0809066230202459	210
0.030139892963242	0.178719630194927	210
0.00642081883380799	0.215501762516205	345
0.087154415422499	0.13678590982278	345
-0.042616446873117	0.250948800051247	345
-0.098874387702956	0.346271836742409	345
0.110691323791659	0.13020821025572	14
-0.010679228360843	0.311908204671383	14
0.048199615414432	0.12168452844937	14
-0.086631518362316	0.729876533617211	213
-0.08582976281065	0.439755504483006	102
0.061437219984374	0.187703840976903	102
0.046725895514124	0.192261700093504	1012
-0.018174858600068	0.207574355916618	1012
-0.10363271902883	0.373522233159541	102
0.00683635798976001	0.306932607094478	102
0.09170499557177	0.162969834780769	997
0.058586659077326	0.286749913798201	997
0.122274219161873	0.137313112013827	997
0.104612407398084	0.136609046715506	997
-0.028700593195993	0.42542834402573	42
0.099893041026889	0.202388615481087	423
0.121136503476182	0.120865439909684	423
-0.00507418341368299	0.244748182341532	423
0.00902427550348101	0.295110356599705	423
-0.046833630885202	0.394537107186523	423
0.080332110817085	0.171117874502059	423
-0.091640826269478	0.536704291962947	423
-0.037563786380126	0.534697572614098	423
-0.02478188502838	0.344409286912552	423
0.00934375279269201	0.338787152039641	743
0.074116511964952	0.217685567588765	743
0.029704421418226	0.193542662263902	743
-0.121130632436125	0.241277562806542	561
-0.064227399931586	0.202782040788064	320
-0.00907800955691201	0.177308943975705	20
0.058597072230807	0.26072372128832	20
-0.016438401196283	0.43683536932271	20
-0.052454180939219	0.419372386282925	118
0.073152428983369	0.147541842440247	118
0.101976166566138	0.171177184673724	118
0.098109314463219	0.141095048404686	118
0.029049468527219	0.214458338063913	118
0.043564828198157	0.265242124349961	880
0.123419469864531	0.115437261375106	880
0.072327570182069	0.110273180422834	880
0.056534914265714	0.14369488963781	880
-0.009065689646516	0.392522975519881	72
-0.068834576358354	0.367111394466636	72
-0.080991298811899	0.224724283227076	1007
0.092024103259062	0.102261282228481	44
-0.064431971582971	0.383491638982225	44
-0.037917773574281	0.199837798798143	161
-0.032871139715408	0.157218017550739	772
-0.024393784558287	0.151974436861421	33
0.06832765547561	0.131402175427308	210
0.06557188439905	0.152915163013024	514
-0.102194723112622	0.295548118636915	2194
0.065534454803739	0.170906517199672	14
0.052262853870753	0.195767895182743	14
0.011285506211266	0.272792829859172	14
-0.047693752145511	1.12699605388436	213
0.002056641260786	0.846147185031695	213
-0.068575462232657	1.03849717023881	213
0.044611479095098	0.430237534518799	213
0.017133751663373	0.542763746470761	213
0.048484090447562	0.268302242968769	102
0.056671751002637	0.160603608258521	102
0.04124033877095	0.20387277693845	102
0.054516350173846	0.194227520925964	1012
0.042515697045421	0.23819353389361	102
0.116010031468939	0.14453533915937	102
-0.097059663788247	0.452072213417259	997
-0.019066557509467	0.270610756484953	997
-0.089544635694021	0.490827357202563	997
0.012909093994034	0.369343133952607	997
0.031891536420332	0.280153965279696	997
0.090046602909847	0.162300048706132	997
-0.112253776121097	0.48619952230459	997
-0.021658673399103	0.400817835817414	997
0.065552851853752	0.271840271423301	997
0.053898714954786	0.290369515492721	997
0.100723519768446	0.188294560975752	42
0.114065252620207	0.151487002406605	42
0.015013048697538	0.353800669545627	42
-0.089633960121079	0.44052588094243	42
0.058649214872548	0.229024532814965	423
0.073610326932227	0.268358027597176	423
-0.09547665261118	0.526726661985368	423
-0.07546101859144	0.543966714777194	423
-0.051250970170701	0.437355686215862	423
0.00431198158867299	0.350874561016108	228
0.00342312882879101	0.318545880275508	228
-0.039202746571309	0.489759408470208	743
-0.049304796996791	0.375012986362274	743
-0.113567243154143	0.444992063820897	743
-0.00448836834900701	0.321637434072954	561
-0.123390487712649	0.47402691987091	320
-0.038598988455618	0.276904023495593	20
-0.029136992748745	0.358948522382465	20
0.078285567863568	0.195455279687076	20
-0.123735330052419	0.488086757657477	20
0.046103007922505	0.246688797221639	20
0.016468157526216	0.393436895614116	20
-0.014896856381716	0.339946957927272	118
-0.016981599462496	0.29087903830855	118
0.070157879480785	0.1107796460838	118
-0.00457433528703499	0.205767161177304	118
-0.097957200426118	0.293034115100603	118
0.00356002506056199	0.173390656364186	118
0.034046716461437	0.157492676770191	72
-0.051827599559513	0.298023957179772	72
-0.037451259727978	0.440189270829162	880
0.116190831919917	0.128113066074663	880
0.026666893985806	0.250776933335936	880
0.010404986758791	0.331741109636547	72
0.116186145068422	0.166234083523619	72
-0.075152108022162	0.326500484405103	1007
-0.082808095808063	0.457021839020991	1007
0.018361254464797	0.232573062137989	1007
-0.101286332958381	0.351500224711924	161
0.01049064699731	0.215798305296691	161
-0.059384046959082	0.239151700131787	161
0.100587247064923	0.0952439766704365	210
-0.044454676258093	0.20115289340415	345
0.019543202572706	0.162410895216079	514
0.085445125169144	0.122490695868225	14
-0.087349340556688	0.398149708501031	14
0.049101761914149	0.133985853159994	14
0.099439748013904	0.821569174104422	213
0.089888234628649	0.726009661949484	213
0.084913998659159	0.201163352676928	102
-0.107938734962257	0.401724150901736	1012
-0.039172061686691	0.367238208043819	1012
-0.035425190866735	0.374379458316902	102
-0.00503127136131898	0.305528513712257	997
0.010333167985548	0.370085781871993	997
0.075647267313166	0.284342518964949	997
0.057372881063611	0.268636849189753	997
0.0228713369858	0.345622843105054	997
-0.019130236433128	0.397195642734376	997
-0.063042173594653	0.426858261764563	997
-0.093284985570309	0.501751292724745	42
0.035378529942493	0.295769212014421	42
0.040901140819887	0.270477231878655	42
0.016882241547918	0.42949543089131	423
0.051237462534178	0.285571420557027	423
0.066018071604051	0.27569330903454	423
0.028246470722748	0.30398718585897	423
-0.046209699778399	0.259397540991517	423
-0.076417553611259	0.213420178342169	423
0.109785940690537	0.202482813537353	228
0.019289756330608	0.288080346870809	228
-0.066187070519765	0.638976651444606	743
-0.084986674797772	0.605430376953015	743
-0.06685702577538	0.416922964718376	743
0.00438303929006301	0.397442406995112	561
0.092312205312073	0.191686815367161	561
-0.033500395801781	0.342711846854599	561
0.060241715738798	0.240263042710706	561
-0.089136733797884	0.424872064378054	561
-0.00248443577853102	0.318733904888925	320
0.053955630243327	0.207457074628465	320
0.047512562937193	0.249909873669868	320
0.009242874326852	0.315886885522967	320
-0.109201553493886	0.420221782362502	20
0.00953772313951301	0.252726398932051	20
-0.057766958816857	0.463648530115298	20
0.119292194837189	0.165962308294762	20
-0.046535719696145	0.26084818540134	98
0.046021881030322	0.257582601513206	118
-0.111093753193945	0.542812490520797	118
-0.073915845515711	0.357408069566224	118
-0.037038432356223	0.0957141527174242	72
0.119118164047596	0.163151237385751	880
-0.118492132665185	0.419512113294922	880
-0.045795852702123	0.38553868910818	1007
0.030953881330056	0.266167790846034	1007
-0.056100125609235	0.358611254329635	1007
0.001660616965172	0.169631292203777	161
-0.09523938152681	0.348121291289701	161
0.00826795428239899	0.214986975124808	33
0.033228961554042	0.176175663597958	33
-0.06398480208942	0.293289592801329	33
-0.104089167625431	0.370002759835175	33
0.070413768243661	0.111463260370425	210
0.111837686292084	0.11927449579104	14
-0.122775258267355	0.42825676213304	14
0.062752912781214	0.156058272719828	14
0.075537704670557	0.141528519342667	14
-0.057098721941711	0.369024252066638	102
-0.085496333419083	0.620271074473111	102
-0.10575696556007	0.403730850083833	1012
0.032846926633415	0.263191258259325	1012
-0.069840028969789	0.424064855386334	1012
-0.076539884362434	0.331414469947053	102
-0.056315636332673	0.35617950789205	997
0.033671650077964	0.355603900160185	997
0.00400581812593301	0.364517939067681	997
0.08032331887231	0.222089872098672	997
-0.093755788464666	0.519647642639541	997
-0.091409071883677	0.384562774159001	42
0.022471134864249	0.319511920420951	423
0.069418561631847	0.241339554098998	423
0.019592856620909	0.368487397315169	423
0.049458045640541	0.281476268336301	423
0.072061823825058	0.109667045758754	423
0.074153909589636	0.128909775152776	423
0.023046522549985	0.163998001634247	423
0.099135054020919	0.203232204112912	228
0.012309248170985	0.358996840028437	228
-0.106364891399598	0.41847738366148	743
0.00863194820928201	0.332692407804874	743
0.030184462109265	0.337065228138894	561
-0.014315727179839	0.341073057830623	561
0.081438753252909	0.193296071709846	561
0.03405252488595	0.273832316616437	561
-0.072365700457273	0.392060075449334	320
0.098733079615913	0.165680544764784	320
0.092162905567367	0.183104525358385	320
-0.070037619644415	0.432688869680896	20
0.083371488162521	0.192010929248931	20
-0.114715196400392	0.22723139572084	98
-0.012711490307227	0.327170642193488	118
0.088058697799437	0.11826056818547	118
-0.034596783223895	0.154236408940425	72
-0.120434608776109	0.512073503045646	880
0.00618890375374701	0.30704556134095	1007
-0.000573597982409024	0.282046328040425	1007
0.00573292802596601	0.284831284793947	1007
0.00877163350597401	0.330111195663791	1007
-0.027978999011138	0.34601932765146	519
0.020740524319196	0.205956286453782	161
-0.00874834374991801	0.273670276946724	161
-0.023185391625732	0.301211112958973	161
-0.036555366501542	0.317612430674548	161
0.073411206992138	0.160394117332861	33
0.114829758290051	0.105187908056007	33
0.11092131993649	0.106174311676451	210
-0.062360615213203	0.202161897965642	210
-0.115898527691141	0.35290787056218	210
-0.033566089634945	0.192478565735498	345
-0.028682614397603	0.152841033045361	345
0.111500325529414	0.0618788568675614	345
-0.107023620315209	0.306087353569195	514
0.089437054444984	0.149938056936983	14
0.006119941173264	0.143234005327157	14
0.021570168125035	0.274973615643303	1012
0.093276339829408	0.178488978962397	1012
0.094664054847781	0.172125122676941	102
0.111771697122983	0.102540978632266	102
-0.085563706511313	0.358638714537892	997
0.020087977298911	0.384858811769742	997
-0.116463257414457	0.63584439812863	997
0.092129894869328	0.207715550392765	997
-0.109591688891848	0.657188839913183	997
-0.036438628659939	0.431683040322057	997
-0.044783735531754	0.40449063957899	42
-0.00389663863665302	0.362713740217693	42
-0.083955206340665	0.340028880858429	42
-0.074185397257276	0.215145131050227	174
-0.058191565934273	0.341023149309552	174
0.124110477416859	0.165118053978056	174
-0.07700871820922	0.530896134876387	423
-0.018768336931864	0.411009046877252	423
0.099111982853176	0.222463454377131	423
0.049882138103349	0.146103843350371	423
-0.025406494658751	0.214434027631445	423
-0.065285055008439	0.530257922010711	228
0.108559199739106	0.208873418975804	228
-0.027977495120255	0.300759987974048	743
-0.009583722452494	0.322503637104062	743
0.122974687811425	0.139442951861436	561
-0.016733441706515	0.413573023628325	561
0.117769288163161	0.156175544198479	561
0.106929511344689	0.176301391686409	320
0.105834008848261	0.18086916560001	320
-0.020327825687823	0.320423893587337	320
-0.018558433906	0.316765810271786	20
0.117819430174878	0.136030371662956	20
0.069170234442533	0.210939936576549	20
0.109910354776187	0.151963036089655	20
0.111438689866865	0.171302438948194	20
0.03887404410077	0.210677754403567	20
0.035420579741256	0.128812521159183	118
-0.042867276074262	0.253648757575716	118
0.103959365122433	0.0952869308388956	72
0.118035232420519	0.121366185590067	519
-0.042383273061206	0.341358239661183	161
-0.085078984654147	0.366998708362413	161
0.115936013595144	0.116464508001421	161
0.033139767100812	0.20589474453538	161
-0.041203325125987	0.323922382736075	161
-0.102447022370935	0.326186680136369	161
0.091862403076848	0.132677912732354	33
0.091257227096042	0.136394869158992	210
-0.049918531766266	0.283533940945777	210
-0.074246462499222	0.215869693477286	210
-0.037387988468202	0.200571769655551	210
-0.059548121952896	0.293814192388816	210
-0.027526663011356	0.0933538709746233	210
-0.062317412969257	0.156274502212944	514
-0.122151543142588	0.234358333063166	14
0.094570668420922	0.147051126708458	14
0.117730243444159	0.126024891348806	14
-0.051935802250397	1.57736491368314	213
0.00323236693082599	0.787973218465987	213
0.080616765023275	0.20671790898177	1012
0.052278397835104	0.19846911716079	1012
0.123748944576633	0.143804242503108	1012
-0.093248770823717	0.570947383645534	1012
-0.012578533858229	0.303986073684363	1012
-0.077238044195848	0.329607794089669	102
-0.051738195948214	0.334330258968847	997
0.028017487408234	0.371913830680743	997
-0.00625372021924298	0.403974449686425	174
0.119500780967632	0.0879133155235295	175
0.033396089885307	0.213763794663122	423
-0.062284400958441	0.500818592747001	228
0.120536254881824	0.168013293739401	228
0.029720564978467	0.323896676744087	743
0.034729683349542	0.268270884303729	743
0.029894545146862	0.328763447763429	561
-0.050950494351514	0.50166559839463	561
-0.089142908795703	0.526456152030042	561
-0.010946815265365	0.35406949544549	561
0.053647893806087	0.227333230461364	561
-0.11314879572916	0.451082396260341	320
-0.110152001525825	0.528852896567226	20
0.051137266549117	0.160915041162968	20
0.042101977661025	0.239520270161886	118
0.032272340328711	0.128181226303438	118
0.070039980571648	0.113905338807819	118
-0.054260113069571	0.237646145853757	72
-0.00421932349870602	0.318351303398446	880
-0.013382698391882	0.378030249402161	880
0.039401335030201	0.194943030454165	72
-0.017373195939988	0.370913343181891	72
0.070081867648585	0.221127424778548	1007
-0.010778625360139	0.279684818705502	72
0.013782052241821	0.295190879590679	72
-0.034175327577858	0.277531564965142	519
0.080726126158597	0.171212773997922	519
0.046534508224014	0.189312671237966	519
-0.106130491327276	0.403655956026798	161
0.045118831954121	0.19575752165198	161
-0.109368879342518	0.30721717442434	33
-0.10151643543828	0.345589874063623	210
-0.124373248561386	0.240262410169886	210
0.009664104381512	0.140375359990236	210
0.097891506054872	0.0989475661615729	210
0.101957139991386	0.16349046413587	210
-0.076374636036898	0.1698241957001	514
0.013989178984214	0.136938784628965	514
0.046011543068777	0.170504012249628	14
0.070496284566599	0.158503920689296	14
0.029702164845729	0.200502861109454	14
0.116577234434609	0.0606586040628301	14
0.095304150972298	0.519130495414542	102
0.069048220005149	0.511108497442125	102
0.042412283986013	0.221706841525558	1012
-0.014113969483004	0.291969681682598	1012
-0.078400342724394	0.437593855297769	13
-0.100963400779175	0.549412012583914	13
0.120935755828896	0.137829851168008	997
0.025169743549875	0.23048374295745	997
-0.108223477880305	0.534955700409365	997
-0.01117155370164	0.348925084855843	42
0.069494289248713	0.24232643705114	1435
0.095485890895621	0.101285050502461	175
-0.070551292049419	0.215256178732778	423
-0.00409548154749101	0.206052909885532	423
0.078173109474458	0.229648277505514	228
0.019773719089783	0.353872392451442	743
0.00805873449025099	0.370500593902928	743
0.090648444241618	0.170200301825063	561
0.123788639651838	0.120300220600575	561
0.108448011310192	0.166769370403597	561
-0.118075211964276	0.514414587748515	320
0.075557081934208	0.159624318722684	320
-0.094969228734857	0.402450935534229	20
-0.075418589773586	0.299438531829374	20
0.066086599160464	0.188278660865412	20
-0.039455828879492	0.428032006590329	20
-0.025975033986369	0.319206926774341	20
-0.107258761521082	0.437986425928064	20
-0.12303248113731	0.601383446652616	20
0.038945651993607	0.211912425592502	118
-0.096069393090514	0.261151914181302	118
0.041798281661992	0.127730225708398	118
0.099203388707212	0.0562724595534042	118
0.012164795869875	0.139645301484107	118
-0.065301587139018	0.415333871241596	72
0.09625289937145	0.163269411889791	72
0.117983863642513	0.160827045086477	72
0.12008919189753	0.133917360539673	72
0.050908190570207	0.251704605224925	72
0.090238064477846	0.159895144040381	72
0.120666223854805	0.0978099633934417	72
0.024535284234573	0.2211925346961	72
0.119963259456301	0.122674260282162	72
0.03639457824227	0.195308123926152	72
0.066155259700503	0.137658342097501	161
0.001225183422561	0.168727347825058	161
0.087844795978701	0.119929288511403	33
0.089879519856789	0.137955120782045	33
0.019619075595786	0.183108036119154	33
-0.00055825446347102	0.178960993930787	210
-0.034639585677471	0.199302272210242	210
0.008270037667299	0.167089778200406	210
-0.0307804449139	0.0946312597121439	210
0.081683542486705	0.070597647901176	210
-0.025161830676268	0.220363009100981	14
0.059081763427132	0.23544823065249	1012
0.120014670404891	0.124778591713899	1012
0.072229157481421	0.221141293312104	13
0.027764998695472	0.24372964608196	13
-0.028691706231755	0.391359185568953	102
-0.049252100672745	0.32920696097944	102
-0.012954510979557	0.345479697221217	997
0.007864612334501	0.390515032198091	997
-0.077399273762516	0.419562938068939	997
0.025089801685938	0.284908210684754	997
0.075802822843257	0.219266471519605	997
-0.119236683338538	0.558240356861714	2017
-0.041655539007895	0.397692570380139	2017
0.00807909295536	0.342801052718749	423
-0.07408561404551	0.483756153107339	423
0.099660703660626	0.114546617792595	175
0.090207226590951	0.117008063899719	423
-0.00237495783444203	0.205203458276151	423
-0.054449747273496	0.28658919893477	423
0.024966998731883	0.368557371666151	228
-0.036995686000239	0.41730397409275	228
-0.054974288793151	0.497956014953965	561
0.030510228497725	0.210912029086953	561
-0.060445468746464	0.39676031578806	561
0.073961595821519	0.256509429079179	561
-0.010247073731037	0.326400896121459	561
0.078753546998509	0.201837066383494	561
0.044795414030694	0.24859634057276	561
-0.070581820410925	0.415744930713059	561
-0.019553405179051	0.339659221933596	320
0.065897086550953	0.197904703047903	320
0.119209441316015	0.14383469508235	20
0.08092436217588	0.215044031300637	20
0.108178787676965	0.157951013809029	20
0.013782052241821	0.295190879590679	20
0.012565331483309	0.289167378399486	921
-0.082958072803472	0.467724049609256	921
-0.043278920403103	0.279516510322352	20
0.111289841539916	0.118366393908874	20
0.047007851956542	0.243425031380825	118
0.040671533937044	0.192303326670781	118
-0.113148580441052	0.333333524220485	118
0.109347932832449	0.10780727848736	118
0.077917017376504	0.0712395323791181	72
0.030459357629382	0.158996967896934	72
0.062071022288776	0.259820785250508	72
-0.074686627320704	0.386072188089017	880
-0.107873820639193	0.427071975889517	880
-0.09471843931364	0.501032678023097	72
-0.049464952141105	0.387350448892075	72
0.06266513435435	0.172221134563197	161
-0.029320448222766	0.22069653151214	33
0.035767490329413	0.170670271809265	33
-0.108933263857134	0.331721496958446	630
0.00439766740678599	0.145163014223618	630
0.113748480439738	0.0902097380545814	210
0.00774969552687199	0.138615010958255	210
-0.072515088191974	0.277199530524279	620
-0.108644559697854	0.402078456237588	14
-0.012846054396162	0.247275011842592	14
-0.02730976421272	0.302049345101395	14
0.047649298409213	0.288384306669602	1012
0.065324378937492	0.224982208634886	1012
-0.036611891526591	0.356437788308786	1012
-0.00440942045905901	0.324760730388354	1012
0.026057056701204	0.240149297510276	13
0.090818804295871	0.159341756603952	13
-0.00822951951080903	0.333231284730517	13
-0.012796200319073	0.35919138824916	102
0.044882819099494	0.266847085689879	997
0.11326816018438	0.180267109667371	102
-0.013738445219825	0.316382214934128	102
-0.11118275953733	0.458376458314445	997
0.017217590850196	0.279571923769005	997
-0.048475524306326	0.285816975153861	2017
0.032709108010487	0.194489822499951	2017
0.09677906056806	0.163017331337594	2017
-0.085527231973074	0.586272988352197	2017
-0.117435028143562	0.433376076112603	175
-0.076555435487951	0.405567621879995	175
-0.101079684788531	0.440165840738684	175
0.068878224968191	0.209252956167919	423
0.05012534734815	0.228979141126121	423
-0.036722916643064	0.340998171872424	423
0.100282448833775	0.161554953076834	423
-0.111915811589688	0.499512646785102	423
-0.064316667361367	0.300448725589596	423
-0.041701888860293	0.44887933414894	423
0.051497808105812	0.295000457907145	228
-0.040169287688735	0.436369660100818	561
-0.114302929363023	0.501863362256338	561
0.007980547119118	0.338748890239669	561
0.102550844803278	0.173921435097545	561
-0.02195944761329	0.242217559049367	561
0.022800395584261	0.219380819412748	320
0.079355640685213	0.145952606416287	320
0.024364219319195	0.198865218159627	921
-0.108814735559699	0.435882861630796	921
0.101275816314635	0.140085208522401	118
0.102579982776384	0.174181937196983	118
0.027431325368573	0.199368797758247	118
0.052445137286732	0.162263130798432	98
-0.008379651434336	0.245017568750086	118
-0.000950431034557997	0.263471956951859	118
-0.020184978291108	0.400304290672995	1277
0.017526804472537	0.305589032987983	1277
-0.063978494691939	0.383610723741539	1277
0.00846920911935001	0.23767948280526	880
0.081831914527002	0.13547350085313	880
-0.044336325193469	0.381548286034037	880
-0.00954718005934102	0.332236425764015	880
0.022275713828168	0.296529156933829	880
0.002193638906856	0.199514416702765	1007
-0.054690672968669	0.267403758543591	72
0.106378149771046	0.148271652205133	72
0.003405944021702	0.199261780095478	161
0.083838177702229	0.125371769428563	161
0.038029565873226	0.152148030684685	161
0.102631070287798	0.0958704602692125	33
0.109622174642422	0.135288593169936	33
0.086499796455028	0.134857118287094	210
0.100295586652358	0.0972591879840224	210
-0.043490756386308	0.315606456740121	630
-0.08414184056191	0.313180580201262	630
-0.058379306800723	0.230727729360675	630
-0.075964146194691	0.331588901240471	210
0.005630457856413	0.196767819496989	210
0.036955372879672	0.177590630079724	620
0.014648636235404	0.154229440718184	14
0.08115114697093	0.126510001320422	14
0.021681630487671	0.65459553585901	102
-0.069996571383317	0.59191358185123	1012
0.032098195499343	0.279520231835377	1012
0.112080725344478	0.103632496587677	13
-0.119243038882373	0.464560962191488	102
0.107849016475956	0.120128962155144	102
-0.117866084552505	0.238946190128043	102
0.062064806395846	0.168111266780236	997
-0.030069495009964	0.234737399694585	997
-0.057132227168435	0.242440778747512	997
-0.035370126503235	0.511894620791826	175
-0.079887118382531	0.308684466452868	423
0.00100178402363599	0.202678761725303	423
0.043183601702871	0.144509624152061	423
0.06041707500874	0.284159235619855	423
0.046896680021482	0.217075463896807	175
-0.111970928252257	0.480295678131726	423
0.044283638487796	0.288480361703208	423
-0.09215561809079	0.417682402356626	423
-0.117377910279974	0.339987973071559	561
0.120191634352779	0.0851079215918114	561
-0.020960486244384	0.21378123980059	561
-0.065437721601286	0.162808337405645	561
0.04288714993101	0.12607158436796	561
-0.081367187228835	0.214296844150588	320
-0.023455327072839	0.152443262316629	20
0.116880307588904	0.156919553326953	20
0.051568346719397	0.32745050180396	20
-0.020139136741905	0.410429378240397	20
0.085628706607604	0.155860537597511	20
-0.022271835950955	0.3864998037148	118
-0.051640870856109	0.233923457762506	118
0.069324847097007	0.170420498306331	98
-0.02391992337423	0.262319498055699	98
0.077406349941803	0.240077919637413	1277
0.081357178641554	0.22474174670713	1277
0.088045804982759	0.104369245216929	880
0.081686796631743	0.206334758817006	880
0.112266375473078	0.0638562289241494	72
-0.036776033044444	0.15511045815697	72
0.067726426674293	0.116560478329366	72
-0.075691938548772	0.41963936006672	72
0.030819800618655	0.0813621474812764	161
0.118836800781442	0.0602324271557083	19
0.110850009937934	0.0626945990899367	210
0.02405105876728	0.20396721813315	210
-0.119261611262443	0.470184272496666	630
-0.029858174275125	0.264910877177745	630
-0.067625940882782	0.402153312894724	210
0.043525005533332	0.215858518747064	210
-0.013726776907254	0.206008330345376	210
0.081093404836224	0.186105566834657	14
-0.122166749379535	0.241395174884968	14
0.042931446004918	0.236713958991786	14
-0.068741555566481	0.407171005431173	14
0.066912401021175	0.207752488331866	14
0.03489252045683	0.24408937129809	14
0.087763770768419	1.09524570948782	213
0.03154714418771	1.45330744688084	213
0.095274978444717	0.373613221016779	102
0.077588643052968	0.398357469038398	102
-0.019806563970803	0.521268661016698	102
-0.065509078498242	0.491696580923959	1012
0.115734573851544	0.141484742215828	1012
-0.033220684836198	0.388154180689825	1012
0.049905183128579	0.26672956966921	1012
0.111991666267333	0.170249860204134	1012
0.123132586920885	0.132487245299522	1012
-0.062371770941847	0.339131612050304	13
0.101710416074334	0.144627634439044	102
-0.017812306287881	0.375136339861212	102
0.038921984048826	0.311353750834072	997
0.043352445895549	0.28555735012882	997
-0.083581254526627	0.357018518629464	102
0.075526785870574	0.130859530556897	997
0.023690904861577	0.27235583543875	175
0.035245373723574	0.258705585586818	175
0.04791219877338	0.225694451338415	175
0.037632450894625	0.17317972000983	423
-0.049616515230789	0.345305664496028	175
0.033770236411158	0.21952314768242	561
0.074888308416454	0.111892003669794	561
-0.049510670214677	0.264091532050381	561
0.050999412468444	0.156920177725212	561
-0.093663445290879	0.558043285024511	20
0.00520812587460301	0.223489779778339	20
0.094314574442818	0.147616225117811	98
0.110090198331269	0.135822640203592	118
-0.118324879494956	0.307048231741778	118
0.110322910689398	0.139754955234365	1277
-0.027996559391521	0.424183866230397	1277
0.042386045599445	0.227570908897371	1277
0.056210122889391	0.201722772975518	1277
0.043657199307675	0.172517550216678	880
-0.029428297852024	0.187245334265419	72
-0.000778581357967989	0.170174880393017	72
-0.079323674957891	0.283638650670188	72
0.061977409765943	0.188848061809868	72
0.033729862475622	0.152134717444517	72
0.03508726168869	0.156666221038296	1376
-0.102778930703096	0.295850558056574	657
-0.019499329764255	0.238614472811413	19
-0.084695972731683	0.250922856322914	19
-0.025576394553969	0.242640698135144	19
-0.076057170563182	0.222227991257924	630
-0.088848915348991	0.254303121780784	14
-0.119966496920959	0.237281691245704	14
-0.104846270036081	0.398358049480321	14
0.103750009884226	1.04005911565337	213
0.095935650827437	0.194366705817759	102
0.013105284967192	0.29426116023106	13
-0.087560411076447	0.364379347883229	175
0.032454639812137	0.290576871111013	175
0.036961922613293	0.279338880082708	175
0.034041278562211	0.28304369028372	175
-0.118078840057515	0.353464884546884	423
0.014226053627178	0.345695902001614	423
-0.112607762893048	0.524204048188581	561
0.024602464555951	0.270211805114822	561
0.034591100195947	0.252123471312999	561
0.066841507447394	0.134956411094096	561
0.118836800781442	0.0602324271557083	108
0.030732474589323	0.159905617648503	1017
0.082635994141032	0.0700799199720234	1017
-0.00829929165250998	0.409752222728456	20
0.014303653939219	0.223693904033507	98
0.102981732379029	0.0961342613522392	118
-0.102191333862297	0.350233615111204	118
-0.074482817911137	0.277462263675259	118
-0.082775633413827	0.376689776194601	72
0.079366020532051	0.196225715224506	72
0.014441638590479	0.286942813795917	1277
-0.096460049375313	0.410409011005059	880
0.114312802034842	0.14218810485942	72
0.036567014606051	0.131138121147358	72
0.066564292105481	0.113662363266695	1376
0.006547759050265	0.142872910115894	657
-0.04146813887544	0.200029428328181	657
-0.040813205199253	0.199621949607168	19
-0.028960233725872	0.222392368840108	19
-0.123139050118253	0.175784552781245	19
0.077118642075818	0.108283103531967	210
0.063590556458462	0.183155868909832	210
0.078807075451364	0.106886699806204	210
0.052499603302139	0.164139786111331	210
0.03568299655504	0.174426182179653	210
0.054693700684694	0.139874945164913	620
0.104012054148576	0.11162916369785	14
0.032855627006683	0.251243679836913	14
0.026393200961688	1.88379622091409	213
0.047385606489271	0.216214787012759	363
0.08505872841828	0.123949628795022	13
0.113706112836302	0.10458740975703	498
0.059936007438331	0.334056206479837	498
0.11302832720615	0.182181153746893	102
-0.022476837715697	0.148302226001929	42
0.000640557130089009	0.44010050840312	175
-0.016734308517723	0.412638377182427	175
-0.034645632041119	0.237034799279154	175
-0.102742687506691	0.623679510733774	175
-0.045370997582262	0.447172717861835	175
0.030418814388492	0.16062763054234	663
-0.123411557492691	0.796197919517305	175
-0.068868609593939	0.315518255820998	175
-0.095316854783823	0.479874007861656	423
-0.041091921099063	0.499413269372916	423
-0.077132237749904	0.508935916111212	561
-0.099365606983863	0.520449776671783	561
0.002486058183226	0.169661240115758	2031
0.00617343733011999	0.483933838792163	20
0.117078860647228	0.0596377182082555	108
-0.118580533815378	0.172811717579067	108
0.041456937678868	0.348564216961254	20
0.035135916977074	0.268843991094871	20
0.109817869922934	0.0904708786677584	98
-0.09588795631495	0.442560393186501	1735
0.060205212803391	0.138860582580754	118
-0.042649150072102	0.313505181562775	118
0.108369301438712	0.194946425035256	72
0.104459127939632	0.180705363120809	72
0.089312758406867	0.187597048697906	1277
0.106023341857368	0.193851669871429	1277
0.054200325196566	0.190211706291928	1277
0.103410084849517	0.0963017217046452	1277
0.092060306672569	0.242879988142396	72
0.049188202836016	0.147162997543584	652
-0.028682693682132	0.0955856767997894	652
0.0392530370366	0.0806351596416773	72
0.042065924420687	0.218576830511192	72
-0.00996541705048598	0.365143237483804	72
0.011909133118621	0.138276118586414	72
0.077118642075818	0.108283103531967	161
-0.040758604587507	0.278098333914841	19
0.034149006774983	0.0819887142669697	19
-0.032340902083094	0.0939788611648715	19
-0.124306154266722	0.243414772105913	210
0.07738607879493	0.186662474342139	620
0.088142993010269	0.182377175515809	620
0.006030061916274	0.311417400406983	14
-0.075753134711692	0.275673030973374	14
-0.034370417863533	0.354145032561699	1693
0.036278483981618	0.198531812015017	1693
0.067937281278416	0.196484827324245	13
0.015301593742995	0.279072130456895	498
0.110261730853313	0.191432447257631	498
0.027030412658197	0.220846494611269	498
-0.011140223482896	0.446000438296776	102
0.018840483705539	0.190115334729458	102
-0.019317218550233	0.146064752493734	102
0.105263102871261	0.132923916193393	13
0.079409530410498	0.195156028053181	175
-0.088089817185962	0.453578310979846	423
-0.073462504419592	0.325774163160708	423
0.00730574137350201	0.43439714598388	423
-0.034217932721379	0.197077235641305	832
0.010163406177212	0.141395316719976	832
0.098270883243105	0.127217247438158	832
-0.021014476073904	0.274759086062573	561
0.043906243006302	0.127151511187156	360
0.094854098338478	0.101325367709542	360
0.079698089775003	0.12638770695939	360
0.036567014606051	0.131138121147358	508
0.04609344698121	0.246707059247359	20
0.017412717836806	0.275471039467741	20
0.07561097283631	0.106944645242795	98
0.026140342801524	0.192397409800424	98
-0.091895465539122	0.257510509505203	118
0.110874063830889	0.103997536503054	72
0.122578732976961	0.119332549418691	72
0.096716667766854	0.130928380130166	72
0.12371001915084	0.132225078679859	72
-0.120496116734058	0.372691751452522	72
-0.108631597350051	0.351788635515809	1277
-0.091166856342046	0.260196048232653	1277
0.108887527088797	0.121259000564877	72
0.027960543614996	0.237908317957594	72
0.118659852397504	0.05867728575775	465
0.12319203292219	0.0580709658636148	161
-0.026616194937934	0.154045823951295	161
-0.099722347487432	0.265404503657358	745
-0.033776078274169	0.2661485071355	19
0.080197412191077	0.0712559906361963	19
0.112239281735433	0.103293277181063	19
-0.019405965779483	0.257205600983366	19
-0.094017354732384	0.284755131876965	19
0.035300055677249	0.151034489198357	620
-0.046624565204895	0.226848459471756	620
-0.096442384291038	0.287483866622564	210
0.124353974741122	0.0837572587793087	14
0.080887442991218	0.128203327325525	14
0.061128050717899	0.735546526700664	13
0.105698717087178	0.454708118330044	13
0.045822389904881	0.506797630768176	13
0.067890112644629	0.423148288609063	13
-0.028901866752002	0.455103647600747	102
0.114164891349688	0.176508877841323	102
0.075716196032161	0.229392728747526	102
0.058618778585172	0.206708921538692	13
-0.014024023450508	0.361008382270226	1693
0.08126370734591	0.160914189365705	13
0.093564018083913	0.174038118048475	498
0.041492486746526	0.245252120070616	498
-0.071743289165468	0.41512029790815	498
0.096178513593128	0.189506950903827	498
0.068578801481063	0.242583723970011	102
-0.046603157734101	0.227915430266376	498
0.00281638785399399	0.176552829730234	997
-0.122184825195088	0.242717879620096	84
-0.079742250677204	0.285305968683541	175
-0.00291858256594102	0.26634921516227	175
-0.00352056423462699	0.224972366960896	175
0.10990997051334	0.144081091376421	175
-0.118922084541327	0.399193695984846	175
0.105046559195415	0.109980331633361	175
0.052963981329988	0.261390968931691	423
-0.0837106591938	0.283224417230804	832
-0.066491203035937	0.243281271959319	832
-0.101330474347741	0.40575796400438	832
-0.034117405061479	0.266344335407962	561
-0.045775536453617	0.344967171335288	561
-0.119377148649865	0.339648550656633	561
-0.063832444537511	0.341086173060189	561
0.050318262122477	0.11942616050463	360
0.00539048523602601	0.195863997370051	360
-0.018237304159072	0.235532484878487	2031
0.00824476607972199	0.192166297616079	1637
-0.111471496341848	0.335745858038977	1637
-0.049510670214677	0.264091532050381	1637
-0.091405199777549	0.277978133470737	98
-0.072912305764791	0.224769730008584	1735
0.102578951749407	0.138751403440633	1277
0.022671460181759	0.203478703371368	1277
0.052070606251709	0.179199305226341	1277
-0.021450398779818	0.305150017172719	1277
-0.032930503260456	0.196930266150685	1277
-0.050724130994471	0.233190093977513	652
-0.114656513904016	0.383774716012856	72
-0.124977818557889	0.336484180699514	959
-0.023422947910543	0.143154906756515	745
-0.065907206567003	0.29178592465644	19
-0.027759816449721	0.188804137183877	19
-0.08072605793454	0.248229866017159	19
0.060588830628684	0.13598956257452	19
-0.021505894886384	0.14822478437985	620
-0.00838475968775598	0.181300543175481	620
-0.124316781180146	0.241573650618059	620
0.011909133118621	0.138276118586414	14
-0.011929807585618	0.197902517189686	14
-0.082130482071126	0.284531479684515	14
-0.011331029260093	1.99257020111387	13
-0.060814362520437	1.002973775857	13
0.077138206270338	0.393122032158748	13
0.057396860664154	0.43280153920918	13
0.057747196243035	0.399484268253987	102
0.072753426898882	0.340220618179266	102
-0.017796743098422	0.477673540819887	102
-0.055685949665284	0.428230381753769	102
0.03976478916243	0.250574071978581	13
0.092410881912188	0.146487890694482	13
0.104890297311704	0.180117458749622	498
0.022388860228416	0.335068242153679	498
-0.046727010972839	0.322578175573825	498
-0.000606342108506019	0.194009740130379	498
0.098875510220833	0.126479125999078	997
0.056045041331515	0.196170412836093	997
-0.089628332877525	0.427158597363207	175
-0.034423604600222	0.268259850402604	175
0.109265633062572	0.134106081898249	175
0.00143516707309499	0.217029905419836	175
-0.043413156091863	0.293421733422123	423
-0.0716387582166	0.40432697480137	423
-0.093372162251275	0.438202519945896	228
-0.114377523349737	0.415700804044365	832
-0.066053321869613	0.410092462077777	832
0.00185824698464099	0.29803914694326	832
-0.00476228053560701	0.240392004317226	561
0.050774083611315	0.222610808015488	561
0.111241018170604	0.118187111523896	561
0.024861383940781	0.221537796466342	561
-0.00759944237802601	0.284920269803653	108
-0.05589324254173	0.279113499065871	108
0.04860045364844	0.176538746060775	360
0.048660111229692	0.184544718070688	360
0.045494613365589	0.184911906966483	2031
-0.087495657065674	0.361882561754119	2031
0.055915598188306	0.211429546579469	360
-0.080161000151901	0.28573386036626	360
0.066996693468076	0.170255739067478	1637
0.070279752363579	0.165095377275425	98
0.099848585653765	0.119507069007966	72
0.012708978254027	0.216586438533039	72
-0.122175224883922	0.331677229613286	1277
0.051158512036623	0.182682048891242	1277
-0.021136853552479	0.272283539454963	1277
-0.114140036912091	0.487533575834563	638
0.074068942783267	0.129163059313632	638
-0.061155793939814	0.24114563213842	72
0.105610379732925	0.104170522583986	72
0.00167581145422799	0.210695042117656	959
0.064733113083249	0.131643968664629	72
-0.031107245910697	0.217827359758205	72
-0.106837531382041	0.327567902957905	19
-0.090335651856517	0.248067948763886	19
0.124809376298121	0.084585264349249	19
-0.035305996942113	0.199281555415735	19
0.098964246427433	0.0978932100344947	19
-0.070732740676395	0.201099821333732	19
-0.034690051254516	0.157131979086768	620
-0.097224335505681	0.266027719511123	12
-0.10186433501374	0.29793177736834	620
-0.079352755201758	0.346843116782043	12
-0.024182081668197	0.146281850979567	12
-0.023333554522961	0.151779796954531	12
-0.095897349491779	0.738251918936173	102
0.103442071976915	0.242044097386838	102
0.049150630758509	0.315526592813382	13
-0.05558411112483	0.469934204358912	1693
-0.049522992569136	0.311591141058864	13
0.069598915924122	0.193132828507559	13
0.016805054402462	0.340709757612601	498
0.122239025844992	0.180116363034452	498
-0.036237556172589	0.314643762447328	498
0.042076031348516	0.206304068868161	498
-0.118999807293328	0.330365219792912	498
-0.038321356456006	0.321724680362415	13
0.00113426434392599	0.201139150516291	84
0.077557835095179	0.174713840152602	175
0.07626946867685	0.226051269426255	175
-0.052908372663966	0.384439163331136	175
0.064889929644871	0.154750047061588	175
0.111337496358982	0.144552312203484	175
0.045695567468772	0.216842413686309	175
0.068257976273066	0.167974234140139	175
-0.114291305241093	0.450626154170127	175
0.114509010329649	0.161019863969036	832
0.019277657650121	0.325646470425098	561
0.081669501527025	0.152658857972042	561
0.093456027848311	0.127351942590314	561
-0.119055664843877	0.303264717381267	561
0.102573511163442	0.111854049965787	360
-0.096223816588297	0.263141089481581	360
-0.0345003033684	0.218585126625057	360
-0.035589369769472	0.453101231898828	360
0.094570043037816	0.114297804492585	360
0.033266354446436	0.301924942311215	98
-0.010490183650698	0.23698488241706	98
0.00364851845879799	0.174505888941739	107
-0.091635644880673	0.363160904469781	107
-0.02327105153744	0.283685704484177	72
0.047445238005659	0.191864347353101	72
0.029782921051172	0.277279163815972	72
0.09012784185984	0.190113147248782	72
-0.068884087266869	0.452245384801803	1277
-0.086526095032471	0.475719163540839	1277
0.075423867101721	0.160543635689509	1277
0.070845299388114	0.214250299688538	638
-0.062408244933607	0.407680598035187	638
0.116699265879066	0.0896084055211803	72
0.099160418265763	0.0989930383696244	72
-0.074547504671988	0.330883048131058	959
-0.000845204957784007	0.203793932340871	72
0.00823736463437699	0.171272642732183	565
0.119861225051624	0.0859246183933148	19
0.036686485896789	0.176151672328721	19
0.04292561035161	0.127510871746135	19
0.03375318876982	0.157117663390276	19
-0.08460491503539	0.353358843343202	620
0.122651352323821	0.0987146526555384	620
0.088798342532571	0.148711668055451	12
-0.037200913191798	0.217290410603469	620
0.117652193024885	0.08909463631838	620
-0.051736445083347	0.277477736228411	12
-0.00838620505556098	0.272796232308619	12
-0.029258676345365	0.338178605619063	12
0.124014528879796	0.165508046844876	13
-0.064850609495095	0.476513408955863	13
-0.108522572540515	0.670141898820397	1693
0.053497830416277	0.209619403081474	13
0.101738661108909	0.161081729232887	13
0.117711612971351	0.160733495107309	498
-0.091074933228349	0.442454097640737	498
0.103025746915572	0.112855578433217	498
-0.12102193776921	0.237580850935013	997
0.10078966493956	0.114408960724284	175
0.013648320569406	0.264031036197517	175
0.040027408232426	0.217401919758609	175
0.052310981164878	0.223553413627234	175
0.01879030758887	0.35464225082815	175
0.040450397609023	0.226323032052736	175
-0.00580321125026701	0.181719963531127	175
0.070717138126661	0.152700603733647	832
0.08255431633169	0.131778914049048	228
0.014249701116918	0.278965384032039	228
-0.049218462535981	0.221378044344871	561
-0.090750017519161	0.25426004975182	561
0.113800049405869	0.0906750096011295	561
0.065029758528287	0.114912466778484	360
0.100653285359274	0.0925763686404298	360
-0.12102528200371	0.266444640928661	360
-0.107492387615497	0.572816099532512	360
0.107902154319843	0.159147866762305	98
0.00364712076196999	0.22091277086253	595
0.082489487008675	0.154614989214567	107
0.045909698809579	0.16444329374779	107
0.044587176757929	0.30180424922789	72
0.02845874428879	0.214886268818661	72
0.09971620334625	0.212891279736903	1277
0.104498631317638	0.0650611010235268	1277
0.076227860206242	0.22924522309276	638
-0.037578257710862	0.19474384309903	72
-0.019266737089815	0.147280345445259	72
-0.049880637663339	0.34644665319704	19
-0.028898542777048	0.0957366172670429	19
-0.082570665597272	0.36425677664048	19
0.053518951594195	0.190217207036049	19
0.096875909789371	0.0979468759726385	19
-0.08318110094238	0.37531452177623	620
0.089618392792145	0.170231349778872	12
0.109948166990406	0.121783581294954	12
0.099383776632111	0.206923238888135	12
-0.060448911505375	0.422467539114432	12
0.048829961185422	0.311947178070278	13
0.03356998580932	0.269093828941872	13
-0.038654093738763	0.317783472472454	13
0.097131138044507	0.171534774358379	498
0.097898348985076	0.192703239921662	13
-0.039216432129729	0.399453288073545	498
-0.00319565108716302	0.306498833172262	13
0.110367698953417	0.137143018807318	997
0.030220198519683	0.217210235289386	84
-0.028541288326697	0.376729512455199	84
-0.119611264776773	0.445894824019512	84
0.115669732779021	0.113347256804332	175
0.000867374114104008	0.256757297511058	175
0.053207305044333	0.245809427714298	175
0.085082868939845	0.139325404739649	175
0.017021631730286	0.189501751062845	175
0.118250282290066	0.101772372017022	175
0.073664719582744	0.171772001631451	175
0.000789321274544008	0.257272908609597	175
0.034493651647729	0.242953097590297	561
0.00351035177711001	0.310712351346009	561
-0.100438175203146	0.41058896217305	561
-0.027474812507543	0.279911285340108	34
0.085859584736748	0.138082620705858	360
0.0307062382899	0.200982698956805	360
-0.117242881645496	0.378299138541101	360
0.076557544707897	0.16029465691791	360
0.090432124597097	0.164844741288836	360
0.055770537171015	0.221045015069577	360
-0.106028828141179	0.517012318995112	360
-0.10650693138932	0.511046380338251	360
-0.045662262939916	0.221760770325608	98
-0.037905243949471	0.293760951622267	595
0.118786684406696	0.085838915694832	595
0.088820169631984	0.119888694774767	98
-0.112506812886404	0.227034444310425	458
0.071651663461764	0.109052569748215	72
0.12312050427541	0.128098321555832	72
0.046089648911886	0.180154072303365	1277
0.113022760400288	0.141518026222461	26
-0.078789041061144	0.316568421775027	638
-0.098077096163482	0.260784877986714	638
-0.046524490473581	0.369983060838156	72
-0.078656986868487	0.332782354647567	72
0.102605258436567	0.140769809623009	72
-0.00580934135404099	0.226247982845995	565
0.060527331147345	0.176454098525121	19
-0.111370364722166	0.301323194625698	19
0.105837963556249	0.109385710909583	1172
-0.00185379244248601	0.225106016879018	1172
0.036501378795585	0.129721267869258	12
0.045383339211654	0.169133406799684	620
0.123611701125046	0.0948204472353899	620
-0.051257997243632	0.262267568852764	12
0.109507816163528	0.656899180184809	13
-0.021026414197424	1.06021974794015	13
-0.014755769446798	1.11695555494844	13
-0.033824849363886	1.1575419881308	13
-0.081079180888308	0.751380712911229	1438
0.089048778431555	0.244330591722174	13
0.002046036153068	0.397883586853341	13
-0.086694242067258	0.713403752476095	13
0.109295986997751	0.175247416635163	13
-0.023336489728727	0.420609253688284	13
0.063128013604756	0.184854500576053	13
0.041018158678838	0.344339357402732	13
0.110061540121143	0.21106190729124	13
0.00515810665802199	0.372276198744214	498
0.108931145818285	0.170656979999602	13
0.095775997308168	0.180004586741737	13
-0.025144846210516	0.340186269068519	84
-0.114004722817827	0.649157616761645	84
-0.083115185273068	0.46498371335301	84
0.036271791902446	0.288584266604116	175
-0.089246820269029	0.565890404424783	175
0.080091719734875	0.232602464369546	175
-0.038568322852588	0.200116380761692	175
-0.02056996148305	0.237941297853884	175
-0.057324182866517	0.52222854468107	175
0.0990903582204	0.190804286272336	175
0.08195808721459	0.182824718245934	175
0.09306372497372	0.20316761067649	175
-0.016016601085067	0.432993465330556	175
0.023513668292378	0.379487068722063	228
-0.072030572355372	0.36118715826813	561
0.059109467104673	0.248830899167728	561
0.088515412025258	0.169330628706544	34
-0.082777066054218	0.430239595575524	360
-0.065105284839901	0.40905674985721	360
-0.090290292612017	0.430214108921309	360
0.072626610101138	0.217396453904518	360
-0.088834413142429	0.471608452338803	360
0.00351282212601101	0.31923121744667	360
-0.083435452676468	0.444257823854637	360
0.065594215023399	0.219932052459049	360
-0.043934487038095	0.40369394301076	360
-0.031336134849918	0.290380744323446	595
0.074024240026604	0.105852316120255	98
0.028440989624368	0.161161899170234	98
0.100587247064923	0.0952439766704365	107
-0.037481192484562	0.200867764710651	107
-0.088818991810761	0.320414859684192	26
-0.068152664234529	0.161461629700047	72
0.112613754713532	0.165951867496358	72
0.042367141355074	0.18696683377189	638
-0.074492074230382	0.347513935399522	638
0.112018916601841	0.134266438150843	72
-0.016558246012608	0.3264850647957	72
-0.014179648055021	0.343697406742191	72
-0.060447709596375	0.424790512964922	72
-0.123686268484816	0.43860873890421	565
0.028792859663495	0.213007395644336	565
-0.115637121135229	0.3853106296095	565
-0.010665105013188	0.223674279733494	19
-0.038858018142208	0.248600179173456	19
0.025705894521058	0.181171941549585	19
-0.114802200975398	0.362007959920055	19
-0.097951518546877	0.327366261856743	19
-0.00288186325461598	0.290679006764479	620
0.024598865368481	0.22032396401695	620
-0.074237224760981	0.165024833626583	12
0.012585018732269	0.215548412932675	12
0.044855387602163	0.795123846319414	13
0.122154517867193	0.447078499680413	13
-0.103554785562158	0.783780147268086	1438
-0.088938971343315	0.730628798231377	1438
0.032054935220292	0.371709705220556	1438
-0.012202805162757	0.388822780583448	1438
0.057507679525605	0.300439526905465	1438
0.102040605956042	0.197655115352697	13
-0.117687769792535	0.555819586665066	13
-0.104300892585407	0.450310388325372	13
-0.086767745560701	0.55782391543302	498
0.053955630243327	0.207457074628465	498
0.097097392218047	0.247602853149924	498
0.081104405099149	0.244950065922517	84
-0.023011418863967	0.439745787591333	84
0.102024995537815	0.161403303623613	84
-0.06220661574117	0.441987164206997	84
0.031946970199734	0.27643835343487	84
0.112032516605685	0.194329794276583	84
0.099280880810184	0.180372818985305	175
-0.080475805706692	0.168479750743635	175
0.049912777380135	0.145293009395421	175
-0.00123236890144401	0.199760127262768	175
-0.11936540805289	0.443236986269157	175
0.077124605745307	0.217199472217826	175
-0.025485757592975	0.390927184899796	175
-0.060711735139799	0.473534525475906	175
0.10513846866863	0.141097527591616	228
0.060805564524164	0.257455038082618	561
0.116158207402316	0.177645248608814	561
0.110895870252092	0.146745981836418	34
-0.12378554759479	0.625929246836488	360
0.107671696146019	0.137612259123608	360
0.113682969429995	0.148857345092513	360
0.035434842390098	0.242992052479621	360
0.090421751949435	0.173082363183619	360
0.092743486775119	0.173242882803351	360
-0.118621913948013	0.437579458227224	360
0.062321265178469	0.212771512054297	360
0.060131925489205	0.238606466327463	360
-0.083683534300738	0.424008869769799	360
-0.01487475737194	0.345869378868475	360
-0.066548090904988	0.314902330017332	360
-0.031938443487837	0.0943972495177389	98
0.049866783988757	0.186131111324625	595
-0.065303924084359	0.164293761033053	72
-0.015770984946854	0.292332374791871	72
0.086055031938207	0.168339517368078	72
0.038679899548123	0.255007228072556	72
-0.073165606980154	0.280818142455077	638
0.035706548821422	0.230103541949884	72
-0.00219188842843399	0.24216368042167	1023
0.030243648733236	0.242652609784479	1023
-0.021325506675957	0.284495873090156	1023
-0.079701256665355	0.219111924695412	2279
0.114573144457882	0.0620967424668652	1172
-0.03928560145447	0.297630153778641	620
0.065681657752793	0.856968939630944	13
0.102203017579937	0.380111424638621	13
0.086626271518406	0.179897801076194	13
-0.064184092358786	0.556947492019622	13
0.047319830805283	0.334110457980151	498
-0.061748618014454	0.552830800493936	498
-0.111160058174934	0.555634692054837	498
-0.062040822586201	0.50745915317262	498
0.026810100265721	0.330413537397034	13
-0.01371062769928	0.465131808829633	84
0.05179365842871	0.311641496484478	84
-0.07171936874171	0.489900423122637	84
0.081789276213611	0.202791291580717	84
0.07232569470957	0.157872231355636	509
0.120886736443923	0.145167763496737	509
0.068214249382424	0.275373302923591	175
0.057439266886837	0.261783646096251	175
-0.013687116189583	0.442135563886496	175
0.114360375113588	0.105290132980463	175
0.121034291568461	0.0942162686169164	175
-0.04245491434267	0.482482678752658	175
0.07338539673863	0.266321150556583	175
0.092296599720064	0.208581524847958	561
0.039420207585488	0.262503987186494	34
-0.053068439030155	0.499258644789324	34
0.037831522283978	0.253506439091177	34
0.005516855264913	0.279095056129671	34
0.046257012984168	0.245844952773852	34
-0.044527296441901	0.3311833157435	34
-0.085177969099251	0.382685048222336	360
0.103012594196315	0.172090900258274	360
-0.00891540887893999	0.376679561101577	360
0.025748528091137	0.269020747866275	360
-0.031976155902285	0.457384026165956	360
0.044874781854005	0.331409364911758	360
-0.077720211778134	0.221755869598533	360
-0.046228057915523	0.355333310157474	595
-0.027726313381017	0.269918469261865	458
-0.110772291610143	0.334820432701402	107
-0.038238333735569	0.452066139331282	72
-0.029196763248251	0.367747942738746	72
0.054315987157915	0.241714175979354	26
-0.038559444505193	0.441470788199731	72
-0.074401408827903	0.434224906805624	72
0.07448932039831	0.210893391356667	72
0.120758147077365	0.166089981170981	72
0.075883407598969	0.182472463573671	72
-0.121212592936536	0.492705647732251	72
0.026516188801485	0.268197116259776	1023
0.053305701321461	0.162589742519274	72
-0.117901080539324	0.340911115374627	19
0.12311152569738	0.100324503862775	16
-0.035363441429094	0.226661170560556	19
-0.014930824222365	0.250568186433358	19
-0.114711851295985	0.413693795135272	19
0.046219918062742	0.188272266881173	2279
-0.041711046434149	0.20297453444085	80
-0.050193727204867	0.323222169863987	80
-0.018055578304563	0.145458631353905	1172
0.011236679401502	0.140361309453523	12
-0.00152381740941898	0.178792379041822	12
-0.124356677627777	0.456310009396438	620
0.035344083297042	0.21262591206786	620
0.094465595690783	0.39476348758441	1438
0.00717037503725901	0.776642707519452	1438
-0.00601551239231102	0.884332018255279	1438
-0.067094453876677	0.811671849681589	1438
-0.038846302744816	0.815953563949356	1438
-0.103001908401583	0.847945807053756	1438
0.120101358956973	0.240622950325339	13
0.04867709605032	0.315729688762246	13
-0.117893677548785	0.716674881481717	13
0.007007564860053	0.386714783424709	13
0.037621790716128	0.268287337484693	13
0.042884950498935	0.479674957367528	13
-0.118922310324106	0.688733184733032	498
-0.110254493237216	0.46037617399271	498
0.055604822320765	0.202339002656989	498
0.084469493671852	0.12335262945428	13
0.052502958645048	0.194099111057776	84
-0.030745248603371	0.22023164337366	84
0.091111997663477	0.134233375377198	84
0.104219580764636	0.208710514347321	509
-0.120132086604396	0.438779724241041	175
-0.065207404403533	0.289569585109235	175
0.077832067705004	0.193803960273015	175
-0.036421958631613	0.59669883414445	175
-0.113834664528114	0.506717646010136	175
-0.08123350809037	0.289358599563955	175
0.039074917743485	0.312737054487398	175
-0.00684753299355501	0.249869966051996	34
-0.072338220312387	0.212526222378259	360
-0.056897867183144	0.240255689684523	360
0.068272739332473	0.131772980594338	360
0.000655278026787998	0.423292657032285	360
0.046002418152491	0.124093128462081	360
0.121526016410966	0.0825470519095542	360
0.039502134561918	0.217188162314572	98
0.038182405921921	0.193865335228428	458
0.053973376676817	0.209343885523232	107
0.00254334913467999	0.332949050904964	72
0.036878247972076	0.205146350035585	72
0.034149221562044	0.298516776018133	710
0.000697520986142008	0.198198236902376	710
0.075703919712515	0.183098794327017	72
0.109627667234961	0.181619203984951	72
0.046049313675989	0.123804762905827	72
-0.116860570984766	0.611742498618984	1023
0.034867071691005	0.243783031430797	1023
0.112550031099227	0.0873547710909779	565
0.11118127722121	0.0636442097097359	565
0.111053274095433	0.0637241887650326	565
-0.06191253861512	0.158166019114214	16
-0.032850812762803	0.407414858444095	19
-0.023503805395129	0.393155085537386	19
0.013972294128469	0.26178864848778	80
-0.124003856859673	0.399224902946602	1172
-0.032544582580441	0.336531572922172	12
-0.097343744319575	0.467544876546002	12
-0.032760864344533	0.869283400268155	1438
0.00828473239129099	0.588412095453855	1438
0.110908243520689	0.29225639110057	1438
-0.032647341737677	0.727147905892198	1438
0.099708215594182	0.27336900815935	13
-0.007756679951404	0.521135083780274	13
0.10515652729004	0.180620239310957	13
0.113881335464773	0.207934744264556	498
-0.041287440410978	0.496015627256177	498
-0.079774241680106	0.61968512005939	498
0.089799660777396	0.172322764335977	498
0.056353812011142	0.187015628764784	13
-0.05241315985308	0.404337372195679	84
0.062650935522139	0.270368726491883	84
0.023419935526205	0.268551266752918	175
0.010451997221083	0.247819689145887	175
-0.056602004875488	0.368276049830832	175
0.100779397186151	0.133075352486467	175
-0.043814525306626	0.334727843374686	175
0.029265116810378	0.297725277006119	175
-0.081146132409582	0.551967735823939	175
0.108125336556625	0.150080988051264	175
0.026064292462362	0.174313513046806	175
-0.090696096863727	0.416274051275729	175
0.091763273284375	0.200244194597829	175
-0.072532152768752	0.296295218156091	360
0.047068511477141	0.215235642459627	360
0.031698051347842	0.349379714822557	360
-0.067769267076266	0.265842827831137	360
0.076411036662719	0.151233737511688	360
0.063547217230064	0.182387694944609	98
0.00438486534959101	0.249239626150937	98
-0.078183432701124	0.33727757777754	98
0.121740338122181	0.110107375318222	98
-0.050571362755793	0.27696303730264	98
0.03520846459036	0.188717163087101	98
-0.022395589464881	0.254921956674109	458
-0.115018635041159	0.351577862993161	107
0.034379812469005	0.199211736077703	26
0.062565511722167	0.224520309442634	26
0.118582420053732	0.162141200052199	710
-0.011968785920362	0.345635116591949	710
-0.107260812826036	0.458598497523199	72
-0.000612842467231978	0.307576856251047	72
-0.051253193113966	0.257916749138908	72
0.068287402072063	0.154078495722458	72
0.068597178047629	0.169029894683163	72
0.099763037487583	0.115661908241149	1252
-0.048653768521219	0.228256721499967	1252
0.008545771059948	0.25450866869617	72
-0.055871477458908	0.291307277957648	1023
-0.0364340881852	0.248874814495106	1023
-0.076745424809823	0.28166617111477	565
0.090891032530456	0.10180200239559	565
0.1117720317396	0.119654899116536	565
0.022773310080856	0.185794199575629	19
-0.123196545060206	0.232842716097747	19
-0.057088875395866	0.237971200461689	19
-0.038521811231466	0.271091529653897	12
0.088616637247012	0.120137840169039	80
0.101479135908424	0.127137909415137	12
0.032006953333943	0.194224580532833	12
0.000406778284697013	0.178542408762581	12
-0.05857040584125	0.230508790381024	974
-0.122606319781849	0.392206285966045	12
0.070555094635133	0.179484653828963	12
0.092327285195156	1.00005405827167	13
0.033530308648494	0.620559263957934	1438
0.026461641300846	0.37253106968718	13
-0.011557513403409	0.526874114852229	498
-0.097609119168026	0.751843357002031	498
0.093352389391755	0.279450395534083	498
-0.00898412055707798	0.429850300049748	13
0.07989078729083	0.20283382592704	13
-0.00854102240682503	0.28647414853363	84
-0.101654159538258	0.454732763061462	84
0.027478299456985	0.180033358919603	175
0.086128678775063	0.15827300630054	175
-0.025610361674545	0.365174775844515	175
-0.113473974090783	0.386377026048803	34
-0.048317686189913	0.254070383836295	360
0.123916440377405	0.106673802742707	360
-0.021064397140161	0.541146574867449	360
0.00140659221057499	0.221312915654161	1088
0.074243676451854	0.14626447525092	360
0.097689559355271	0.140657928800607	98
-0.015003107700335	0.203887141043933	458
0.045994024435126	0.187659357087855	1302
0.056494492804869	0.179896170114264	1302
0.029994761556423	0.199365053602567	1302
0.059399890455727	0.200892103583516	1302
-0.120640883865427	0.594260623487633	26
-0.107171486400863	0.475708612348321	710
-0.067631543481414	0.284933028918127	710
0.10327422847269	0.16451022789557	72
0.044453643350322	0.165139178418351	72
-0.062889709687993	0.263190199451995	72
0.073560568810011	0.131472185210175	72
-0.10616188828742	0.301439021596916	565
0.005677015473883	0.172739820173794	565
-0.00126091561024	0.202582588588513	16
-0.00919213586634499	0.25154265981093	19
-0.100845027086842	0.294775338807497	19
0.070128647778943	0.168749099976814	12
-0.088361458276791	0.317943734925967	80
0.054149822741508	0.15413214410913	80
0.104987749488892	0.124630825437625	12
0.096506209832228	0.668522231894619	13
0.020158691156803	1.03795116183972	13
-0.081033544834074	1.0550733265504	1438
0.034059268838307	0.405735635549984	13
0.107688503862334	0.247109654180807	13
0.115148622246036	0.244095317263967	13
-0.059693785079331	0.577729399328701	13
0.084685566366256	0.294231921974344	13
0.046039808276656	0.330115618830256	13
0.093441755538935	0.243480869028058	498
0.00931128475793899	0.329048387213648	13
-0.070638051141352	0.349144344923941	13
0.01718509085058	0.324070020593151	13
0.070201950175171	0.225147159638213	13
0.104728132197514	0.158165006087931	84
0.025043440204037	0.229932314585393	509
-0.092989082182839	0.47678481371181	175
0.026088575883104	0.3055140524435	175
0.089152737065124	0.178588506861397	175
-0.045258639606116	0.297191681522097	175
-0.089604026650892	0.374916622151535	175
0.087649945161382	0.165080675987145	34
-0.03415254682949	0.285702316077592	34
-0.112144850761396	0.485800870936215	34
-0.00720294153594597	0.287734480796497	34
0.062970248182229	0.201923997042645	34
0.012192627278009	0.299210022324501	360
0.117277186563169	0.126726121283806	360
0.05075524376922	0.17992169104282	98
0.040915281245468	0.150520881377593	98
-0.012140350632636	0.245674851689126	26
-0.084521649069205	0.390998949707615	710
0.106231971155376	0.15981544144437	26
-0.038060221051087	0.337592361969032	1252
0.0897048140079	0.168492391970599	72
0.067596630895904	0.163711631101851	72
0.011045449085816	0.21043319566231	565
-0.067053521751419	0.291452468460711	565
-0.115226355294743	0.294729672067457	565
-0.008450491487067	0.23814558560694	16
0.024923144708619	0.223765339722703	16
-0.085239120782188	0.282600813978986	12
-0.121356198895198	0.331855996452247	80
0.01343018276941	0.16216339281761	80
-0.045078426723751	0.255951617562128	80
-0.006710115583903	0.218284460296169	80
0.111091123721969	0.0872484788397317	12
-0.110986151786967	0.306868805698235	80
-0.096218280676834	0.36472008688347	80
0.033026861912383	0.527935705914046	1438
-0.080650807164838	0.805425125143773	13
0.074036477543165	0.290490054706808	13
0.031463267786742	0.355249019347401	13
0.059531274362989	0.239109270109393	13
-0.077286194417283	0.49948262156783	498
0.115100873528407	0.185452472106456	498
0.057027563780877	0.319615791030064	498
-0.122687689806049	0.700002310887302	13
0.057857641192249	0.273003962809424	498
0.050464698373608	0.249453484970373	13
0.062313176144719	0.229607677146014	13
-0.088039311916292	0.36823041567852	175
0.000602225188219008	0.310333728833261	175
-0.00519863151896599	0.302302748858119	175
0.077978283424818	0.163140779809077	175
0.012418098765243	0.18912303730081	262
0.033068816482246	0.256187148974754	175
-0.098898597327744	0.419043411829571	175
0.099030558900931	0.172908123300874	34
-0.02986220586349	0.356135302831411	360
-0.084389414591769	0.378931835590284	360
-0.077321240606008	0.437712470099151	360
-0.120397666870591	0.252520222445318	1831
-0.094954847152784	0.265552291925715	107
0.104304404204081	0.0909230648030331	98
0.106043863656324	0.110391667478772	710
-0.035250409609828	0.309160077181902	26
-0.051779820968973	0.36937521637732	72
0.081717916073412	0.167225252601465	72
-0.00241066956736402	0.225754170197632	72
0.014618474653393	0.256768438958075	72
0.041909621144608	0.216275504825313	72
0.11485440108491	0.126535684343869	72
-0.021224941537197	0.282143297350718	72
-0.00555579853112997	0.228427452163151	72
-0.075682629237282	0.376995608838929	72
-0.042796835715867	0.321171650551472	565
-0.00633508376397501	0.286950465943837	565
0.115701145071413	0.112243653211012	16
-0.077226124391473	0.33026450324756	16
-0.051196570618155	0.280564151297499	12
0.112882354740588	0.106938252438928	12
-0.02693716886554	0.220507994729962	80
-0.087800741089905	0.251252737650445	80
-0.033027911427543	0.197642045209288	80
0.113527659624664	0.0618483589917743	80
0.067726426674293	0.116560478329366	80
0.0562114411813	0.177457724077657	80
-0.092581778541937	0.263190057201431	12
0.069504245604392	0.0716193996377657	12
0.076595568338363	0.621660817030464	13
-0.057402184367603	1.39142898719315	13
0.00125042561559899	0.806239566732287	13
0.00604407169190199	0.645815339619278	13
-0.075655364591079	0.988882900037986	13
0.088887430657109	0.412965295618727	13
-0.01102628258934	0.305135259807399	498
-0.106026935536302	0.622859437872083	498
0.082363691712411	0.276310066063962	498
0.098829005002233	0.186772479261561	175
-0.021895746333456	0.338921561795381	175
-0.015412908649211	0.34046770512947	175
0.03573314055233	0.249886127467308	433
-0.108391874253888	0.537238099122939	34
0.094711606207964	0.181557346897684	34
0.046789949867324	0.265625663625727	360
0.077475162724843	0.218897505231216	360
0.030781118741994	0.265113552534273	360
-0.088674747030842	0.472653583032668	360
-0.083079701262192	0.310906488924732	107
0.000945939682269997	0.135533488789674	107
0.00882070486078801	0.135323163450758	107
0.076133813905555	0.0667460807491135	98
-0.00441439216846901	0.181883852503798	98
-0.093862745490663	0.480573120795657	710
0.100322336952119	0.149964132014273	72
0.057949163286324	0.236011519399067	72
-0.114841419546589	0.384400335445588	19
-0.002954381748558	0.235983537037135	16
0.018291241846748	0.223546130609289	19
-0.031617847472703	0.268373456372172	19
0.047891519214097	0.176564194976729	19
-0.070664826271159	0.323041291043423	19
0.02472103703128	0.161170925646736	19
-0.063750737549849	0.299329345512058	80
0.061587792924937	0.155745163777878	80
0.070060176218036	0.149916077599485	80
0.084786329342025	0.0693987567961534	80
0.093873698031821	0.101612964160972	80
-0.069588377678842	0.325387296576409	80
0.11510506717526	0.79989806990317	13
0.058156354436154	0.848234587058752	13
0.000694418916616008	1.07076460579396	13
0.049632474665003	0.853522992650069	13
0.012611849728976	0.946835200089764	13
0.026328171415895	0.766670862897515	13
0.048181040084873	0.527498454878959	13
-0.043070991023394	0.902258150882902	13
0.051487861967985	0.508448426856888	13
-0.037246178829533	0.367602246347833	498
-0.054181766186864	0.48822158355379	498
0.012167273474001	0.424067421844227	498
-0.006763411246829	0.373164890107657	13
-0.074751539536547	0.294195088722475	84
0.096748382306808	0.199397690965729	175
0.046123178050441	0.240799572923697	175
-0.114347890891248	0.361033802995715	175
-0.106430967579241	0.410870805994355	175
0.001685155387841	0.306880151645327	34
0.106124457080806	0.179653155191981	34
0.110477575773083	0.171806708044513	34
0.044838030849234	0.148985169993033	107
-0.103669475238554	0.299675885434547	107
0.011909133118621	0.138276118586414	107
0.021202888424987	0.127804428298918	98
0.07806708399057	0.104608075533357	107
0.039379385329853	0.151213703072245	107
0.043884126390494	0.167143484801856	107
-0.066217243525979	0.310749854576476	26
0.062604924970305	0.187892575135035	710
-0.117415659161639	0.569575252775322	710
0.073280752613562	0.203540756983908	710
-0.058498597580554	0.475297786272229	72
-0.09201810129933	0.467477917999168	72
0.036546654343002	0.219837188217684	72
-0.110600481564677	0.479444447816714	565
-0.066274976136216	0.39852621755958	565
0.018463897156665	0.26328868099513	565
-0.02030708753156	0.27947992627155	565
-0.101570596610005	0.398035076690442	19
-0.039260646058883	0.360678583663389	19
0.099927772603611	0.112998385054615	80
-0.029450825737311	0.14823211233861	80
0.094335391927282	0.150850662062557	80
0.093694491705496	0.154427867090411	80
-0.077306106943519	0.297826725250996	80
0.017131388705424	0.197343807546394	12
0.104066391844399	0.906823817863837	13
0.062001805226225	0.844085368902985	13
-0.017112136030988	0.997670383955174	13
0.106031322550898	0.402155484576225	13
-0.045588526417171	0.993509158346706	13
-0.084008567532086	0.506774568648455	13
-0.084730367114942	0.454646523298826	498
0.071039820315296	0.296985549459291	13
0.061878606672211	0.291764356988398	498
0.011198592517206	0.406833631656708	498
-0.087780577158196	0.604238510689342	498
-0.094696805325817	0.562820206492597	13
0.06609579158974	0.22428510653736	13
-0.033241463099854	0.263551165883745	84
-0.003900990091668	0.284957165621926	175
0.01883168505486	0.298470360488545	175
-0.065444909505308	0.430907707179379	175
-0.050657488546844	0.333627399988972	175
0.076471007084053	0.130755805539424	262
0.081080286876779	0.10559896860667	262
0.034393748187305	0.245584180416375	175
0.077753221461721	0.194430242409846	505
0.068002851956312	0.22531136232198	433
-0.019919908772329	0.362008250852091	505
-0.10202784846063	0.547095033039731	34
0.000471115370115988	0.281272378973075	34
0.021166613748082	0.309706696955097	360
0.104322375645408	0.110241568414524	98
0.040674253149322	0.173987081072926	98
0.03320513725886	0.0829092227871215	107
-0.035314631145369	0.169464455487289	107
0.076051879278223	0.141509494407916	107
-0.075051650099735	0.170169921977187	107
0.00137128134403	0.177536141773179	710
0.070804995598395	0.210101649917029	710
-0.041822478397813	0.299477334163492	72
-0.040405011160212	0.405524870567116	72
0.035814681600711	0.170875464881497	72
0.108520446483077	0.133050635990531	565
0.052722874903165	0.197833116084322	19
-0.018633776110076	0.236476290428694	16
0.00821600137800099	0.27209459202928	19
0.096974733448671	0.115544944133637	19
0.021784463462104	0.188133011924673	16
0.107852721707248	0.121099231453852	19
-0.014488598035661	0.232617828569567	19
-0.060294359508351	0.240547695661379	19
0.06867072939795	0.116067749566849	80
0.053954564871503	0.145735089769835	80
0.067785858477195	0.149445441958803	80
-0.062899193096822	0.229248670590077	80
-0.089664535170743	0.317885363414784	80
-0.031357403521132	1.03086077356162	13
-0.078959180557268	0.638238264879729	13
-0.080950634067085	0.783784548777951	13
-0.018510112360108	0.469406322211676	13
-0.07372729845731	0.468499343293115	13
0.088558974697514	0.211589330169226	84
0.100894138985666	0.141634612946693	175
0.091949555381686	0.175390392318695	175
0.00734429292889499	0.282652650894095	505
0.04032545731084	0.25417445704093	2177
-0.011296410551122	0.347321528274546	360
-0.01622870538511	0.276625507598996	1133
-0.040864512892768	0.250252418961632	98
0.115639010266773	0.0843160488797076	98
-0.100519413155635	0.290590118064491	107
0.00357273609384901	0.137747392186209	107
0.019292430585855	0.165755440742512	107
-0.041508003552831	0.254787624855347	107
-0.033481119983595	0.188990150069784	107
-0.036337102515006	0.248447391036188	26
0.048077192798695	0.215323273842174	26
0.048692348807895	0.232104551320317	72
0.099347859346002	0.156204526195762	999
0.104592784319018	0.147727496337755	72
-0.061689140147823	0.357523709326698	1115
-0.119218867070878	0.466854419169688	72
0.029221993593674	0.229592593411319	72
0.124063860540097	0.117399181293273	16
-0.054804000533555	0.312730025468898	19
-0.040261914255354	0.317585370169114	19
-0.071140926300068	0.315376595106618	19
-0.062756178897495	0.297636232922389	19
-0.039641366961805	0.273434529267752	19
-0.040604244570906	0.276850836856938	19
-0.037976325274164	0.30900015660839	19
0.074698053176251	0.165281097454591	19
-0.018697531615981	0.290466452143647	80
-0.028213416628627	0.149356485316804	80
0.098034980795111	0.0989633093972846	801
0.020228537231597	0.164020982494899	801
0.038103267868712	0.190121877500722	80
-0.082525901985275	0.284255461313208	80
0.107937213496242	0.132662368154974	80
-0.10603166262433	0.407453500483095	452
-0.11345587924133	1.31497007014445	13
-0.083925461691607	0.616477468466686	13
0.110773948081628	0.213790199863664	13
0.002203044443711	0.378141735469184	13
0.059334110181833	0.283350556147639	13
0.038007569223239	0.193676884626834	13
0.10973546896544	0.15671563445524	13
-0.020908708266183	0.300850277561499	13
0.083074659476032	0.139747956350244	84
0.113741694635775	0.121941699033365	84
-0.076963293318846	0.363833349367203	84
-0.035827368748465	0.251400261934925	175
0.029074718023626	0.193744905211063	175
0.074286171514287	0.14930363339643	175
-0.046578206239614	0.261991019728575	1733
-0.020405698648603	0.258737057474594	505
-0.020358474989669	0.295334062260403	505
-0.100757752752625	0.415240283842263	34
-0.044423541336592	0.256912351563939	34
-0.103336576366791	0.466970660700407	2177
0.122127424768405	0.132411230236814	1133
0.025133190128427	0.238552367439071	98
0.015651772769508	0.155312996997693	98
0.054144072351536	0.144550183023684	107
0.035509746805822	0.131766713841803	98
-0.036487086223523	0.200133102067475	107
0.099677509123523	0.129384655166221	107
-0.082142769564473	0.225019500229082	107
-0.094107835998632	0.288564832411567	107
0.023119922107013	0.250613675810924	72
0.096085951489043	0.131569712282959	999
-0.047727086364681	0.261457784230058	72
0.004410560105158	0.220067689596078	72
0.081452948662463	0.105556620443924	72
0.088385302251238	0.145471692561187	72
0.069679718422569	0.167901149578657	72
0.124442188378881	0.0973226310125255	1115
-0.053443116608779	0.283345621482397	1115
-0.082234871821873	0.29641880571314	911
0.03236657350803	0.212994429993576	19
0.063352375802207	0.17198506392716	19
0.056115160182778	0.175234993488567	1139
0.103598665779622	0.0911077217726402	12
0.106495083900654	0.0894324843401446	801
-0.062245662234894	0.244994870837219	1140
-0.093726085305435	0.26545434077783	80
0.078136069860623	0.130416764250253	80
-0.089459755424326	0.286451660526821	12
-0.03092180568118	0.943175773045666	13
-0.056649211453706	0.498566052777385	13
0.04670789303445	0.308115748895981	13
-0.097731654373164	0.459935628705444	13
0.106702801006213	0.156111513746199	13
0.022013030222149	0.205426502651176	13
0.024556038505092	0.290763711628278	13
-0.056504456897412	0.238169546111145	175
-0.016967318435181	0.246913992672234	175
-0.046579427625022	0.299950557374439	175
0.021131610223409	0.1872163229182	175
-0.015218608740457	0.221834634024274	175
0.119113999151919	0.147530881138011	175
-0.000320559362466999	0.268560995766004	175
-0.016656716382856	0.233319902468059	1011
-0.035968538273282	0.295878625324736	505
-0.110640862187692	0.307388273652107	505
0.011103232142834	0.21158754041738	505
-0.064033055904914	0.361266876974008	505
0.075407781661565	0.162032911772983	505
-0.016407007589301	0.266347954782517	505
0.015112827876061	0.348294855733122	2177
-0.117752396930269	0.469584742862861	2177
-0.031953068164834	0.246868391119069	2177
0.084329634358424	0.140869787991309	1133
0.086061433350376	0.139931692806434	1133
-0.00204408359321301	0.20240692807906	1133
-0.033661422976749	0.355281491563186	98
0.110915376223021	0.117388462165377	98
-0.086796866323127	0.283838302282179	107
0.00511580327247799	0.198403861775819	26
0.114937557353698	0.116691604022871	26
0.08575206000041	0.15842188636207	999
0.121860213187694	0.0857787646664669	72
-0.000851435664183997	0.259788526096697	72
-0.000319046666410028	0.202057249939247	72
-0.089636133705789	0.257673575111354	1115
0.078526901109894	0.107013618700866	16
-0.113836228948887	0.334518238973478	911
0.02554994028091	0.160019667878271	16
0.123651213194202	0.111535233302143	19
0.00196307531813	0.174444075350591	19
0.121497451857973	0.0866333072491568	12
-0.00422141203197601	0.206555532399497	1139
0.024891221815339	0.987880258892828	13
0.02326590566519	0.808785669378646	13
0.029213577433754	0.748623726273372	13
0.05605688044468	0.485608810339483	13
-0.01587426885717	0.288555879232882	13
0.044609190399213	0.201719869954505	523
0.050778978673467	0.183712315620908	175
-0.041453272116548	0.406473814017905	175
0.089634965413171	0.150570667324159	505
0.066642871864462	0.182829546530508	505
0.019161395771724	0.209540284145491	505
0.00885237805566	0.255747398694758	34
0.096087503528121	0.129474917170943	34
-0.013403462149497	0.224701287327351	1133
-0.064593052981396	0.233928435784918	98
0.115809034577721	0.0596786463001152	98
-0.040188126477885	0.203279879695611	107
0.00934010258471599	0.137935958289997	107
-0.101909700206078	0.295011508283844	107
0.111500747777108	0.121142736315546	26
0.068223601332246	0.147364607253604	26
-0.036855535000325	0.299719851816975	999
-0.031566002880255	0.288330343495156	999
0.115159882292678	0.116897440822536	72
0.03159622978163	0.177776958506235	72
-0.019451389325975	0.260206272390809	16
0.095264114273912	0.133519658024394	911
0.0059657343667	0.192409478207565	16
-0.000181204953763003	0.221829605817752	19
0.075324451195187	0.14142341793583	19
0.049662326373676	0.147503902985962	19
0.071614372979547	0.143592850733652	12
-0.000472723850448997	0.193274376621307	80
0.042762666031016	0.079494119434012	12
0.109366206147301	0.424782364633585	13
-0.045918693144433	1.09803490617197	13
-0.016774693976135	0.879404554269294	13
0.00317506954646599	0.61705076327465	13
0.113350569070198	0.175233976873156	13
0.05592567349778	0.24294321965987	13
0.027100849772456	0.255136084553603	13
0.039801246197915	0.238027494864205	13
0.121344325067009	0.140300591274657	13
0.04766099685137	0.16747063216752	84
-0.074498512161926	0.280051482461063	84
-0.041889729096657	0.280117002764641	84
0.018641259417684	0.225200943079192	175
-0.119771706594785	0.394513957054979	175
-0.023824060403682	0.238925718306477	175
0.030773310037385	0.179138727636517	175
0.027029568527969	0.132418555922359	175
0.00526570573291399	0.170157788408966	175
0.05689035472068	0.155445159563169	175
0.103578157092372	0.111304169703522	175
-0.102266401420059	0.354322750799953	1011
0.057862464686055	0.155676982938859	505
0.012040845178134	0.253027713958325	505
-0.031178999851376	0.281739092747615	505
-0.081921860506584	0.359445667529703	34
-0.07723330666159	0.334603737353971	894
-0.042469700423012	0.25545562574192	894
-0.121777686462477	0.367880884028657	98
-0.087938928899245	0.238769549577538	98
0.022457515116942	0.160997721119399	107
-0.071439430851941	0.213471197883679	107
-0.112125322758796	0.324519020733139	26
0.032601777881443	0.156669031262264	999
0.079885919777951	0.105717006115566	999
-0.039579362719929	0.264852118386196	72
-0.037070512322238	0.267899249531337	72
-0.041788304479809	0.276852078460733	72
-0.083407813117918	0.308787702721783	1115
-0.095002548382793	0.25001113024759	16
0.034457041545094	0.131843206292805	12
0.044772551250756	0.145443779113655	12
0.080206941315097	0.127223118561796	12
-0.026367923958734	0.150057453986205	12
-0.119412621951455	0.16898410297383	12
0.112307160994396	0.0896412785189092	12
0.06218762046321	0.116871513765337	80
-0.073828994421362	0.166876408915689	12
0.100822076601974	0.0984579032557156	12
0.073683397666381	0.827733877951286	13
-0.038920633585713	1.55269608378751	13
-0.021597670140826	1.06199837392885	13
-0.012004711911419	0.526945433258675	13
-0.048624341019138	0.465204999185782	13
-0.060656496439983	0.3191200873616	13
0.07051762548852	0.215855331455223	13
0.029519794747686	0.260433870407437	13
0.068712772787115	0.151896865855847	13
0.08004328263704	0.159166515278953	13
0.068883662966472	0.178225385366605	13
-0.041448600090227	0.386546981336087	84
-0.042263854861413	0.298887431253814	84
-0.106795600142237	0.311554954327233	175
-0.00771488525859698	0.230355485599166	175
0.064459425242571	0.168422410553724	175
0.073543377704622	0.131487984891161	175
-0.00247391556319698	0.29893680995876	175
-0.00836670147297303	0.37099990926029	175
0.081090258392169	0.157169394509502	175
-0.092111117277873	0.359145218491686	175
0.066943118668195	0.183080514011961	1011
0.08587914739561	0.156976111409682	1011
0.045258741713362	0.185104718411239	505
0.053999926300229	0.161026419350276	505
0.124809376298121	0.084585264349249	894
-0.086221767504303	0.313454420684963	894
-0.10688544445394	0.305636598054173	98
-0.02409892063034	0.231213242587324	107
-0.057797361787427	0.290405594645146	107
0.074379709466802	0.110571512057687	107
0.00334657024235699	0.209535163484418	107
0.069175836117043	0.152557814933192	107
0.095451641578455	0.0999998926122431	107
0.076758483665346	0.109237305914789	107
-0.00330329087250802	0.203118040791447	107
0.012827856403711	0.163756590646995	107
-0.0555341780947	0.297658825119681	107
-0.061495830711535	0.269416910707806	170
0.124282871259389	0.131880116494712	26
0.081721955148267	0.14161628457545	26
0.018524927103716	0.190293987927299	999
-0.098304265550055	0.421384434464705	999
-0.065006947435006	0.246056345643596	999
0.057695108168515	0.186033831634939	72
-0.063414542501821	0.407736957796659	72
-0.040353126885221	0.24964428678034	1115
-0.09267931539958	0.264532753165611	1115
0.081897046481781	0.12139531732831	16
-0.12219287007802	0.242858120131982	911
-0.118820249633028	0.228776672447844	911
-0.07567569490658	0.214496214210579	16
0.092823351002739	0.135957062447598	19
0.033328148426086	0.157704302737763	19
0.009469722400923	0.187713827762777	19
-0.079974803857954	0.306775763620434	12
0.052832727568283	0.144430995464979	12
0.115799288360181	0.102975720792581	12
-0.05805160705328	0.243187226511052	12
0.124044951260631	0.0961339196512029	80
-0.086120028248551	0.247746589532016	80
0.028547704408004	0.159927147495067	80
-0.052796554589076	0.225121458818305	12
0.122758027570526	0.110892108435607	12
-0.017830188946514	1.86468076451313	13
-0.0278135430999	0.71651687237381	13
0.100437417863497	0.301554412879732	13
0.106335166382546	0.196874697240439	13
0.0525805260734	0.37416010241067	13
0.116972639359694	0.235301390788692	13
-0.015757755259761	0.25292644244226	13
0.067597161228005	0.150955461770774	13
0.035658418316475	0.172290049500607	13
0.010094888532696	0.27599495624274	13
0.06189303618822	0.214241957678878	13
0.026051095373294	0.322862667688125	84
-0.078063352722446	0.320226645744066	84
0.084263006152831	0.207839032724229	84
-0.067933263635331	0.415047210597236	84
0.093708532497605	0.115283623143277	509
0.011051368426811	0.223584859852427	175
0.101013968787265	0.111881479697736	175
-0.041859175344482	0.252676650259671	175
-0.060049937600511	0.19826833598272	175
-0.077830893205561	0.276110311857606	865
-0.054990984687998	0.285691410803605	505
-0.037604048029419	0.523013831707903	98
0.099642978299745	0.0981068166155114	98
0.00932042411482101	0.189754782919279	107
0.053960497452565	0.179150513009122	107
-0.00205446622358701	0.205211630885238	170
-0.018229702676144	0.375030382733832	170
0.030592313857974	0.275304407945353	170
-0.082908605832749	0.335616368947774	26
-0.115677879526891	0.422937759199164	999
-0.124828935928767	0.347948880300207	999
-0.025521209761591	0.154049450995884	72
-0.097285244311108	0.463598445795738	72
0.029285997888891	0.154235820703993	16
-0.069331635772587	0.267782167597512	19
0.064342311951628	0.116904385838795	1139
0.053650561361388	0.195635718226736	12
0.120905596848716	0.0986837623467218	12
-0.105377061728041	0.294673176129249	12
0.108714155742002	0.696583994240617	13
0.046399090725526	1.0435700257888	13
-0.00699137402288602	1.11201478506629	13
0.120875667469699	0.207627893879699	13
0.120878119991724	0.219482178089584	13
-0.072042296914518	0.595776776828843	13
-0.035187310524916	0.430686735769173	13
-0.026897237924594	0.321803996356523	21
0.025219307966781	0.220359149551136	21
-0.120734176285228	0.474808309678958	84
0.0187936050146	0.262622697767419	84
0.124982553353321	0.110831014721765	84
0.073969127472624	0.14689866107545	175
0.020402216193301	0.205178735900807	175
0.11576619571934	0.115427899698103	1011
0.043591673660874	0.208346503517705	505
0.087901767309458	0.188870112944595	505
0.028910201609441	0.220558807979409	505
0.117897175741668	0.138592040682601	505
0.00140496617771399	0.251489833597834	34
0.121721552133481	0.112650796621676	34
0.038494494210097	0.250732656262527	98
0.100620033892893	0.142396629467679	894
0.00815837667740801	0.19169788838649	894
-0.020850145679136	0.273335792504673	98
-0.124002722083632	0.428204531133864	98
-0.068759920831085	0.398827774736187	98
-0.09895756359244	0.372046603871965	98
0.072418576929885	0.111965733569166	107
-0.114718489683027	0.339751992616183	107
0.002774761776281	0.197295960365783	107
0.104400215331843	0.109928796357851	107
-0.037912925761312	0.221108216576948	107
0.017253842959085	0.173888754033746	107
-0.027843275689534	0.286153319725086	170
-0.124813835317323	0.335783149369551	170
0.111804040596284	0.102707697504102	170
0.09362380037937	0.156691715115033	999
0.00890362664026401	0.21165576856924	72
0.022115677683634	0.185602802672785	72
0.10487785527052	0.123290900757745	72
0.083303319039045	0.151603796554098	1115
0.00461635720767201	0.196365555009201	16
0.02411734525519	0.202164295872234	16
0.039832041908794	0.187169624605057	19
-0.119327389747346	0.308667416393284	1139
0.059982137087257	0.136819390601822	12
0.021397383511342	0.147453763402888	12
0.064380965821872	0.156112199266681	12
-0.037637445806911	0.222449798522193	12
-0.098445068708831	0.320340617788364	12
0.069108301566439	0.980740660495826	13
0.016058945186089	1.08593289226552	13
0.088190966408491	0.602899104851602	13
-0.06133374539841	0.658376539507524	1378
-0.114355473789439	0.821248265798782	1378
0.119503141126275	0.174063154883579	13
0.116749607926001	0.141043872608277	21
0.122229502644072	0.131981589092515	84
-0.012794957430016	0.302407962166287	84
-0.112613281592421	0.377525856688567	84
-0.108971872909169	0.303552339768555	509
0.079574279881683	0.142334970973109	175
0.050583138391513	0.164881479130859	175
-0.00836489841203403	0.251982201160251	505
0.034584040354059	0.245369525108409	505
0.042662163535732	0.222823966724743	433
0.00598858881699499	0.257912649141649	34
0.087681661984788	0.167833603988027	34
-0.087657509586571	0.477802149051318	98
-0.062986051291608	0.368276259011726	98
-0.059468941673985	0.360423330956879	98
0.074227165165315	0.144029237996806	98
0.101912585640919	0.139713388063563	98
-0.004091618258386	0.178036499488341	107
0.080757353534801	0.127838561932592	107
-0.04387660546674	0.149761886641896	107
-0.083139290052164	0.287870517696694	107
-0.00114845179728501	0.1752528351733	107
0.027042164790982	0.180180921416823	170
0.118975346547787	0.106812141765401	170
0.027635900841521	0.182193653941762	170
-0.069510958125003	0.366632129067463	26
-0.035294767258844	0.313942419644185	999
-0.047948594778527	0.27167206474767	999
0.02050945371282	0.219896175302754	72
0.025654235722598	0.220008651270217	72
0.05434832985308	0.173072304514861	1115
-0.021289768537777	0.279416724224295	1115
-0.059307144113938	0.268860810905188	2042
0.034565216035569	0.153280367008125	19
-0.043094264338088	0.222678159711651	19
0.00126437220244499	0.176765404388306	12
0.048112851319739	0.117878981461354	12
0.024572932164909	0.18301461806217	1956
0.018446896038785	1.10769379605134	13
-0.025111677257931	0.568002995736224	1378
0.060033150862566	0.27097163698481	13
0.088474409327917	0.17740326355485	21
0.103228423281019	0.141309781153619	21
0.109896148008755	0.120283597802574	84
-0.064456445535429	0.29147917936743	509
-0.113881367867262	0.305088820911242	175
-0.105418495785265	0.302720845471458	175
0.076262724422892	0.0714969114028694	175
0.018792855218844	0.230223762446091	175
0.091959693892868	0.150263113799257	98
0.091427477544171	0.172766908093951	98
-0.099824580179918	0.448064645704018	98
-0.085737415848089	0.325055859147243	98
0.108058170040803	0.0907785358614364	107
0.038643683443629	0.130455693497264	107
-0.107916573574202	0.342507705485693	107
0.122010021133998	0.0861410330527586	26
0.066893027652965	0.166532452264477	26
-0.115691605790647	0.341595587394209	999
-0.072385521974713	0.289713881913465	999
0.105117259959228	0.113612184133476	72
0.00798708101631199	0.204836080455276	1115
-0.00684753299355501	0.249869966051996	1115
-0.097817102045075	0.294519229324783	1115
0.035112732911734	0.197175466542911	2042
0.032689368704967	0.153785375990696	16
-0.112067438518682	0.343039592336534	19
0.121962315513398	0.0987723099908899	12
0.075429108964069	0.109591324762015	12
-0.035813797825326	0.15684734905971	551
-0.100653530253205	0.293141429450147	12
0.044724912983113	1.16521739428974	13
0.06306062194167	0.504498355091172	13
-0.057166109566554	0.715131995657684	13
-0.053426007721483	0.521879224532405	13
0.056032626054175	0.315802876469479	13
-0.07543823718671	0.505834803463752	13
0.061664289950835	0.184345748219801	21
-0.00486128314634299	0.250384314035581	84
-0.090878913064717	0.41887503601014	84
-0.00612109771969799	0.226662660136785	175
0.058376827452537	0.178235114126072	87
0.081221375408848	0.143188912570322	175
-0.00110461137712597	0.20253929254568	175
-0.088048247031708	0.319313480498236	175
0.09307731713643	0.150044416384069	175
-0.00354321769660698	0.267860476637916	175
0.079349170914064	0.143622198361062	175
0.061255781520876	0.157385463379581	175
0.110594910450382	0.12035251405825	505
0.040853777609028	0.179760317605109	505
0.118920574430659	0.113272035571543	505
0.03566007110641	0.195641841379069	505
0.088918199013776	0.147817406688567	98
0.119724030358185	0.132890752351678	98
0.047549429323772	0.202015334618907	98
0.069527069256526	0.133223333053004	763
0.027303766503469	0.19587812665289	98
0.014997709297965	0.136049419327373	98
-0.026393299245979	0.155338792721491	107
0.02580696954659	0.154865762108613	107
-0.022241837701462	0.211320893509625	107
-0.070552483084246	0.206777134878181	170
-0.019866650136214	0.207697209302207	170
0.100376618205769	0.144220026058805	170
0.037948303544283	0.193974300613245	170
0.056812654213905	0.163365147081689	26
0.098453170130633	0.115969640177631	999
0.110376595627267	0.105073869093198	999
0.046194413735463	0.183308760201476	999
0.100234660186418	0.119975380488317	1115
0.106899351826638	0.123848931319982	1115
0.066897409528669	0.153847931621129	16
-0.025110842257307	0.306157391918888	2042
0.103817910471902	0.094248680030566	19
-0.096984125719001	0.326558343420851	19
0.122296260829426	0.0825496439409663	12
0.108060057961659	0.106938190550135	12
-0.058797808707001	0.240470847079967	551
0.071571429211651	0.114306770672914	551
-0.10963903025519	0.299552327691368	12
-0.084796650593399	0.248587522287016	12
0.013984441259659	0.1858308111716	1956
0.094297099111087	0.957762386269569	13
-0.040627684870591	2.06106069307317	13
0.075634526821461	0.565260214784784	13
-0.026664541546554	0.696452524089534	1378
-0.052832994192821	0.684090144673744	1378
0.116607238296767	0.180277590485899	13
0.080257582014348	0.207248330580231	84
-0.020468109966755	0.331113457492097	21
0.00437080607370499	0.26272312321549	21
0.079679589862804	0.142802934445405	21
0.092173781184033	0.176957699185229	84
0.099830468480053	0.129234722900449	175
0.050629399092606	0.164046468681948	175
-0.00746046810386603	0.204411097455343	175
-0.04136174434443	0.47519475808564	175
-0.080990354184364	0.331403703393005	175
-0.032270310893228	0.249602521441292	175
-0.092499346350787	0.321270058027882	505
0.108291835985126	0.122433313583568	98
0.103336313804974	0.146678285830249	98
0.097980740762908	0.205304780372023	34
-0.073880065479841	0.295575841741115	34
-0.025193053570422	0.280820550994471	98
-0.098744616925117	0.266783825154669	107
-0.118899961523161	0.228079608847089	107
-0.11976350344772	0.408379096464138	107
0.110968836576033	0.120095052820281	170
0.048297360600766	0.212329808028537	170
-0.00860486083597001	0.230747261909778	999
0.025482832659287	0.201581273410044	999
0.065064726192597	0.166767661406438	19
0.057205700416859	0.21302351888589	19
-0.078486695054268	0.280620862347253	1115
0.075618491734577	0.161987054381919	1115
0.104622494837271	0.110047748399282	1115
0.122168744458757	0.113920037121766	2042
-0.113732436471158	0.303708879583931	2042
-0.042686143374292	0.3039240192273	12
-0.099173182311088	0.262308665053594	551
-0.026289139236886	0.215496164317646	551
0.04397576681645	0.170303480298658	12
-0.111653399391772	0.334432532204457	1956
-0.119802507878211	0.88003842752801	1378
-0.110756412309372	0.837016115561092	1378
-0.096687344858407	0.894478092577139	1378
-0.122443919209434	0.64911762926404	13
0.067953056473358	0.210145717953485	84
0.114715524214908	0.144423748390225	84
0.045396535980067	0.168828108053487	673
0.073757023304393	0.166779764382334	509
0.070651273163993	0.134181476231844	175
0.099794253617917	0.190233047252538	175
0.122680506809976	0.10960377725407	175
0.118375287005586	0.126083290354834	505
0.026408232204255	0.180138020837406	34
0.040226658004144	0.222420675401677	34
0.060338900138815	0.193618136904197	34
-0.033049622747734	0.316258373766368	34
0.112262447664378	0.131655126903809	98
0.068369700745745	0.166056072257646	98
0.034855275368255	0.149851809960316	107
-0.078704802092244	0.212879639634009	107
0.07176986929718	0.112716844509659	107
0.123159130397646	0.0853542633098558	107
0.00303169428021099	0.175098038614807	107
0.10585375443722	0.107178182235554	170
-0.055247176217669	0.239364199821554	170
-0.033065857254127	0.292597123839277	170
-0.091883054740464	0.257521137290316	999
0.028134343137726	0.160940070240589	999
0.098885263597171	0.112555583935834	19
-0.061164969390686	0.267140828186869	1115
0.083059188599745	0.139508085164894	19
0.05449858926493	0.158905646688858	551
-0.023923430033558	0.217271960039897	551
-0.097035337931764	0.366210807612985	551
-0.026086117736602	0.216983073145918	1074
0.101568991436857	0.0944729613455676	1956
0.033729862475622	0.152134717444517	1956
0.100828811198575	0.549037518765436	13
-0.085812401409429	0.799079894755609	1378
-0.059125888204931	0.562209986661474	13
-0.027930768066141	0.433058787185931	21
0.010453899862827	0.250344653035026	84
0.031653825975382	0.199087886100313	84
0.121430585195057	0.109606201994536	84
-0.052860432083989	0.304457300847703	175
0.121634298199266	0.0992958301029518	175
-0.000564310326416018	0.233144465408604	175
0.029269381779684	0.251868325501336	433
-0.055579695683705	0.319264670537329	34
0.114482583775287	0.117420252961142	34
0.095257516558268	0.156822696992237	98
0.053963377418595	0.179456476881753	34
0.097160187589459	0.150629022988286	98
-0.056199046809845	0.243481857887261	394
-0.025368669597507	0.182813527847041	107
-0.07356374288936	0.216377608210285	90
-0.00224166196164499	0.141036648867359	107
0.054682723450021	0.179089481978774	170
-0.00212015032263702	0.202737782362617	1800
-0.020804302144669	0.239611575712467	999
0.108419251969823	0.120523734692466	72
0.018372131363113	0.206429687468858	19
-0.111064699672267	0.353826816933539	16
-0.094324240925475	0.348662943309954	1115
0.03306395374624	0.176540390173429	16
-0.09172975879668	0.262937429148009	12
-0.06625822994499	0.159458567273984	12
0.021310137314873	0.188260132241745	12
-0.049795068863159	2.12229568523303	13
0.087547320769226	0.510726788712375	13
0.071418035884383	0.62714180836898	13
-0.014343606898867	0.424721955645902	21
0.00985182161068299	0.370898560760627	21
-0.014846884046565	0.418912145027185	21
0.01461890954005	0.310203199111772	84
0.079333800182217	0.248962273215552	84
0.048821651716418	0.253097288439028	84
-0.023185391625732	0.301211112958973	84
-0.023604709791614	0.259876821876346	84
-0.074487993841262	0.435883308732086	84
-0.070461107366901	0.370636387574908	175
-0.110219402172436	0.382907796273155	87
-0.089570346080925	0.257726846791622	175
-0.076891298784243	0.459113785458626	175
0.040712196862629	0.211542476113362	175
-0.085278979348803	0.409773007272079	175
0.00826854812130101	0.312998973188418	433
0.060125540258624	0.201532229820103	505
-0.058865506348887	0.388912050332869	34
0.06474064108426	0.209553662085272	34
0.015450009801932	0.22900393366131	394
0.021925204016465	0.187279847918464	394
-0.037375589056406	0.227784060221002	107
-0.089471999047774	0.260599474637745	107
0.103935331146802	0.109294594956236	107
-0.107892908275382	0.307331421836082	170
0.041951964402492	0.188181283081071	170
0.093914822909286	0.146040901706295	170
-0.098204305031216	0.44584518701146	170
0.013629343137713	0.191749962225278	170
0.118970041972922	0.121951750176754	170
0.066364537754732	0.201206712430369	170
-0.00798897528277498	0.340115042859697	1800
0.084253532543065	0.169406971580496	1800
-0.020801553759585	0.310549364994677	999
-0.021412012427724	0.285107974380379	999
-0.076052145205973	0.401396636727384	999
0.01426451464104	0.244694551532374	999
0.098064526085601	0.159216050022435	72
-0.089151619703951	0.420546814688072	72
0.010448108946274	0.236965508300662	72
-0.086023001191862	0.388737812775918	72
0.102704443991944	0.139313936738089	19
-0.085569853572484	0.316424011789735	19
-0.098665135170882	0.313949254604814	19
0.095666703681457	0.128603018267896	19
0.064638716409759	0.15415889805858	12
0.017045798002008	0.210767647046482	317
0.024147223195677	1.38732445778409	13
-0.053718812114615	0.967493407704784	1378
0.083186736409177	0.305152412621159	13
-0.021271799896437	0.566242926176711	13
0.018526362746044	0.378411731944578	13
0.00972719488378301	0.402986990199905	21
0.058193097912606	0.251783452498961	84
0.049794843245173	0.245315191315955	84
-0.058477243561594	0.415290724846573	84
0.1227587488183	0.133150948894504	84
0.006314245679022	0.254537680450652	84
0.00655087857704301	0.301589907657969	175
-0.04114939226366	0.280090371544054	175
-0.111382401959551	0.330933566633877	87
0.00353613832525099	0.209865906178249	175
0.040505215882223	0.221005791338966	175
0.083928722482529	0.17708908743281	175
0.109953429890338	0.147021747115117	175
0.025931842785585	0.196900624258797	175
-0.090583064933209	0.429877082389481	34
0.00595397287497601	0.326115999340631	34
0.095752396109282	0.18483020814341	34
-0.118606822715738	0.449919031903092	34
-0.044188889467669	0.361170473727179	34
-0.022820898816295	0.315099639912066	34
0.012329891803084	0.297484993606148	34
-0.112445523565845	0.462447510610569	394
0.052437432363064	0.20480080982781	394
0.106459372588644	0.125194933028744	394
-0.038915404791829	0.243442462175525	763
0.057976886214894	0.152949253911136	107
0.000799439341533009	0.195787502968145	107
0.095290310023914	0.109604058702298	170
-0.051865282412323	0.354854748270077	1800
-0.102124346096861	0.345898310216621	26
0.082169814655828	0.170030316651867	999
-0.04633940195724	0.324315673352279	72
-0.101776802013846	0.449569346623046	72
-0.035205667384688	0.267151182109701	19
-0.077117413169884	0.367873064475998	16
-0.015490801438128	0.277199458017265	2019
-0.03059664705073	0.231364388095548	19
-0.003612228686383	0.287245191208733	19
-0.040038933842073	0.303014576283961	19
-0.031890916682779	0.215070698551424	551
0.061415997661763	0.203742525846815	551
-0.00854104839193698	0.1798723779054	551
-0.068507617940133	0.241954078651635	12
0.034796356524682	0.15596407359951	12
-0.082882905581043	0.31047791015905	12
-0.077788216400848	0.241370453089209	12
-0.117053869528509	0.362163801311684	317
0.084553359192295	0.139550963678749	317
0.104212523701497	0.443543330277121	13
-0.050417763989762	0.485107554784802	13
0.074833994332209	0.253695331773486	13
0.051862670448935	0.258078085857918	84
-0.037498767044502	0.380443151382478	84
-0.035393239729923	0.406587356460814	84
-0.050500784728512	0.230701949714636	84
0.065452290011166	0.135984339539195	84
-0.031701963532371	0.266186363075222	175
0.037673254155124	0.129060770415335	87
0.104701944723873	0.0931317235536047	87
0.080251092520919	0.114384926212632	175
-0.064031955322171	0.268219774790107	175
-0.013654107690635	0.258580141745748	175
0.082502696417003	0.179659504078457	34
0.039743170075277	0.190781878406378	34
-0.049413668055965	0.330872477683416	34
0.050197922444675	0.174035522034119	394
0.031559256974539	0.156704532770377	107
0.108900532162145	0.0607959197294444	107
0.069415743602244	0.114624477655828	107
-0.000377103796911027	0.244231807856172	170
-0.067260059795221	0.369259660599497	1800
0.052675080637578	0.182256351506458	999
-0.061005312740791	0.311707125352541	999
0.057882723526386	0.20623497818442	72
-0.104168351588031	0.407398297780121	72
0.123817714081215	0.121298523196009	2019
-0.074184837686594	0.307576030027901	2019
-0.056213308459687	0.240906913477514	19
0.12152954518898	0.109532904455859	19
0.054417927253147	0.159180337829999	19
0.05744032623776	0.161605825907512	551
-0.122166749379535	0.241395174884968	551
0.003981224699425	0.143545898954653	12
0.113790702043513	0.0865949099532278	12
-0.074009521208131	0.218894278566209	1074
-0.105655467230423	0.299883957085004	1074
0.02472103703128	0.161170925646736	1074
0.029896593257512	0.159655879764391	1074
0.014587404430287	1.10862834968971	13
0.108824697262572	0.328979836291708	13
-0.00145023343461298	0.695497854001614	13
-0.01397813728223	0.479230366095073	13
0.0673976092696	0.302915330249668	13
0.109807315595016	0.231628758082409	13
0.06969992274373	0.272424407373499	13
0.100096674679574	0.196625360830591	21
0.117766771670432	0.153700883347043	84
0.096631360885091	0.171176128388909	84
0.012675866376036	0.21142179266627	84
-0.00601890811584399	0.288596200166936	84
0.09344240854116	0.0995956219470372	87
0.090764287655129	0.121881249695852	87
0.099313123696797	0.167802985088763	175
0.085459106907336	0.176828274472228	485
0.037471976355713	0.212854871737749	175
0.049710071088291	0.244456061694906	34
0.088190138490958	0.173073802385175	34
0.084151875385548	0.195982582531832	34
-0.025339026435522	0.387823955332009	34
0.037318146204827	0.227678656341984	34
0.106730051744394	0.118529868128666	34
0.050248609807768	0.230585379145505	394
-0.016704627293004	0.254503007225602	394
0.049221643506897	0.122184706662645	90
0.07474603291326	0.110048077814771	107
-0.020357976861404	0.147655473565643	107
-0.103125980555979	0.375128888823486	170
0.04989356480573	0.214806927666389	170
-0.012340796500193	0.291606135739525	170
0.02027540461908	0.237494870002443	1800
0.035842593669151	0.243625616882145	72
0.028944716688838	0.179301887811589	19
0.026198687745204	0.250759272857198	19
0.017586038529932	0.218862526353265	19
-0.102819167511997	0.395119275574376	2019
0.015253916866147	0.270532334812974	16
0.11238220667391	0.106728344181267	19
0.092697617309038	0.103221071152032	12
0.00663305801301101	0.209594804800215	12
0.0000586301895119934	0.198335195811278	12
-0.00270228880858497	0.179863002505202	12
0.112503252697915	0.0873562701342337	12
0.082963510846407	0.126032001921176	1074
0.081807384894727	0.0704286306606456	12
-0.046036219909359	0.266168365336637	317
0.035444658358211	1.18933690861945	13
0.071466544822081	0.607290353369437	13
-0.044398924596292	1.0802847699245	13
0.075783761063443	0.475263615710844	13
-0.077937085628146	0.813485688480926	13
0.045946618771457	0.409056153735122	13
-0.096342283775597	0.866040653643882	13
-0.076030966359269	0.813728608887781	13
0.028368733371769	0.327419614333893	21
0.105558156098855	0.211644796016989	84
0.09028584157061	0.221267381461969	84
0.032875398883854	0.286958167941972	84
-0.030502171061248	0.198645817821867	84
0.038769829611036	0.169210557884029	84
-0.028965375817886	0.192519036407048	87
-0.088201638628295	0.365268555495914	175
-0.010181406988098	0.225280793506042	175
-0.00163554061930199	0.281237250693911	34
0.037153109954777	0.210235419850908	34
0.054253184874677	0.233474539789763	34
-0.067999498506155	0.427610695477471	34
0.036135959027061	0.298316157428607	34
0.106215926526461	0.165614736200941	34
0.075860788319447	0.208306281441056	34
0.097709479682604	0.178045914433598	34
0.116164363543138	0.0889435483293579	34
0.029795051516823	0.160599821251007	394
0.077227137324284	0.0708057572916611	394
-0.00326579812026301	0.192906648900503	90
-0.00564553260601602	0.285564201504904	170
-0.076860522591718	0.476642657933561	72
-0.120969644839548	0.395304809889706	72
0.027679532825348	0.197983651404473	19
0.035624282574774	0.226029345722455	19
0.117088597787406	0.127688806161171	16
0.086255833072262	0.136203155559712	16
-0.054992613299684	0.298874169833187	19
-0.093381709817083	0.366907678249855	19
0.120544263298317	0.0870058081530213	12
-0.074186276040214	0.304021044211774	12
0.115633094576256	0.0608954825416231	1197
-0.00389896785046801	0.2066031974506	1074
-0.017621313235785	0.222465537108279	1074
-0.123074801016501	0.180928876777358	317
-0.099584424780205	1.25256046213341	13
0.041201044521552	0.380942462434628	13
-0.108613242994446	0.668588315177426	13
0.112000720901666	0.23353708534196	13
0.069882319221834	0.333138584430602	13
0.093692024873014	0.143952082499553	84
0.099622567519483	0.11605096002764	84
0.087100479912778	0.164591450006989	84
0.060073685213226	0.209957334202632	1015
-0.034666624732408	0.313290414922145	1015
-0.047164777057504	0.202415032469109	87
0.086064132259835	0.122887836841688	87
0.000948296758253003	0.197312478136803	175
-0.038411085465913	0.32343624617004	175
-0.106368205240102	0.439910388451067	175
0.077936138536075	0.199314722306354	175
0.059736949641201	0.187230931003502	175
-0.086618426587948	0.317771376702561	175
0.094669283670227	0.170350272465666	175
0.013602940314404	0.312148703359329	34
-0.01861323798276	0.366410023215097	34
0.097780729392958	0.185742750066303	34
0.084519286358219	0.186638449003364	34
-0.061849665069632	0.355330538564899	34
0.00235754170551999	0.346138807773955	34
0.034300666626544	0.176321238792731	394
0.037959153636767	0.0809066230202459	394
-0.032626122715607	0.157351652488964	394
-0.00166211834038499	0.143624646885593	90
0.011605092374183	0.272420839882358	170
0.035895945606217	0.252524259771705	170
0.09148290220002	0.16197396498378	170
0.084735495002423	0.201628066097193	999
0.085819475280919	0.178358797981288	999
0.118531496990925	0.160362872088503	72
0.056784857197343	0.243884721424746	72
0.101799232312233	0.158999371927513	19
-0.065691353568235	0.40046219223493	19
-0.101282048956334	0.420938363402299	19
-0.073366968531568	0.324309428864594	19
0.10195493082915	0.15286522774818	19
0.034939117572976	0.227895916753055	16
-0.106068981993719	0.387583525299117	16
0.022306066938345	0.255711718950488	19
0.052867571581749	0.195474043722522	19
0.035462548463142	0.211401294218964	19
0.00774969552687199	0.138615010958255	551
-0.026272661457686	0.153138974856974	317
-0.00248991106264301	0.178022178703762	317
0.04900082623096	0.73132179231423	13
0.100064245928402	0.434002148597366	13
-0.027760851857845	0.713506737546393	13
0.088828305903676	0.237284832566571	13
0.023497858563263	0.395282976884104	21
0.024897379029938	0.328727330476627	21
-0.120556954830557	0.539478710305236	21
0.088420763914078	0.195045488072823	21
0.018735681009327	0.22532168249007	84
0.075348457882867	0.129143989413662	21
0.087753563113605	0.159710628047634	84
0.088855983105094	0.180384500676123	84
0.041193371060196	0.208609615700588	84
0.041213292233556	0.204937756036834	1015
0.026260690183833	0.157093287493407	87
-0.038585563613618	0.248640926664769	175
-0.103555914007711	0.373901409837927	175
-0.095974203342306	0.374590059645635	175
0.094045986275628	0.177107965529901	34
0.050201294511926	0.227256119251124	34
-0.047097570581663	0.369953238002117	433
-0.063461421184691	0.362042458639231	34
0.016767694707886	0.293507414667831	34
0.0766516325697	0.183707567355578	34
-0.049393211641542	0.319235534480325	34
-0.065415853358457	0.379515732205322	34
0.067856349772377	0.223135225101167	34
0.043703029011999	0.217002473522008	34
-0.00971291687347298	0.248223853964674	394
0.048728392838504	0.0728377732056111	90
-0.02022732240993	0.337965352215924	170
0.045163053787489	0.206320807038728	170
0.098623884070039	0.130501556010599	170
-0.05181248819623	0.314168289902344	170
-0.01602753945377	0.273432188877854	26
0.011715476040971	0.281141069302024	999
0.06978213766776	0.195936879472802	26
-0.110841720968786	0.41609034588856	26
-0.046538738804531	0.328173571617317	19
0.054741511238326	0.208122613193618	19
0.061136182121249	0.189578328762073	19
-0.040411157409163	0.278713365144854	19
0.034793574400126	0.240619022807875	16
0.122646911707316	0.0977052520657942	16
-0.02095107641319	0.27554006208112	19
-0.062851180560319	0.341498143998521	19
-0.037573780021832	0.199386707646148	551
0.044960643892203	0.125890337913883	12
0.08547925388949	0.0683025779988539	12
-0.10849506367169	0.305594964252057	12
0.068137698241053	0.15042294362495	12
0.029165789757056	0.156428755772241	12
-0.124145781506767	0.182159529691145	317
0.113309533786071	0.610132687915053	13
-0.000395580720659983	1.3474878097564	13
0.111198645868177	0.164624992881411	21
0.046320677003462	0.271706210459253	21
0.084181130729813	0.182209219446117	84
-0.026683511178129	0.323723966627131	84
-0.049986619726385	0.334824453215791	84
0.01563694805594	0.319883026335612	84
-0.020037095531545	0.277303446071942	87
0.019862406319925	0.222311838817227	1015
0.112217409882337	0.120631252051578	87
0.014087473038662	0.28724252003201	175
-0.012499498495103	0.340160705761439	175
0.052317696179903	0.196933671520694	175
-0.090752478584983	0.463344049554258	34
-0.087751574309028	0.413493164655999	34
0.028675952558313	0.223625988961347	34
0.104660378159104	0.130220965426284	34
-0.033249564423813	0.267876283212827	34
-0.027676967021594	0.282492872110785	34
-0.01018495562997	0.208163763361485	394
0.069415743602244	0.114624477655828	90
-0.064049063588906	0.314353325803302	26
-0.09373402032737	0.359613002272867	170
-0.015672802226468	0.258542219607512	170
-0.10331222133316	0.372977723508197	26
0.051111763587399	0.195807944908343	901
0.078322326541484	0.146120646207138	26
0.044020882976384	0.184781600558954	26
-0.074893988368818	0.366125684468759	19
-0.010454473521265	0.290817686557129	16
-0.077932167409928	0.305801438476675	19
-0.109115621421499	0.333882209533067	551
-0.071700507041802	0.242575720864063	551
-0.079140167638057	0.352757966653581	12
-0.012176615295705	0.249695246186574	12
0.093314557377966	0.119082142116218	12
0.106675737902874	0.881805266083712	13
0.001765091081156	1.78803054132381	13
-0.001909356439876	1.47122613001968	13
0.121024695334547	0.18317638646229	13
0.076603585882928	0.240302371824751	13
0.077178014557911	0.18940936375122	21
0.072471507618336	0.177842973509578	21
-0.046910083695295	0.312722141675718	21
-0.071125800796779	0.37889877783125	84
-0.00358858494631298	0.244043686653237	1015
0.114437665193712	0.129454610619954	1015
-0.063285367532365	0.295885845362794	175
0.041778278266256	0.205557727345871	175
-0.102912288671233	0.444811492146315	34
0.087972718447614	0.121380596678481	433
0.055006405082856	0.160755893538294	34
-0.092191981196772	0.318140201944306	34
0.123926480027636	0.129103079200681	34
-0.027995800038138	0.359304125449679	34
0.121964361593702	0.098789122158934	394
0.058130508105506	0.141698801587011	394
0.119713869959093	0.100060711580032	26
0.00306099544882299	0.219354626855536	170
0.122222446517506	0.123193785898945	170
-0.017264746853005	0.308898944570781	170
0.120272661394125	0.118684353897345	170
0.036221326037114	0.223203031727238	170
0.021618747717119	0.242355743190072	901
-0.02056996148305	0.237941297853884	26
-0.061942790632509	0.364299902564868	19
-0.070399161775672	0.371154357677546	19
0.000622231847593996	0.17490291194386	19
0.039968392259277	0.190665285229824	19
0.032284662260965	0.130031408440378	19
0.083587084936365	0.133461646846117	19
-0.111843873795583	0.333319187293588	338
-0.092468140449452	0.262127900194704	551
0.094919928839526	0.113528093924761	19
-0.120444158496711	0.346046191230283	12
-0.094931494063009	0.258809973200507	12
-0.032365406258564	0.225464399259559	12
-0.106422869095247	0.33900286719388	12
-0.092603287968	0.360592497232009	12
0.034562845659197	0.196170258001204	317
-0.028687771989227	0.147996738853791	317
0.031736792373888	1.10910590537967	13
0.11147543946649	0.476383479239379	13
0.021928251298008	0.237587344633556	21
0.033804460246866	0.233729485536318	21
0.033183854955164	0.321698638408635	84
-0.073233443998782	0.330814093098842	84
0.0981693934491	0.184876983227235	84
0.103667440883588	0.111963438097495	1015
0.106386416885333	0.121667345552251	1015
0.093818202131287	0.218352538493529	1015
0.098532704014832	0.127275051406675	87
0.119323592859633	0.0877188295840799	87
-0.041054036491064	0.252295086932739	175
0.03536357406485	0.168894301675673	433
0.080304379721399	0.144956994270196	34
0.035029810293317	0.280542394922921	34
0.026207054187256	0.181275105142715	34
-0.00841082903160101	0.229641654418512	394
-0.00613198937598702	0.200370860194727	394
0.089185476083378	0.153196637489236	394
0.068562108600533	0.157666299818961	394
-0.02763461413626	0.24102419079954	170
-0.039951866396734	0.342958023841693	19
-0.035452097376	0.244577687318407	19
0.053591858564652	0.161173359346658	19
-0.033648440797503	0.19813946620279	19
0.060008006333253	0.133681646087875	19
-0.096223816588297	0.263141089481581	19
-0.104427180816138	0.267200548508266	19
-0.072394069530201	0.209378474319661	338
0.116656579194532	0.115153512867306	338
-0.079496384062824	0.221928003218496	551
-0.07314159500884	0.297840211107799	19
0.001633121067074	0.17595460874148	19
-0.053356681556784	0.33591616475006	12
0.012403697620122	0.246065282783039	12
0.042762666031016	0.079494119434012	317
-0.041067465697413	1.85880281488272	13
-0.118859182613639	2.38508495051034	13
0.063600134554962	0.278609371207399	21
0.054441985000655	0.26172641705463	21
0.087932461772459	0.189648312545218	21
0.036235798258153	0.195920744586703	1015
0.018840483705539	0.190115334729458	1015
0.067614076967017	0.168199154939169	175
-0.076929840100367	0.407483758086665	175
-0.1203836057849	0.466156485639498	175
-0.098622791912885	0.455262746066315	175
-0.024998056694701	0.308157544872909	175
-0.040406389373618	0.321946804205787	288
-0.085011505241703	0.361985219473809	433
-0.040101410929337	0.312436053604906	34
0.102366960761677	0.125454777901421	34
0.124791508741706	0.112231538385917	34
-0.016950382073756	0.231614312350064	34
-0.076520432254633	0.377862413922327	34
-0.105822262722584	0.268280444843161	394
0.081562915039652	0.15930262389614	394
-0.080440143664332	0.169202495396388	394
-0.015003107700335	0.203887141043933	90
0.029594349263179	0.159168614001167	394
0.109896148008755	0.120283597802574	394
0.010980347207977	0.228855430210119	394
0.072454233232086	0.143978358684863	394
0.01261620751645	0.204299405717492	26
0.092518060633666	0.130294598579497	26
0.077827499475565	0.157360616572277	26
0.099914537756488	0.130448992551625	170
-0.00533849966946198	0.304423699537398	26
-0.051402410351798	0.282260469014006	901
0.010432843251254	0.24405180185221	901
0.066083268604147	0.176472578385434	26
0.10487785527052	0.123290900757745	26
0.011057779060113	0.247116721201302	19
0.106413158425158	0.137952878669386	19
0.119221739895331	0.123647164018836	19
0.021613345111173	0.163742822432263	19
0.100307413700432	0.126396678663822	16
0.104372422541487	0.111157395421842	16
0.048111298199127	0.167464566789988	19
0.061598651304288	0.13561907894185	19
0.084842077289906	0.133690801853562	19
0.024070350038855	0.220325220844414	338
0.102102239344915	0.0969985181479352	12
-0.030748141736783	0.247689010562855	12
0.108672957389483	0.0639486589490465	317
0.023698449324794	1.4071559398538	13
-0.054320391683238	1.97304185542329	13
-0.105364159711086	1.91659879578661	13
0.067659814195324	0.302187011059959	21
0.076796926335988	0.228023087672304	21
0.117649112264571	0.136599856981284	1015
0.093795419203504	0.134520373911611	175
-0.071023883514848	0.390957756565631	175
0.00223705022119	0.306013426654607	175
-0.097726800018421	0.450539900644706	288
0.04148317269904	0.234304990562338	470
-0.120524844768955	0.496802477961582	34
-0.029670546194843	0.291846827849138	34
-0.030030481783611	0.305943053483657	34
-0.03352753888925	0.349138974900747	34
-0.110214121072414	0.327959507573257	394
-0.101255689744765	0.298764280601269	394
-0.037423419028926	0.218473027762334	394
0.107305371543415	0.157340148297892	26
-0.078553040782199	0.42649782341711	170
-0.030213639590992	0.219580200356203	901
0.034905393647251	0.20182062387602	901
0.034920187206661	0.226205234443617	1054
-0.084393599938569	0.363013082652126	26
0.040842615926808	0.190166474840763	26
-0.00653744037089699	0.298236420586261	26
-0.022699131927615	0.286538693208708	19
-0.031285413843953	0.276076904054955	19
0.048673685623021	0.202666248217222	19
0.044243131209701	0.186613577926102	19
-0.00275345896101098	0.224906820242401	19
0.124463874924568	0.0834602568419533	19
-0.092417853290929	0.261664545467172	551
0.034686156004767	0.156665400034222	12
0.105798793716878	0.109705489065988	12
0.030531744711257	0.157497485944918	19
-0.09981517021627	0.26566056059391	19
0.112254130638384	0.101870972541458	19
0.111089241207541	0.134672843458738	12
0.114021573562873	0.110218228729391	12
0.036616854812173	0.18522343258017	12
0.106221382585614	0.90415738923672	13
0.069938932579684	1.06119666618872	13
-0.07473842549044	2.26846816358481	13
-0.081734297736243	1.67381892240037	13
0.027614363130596	1.01807997503789	13
0.093580003686407	0.258483157885667	21
0.092174024168441	0.164923596046646	84
-0.079768008932706	0.443625984114735	87
0.016605452679334	0.276101957551297	1015
-0.030916952005167	0.293351566996279	1015
0.061944257047601	0.234036875090557	1015
0.068573605744006	0.2283015882336	1015
-0.079411798633644	0.516246270197823	175
0.097981018248711	0.152428404549663	175
0.102549903379918	0.146804237745252	175
-0.053444589154618	0.408153859833756	175
-0.037185381791464	0.351785854306172	433
-0.007887125939119	0.288317539582427	34
-0.057630800559022	0.368840672378332	34
0.07764197880077	0.161816769133275	34
-0.116387922464335	0.38642989911308	34
0.069545362847402	0.217622705233087	34
0.050444158643704	0.184359053542054	394
0.028175669668655	0.180653285082602	394
-0.086692990941749	0.252951590356566	394
-0.121759078853296	0.271345642677332	394
0.008140839379746	0.144096725384663	394
0.111357768766926	0.145853550635093	26
-0.071961892867404	0.41219421915945	26
0.042625029846046	0.24758524674417	26
-0.070170992353608	0.325447420070297	19
-0.00932002742364702	0.230131307872622	19
0.070745814332997	0.130437739417069	12
-0.121018177262273	0.333681776800711	19
0.002704422006017	0.173502168593251	19
-0.071948701269263	0.212178419529614	19
0.026035905507536	0.199578744942063	19
-0.028683515834848	0.256578731368879	19
0.109189093383868	0.088920372658578	12
-0.00789642432705501	1.30614279502364	13
-0.085294653258959	2.02381278085144	13
0.079808381724431	0.284794687298969	21
0.022681739424073	0.281993701029437	21
-0.075460637630076	0.366482454340714	84
-0.059069591417272	0.331549408491494	84
0.090202090897979	0.202674367721095	87
-0.065960600898122	0.41647933905953	87
0.119226126397219	0.101529887996217	1015
0.092707306334588	0.20805884531142	1015
0.068458133084568	0.206722110923635	1015
0.107998971510205	0.146085971996578	288
0.064799623779566	0.205262605287984	175
0.103138108245252	0.152068455318033	34
0.124371622969049	0.130826085346656	34
-0.060691782439509	0.397123155880476	34
-0.052856291174465	0.370933382683873	34
0.025850796490683	0.250359662572308	34
0.092468596242289	0.162672803362961	34
-0.106326117927051	0.391146959118533	394
-0.058241499071549	0.237472186550458	394
0.08194233386685	0.124235884454493	394
0.053700706535802	0.159376588236763	394
0.00599134701321	0.144259540388315	394
0.115792934496771	0.0890377463066744	394
0.012945261976168	0.207176923795314	394
0.019865066114862	0.206318591768126	90
0.090982921481557	0.147347220975197	901
-0.015318351163949	0.250197042243012	901
-0.122499474563196	0.450714710651048	901
-0.120773046512433	0.435913961886797	1054
0.052331729072699	0.162936392539718	19
-0.00399938824453899	0.247242637372218	19
-0.015451610277768	0.254699817232141	19
0.002985103169761	0.241475549418045	19
-0.083609107407539	0.336799390550964	551
-0.029458312036957	0.223939027850469	551
-0.00698338903338902	0.248367967589271	551
-0.02654576141762	0.244520188388426	551
0.070159518946067	0.167077824225406	12
0.063773151963543	0.180235801164139	12
0.051517281583325	0.208532516024822	12
-0.076834055005263	0.273989819667362	12
-0.104810269031469	0.29059241820863	352
0.019311463086618	1.43517897445994	13
0.048189315073585	1.07601588356579	13
-0.039693182797365	1.79156435434514	13
0.08463943785231	0.216905738146626	21
0.076922721421005	0.22900555806841	84
-0.011067789036118	0.270170811897446	1015
0.092199768993411	0.147963243922111	1015
-0.096647033338404	0.376716955389794	288
-0.00805253444669502	0.365893104550249	288
-0.018849784834021	0.353359978315562	1015
-0.00638846593717601	0.251848283386849	1015
0.015709076990854	0.200335301362105	1015
-0.049510670214677	0.264091532050381	676
-0.036186479165549	0.273052137897947	676
0.04943648629994	0.166007529515764	34
0.097372678238509	0.18310486407538	34
-0.067138586264916	0.309152658403312	34
0.089373959801557	0.134036365939177	394
-0.05470721118724	0.311220155195936	394
0.101118867561488	0.128453413595518	394
0.036167838479402	0.17213154939621	394
-0.035223788490977	0.266608599240637	394
-0.067526993394115	0.348018030238862	394
0.021767561891636	0.291569010423131	26
-0.056688963054724	0.417422303152084	26
-0.04497140157243	0.27324132140007	89
-0.042498169678872	0.399351978694101	89
-0.083358489271054	0.418541204931148	901
-0.042966516848049	0.255289047107068	1054
0.09832109221612	0.130927930777598	19
-0.00135604020979202	0.194924169749881	19
-0.094185340250859	0.255551318651826	19
0.046065746983461	0.123233788941372	19
-0.078043570940823	0.169800793651535	19
0.116203960618993	0.155810687225311	19
0.111398488948081	0.0910480259137918	19
0.123150116337808	0.0841760118018702	19
-0.038809318660245	0.287530455491858	551
0.019425309942652	0.249012985729684	19
0.00391070892859599	0.245421741745144	19
0.124174947130606	0.0815653379235175	19
0.098483252137638	0.142857251511968	19
0.072437193186065	0.177871064585939	12
-0.044013149847738	0.28189345590317	12
0.064102378760826	1.00056362481248	13
0.024871454914066	0.203662344299513	87
0.034050551034678	0.215650284938955	87
0.080675158423743	0.279786989764806	288
0.111360356672848	0.10845049441231	288
-0.11223449055751	0.571300348171225	288
0.032272340328711	0.128181226303438	470
0.077101195708398	0.124688661909765	676
0.004980278145582	0.144346504353353	34
-0.054394649874919	0.230183606586532	34
0.005842722680101	0.267863877301171	394
-0.122318928554081	0.360267584519292	394
0.120274172749837	0.114952727897844	394
0.05256295088674	0.195726805619066	394
0.025937010292334	0.396026464475649	26
-0.015360467049037	0.434570222928746	89
-0.082532674332092	0.530007347178876	1301
-0.091114748233046	0.733941815502826	26
0.041799051227653	0.126901974763649	26
0.081955104353153	0.0696234528511681	19
0.012780502650246	0.398876416979632	19
0.071401491238347	0.199460331875502	19
-0.00356142391391001	0.428818790638971	19
0.081571771114125	0.1416206408923	19
0.086503678174185	0.177594968027552	19
-0.00230729096649701	0.344530815349293	19
-0.024590356303266	0.41510604710615	12
-0.059084660451272	0.513517740830333	352
-0.022583990706939	0.241059974522772	84
-0.040423012612837	0.319686754279625	84
0.11195407958483	0.262762422769049	87
0.103172110111104	0.178281067649928	84
0.044189379487563	0.187730744321165	84
0.053436747737183	0.165418053625904	87
-0.032411130116222	0.332416926595775	87
0.090858935537978	0.0953350466211128	288
0.0127729470433	0.269124758812118	288
0.011228449713139	0.289207724221037	1647
0.09045169358471	0.1671186095623	1647
-0.013466453138257	0.183398767866632	288
-0.01187446887884	0.229084734991246	639
-0.094845673490751	0.542093705210082	639
-0.124543740669053	0.934046694961574	34
-0.084928948111804	0.582246138379579	34
0.019025318105631	0.259387487930785	394
0.089768333417346	0.132492799547174	394
-0.058949550338804	0.451333989193961	394
0.04635241425314	0.300345071227564	89
0.070459448852575	0.326085267270552	26
0.00915586995475401	0.374581835844195	89
0.029601079591581	0.397469078003549	26
-0.097562148097534	0.268172656787938	26
0.069070760478906	0.230409755507017	1301
0.100372728677787	0.094690606391669	19
-0.099666467383682	0.427915038510591	551
-0.009183989015843	0.331226077434697	551
0.124203062238441	0.162895538779381	695
-0.117039786308748	0.485766173934237	19
0.056337964504611	0.251978627286338	19
0.065932819893581	0.208647761512226	19
-0.035730955875404	0.335240505806113	19
0.107577037899206	0.153996929371958	19
-0.030566233188792	0.247884932925345	19
0.048840856733569	0.259718447196498	19
-0.10520746593861	0.610622635059547	12
-0.03565617690309	0.391543862234833	12
-0.061382347228834	0.506807671099022	12
0.083799739310717	0.181829467705606	12
0.109250264520885	0.897237308391975	13
0.017972395303656	0.416614705546584	13
-0.0564600834467	0.418085693737509	21
-0.115858837838557	0.665743177737236	84
0.119632088867973	0.212142427588241	84
0.083136931905692	0.26532757144374	84
-0.023962516673735	0.39419711601895	87
0.026522337675993	0.255582547787674	87
0.09388297428052	0.172936245395558	87
0.097016857790146	0.153477418143873	288
-0.04263203852773	0.431216897869047	288
-0.03942096280165	0.40671216924441	288
-0.073953608274343	0.342509463911631	288
-0.00220191919632501	0.333147715738481	288
0.110674516531973	0.183524801324229	288
-0.023851514453266	0.40434710962561	288
-0.011031755850078	0.342912038829964	288
-0.055112992890525	0.310242299899447	676
-0.000117229776035011	0.203151065217733	676
-0.091684263346209	0.371581123801227	676
0.043326545463345	0.167515341284557	676
0.045852837161463	0.205746261471959	676
-0.014024303227071	0.233801645861505	34
-0.040315369108101	0.325344773732233	639
0.064813973029427	0.258059353413951	639
-0.06556309499938	0.296678211391035	639
-0.08398678840705	0.3141711259063	639
-0.067057284441737	0.37042057966909	34
0.018124149557713	0.238001985481018	6
-0.10848604004573	0.409641907003163	394
0.082950213611431	0.163995703928284	394
-0.030493063138737	0.28594524636717	394
-0.105076845849726	0.400296152670491	394
-0.041063493701137	0.27343466573939	89
-0.110630669224204	0.503837748352732	89
0.041852838009475	0.18849951612932	89
0.108229538919796	0.151849581290579	89
0.07988378297901	0.208180321142536	89
-0.00953586950124502	0.323664435357109	89
-0.059307774698353	0.470720964663121	89
-0.028993820113593	0.341942038737344	1301
-0.121662103898126	0.587553310079091	19
0.064647012946086	0.193955237866216	19
0.080699946967435	0.124948606221341	12
0.119198816052745	0.101285005946502	19
0.042141958347975	0.172947424358758	19
0.037703387837209	0.152692809616415	19
-0.092020032065024	0.36104229702631	19
0.09078731165611	0.151669522704591	19
-0.031654386005131	0.289801734189631	695
-0.029895332385195	0.328052380585535	19
-0.060581062921412	0.293384341231535	19
0.012585018732269	0.215548412932675	12
-0.013573705257855	0.286685252981419	12
-0.061698904302694	0.419728936265021	352
-0.00446762585161697	0.658432643425566	13
0.047377502730807	0.301776794927837	84
-0.021252371456418	0.42817946589772	84
0.042128667005466	0.31128499727107	84
0.049513675755768	0.210624406197217	87
-0.035904533348282	0.438640721319465	87
0.078002931537639	0.230708763054688	288
0.112826471573847	0.152645656500226	504
-0.00269054472929797	0.309084517838004	676
-0.103523336357016	0.401074882823839	676
0.017766445081888	0.283827256068904	676
-0.00217310134474802	0.34149115692045	676
0.043821941290131	0.216243392333448	639
0.034566019734913	0.281103661285555	639
0.040162924260364	0.278548498951413	639
-0.015737295051507	0.310971676938563	639
0.092846297679495	0.15566791058622	639
-0.12133882237333	0.578786498154666	639
0.051475111280896	0.228512757774789	34
0.023447345938106	0.219845316242857	6
0.009277253580766	0.141379979692718	394
-0.087374927051434	0.258907878719944	394
0.010715600365353	0.206008123785538	394
0.076787922345034	0.196370080841418	89
0.098453442303761	0.16741626511432	26
-0.060371663207094	0.376215394944402	932
-0.045030195755112	0.341038287640256	932
-0.07094890794211	0.394050197893788	1301
0.115850803074613	0.147306645704745	1301
-0.086143039364971	0.474744605615831	19
-0.036582095991785	0.296220525613839	19
0.078453125596832	0.153683624141884	695
0.025637387381271	0.163376353935494	19
0.104550307300438	0.126520274424449	12
0.016939901551917	0.134164039051397	12
-0.040591913350872	0.332191684776852	352
0.018327604455957	0.582663243370508	13
0.00447458308031801	0.559482130917116	13
0.0623328460113	0.342841504788652	13
0.096063571658589	0.20613209683793	84
0.022330651502093	0.368684758747379	84
0.066726765674462	0.298723350117688	84
0.107116117765225	0.145845248334016	84
0.100744599204209	0.185637466228562	84
0.004383625035387	0.374195970894935	84
-0.058268090070718	0.494246920861894	87
-0.006780441902559	0.243792314748811	1125
0.062636398047287	0.260011817615176	288
-0.025155008495034	0.447811372408795	504
0.038447664329483	0.224812007336795	1647
0.107471110175671	0.175130992080688	676
-0.025338241335062	0.338681235949269	676
-0.075270999163158	0.427088869138888	676
-0.010666462957056	0.269787992522492	676
0.10368424974911	0.138151187304036	676
-0.050154996394023	0.440738175414177	639
0.000275658053597	0.309893047870991	639
-0.019207557102388	0.307488762750837	639
-0.02196573926015	0.323127882973376	639
0.018792997557002	0.158246587277608	6
-0.013319030220061	0.305099699337223	6
0.013102150557241	0.253829163069037	6
-0.059547412989394	0.256555505852332	394
0.016566555802572	0.166893921596241	394
0.10536719569582	0.0939831351023935	394
0.0000440049256379971	0.17285300315623	394
0.105926079007522	0.124037075136903	394
0.077327653248093	0.124913570271431	89
0.099135305033376	0.174732412298881	89
-0.036544613677224	0.364086279120854	89
-0.036625336300209	0.351607714129973	89
-0.038331926368081	0.296329832781743	89
0.03716370508355	0.21454376457708	89
-0.04806264506639	0.402419256427317	89
-0.04401620922576	0.343964248968281	1318
-0.038156155240424	0.316364661775769	26
0.083314289152216	0.212674145194381	1301
0.003184665524221	0.310899738517555	1301
0.094078133548502	0.15746896406625	26
-0.080802204568088	0.390410429718113	26
-0.021775338670289	0.24149301780125	19
0.077750018909333	0.138758351375339	19
0.111658756020392	0.120371529728241	12
-0.085073365539657	0.31565822146488	19
-0.083191131605355	0.361988815048742	19
0.000217288117314002	0.145490968887457	12
0.110410209331794	0.144955171068931	12
-0.04377955663664	0.335650694927549	352
0.056511721291942	0.141801679252456	352
0.009001934570989	1.90228521204394	13
-0.019550217776043	0.775700903823811	13
0.116970408607583	0.242144742012502	13
0.065568585691407	0.277713741770615	13
0.110421426530902	0.156424717670482	84
0.044135859457559	0.271257918532471	84
0.082887008801235	0.20377497748858	84
0.07586971406932	0.269353964101472	84
-0.10480601100048	0.498167584556569	84
-0.038178730472406	0.371217943556944	87
-0.020234373501625	0.303869655068245	504
-0.084333628383284	0.338810289132866	504
0.097061658274282	0.157674156763174	504
-0.071284686248357	0.523000682199529	1647
0.06794794604658	0.230973604808914	1647
-0.010391459319854	0.273034967202671	1647
-0.013588386626719	0.239764272522826	676
-0.065732070895106	0.359015447545423	676
0.012096706422321	0.233732007960748	676
-0.032991252336292	0.293644356470336	676
-0.029868021277778	0.311214330634118	676
-0.029642323300456	0.259563795517233	639
0.044290370482949	0.288960550459974	639
0.095781475638852	0.142638803131258	6
0.094163635344685	0.132535938955891	6
0.088350458354244	0.151752422373755	89
-0.00978995773253999	0.339681282447527	89
0.052697725554584	0.247609796625977	89
0.065286156106167	0.210780213252326	89
0.101219430604849	0.152877834810944	89
-0.0352797418134	0.389562302194851	89
-0.022251630915535	0.298818735701852	1318
0.055094003602223	0.179619401526123	26
-0.073359491989424	0.278589290103809	932
-0.117828081949102	0.366109582911879	932
0.026562909717639	0.329476441292482	26
0.030985557787077	0.180170761428727	26
-0.031683656819248	0.315179191158853	19
-0.045078426723751	0.255951617562128	19
0.030419097635928	0.132056246504118	19
-0.054327021312137	0.238999406882458	19
-0.056150668944443	0.365433176363249	19
-0.091052840002706	0.341876597844924	19
-0.053523239825084	0.235975843291655	19
0.002098505926517	0.260889798815933	397
0.016875773496671	0.224368836797936	12
-0.069958929309593	0.303986821127717	397
-0.05054653511535	0.310210354699488	352
0.094575468523374	0.100489278317747	352
-0.000358191927175011	1.30577313733341	13
0.073278503212427	0.55903445051232	13
0.077538531049552	0.351779094601201	13
-0.099003204743968	0.753026131016489	13
0.023560147889545	0.654306904227882	13
0.013591935528769	0.405250165083966	13
0.042104868496186	0.233999443413923	84
0.038026716307457	0.397406943678861	84
0.032664492780398	0.428817785265884	84
0.074135548900795	0.295828481178756	84
0.123417404472903	0.178488889154011	84
-0.016884268158427	0.475873121357176	84
-0.077990037435732	0.664436519287102	84
-0.103045261320159	0.743597745097489	84
-0.114559896495504	0.754504677028995	84
0.010532904897158	0.357088306758475	84
-0.117535561840939	0.535571609107641	1125
0.095784435572546	0.166310199445551	288
0.013946333207505	0.337588275235822	288
0.100188666247587	0.164236627208442	504
0.025190619213106	0.400341741849207	504
0.016663685281571	0.230150344059994	676
-0.085245267426789	0.711362764098192	639
-0.03221256924469	0.472674608487014	639
-0.039096246889965	0.320966551507976	639
0.078407431331977	0.146562300332713	639
-0.065679062125505	0.592589490862753	639
-0.124753448618657	0.448028349581993	394
-0.060583915254751	0.418140268823367	394
-0.053703249516006	0.28634838422614	394
0.010536173058397	0.22756092265383	394
-0.121664838372094	0.391563991004036	394
0.100198109774059	0.139706867656797	143
0.016209750607868	0.356684830959481	89
-0.065898128524657	0.408305998508155	89
0.024102546674296	0.254999778036525	89
0.050135598166799	0.283700339201878	89
-0.113065664639652	0.620889808604145	1318
0.031294339351515	0.301959316487832	1318
-0.110948696445633	0.333829177956177	26
-0.119704260712127	0.368958385808069	932
-0.061952532765101	0.400368940745709	1301
0.019442578913837	0.348059458446884	26
0.124653676570442	0.0811595467664576	19
-0.098108409411509	0.324000153030043	19
0.093052921169763	0.161999719709649	695
0.061899435951386	0.203321655734471	695
-0.108979294911862	0.501917113942142	19
0.032964039758575	0.245928781108688	19
-0.046545395883594	0.257770011725187	12
0.122673791695459	0.1483515389643	19
-0.036594985906856	0.369036748923135	12
0.035385832507443	0.226280771411141	397
0.102185024383049	0.113217893775326	397
0.037970742237651	0.189641605548108	397
0.064985844183918	0.742327758381781	13
0.00223985085714101	0.268979185303923	84
-0.059440975708737	0.60288189258576	84
0.082205924311197	0.375502800069089	84
0.054786075490682	0.302287590539779	84
0.070421723374826	0.333497424532007	84
-0.04561168833241	0.282943438128911	84
0.017855122766022	0.386741931186957	87
0.092723826391801	0.192123655576003	288
0.052637961713066	0.349576810316405	288
0.089095520829611	0.333955896392551	288
-0.062866520019027	0.291015483841726	288
-0.090134548313966	0.665362389077464	504
0.058803246251081	0.176492592524387	504
0.012651811218765	0.190019862841014	288
0.011920620991799	0.339579894846363	288
-0.093206946745433	0.265187126177946	676
0.057802133595615	0.142304841330024	639
0.031250125462229	0.214094116855548	639
0.028955435274616	0.401186122628779	639
0.000908002650114009	0.14468464786757	639
0.080887442991218	0.128203327325525	639
0.028183698324745	0.488089327994638	639
0.067158234613118	0.252462436962598	394
0.085425097857786	0.184213056717545	394
-0.00156281964171401	0.237823006547476	394
0.078754857588353	0.258701260307893	394
0.088383146461801	0.187844530892072	143
0.044774310161136	0.257421919203853	143
0.031534361318319	0.272638035391425	143
-0.031813500565571	0.219980958574089	89
-0.00816571486113299	0.318856953720092	1318
0.071050730784824	0.11414412828267	26
-0.077092573833768	0.170785207387742	932
-0.011663729865611	0.386874671153525	1301
0.00685377834579901	0.215955116511522	356
-0.115284320971154	0.48075823385911	356
0.026758727228367	0.177427384846265	356
0.033040039491023	0.0826547724511613	19
0.060313455447428	0.173391444361211	19
-0.07852860513038	0.167543702810905	19
-0.03679573690263	0.427047967665185	19
0.103179031419872	0.179562008475376	19
0.085617926761431	0.0669498837293178	19
-0.065329345114984	0.426687688696039	19
-0.049634303484332	0.487804782750142	19
-0.02020915417323	0.383532112361902	19
-0.040133936704481	0.354729986118179	19
0.02326797502198	0.265954940789671	12
0.099360332817779	0.1436352957525	12
0.056296465473237	0.256206627406979	12
0.014641310056792	0.330243321432646	397
-0.056666341260709	0.544197541335808	397
-0.086893569133898	0.25665508054997	397
0.072582900530354	0.113834469870973	397
0.076721637127044	0.131100404381013	397
0.106877392796826	0.207608939199097	397
0.105661641418011	0.18120265564914	352
0.029107767843622	0.695038531752735	13
-0.048846345538129	0.783877495365388	13
0.079729394005104	0.340187161691586	84
-0.00365504597423	0.348780654279558	84
-0.087629742736102	0.59240240012565	84
0.071887493589219	0.249101936429161	84
-0.014621828194414	0.253184621818809	1125
-0.109525714801894	0.391141198501013	1125
0.116320867117485	0.176902879358942	288
0.115536324622361	0.192180439448577	504
-0.044513422111664	0.517751297591562	504
0.02092480562331	0.307245766940126	504
-0.117712266875416	0.59687429882492	504
-0.015048663704949	0.391567584776172	288
0.09390445220309	0.178245829994431	676
0.00978339949905399	0.326282523358696	676
0.001385278908905	0.323699599148453	676
-0.060087156478026	0.418557367651623	676
-0.024215657156436	0.356603245206281	676
0.05261297514333	0.226469363845893	676
0.099529521863444	0.171441480803232	676
-0.00813271149785899	0.305304577425472	676
0.02969805654652	0.247852013494094	676
-0.086491497235076	0.398323637641661	639
0.084982345009984	0.195476790193289	639
0.020638008707122	0.317275735401681	639
0.055390214076622	0.2854764704964	639
-0.058310792574361	0.431843928877434	394
-0.006351695871815	0.31099534046014	394
0.099208924940927	0.113100613143389	394
-0.069427903370338	0.347030015542359	394
-0.098416541669889	0.270039246936617	394
0.085257980279916	0.123604507256553	143
0.066786262423399	0.152692804193037	89
0.08692129342636	0.180206892758887	89
0.049969799804868	0.186020198084097	89
-0.049322898434106	0.416741553061306	89
0.04869102263224	0.249226466561056	89
0.018248669771771	0.315444490916409	89
-0.025450836742663	0.237646956049446	26
-0.018419814466358	0.297615270905152	1318
0.096448990209139	0.181259803765324	1318
-0.119618793842301	0.49659624269966	1318
0.075152888723117	0.219025179119431	26
-0.109239449069888	0.455538964064314	356
0.024172092060883	0.236035737828085	356
0.099071946558775	0.144755665044978	356
-0.009636814262096	0.24225340659023	356
0.075046387993668	0.159766114256722	12
-0.034558192360083	0.269085739364354	19
-0.058700800252735	0.35358546439982	19
-0.067423588864684	0.333620116621211	19
-0.104794525725175	0.455132544019893	19
-0.065269356467027	0.301267775957303	19
0.013428669350204	0.215309190216608	19
-0.07869619693222	0.363320159574071	19
0.00729245815222501	0.238479225031192	19
0.00377977631693999	0.176132174322739	12
-0.00898928769882301	0.246485822657419	12
0.021981321709854	0.289899808798919	397
0.014084748480383	0.282768610243421	397
0.07415058077209	0.112529795628548	12
-0.025751825874811	0.219090793640389	352
0.025387897856989	0.645956442144275	13
0.029876706828664	0.469416301043137	13
0.00660704166974499	0.53504556042234	84
-0.098027403593563	0.445004381455581	84
0.064650000474993	0.284653367992263	84
0.024502732408419	0.330586031409328	84
-0.079350969411434	0.330459094741433	288
0.085366022793567	0.266250233429871	288
-0.077608873212672	0.657755618010462	504
0.089736233946236	0.205954417915237	504
0.092356523517176	0.217573621258322	676
0.092644273169354	0.201875526164235	676
0.11062927533191	0.196381867054547	676
-0.038334301641467	0.521867625086937	639
-0.079741083948098	0.393475147434655	639
0.070215487383878	0.257577823827265	639
0.030702574198016	0.334517239230737	639
-0.122215687595185	0.60363728450245	639
0.104289417780503	0.0940262928103518	394
0.084397860564597	0.102802007737719	394
0.095064680878391	0.0999912375653146	394
0.081931238597646	0.0688505844788654	143
-0.03952687483176	0.401428037009403	89
0.027150293753732	0.336441269689792	89
0.043653649111049	0.288228744676013	1318
-0.028640864361787	0.405684072680911	1318
0.096040378076259	0.200404886191195	89
0.094343264641944	0.113906292053462	356
-0.014460858523651	0.345119317721787	356
-0.00782660110933497	0.338520756171299	356
-0.029252216339406	0.36706361163099	356
0.079855633782371	0.175706994710736	19
0.104911669064527	0.181372432909399	19
0.084135287684725	0.168840099426128	19
-0.046213375032136	0.343616941249764	19
-0.039859720852495	0.351688683369861	19
0.025295404815637	0.271527509196233	19
-0.00654164249431799	0.301540745279179	19
0.018363127597657	0.279038223731711	19
0.04639414419073	0.217284220922726	19
-0.059669267848186	0.337616421675035	19
0.06025860344681	0.21776358740634	19
-0.036802680232567	0.336858960176147	19
0.037218986264292	0.0816149888828389	12
-0.013997450195867	0.324944561515942	397
-0.026144240288484	0.325198370455278	397
-0.084908162468555	0.876804752142131	84
0.104311190609489	0.292418269900071	84
0.087320743009417	0.314772450824066	84
-0.103533106572478	0.873369503619529	84
-0.092109211293895	0.682127869802202	84
-0.040872897848172	0.275990886804596	84
-0.049143638382774	0.260169958727515	84
0.015484815555033	0.328084752775545	84
-0.120925851031891	0.694455691923429	84
0.035420579741256	0.128812521159183	288
-0.00141450611262001	0.178328039734807	288
0.077555992846493	0.281657115100789	504
0.038138943894669	0.335457142593905	504
0.109907894039472	0.143806138596378	504
0.080892840650063	0.28591496503511	676
0.057548459802373	0.308093015005905	676
0.10799494455844	0.222062013362091	676
0.105928616358564	0.231514429868011	676
-0.061985351314335	0.397346057294952	639
-0.046208978453835	0.601940363137485	639
-0.024234013260573	0.519526564588947	639
-0.038987301102372	0.586235056224861	639
-0.051761355163085	0.227798551669154	639
0.070585873311978	0.071562786862057	394
-0.023978749089078	0.093269045574261	89
-0.028453742693229	0.231982389161045	89
-0.00389430487889297	0.332131074735623	89
-0.105939607915269	0.624291682553201	89
-0.055111529148919	0.474085332660861	89
-0.015293588743073	0.34958408185832	89
0.117822480289405	0.159959482511891	89
-0.04702631074384	0.258816467021988	89
-0.047240410065032	0.260066669696476	1318
0.107206716199017	0.157976866645729	1318
-0.019508428006629	0.428335766507972	1318
0.034006479844258	0.321582255775448	1318
0.049137574565816	0.340886007729911	1318
-0.09554068277894	0.67589684830363	1318
0.033554102913651	0.387914089732741	89
0.091918669009134	0.236636223192218	89
-0.017280559304671	0.363602063667109	356
-0.011647204845991	0.396641472340901	356
0.00000542575800799305	0.36726926453971	19
0.070902928753662	0.242057259716766	19
0.03166319327582	0.242231124845584	19
-0.070486487230666	0.492275679550511	19
0.05314335368158	0.2409300631031	19
-0.00343624139242499	0.246243701262801	19
0.001324695950154	0.250679233734172	19
-0.032458045208238	0.377104022557346	19
-0.11005795753474	0.562120139011918	19
-0.04301303679237	0.291185275433919	19
0.096951567565542	0.117741422227895	12
0.012981061394365	0.137054514300865	12
0.09110944973979	0.167320850491133	397
-0.01065812938315	0.387257662865767	397
-0.017387000921007	0.32894560668941	12
-0.067594667632813	0.165383884167609	12
0.115516911873601	0.0620413727102297	352
0.042448161885133	0.808537096992837	84
-0.086084532815432	1.12382533812836	84
0.116406154804291	0.325815866628924	84
-0.00233146283276903	0.660188429744965	84
0.029388102838807	0.587125693394581	84
0.026960891493522	0.597364124608287	84
0.030062792489909	0.531236480691366	84
0.018877782794745	0.482421802941585	84
-0.081311942152022	0.372024675285297	84
0.029288421844547	0.33718144717857	84
-0.123291544819926	0.86465571623528	84
-0.074097958464155	0.590851924633643	84
0.098774987587127	0.168685666684109	84
-0.031938373052399	0.196901842434637	288
0.04288714993101	0.12607158436796	288
-0.020215121476722	0.540405775560631	676
0.043827440768506	0.36704136600266	676
-0.092267234525496	0.769507679075861	676
0.075521793686628	0.1251752338042	639
0.035065197672008	0.37262989636299	639
-0.048522889646841	0.553393087405395	639
-0.021887301468413	0.515921598245678	639
-0.023085994073465	0.540716753332811	639
-0.083297147684488	0.222264603867749	89
0.074216714485714	0.255454666488967	89
-0.00451221270090202	0.38903319720101	89
-0.00123118090373098	0.42491011222846	89
-0.096579660249921	0.290386886428442	89
-0.041097788493321	0.505394291531111	1318
0.044528300076146	0.362373433126858	89
-0.02916758156018	0.560410740620578	89
-0.037868443956828	0.319106402188851	26
-0.055904306759716	0.516426045165877	356
0.086568685875326	0.174834553533943	356
0.030118536004087	0.309522334621313	356
0.025369917072587	0.368273396712443	19
0.04300121605881	0.300478110260294	19
-0.069589872104624	0.346349538016727	19
0.098833753070721	0.174765390312416	12
-0.02409633588837	0.340141982855631	19
0.113506197072914	0.158129337273732	19
-0.032520852540512	0.419530363955668	12
0.117604103956055	0.102340187163107	12
-0.052433177543444	0.376943742616494	19
0.095366254807571	0.132814449043528	19
0.10243070311995	0.0969629955507765	19
-0.04293347966787	0.295451412914551	12
-0.119772509980611	0.170477851944292	12
-0.043902705610339	0.324697764458367	397
-0.092976403954987	0.47908580003636	12
0.036023314637298	0.997746502916963	84
0.069453118600185	0.493137466261938	84
0.122666727072413	0.28564276652191	84
-0.035786924479044	0.818022004096081	84
-0.082561102154445	0.376982006998616	84
-0.016789728332146	0.209020391671457	84
0.00688670684791701	0.216478489065567	84
0.051654595257066	0.319885924683768	84
0.041754195217814	0.185023691135334	288
0.043353552027619	0.322356596491026	676
-0.104475261374669	0.689765893979082	676
0.122830091890252	0.198631627576733	676
0.019833069709066	0.353165234834083	676
0.124333192743012	0.186861386962168	63
0.066892149934805	0.28869476490275	63
0.036098947662337	0.364965458839108	63
0.00767106908519499	0.193628273827765	639
0.050478779017409	0.331552330957922	639
-0.073060840445653	0.521892615295347	639
0.098026831667517	0.236026165251955	639
0.111053274095433	0.0637241887650326	394
-0.121096242879491	0.23230286684005	761
0.08598163271637	0.067071729110394	143
0.032281839551986	0.0829867327424656	89
0.068882569595539	0.251916358926786	89
0.041980572461665	0.323168668391164	89
-0.084638023229659	0.440962938904808	89
-0.00808883382514303	0.231702829671602	89
-0.117509466354256	0.170624135166084	89
0.070932516134609	0.243407781204753	26
-0.115740120516826	0.720460924663921	1318
0.030127427661588	0.318363188634793	89
0.045142265283297	0.322477339821033	89
-0.037354914139541	0.531386383004581	89
0.110591341088583	0.215446293402057	89
0.033290906806833	0.358360041389026	89
-0.074687711892481	0.59756001112164	89
0.018915037229762	0.271950794534386	356
0.067958744178866	0.218027886233501	19
0.023894213026768	0.297386050463933	19
0.049728015527994	0.249312184085647	19
0.052974920881873	0.226825778172952	19
0.119955024699095	0.136575717308014	19
0.102698024645194	0.177234897617835	12
0.114798977828135	0.117909142706924	19
0.033221860608291	0.157678400624491	19
-0.032155861492715	0.0943080763175666	12
0.04183746601596	0.0799651577582158	12
0.067945873426495	0.195585850465618	12
-0.031855548499843	0.268705433251278	12
0.065985073372108	0.0703055235972729	12
0.116554987336228	0.553046153769521	84
0.123139522179091	0.307706724424629	84
0.088786516815756	0.417065821751601	84
0.117246460795561	0.299877841366317	84
0.11746327834435	0.285867811931503	84
-0.027402366106589	0.726357156265711	84
-0.116081738022631	0.958983665867273	84
0.107527568206319	0.273618084901998	84
0.117390151509876	0.114544244937789	84
0.094985940085233	0.249228007436078	399
-0.086942616349612	0.502803213615758	84
-0.00519948699384198	0.376581089046902	288
-0.013714927154139	0.362427724394133	288
0.040489273806659	0.323109703456358	1353
0.100936976035752	0.261932223730329	676
-0.013269429084442	0.516307568538976	676
0.055242847792936	0.344122945608962	676
-0.041474134467958	0.588823506961781	63
0.013600040131592	0.450869750589645	63
0.102980313954453	0.247499312858063	639
0.044106849488284	0.392157948513784	639
0.089392818149888	0.277111763999249	639
0.013210481190783	0.405537093738581	639
-0.028982979305339	0.510789941619046	639
-0.0307804449139	0.0946312597121439	1973
-0.113655852694593	0.228961747031364	394
-0.074645577425259	0.158398816609053	143
0.119105660342863	0.0597366447408666	143
0.078306839505945	0.0691962825612738	89
0.008499196466321	0.391302071408362	89
0.020081685171472	0.353467262284292	89
-0.080707128669757	0.499787129053303	26
0.018969913454143	0.20185820420947	26
-0.015070966185705	0.357191383522449	356
0.00187230906199001	0.359066910824921	356
-0.118282927115847	0.671242402965009	12
0.03188736983599	0.300533678895214	12
-0.107541392372184	0.525946986029104	19
0.080022197247821	0.161218407067669	12
-0.00357823615719199	0.351050694108521	19
-0.038415735117371	0.356161866909779	19
-0.079244776585999	0.404286967270038	19
0.045773945193198	0.288732426544936	19
-0.025204600441909	0.354174935784711	19
0.050540077393345	0.188085838882616	19
0.015151107632709	0.132676588903915	12
-0.025134427344203	0.0939362147439577	12
-0.114602019714425	0.232950735034467	357
0.08817020339833	0.171761502425376	12
-0.033549722724391	0.197501381619585	352
0.08217848009667	0.58794972513174	84
0.107327736265882	0.37155616806429	13
0.122572647186386	0.348496708011255	13
0.097182224400609	0.402734296691112	84
0.056294479859474	0.475444556022527	84
0.05411900605182	0.495790360635301	84
-0.046189716760455	0.280069238434599	84
0.094250453410483	0.268526154139667	84
0.079115198049555	0.267735102294378	84
0.104102149389824	0.220967847500908	84
0.002959394661564	0.14043161812009	84
-0.003420993983142	0.237678648776003	288
-0.019210204349528	0.211611060573657	288
0.058052540846595	0.234513722681949	288
0.065482598533805	0.298486302881941	288
0.06266769035948	0.213984922610852	1353
0.063465715951075	0.344560883804305	63
0.073215152560266	0.314444142499671	639
0.079087387356637	0.305237780298422	639
-0.099858750634628	0.775458646829974	639
-0.07717816663293	0.695365051171987	639
0.049203847374687	0.35667651823583	639
0.02085483460125	0.207899375700988	394
0.090492736429649	0.122606078943899	394
-0.040275935969601	0.0952910147511825	394
-0.06191253861512	0.158166019114214	394
0.047098947615361	0.123186328181005	394
-0.036098844566815	0.0973404834031559	223
-0.083168720369371	0.224862578981344	89
-0.031687219267209	0.444679357636994	89
-0.015296538515737	0.529470475125612	89
-0.097188396431426	0.659134155134282	89
0.0392530370366	0.0806351596416773	26
0.072386111799266	0.293829364103399	26
0.059987995445988	0.318589292603958	89
0.055528791277086	0.355135216327221	26
0.112321410955726	0.239631702404785	26
0.07580081241214	0.220570151237766	26
-0.033160615359368	0.41575058686785	356
0.00948827165177099	0.408926893212399	12
-0.095301662505997	0.581786575616066	12
0.052007999955601	0.286808300400832	19
0.108864651496969	0.132079563965395	12
-0.057562687253444	0.447452358331392	19
0.045717206211779	0.280707374300304	19
0.00405140655817399	0.171920657167859	12
-0.024633369157885	0.320841483618557	19
-0.089558560389024	0.340269671920213	19
0.055605021857753	0.192081027955235	12
0.052640285825988	0.263596783978777	12
0.012143783216292	0.351708268657132	12
-0.033722865468556	0.158616796624224	12
-0.029839569510005	0.0962689794942149	12
0.11038166033015	0.107594757567967	352
0.085502327496901	0.451490189039391	13
-0.0740026079384	1.20361746884215	84
0.012716336501334	0.711402511869444	84
0.066763756940262	0.481954765644069	84
0.070872482805123	0.289348134425069	84
-0.072210004932482	0.32948817684465	84
-0.075474143191482	0.545916576871251	399
0.102098903507539	0.255404233533619	84
0.089820731322639	0.20105884781353	84
0.035485163384798	0.370168265946981	1353
0.071853743556029	0.304377452616265	63
-0.05391223012189	0.657286358992739	63
-0.033952550484843	0.549239926524681	63
-0.014751844033251	0.255350153267952	639
0.114195513589594	0.241352263094529	639
0.118446085846002	0.208889834497079	639
0.00204904162631001	0.352091933956526	639
0.085739148486516	0.0683635711386856	143
0.016068533259925	0.134234649175499	223
0.051334590266197	0.119270304275958	89
0.032270029489174	0.385286332202992	89
0.095384657237972	0.249263908425995	89
0.043606232327185	0.31914261632275	89
0.116829553977636	0.115721668923163	26
-0.004672211758114	0.400802282890187	26
-0.081549027399146	0.622664284254848	26
-0.078112801480915	0.671868805866539	89
0.109070987214972	0.231779257449176	89
0.084610542415793	0.211018385029327	12
0.039233828879797	0.256714997136426	12
0.070159584057609	0.125831267124118	12
-0.106241376897706	0.592248713297324	356
-0.043260959833932	0.496471612721321	356
-0.037439340952872	0.484211090399655	12
-0.046150845261392	0.482194783983159	12
-0.118548424469778	0.534425275349639	12
0.010972723799804	0.382168137542024	12
0.00522789294194201	0.36168386127847	12
0.10939140661269	0.121198924933849	12
-0.017800550700995	0.309311602322452	19
0.076589488810469	0.247157898987415	12
-0.069295255392632	0.510670252624574	12
0.03806374010646	0.276171203601558	12
0.029378033263564	0.161458831243394	357
0.052606433640309	0.143455927842128	357
0.042762666031016	0.079494119434012	12
0.081035241092155	0.144773760610585	12
-0.115950792855848	0.33965157863538	352
0.00807655511174599	0.166091724999209	352
-0.020193815565163	1.25048604871889	13
-0.118230976434655	1.12322164276686	84
-0.106806609123219	1.01418080375935	84
0.045210338606647	0.509415740476999	84
-0.014237013450437	0.703910504116259	84
0.046733056559641	0.447368880188344	84
0.062798856541647	0.360413662821037	84
0.088847660314031	0.319205784966131	84
0.092013168499759	0.326727560390182	399
-0.055596546973609	0.432403709114833	288
0.05149643173594	0.214009433128192	288
-0.082829335514371	0.541212077878821	84
0.051441327588632	0.382629525494861	1353
-0.052954791764056	0.601458059496311	1353
0.00931234244938001	0.303906790405827	676
-0.120330669811992	0.574909402711423	676
-0.063334579026777	0.449983948763025	676
-0.013945930384635	0.360498958434589	63
-0.100283210477937	0.658136994999788	639
-0.121647485775593	0.497222198733735	639
0.087870706285401	0.248574558636185	639
-0.095874127677818	0.382014217148427	394
0.018273644368746	0.251527007177303	394
0.087099419927272	0.122880434122899	112
0.117420265979183	0.112573682297553	112
0.037314976695703	0.197454908792149	223
-0.018815074412901	0.260522861929101	223
0.111571107440541	0.186617999401529	89
0.093106159197011	0.240194671303678	89
0.070806994244124	0.191361580911648	89
0.11652659476069	0.238372411511518	89
-0.058180769215778	0.36043513580676	89
-0.077755573260601	0.645700654208718	12
0.066671167434761	0.261696109914975	356
-0.063426680950952	0.358993088194381	356
0.117946503033069	0.20124820024072	12
-0.090992188344746	0.466182976414051	12
-0.00648991484556599	0.244091276406869	19
-0.117957532448493	0.578375487639436	19
0.002073476228691	0.301936868391035	12
-0.040771049387526	0.359915520859819	12
-0.070260478256221	0.42460882504214	12
0.00686509167022101	0.274148702655523	12
-0.038858533106219	0.464012231897515	12
0.014502919446465	1.84748223751798	13
0.048717068319337	0.851882712676974	13
0.00111925352415601	1.01574644390006	13
0.020319937742138	0.777651776029918	13
0.081356119589606	0.494908163418699	84
-0.035527439334776	0.943497324061734	84
-0.120248148933963	1.33811864283635	84
-0.114477186436145	0.81020549625934	84
0.023411155142616	0.535347707793021	84
-0.026225113962485	0.500259353871372	84
-0.085886438098532	0.545372309131269	399
0.084519148164804	0.307578298976648	84
-0.088398300767938	0.645707865437075	84
-0.019291314180418	0.296890958169588	84
-0.032186942443704	0.577069224295299	1353
0.044424137344286	0.376955522414602	1353
-0.06693045861726	0.545933379809675	676
0.072130164596344	0.253589299100032	63
0.091326447722879	0.250864501534636	639
0.00357600932847699	0.465394995415228	639
0.111741795772967	0.12897672416313	394
0.00943491706209701	0.30135883099725	394
-0.118702441356921	0.519570582216722	394
-0.011028679520077	0.241936902193947	143
0.001959078511413	0.175476820604464	143
0.00432958072497799	0.172363258303384	112
0.046866366906329	0.14132515865861	223
0.117841836242982	0.198862825327204	89
-0.052420360716956	0.508570362445046	89
-0.059277367791313	0.602199194264432	89
0.12422442977418	0.189491072539284	89
0.046289889753691	0.291912927771016	89
0.088669423291302	0.260072983578344	89
-0.067040228875614	0.535331865065679	89
0.069993713475942	0.271558195752384	89
0.106317014287387	0.201298013536434	89
0.10853598526004	0.130592240355187	12
-0.00428469613527299	0.399691570485794	12
0.086906505878731	0.182555907046402	19
0.078577159594018	0.234170873097429	12
-0.101869528076534	0.528164971584791	19
0.013585767963744	0.26287079778996	12
-0.02982987766782	0.265602102492473	12
-0.016285631924021	0.263857050465754	12
0.065297242403578	0.215227057585223	12
0.062200395090438	0.198648827491138	12
0.102984798193237	0.0946442367263765	12
-0.057217523455331	0.437703679125472	12
0.101602283944818	0.181486915089011	12
-0.039989267912651	0.435569975932942	12
0.072276365467166	0.237356686229287	12
0.095948191676543	0.142774090256412	12
0.123336474789432	0.132722690456005	352
-0.084594495809978	0.25129223593524	352
0.0000294033480119915	0.904200803735595	13
0.077898472638866	0.497879557467691	84
-0.103399035250984	1.23623470178785	84
0.09637914967743	0.437527791197495	84
0.00186836618050401	0.697778187994693	84
-0.002512564539354	0.660055833607318	84
-0.076832798398404	0.911033025119769	84
0.040257640157434	0.336766571335297	84
0.073421135446464	0.263189320936808	84
0.074027109970166	0.26954977197428	84
0.094547791141058	0.289080782366111	84
0.078160890795285	0.273035167199552	84
0.001637117118093	0.421170603781766	84
-0.043109426522274	0.339167627490024	84
0.010712980633052	0.448573540213114	84
-0.048732023000414	0.630408428152359	1353
0.011074777155204	0.354123264847038	1353
-0.028891447387741	0.510076070749926	1353
-0.021051212334399	0.467066790948004	1353
0.108648708084448	0.186150759710465	676
0.079399662256501	0.251064365824576	63
0.077580213730238	0.288954471467459	639
0.020499533336449	0.356491588100291	639
0.036813024584354	0.367628040858397	639
0.094288489152239	0.233259783156601	639
0.071529055640444	0.275592089514733	639
-0.020561513989254	0.428308270028799	190
-0.086341880661876	0.441297894875367	394
-0.082844630180094	0.364236741210077	394
0.029937598087053	0.150944746335214	143
-0.012744354316271	0.439141067094464	89
0.123748706885952	0.173165550612486	89
-0.092745353851598	0.579407019405843	89
0.08148120161048	0.222038474391482	89
-0.036916063718449	0.37264456080643	89
0.105348645950493	0.190086394691308	89
0.093959145212771	0.198285090742913	89
-0.103734082712686	0.527231511649167	89
0.067511386506624	0.222158603883289	12
-0.118977573735741	0.448665856352193	12
0.069660222378572	0.203010816395917	19
0.04805540407022	0.215699434036482	19
0.031849914024401	0.337837305392174	19
0.000377953597014008	0.311964848929989	12
-0.015132721200912	0.315917815064721	12
-0.074341050741463	0.469287111142308	12
-0.096305055575091	0.422419455718869	12
-0.044828101105853	0.3482148215776	12
0.121583930797908	0.0844779820227725	12
-0.025663977265295	0.216854422501306	12
-0.077772024445208	0.384028335403977	357
0.028541912934783	0.243087803456819	12
-0.048437900956869	0.485368883368287	12
-0.092158821130448	0.265000393274164	12
-0.05906049100431	0.312564378302085	12
0.111946055079046	0.805858327365592	13
0.040666494699285	1.11643625658911	13
-0.082693117021956	1.22275065964552	84
0.093947784730359	0.418926441791363	84
-0.080430685755879	1.27418011921012	84
-0.063958981026072	0.819542003433938	84
0.094143346564987	0.26733339038706	399
0.00140637544426001	0.48243229487106	84
0.011236057302726	0.464588813241579	84
-0.006191347621399	0.284119622068756	84
-0.036271606871644	0.363898079059693	84
0.074029408875097	0.200449797775801	84
-0.104191041482498	0.68157790294258	288
0.044303453486937	0.382982556545303	1353
0.119383211480264	0.204428871551169	1353
0.021657377170808	0.305814087330025	1353
-0.112022125812148	0.638783351418716	676
-0.05516855329986	0.488537083978887	676
0.085121953550047	0.190698973503589	676
-0.114659965035784	0.566673366039603	676
-0.098166431795004	0.622913447468867	676
-0.080172478048728	0.539984988569521	676
0.093071081449604	0.226516683752656	639
0.03906086454339	0.333389914064971	639
-0.037535689521521	0.494255894379356	639
-0.011380793898098	0.408993279499586	639
0.029803163799838	0.384969219932938	639
0.064326493555007	0.135763911391524	453
0.017679266212367	0.256908257484165	394
-0.00785737221406802	0.306601132555452	394
0.068402825117028	0.114677550097342	112
-0.085744571250058	0.251153307986733	112
0.029474320803124	0.260215625666396	89
0.091566677121687	0.219842395571941	89
0.074769074796226	0.256368666901936	89
0.086905460146028	0.183286244213533	89
0.026672650546506	0.23898113022455	89
0.108867588412478	0.200232292816712	89
-0.025765559955091	0.417784482585064	89
0.120020298740491	0.169281282501378	89
-0.099427583957504	0.558773697703744	89
0.041582894919651	0.278649972752275	12
-0.075358524745603	0.478238413486529	12
0.036577125392584	0.293594781422272	12
0.113588587328014	0.153194124677914	19
0.112183259503401	0.151015533943671	19
0.093520641522995	0.169294255407403	19
-0.120815949376014	0.501195597913172	12
0.107751288394404	0.159596034000997	12
0.063241979714756	0.212200753269787	12
-0.120755343626016	0.486963711328451	12
-0.087627148300361	0.494073356694016	12
-0.045032995290232	0.326503489113061	12
0.061550193738639	0.1579200089613	12
-0.098198469586809	0.368741788202338	1914
-0.050645775593746	0.26336205469919	12
-0.029470865669824	0.284139094041925	357
-0.077315394407484	0.278901396851685	357
0.065764301269301	0.113401586939964	357
0.018537933900019	0.342100164240323	12
-0.057987785583024	0.336004338949642	352
0.044394777860885	0.260930182572509	352
0.122632235395079	0.0842774795415467	352
0.073173464878485	0.563349008671196	84
0.098101370029202	0.446088456921802	84
-0.057232132071244	1.27357288566843	84
-0.022662046696802	1.11222350292133	84
-0.033888625874082	0.993746281320611	84
0.055738412682385	0.454949218801593	84
0.008064881285582	0.344755958634486	84
0.10905919659362	0.24140903524288	399
0.027267960884386	0.261117600121983	84
-0.052535818115764	0.581368105362443	288
-0.044400366555177	0.557485574388365	1353
-0.034186450157419	0.499022766685892	676
0.11073536512629	0.239527641888997	676
0.108421311492844	0.227520640203156	676
0.015499863453549	0.391110674993462	676
-0.102861217046905	0.754326667659044	676
0.113083842176702	0.221476012889309	676
0.102444298220448	0.225526856559233	676
0.060874366507508	0.291472697083275	63
-0.05785063205851	0.618649667650124	639
0.04538392384856	0.338973802998507	639
0.052069405402193	0.325389796539007	639
0.098652652744718	0.0968347634338348	112
-0.00807739104472799	0.27108077188614	89
0.035680655607963	0.394193216750457	89
0.039203177585248	0.342422453737475	89
0.0965469438055	0.240217981438888	89
-0.00136389529041098	0.37011115769489	26
-0.023636804497051	0.267695461729122	89
-0.101868115611349	0.651634654286258	89
-0.124498627552235	0.777963182803983	89
0.048175233564927	0.322018288660906	89
-0.051155417720664	0.518883313833495	89
0.081343658339269	0.207258875585909	12
-0.04780504498567	0.528580967603247	12
-0.034015249312082	0.398823418186458	12
0.080125955766748	0.22752217691334	12
-0.038249677700891	0.460963370009827	12
0.040102658562382	0.275130180434949	19
0.099109591102702	0.168114220485173	12
0.073407111809393	0.216623771299789	12
-0.106178778708888	0.560115804289948	12
0.028930594171048	0.23653391117284	12
0.055411037291421	0.172436990155824	12
0.032258040339218	0.269510613190094	12
-0.064083808409878	0.160284455833071	12
0.106805405942412	0.12506759434307	12
-0.00382412810058402	0.390483759174079	12
-0.032420421524322	0.310467477229529	352
0.00800592658774599	1.1642790944031	84
-0.047265288594692	1.4067575713009	84
0.053023911096439	0.196903441884163	84
0.000380945366862007	0.469751387776415	84
0.111085215141354	0.163170517907725	84
-0.101718976613305	0.267187385285339	84
-0.077621079995718	0.213667260771328	84
-0.121898021641723	0.387197465021409	84
-0.063580568171155	0.26511013474524	84
0.044406152081481	0.370423235651263	1353
0.022099627505616	0.222838630059482	1353
-0.103957044449183	0.464382576844449	1353
-0.1126043512493	0.485174663543248	1353
0.037162474141621	0.407422088050118	676
-0.053039527929373	0.58302336689611	676
0.050357308838511	0.349910307274832	676
0.062286867878708	0.313139936033468	676
0.083791192412434	0.253029596777943	676
-0.121118761468856	0.410990186656857	639
-0.064260283580874	0.641846358538438	639
-0.073359491989424	0.278589290103809	639
-0.115190169225274	0.336780879987607	453
-0.00965188283198898	0.206781140602292	394
-0.085962691635209	0.166963379975481	143
-0.031400422060193	0.0950372445396653	112
-0.065729353152926	0.591319233307075	89
0.099983666858009	0.109773039554077	89
-0.04314246650173	0.559083403089014	89
-0.056158255246302	0.583758780910851	89
0.046001365184482	0.295403332391713	12
0.03772627704433	0.330062385005112	12
0.081804493627113	0.213367282504567	12
0.063485191608196	0.221251271030799	19
-0.023277479623276	0.373172610881106	19
0.110775812869867	0.132429939082551	12
0.08231654434884	0.197329764382682	12
-0.070422600301334	0.298442035806213	12
-0.011374977235	0.250556827285182	12
0.061262500187385	0.139886184829447	12
-0.020387614291431	0.239706795995062	12
0.112271837524259	0.0612846998449934	12
0.00976808587971201	0.136860367019248	12
0.085232487723822	0.0688798045898209	357
0.122107745572513	0.146652413180143	352
-0.06541451295553	0.161879980560249	352
0.032093895583037	0.0835855684384287	352
0.105199446073224	0.578803874212186	84
0.096797128268878	0.553644938928928	84
-0.070061288798392	1.44646806961129	84
0.054424681604747	0.248606961114594	84
-0.00973063456011303	0.289493637442312	84
0.046955583120071	0.390847813176239	399
-0.052877399096658	0.715762208240016	399
-0.049978088238997	0.519318015223188	84
0.090216001938223	0.102335931352431	84
0.104874960400248	0.122904508683468	84
-0.079175584423975	0.284649949056817	84
-0.039448228167465	0.398927060622313	84
0.070067105558192	0.313289008272717	1353
0.124170314714736	0.179855785272386	288
0.042781396650006	0.402325961791754	676
-0.00960870582182499	0.538799980710385	676
0.043263170644202	0.40576566654229	676
0.00957358274662701	0.21090335689788	639
0.098688935641293	0.245863528286704	639
-0.024915498959402	0.47366479817508	639
-0.106938023398414	0.720085225906347	639
0.093678347182287	0.102522613458316	639
-0.122955499748257	0.178409246953828	112
-0.030997291708343	0.0960078604431597	112
-0.029084403654029	0.0928979186171427	223
-0.026905149135345	0.408995195027415	89
-0.037518599323351	0.494949053919151	89
0.074375883424644	0.202064633218907	89
0.045051534621946	0.349308682579071	89
-0.06981681892453	0.486656177801902	12
0.072599515359856	0.214250362609994	12
0.092811764277538	0.208900469764173	12
0.015234444304004	0.24329302211017	12
-0.04949793236092	0.285859325277895	12
0.12422223561288	0.119119356169585	12
0.09211746816555	0.101459422808272	12
-0.123008458296055	0.373086272132237	503
0.095827030920632	0.156848869954738	12
-0.019602148045589	0.237586827035432	12
-0.028898542777048	0.0957366172670429	12
0.032868791907119	0.31941333543674	352
0.078172369854661	0.210667583968432	352
0.088026039039162	0.160760866399316	352
0.010958422223908	0.161682731274088	352
0.078329008555338	0.846554525114773	84
-0.073900713178734	1.60139619578538	84
0.00107012549406299	0.517539328812464	84
0.098506450291355	0.293066087749134	84
0.10810972845212	0.276533349198874	399
0.120204828219071	0.223097882387059	399
0.096589358635418	0.214232323031213	84
0.092697617309038	0.103221071152032	84
0.106714181490528	0.182857451251188	1353
0.123211702507904	0.191028127349395	1353
-0.012854478394984	0.491674992986789	676
0.033282185974113	0.385810529483667	676
0.107374329573319	0.23123146188202	676
-0.070656063782636	0.271439611451398	639
-0.091930359137501	0.684010526452988	639
0.114304986641454	0.219431024559301	639
0.042166091322178	0.255944716309657	639
0.014592060008394	0.189299424821294	2
-0.065308426247475	0.159463766387858	313
0.083737500108178	0.0704089749841468	89
-0.030559740432225	0.155523086545926	89
0.041798281661992	0.127730225708398	89
0.072011151275178	0.24996396448799	89
-0.02856862667368	0.428563807152581	89
0.096148167911124	0.204673661529309	89
0.019213516410879	0.36924378206679	89
0.098054992506566	0.249084621248506	89
0.020795576396787	0.428919266545454	89
-0.081084508039014	0.688333787327088	89
0.118044253726396	0.178358577748298	12
0.095355279493886	0.218009882589787	12
0.00460174843974801	0.350585843066075	19
-0.060987628867435	0.382960519455657	12
0.067462657028715	0.210793177080477	12
0.101161100448797	0.237228915786484	12
-0.032529437712413	0.190313315039394	503
-0.044703371391715	0.362902609911724	12
0.093704521795929	0.168886365704466	12
-0.067984783525916	0.438746127237974	352
0.0434340126786	1.06551296590509	84
-0.031804008534632	1.45166678978757	84
0.054531105297555	0.582006713123803	84
0.124997182652149	0.199569707990783	84
0.101924815004832	0.313284524464322	84
-0.109815585326286	0.5462775329845	13
0.023376217427321	0.26295057432173	13
0.09860184801777	0.184665140308249	84
0.047486323284529	0.352022094308804	288
0.1045165726836	0.206285180172085	1353
0.069541556010556	0.17016814063707	1353
0.123095596468798	0.129617778060153	1353
0.068017949189519	0.272040263836984	288
0.015734792221431	0.482099337089889	676
0.116994139868986	0.226166459517697	676
-0.00294375791250701	0.308207032353162	639
0.108987657124018	0.129217800167941	639
-0.075408212849114	0.66120258713425	639
0.122584412245184	0.210084891912864	639
0.062675920717531	0.318983521610501	639
0.10207123806854	0.23615636737205	639
0.082099070627703	0.292083058971178	639
-0.00650259888607202	0.178556708319906	639
0.00586613505144401	0.216922838347903	2
0.08655403497028	0.0677744345479386	2
0.082783715050923	0.0712592142817459	313
0.094691756481309	0.234784930912584	89
-0.01463012397991	0.487414562626456	89
0.082151043640883	0.242982385708917	89
-0.055363099360667	0.238823752954221	89
0.0832692017645	0.265599632409509	89
0.096208766051754	0.250928355014647	89
0.112865291558729	0.143803595077696	12
-0.081799031812747	0.606895582817747	12
0.021303796098255	0.32604383368972	12
0.09841924212359	0.210784653877231	12
0.115208028372203	0.193531117868555	12
0.08695517497368	0.213552482918569	12
0.09832109221612	0.130927930777598	12
0.028035467353128	0.268384828726655	12
0.00305258070459499	0.142013200177031	352
0.03814384877731	0.0815327017257594	352
-0.114028706332469	0.30884402615153	352
0.046719177143425	0.959176472817689	84
0.042417075692441	0.315497457587888	13
-0.02142464309388	0.334530263168556	84
0.107591451738443	0.122817199121169	84
0.002335255222947	0.175927111562212	84
-0.015039393474891	0.475310854083066	84
0.00892098228450999	0.383059326127161	1353
-0.016846394757695	0.418355890605368	1353
0.057357583110798	0.264064545088021	1353
-0.077377724168539	0.355026177697322	1353
0.007002289902965	0.44130224637947	676
0.120360611517546	0.1992147274849	676
0.099024962991322	0.199129377608219	63
0.050642919097531	0.21413324192558	639
0.105887099427479	0.242975576296984	639
0.121938742876068	0.197096730839955	639
-0.112267050827308	0.790141663628348	639
0.116868281890715	0.199341549098658	639
0.109282419669106	0.209443995954569	639
0.091821258045105	0.257585385628643	639
0.037218986264292	0.0816149888828389	2
-0.034719428723463	0.0936014010517518	2
0.04076525376592	0.129726172941363	2
0.066192928671308	0.269358499011231	89
0.048989137300535	0.310660990433816	89
-0.023360266201331	0.482388995274964	89
-0.07723022038191	0.169864887837624	89
0.00121444120202299	0.223212781032667	89
-0.114263797775277	0.519374733821915	89
0.059271811570894	0.284080645013205	89
0.03875705192085	0.356010526878477	89
0.051394411566393	0.33724673185145	89
0.114866408056034	0.213407350402452	89
-0.022641511005079	0.506322555012937	89
0.091326419526147	0.269964579642486	89
0.078004075367701	0.290239382328318	89
-0.118149480432847	0.486440405805063	89
0.015559468808665	0.213518602582987	12
-0.103126582045824	0.483949228345129	12
0.124837088553661	0.16313816705755	12
0.049937112540803	0.319822505153184	12
0.103494421119109	0.1990323488004	12
-0.069135241759276	0.497641214460417	518
0.105630462176681	0.19163114718876	12
-0.102257092686847	0.599981448839828	12
0.079885125701426	0.217264811601398	12
0.103003892169907	0.181661434343843	12
0.113488573450211	0.100807727302555	12
-0.119939407107303	0.463837121445098	12
-0.121417468252882	0.346670248772792	503
-0.031653069382039	0.156261391255294	12
0.038524477231144	0.152750209644581	352
-0.047391464003724	0.372815871189752	13
-0.068293561535424	0.801902160852202	399
-0.060071278348882	0.567928425586003	84
0.089482738217885	0.14286656590215	84
0.041489266689818	0.188017177716312	84
0.095903328700527	0.111195002735028	84
0.112899429669169	0.221283936311479	288
0.094201013200014	0.224541748597342	1353
0.023451583541765	0.226078560084272	1353
-0.080954591820616	0.694479705008576	639
0.00574085056548501	0.431055196371976	639
0.02709527547137	0.162718355872127	639
-0.071793093086485	0.171103539536475	639
0.014338457627809	0.170831797830603	2
0.038093368930891	0.0794630485902531	2
0.045372064382537	0.0715782565087008	740
0.081955104353153	0.0696234528511681	740
-0.113856628790429	0.156966529326605	740
-0.041214091759524	0.0957908192259917	313
0.032284662260965	0.130031408440378	89
0.101761383754839	0.0935513983221411	89
0.019710589971489	0.440391326144375	89
0.044023060276667	0.323587564934411	89
-0.038365464020888	0.470555913303664	89
-0.10816550081539	0.339797281642133	89
0.02627690096434	0.410823287814949	89
0.02047457348841	0.398315615473702	89
0.123685084158959	0.116606654199569	12
0.06405079172022	0.274531120065603	12
0.100190916990655	0.218364872921367	12
0.01999240143444	0.322976309263227	518
-0.086605715863689	0.411973631580456	12
-0.00466374909270301	0.349090963481415	12
-0.064734048900757	0.527651604449017	12
-0.013015499451779	0.402417596697532	12
0.004195103376853	0.299426666889073	12
-0.047514978951574	0.260559138958069	503
-0.073334073337364	0.350836970592971	503
0.030931462141464	0.08063204140477	12
0.088472860931002	0.066327389318257	12
0.104657591705412	0.160074203980481	352
0.123117962934214	0.145026464106791	352
-0.00534200592795903	0.219383066950028	352
0.077457011756402	0.142008536827207	13
0.05975012519396	0.278870603399645	84
0.102727070114331	0.172372944180197	1353
0.114383492561421	0.194011713717582	1353
0.090397840418578	0.256762474612888	676
0.040892582368452	0.337604103155513	639
0.111376809899591	0.194892909696541	639
0.00181991341858001	0.446135486452552	639
0.055080497694824	0.308120684993448	639
0.046519795200659	0.0754187627477602	453
0.05158765428362	0.139884117105941	2
0.059865343949595	0.176767411432159	2
-0.078877433749851	0.222976820445047	2
0.112172296847599	0.0612241846967077	2
0.03320513725886	0.0829092227871215	2
-0.02530106909774	0.15277000345474	313
-0.074009521208131	0.218894278566209	740
0.04337779814212	0.288648042233163	89
-0.048122164560181	0.476982847102381	89
0.074578399484622	0.240535705930073	89
0.112080933089701	0.216025393983048	89
0.027401352877643	0.157223512534619	12
0.02778255625056	0.335427665345507	12
0.026791651522851	0.318482178065644	12
-0.01330849823285	0.415071842646096	518
0.053857097878683	0.290478950380237	518
-0.048241936838259	0.426118058340516	518
0.113652134187562	0.117003774399553	12
0.012251197227264	0.263819864855425	12
0.075399803464501	0.217477980009013	12
-0.00492974741553798	0.330422061290392	12
-0.031466161578739	0.31119434584836	12
0.049818177189754	0.163978139682724	503
-0.003062246666515	0.262534016373541	503
0.047580067789743	0.143378080249942	503
0.03980317674649	0.0792141641503898	203
0.103762310086886	0.189669001001096	352
-0.114549946223391	0.513130236372494	352
0.062199601596824	0.240524722009588	352
0.10707947622704	0.0918305810022677	250
0.085276068218504	0.123646546794881	352
0.019787678303244	0.940928392152053	13
-0.086009800335714	0.773700640440163	13
-0.091167463079004	0.985247473986784	399
0.114301467578687	0.27638559307465	399
-0.00101594693498103	0.480647902108291	84
-0.00373945404748299	0.234756441742439	84
-0.03461569175598	0.441020803889403	84
0.068063456741922	0.197238546914548	84
0.063148578073595	0.326642852256357	84
0.01539766971583	0.466482512918973	84
-0.05423076665668	0.581168424948704	1353
0.018011017456813	0.510755208513761	1353
-0.062867282577887	0.545223652157881	676
0.00759987140843299	0.408258323764281	288
-0.071417949276094	0.551623653457329	676
-0.104288000543925	0.627747137737454	676
0.109244894822069	0.202242505559371	676
0.033597150778924	0.341723095392785	676
0.033752810025855	0.384223582624965	676
-0.022917055209381	0.50239973585931	63
0.10221294678487	0.173019163033709	63
0.033517539930549	0.387623761924981	639
0.088766675854196	0.257556543029144	639
0.000101033378045012	0.415595157934609	639
0.07450071174598	0.320873772125151	639
-0.08626093000625	0.249652166495085	2
0.100924318830876	0.0926054986477771	740
0.109027751482344	0.0646581865869629	740
0.030046714372102	0.393118771456013	89
0.100467848158807	0.242115365721821	89
0.086021557080071	0.252555484368153	447
0.005812586645663	0.395461125302089	89
0.113100151115958	0.186970133158687	89
-0.051473494073289	0.428908555943254	89
-0.014234266925742	0.296170721927795	12
0.054617452448731	0.224142157880274	518
0.082948286813586	0.172870257333408	12
-0.061611259805474	0.335740627034274	12
0.102019527524609	0.16045761101752	12
0.085243029981475	0.176599636742311	12
0.029674890919589	0.260222086818636	12
-0.100275366941701	0.432688069897245	12
0.061366713217549	0.204724141017097	12
0.071514726752175	0.14479880189475	503
-0.0214427819204	0.237333675311838	503
-0.113902822618033	0.553565246992145	503
0.116739621809557	0.183292302076489	352
0.107657048432342	0.202105142940283	352
-0.00154542008132402	2.34988418229515	13
0.108403520198186	0.420176160104323	13
-0.107409895424857	1.52543159093198	13
0.099039603318033	0.281217774455218	399
0.120345165020357	0.265255681385064	84
0.072498932445179	0.255778548666793	84
0.053339049476747	0.288234564424412	84
-0.048121982681679	0.649861519780574	84
0.069213569818488	0.332538227659012	1353
0.035621309467175	0.387130130702347	1353
0.114319492149129	0.140289252952589	676
-0.123235821514943	0.52073786491927	676
0.119565894645817	0.210978100326497	63
0.051831119907212	0.247613487824554	639
0.037801892107468	0.367499793310723	639
-0.122814313524175	0.364555565782803	453
0.10874290666607	0.205715710287502	2
0.012155217639036	0.232910186261908	2
0.097644260181228	0.17758292656016	2
-0.112909683146425	0.409911584304793	313
-0.032397982606787	0.318603062523198	740
0.055570681286147	0.238529485867248	89
-0.010553318644737	0.464723268753477	89
0.040547523580574	0.415709437734644	89
-0.023371834534953	0.434529743609716	89
0.065916637916186	0.272368185221446	89
-0.113053206305782	0.550707297484061	1083
0.103742281598087	0.23034779513041	447
-0.106116818139406	0.761590077352111	89
-0.000676621229380003	0.35497274979411	89
0.000936392040786993	0.313865184967808	89
-0.122750280991717	0.509173924279204	89
0.084006877133572	0.275145360637653	89
-0.021971012379104	0.504534946992731	89
0.022778050936781	0.264572800783989	89
-0.10397754242727	0.596059554948313	89
-0.012567035272989	0.335880767950388	89
0.124750643836643	0.114007338296711	12
-0.04619464758678	0.323561701118033	518
-0.100831672475309	0.595923318671767	12
0.120168126866717	0.166624467127076	12
-0.066058938397008	0.320524832203986	12
0.066229552419887	0.16519669915858	12
-0.069483351216689	0.367155010951909	503
-0.066381536157108	0.316854644544303	503
0.059559791207101	0.225939088090437	503
0.072606883642037	0.214916741608621	503
0.059642026897879	0.197993370051171	12
-0.066103324930637	0.577932014814936	352
0.045898145874085	0.313498790364662	352
0.124555179525886	0.215599690660902	352
-0.011273524336252	0.204538060202907	352
0.086198241984116	0.218366869445341	250
0.045588206090539	0.214117229279317	250
0.060052582318035	0.298303870892164	250
0.050675829081407	0.260181531271605	399
-0.015272875256774	0.518787175077831	399
0.109484502256003	0.223469414750584	84
0.115901646804394	0.128277074197535	178
0.067018067921104	0.256378351089074	1353
0.035656514080186	0.178013572001933	676
0.11043124640972	0.108478466309943	676
-0.024172095446289	0.261198112771957	63
0.087744531277581	0.338877523208888	63
-0.072939812371459	0.372415505988886	639
0.047423790564895	0.404343031191518	639
0.041809446165941	0.320790979578351	2
0.053853457859057	0.259801770602215	2
0.11128851888596	0.169739052661694	313
-0.089498694056148	0.358048033897332	89
0.00471147639788	0.258688042678994	89
0.048172956791978	0.367985190081801	89
-0.106818209755181	0.296658329896105	89
0.029305981306632	0.156334656593753	89
0.045498414447839	0.202898277449607	89
0.117649465995136	0.225564292035194	89
0.114023393988035	0.222527880905724	89
-0.072118592004932	0.458042400788312	89
-0.010040974448746	0.30085187605523	518
0.121407617289488	0.0868777723838058	12
-0.092158821130448	0.265000393274164	12
-0.031938373052399	0.196901842434637	12
0.00197000676956599	0.3821748152448	503
-0.014869480747417	0.344243562622634	503
0.050091251709256	0.315828204845603	503
0.049268114421819	0.243035252003757	503
-0.043457364229886	0.325426188196234	503
-0.091557005316558	0.59128266692805	503
-0.076160720150632	0.661287342656323	503
-0.098321498215337	0.65311796834075	503
0.081936077921845	0.243521966838085	12
0.079206931086308	0.261279690116551	12
-0.045912845789367	0.656967204123269	12
-0.110234363498056	0.571814414746395	352
-0.098466213540892	0.835639702932071	352
-0.110514655596857	0.695749303337596	352
-0.096579972521287	0.726442644304592	352
0.124110650164601	0.754982135203613	13
0.049048113983886	0.276775646465772	399
0.074024924077071	0.284945182251795	84
0.070375495811863	0.442456184948416	84
-0.028888759361294	0.457273363631684	178
-0.122879982553107	0.579696335987183	178
0.124078327897548	0.0995815561520784	178
0.00481221486759001	0.563122545002149	1353
-0.101517927612999	0.692893653910156	1353
-0.058518860015793	0.378956376873394	1353
0.069510377987299	0.173073023590709	676
-0.028427671486327	0.221199600716788	676
0.070034590066813	0.1287670102403	676
0.075606761263613	0.12170653676274	178
0.078138164013951	0.10741533224371	63
0.032051300275109	0.378223627380562	639
0.08695104618675	0.137600287436444	63
0.109460067234783	0.222439978071138	453
0.021871958062439	0.313972353937291	2
-0.06267120646044	0.784948045188224	2
-0.062982561947838	0.418817805379218	313
0.094997416317811	0.225916543755623	313
0.10004499585098	0.0987441381163786	89
0.105304037803143	0.0644046530171269	447
-0.000834260737720027	0.510475822953379	89
-0.00690535647811902	0.561372058272461	89
-0.046750270866666	0.248771642561684	89
-0.027713157212494	0.151776293296293	518
0.04197900245537	0.287803681700519	12
0.081867424749357	0.155062718502019	12
-0.027607870541431	0.156238682133749	12
-0.078629411099395	0.444899088918789	674
-0.038945116267252	0.450039416682704	503
0.020477089565463	0.369879817581013	503
0.036857385445241	0.185554549148608	503
-0.075737933349709	0.586150433813972	503
0.100673121988322	0.277558538928916	12
0.009819393475681	0.254643333081329	12
-0.085350109863094	0.366861002675956	352
0.041932479415555	0.45876974005342	250
0.105363465471094	0.31545635518869	399
-0.074422293701646	0.663887900118424	84
-0.018826426323887	0.478551852800746	1353
0.107139993744901	0.136855780848832	676
0.093054284533127	0.159949176400785	676
-0.08115274642261	0.394214482914589	178
-0.069057707297022	0.523288326084387	63
0.081342275313004	0.196258381279743	63
0.063819906546198	0.279618802436969	639
-0.118972073341257	0.333454524556808	453
-0.12460858856044	0.955375063491866	2
0.092105323433695	0.249777896610081	2
0.048062491331173	0.252442962459863	2
0.045648386841228	0.353548531741628	2
0.029043361031914	0.263714609958037	2
-0.034033059413297	0.432911448372584	313
-0.050109605839212	0.414228373503721	89
-0.091401179712492	0.620400190153026	1083
0.091353412340197	0.253569145148169	447
0.090481316495524	0.204885264857098	447
0.023612412633313	0.31188573629185	447
-0.121240617110694	0.389316895858252	447
0.087190581777987	0.26118675517739	89
-0.00452475431903099	0.28982285141775	89
0.1020930719	0.123263885463288	12
0.108204668933619	0.110533263220536	12
0.063476905238292	0.169694153453571	12
0.054391591861987	0.219110808460913	12
-0.124361383789531	0.46145089752752	674
-0.050950922254499	0.340812566311686	621
-0.059239057440948	0.395892363649865	12
0.04635271753207	0.229393112092947	12
-0.099394916234351	0.352517512952222	12
0.00838516681177701	0.211079246245115	674
0.067840667232011	0.313878092526411	178
0.019791381561572	0.328076118972427	178
-0.0160941821331	0.508084660749761	1353
-0.034540989633713	0.197877616514451	178
-0.010836078426071	0.181389084848515	178
0.054561592542908	0.116099578383355	676
-0.00613263364692102	0.316999937835705	63
0.091787762666805	0.229129596485091	2
0.04321445012874	0.241994500348616	2
-0.035919051629394	0.476481698217446	2
-0.012331519219868	0.337103975708573	313
-0.00941354824695401	0.318131312436245	313
0.086840256279587	0.210506214207682	313
0.08266718592042	0.226548890128199	313
-0.072061467029712	0.454539942664905	313
0.087337420971626	0.163374446037058	89
0.031916391691426	0.378713276647209	447
0.122426919909157	0.163811095100075	447
-0.123249749875453	0.724772657758893	89
-0.029387147070594	0.477587945845033	89
0.039389628735112	0.357770334923252	89
-0.02090591311751	0.2407195164424	89
-0.036675326018984	0.1950521127024	518
0.113781269782047	0.0858261968546315	12
0.086933673251184	0.121336498022151	674
0.070759900622346	0.114434918537946	674
0.120180223059533	0.100379810406	12
-0.0846482208509	0.46768166564982	503
-0.10860019230127	0.616020343432602	621
0.101407150836358	0.211224030576994	12
-0.106921843097021	0.539216890008741	12
-0.093916806088436	0.598773312386181	12
-0.044351635877813	0.47585690778029	674
0.098811159157906	0.171128224196857	12
0.108067637382232	0.142968495800946	12
-0.101255798712236	0.696570712509213	352
-0.108436726563242	0.565288259869661	674
-0.077986945002352	0.482985666348312	674
0.059210219189021	1.65949904147921	13
0.09852586353599	0.247579805934688	399
0.00108926396366499	0.434491036997783	178
-0.122362272006024	0.417155376408971	178
0.033488003650388	0.181430565619502	178
0.015404509636758	0.404084860477191	1353
-0.045354830620478	0.198228011296102	676
-0.086325870942132	0.256158799174148	676
-0.0294184713359	0.147748881738278	676
0.00341996257860799	0.174180130455863	676
-0.094406303896586	0.849305679377588	183
0.110344489079736	0.211513594931731	183
0.095564904491484	0.188360362224895	2
0.026995999889176	0.381863839420823	2
0.109384523968954	0.166401850388965	2
0.053901315916637	0.26642180596459	2
0.032733278922744	0.320233676708655	313
0.069735657220753	0.259990853754739	313
0.097423222683277	0.249357709023304	261
-0.113448752895813	0.504959475666724	261
-0.038832921725783	0.435508148511083	261
-0.025362358665614	0.152343490350929	89
-0.093568584344781	0.597040005639428	89
0.00417837307010099	0.195300974704905	447
0.092981476485579	0.263456375202562	89
0.040841779206595	0.125829419848911	89
0.002046282930003	0.142404842656932	12
-0.111493266712109	0.483760306980127	12
-0.022542761996201	0.146518952402891	674
-0.073759060924844	0.398791002519401	503
0.00330088442603699	0.397210262355554	12
-0.078449336571536	0.478046233376905	503
0.064894611820337	0.239653740248435	2015
-0.0361497773721	0.494152606067125	621
0.112518484965636	0.217904549188018	12
-0.123803526799185	0.601828935166525	674
-0.069086025515557	0.580494394319453	674
0.025167024774961	0.35794015053373	674
0.059341885189549	0.141470229305897	12
-0.013683746067471	0.483714085838533	674
0.097358574952251	0.242654941949622	674
0.009565343028345	1.9855996399741	399
-0.072236710250882	0.708561680302057	99
0.063357880241197	0.426758355835674	99
0.078552130882107	0.328478161315961	1353
0.097451163361878	0.209903125084535	178
0.011279748282234	0.139396144339883	676
-0.042927556483788	0.155472969929982	178
0.029376332035773	0.390681938079134	63
0.124375189587907	0.0565738600036499	63
0.063119151248922	0.354848239929919	183
0.00590651898452799	0.449651971792545	2
0.057574452375146	0.283031115372058	2
0.048328820963241	0.268449257595759	2
-0.08795680736959	0.529645016775025	261
-0.065763178359983	0.681949144573114	261
-0.080144367559724	0.556518435339756	261
-0.0948711062685	0.763181905262203	261
-0.088880693651541	0.851262245549757	261
-0.021854740797113	0.301361934759137	89
0.062137206259872	0.290629677136288	89
-0.086298872790266	0.557421060515098	89
0.049972952026398	0.407725927572055	89
0.010207783111981	0.305263282775512	674
0.082004010564043	0.134924693531622	674
-0.081245626352091	0.219725672657767	674
0.055307712869976	0.144393467605207	674
-0.121886187909971	0.173702603847773	12
-0.044107047277256	0.362275986965203	503
-0.093147390472044	0.456901777906824	503
-0.067415734103495	0.29234859640794	503
0.079637380133626	0.186116532706167	12
0.123847625606738	0.183532155338349	12
0.119494664809636	0.167018101434573	12
0.10709222497479	0.215970237909162	12
0.057664604382628	0.333255979309853	12
0.036026864348366	0.357102613952622	674
-0.032212934034227	0.481319883928409	674
-0.080813796512693	0.512290456744629	674
0.00534469058908699	0.399726639693113	250
-0.059394860160345	0.471648722135771	399
0.108550996603786	0.414415776353976	399
-0.090407600182301	0.845234676137565	99
0.047336625962679	0.483387703562971	99
0.00770036632679499	0.676346452297174	99
0.00474263715880899	0.175130801343974	1353
-0.045169215343605	0.637901092283945	1353
0.068295687738539	0.380500847041249	1353
0.103259968913269	0.109073277088862	178
-0.063271651477156	0.156993945951045	178
-0.119527313376159	0.668428917805056	178
0.0392530370366	0.0806351596416773	676
-0.033715863197901	0.151011049962169	676
-0.122145883677786	0.234872115577186	178
0.087505977937721	0.0686716353987678	178
0.041285678996332	0.0777663775203925	183
0.026832968840846	0.290223514942906	183
0.075688533288624	0.187454511594502	2
-0.025800198258799	0.468771111586023	261
0.100036747409699	0.223577962664082	261
0.071945845579631	0.280664411596406	261
-0.012629888660949	0.517625736841244	261
0.08693369757667	0.0665772880021218	447
-0.069391018170943	0.163198837229739	89
-0.067236370803105	0.400781061014554	89
0.056333732574492	0.32810500164458	89
-0.113421382330109	0.336784830290605	89
0.08655403497028	0.0677744345479386	89
-0.122004581943545	0.178535853341778	89
-0.030559740432225	0.155523086545926	447
0.027460492640331	0.0808318552464903	518
0.080718836425264	0.207093797329569	12
-0.121966265881183	0.394322475054516	674
0.002738562469392	0.221382825172169	503
0.063729134531528	0.252872189570015	503
0.086848537961346	0.201472372326456	503
-0.0794404836927	0.219754105362979	621
-0.047186423580283	0.620425125774824	621
0.079697828510029	0.306010860318187	12
-0.091902700758242	0.282085134540428	674
-0.04376685352933	0.581907014448427	674
-0.096833163152917	0.872984246948266	674
0.055050660300483	0.371576678910803	674
-0.044611513782188	0.936338859607591	99
0.079476244250283	0.391972928638044	99
0.021299296118441	0.463237903206026	99
-0.053092639320363	0.90816344928241	99
-0.081128968850649	0.307398750686263	178
-0.080308635008248	0.719168262161836	1353
0.080019541153165	0.281228927277413	1353
-0.098864019751932	0.263523196384937	676
0.091775396398365	0.121540537494125	676
0.096420534164669	0.062691869685854	676
0.077385479054607	0.107000573814311	178
0.113965570642111	0.0600840923033799	178
0.078670993269877	0.106704150552719	178
-0.022852480279326	0.597636673457183	183
-0.088523053546726	0.604139501704669	183
0.117278114144162	0.187861562535986	183
-0.011718675275703	0.45319545847525	183
0.010405336737411	0.297254519919261	2
0.015416965823382	0.420617365084143	2
-0.07048374672985	0.488563514288892	2
0.073816191160514	0.213390392909067	261
0.118516726264857	0.145953664078508	261
-0.061626020779783	0.481585426617019	261
0.115508607108586	0.18394230732153	261
-0.00323145819301202	0.384923651968899	261
-0.078772203727995	0.682463186114576	261
-0.035020789801402	0.484714952920538	261
-0.034177649461013	0.481419407774278	261
-0.111960766665469	0.825529089587412	261
-0.080815805060729	0.211451084993	89
0.048123105195212	0.120347316766044	89
0.101348869020187	0.155228963155647	89
-0.106310541476452	0.600704099127307	89
-0.063146954967052	0.634760496008821	89
-0.121891920882645	0.880128606265114	89
-0.034690051254516	0.157131979086768	447
-0.00141450611262001	0.178328039734807	447
0.110677207223125	0.218883372369889	89
0.101759282825019	0.0954773071271797	89
-0.124316781180146	0.241573650618059	518
-0.108176878834581	0.38313218749102	674
0.014908710829879	0.250162457346991	503
-0.016319929646459	0.341994289477669	503
-0.010625746333598	0.424364547932919	12
-0.011779587897982	0.446524131661213	12
0.110363835665225	0.174142359985054	12
0.044451143046277	0.291235568347607	12
-0.03034863370448	0.224333692614961	674
-0.119551274544263	0.574992131115336	674
0.066689700174437	0.461109863319788	99
0.048071599586907	0.520705662524548	99
0.068624406475968	0.488460594082302	99
-0.034646421949801	0.77579719479935	99
0.110108020588962	0.347044661806316	99
0.026706000599506	0.666212129440417	99
0.00433466201353999	0.515459182286987	99
0.118641496382055	0.222725942174808	178
0.066797250177327	0.30212383761477	178
0.09848856044024	0.0976366811343795	178
0.105051712261884	0.110822512200165	183
0.099388128249312	0.281685208163536	183
-0.030643843879201	0.192616808309864	183
0.033040039491023	0.0826547724511613	183
0.00125182403303201	0.226873024522662	183
0.049384768367601	0.369641550412661	183
-0.053369620595146	0.572286865440803	183
-0.017283687414971	0.350356062915693	2
0.05673257718784	0.270264273068721	2
0.026415454874913	0.311903831918524	261
0.061856882670938	0.325128761290203	261
-0.027565215254683	0.454514152956938	261
-0.00855783483950701	0.231131595839658	89
-0.053008316708321	0.231701006775157	89
0.024581943535873	0.275509736495816	89
-0.085046803119012	0.720857408505762	89
0.051722100175794	0.327744063601784	89
0.080478960131809	0.102402957676907	447
0.085778501928139	0.234964585971881	89
-0.051132278595573	0.646659035584032	89
0.064484748602228	0.21617117316254	89
0.00921452380753299	0.143040360816585	449
0.023156646335875	0.127018447925359	518
-0.0343559507331	0.449438013433438	12
-0.051703924877042	0.425741316239881	674
0.085586325268229	0.123068751978617	674
-0.022265158354939	0.143629826057336	503
-0.111047934249047	0.573640868658444	621
-0.00701353859902998	0.421614047265787	12
0.037853349860436	0.28407783996077	12
-0.101658895606595	0.455947887051516	12
-0.035663654030905	0.53120176796041	674
-0.062370948337558	0.383621884680036	674
-0.051676655124469	0.511095353566293	674
0.025001837594921	0.380714013300363	250
-0.01654526581025	2.34345905510381	99
0.032199415601132	0.718518823490818	99
-0.043556504541392	1.09697435277796	99
-0.018801724113887	1.00361354905047	99
0.00975089799467899	0.80782317027796	99
0.113628008153903	0.273086364310222	99
0.024896800408406	0.549544107353108	99
0.010438063558091	0.596015167555794	99
0.062185607862947	0.408746099747792	178
-0.011969912102888	0.644461364355124	178
0.074258942186517	0.327065827599742	178
0.072789759782856	0.318382310697314	178
0.09437981765662	0.286144582599189	178
-0.114202341313913	0.481799674910955	676
0.111204500915457	0.133492648831859	178
-0.084182225543963	0.399511786994161	178
0.025295069842533	0.222662355997298	178
0.073423637125597	0.17718759781723	178
0.032917935978159	0.244775420327016	183
0.045054035144882	0.283686151248216	183
-0.098127720934195	0.618323652019513	183
-0.066837337326924	0.6627630695856	183
0.067169579693322	0.310502012752455	183
0.021146768817587	0.389157358573569	2
-0.000363693726958991	0.422301140154774	2
0.092500492131278	0.147263970176427	313
0.059509559718516	0.175158618155421	261
0.056679402678812	0.203161505490231	261
0.019704513705121	0.384814603219401	261
-0.00738908607790501	0.416019888940224	89
-0.074376597427076	0.709501588439127	89
0.034250908138559	0.320804373591136	89
0.038117837317626	0.326377082953906	89
0.018790250553291	0.234286210398058	89
-0.097664829706454	0.420290295577079	89
-0.018057200573744	0.511894445759814	89
0.084259181376286	0.205104274420387	89
-0.051329188841692	0.338582949404301	89
0.028130246047455	0.195552394385905	89
-0.118529624204364	0.396778412162304	89
0.082433153680683	0.142467315949972	89
0.047768917699576	0.14730134333451	518
0.019078642807736	0.242713091888968	518
0.076424417266717	0.160727825108913	518
-0.00304257193495699	0.20618174126435	503
-0.024554137745001	0.292480782498649	503
0.111518081733736	0.102741605143117	674
-0.00908385584945798	0.285656907630837	621
-0.072238624375736	0.430110765500295	12
0.075144135565947	0.243360248947472	12
0.070488402368232	0.149758270400106	12
0.104684832287716	0.167452347960178	12
0.094614724903212	0.172473079663162	674
0.045440623005529	0.26220574274278	674
-0.111209097361344	0.745199543087075	674
0.069070270519842	0.279844531178272	250
0.095228303316307	0.626499676976466	99
0.053339184869553	0.758223485970388	99
-0.121309157172932	1.89572785877938	99
0.10284684932696	0.291463796062068	99
-0.029320516355603	0.64055497201541	99
-0.095182722615236	0.804809782011738	99
-0.00401625027376401	0.528956036357656	99
-0.038653865422473	0.661388076541074	99
0.064859229638973	0.401357041505821	178
0.087237094514701	0.201382594938865	178
-0.100997912904375	0.52427256536249	178
-0.087141865314956	0.593261126960604	183
0.055231255165747	0.282235347084344	2
0.065481837442273	0.28292157220668	2
-0.043150304467143	0.324987963330813	2
-0.02578718797619	0.216701290052277	313
0.098838251618353	0.13070630170499	261
-0.024182081668197	0.146281850979567	261
0.051056932189976	0.160518902331143	261
0.026256180433206	0.179674029912332	261
-0.020227186749684	0.517595972720415	89
0.07896902350345	0.230041465841767	89
0.074491248396133	0.234273781245387	89
0.011261436929921	0.42771544350286	89
0.076346202437721	0.161551668299012	89
0.00790439889998901	0.305800742627943	89
-0.08903669405809	0.435949896232549	674
0.023211042424276	0.239387034527708	674
0.059752610464832	0.237930940400267	674
-0.048946714775946	0.352159175838055	503
-0.059157178306796	0.363473799582155	503
0.099305809039537	0.17212058947955	674
-0.016542441300187	0.22802622761009	674
-0.038175623905293	0.274851564463044	12
-0.082584238907832	0.1624878927108	674
0.100605770927168	0.115005370517403	674
-0.076031850490246	0.484250604131943	674
0.118028054410363	0.0604327829438798	250
0.061585637985392	1.09768267491673	99
-0.018855598203653	1.52436969908296	99
-0.00957403309715299	1.43087854586145	99
0.037392633491082	0.897612071306244	99
0.019165950859011	0.905706140905795	99
0.000398360980643997	0.938521057803722	99
0.006180166178995	0.905141873061464	99
0.018416320154764	0.449268890440236	99
0.123959565762233	0.223836941932316	99
-0.085585114660903	0.663057443421616	99
-0.077748145480587	0.858697096058342	178
-0.102315216835488	1.0289251805656	178
0.027614062867856	0.470387287076613	178
0.051211566998491	0.451167277626697	178
0.084586390263371	0.232173950318926	178
0.042397172468087	0.334256412980583	178
-0.082197299466437	0.75326132346799	178
-0.034938039637688	0.430027004481152	178
0.08305820100762	0.238963886402526	178
0.116036086188712	0.195445577219418	183
0.038062709990037	0.302238826713637	183
-0.060547063331072	0.564166198192574	183
-0.083996152968362	0.432646630186767	2
0.031876760222361	0.273133716907975	2
0.108793882145494	0.109658345146646	261
0.098161478156623	0.114341047134676	261
0.062966894037294	0.13715512130759	261
-0.003460301104102	0.462932255227723	89
-0.035809449860421	0.475452953925037	89
-0.010597949460785	0.41319887070253	89
-0.091437891141479	0.629714386613595	89
0.112478741619627	0.182970480148037	89
0.068946931059853	0.285520894753047	89
0.106323437891284	0.217045760780452	89
-0.00624632194441699	0.38717012575934	89
0.110880083707	0.170210460724247	89
-0.00551644460110701	0.294936244635919	89
0.042790822227203	0.268620305137679	89
-0.077799846208668	0.373930728427607	449
-0.037008296275488	0.293162479217581	674
-0.00241196388480602	0.302514791239615	674
0.112861804822784	0.115560649007114	621
0.08403314220241	0.215797852355687	12
-0.027741544656424	0.245293967145326	674
0.016006652158796	0.134411248772617	674
0.082635994141032	0.0700799199720234	674
0.062549773632609	0.261066630833116	674
-0.026080725154747	0.282822115227001	674
-0.076374636036898	0.1698241957001	123
0.088137322595551	0.779858387749389	99
-0.029964788580595	1.49036990966528	99
-0.102952751358867	0.557041559034527	99
0.069046577278045	0.208619438977084	178
-0.048744461272744	0.572285964647203	178
0.091369319791209	0.248853281646307	178
0.05317017300526	0.261586824563289	178
-0.03243943309609	0.23257219930597	183
0.051584024983381	0.180202648486147	183
0.083029012678936	0.188119528148226	183
-0.015402221089521	0.473497280368861	183
0.084521984742482	0.238508764130709	183
-0.085462762241593	0.357255397025206	2
0.0219648685387	0.227052299393335	2
-0.066389120583191	0.16499451290068	2
0.00266790253895999	0.221231027741162	261
-0.084538921630322	0.286139668476575	261
0.00636307584021001	0.376663778642112	89
0.086896652892541	0.268688864901175	89
0.046155174513057	0.292869953874471	89
-0.018206517389561	0.435921880198333	89
0.061764126332973	0.289321124425765	89
0.011526341842067	0.330216028753196	89
0.093032593763829	0.136388484503811	1465
-0.090188639271803	0.602637219996511	89
0.090781809766261	0.246503577570412	89
-0.054492336552514	0.462478067141119	89
-0.068784724379709	0.430075613322145	89
-0.003935203798895	0.268124723373523	89
-0.00276587837169701	0.359578167394556	89
0.115359796031883	0.141975030515428	449
-0.077217206356733	0.493045332325187	449
0.023979349275286	0.314336948308242	449
0.123134687685373	0.132726023278061	674
-0.118220168181394	0.422424347865949	674
0.105908846906738	0.175428366514426	674
0.087935243874935	0.183926237191412	674
-0.034128006148025	0.352627589284674	674
-0.016081961664892	0.278732048976673	674
-0.040497626511573	0.2130301210346	674
-0.05826927529466	0.334066157726038	621
0.04946135926688	0.176492240145724	621
0.040728687338269	0.080252287349635	674
0.022890428282125	0.263530934051084	674
0.094162071528476	0.17167518299702	674
0.097599018218397	0.199321914799917	674
0.070276783766062	0.863564632338714	99
-0.04666920307417	1.08641848574901	99
0.108993656084014	0.209203534250117	99
-0.062476895795907	0.632143143646751	99
0.096851457545932	0.272242574878416	178
0.115868225058939	0.275454983378151	178
0.090178836406477	0.28402781889992	178
0.09319755551523	0.15020955672054	178
0.011708558022681	0.331682787289816	178
0.089392962216463	0.300208331518217	178
-0.04266116702784	0.507546739034164	178
0.070721550163333	0.281260266140206	178
0.017092341332019	0.345319857805654	178
0.040186321036339	0.171083876021258	183
0.013221446304354	0.235769536672197	183
-0.042031655815548	0.48422089202512	183
0.07082629114464	0.277837887481614	183
-0.035635994629635	0.49469637816292	183
-0.00577790062334799	0.379934712158318	183
-0.027008654821843	0.514061747011733	183
-0.024027882231665	0.145653129335324	2
0.122758027570526	0.110892108435607	2
-0.072745319039854	0.17048293258122	2
0.055067687938183	0.144649369927771	2
0.015355803072149	0.135204180632955	261
-0.034939197761421	0.0971038970881577	261
-0.071793093086485	0.171103539536475	261
-0.087986116520682	0.36649709734351	261
-0.029866680381874	0.364241408836006	89
0.082876971988153	0.233794094185248	89
-0.079330194317244	0.37521384477941	89
0.084932744349466	0.245089578569506	89
-0.029620250500588	0.434496993028404	89
-0.02495104539941	0.469237262829174	89
0.025419382385439	0.367106583543787	89
-0.047451885658286	0.450793017969578	89
0.096935832508025	0.189209287077259	89
0.006889502872751	0.320881490951381	449
0.111681626075248	0.161464101803169	449
-0.026306749111732	0.347843301959234	674
-0.034235542556434	0.37119045934284	674
0.029057938402479	0.232746778748576	621
-0.00122427512509998	0.241985063158982	12
0.091010196885569	0.183659379609228	674
-0.019548369144596	0.421014477073321	674
0.02007570355422	0.327762887584787	674
0.078167081430909	0.0726514442628303	250
0.043862754972758	0.855455227542193	99
-0.021440305155133	1.17273867435924	99
0.0231663298373	0.561231764702053	99
-0.021377740232119	0.778263085665016	99
0.105364902531225	0.257251653887632	178
-0.062114590514766	0.917602633685491	178
0.033588327851407	0.373734605073209	178
0.066032952344388	0.330221599518392	178
-0.052585368740076	0.53133782490417	178
0.000558194847740001	0.427250119980393	178
-0.017814439365442	0.459976128179102	178
0.01139987799673	0.205375325041557	183
0.032272235583676	0.255006132268614	183
0.098665469847388	0.259453956938926	183
0.075111631339226	0.292893397805822	183
0.049262492488824	0.353909137259525	183
-0.10171193683395	0.794844958909231	183
-0.100261356530097	0.37261714395284	116
0.080961879320491	0.160069394012235	2
-0.072277259271193	0.647970469299216	89
0.088631613921966	0.233314458024614	89
0.087918136060854	0.244107814825029	732
0.009890814987321	0.410243052139199	89
0.077034825105651	0.274982780562175	89
0.039240994939924	0.304538866441497	89
0.065203855569687	0.220903502257588	449
0.026456017789307	0.231695280567807	449
-0.104296194975563	0.467363808466477	674
0.064922025149939	0.202638898369558	621
0.092366700450809	0.181990197841513	12
0.096490289681268	0.140486056418412	12
0.037787438658105	0.0795938535811116	12
-0.118950970301645	0.237358969946593	674
0.04186850900469	0.12845939388021	674
-0.068451644345392	0.544677870662849	674
-0.074908173621127	1.57673258636429	99
-0.032569682871011	0.48359754737205	178
-0.06334082744722	0.669758319237939	178
-0.057172796751059	0.556326359212851	178
0.054669223997973	0.271957105894983	178
-0.00762692806760501	0.419760821816668	178
0.063226147416009	0.2392387411868	183
-0.045338664046285	0.492396604041327	183
-0.117576725146749	0.706112325209899	183
-0.03641038754469	0.444674436802897	183
-0.071656393934495	0.169217008417822	594
-0.114826771113594	0.405940406395145	2
0.035583365111002	0.242075105847517	2
-0.041673483725996	0.252894572976678	2
-0.038733838411343	0.197792568521531	2
-0.000246047489264989	0.201289969447674	261
0.03602188784991	0.15549549163752	261
-0.030599891410876	0.492834871396696	261
-0.087785872252118	0.25895478735937	261
-0.05157804109321	0.50635562979755	261
0.095990494798033	0.245170092221704	261
-0.077153920343958	0.520262832282122	89
0.025231041059906	0.331485884955107	89
0.084611143794871	0.233431069652326	89
-0.074114596191711	0.398431602240813	732
-0.00518869406212003	0.423085500259115	732
0.039557303352263	0.30408533206222	732
0.114881141370334	0.189508283329776	89
-0.049391181258912	0.48729186916899	89
0.034457511969716	0.255499005038263	154
0.043207330800121	0.266353527832538	89
0.034155946797961	0.237920716363994	89
0.109577946604278	0.136514467788954	89
-0.116245916168309	0.377729556686036	621
-0.046227866144456	0.213581393610356	621
0.084066477819996	0.156791840213188	621
0.06430616237109	0.133404998325739	674
-0.121785399224808	0.448661451405904	674
0.066847965882428	0.133615627526342	674
-0.052615664066574	0.454133943132113	674
-0.00140315732797103	0.30058180341818	674
0.095054947284384	0.211946145268407	674
-0.066312293616453	0.298454988343455	674
-0.017926978527606	0.330437722434772	674
0.06598053685672	0.132977397131973	250
0.053502051788276	0.550039184468395	99
0.119651927141962	0.313218800834946	99
-0.117504420964683	1.43593131564991	99
-0.014530470329053	0.826079175664012	99
0.017705411004243	0.511353791547415	178
0.045964187995636	0.342844551951917	178
0.034306919961674	0.334566363831868	178
0.072134747097971	0.31488276120835	178
0.078746076643724	0.182312464619633	178
0.120823541395017	0.146082349443537	178
-0.037993966787096	0.374272962284554	178
-0.01974048266164	0.342132812738907	178
-0.014944216491243	0.335225120420704	178
0.119595227086424	0.135567746121752	178
0.062841210384186	0.203491079404418	183
0.049178265788965	0.257217145008233	183
-0.021537729401309	0.357771747846851	183
0.104146693069933	0.137633920168201	812
-0.067833221406302	0.208484175156303	812
-0.031840214693781	0.195154945882503	812
0.091517004410944	0.17425600912791	2
-0.073262261358522	0.325735730549479	2
0.103755955419475	0.0946966918807233	2
-0.076140539126574	0.170483209497146	2
-0.066389120583191	0.16499451290068	261
0.086618418081045	0.214633056097917	261
-0.080374363119861	0.461085560119263	89
-0.076267074923044	0.478868028650916	89
-0.090091446798086	0.42502574012466	732
0.089494340387779	0.197440452628879	89
-0.047370886343634	0.422483667838429	89
0.050265042202556	0.266717298340768	89
0.117092785850015	0.158232254584335	154
-0.000389580207789009	0.261792569810482	449
0.072475728368329	0.17761587358419	449
0.00382833380581199	0.240163475433455	89
0.088246533195841	0.148004446247925	89
0.060878276842562	0.189981306302685	674
0.0201092534601	0.251436755886201	674
0.04258047792944	0.203273899084842	674
-0.116030188887271	0.423452741324882	674
0.090786600368011	0.160297498587703	553
-0.033327740302362	0.260753868094655	553
0.078758987751301	0.184406868688678	674
0.07293792415338	0.165116594378925	674
-0.097200355304193	0.390780228075039	674
0.083354759555533	0.224503732513805	674
-0.073786525780677	0.233869472627351	674
0.115064920990849	0.657426945938643	799
-0.058790083504113	1.20121492084201	99
-0.10093036951502	1.40913382006985	99
-0.010933886293231	0.827939855052621	99
0.045069530083633	0.582831314603736	99
0.068823989849783	0.432475040416151	178
0.024808433483739	0.30734449513948	178
-0.00197868154991299	0.266092264624768	178
0.050453747232556	0.298973674581702	116
-0.054148694151662	0.452539337394921	183
-0.037472498946607	0.297437754273092	812
0.070828268236163	0.114658479954574	594
0.089693522707489	0.150326917868584	2
0.103295397625292	0.107536832057347	2
-0.062470732617244	0.241814543981229	2
0.085242194222938	0.132422830055817	261
0.039454770613848	0.175656066894886	261
-0.00355127613116102	0.201286476309212	261
-0.031840214693781	0.195154945882503	261
0.02298184144687	0.335186208535052	89
-0.028271174428816	0.310761108795119	732
0.119123335545573	0.166601185268359	89
-0.044280152807295	0.413503490467886	89
-0.106400663898974	0.504223841104067	89
0.073040207243791	0.16333054795658	89
0.081380621000813	0.160277779267667	89
-0.105187941249843	0.359650842198753	674
0.075143153712249	0.165995788723839	674
-0.073875162533926	0.335774515945745	553
-0.063683055838418	0.366307724510425	674
0.068455262772233	0.159842441378526	674
-0.084527699926154	0.30317286416661	621
0.074770851561811	0.217665071399376	621
-0.065021074684002	0.2697822511714	674
-0.090335209477586	0.250072927137097	674
0.014052284735251	0.135234262338219	674
-0.112744367870731	0.50732634025008	674
0.085083635413013	0.948177764252457	799
0.013638115897605	0.734259682591775	99
0.040287341838491	0.64343195503841	178
-0.051563957522081	0.762283584376336	178
0.102409114460098	0.343732270261185	178
-0.027927278974884	0.6029458629024	178
0.064287166537875	0.304542046165684	178
0.110763240770684	0.173120060258076	183
0.118263813299863	0.173268668155238	116
0.094170256632413	0.236077820583703	116
-0.094496528890592	0.415845482290784	2
0.09831506215194	0.0960270694212628	2
0.068456592386551	0.112663717583081	261
-0.102467235919247	0.652707486783644	261
0.116682506803025	0.157492216716808	261
-0.11199673698669	0.463420755642887	261
0.00702970584580001	0.331263505747969	154
0.001474676454542	0.344414153490302	154
0.087636950531127	0.191073201562859	89
0.120929516033994	0.123680032608347	89
0.10912836550582	0.136719401926791	89
-0.103825724648858	0.474126015312119	89
0.04351901654243	0.207594981348678	89
0.038572399617667	0.208929398695761	89
-0.029164365190529	0.332754054654995	18
-0.00760832941765199	0.278945643043301	674
0.051081656193995	0.228060783226801	674
0.075318787936359	0.186091544747399	553
-0.058600899450223	0.238557873849877	674
-0.030330628410613	0.246582150352384	674
0.073070450007846	0.113204978404986	674
0.10373033737297	0.150434981937819	674
-0.073266187549835	0.501390671587084	674
0.081044365392512	0.104157294868367	674
0.061985986515576	0.424866807648194	178
0.11175720007412	0.282985551333673	178
0.023307343108936	0.411894682860802	178
0.028104674298541	0.474701991144219	178
-0.069328932426793	0.570301374852314	178
0.120634893686542	0.17998255392961	178
0.043141245678164	0.248868924751683	178
-0.015428028263793	0.311070479807749	1347
-0.061874255027531	0.479496811171529	1347
-0.124482778191296	0.479732117955033	178
-0.120287888003392	0.458470786973741	178
-0.094193212132189	0.456733129724013	178
0.00162911886800901	0.312811334242468	183
-0.03989273321453	0.414051663289731	183
-0.121541465493752	0.499285510597618	116
-0.029633876763611	0.381059062791145	116
0.020069707634097	0.258749124502506	116
-0.06096177173269	0.158170647362828	116
-0.088447199880673	0.522846221696578	2
0.057935287826367	0.219799919298085	2
0.07130588167618	0.163391480935715	2
0.10909202967967	0.164630336662279	261
-0.080437326368306	0.535352885041147	261
-0.00746324905663198	0.376472881716348	154
-0.014194728820773	0.360614677055338	732
0.053373585012116	0.259719088611066	732
0.036994487402476	0.242026765872018	89
-0.043934203294705	0.318693088300515	89
0.054947832946938	0.216844468277472	89
-0.10920154501897	0.388457849195416	674
0.062132258697017	0.223562014775148	553
0.107728473956632	0.147045984497929	553
0.123858059891082	0.0849622884454938	674
-0.121545378507609	0.371602822765078	674
0.109985366575163	0.14045748418667	621
-0.072505858425306	0.164464997951716	621
-0.033722865468556	0.158616796624224	674
0.00653099218221001	0.172312883993365	674
0.107167484044693	0.168325762766635	674
0.092816504578212	0.241904716552753	674
0.118535256282397	0.0586306689347205	674
0.095833947552023	0.100632084661657	674
-0.094330535427093	0.283339597741304	674
0.087306473210684	0.710891128345725	799
-0.014405853310919	1.12603821176329	799
0.086833257634696	0.277990714238033	178
0.085813918948555	0.272862958357391	178
-0.086459116627028	0.708916954774719	178
0.071533572322186	0.300449861124575	178
0.06795753986111	0.219353305878472	178
-0.052314773886598	0.323136998848482	178
-0.053031432482645	0.356214168232339	178
-0.011049641817661	0.339834818437558	1347
-0.054310144872614	0.343211690779438	1347
-0.011692563286202	0.293920721291488	178
-0.067323452234271	0.438671546767798	178
0.085292014967534	0.172303891358581	183
0.096957921571318	0.154905486367811	183
-0.014057753441665	0.370625566117668	116
0.044689979357624	0.270959868375104	2
0.022723126142066	0.286526514136233	2
-0.030900221370241	0.249067164338802	2
0.011973356703343	0.136235590614578	261
0.029008852126014	0.339368752074701	261
0.080044696723236	0.224388445998279	261
-0.051349642105814	0.409797968205612	732
-0.062303734112974	0.459231609276032	732
-0.070208527985529	0.35994787395462	732
-0.109909170086234	0.413162203764349	732
0.120212324462752	0.150683006227499	732
0.00955092545095301	0.318710956964863	732
0.100373514428122	0.154077782687289	732
-0.02889762186174	0.373918917020945	89
-0.043108334191039	0.296860135494541	89
0.079517017128014	0.157177302852079	89
0.023815855474616	0.217019709083604	674
-0.06550166210938	0.318345437879754	674
0.066742248270405	0.15341378977841	674
0.016828663728626	0.238567818413666	553
0.021943141100671	0.241361902312776	674
0.118278791083062	0.110475843317242	674
-0.030089155287449	0.289501892355839	674
0.013418364581748	0.269480508199735	674
-0.097037412742949	0.245739055097251	674
0.099818872196783	0.175994989452866	674
0.112826501589501	1.01848956213591	799
0.097096536903091	0.886116604360431	799
0.037953878579491	1.32691670431516	799
0.050696524754935	1.07629048951113	799
0.114155543315986	0.0622968362439471	1347
-0.023978749089078	0.093269045574261	1347
-0.05785259173898	0.151983396751966	1347
0.032749702050647	0.508346317272085	178
0.089532322639731	0.0675055661228565	183
0.115772601730482	0.082516501349594	116
0.018881929535689	0.527259137202329	355
0.055636218067362	0.342058911391202	355
-0.060526466529242	0.747500446721874	355
0.054427452960085	0.392234589203653	355
0.034734571948327	0.414772121285646	2
0.010138917559396	0.346738262621302	2
-0.11724868814352	0.670374536235768	261
0.063076218236875	0.348727277169234	261
0.120439209896723	0.0998254616142456	261
-0.077927384126398	0.35904546165195	261
0.09743316118462	0.24294585487985	261
0.015333775397894	0.418314007920585	261
0.058141734179912	0.243150471395778	261
-0.087535147598511	0.653371541033668	732
0.080529355897831	0.352624694211542	732
-0.00156595984650698	0.444662758973092	732
0.034485818687134	0.268954576263388	732
0.094950577907612	0.304068188825027	89
0.084786329342025	0.0693987567961534	89
0.033481113646055	0.128691711077434	674
0.110655470799951	0.127597468642084	674
0.109264655183803	0.0857859653916365	674
0.105683055968086	0.178925774949776	674
-0.051028235415001	0.649323461596381	674
0.078120257697099	0.211677208306827	674
0.061140922778175	0.239004908839326	674
0.0706705906682	0.141638124021963	674
0.00305258070459499	0.142013200177031	674
-0.103942208017017	0.878075557698189	674
0.022240183208128	0.254971135272947	674
0.038984717245223	1.58599471220965	799
-0.015881017510094	2.15523909888296	799
0.090514353252664	0.867402267888348	799
0.058091543192686	1.11532977188413	799
0.019248752678818	0.355068174360955	206
0.098746085196484	0.0972425062540709	206
-0.022823913781904	0.0911146802791332	183
-0.124614480017991	0.7490865568907	355
-0.021825551561228	0.305746456854292	594
0.079536851978482	0.185076711751191	261
-0.105239368847457	0.477699752007034	261
-0.033667742058241	0.294870758803484	261
0.026845149017556	0.327697623199371	261
-0.044746277868892	0.256308896875435	261
0.110069961259418	0.189519243983686	732
-0.114343121597887	0.646387788356452	732
0.123916715253848	0.217732691989505	732
-0.07142244869809	0.163781642670663	732
0.059550623327391	0.238137960603496	732
0.085860383843952	0.068416609472069	89
0.111997699364853	0.062996145145301	18
-0.104851774137662	0.264995826653558	674
-0.086454910979288	0.594547465828023	553
0.094827680813673	0.192424763189276	674
0.018831492809155	0.293774914911331	674
0.053967867405326	0.20365176973794	674
-0.110213091527734	0.623079024940128	674
0.041009529716628	0.220629063114586	674
-0.042009122223671	0.426419861668192	674
0.029382298880677	0.360840675131114	674
0.100175041935699	0.0938313925802402	674
0.053942556331368	0.317947984498507	674
0.112906008399563	0.145821489767266	674
0.028278607251726	0.307744935528976	51
0.113427647954658	0.921454570849006	799
0.121561215546313	0.746441789651625	799
0.069415360362326	0.923233094170462	799
0.120616077486321	0.135656409672701	206
0.020769450412412	0.163815039644994	1347
0.077169004655002	0.187521583657378	355
0.074922019688027	0.200931774811222	355
-0.059757604394691	0.333993815760557	355
-0.060109536934276	0.230668562853315	2
-0.027275383747362	0.26172562423688	261
0.025078522911891	0.267835026129431	261
0.0139580628583	0.280008637687988	261
0.107863350484277	0.200383332384767	261
-0.059383171347651	0.342004084182246	261
0.105467422007424	0.0948070088412805	732
-0.039296729658027	0.195950819230272	732
-0.01643547848742	0.292071957181637	89
-0.00397634035897199	0.370017214601022	89
-0.02250188124719	0.215204625911902	89
0.005677015473883	0.172739820173794	89
-0.071112280939139	0.212982370683497	674
0.099063956090095	0.099408953306876	674
-0.08469298248105	0.220142752541839	674
-0.049841747946946	0.285348370288139	674
0.097484955301958	0.130956812451123	674
-0.102794340308775	0.357357767959262	674
0.022847650336796	0.20136263257055	674
-0.01080697143312	0.294641840041706	674
-0.062742863627422	0.409675347103349	674
0.034334314310885	0.307752684072692	674
-0.012011953040008	0.338360268853425	206
0.042760391278165	0.171790285907681	206
0.010526113119309	0.165325060906291	178
0.03508726168869	0.156666221038296	178
-0.071640206341683	0.21789130104173	178
-0.067562852282598	0.514737038534312	178
-0.066254532725606	0.165129404287557	355
0.060948161501062	0.207474274096186	2
-0.038540382164663	0.34176059887259	261
-0.100684936827944	0.453742582493369	261
-0.044613701435351	0.435912381748455	261
-0.107816642326185	0.441833962523432	261
0.117587966861925	0.165416873229979	89
0.020530266490843	0.298817112526158	89
-0.067918568650573	0.206129807279619	89
0.02132134653933	0.276358509379337	18
-0.070535313188124	0.419776126991844	18
-0.116817105440378	0.391784223876221	553
0.035127306190619	0.2119146721414	674
0.019374222293703	0.207695125334604	674
0.106260858468844	0.12316513466897	674
0.077143112110495	0.128718256174607	674
-0.048747887342544	0.294912486063339	674
-0.034112247818657	0.267280606362051	674
0.062243430129562	0.135990512701453	674
-0.001289051190561	0.252543305275466	51
-0.024794704867583	0.145992397588876	51
0.08064063521888	0.995399430462599	799
0.045159697101334	0.349869022274444	206
0.117694740790901	0.085636970382754	178
-0.004870104960359	0.201566533935751	178
-0.036827290564158	0.272479068797257	178
0.103276894212153	0.192821605394768	178
-0.098369125444497	0.294771614730981	178
-0.075271871567439	0.215845124218202	178
0.082933349513469	0.122297035967396	355
0.107226399696495	0.107532311959587	2
0.033702640223737	0.230149638589241	2
-0.029754681546668	0.269061114566738	261
0.014896753857279	0.238939517884269	261
-0.016545020587564	0.301452633736186	261
-0.024736215795996	0.386633156110447	261
0.114684379628612	0.11793902426283	261
0.12281043768696	0.158056221465104	261
0.12108952705767	0.131437210503379	261
0.107122071670678	0.168429762927941	261
0.09500493024139	0.118726748579014	89
0.071110765825511	0.109905025031526	18
0.033453300699388	0.197742932948254	553
0.105612095879512	0.124793106820472	553
-0.037072752284262	0.377344567826015	674
-0.086503659804901	0.410460773411152	674
0.123706151229968	0.109555589191553	674
0.064501986946862	0.188797526236136	674
0.083635940779426	0.177854285219922	674
-0.002040163449884	0.285630982546786	674
0.089711068601872	0.176911058056739	51
-0.00228302235542099	0.242857504207355	51
0.041099438924558	0.280264892765398	51
-0.092460568420565	0.45766417343331	51
0.091457900696291	0.985023241876152	799
0.038381107766082	0.335435613963418	178
-0.051733480220428	0.427188043154692	178
-0.086953403934877	0.570992976681071	206
-0.101317877873027	0.298200743142118	178
-0.108762581560771	0.307625030341374	355
-0.034187125747368	0.395870688028493	594
-0.00322444042537901	0.288236206166903	2
0.118045314428007	0.116268184706277	2
0.013892397564965	0.234119959805245	2
-0.075473317160436	0.331483911123562	261
-0.058155439658382	0.234579740624731	261
0.089438511150033	0.118943674067174	261
-0.00556460368254103	0.307651997307433	261
0.124780743089708	0.0881310967509458	261
0.074664610717659	0.176878352319743	261
-0.017513132360384	0.347072063361274	261
0.00286390627269501	0.220899814890396	261
-0.02260894069348	0.306625647069924	261
-0.001676541417861	0.218407576999764	261
0.028881537012499	0.176066434031803	261
0.104315629632307	0.148183317207872	89
-0.084179466280606	0.433211588583845	89
0.013698865689609	0.319090967626842	89
0.022116364168975	0.20805755739449	89
0.10819270876422	0.12232706323184	89
-0.033626439604645	0.222132944206621	89
0.121949507172369	0.0843278860698375	89
0.031784988346027	0.171306644645158	89
0.096178399567149	0.0961919159412941	18
-0.118624283497752	0.44040184998539	51
0.02905335457437	0.212636210454217	674
-0.070086071604273	0.357374687173247	674
-0.069368526671411	0.317183856809485	674
0.045504926812254	0.168635819175626	674
0.107450615566724	0.136215997342972	674
-0.100076670403768	0.33483705648268	51
-0.088941956651725	0.339978331425006	51
-0.031579927116511	0.219671573455132	51
0.111707231038534	0.144124066061395	51
-0.052012980395093	0.514271870980027	178
0.118735224869453	0.15514498464459	178
0.107727616573464	0.0917208536312089	206
0.112399403015006	0.0901821419373816	168
-0.072184080917831	0.163621253673348	178
-0.010230011161083	0.347761194949268	594
-0.026874083764735	0.31907635886592	355
-0.067753856042828	0.426596345658495	355
0.07924894573716	0.156138674109164	594
-0.051950329523564	0.304434615449583	2
0.00578909217859699	0.287982976883456	2
0.080025507825641	0.140130746526386	261
0.062927120650792	0.264304087506421	261
0.101714408147721	0.152322779737475	261
0.03374580463731	0.155843928628006	261
0.038675786329023	0.12954488349782	261
0.051312271821847	0.217841627728101	261
-0.038629092265785	0.311246589498769	261
0.092363594459188	0.0990685315031538	261
0.105669713440064	0.094159780035688	89
0.092794870727668	0.102757114043525	89
-0.035791785742356	0.349919736664497	89
0.077794814997098	0.199490968428576	89
-0.035497773724104	0.421149342930354	89
-0.05616779411383	0.239024137920086	89
0.10610023091378	0.0926036223998101	89
-0.050904602968311	0.307805314587139	51
0.068307188082969	0.165104897197045	51
-0.037262922045431	0.344919512665891	51
0.120679194184366	0.10441752950491	992
0.103326818547823	0.158342000671414	674
-0.114845977252082	0.323055527574811	674
-0.028841011957869	0.381828241894648	51
0.003012906870655	0.443280160592451	178
0.061101532801936	0.254125206586596	178
0.060248786465289	0.140989885323834	168
-0.027418232753248	0.220225560666265	168
-0.091613353614387	0.345173786321589	2
0.103358582993057	0.169937901073857	261
-0.102350085675615	0.458369314091004	261
0.041614331904672	0.220020653019803	261
0.078989788643389	0.197973265725196	89
-0.041502745010211	0.200873266136337	89
0.047326502399938	0.202984598332149	89
0.00305340209996399	0.199589361328865	89
0.045120839229197	0.241763347898979	18
0.028442240284273	0.161376380844485	51
0.041799051227653	0.126901974763649	674
-0.068824301555241	0.163515583865445	674
0.050074487078312	0.274366146585716	51
0.039422400379299	0.210921958298875	992
-0.071768997147558	0.343150799634561	51
-0.117991800134927	0.495753704422074	127
0.046220201685554	0.271832785944832	51
0.102213517621846	0.164981177590483	51
0.113319123651724	0.155887194790909	127
0.107232558645188	0.29385522741235	206
0.040376218823646	0.345664604739597	178
-0.106661504741377	0.400986267893802	168
-0.051936659826672	0.321370622715453	168
-0.104180759462314	0.444402873704747	168
-0.025867410621572	0.217337182107516	168
0.103755955419475	0.0946966918807233	168
-0.022321747892745	0.18114011064869	168
0.011909133118621	0.138276118586414	168
0.08679294926046	0.10099455379859	168
0.092238623256809	0.209392380066379	355
0.000908002650114009	0.14468464786757	355
0.014811087846847	0.444179204899195	355
-0.010059477933291	0.272702422309005	594
0.082793482988246	0.170935602351959	775
0.102852997775783	0.212738992301962	261
0.00538328704456001	0.143151317916256	261
-0.109630401085744	0.591861837958711	89
0.042644748442905	0.395918348419599	89
-0.025485269186502	0.151699963600326	89
-0.114035789289985	0.414580785902882	89
0.097809062897995	0.170185072912698	51
-0.094303467969508	0.457596508245213	51
0.01744762053895	0.289952608364277	51
-0.016654476354842	0.379230439657194	51
-0.00519251107350499	0.432693243726303	51
0.025384838424709	0.369476053636056	51
0.064814259085575	0.188717861978197	51
0.042497874862086	0.320197345030962	127
0.109959687885928	0.219206357014538	127
0.069013273236524	0.289617239008907	51
-0.050679922987998	1.49397618890007	369
0.076675110031256	0.319956752919701	369
-0.013913814090021	0.512609482382518	369
0.074513155741467	0.310598673573313	369
0.113080516029443	0.23722775794445	178
0.118068691141801	0.206710482946495	178
0.045849660264238	0.147616208184959	168
-0.06181692572028	0.24539196001219	168
-0.079256462073128	0.222707904555805	168
0.046083678359451	0.125733905985139	168
0.00490921744169201	0.169841721477571	168
-0.115475110131122	0.444984820539321	355
0.00340642721384399	0.174363636113501	355
0.109027751482344	0.0646581865869629	355
0.123772469042391	0.0822525358508007	355
-0.105829748351508	0.316937842040564	355
0.077020511189979	0.184863532097028	355
0.053040128133079	0.144921589633528	2
0.04142469590798	0.150751470446774	2
-0.075837920888321	0.290857208335628	261
0.043017196624961	0.168293663214109	261
0.102758528128128	0.150102812941421	261
-0.00828497582821403	0.32265384577186	261
0.103761832810476	0.170501031388889	261
-0.00600239452235901	0.221543578525848	261
0.055885303404623	0.143591620903861	261
0.066437257873327	0.190707713875117	261
0.08703997598454	0.176172541858625	261
0.092334953893693	0.119085344437491	367
0.022104499979723	0.185681289512429	89
0.053310481579335	0.256761964412443	89
-0.090128791906598	0.222088870187964	89
0.097545544028089	0.100016299669817	89
-0.031576469704674	0.192304356901757	89
-0.078355130718311	0.218489166670891	89
-0.069965098446697	0.208488368306733	51
-0.122217974958972	0.44389049434796	51
0.018634269788642	0.205381499150976	51
-0.074242426307399	0.275465804734962	51
-0.123424576811161	0.454282401252227	51
0.085138217307094	0.168335004543864	674
-0.072903734308564	0.329164296491399	51
-0.118607544477609	0.339523154275698	51
-0.101752772360181	0.371387132815721	51
0.047939351687503	0.16589253483426	127
-0.058725474955096	0.402500423655707	113
-0.081983465808882	0.607569221425862	369
-0.071736028503561	1.08919066521071	369
-0.044631753839835	0.932264331875318	369
0.104523728029947	0.352777984585952	369
0.105885337194646	0.282653467517567	178
-0.121832982867191	0.725019438203479	168
0.082693679407039	0.103645858342154	168
-0.00209459357411002	0.175813598322552	168
0.00598835417522101	0.5252724977968	355
-0.03184813663001	0.504311752797925	355
0.068522339686451	0.113183723063136	355
-0.062789677007386	0.624285998730751	355
-0.0758779905587	0.562701712055106	2
-0.010342335218885	0.359137819830976	2
-0.099788649211026	0.535443485217602	2
-0.007413835322862	0.377983453363062	2
0.103416597853961	0.152472414685701	2
0.054804170913855	0.24128262398662	2
0.113424772650808	0.17758612568664	675
-0.05499120005633	0.48409838059117	675
-0.092642306878638	0.714991238129604	675
0.000974505425481997	0.46416027304512	261
-0.00770811882713302	0.492452423119639	261
0.015454490801967	0.29854924286917	261
0.030600242787909	0.368832007392226	261
-0.111113834806983	0.716433097505458	261
0.088133533037971	0.31896511108405	261
0.064353723890885	0.115767173568359	89
-0.08884790096435	0.639427497336963	89
0.00190496354279199	0.463715325015123	89
0.087124907071478	0.122532231073243	89
-0.076696906470142	0.220952629129992	89
0.018168328146477	0.189962414953884	89
0.106466517738149	0.190315746727565	51
0.005690614730396	0.464585789635623	51
0.123779812657071	0.110153522221196	51
-0.049983088911097	0.370172926292156	51
0.099204351976932	0.108275050601549	51
0.035257207333422	0.080130113434629	51
0.103817910471902	0.094248680030566	51
-0.01822756669532	0.384207855086043	18
0.11444516458025	0.147768236285396	51
0.111259302967603	0.186644348632304	51
0.102085431132576	0.206127893146268	51
0.016972385028269	0.372613823894929	51
-0.112721557351059	0.770413871585504	51
-0.080888213167082	0.339999893511464	51
0.03786433346249	0.185065337718249	51
-0.080087552763595	0.277888861160797	51
0.122116095238758	0.217750091193374	127
0.072696020939983	0.290030916008071	127
0.078449331757753	0.296559989233695	113
0.001852888360862	2.04687363815026	369
0.004521081974423	1.62554268812053	369
0.074515485742197	0.371209719146349	369
-0.03772155781959	0.864028823299445	369
-0.00145419309129202	0.870822110511724	369
0.116931915933017	0.365383811819613	369
-0.074731113879752	0.278568123434763	168
0.025018132496427	0.164431457082152	168
0.088425367637585	0.113545670345025	168
-0.116060655903114	0.3038666748662	178
-0.008570109603594	0.602286856607976	355
-0.070271990057553	0.199466882986655	355
-0.016140778519421	0.253994147130093	355
0.042852122104839	0.127782908886271	355
-0.105422790570756	0.296788022588933	355
0.012159135198617	0.232119746672512	355
-0.004099776592566	0.521669748464735	594
0.115046821035375	0.217345622308866	2
-0.076186641991868	0.478248661470242	2
-0.00741413900965499	0.391034190824349	2
0.024949635360965	0.263346882871124	2
0.098435444329532	0.189030669616566	2
0.117425490832548	0.175422554101826	261
0.037351010850023	0.368622303952452	675
0.036208200631349	0.210648932500052	675
-0.053017433657483	0.80405164549874	261
0.042904755225943	0.331290590768895	261
0.015983101485101	0.455549326923067	261
0.107438959429699	0.263807944069111	261
0.027281178857926	0.513741345425921	261
0.064121613528055	0.115964572358098	18
-0.075814941721511	0.637293607513498	89
-0.00043987026888298	0.475574876030157	89
-0.047890759142568	0.261230898750432	89
0.067057784319251	0.113582344090837	89
-0.019808707950616	0.208759040478282	89
-0.042746610261651	0.364820980904587	89
-0.034275855659201	0.599986117589098	51
0.013833741842182	0.357900175966706	18
0.100269547100669	0.165215154789008	18
-0.025520755454138	0.470718903705302	51
0.105033176963239	0.181091987572785	51
0.042713517656156	0.384251070307288	51
0.019897720972228	0.399506609685731	51
0.063141823025488	0.250765920748878	51
-0.074395431593487	0.490974793864911	51
-0.106533869479376	0.726882955954971	51
0.099388470192737	0.219052944525172	51
0.106412579513278	0.184676487297518	51
-0.03905735689656	0.542362133137693	51
0.031020157850438	0.420331978246195	51
-0.020886461398762	0.443430038817288	51
-0.079252914695508	0.676769128037909	127
-0.073731441367769	0.525924795495571	127
0.032683082421768	0.385622067959637	127
-0.086189869940975	1.44727657602621	369
-0.00779076165509301	0.825143289552207	369
0.110430576928429	0.378250094122711	369
0.065155243080217	0.460420018230914	369
-0.113913566849341	1.06518120184007	178
0.018027277574963	0.349349070174471	178
0.066135669239343	0.223370649048972	178
0.048760728129482	0.266158745810233	168
0.028722468734135	0.291090898435719	168
0.108540167927702	0.166006142499469	168
0.092688905068267	0.219047684155216	355
-0.06422210341991	0.404485366880464	355
-0.122732744882801	0.704286821730795	355
0.033306928498338	0.38883268556704	355
0.093170608520758	0.133444779321697	2
-0.040730445474585	0.43150178645911	2
0.110062118198902	0.189586052811329	2
0.044754429140146	0.165244715502304	675
-0.038745247049351	0.198079155686985	675
-0.119801913374484	0.414432300647726	261
0.065497662271451	0.154533612950936	675
0.05719049204619	0.274476241000166	675
-0.071518890816974	0.645017796638397	675
0.085111745020036	0.257287773496364	261
0.111263089072235	0.188183589068119	261
-0.100454866684916	0.493935728341586	261
0.025456169638859	0.329814438210126	261
0.064708895863144	0.267507386901651	261
0.056465755401475	0.316015710287812	261
0.027573023314458	0.253679225620624	261
-0.110766266356617	0.527010165788903	89
-0.106302134955786	0.501449302671529	89
0.035638608683204	0.317036603568944	18
0.112605710879077	0.157051458414738	18
-0.115349696169573	0.612315782992545	89
0.030572373586709	0.240333461090226	89
-0.022762791017719	0.313184579937737	89
-0.120804444907018	0.418718347994463	89
-0.113960753604751	0.416860233774838	51
-0.106689291567015	0.472521601559962	51
0.114888233345142	0.141969609431408	18
-0.036312913801126	0.273385241445191	18
0.118219867553877	0.158730257584371	18
-0.010402224540964	0.269742713053865	18
-0.081335532918063	0.326137590682777	51
0.026010311547943	0.334966834587331	51
-0.00567578151359999	0.339232977314442	51
0.039003995194885	0.227463346852098	51
0.027183363467413	0.200142738532264	51
-0.035142996282777	0.38821554162057	51
0.005887539619019	0.352419494511894	51
0.01999198414095	0.343319373893541	51
-0.00509240972772901	0.304211814751126	127
0.108838044503149	0.192817308454035	127
-0.017651953039963	0.235775555979411	113
0.095275736516463	0.604935251750166	369
-0.017281017903955	0.861484830505962	369
-0.00535272512486101	0.675770161962582	369
-0.085354833562365	1.00219299412431	178
-0.058344654876906	0.860188068805281	178
0.025192228167303	0.491367599960445	178
-0.00864145422115298	0.459216458568426	178
-0.052599638286036	0.539701498632354	178
0.07642443544076	0.259010465513743	178
-0.053426161687287	0.385136918982974	178
-0.010912303394291	0.393581769114939	178
0.084154799643901	0.247474379368958	178
-0.12126907303172	0.4566937857716	355
0.00763861543737401	0.296193351347402	594
0.118375313892629	0.16171898433654	2
-0.058547568159912	0.289268897355739	675
0.035604767440348	0.151620045685526	2
0.092336263195783	0.168641512661262	261
0.091323354554289	0.183848807090661	261
-0.044214211303887	0.417953520807858	261
0.056920991682809	0.231578187335899	18
0.109538604514158	0.18534589116263	18
0.081795517313813	0.2522159466145	18
-0.109766723917712	0.456422162404694	18
0.005725300009673	0.272099524634708	18
0.078124644082971	0.154437780258546	51
0.055334790762759	0.255304054941361	51
0.060815388588057	0.243289682436279	51
0.080766043267285	0.168519923813284	18
0.055433721019854	0.244593064670239	18
0.063849642166045	0.169825328200344	18
0.01814395673278	0.261886704023011	18
0.041065351454437	0.249844270324707	18
-0.090386923978776	0.331256171511907	51
-0.089835195535377	0.365983268591644	51
0.087010545303029	0.167489080065671	51
0.053707830671021	0.143982645497562	51
0.059613428191843	0.152485445030419	51
-0.054438094269335	0.343212857278367	51
0.092826907897993	0.196290256672719	51
0.014495829315985	0.40430640301183	127
-0.03410532482644	0.379218356944502	127
-0.094539906218549	0.333988006132678	127
0.085094954403389	0.790977933238173	369
-0.095510989701743	2.09454199089615	369
0.021660742601423	0.580535985757741	369
0.023721866963318	0.663171365762647	178
0.088624994884525	0.308112801534947	178
0.032137449764407	0.385293497426698	168
0.064175259885155	0.253736837410842	178
-0.059772799101583	0.555715917282995	355
0.036729807446364	0.384192348965197	355
0.02252943265997	0.339470333834122	355
0.076133393013826	0.279325014188412	594
-0.027239905651098	0.577906500222603	594
-0.006813927388021	0.17992186947892	594
-0.068642245345033	0.208432034154582	594
0.071631864106677	0.19534891693922	2
-0.00693631260418598	0.255248734433419	2
0.001703880331098	0.480861431708008	261
0.109175234195247	0.217366370056256	261
0.101340914669712	0.230403630643049	261
-0.029474742813563	0.546535567024122	18
0.024411127083029	0.376282164648035	18
0.112442942045265	0.205170180006328	18
0.01017921908192	0.415058467189368	18
0.064244524644299	0.245879048586433	18
0.070118249790583	0.26308317566518	18
-0.067585081671363	0.489282690102221	18
0.03718256579735	0.257825621008357	18
0.090828853022533	0.177401794929686	18
0.011091820070594	0.254647387854812	51
0.041157139343639	0.277811975776956	18
-0.073694663537673	0.161482495990932	51
-0.085226412809673	0.535116594035204	51
0.088421999848788	0.259872753260691	127
-0.014782462777486	0.282329644577354	127
0.020051055812222	1.2813320351686	369
-0.099195786497623	1.76547923609875	369
-0.022428560251509	0.934708610152621	369
0.087134292799362	0.278926545562299	369
-0.030194596813527	0.5894348588482	369
0.081511739202581	0.393936256363245	178
0.018360745753907	0.420871231964459	178
0.017503637811424	0.414237106641805	178
0.071492012463822	0.282806611470149	168
-0.119521721553274	0.674526935786727	168
0.061001614724087	0.352031162473979	355
0.117174193223088	0.138901055917588	2
0.018763011499332	0.204042455331869	2
-0.044970264501185	0.253980911766025	2
0.109817869922934	0.0904708786677584	675
0.00341996257860799	0.174180130455863	1276
0.093393641505133	0.101429180467416	675
0.112920411155127	0.191139541648424	261
-0.100839102388085	0.517229485605313	261
-0.067466513826915	0.428259228181036	18
0.112074889803834	0.192979919244741	18
-0.060905210592405	0.46043757337914	18
0.109984840006675	0.16255303717976	51
-0.033130783787134	0.404337102813388	51
-0.037681143675531	0.393603390529214	18
-0.050977574226014	0.502755308432706	18
0.102436376011256	0.16291951296259	18
0.066572790676887	0.153055789810304	51
0.013238139713203	0.139234897794318	51
0.00315762873119499	0.193908308676954	127
-0.010567633758803	0.246816112759869	113
0.000191656701202997	1.13325924154729	369
0.016926150670779	0.579628424590824	178
0.013044529716046	0.323836706695045	355
-0.054786925505437	0.291402673119792	355
0.084924223603053	0.153783528358549	355
0.078179675148667	0.256294943435034	355
0.021704526880121	0.39739186914812	355
0.043685709896056	0.33540940170948	355
0.116285930995674	0.209846072998225	355
0.013164073794042	0.451754722084579	594
0.098616780547639	0.113556953371506	594
0.096947281487421	0.130490970875286	2
0.079565707653589	0.107259923004196	2
0.085913471181105	0.228785929289703	261
-0.076784581035125	0.57339542298222	18
0.121278116740108	0.203338369700781	18
0.036154223305977	0.273815076988815	18
0.00244143027859101	0.363410011920702	18
-0.031667363578798	0.435669182560609	51
0.069890322002388	0.195123840149244	51
0.117599063827797	0.136847809726814	51
0.099409963496605	0.185422283212518	18
0.095658212732784	0.179629944251866	18
-0.020795554416554	0.398449239545975	18
-0.016375193611018	0.259499208851255	18
-0.025645030423116	0.24407781191068	18
0.036985873646432	0.0813234218572748	113
0.03774212025898	1.50866311017328	369
0.084091468778186	0.288536453587821	178
0.070830264471665	0.347723830118283	178
0.100826984642752	0.124563403914139	355
0.073031545612315	0.339198055372896	355
-0.069696482705032	0.647873547810992	355
0.084931522143797	0.286953583896122	355
0.004783817774107	0.250704349806518	2
0.007130181619173	0.144180338777637	2
0.034457041545094	0.131843206292805	675
-0.123308607188154	0.235472426847868	675
-0.075272489273964	0.375048545350886	675
-0.054217772095081	0.200092187280955	675
0.101864270479259	0.211743098297856	261
-0.116801768800229	0.69810806957983	261
0.01522232534573	0.30574195730275	261
0.122360273830136	0.0859167098391805	18
-0.033048635030348	0.315023434537227	18
0.051748864709839	0.283221618176411	18
0.100823495517646	0.253239367773824	18
0.080623906022344	0.288355873313837	18
0.036175015168222	0.344947465592904	18
0.111171734387806	0.201893835787427	18
0.050842057419801	0.316309643281183	18
0.087230045191635	0.26496838799528	18
0.020926761801738	0.250439247994493	51
-0.00213966069786498	0.242943802084626	51
0.088006327528008	0.182642402403328	51
0.084128163520826	0.195916943414433	18
-0.098182733069229	0.259500282634326	51
-0.027010221000215	0.268943729961992	51
-0.120283598262983	0.370597969111348	51
-0.07866484972897	0.165844905103931	51
-0.085962691635209	0.166963379975481	51
-0.055611736427609	0.558619456348662	51
-0.067912415411101	0.428375890473151	51
0.030850635179456	0.323664544020972	51
-0.063089320994464	0.470789009178949	51
-0.098154546436159	0.425611955659799	355
-0.07891490616176	0.423114296070141	355
-0.026049896833445	0.305638332116098	2
-0.029412038601077	0.151643026790016	675
-0.113200108671125	0.310536033055502	884
-0.00728151739259802	0.201419448776041	675
0.054453781180476	0.160098955381673	177
-0.023333554522961	0.151779796954531	675
-0.00118244603518403	0.280476601872577	675
0.068630244921539	0.280107792501784	261
-0.075660689706607	0.565538544196898	261
-0.060778831833517	0.617555261476496	261
0.067236304941577	0.274524417676028	261
0.119073514879933	0.180823899348133	18
-0.106490888224522	0.768557039438625	1959
-0.062514541753898	0.45119049544181	18
0.117650549367681	0.174458127040444	18
0.095473166660593	0.212160572624023	18
0.032394050220635	0.273470200564097	51
0.10418200884627	0.188469856692527	18
0.075031963699556	0.159714732052632	18
0.092358768381567	0.175080285971845	18
0.092127272701718	0.129679950014361	18
0.121767471443179	0.172738211134355	51
0.109539415639265	0.209264393307165	51
0.068102762423455	0.325671853250651	178
0.09584367022698	0.221870563696435	178
0.091022231316814	0.239817726722278	178
0.011302985605493	0.356415337926522	1355
0.074974597482425	0.241091217100481	1355
0.089627062040721	0.265036299010794	319
0.08968698421581	0.143879746426158	594
0.094546012245292	0.180311736441062	319
0.119617567203908	0.145160721086586	2
-0.040106801419191	0.2768521557174	884
-0.076077759387358	0.325759565291248	675
-0.057027009663897	0.310550894375729	177
0.041820062893876	0.12909143276112	675
0.1153360602329	0.168689680170256	18
-0.017217962484281	0.429390762971615	1959
-0.014090600187641	0.433366311500017	18
0.048520091783929	0.36250318658207	18
0.066196486093867	0.200663536918242	18
-0.032168810174276	0.430581519124691	18
0.117616313640514	0.206595506567928	18
0.117478479278787	0.145266885254214	18
-0.115783170266936	0.480240740956368	51
-0.11860475549333	0.467196966274665	51
0.072700464056124	0.181058221840185	51
-0.114836472835748	0.308858093519714	992
-0.016119981063497	0.226656194613416	51
0.116597236659772	0.114855392658768	51
0.065782840741382	0.224601584537522	51
-0.12070216340666	0.573174152579621	51
-0.025772577773833	0.489083512949391	51
0.064322894772175	0.220672672294506	51
-0.10884597116874	1.36041820342539	369
0.085884662453563	0.37920101773247	314
0.00302098785920701	0.290281292800876	1355
0.050139910953635	0.347200191110884	1355
0.05462423762096	0.355043991842812	1355
-0.069826019183872	0.660541277148764	1355
-0.011961538284778	0.477825130354047	319
-0.069885539219785	0.16793423083034	594
-0.017338112110784	0.313557614973397	319
0.021776134545153	0.316213818329724	319
-0.079348071986032	0.167204107543431	884
-0.015379154361622	0.232810573055339	884
0.029070552365954	0.160490676761889	884
0.042852122104839	0.127782908886271	177
0.120052892711024	0.0596631873977333	675
0.022760241855396	0.417784936264742	69
-0.101650744292634	0.642464910496494	261
0.116501281139554	0.128721655270279	18
-0.108711287618221	0.75527228330152	1959
-0.015999254027931	0.499943028195203	1959
-0.025871512467509	0.584546145080561	1959
0.057723562250223	0.243041660734167	18
-0.071424415137138	0.547137336475811	18
-0.041399520386191	0.47122539803299	759
-0.096863542528561	0.5644592026651	759
0.090137645926566	0.237857014436439	759
-0.029880314692773	0.379061497933094	18
-0.00489447619336197	0.374829313677003	759
-0.014677615269785	0.312061880713731	759
0.026373177385087	0.312955606911268	18
0.030136291294279	0.287854355719929	18
0.006408307254297	0.298794428462894	51
-0.096160624998584	0.287736893816922	51
0.00114860786198501	0.223638893018347	51
-0.061336847795159	0.47075303041703	51
-0.073822313991884	0.315338605419277	51
-0.08056522602151	0.50185316393788	51
0.044218487814889	0.314948330355993	127
0.037225734425489	0.358591384966775	127
0.078703267139513	0.198504740657249	127
-0.026514031841363	0.155489142150347	127
0.051898911389339	0.590041018642715	178
-0.022802690243858	0.633734243237524	178
0.084999307305454	0.323481183111341	178
0.073497644549892	0.337034309381673	178
-0.052869793558948	0.671073002597127	178
0.00493323479229801	0.477582441512023	178
-0.06433647192171	0.760353749988461	178
-0.092334740758369	0.774568445493601	178
0.113225850350802	0.212857456794411	178
0.054013009864095	0.330822945561734	1355
0.085611240407841	0.320986193572352	1355
0.101290519967381	0.272309831448921	1355
-0.085122320666715	0.694876405942925	1355
0.083510729296249	0.264772941693907	319
0.064986200307576	0.186300312632081	319
0.071425963159623	0.110995194748284	319
0.059841670479164	0.254475616807752	319
0.083938017934779	0.104306553888079	675
-0.027714844937617	0.220257490632077	884
0.068603863416172	0.114751836252411	884
-0.069750430647717	0.168963130465344	177
0.097654251256551	0.12923601514163	675
-0.01975978123365	0.516013758347421	69
0.014919168937678	0.426930556880278	69
-0.113318180071078	0.78608098405275	69
0.057742463264879	0.329173143442863	18
-0.104295330019493	0.811415290259292	1959
-0.041670149695979	0.55318988141779	18
0.059092893393656	0.340093723216232	18
-0.069754151761942	0.648969506516102	18
0.021384672686906	0.329878254590972	18
0.034904605200943	0.324264492521312	759
0.036424980725227	0.34907523056364	759
-0.124109229580284	0.601223840942337	759
-0.00318446961572999	0.259506999154648	759
-0.07112743980916	0.401599346247267	1123
-0.061294802580594	0.285382036030283	51
-0.055998374067323	0.233021931832345	51
0.113490676701563	0.0630988067856532	51
0.055283625722253	0.287446479643655	51
-0.045321627310879	0.551448119379399	51
-0.121309534553337	0.646893496073545	51
0.043340014885277	0.176037783991961	127
-0.069668300763188	0.20590094187559	1019
0.063257325033769	0.237488736259132	1019
0.028623398174023	0.86905742770521	178
0.117931305692061	0.206733350006284	178
-0.107566313135703	0.739047946724891	178
-0.098305932912761	0.640779084487205	178
0.101710360047391	0.242527473508116	178
-0.000707336993817975	0.319235944410932	319
0.102148132017043	0.201574745042029	319
0.027366934881717	0.356564734225054	319
0.124438978172817	0.0917396943639915	319
-0.011059320081335	0.280898886491717	884
-0.115597641536312	0.510633417443224	69
-0.085946706324781	0.71756631567076	69
0.111671330078401	0.202822338612256	18
0.04333036397959	0.338930450411794	1959
0.006219326608116	0.336146451998477	18
0.050043437862319	0.300206882244595	18
-0.071596843313899	0.508025706266939	18
0.040813359399913	0.295895675135291	759
0.089308981299151	0.196130442790967	759
0.103685284123247	0.167198074166496	759
0.11213032501731	0.15196025664072	759
0.029145701639164	0.314917740785513	759
0.119682150423654	0.15446915717831	759
-0.01417028198213	0.378295561770294	18
0.119292494413571	0.163969192501306	759
-0.098982674167474	0.559261691017407	759
-0.066427030069008	0.434161454394865	1123
-0.085306521828958	0.505134371987719	1123
0.038189167193026	0.302534828708183	51
-0.018809143460635	0.350726345763186	51
0.116238540254493	0.146634888712135	51
-0.116684694435141	0.551136722616695	51
-0.025073953048782	0.381780212252341	51
0.074802781085925	0.183111453275242	51
-0.12446639584404	0.673037368811829	51
0.073921933915112	0.235252007731008	127
0.113377644252447	0.194985997244108	127
-0.00566942822598698	0.358521313296432	127
0.035805125048521	1.6406114632371	369
0.089019700217273	0.183903407841122	178
0.00522112248334	0.309794364167103	178
-0.103922748421043	0.434932283405099	178
-0.082503535237015	0.925826454297343	1355
-0.08284164836844	0.406820393086814	594
0.029589181683182	0.308226817818157	594
0.027345802631589	0.261217894720584	319
-0.024953542199788	0.633897349726707	319
0.014690296233047	0.343498790577778	319
0.094522215598937	0.192089406786545	319
-0.111161480458975	0.55411844373298	884
-0.066151257104007	0.414841608628583	884
-0.047581109800502	0.335251691611491	319
-0.082016676741721	0.410039851593902	135
-0.019705066910858	0.340228421265733	177
-0.098553602719394	0.484495124777737	177
0.123502710375991	0.12208514599974	177
0.069513530562941	0.197666897287479	177
0.088262168512306	0.231366051493459	675
0.034122797484651	0.239417893592469	69
-0.107953896960758	0.909304690925399	18
0.103104890089822	0.26684082954246	18
-0.055453015150908	0.698327715219892	1959
-0.089646951980318	0.341942081981808	1959
0.118882906612863	0.23189591800101	887
0.080363737515272	0.145034663967707	759
0.072560252291118	0.161625108687743	18
0.028587323898959	0.221175436737547	18
0.09883154387715	0.231640498087163	266
0.115856121885559	0.132504644349707	51
-0.107091901919644	0.384119963844728	51
-0.071797894260537	0.453468350336721	51
0.028732373816136	0.316731213393986	51
0.112935110058094	0.138147380623148	51
0.054335882214236	0.254086060761044	51
0.013287795840346	0.404225238417076	51
-0.11917130672843	0.5693030838816	51
0.073987204779875	0.190837000791674	127
-0.058260524264407	0.430064341608068	127
0.123338855400744	0.208102531853048	127
-0.122371912094877	1.39363650239316	178
0.00260716379821599	0.384333611240378	178
0.103472039155762	0.202566871231772	178
-0.111371986141278	0.510722092882967	178
-0.059433400769419	0.937518293297237	1355
-0.00648119949071602	0.250649644710021	594
-0.049304364987388	0.481858861886503	319
0.068039539494756	0.349929038224969	319
0.030533240829558	0.342201091303609	319
0.105264689381612	0.180883519120951	319
-0.088158332964379	0.586689449587357	884
-0.070925058955995	0.463594910008741	884
0.031970258603466	0.283566614117107	884
0.054988181398768	0.238192089631335	319
-0.09176884625249	0.63292841475873	675
0.021565000125502	0.410040975706375	69
0.056160866806109	0.370760437158983	69
0.00640611491701801	0.309565030732966	69
0.041285674889283	0.234439635842047	69
-0.053045702490423	0.447834354682414	69
-0.018022015277013	0.255099497160948	69
0.023750554260868	0.436976880648105	18
0.108125187984005	0.140069191913791	18
-0.056106923297818	0.345819376995748	887
0.099283422767397	0.155424004281492	887
-0.087232220763555	0.74890050618635	887
-0.00211904656555201	0.258807856156504	759
0.031256398267801	0.178004814595112	759
0.060989692023205	0.154769131928663	759
-0.066652614358984	0.416294151552501	759
0.030157485235534	0.241404530864104	759
-0.051570766955033	0.255600439183008	759
-0.084054222681459	0.310866535871384	18
-0.115397500684852	0.622839671442085	51
0.056798734965146	0.203001896258447	51
-0.013630995313211	0.498098613248497	51
0.012969193320677	0.392327854653985	51
0.099687755497722	0.173793132923155	51
0.099472308050574	0.16696451316863	51
-0.022359590147604	0.425995571042401	51
0.028992030420863	0.417620690236419	51
0.114426319045235	0.157436332147997	51
-0.024335005745532	0.421141217860681	127
0.044258860935035	0.317495958372223	127
0.054753751044838	0.326699784121129	127
-0.040920083413427	0.487004634348033	127
0.075816819944405	0.304189942242278	127
0.091527588267871	0.96617290751341	178
-0.115416552588861	1.93644518891626	178
-0.001433500466895	0.343598304732832	178
-0.053957166003272	1.03338300771305	1355
0.037357086491123	0.540185577817278	1355
0.018427183623678	0.207018598298207	1355
0.082104734159485	0.18420785248031	594
0.067489023037432	0.432980151911044	319
0.10834278975824	0.243304148801613	319
0.031551102329825	0.33427500510327	319
0.00340587391939501	0.376286841576605	319
0.103447323228224	0.182084049951757	319
0.098761345024893	0.242516867735885	319
-0.039214921713487	0.427207796053911	319
0.059940198549249	0.188162194206795	319
-0.075277701573706	0.417137492488326	319
0.091570248642409	0.181148707768843	319
0.09747337507551	0.176872338783135	542
-0.099535226293427	0.699590748965496	69
0.003222881239309	0.437742524040383	18
0.041166238558739	0.412050372493555	18
0.031333414717497	0.438785740395991	1547
0.064640148847532	0.154546063584918	887
-0.060744375925487	0.316454951874723	887
-0.00447236614827401	0.227328444556998	759
0.057795292533316	0.141632306918703	759
0.116156822759635	0.136789041566651	759
0.053923526953443	0.163723160328778	759
0.111523665084865	0.219812452914889	759
-0.105571487146317	0.646217721545844	759
-0.124857503141045	0.471296184388519	18
0.047492631773581	0.28487541813611	1123
0.124050664089121	0.122078241382844	51
-0.110498868196819	0.669723235218172	51
0.047396420123491	0.355203959852957	51
-0.083017456601507	0.434601075729263	51
0.00399454180147599	0.453140369082641	51
-0.062137658856364	0.640202858652751	51
0.036074331718694	0.260573836451496	51
-0.03906266320263	0.52962626169153	127
0.081766322504742	0.300670855411682	127
0.080467995501034	0.905424204799886	178
0.012519271680465	1.13824465697019	178
-0.124283691516247	1.74241136531439	178
0.054357396682369	0.322937835798509	178
-0.023585377855072	0.428357650636447	178
-0.00644253488356	0.380792737155654	178
0.047325987086746	0.280757407677502	178
0.018915288511422	0.286536578469499	1355
0.119975488700867	0.12533280967877	319
0.083097776907837	0.155455889334801	319
0.055516029910211	0.223184716057295	319
-0.111574834291442	0.438513699856387	319
0.083544396870596	0.170484576958702	319
0.080947552250835	0.155811201818828	884
0.101120460872775	0.112556789751966	319
-0.104087536306719	0.324991789391008	319
-0.094772508502889	0.265156859845926	177
0.08793777013881	0.22495076243323	542
-0.00143636347867299	0.283881867561447	69
-0.123698886665968	0.748438107260863	1547
0.066151184361093	0.246187337096967	1547
-0.025955908011184	0.441111816951522	1547
0.079927864864298	0.181682960556962	887
0.057109663837829	0.20792559085312	887
0.07133157611633	0.195713746080109	887
-0.074083026317519	0.451695296065665	887
0.0210441297518	0.275305821170295	887
0.069473940076765	0.275107838434255	887
0.058903834694922	0.296265187098794	887
0.050637510520765	0.272023786431617	887
0.075954999707496	0.177078173058658	759
0.085622530623874	0.122502646422471	759
0.064517281959409	0.233835604277073	759
0.00359167772413499	0.219719154686584	18
-0.104289624302802	0.514005454960175	1123
-0.01631746300977	0.324340932124337	51
-0.117232210875408	0.499417115447823	51
-0.122683993826347	0.3728358706358	51
0.023929924538608	0.200922430058288	51
0.024737062585636	0.311135993239752	127
0.059974808114908	0.201627017307362	127
0.112806945334754	0.129425506860638	127
-0.049879992461993	1.99315014001158	178
0.069487783906939	0.64922184689446	178
-0.03387246626901	0.474854866974745	178
-0.00906037817793698	0.370557411023604	178
-0.009473978849941	0.569512494755647	178
0.016447985604692	0.542730359118359	178
0.053619665487509	0.251366586048368	1355
-0.073876704730215	0.545731407705953	319
0.06962904720221	0.181923878037641	319
-0.084723431051071	0.51353072248239	23
-0.119168053027143	0.506098770705449	319
-0.096966225715454	0.517425869409436	319
0.063022194090867	0.204412836042083	319
0.019902805580143	0.209322330895787	319
0.085752042655622	0.11517438097611	319
0.048555017537707	0.209882051232458	135
0.072612509477655	0.16264349324349	542
-0.118963915488885	0.539427163673809	542
-0.108856705214177	0.791995999813509	69
0.015311564186839	0.352341686586746	69
-0.120313912336901	0.71022964951396	1547
0.014268591476401	0.439981372966986	1547
-0.103195745157257	0.70527275029708	1547
-0.049946954668722	0.569825589089405	1547
0.083624680407004	0.202106684317087	1547
0.018627241488345	0.441270658648375	887
-0.039613254031014	0.278964806217372	18
0.10202749177082	0.168151352564142	266
-0.084522354028917	0.495460054391511	1123
0.09300956877903	0.225027760499667	266
-0.104931032442327	0.514929938983566	266
-0.065659326345512	0.384483947794335	51
0.007294296469154	0.337101348420372	51
0.030398153408327	0.301615791573132	127
0.050232654127708	0.216403276869969	127
0.077532090471506	0.159990100696447	693
0.069135307946544	1.23522870401509	178
0.018887847982916	0.490003520454816	319
0.024445842377926	0.304046809251271	178
0.081085952472913	0.270457773489306	1355
0.051612494809949	0.307540587997464	319
-0.074304778672973	0.561739513294866	319
-0.023882036074663	0.588954849449516	319
0.11098958303822	0.0615344229040046	23
0.040888395958642	0.281019754308228	23
0.122255946315321	0.121203157200924	319
0.072272494800071	0.110100193997583	319
0.116598841443573	0.0602289866579331	319
0.068863820522369	0.131941167370277	542
0.034966617466733	0.354017613678511	69
0.10400530275142	0.233894201443652	18
-0.082525901985275	0.284255461313208	1547
-0.120804902158987	0.750789046533813	1547
0.005645600414866	0.401565425908991	18
0.072268445448136	0.26667531292067	18
-0.05401561735206	0.554118906334183	18
-0.00592147685532701	0.348057402763184	221
0.105557249200247	0.15609515435846	18
-0.046937429032362	0.392339938259589	18
-0.04029842986059	0.394485061028745	266
-0.065327061963115	0.332033888564805	1123
-0.061664632219464	0.393096472874107	51
0.0000128856635490116	0.203646739433713	266
-0.119528564576736	0.422329764222248	127
0.071990640296883	0.11326899232498	127
0.056684495021681	0.113721892296924	127
-0.015191307235947	0.36293235471725	51
-0.082012777349851	0.610084167573163	127
-0.025420963968652	0.15393439437582	693
0.109589756313937	0.815424024481266	178
-0.038738478611663	1.83971737122792	178
0.061470295448645	0.418374427790977	319
0.030760246099125	0.439786813193062	178
0.091571641419099	0.233584150633233	319
-0.021080714769132	0.144175592699264	23
-0.025433554664149	0.33644757174095	23
-0.088121267811621	0.406070802968011	23
0.011362177933414	0.28892656692132	23
0.059893441563102	0.218686983107109	23
-0.032522059165561	0.225486070400537	319
-0.073976100283632	0.343352212466194	319
0.104144750571898	0.0636705048712655	319
-0.059008848069921	0.265916572101166	135
-0.029839569510005	0.0962689794942149	135
0.073213038346663	0.11223344213832	542
-0.00769819435353303	0.407483296022291	69
-0.110173424566664	0.730345919758799	1547
0.035896129264514	0.26705812831542	18
-0.095495392296644	0.553105260341137	18
0.085238075564351	0.162063612195103	18
0.071877563575188	0.238296046521575	266
0.062621551080122	0.229330226033958	266
0.068278764485347	0.20211976597642	266
0.081908114976021	0.178659763263913	266
0.082938560206425	0.142804874499938	266
0.036699264412288	0.293174700923536	266
0.037141084924907	0.319753557563955	127
-0.072495674640379	0.395254688936226	127
-0.084952645079019	0.225951870030649	693
0.124762153596124	0.250441706923344	178
-0.028372335282076	0.661207056163617	319
-0.029350320088726	0.657616595752908	319
0.095243204203041	0.253053500534709	178
-0.073386445243129	0.511772416969597	319
0.00129453007285801	0.14621276200045	23
-0.00462291922868802	0.204665142616125	319
0.00405140655817399	0.171920657167859	319
-0.080410269263147	0.238459453778159	319
-0.026492007189118	0.153609260239421	319
0.096934099829026	0.230236747703347	542
-0.087944726401855	0.36601164478199	69
-0.011939365600104	0.487123761756522	69
-0.07570363143372	0.636381348509993	18
0.079004401163818	0.252951408994881	1547
-0.047728763492028	0.622671048519252	1547
-0.05274876049715	0.541962759804298	18
0.098061340438266	0.167663446920039	18
0.110692326931755	0.163277826632952	266
-0.035303995647849	0.388427022563947	266
0.121999742552077	0.130614685160554	266
0.036512061786766	0.319334784361694	266
0.107724706437112	0.174212268957624	266
0.088529936366151	0.152709940344887	266
0.076008349475298	0.192015738866718	266
0.04656642731905	0.227128549274144	266
-0.036685585077848	0.372032692418363	266
-0.003128002685786	0.18021233630753	127
0.104602781858609	0.156453355004842	127
0.033477958447844	0.196070169055937	51
0.035003405068461	0.343431675356876	51
0.107191284786766	0.191572072070875	127
-0.00361000650701199	0.28262143090606	127
0.124497123665346	0.117418475853708	127
-0.072419684985555	0.476562349089696	693
-0.000663119004359003	0.484789059144959	319
0.015615978811031	0.403074191175897	319
-0.023218017168429	0.467498746065163	319
0.110550151651546	0.208778186850575	319
0.037151837810434	0.558783697267867	94
-0.115839235557341	0.965851885538149	319
-0.031543364230465	0.348958507305535	319
0.112174119227658	0.107799587551778	319
0.102074580084792	0.137920312721649	319
-0.124968791679649	0.369306235271162	542
0.028999520109839	0.423993433675433	69
0.121434443270869	0.207990619544648	1547
0.055681799618951	0.383249052259672	1547
-0.057906679997002	0.456582121555608	887
0.040444605968401	0.361689148446349	887
0.065464514364451	0.209491727736188	18
0.067574361576804	0.205189020544123	18
0.122309948352766	0.110837474077272	18
0.048173721544111	0.280393047089089	266
-0.00496220974586698	0.357049400171147	266
0.098126981849751	0.146407204269099	266
0.027328792701456	0.319493381930974	266
0.03776992086929	0.257232138464761	266
-0.019346845102387	0.407378104148603	266
0.040059132481544	0.345662564477723	127
-0.078974950075064	0.558244065276102	693
0.012178649529743	1.08849725871635	178
0.06698838047968	0.448635374661427	319
0.087239220266461	0.393898348753871	319
0.014577461228103	0.644017453895165	319
-0.01821005263322	0.745421370258717	319
-0.025985886270796	0.676093412266333	319
0.088962923632837	0.326224953920279	319
-0.121365941112413	1.02907928989822	319
-0.041628814540834	0.749599269273867	319
0.082434152922342	0.328401370001421	319
0.093324431615249	0.178304404085733	319
0.103964532561015	0.171175735119748	23
0.098215105794149	0.187354988804156	23
-0.05158114890049	0.323768471126609	319
-0.04624572006478	0.268683849508533	319
0.086870896861832	0.120799005327325	319
-0.020288296265603	0.146150350219103	319
-0.076098472269393	0.167188886289385	1423
-0.014406923957037	0.548937811554423	69
0.00664654099961701	0.331245495744585	1547
0.100469448797901	0.143181578827206	1547
0.065421372216673	0.321634372856187	1547
0.033146160516045	0.412406299249922	1547
-0.045162305103975	0.627862221429328	887
0.082859783767631	0.257008398405601	887
0.073196594861559	0.255737452534578	887
-0.104096873381821	0.69581187503878	18
0.033818774684348	0.347021498186143	18
-0.037255908387659	0.453967138893342	18
0.112448485029881	0.192582409696776	266
0.067655457697474	0.261262896059285	266
-0.041107887738731	0.440810353720712	266
0.046242019785797	0.32714785709942	266
-0.11189645990593	0.704117380032358	266
-0.059829555696479	0.522226263152113	266
-0.037154412010379	0.339446284433141	266
-0.106435242802941	0.426547481704916	788
-0.10904871686539	0.567718137204532	788
-0.063861168747898	0.294928298563918	127
0.073537656023465	0.290958559616818	199
0.027352520852491	0.367986334281278	127
-0.044928081420915	0.3666863127193	127
-0.040429288423694	0.218177281767159	693
-0.00882262372838799	1.51713063896899	178
0.09486580796412	0.591674971169524	178
0.043041107082106	0.653343072075017	319
-0.024571692964048	0.928024585433564	319
-0.09499408552785	1.25672550161247	319
-0.112903587997049	1.21597797324319	319
-0.016584796935052	0.826983420561409	319
-0.042104955788783	0.816735057129873	319
-0.120649951338297	0.475677737238751	94
0.05639863633525	0.31326009155127	94
0.047931663581726	0.514366005489302	319
0.083556901627291	0.354913012699507	319
0.012008514314824	0.596013315629177	319
0.101357445877196	0.301803305570373	319
0.032874621539107	0.341806491775537	319
0.027911469902444	0.0792767323270392	23
0.083711533098969	0.0699376617208787	23
-0.039371640557916	0.250560860329848	23
-0.026514031841363	0.155489142150347	2190
0.114336231398565	0.118641182809806	542
0.00641077865439801	0.382228432800587	69
0.116515846401536	0.247712409628722	69
-0.046075062838045	0.627461169863451	69
-0.115057045604705	0.3342273876688	1547
-0.070703929051687	0.169823126959365	1547
-0.040532656511625	0.25372646825824	1547
0.092727065865582	0.292141154281063	1547
0.064667488744789	0.356787634834157	1547
0.051468380296732	0.410034878430655	1547
0.094170083920973	0.303929539758674	1547
0.090252017493943	0.248376497357163	221
-0.019150522690441	0.524156565534601	887
0.083334757118531	0.189856461311588	266
-0.00365150402826803	0.474327732796208	1123
0.088081781836018	0.199265983155682	266
0.07503905352771	0.160317277266723	266
-0.110130619467203	0.535621171163623	788
-0.074610210434915	0.423657044447344	788
-0.029652949830271	0.192567388509651	788
-0.123111496724874	0.488892116385572	788
-0.026076226474001	0.0928720497576233	266
-0.02626414827916	0.15026061262989	127
-0.085503117008007	0.252456149037124	127
0.088579920791165	0.0676874945592693	199
-0.06807907674425	0.536786686480982	199
0.0109912550058	0.430782867454777	199
-0.031214280909763	0.0938003062513616	127
-0.102324464316172	0.299858702509899	693
0.079784099034051	0.681111219583508	319
-0.062806535881982	1.50873569427248	319
-0.003198702977183	0.976165221201027	319
0.040615112530117	0.722236267650797	319
0.070387879921634	0.563605513791548	319
-0.066377410247249	1.21171894419242	319
-0.019358797754257	0.879368443398446	319
-0.098764408330101	1.26934074152359	319
0.056931396082077	0.490089874283554	319
-0.080724824628818	0.634109496261019	319
-0.101679671234868	1.06293021409437	94
0.059244098236514	0.47241472839755	319
0.099384315069	0.352352348836335	319
0.095492245641604	0.347851838763886	319
0.096056915145207	0.331903110150134	319
0.084312909616921	0.335851495188659	319
0.06341137282061	0.413632172103475	319
0.065378267620462	0.256947587708649	319
0.00709682566638401	0.22526844377435	23
-0.027233026577963	0.0926507295629117	23
0.026289398212585	0.0780954749789259	2190
0.083031653774331	0.0678774606880107	135
0.114434191731834	0.0630517999663609	135
0.012874936822547	0.134329761715618	69
0.025526255901236	0.410315558558469	69
0.113465153503239	0.244955292305786	69
0.109065175480909	0.272868556793278	69
-0.052530723404002	0.50026646128626	18
0.039493116910325	0.32358921835074	18
-0.117917736646521	0.719632235169116	1547
0.043193661314243	0.39498484892811	1547
-0.078585848957021	0.843226686673975	1547
0.053171148814448	0.437562559009517	1547
0.11121502874436	0.29538493009746	18
0.06355463447534	0.429853392332934	18
0.013363432722644	0.556528734541935	18
0.072176244389818	0.348116978456421	18
-0.082330549508149	0.517751000748329	266
-0.065917222760569	0.560214592023933	266
0.062240671547254	0.344022697834388	266
0.059135611615937	0.318936226385007	266
-0.102141988323899	0.397588184961477	266
-0.070315952204455	0.455327334344095	788
0.007057869730554	0.329664971270929	199
0.014444234200798	0.335089386463348	127
0.018082321394584	1.32036583537414	319
0.045863664372484	0.912506125753511	319
0.113709994989637	0.433474163549133	178
-0.075727683771222	1.31078982046648	319
0.03478218893868	0.707193040544243	319
0.017060306323171	0.772554791777251	319
-0.036426937437844	0.994169315932763	319
0.024513821701636	0.656703247083654	319
0.087206968690164	0.422266143875018	319
0.01305676197742	0.409069609421596	319
0.067366466501892	0.425498685246848	319
0.120314261561564	0.278887164738198	319
-0.008696819081707	0.683396292105026	319
0.041246991186947	0.455658644063921	319
0.115818292997865	0.10348638252468	319
0.076974219992058	0.0705275268362178	23
0.122204759936004	0.0858742004589206	319
0.071787505726169	0.353259005423736	69
0.058204441013582	0.375158437516491	69
-0.107357455559828	0.358254705638313	1547
0.091870053946964	0.216630601627558	1547
0.103400314344575	0.300881829539483	1547
0.040020137428576	0.449294721489025	1547
0.089866893844791	0.317209795652202	1547
-0.062036507032176	0.748667689978255	1547
0.024614577031646	0.47465650317381	1547
-0.011463883093804	0.442241346527339	18
0.054538081018964	0.339294302143918	221
-0.043860164516947	0.562534315020869	18
-0.020222828772513	0.317108316930481	266
-0.044764312209944	0.482097752760797	266
0.025932340039346	0.317660803032598	266
-0.09259555145891	0.745392259168513	266
0.089922458344679	0.239998824018702	266
0.09936773828079	0.14622480774947	266
0.118277238231788	0.125328811803827	266
-0.02735357594628	0.151254683502064	788
-0.101640562923818	0.685754727000243	199
-0.0307804449139	0.0946312597121439	127
-0.02098949811937	0.241089053513592	693
-0.043073355053666	1.50154365883025	319
0.042164717440748	0.82295313436863	319
0.009452816149848	0.926884909013014	319
0.041363376039867	0.752276066017524	319
-0.074929934717222	1.26156659212223	319
0.019584159881375	0.762569809164782	319
0.111529029762672	0.357621584988429	319
0.124175941203055	0.330803560651303	319
-0.067443647014703	1.10439442430322	319
0.07245726582009	0.431393897563471	319
0.00169691163635299	0.663855341132643	319
-0.071481707182522	0.583847986766307	94
0.031379023026441	0.557640005573738	319
0.059187914634845	0.467234717310318	319
-0.089547706612464	0.316130366915315	23
-0.113064614898129	0.328314202097209	23
-0.032626122715607	0.157351652488964	23
0.042837704538333	0.0750760667250875	78
0.025682190334008	0.461505668833485	69
0.075822024900117	0.348221047563145	18
-0.028704260610746	0.532305149326732	18
-0.048255083248094	0.330995689974645	1547
0.047853761120617	0.420967077053276	1547
0.067719249714479	0.383743375200319	1547
0.0973713865488	0.30858009597724	1547
0.078537645035393	0.305386377348429	18
-0.033731310398891	0.514672536429699	18
0.00407516841924799	0.365538894936136	266
-0.068695850299485	0.62898951086306	266
-0.12348400416306	0.601815726904491	266
0.024957420064394	0.22010228412874	266
-0.120700535834022	0.524314859974315	788
-0.107650820304018	0.504878023745394	788
0.114991468387323	0.125276737080334	788
-0.023037081777247	0.0914244847447881	127
-0.035570923842509	0.154244649751477	127
0.089411531235	0.0676669162815301	127
-0.068685935471362	0.165703578120038	199
-0.047409116337221	0.432951489448867	199
-0.063226252292184	0.244965607498429	199
0.080752544715428	0.0717766719481345	127
-0.048770439026666	0.227219468817302	693
0.109341104458087	0.568203959057916	178
0.046504225550851	0.796117783457603	319
-0.019521518203046	1.11238584722419	319
-0.00966708097893498	1.00529272782021	319
0.108470121200575	0.413269234090167	319
-0.085958743191807	1.30970062524426	319
0.036893696326081	0.648930636078992	319
0.092461980595367	0.44920768723995	319
-0.069987658074143	0.596924572094931	94
0.058599824535717	0.467832392043457	319
0.029280527250656	0.553194294371492	319
-0.07773400337085	0.311719738569018	319
0.028490878966321	0.178335932325556	23
0.042945486163823	0.0790811539791804	23
0.084908222532212	0.0689274303596419	23
0.086442133056268	0.0676115731820262	135
-0.04046050099168	0.253808562861247	1084
0.105456827221979	0.235898876375396	18
0.110726603266364	0.108511341763161	18
0.065234003328382	0.171887774159559	1547
0.109972680888294	0.208240535177698	1547
0.045674652133611	0.422978990043823	18
-0.00505436607973098	0.470387094856596	18
0.103838176934545	0.213953784970169	2143
0.00227198293068601	0.516548786809304	18
-0.061200867442495	0.620169447546693	18
-0.02166885019868	0.400618897576994	266
0.038102026829889	0.38590207047724	266
-0.061841895818871	0.655971331320332	266
0.017197122262327	0.266619428305325	266
0.104208138038328	0.127043184665285	788
0.02722076674179	0.198959891289897	788
-0.098828349772919	0.425783022118014	788
-0.124927586258636	0.5681112334171	788
-0.028898542777048	0.0957366172670429	127
0.11257778683111	0.20445675200388	199
0.117444658236905	0.580999066213038	178
0.077544676282533	0.636500857416493	319
-0.012042117480044	0.995649569941653	319
-0.031376716946269	1.0143329744811	319
0.05868771258808	0.566967121821878	319
0.06184784508239	0.499820549018895	319
-0.085311989061302	1.05088822944814	319
-0.053950720996071	0.611415103956655	94
-0.116561063260164	1.06205221894298	94
-0.08689401892608	0.987781314498852	94
-0.049159935300472	0.72515775280323	319
0.11489626110353	0.25800545035487	319
0.065696843829036	0.300785281251763	319
0.085890748095108	0.0677579503449944	510
-0.095054926865124	0.315034763978964	23
0.00645895443158301	0.143097427753905	23
-0.100172234169186	0.289297112653588	69
-0.107049387955982	0.216960257273517	69
0.047395060016554	0.361944536350462	18
-0.00308797912402597	0.380916132358573	1547
-0.07398050477981	0.657509761410132	1547
-0.116292314061821	0.730261029961451	2143
-0.000284325176375999	0.458035231441017	18
0.10262536155012	0.221887769683922	18
0.038105140357509	0.364775565485957	18
-0.055160548788162	0.553067293874488	18
-0.093236853838352	0.619782238027655	266
0.051188273435406	0.215992029580862	18
-0.112772179052669	0.587959054699218	266
0.117615942270049	0.1844575161279	18
0.00293955061849799	0.454175921339566	266
0.049851813143444	0.324307002409538	266
-0.061573475217217	0.541803788057599	266
0.086711604824783	0.153872502550986	788
-0.102020462579046	0.501582721208748	199
-0.088280025623737	0.532117747165082	199
0.077927607134532	0.820966898261486	178
-0.03954154191507	1.43890191520208	319
0.11271007592305	0.43527110430851	319
0.013236573409725	0.839585898354086	319
0.064002256050781	0.570186290683657	319
0.107248742088225	0.389106089723825	319
0.097284864142368	0.418497481626476	319
0.062775626973754	0.535326338328756	319
-0.027583952053404	0.780262749319578	319
0.022241273215031	0.556752654294573	319
-0.11868347979815	0.754149647297508	94
-0.021594636222772	0.691388239815418	94
0.121146650520345	0.253981547494854	319
-0.055035222905775	0.771099983801714	319
-0.010828246444033	0.595675105131568	319
0.035246012839086	0.454200288561199	319
-0.033722865468556	0.158616796624224	510
0.117517411365332	0.103202167367574	23
-0.063271651477156	0.156993945951045	23
0.030418814388492	0.16062763054234	23
0.081830485133163	0.071428809358877	23
0.031930304449951	0.0825832238179063	23
-0.12110193097044	0.228695617881592	62
0.115963482986563	0.222918784713442	69
0.049660511941882	0.361931845177269	69
-0.054776337317075	0.564995161694825	69
0.000801037756573003	0.293690796561365	18
0.044104772227211	0.148339393350711	18
-0.088837681661406	0.224638833234395	18
0.101390407764018	0.287075341773249	18
-0.124952874490395	0.941946078585542	18
0.003229629150132	0.363740629359554	18
0.09204622267632	0.254389542582968	2143
-0.079307558704575	0.623249633489995	221
-0.043342298942576	0.518575833515562	18
0.084369468735839	0.269738859312293	266
0.111281321264393	0.20840994312517	266
-0.098703821324395	0.66557901580825	266
-0.040748459278879	0.456812993336714	266
-0.077466934040371	0.352352973716286	266
-0.01910973365631	0.256029048841427	788
0.088912594906616	0.148616746244521	788
0.072035828007681	0.13371255956567	245
0.026349395928925	0.0824029392058	127
-0.024393784558287	0.151974436861421	199
-0.075033040251353	0.221020313048839	199
-0.105740596147405	0.471715555189488	199
-0.074009521208131	0.218894278566209	127
0.036959632614118	0.195860156224182	694
0.098429300098544	0.521759766486791	319
-0.00069541950699098	0.995170711586695	319
0.031638707267354	0.759041930415666	319
0.082482089516518	0.389546591100615	319
-0.038497661511969	0.839924759330597	319
0.080512208386076	0.238103189071606	94
-0.070260159924685	0.595089293973066	94
-0.00825127629886002	0.661660173578107	319
0.120038239096766	0.241032988186372	319
0.058715733785017	0.409634051912296	319
0.072619336636062	0.0719538255239852	62
0.09161981451631	0.103542109119892	62
-0.030522034795062	0.157183249131887	310
0.032160557168206	0.375966441580085	69
0.057273702650883	0.289337688008929	69
0.061989472983614	0.334542851411444	69
0.078932944169235	0.268817168143409	69
0.117257643903173	0.162494118921319	18
0.079608682832066	0.145073558645878	18
-0.116368418817748	0.363240292674776	18
0.09177183978811	0.29246496312455	18
0.065825271809638	0.324172223370176	18
-0.019899370231896	0.444179012701673	2143
0.092466328078836	0.258463501117739	2143
0.032379520782039	0.36220636617805	221
-0.016812260393072	0.474982071259918	18
0.108851438239383	0.223668610023389	266
0.012627919562871	0.26389155100663	266
-0.040846744404963	0.372532358026337	266
0.021249815870271	0.360564573549741	266
-0.02199068046662	0.216552032888746	788
0.117803137272664	0.0600980511744445	127
-0.110839709912564	0.585327761943115	199
0.036848791226316	0.0806039476515737	199
-0.101743553224396	2.45611929857805	319
0.02972370856663	0.893401845782163	319
0.093907454912663	0.506802964956468	319
0.02860288803843	0.698047392287	319
0.045606774441374	0.665255437977419	319
0.00317693682154299	0.712280854008201	319
-0.110483676574788	1.1913970984801	319
-0.036613223704247	0.251216077032934	319
-0.053142429214773	0.229856828622749	510
0.115644955868124	0.104167905497653	23
0.013424147280768	0.135210344450663	237
0.02871236972357	0.343164031704313	2143
0.100063921213951	0.246752416415547	18
0.019574710125486	0.397859607699281	18
-0.091168996298653	0.601428790597802	266
-0.097044860521183	0.351358116301617	788
0.031998612788228	0.203064159868123	788
0.005706385567089	0.258179979772082	788
-0.00611312183197099	0.207560635410555	788
0.00915191428854201	0.143159106466931	788
-0.041214091759524	0.0957908192259917	788
-0.065326042406545	0.530324087221654	199
0.110268990949572	0.14362579713486	199
0.039890325482227	0.149772290923585	199
0.093034966861253	0.730167273950518	319
0.091856504647449	0.632014477506043	319
0.119751001318994	0.428397176154834	319
-0.026322776465806	0.929469899396157	319
0.054533184523113	0.544920380207482	319
0.095241575259442	0.249604059008853	319
-0.00692526661723503	0.712577657291495	319
-0.07296423994029	0.833571065920953	319
-0.030508523209726	0.222726401015237	23
0.029977162645008	0.08109274202657	23
0.117078860647228	0.0596377182082555	23
0.017949130337384	0.131912423520319	62
-0.066523945532285	0.162755642943138	69
0.028796604242785	0.404269696212731	69
0.084645380883744	0.274978890920001	69
0.076725955544233	0.160385539539965	18
0.071838402267906	0.113477780920379	18
-0.061138045266683	0.353916841561455	18
-0.080880678469164	0.625739532025991	18
0.074341786521001	0.322243654193787	18
0.061683388760522	0.323311814166684	2143
0.085714582439641	0.272236610917061	2143
0.047769048293418	0.283647279842802	18
0.030260652452071	0.322350009214701	18
-0.102926424872219	0.593230876653923	266
0.077767559305395	0.265031355421036	266
0.103338898265257	0.140358609514644	266
-0.095769951084373	0.350003855123769	788
0.077000552185131	0.147384583185535	788
-0.053333476605349	0.332851655031918	788
-0.076089908527184	0.283555468674488	788
0.105986008120554	0.108052369458313	788
-0.030024322211468	0.0919016039940817	788
0.032403128255651	0.290776069906726	199
0.108657504351651	0.193060571931356	199
-0.080466616331983	0.220930233587234	199
-0.072936303869825	1.22221858420422	319
-0.035318542789113	0.960750375233378	319
-0.07770866993543	0.792045090576265	319
0.070817316106675	0.48313897418574	319
-0.068074198577412	0.298278422880003	510
0.037772543988476	0.151163540296898	169
0.000353113312350994	0.174844948178864	23
-0.073416345587908	0.155302975288159	23
0.122072665424416	0.0580891844062323	62
0.047112074899333	0.124763010994575	62
0.041234255414358	0.407465912613491	69
0.072312708012201	0.309164293359058	69
-0.020179493061691	0.565603463835851	69
0.067029906455687	0.313069724797717	18
0.019805289504947	0.258513319362162	69
-0.038968869746145	0.26911763514389	18
0.042176983140725	0.357024875767486	18
0.108407543684532	0.278669926516027	18
0.117189093306031	0.259916193918217	18
-0.0737723272091	0.620301759480297	18
0.034876627388906	0.266296354136846	18
-0.01080697143312	0.294641840041706	2143
0.071403074259385	0.319571297770948	2143
-0.047799928129238	0.449534542490657	2143
-0.021053924522432	0.512967116123552	18
0.121953725416186	0.192701427604249	266
-0.064823533156087	0.506441552703282	266
0.041088503932497	0.349042002844936	266
0.094479917606213	0.218026714374263	266
0.091036166072203	0.209725969344168	266
0.019630122096456	0.259419393000925	788
0.098693712721851	0.112031542724979	199
-0.066067346284394	0.563894034589545	199
0.093036904202072	0.120449747120995	199
0.047624474259856	0.0746085042382329	127
0.05738307758439	0.73236561283349	319
-0.061655924438703	1.05480201166239	319
-0.031834791785563	0.831224811459565	319
0.015130524944779	0.60184340705968	319
-0.018151360168881	0.67529766035344	319
0.068197617618449	0.16425421385428	319
0.037592378071892	0.15307626289623	169
-0.041910917504497	0.156242066265074	23
0.013300024194641	0.13958116181264	62
0.039630609063028	0.123747702157635	62
0.111053274095433	0.0637241887650326	62
-0.00357910015760898	0.347756462653238	69
0.054431015824715	0.325250742339168	69
-0.035528332024309	0.480647178121818	18
0.093323156632439	0.23785150094015	18
-0.109506730113002	0.632234802483767	69
0.124442188378881	0.0973226310125255	69
0.119354393713329	0.234244978762243	18
0.077987578716611	0.336697022389728	18
0.032751050094487	0.361686513695424	2143
-0.065453563728591	0.566309374128739	18
0.105511152605163	0.220705137030952	266
-0.050459084265193	0.38183183100904	266
-0.080600537925942	0.486984361738106	266
-0.054199464681394	0.447645711000627	266
0.072855390829932	0.294646261899766	266
0.00405457626549499	0.205335264592668	266
0.090273875907347	0.11813048454088	788
-0.056439722138837	0.53380921171223	199
0.075993020296224	0.225038535960817	199
0.026392797745186	0.159976323118085	199
0.036357552535296	0.780326954311625	319
-0.101223627633688	1.39725247381628	319
0.022227739401472	0.653610021432041	319
0.111198872275614	0.361094524248456	319
0.086391588407225	0.394867154828058	319
-0.024920271032252	0.0922213230312286	62
0.120182496949429	0.0586896171776456	257
-0.052521627905473	0.433848527444425	69
-0.056954590955212	0.639251845477314	69
-0.029272566807458	0.405448733486661	69
0.016188266337701	0.206672281338271	18
-0.111684786792082	0.867060050840088	18
-0.032713429244929	0.594717824266778	18
0.109043568482617	0.267147499541991	18
0.001920304374773	0.367840248829822	18
0.085317020556511	0.284736079499323	2143
-0.094290997847363	0.629499106277637	266
-0.04393178799143	0.279805939577877	266
0.085024203772307	0.184753419029866	266
-0.086397510881609	0.451329887064043	266
0.00833831696363099	0.368050749892447	266
-0.047249067026841	0.477206597837682	266
-0.01280651428029	0.458050229337347	266
-0.064938521372089	0.296754105661346	788
0.080732423076116	0.104088166519066	122
-0.025134427344203	0.0939362147439577	122
-0.034717422031582	0.155621784762057	122
0.112537370136429	0.446676598891987	319
0.037692719716898	0.69752603538696	319
-0.124393325771022	1.2221560970589	94
0.019451542217436	0.665039199356038	319
0.058669353868867	0.539831330550408	319
0.081807384894727	0.0704286306606456	169
-0.015123241712489	0.141594758619691	62
-0.119532401206735	0.173528055300178	631
0.030057890763664	0.0835825248802854	62
-0.112813201997441	0.551476367614927	69
0.00191896491224899	0.500573046780858	69
0.00737474864867901	0.211008377435856	69
0.000465623622001005	0.58182592408929	18
0.00875868097217	0.138057553582725	18
0.056812324571185	0.177211592539015	18
-0.11245202124219	0.804671175102382	2143
0.123801080356773	0.21439937900679	2143
0.052866395176019	0.353140829758395	18
-0.048636914259489	0.471489605085216	18
-0.12346143209307	0.421818231881006	266
0.118028054410363	0.0604327829438798	122
-0.082785459006402	0.49149520940556	199
0.085854983707784	0.237761769232977	199
-0.023037081777247	0.0914244847447881	127
0.107913990884505	0.107988335748014	127
0.012815931829309	1.48154499999513	319
0.116252740370786	0.539156978478498	319
0.071745087565595	0.428536944315969	319
0.075158686221573	0.571759652097605	319
0.115516911873601	0.0620413727102297	169
0.033392669803983	0.081097053110346	169
-0.089653801664724	0.335876869515855	62
-0.057609591761079	0.268231539924793	62
-0.031531727148897	0.156408886305383	78
0.094551819692575	0.171267038109378	257
0.06951977104423	0.355062099012811	69
-0.088447426617655	0.787106122285689	69
0.093284475036464	0.267118838494072	18
-0.01503918948962	0.611706299756599	18
0.006201543387788	0.540076540479127	18
-0.051614807838601	0.535007271992013	2143
0.014974550540415	0.454160563556123	2143
0.016761327217266	0.322764137939604	18
0.015889254849209	0.24950694452723	266
-0.097098898702525	0.439422158888535	266
-0.0784192622724	0.627532847988381	266
0.113892385054974	0.217323851596712	266
-0.082770550676107	0.608657468019766	266
0.113069314314837	0.148992145228624	266
-0.089388940164484	0.479187899321298	211
0.109401047264785	0.0898717599078074	122
0.080077917465185	0.127627693609337	122
0.082167992447042	0.184245528372244	122
-0.05685337173824	0.192382236120183	895
-0.00820383205175601	0.178133448728652	895
-0.025968672214595	0.369422968332096	199
0.027711525545363	0.363855592246413	199
0.00707776957002401	0.398402460942304	199
-0.068425301805826	0.272843529875521	694
0.074030980381546	0.757495561279186	319
-0.090239059581556	0.83488984555324	319
0.091233933793346	0.340736715358133	319
-0.033725043022361	1.0572419367009	319
-0.098650323207864	1.04108952899332	319
0.049337248307652	0.355348226698643	319
-0.089473793663269	0.335697720790973	62
0.029950057345825	0.180043227033813	62
0.086442133056268	0.0676115731820262	62
0.039437295555121	0.0787163104977982	78
0.044735347333734	0.408344169326962	69
-0.073871620369077	0.703464798563781	69
0.084520588610139	0.325958480129167	69
0.088873063382021	0.240640610524008	69
0.105457742611943	0.276170242224938	18
-0.041749693134554	0.636100846596618	2143
0.090673536437701	0.256092709076345	18
-0.0670509812435	0.622394584455034	266
-0.061098439759119	0.46581921702485	266
-0.104584838342429	0.572177435588754	266
-0.07752784509357	0.671493895004848	266
-0.053339804440517	0.471630685955556	266
0.119848656960253	0.100884354204648	266
0.106097304398528	0.136314079135614	122
-0.023978749089078	0.093269045574261	1485
-0.116556576162022	0.167029570673658	895
0.111323366324133	0.0638995851171836	122
-0.086108699573847	0.532392904378518	127
-0.050282566510964	1.46528433519319	319
0.0871316465284	0.153569903565576	62
-0.094383617108199	0.339670619150004	62
-0.049616489807404	0.229360540691555	62
-0.055112660988397	0.22858793327812	62
-0.031748178330674	0.642991526925358	69
0.064497931681033	0.349062923473138	69
-0.042759409939574	0.671773833261565	69
-0.001800336566875	0.459403402148765	69
-0.000365969528210997	0.330376336961403	18
-0.05326929478497	0.375845131438324	18
-0.057976976202952	0.289574751068734	18
0.052789916314407	0.278951733577445	266
0.046037527937596	0.351376512669815	266
-0.085689114628	0.66989579311261	266
0.089849343024599	0.266687582372818	266
-0.052809954831995	0.374958821173806	266
0.091885253838696	0.118955443030539	266
-0.00527349134959598	0.182662823479447	122
-0.115224121918398	0.360556069859151	1485
0.041285678996332	0.0777663775203925	199
0.091423499409766	0.262261224365943	127
0.056029055593518	0.290895871084809	127
-0.100172234169186	0.289297112653588	127
-0.07065905134789	0.273207428450624	694
0.011014941210696	2.00177658133345	319
-0.043679964555485	1.04243707311986	1152
-0.08360702342439	0.221011282370093	169
0.082783715050923	0.0712592142817459	62
0.100411700481236	0.113080911454786	62
-0.070703929051687	0.169823126959365	62
0.122492133377596	0.0562380911168176	62
-0.061368579463141	0.835922578661353	69
-0.086281594958196	0.466165321498447	69
0.060702324380793	0.205124190755945	69
-0.023406315636805	0.585449524357569	69
0.06057584619551	0.30934648690652	18
0.052384748142252	0.349301388432131	18
0.019999901930316	0.372142889323337	18
0.085037046337754	0.247591519390506	18
-0.026530284426691	0.561715800599104	18
0.072981123153983	0.227204187839431	266
-0.016515856100999	0.414148455437842	266
-0.077117102065152	0.645495442602351	266
-0.047472687068894	0.435980114150755	266
0.03233139337941	0.318952362133275	211
0.089188040828693	0.193259861025755	211
0.100770210898115	0.112073985395802	122
-0.025323947068758	0.0876466595893528	122
0.080144479984435	0.106865035735325	122
0.00505624701984	0.143140075864343	199
-0.083257186837003	0.652251948131472	1151
0.03703389995237	0.0818186107263153	127
0.00749013997150999	0.219661799726006	127
0.12099482918057	0.0591367961110901	127
0.028870025758938	0.481648312843849	319
0.035920809409756	0.199485761940513	62
0.038726283015642	0.207455610191823	62
-0.090089408289707	0.254071899640572	62
-0.11827355196818	0.368284046063855	62
0.094032691854611	0.0630007453653102	62
-0.022240882476423	0.149302906580387	62
-0.07870767730709	0.785974514229518	69
0.042563055229169	0.20509140768915	69
0.121059036728383	0.19483569950233	18
0.091257570625322	0.257754528300689	18
-0.080945180982008	0.620797411301188	266
-0.094706476880058	0.51287503324812	266
-0.031785110403967	0.539242065366975	211
0.119765888504325	0.16307653484428	266
0.057986859137288	0.173928315301252	211
-0.050879621352215	0.37631133338422	211
-0.038146235604462	0.312160026594787	211
0.028365359578212	0.254352621044873	122
0.083711533098969	0.0699376617208787	1485
0.108672957389483	0.0639486589490465	199
-0.034455428507323	0.43418262103206	199
0.061062408411848	0.34565444798401	199
0.116521398507993	0.179296378621574	199
0.113490676701563	0.0630988067856532	127
-0.000838261589081013	2.0399428049737	319
-0.081453138360871	2.37919971311953	319
0.11734796929355	0.132500626851523	62
0.038426120538908	0.224313934813673	257
0.00202121855697901	0.191346195569136	62
0.053614438375554	0.142820844399948	257
-0.120483394333958	0.171102670210958	716
-0.09724377270341	0.807223859933984	18
0.124459968326421	0.0992585546001643	18
-0.110735062338579	0.501938963804306	18
0.078476036164985	0.295401074753919	18
-0.071183196759834	0.659945603538276	18
0.06975460877161	0.272480380102227	18
0.050677185642405	0.243794665482401	266
0.108725476250128	0.195633987321623	211
0.011642777913071	0.383131933107892	211
0.029958160578947	0.250706234093351	211
-0.113034778844396	0.461167963984043	211
-0.118177078003943	0.307096404259366	211
-0.024019926576657	0.363237520992062	211
0.076907501750899	0.110533760135038	199
-0.027018841535753	0.238612964992221	199
-0.071793093086485	0.171103539536475	199
0.011883485884715	0.370024716557067	199
-0.018184311663967	0.436226195018336	199
-0.046794777275344	0.25635821537897	1151
-0.103732895439593	0.34704373882628	694
-0.100318648032809	0.267817433903343	694
0.046577093553745	1.56683403810922	319
0.032889150124418	0.20669670232786	62
0.120022785514156	0.0991352064400675	257
-0.019764800271937	0.565341434199029	257
-0.029402723164347	0.607845068767901	18
0.037926630851365	0.243675422050965	18
0.022845236289656	0.333631385804149	211
0.03738589227601	0.358328896397748	211
0.076486483320063	0.262155701716484	18
0.077954147078301	0.256108783838751	211
0.080421832477989	0.233271693975647	211
0.021535682914051	0.241016420677214	211
0.113008961486494	0.139073681573282	211
-0.065076930854866	0.477284428145785	211
-0.117912451752189	0.319430423797069	211
-0.030525522222942	0.328416750941689	211
0.114207654878729	0.143378525713306	211
-0.09006153650212	0.260678935475957	199
0.066271708433045	0.154053394676282	199
0.091762896104961	0.115990152214325	199
-0.00506547075271202	0.439349645382465	199
0.00893107640857099	0.38733097694222	199
0.122591639083074	0.137445212404293	62
-0.117939388846003	0.436750922391269	257
-0.104081726011256	0.422286552771253	257
0.06638868470927	0.210910984641988	257
0.102339820199782	0.257853442368568	257
0.00188681960432699	0.53875968424267	257
0.02067241847374	0.305338304787451	69
0.121932619689894	0.229902931308167	69
-0.090904493797552	0.712801116054152	69
0.122068417609668	0.232421084709708	69
0.069733129163846	0.351567055849565	69
-0.027489685840227	0.345628620587845	69
-0.123691473301573	0.635806311939659	69
0.017797788323614	0.528444860270359	18
-0.096892952580364	0.502502292129987	211
0.09951837336112	0.248242214298645	211
0.102251242398466	0.20120984840902	211
0.06270582645218	0.260430222154218	211
0.023886867143972	0.452432840229757	211
-0.121210255006915	0.512532372282915	211
-0.022983499973694	0.335540412417683	211
-0.095696242452786	0.632516762893516	211
-0.122594442297198	0.489618494273087	211
-0.013218698411525	0.272389579114406	211
0.025217436922476	0.339755827910185	211
0.048426482088427	0.346731823117418	211
-0.067111459768152	0.54890491856848	211
0.079472061886518	0.217419936451498	211
0.049204820132505	0.293063035205495	211
0.04292409115782	0.271875605668948	211
0.097130802641329	0.14359886313974	199
-0.017947439869192	0.283604774602634	199
0.109133433774417	0.141198854942818	199
0.046285099009934	0.343755418200175	199
0.065743295113615	0.196076844604326	199
0.036638577113894	0.28437940540579	199
0.069010317749012	0.323156088882962	1151
0.058351934761221	0.24220431337198	1151
0.028485232996407	0.255859629683214	1151
-0.028862645056087	0.360348945780894	1151
-0.040220868495945	0.373601983876959	1151
-0.00333272443243099	0.4094058731063	1151
0.039244321330011	0.309232953709746	62
0.00983365152748	0.42931812324691	62
-0.000322359634826019	0.419503168993071	62
-0.053654876554421	0.425459506818193	62
0.00717314218995799	0.302576049386245	257
-0.015675775167904	0.435118490295996	257
0.00291496093068599	0.660150005675007	69
0.045026627210037	0.355323673986253	69
0.055177001932172	0.158580830108553	69
0.00586645585308601	0.615368002393289	69
0.076445541683317	0.283248122960017	211
0.064153346469081	0.137582940773926	211
-0.032539788606246	0.237915688338379	211
0.062850898416268	0.220615636965355	211
-0.070514056184258	0.300685914754906	18
0.117714312305905	0.267925886110696	211
0.040373653608916	0.394328799927253	211
0.052304732367975	0.260138830063051	211
-0.091622666855574	0.756115710093083	211
-0.102743402589889	0.827131884289265	211
0.08905422697437	0.29890362863887	211
0.099627864095166	0.250728474695788	211
0.035978800248585	0.233918376503523	211
0.095226822145416	0.253701378498955	211
0.072745426801475	0.322536676821974	211
0.076699151905691	0.187000284116397	199
0.094634632955427	0.133312600282594	199
0.121702374462242	0.111223591340386	127
0.09649070527363	0.327434249553398	1151
0.014507001583408	2.12463872228224	319
0.059708504294619	0.418302928334433	319
0.075283099292792	0.641319018232685	319
-0.00142748680758498	0.412363092966978	62
-0.049651774914838	0.386350279984329	257
0.083523236703836	0.190350913067867	257
-0.06962599573652	0.432922748933864	69
-0.053007944531431	0.388281514967952	69
0.114713194537875	0.240059752352908	69
0.041281857238194	0.188523046111747	69
-0.039116503578495	0.817686486012213	211
0.025231147092301	0.217527673756184	211
0.005183584793722	0.217744402871618	211
0.00637081117118701	0.473864539515555	211
0.059305118255927	0.267650374662538	211
-0.034209441377372	0.269715294156285	211
-0.040128741239302	0.288700332614839	211
0.001670059828807	0.160283771872886	18
-0.119899054444166	0.344605218317941	18
0.059810195821853	0.176974644867564	211
0.023442953765782	0.337351046730435	211
-0.064596477759212	0.598995516480122	211
-0.016317480462894	0.507479626154831	211
0.111526098406838	0.229283561019858	122
0.12031502692796	0.1611820166961	199
0.045458329344853	0.328539862651297	199
0.00223822454771899	0.287031940668308	199
-0.087251875157512	0.895791944962266	199
0.12308106379978	0.36316131576607	319
0.065209741675338	0.531185237203838	319
0.075170417627325	0.403241095278241	319
-0.033896645724034	0.508682596494824	62
-0.077006102129487	0.555084122625841	62
0.083989256247513	0.194920836883583	257
0.060815115855544	0.206597132035004	257
0.104338858320637	0.150168364384842	257
0.030907066342323	0.194796299134094	257
0.008265414089664	0.455228488799885	257
-0.03689707638275	0.613226247556022	69
-0.00799022870389099	0.395614403686973	69
0.100080805948186	0.292437542466416	69
0.034795845101812	0.472387283304625	69
-0.124113988105715	0.5913235360968	69
0.093125709230712	0.191093736099258	69
-0.104058908047297	0.583205420329429	69
-0.056570074441967	0.467892281008504	69
0.031195876947401	0.453501458753894	211
-0.124446123948939	0.665184096670266	211
0.00297677812626501	0.291515531295855	211
0.019986759210593	0.245419496069933	211
0.101921890522211	0.141065072187681	211
-0.118580188970331	0.411655677081963	18
-0.054066992672814	0.541787349157849	211
0.121897383308722	0.176739820806031	211
0.121498748466103	0.130802474415175	211
0.110530675017485	0.216709519953767	211
-0.091468727010574	0.586481744477268	211
0.060197854651948	0.204596251326842	199
0.091342848869646	0.263162052834846	199
0.00780240719542899	0.364190876191043	199
-0.012763114682314	0.570263383282419	199
-0.093676415937646	0.58108810451006	199
-0.025335851153721	0.564540308052667	199
-0.024362345071075	0.539097429531193	199
0.043349981592075	0.251621522163473	199
-0.088366434864379	0.551923549536528	127
-0.119965159851506	0.590043352091016	445
0.00442289716657801	0.422521834615102	445
0.104244753698193	0.694180123453925	319
0.039156922475728	1.0456205046664	319
0.052455434045282	0.746658343083857	319
-0.070582628446053	1.35269138561567	319
-0.092482311831909	1.7086593442855	319
-0.0647381129073	0.442529947393842	62
0.065780851360331	0.115009615053802	62
-0.00426256913815698	0.28473106059023	62
0.037519821849905	0.126049660579562	257
-0.00335658445639703	0.145032118416017	1070
0.067868852586445	0.277635564258289	257
-0.059202032262432	0.80100444416131	69
0.071276585233281	0.461468093206654	69
-0.10927381282363	1.03462973447205	69
0.118324911402359	0.224129996798666	69
-0.077879066383125	0.689384480373518	69
0.050914598568575	0.462415241184912	69
0.078255080772252	0.398869584473779	69
0.090063494734357	0.36354354997161	69
0.107252312523879	0.319088945838736	69
-0.105250099831239	1.2269089317124	69
-0.050078222234525	0.885624801860727	69
-0.103159435567806	1.08046359747376	69
0.119865326152613	0.298416558432889	69
0.077272211094649	0.316939776175493	69
-0.033120152880285	0.594717976041426	211
0.121457347062883	0.233018162898338	211
-0.101849295015491	0.804011229847531	211
-0.023935632006457	0.545963427505517	211
-0.036699180384249	0.58503245464527	211
-0.057681620114931	0.414337171089465	211
-0.00724148094842297	0.245029252320588	211
0.069694694691446	0.273897911365688	211
-0.012211015779979	0.462328270990389	211
0.021666955660451	0.44542858652619	211
-0.061875093380172	0.597925049315169	211
-0.085925620593154	0.657648222237163	211
0.098085626588018	0.169016872505126	211
0.00306256932959301	0.395521690938051	211
-0.00621719991188602	0.295697963682767	122
-0.097384699252155	0.390564712941383	215
0.100892258135729	0.283165708194849	199
-0.086782802364795	0.79783087269891	199
0.03814384877731	0.0815327017257594	199
0.098461673897189	0.761204264257056	319
0.00829298159735001	1.33994434660501	319
0.115146933390588	0.175733840297675	319
0.023110856103798	0.288308530327723	319
-0.034117138583126	0.197254417474068	257
0.040361465745958	0.078621951345426	257
0.118220943371689	0.236731900634445	257
0.073539414760653	0.399114540248056	69
-0.087499465179293	1.06134848900153	69
0.078319944887257	0.346284772900874	69
0.121550156336028	0.12194086949155	69
0.025422311787064	0.548515657236531	69
0.103033753971368	0.3527888333502	69
0.088469937818645	0.417106468847133	69
0.059075233367143	0.499643909631135	69
0.094107337271732	0.381772444009766	69
-0.054905810334852	0.89394234043132	69
-0.097874574897068	0.803990150518421	69
-0.119440736562872	0.49623142879361	211
-0.07797282570576	0.754747676355284	211
0.067187314621949	0.332619309149455	211
0.00634904983644699	0.518245015757766	211
0.124930580928833	0.202199327215526	211
0.098223970877795	0.236394536712458	211
-0.007345293891246	0.397282155956938	199
-0.032825235829745	0.492256575500605	199
0.107677340129839	0.545249230000535	319
-0.044457705043143	0.964132725608042	319
-0.106016739995345	0.30439911543733	169
0.109902505792919	0.0632172126087368	169
0.050680995168197	0.142320060494773	257
0.115297281597615	0.0585958958287105	257
0.091723554052846	0.366863254344915	69
-0.02785360651479	0.756472173417154	69
0.043058311074519	0.533136068736808	69
0.00177298115291499	0.314071056693823	69
-0.005869529603382	0.199340273951059	376
0.102718429721114	0.140515278316926	69
0.029381314939672	0.421245398101441	69
-0.060519787522673	0.797115563359977	69
0.00321343663093401	0.618099351973906	69
0.046042531143396	0.538309100259255	69
0.038173491534873	0.532143924360991	69
0.122377189517741	0.292030745564243	69
0.085660496099349	0.398253157749074	69
0.100504521584007	0.351280329602746	69
-0.014620195368977	0.538379738493869	69
0.058196585158214	0.217885229857081	18
-0.034238331264432	0.547513962920313	211
0.037406265611671	0.444745655091479	18
-0.121221616778092	0.833477171781471	211
0.011518909257667	0.475108026217449	211
0.089315776931985	0.265305608514254	211
0.119583775067553	0.21099904548985	211
0.013917723340057	0.369770955402188	211
0.081841960415487	0.171842861505281	211
-0.114701106358706	0.434199813559618	215
-0.116519921690294	0.551478622420177	215
0.010901228941266	0.137436374178869	199
-0.056461522927972	0.496120004658179	199
-0.080663454743736	0.739671232801362	199
-0.034686782881628	0.533388293498036	199
-0.038568322852588	0.200116380761692	445
-0.00172368599293099	1.42142739338089	319
0.00114774377406099	0.793006683332171	319
0.099893385749996	0.152101137812082	257
0.00253191448484899	0.276829211686148	257
0.00192184456599101	0.199524735557439	601
-0.077853394729578	0.222171088361238	601
-0.025175486057439	0.148590496565251	257
0.076974219992058	0.0705275268362178	985
0.019823230113624	0.288885907467001	257
0.091787134202556	0.363939094877664	69
-0.069967283926806	0.951400556337434	69
0.087249040469779	0.196193437818869	211
0.017572120816593	0.475852485695219	211
-0.008131797053608	0.458982154417301	211
0.093568391165528	0.251042411280786	211
0.120140694171166	0.17236427225446	211
0.0816261428579	0.234238371018438	211
-0.049709568716904	0.540384045405052	211
0.04707071687581	0.181928552343347	211
0.00468901222683901	0.258224969510262	215
0.022558097890029	0.297819403504562	215
-0.025576394553969	0.242640698135144	215
0.097350896814464	0.100550259733331	215
0.073593776105318	0.112940787558969	1270
-0.074265397919163	0.279863849262874	1270
-0.075275614636485	0.565456524504413	199
0.026993904626717	0.452885022588406	199
-0.017892821512259	0.508988089422022	199
-0.029542609754134	0.439619197847637	199
0.110533043977709	0.390288135983609	319
0.041840706931424	0.12532534556268	601
0.027930381922521	0.162454794629896	257
0.095127408023593	0.147681003125388	257
-0.020033202717596	0.231614776173539	257
0.083444741910348	0.29644037786742	69
0.084451707534336	0.123283402892296	69
-0.108851064583327	0.368302037462454	69
0.010325802201473	0.46503677316415	69
0.064389430786892	0.426041399981348	69
-0.012244754514343	0.702711731952196	69
0.060196437844013	0.464561733203724	69
-0.113905199040073	0.780580077754899	211
0.104327001784922	0.2709223324882	211
0.093808316955812	0.234570277389881	211
0.064627377925218	0.265354990317131	211
-0.017845161606001	0.47379837939115	211
0.084859007685135	0.175332942576821	211
-0.00173640238100198	0.179445295086191	211
0.025600947579906	0.198354124852688	215
-0.073080215382963	0.458041775639121	215
-0.035793781899882	0.158141908620603	215
0.105304037803143	0.0644046530171269	199
-0.086337233413005	0.76773281731484	199
-0.098421735187149	0.575626957784956	199
0.036811886419234	0.336980578921318	199
-0.00641734429134599	0.208061396531978	445
0.079624503494014	0.668467938476252	319
-0.09746623914894	0.269734065784777	601
-0.109985463087737	0.331713776261753	257
0.068029392513586	0.386256076569954	69
-0.096575653798594	1.12464146366793	69
0.123325725956832	0.28317138207754	69
-0.121308727203978	1.25784832165368	69
0.072273564291676	0.437683951815739	69
0.108374031855839	0.291238249852453	69
-0.029214556157427	0.680179965046724	69
0.050445291395798	0.336315559491429	69
-0.097415937284327	0.547059511640235	69
0.120815922600303	0.241210236211739	69
-0.059980952523716	0.897029762782199	69
0.094705000807604	0.353528900879781	69
-0.114379827088686	0.604484062457999	18
0.026011617373786	0.194191631356199	18
-0.014138074052406	0.505403606784275	211
-0.016950134851491	0.484245718406957	211
0.018005157054872	0.372925216789639	211
0.015196991845808	0.401668069588929	211
-0.049022889731731	0.520498238789342	211
0.03299087434497	0.339411390859319	211
-0.00675508311353701	0.296966510053769	211
0.107048761642681	0.149663018983448	211
-0.101006999748683	0.3536939752433	215
0.093307246018631	0.134399682896489	215
-0.016231027770747	0.304919265140214	215
-0.044469778656098	0.0900213921481213	330
-0.015580824263703	0.230982726365493	1270
0.101819984470889	0.272644011800121	127
0.076105706814826	0.288470635333413	199
0.123157515858902	0.0568856803445968	199
0.054959401421803	0.215156236450635	445
0.078558109275843	0.16165385969514	445
0.089950494872331	0.803801785183972	319
0.086118377037128	0.69269495311595	319
0.104213843311096	0.24576845033835	319
-0.087577108398823	0.254743375296606	169
0.036510004296637	0.129533970119615	257
0.084190090140759	0.159574145844042	257
0.118230424467127	0.11665216100701	257
-0.027526663011356	0.0933538709746233	227
0.112029563309232	0.0613880299994	227
0.04068205525285	0.317301885784602	69
-0.052394097845464	0.874662161517232	69
-0.112028427918078	0.94145313708899	69
0.116240353065094	0.291043633294601	69
0.121204642561597	0.247846391077978	69
-0.010462303713041	0.559793249092981	69
0.054419408556055	0.450670241951979	69
0.049893915723869	0.450874681316888	69
0.030625450051064	0.525309622115188	69
0.061675105730551	0.459401194953223	18
-0.096358844350294	0.686976286845088	18
-0.012019790854409	0.465603699021655	211
-0.029542360190567	0.559582558298673	211
0.082587885187954	0.172391009827173	211
0.12172696462811	0.0977528166404422	211
0.074302467760148	0.205765530419752	211
0.092320109409533	0.232936249484103	211
0.086605167086215	0.276844219668956	211
0.072656116271793	0.27424401809378	211
-0.072579458003808	0.363106654991982	211
0.117275006074039	0.17556575300801	211
0.091455261071217	0.132935679601155	211
0.006707855484159	0.215544923433884	215
0.054435562585555	0.249605847628778	215
-0.100721156736569	0.286691780744491	215
-0.087187239938891	0.580459141579361	199
-0.035400080956401	0.199818701919997	199
0.05531369227925	0.162684632716941	445
0.114776918523234	0.790461956521176	319
0.108273757854361	0.633572125774222	319
0.084122523583436	0.169802591533322	257
0.111323366324133	0.0638995851171836	227
-0.032748586619408	0.158256615847599	227
0.000591604263732004	0.220009372650509	227
-0.064824436337815	0.921954624169965	69
-0.070629076491175	0.891846447494813	69
0.027567596324986	0.35630486815414	69
0.099493910671141	0.173460471474384	69
0.065116881169247	0.188493425193882	69
-0.022926433004519	0.723104687863543	69
0.082310553641678	0.34342174550818	69
0.105635861656372	0.30134913406385	69
0.022412336644183	0.260343036009997	18
-0.106583570821556	0.635653877517499	211
0.049457929860883	0.393652733547532	211
0.029120658131322	0.447295813270771	211
0.11174984653291	0.218447890856758	211
-0.123527411893627	0.811131148353971	211
0.101885569021574	0.19761253431856	211
0.032266908116833	0.351990003698178	211
0.11961377207844	0.169547850816224	211
0.024157905034216	0.397393033401464	211
0.029339866273528	0.394896422318867	211
0.072002510784523	0.186835966965705	211
-0.053389186855933	0.263511908413613	215
0.113542267721727	0.114752325824118	215
-0.067690163641473	0.244374329495701	215
-0.069986639244717	0.392573900506289	215
-0.109409850733353	0.293723178027917	215
0.042549969659761	0.142497085585608	1383
-0.075865320850491	0.592041545785029	1383
-0.028353528748133	0.495515279674441	199
0.0714158894243	0.258852703568094	199
-0.00923464699639898	0.45381027681509	445
0.0864002019175	0.122288825835581	445
0.082080822237377	0.248762509736429	257
-0.032348449802428	0.194915799096456	1137
0.051127904446427	0.147915391290816	227
-0.058668064872024	0.149505623866106	227
0.076262724422892	0.0714969114028694	227
0.015118273928838	0.590688017808627	69
0.075780312964299	0.171829149393427	69
-0.033576969396857	0.538606314566782	69
0.057407396144746	0.469771755285892	69
-0.022725697495316	0.552009164030016	18
0.044512726172675	0.391872895373235	211
0.102473019817859	0.22491291534191	211
-0.060571065658622	0.468224255209257	211
0.065615269426927	0.267582172379723	211
-0.109868388047479	0.837007121912225	211
0.100328168878653	0.236608485240912	211
-0.124401824027678	0.422563323719061	215
-0.119513017768636	0.555486054672534	215
0.10547780468117	0.191058458305816	127
0.0574401922213	0.143434631635587	215
0.072131368421283	0.214915844145571	215
0.081075377982126	0.319343133645788	127
-0.019186012661928	0.211816498437693	127
-0.026076226474001	0.0928720497576233	445
0.049010132515404	0.166968002536151	445
0.111260464467056	0.820860390195867	319
0.107610464509897	0.158803020100127	1137
-0.085276819880571	0.469166351148705	1137
0.058013085605134	0.184114463446716	227
0.08655403497028	0.0677744345479386	227
-0.101982280526077	0.462461760065516	257
0.117538610173717	0.192081499101919	257
-0.055796132585427	0.6830356210993	69
0.05699945759478	0.414266457064074	69
0.021005862901663	0.526127396358264	69
0.073466247374329	0.389041528597676	69
0.092135213975294	0.34457341517456	69
-0.022169293982431	0.640934069942305	69
-0.111687001743312	0.954614595729575	18
-0.00727497170692498	0.63653211975753	18
-0.039300621352768	0.585919486169456	211
0.108799087494151	0.233421129044537	211
0.098891240188639	0.132228871825695	215
0.101265201538912	0.140126478214727	215
0.11380531327034	0.0832419253366718	127
-0.096171703752323	0.32472898397368	127
-0.086713492157034	0.846487152961636	1383
0.00591622303014	0.576083134704785	127
0.00852820471620999	0.135407162920708	127
0.050755413782463	0.248202903693229	445
0.035164252291122	0.428875363120799	1137
0.110139032047879	0.251787366260171	1137
0.061049918447508	0.355572633012194	1137
0.065405414978552	0.267473952435194	1137
-0.00230045710041399	0.309048960930364	257
0.107367498660815	0.29195229074177	69
-0.120088446426279	0.993731220171883	69
0.032697754845972	0.517017238807745	69
0.045894303435997	0.390450699661538	69
0.023168041961233	0.394705662996438	18
0.037304133935534	0.318847596674655	18
0.119417176974083	0.257827251838846	535
0.047333481245045	0.505340315815763	535
-0.083782206790008	0.706107159826857	18
0.08966662982158	0.189790369276837	211
0.085556938515455	0.175082133152392	211
-0.078529657862665	0.554932031738231	211
0.058286383116889	0.21813939402951	211
0.048214949072226	0.369824785465273	211
-0.042314700542358	0.586867437142421	211
-0.079842609698157	0.659062038591344	211
0.00772603821950699	0.354087945855743	211
0.119632647487709	0.137694163741169	211
0.08108805187679	0.241564441718354	211
-0.078641623607102	0.657111623533551	215
-0.066779174664606	0.572409917941393	215
0.110219312997841	0.199423590492719	215
-0.121362426402928	0.680283109555559	215
-0.053227083165583	0.467168512702566	215
0.094013492056616	0.217861230859638	127
0.079350506421438	0.285762247586213	215
-0.0233924391423	0.510699838182757	127
0.069612441034915	0.272173333273706	127
-0.117551048725556	0.909648003337379	1383
0.028497502933051	0.294514070550798	1686
-0.02722338781641	0.43307428807637	1686
-0.102879954014528	0.46020815774075	445
0.11386143949708	0.258226090452897	257
0.018170274613804	0.570239705709887	257
0.076218956800448	0.170766842422079	257
-0.052506822807818	0.52498435358429	257
-0.10767858269033	0.82582993496679	69
-0.031219094736861	0.771288581580332	69
-0.00957801840771499	0.763390649811004	535
0.037523858911397	0.629735280202656	535
0.045739303268536	0.590932087680493	535
0.000144506860652011	0.1793063850082	211
-0.059719930337747	0.769431492213606	211
0.118542539011984	0.0985747053216978	211
-0.046246858776398	0.519773382321914	211
0.000622231847593996	0.17490291194386	211
-0.06007863729376	0.381700163266624	215
0.078396318621246	0.375304236130235	215
-0.093163989295298	0.811516904107463	215
-0.012729371695094	0.45593723864276	215
0.113786257479623	0.181732602773207	127
-0.031629286326216	0.382562175553055	215
-0.037340437195068	0.655423979644509	215
0.123711410894833	0.230907084323959	215
-0.109990003420894	1.11222281074591	215
-0.00769643746753701	0.319888111519968	215
0.120927995176657	0.208093527524894	127
0.050475672396197	0.183062243602751	127
0.018568698232715	0.572079399474028	127
-0.078440088464006	0.904319732368039	1686
-0.015586947910363	0.492077255263589	1686
0.05232221038829	0.429150687530384	445
0.120532403222659	0.345955224254714	1137
-0.065349707667434	0.997512688638754	1137
0.091552613028156	0.420284530991413	1137
0.122323996572719	0.323483700351614	1137
-0.023735840967336	0.754977886392497	257
0.00697881456100399	0.579716471491748	257
0.044990442437622	0.430942896402136	257
-0.028228261280426	0.662658929318656	257
-0.080427162260854	0.735780172914454	257
0.123037271128156	0.261475338055836	69
0.09370738265434	0.268149009509947	69
0.115519208038069	0.271888045066449	69
-0.044388609227941	0.90880112394432	69
-0.00652234764076898	0.714674166142313	257
-0.016690620027612	0.748605305781215	257
-0.103079400667893	0.378224133475253	257
0.108419817101264	0.116833708363941	257
0.106365521141351	0.286210905407896	69
0.005679143919743	0.437186480376582	535
-0.055360749311864	0.804347412251829	535
-0.043833117370611	1.03003887064007	535
-0.043995190444927	0.883820192953738	535
0.063264803991471	0.117155351310158	535
0.066368062376536	0.115048410758102	211
0.086663732339121	0.223188222426812	211
-0.07139223352844	0.352459630173033	211
0.039755144764068	0.127932905882657	211
0.013853432100298	0.405280516366648	215
-0.065370874954123	0.610832259449869	215
0.06180101960812	0.339549555019685	215
-0.072726857089748	0.602189773424469	215
-0.025358444988035	0.618888925233056	127
0.025954986886959	0.474233116509707	215
0.117522144094983	0.311245710640447	215
-0.039268360683417	0.771327361253523	215
-0.100568436394171	1.00429450652464	215
-0.100452278739059	1.00765275486971	215
-0.07637799739902	0.823467613745944	215
-0.066570507331428	0.806596114855702	215
0.049260230699244	0.401093556618283	215
-0.083635656981405	0.86831820994089	1686
0.103376504956579	0.296550538637128	1686
-0.091754069251764	0.837136405578494	1686
0.042415530916666	0.459155781952046	445
0.107210497729709	0.258608984473163	445
0.091685998278821	1.43620273914681	257
0.066368664013721	0.410531526852539	257
0.075176544628934	0.260254093097413	257
-0.020284057089114	0.79346712471471	257
0.086553295897139	0.410212275417807	69
-0.033189992539305	0.294212157839388	257
-0.095199085679682	1.06346098380558	535
0.084908222532212	0.0689274303596419	254
-0.037253853203478	0.263932070678478	211
0.115157450688695	0.0594185287867252	211
0.114565852152943	0.219002448003288	127
-0.052829073920651	0.563690290304525	215
0.029418700924669	0.286261885847169	215
-0.091824771269938	0.394634934085203	215
0.11101402974489	0.27366854710086	127
-0.052541856274342	0.968595827038003	215
-0.100493660257831	1.32567233288916	215
-0.041941962999619	0.728165564914015	215
-0.020032294038529	0.586517616999623	215
0.10391044292043	0.16621327597214	127
-0.00693106289052398	0.528544671573802	215
0.073593776105318	0.112940787558969	127
0.099860147539591	0.336557519590608	1686
-0.053513501491251	0.9451893036364	1686
-0.103657348854156	0.903292787915788	1686
-0.054953201492512	0.974956185025624	445
0.117742655387435	1.07211547459706	257
-0.00220103419977602	2.40958785412378	257
0.052169546593329	1.31331810212852	257
0.093235476930723	0.411938464288004	1137
0.011830758296446	0.415611674999712	257
0.042313869139726	0.399654319560389	69
0.074156338718031	0.416338364154335	69
0.083217165187416	0.171127245051869	257
0.106593519204859	0.212546339851655	69
0.08406847637113	0.10224047344891	18
0.013151429980714	0.162209608629886	254
0.118790894535055	0.126027785265093	211
0.036031594917791	0.0802863998226295	211
0.10469455073344	0.197573626106906	127
-0.052978568425237	0.441075274056226	127
0.113308254949318	0.205240826583899	127
0.014577855637623	0.670251865461933	215
-0.062418347668384	1.11561938948664	215
0.032466912111488	0.41403624522135	127
0.057582861712351	0.336060973930834	215
0.021435119922955	0.220968799142101	127
-0.009597994359555	0.486913833504515	1686
0.121573744399361	0.123599069474017	127
0.050053480218662	0.476495944735849	69
-0.030997291708343	0.0960078604431597	257
-0.035584639166432	0.0918717877579669	257
0.095841722498316	0.238301019774087	69
0.0434368159976	0.16377401965726	69
0.089315152030244	0.260709697604451	1473
-0.110308647276175	1.01630773930181	1473
-0.000296903173540974	0.461423063259668	1473
-0.039206724579043	0.272619130195724	211
-0.028364594384958	0.355437506524662	127
-0.089212417305938	0.746779007330421	211
0.114607828837135	0.126167108388968	127
0.065638855669266	0.446207850276285	1686
0.123350737515783	0.310368244937507	69
-0.063490729962079	0.809924132803593	69
0.040059647090451	0.408386389760772	69
0.081628682395119	0.345555847229477	69
0.085894033198595	0.187357672472866	69
0.124263441066388	0.219885349605206	18
-0.090618158595062	0.373577068298087	211
-0.08819739905559	0.587703711023387	211
-0.073996717457453	0.245525219049889	211
0.025032252488841	0.414625059760702	211
-0.032729649732303	0.67106643672723	211
0.050497844510144	0.47030552472277	211
0.038836384177795	0.397942568854591	211
0.074447331314149	0.324487343653605	127
0.104121471238633	0.521226184707664	257
0.017374971604638	0.485877148682257	257
0.113244833092008	0.279584941009877	69
0.096191464919815	0.243445761599354	69
0.084137394331155	0.389944888717472	69
-0.039524591523677	0.488577162134761	257
0.015586814599099	0.243986596246893	257
-0.034060108445775	0.542838493284315	257
0.00696531045517601	0.407428649065535	69
0.011900018835481	0.384367429241505	69
0.014603362222334	0.245196736964426	18
0.050479489360225	0.17613010688489	18
-0.11830002280285	0.756134638694732	1473
0.120823783206048	0.0995379020419666	243
0.025730680251692	0.162108235539588	243
0.063222247968543	0.157978327053757	2033
0.090756742903203	0.120424591248585	2033
-0.116171013227324	0.31130987772589	2033
-0.043570911742906	0.272854823469338	211
-0.10718166508664	0.298960645165443	211
-0.072997023200908	0.370851542807507	211
-0.056953714184351	0.262574242866108	217
-0.086387073957332	0.450534911744635	211
-0.063513221237519	0.684893589271109	211
0.094448113922987	0.170891225816902	211
0.089922116500217	0.265709952740641	211
0.120199874275665	0.241698769463752	211
0.107121286960795	0.166546062441847	211
-0.036757294152328	0.468746317274756	211
-0.06590464972729	0.448591110482568	211
0.093250713378216	0.322555855445112	127
-0.011010102241374	0.379243987248482	211
0.080940430104459	0.231057736244349	257
-0.060636324820225	0.975352810037166	69
0.119638273080188	0.249762881545973	69
-0.040839343687112	0.576675288069876	69
-0.124313605688741	0.430244424154908	257
-0.041173241348184	0.490067630150508	257
0.108395230895324	0.248373403548364	69
-0.106920285752167	0.771405380879367	69
-0.086467206639076	0.548437092186563	69
0.04056492653505	0.237857152995954	18
0.013773580973693	0.226435686768049	1473
-0.00341422525000301	0.371490505852641	1473
0.094131753668985	0.175308474147412	1473
0.026610513485398	0.178309187227463	243
0.101616637071427	0.118648473584892	243
-0.084397370156699	0.288633999462408	243
-0.011005519039425	0.203062800030814	2033
0.035004319402688	0.197341526591734	2033
-0.054808744476867	0.344741478132063	254
0.096247667502658	0.159388772923811	211
0.072501492945452	0.21288113501443	211
-0.064544600974225	0.392353500059509	211
0.019379589628134	0.296469077229903	211
0.077636203919422	0.159984422716936	211
0.103163783406953	0.184328217401434	211
0.011725694850831	0.314462841443776	478
-0.123724604439795	0.66230494552807	211
-0.084388590675321	0.709689695777174	211
0.116648068071279	0.154686132348873	211
0.117439147232242	0.1880162791266	211
0.055053522767675	0.33147833222167	211
0.111729647602703	0.236270313252295	211
0.069077745611739	0.346419177687241	211
0.068355564325801	0.21351248536699	211
0.055935836699434	0.241073957679892	211
0.014640591921357	0.320547925588459	211
-0.119053833600332	0.344417112648951	127
0.071402188706249	0.1790021045295	211
-0.09882569614303	0.756231710926441	211
0.098283810556991	0.176999655261222	257
0.103075231547257	0.237344181724077	257
0.073340840330528	0.149361122086972	257
0.047179932184589	0.358360643670346	69
-0.018795807960632	0.319188857616292	69
-0.041638566904312	0.314903791318457	69
-0.10180156351702	0.585047324599794	69
0.100466814696214	0.193748041275529	18
-0.062731720190648	0.333744501439387	269
0.047755359667594	0.183204817970615	18
0.025437318964182	0.341873298958056	1473
-0.105469869467093	0.374598236195856	1473
-0.084260701878211	0.503202877704711	1473
-0.054985928711654	0.276824851068926	243
-0.076726807435711	0.303374914803025	243
0.084439296393432	0.142186263704487	243
0.080144479984435	0.106865035735325	243
0.112615416652515	0.0979894223102032	254
-0.101743628254509	0.320288963896698	2033
-0.023492282990476	0.239304348436971	254
-0.073117357664088	0.323726429059968	211
-0.00507706174585798	0.247773326022552	211
-0.1200208782563	0.349658523762529	211
-0.118874578516497	0.843029986592199	211
0.07955186539163	0.198868726400531	211
-0.074510507618035	0.468586032387553	211
0.028051644997212	0.429084054803457	211
-0.043901409283346	0.444402462841997	211
0.019374165397771	0.344386727579244	211
0.124397480479594	0.189415336493417	127
0.026599256757927	0.30133048068562	211
0.110377784573489	0.912637393062004	257
0.0000700053492889985	0.570730034038263	257
0.08297980905236	0.191693018874001	257
0.106231680147778	0.254237233001073	69
0.069644117236717	0.432055924793424	69
0.018448866800657	0.322380869443376	69
-0.034111869256126	0.41737452778287	69
0.085286945797109	0.192684654287252	69
0.050872038106552	0.297447448977589	69
0.076673903334528	0.163936604870039	18
-0.037025267531452	0.268827188665628	269
-0.084457478272144	0.66538747017906	1473
0.122691186798088	0.149007614447991	1473
0.014127763359203	0.357989308750104	1473
0.063476206414654	0.16824662298887	1473
-0.078955944387589	0.421331027570928	243
0.013055625057661	0.1627904480907	243
0.101803619513903	0.146794530605795	254
-0.090739249908775	0.285664515199684	217
-0.00309392745037901	0.33440112594164	211
-0.114326225676379	0.61675914805416	211
0.094365840276407	0.253063228232586	211
0.067857326339427	0.319134753390335	211
0.047589392633292	0.408430218278201	211
0.031448462718359	0.301335763171931	211
-0.073264057621845	0.568099048661865	211
0.105258847438278	0.107881259512504	211
0.034500626368091	0.198592777276995	211
0.047755449536742	0.420518739043739	211
-0.068980544330435	0.388058820512148	211
-0.02429626920979	0.257983738537754	211
0.034326076123439	0.303405427691085	69
0.059425515106591	0.381192351642718	69
0.013267717890147	0.604374028528637	69
0.112244992529006	0.285461429131101	69
0.088579920791165	0.0676874945592693	269
-0.054354811628977	0.620640667538427	1473
0.036294168901494	0.0803091761273648	243
-0.111493619279869	0.217202475403342	243
-0.071793093086485	0.171103539536475	211
0.029755801726734	0.333949226832137	211
0.025960554308007	0.298025829199351	211
0.093492717319595	0.237868479984615	211
-0.123766654196116	0.836996454966464	478
-0.09818788327216	0.953928728464453	211
-0.094978247751185	0.925548174232964	211
-0.048203162496395	0.686643255683701	211
-0.098005565214201	0.783592829032873	211
0.011432944331104	0.286719270174116	211
-0.088122523475478	0.765552777405232	211
0.05240857297245	0.345284133582136	211
-0.00604020851311399	0.346890547256146	211
0.080964690577051	0.182817654824047	211
0.08777080794764	0.308261434012535	211
0.011482763851353	0.49311191443497	211
0.096634728682509	0.308857628329998	211
-0.058213999489252	0.689408424597526	211
0.071740662752556	0.403384956552441	211
-0.022241505713593	1.10301337366002	257
0.089008053313451	0.419269339513351	257
0.089284810618845	0.393659716564668	257
0.047620507810697	0.646658225261757	257
0.112353277298623	0.270770823364768	69
-0.031773181497258	0.536868576125358	69
0.00314655667316599	0.349289558070355	69
0.06244937090736	0.16938394244534	69
0.008261610844646	0.372599820090925	69
0.102753649718494	0.220680698937956	69
-0.034370373307666	0.30256539617891	269
-0.02545130753447	0.215764612016813	269
-0.022097499714173	0.491973411857458	1473
-0.107003514275926	0.665816897753839	18
0.006320427778191	0.254246540251418	18
-0.082579233223219	0.221513075748036	243
0.00797723074547699	0.212998634654139	243
0.069272235598734	0.113731880806822	243
0.121427181128295	0.109849624745019	254
0.051395824384903	0.203067239911502	254
-0.0649178566827	0.293838881714117	187
0.067680123770352	0.268580287344888	211
-0.105199156381103	0.900282165946674	211
-0.020294988067394	0.373428107805789	211
0.078077668857532	0.230624010732504	211
-0.029008851857542	0.407340009232659	211
-0.050926512241339	0.62610011695501	211
0.066749618396238	0.339385660833772	211
0.061031795941035	0.469695823787339	69
-0.074274358462974	0.792862450201406	69
0.069081195145249	0.135237549416082	69
-0.087472220609433	0.262779305634692	69
-0.00694976648595702	0.416855846612138	69
0.04937780952391	0.31399030909319	69
-0.108535161465103	0.831377245877032	69
0.110398526547506	0.138724481352699	18
-0.049224892294867	0.488871430273941	18
0.052186400752703	0.328101888852067	18
-0.063143895667271	0.522137319801888	18
-0.07470070735343	0.28076309040751	18
0.0000455293371280086	0.22121125941725	243
-0.070950784775589	0.162422098935604	243
0.012917450541272	0.138165640261424	243
0.031170246879013	0.0836606677931207	243
0.036574118546628	0.129957822160863	211
0.07804449822721	0.147403821146329	211
0.089532322639731	0.0675055661228565	187
0.093584504837479	0.130288886199909	187
-0.065469883528309	0.299753032991696	187
-0.089802693587796	0.331546536191035	187
0.081401635328409	0.181657380413114	211
-0.018235133142608	0.502524935137694	211
-0.112982959271534	0.724635928330012	211
0.05196311789653	0.275120567694437	211
-0.06904911817185	0.682194770736918	211
0.101458268775511	0.193683052767606	211
-0.025560968328222	0.217657048730076	211
-0.103918006820247	0.677699284748993	211
-0.043007881685924	0.557079547360106	211
0.020744146985546	0.419708225598964	211
-0.098144705605878	0.691501897722853	211
0.073691934066551	0.305662447338939	211
0.053181278267135	0.370434004837298	211
0.117974996257397	0.380858196344163	257
0.089695729066771	0.395150054603048	257
0.004230090598878	0.652776131696792	69
-0.00907239884492	0.540322464054056	69
-0.054487231236839	0.70715778785086	69
-0.029024722293033	0.561738887103588	69
-0.024074707161115	0.230395780724019	69
0.100997629747844	0.155349672586393	69
0.024112083853509	0.299577287121362	69
0.059013437600912	0.305748591408012	69
-0.074555613496851	0.589391408890161	69
0.059257420351589	0.133850086049016	269
-0.034940613510337	0.19634414846403	18
0.050453337222533	0.337466108939899	18
0.111132557119774	0.102645738427911	18
-0.03515893517286	0.195157633027945	243
-0.070460621489626	0.164342898263181	243
-0.070016974153649	0.203989715623908	243
-0.026393299245979	0.155338792721491	243
-0.035793781899882	0.158141908620603	243
-0.070297856087486	0.205858039447642	243
0.111526636183723	0.0883815839518279	211
0.012185964232274	0.208897628612185	187
0.02675039192182	0.279811670412916	211
-0.110077046894862	0.702569076386101	211
-0.030392546242258	0.492818694275368	211
-0.00422927802492901	0.426372437642276	211
-0.081336380365075	0.562491680622524	211
0.00852210855761901	0.335621499593168	211
-0.023421864856109	0.284726163844627	211
0.112385598457979	0.226648887997522	211
-0.057042849262168	0.616301257634344	211
-0.035598269542465	0.749238048168029	69
0.124384372241792	0.174236467888433	69
-0.052122447681854	0.377399595775777	69
0.061839284902694	0.18289198370551	69
-0.037018286341606	0.352090826161594	69
-0.020135394490739	0.396787491917168	69
0.077732046336794	0.274290540981049	69
-0.051464220924897	0.43130415801336	69
0.02229841520705	0.186438090431865	269
0.097833540150554	0.112337681896067	269
-0.102324980849652	0.430631792576758	18
-0.059117956111097	0.602651865934298	18
-0.054544171030022	0.481375100993223	18
0.069174983723974	0.113922169885775	243
-0.077081912800108	0.222557471434318	243
0.056518813713759	0.170141047818074	211
-0.124145781506767	0.182159529691145	187
0.047190177730136	0.166180949439781	187
-0.033321244490903	0.220316150980854	187
-0.031028665807964	0.272148788490142	187
0.107788294857462	0.133363315690264	211
-0.016757467074146	0.258702577420838	478
-0.124248666376062	0.635214908811287	211
0.077570224948425	0.280822443853497	211
0.059784762468928	0.294889117396948	211
0.082765080480403	0.230654012654015	211
-0.058870792310696	0.361662511260466	211
-0.100931023815034	0.555129615867247	211
-0.073006860246554	0.447818483981732	211
0.03235635918183	0.333197027159988	211
0.12039978815065	0.95064145861535	257
0.10190255450469	0.507651042871838	257
0.003157567072928	0.826670744544635	257
0.092168052755084	0.412146981067346	257
0.015562721958553	0.780079202880916	257
0.087326240361858	0.449228199623768	69
-0.011842210322599	0.798827633884371	69
0.112509177573673	0.333998904544784	69
0.09629375392269	0.315613120453889	69
-0.045943971522321	0.73606156220582	69
-0.008908006249153	0.346498417452863	69
0.085407477957764	0.278170998434079	18
0.040770238890735	0.127627199902548	18
-0.00572740537931599	0.386026811519803	243
0.037523495728842	0.390545537640244	18
-0.023303067740775	0.151603316567178	243
-0.01630425141539	0.140522347152974	243
0.122271206656529	0.0852355166586266	243
0.121273395324259	0.0578858963800006	243
0.12099482918057	0.0591367961110901	254
-0.039810445112581	0.276825577825845	187
0.00799413846323399	0.30018966357748	211
0.057011245575561	0.256649640869642	211
-0.013281657813599	0.558394373984628	211
-0.100222676243903	0.761668566127992	211
-0.074415830049788	0.742519868058833	211
-0.020540895708104	0.521394380365003	211
0.042335679251791	0.362586541618844	211
-0.071392363769731	0.629815857228224	211
-0.122993273429203	0.773734981780021	211
-0.017439288937385	0.549261810256284	211
0.109752279108948	0.222700875021459	211
-0.073235332735783	1.98540335600544	257
-0.038194418321338	1.65900276686312	257
-0.118477171124404	0.673212632022547	69
0.087363260626905	0.30490725842571	69
-0.085009611258796	0.847168408437084	69
0.104989232600288	0.171325478697393	69
0.00282051551649101	0.322088416738025	69
0.117584401287181	0.148614129745297	18
-0.124553524118202	0.633204844324435	243
-0.070839833596681	0.170236159956428	243
0.03320513725886	0.0829092227871215	243
-0.027402451726755	0.14985869844642	243
-0.121052784892189	0.176841796862626	187
-0.00152955701465901	0.561630037409885	211
0.039869100309506	0.385370118987525	211
0.0718153845741	0.144799900703737	211
0.054492232960048	0.35266205081089	211
0.100278370352437	0.25963464066064	211
0.044927986403788	0.386626576210564	69
0.071578988265234	0.187327348125412	69
0.045564148985949	0.0748742019027009	18
0.064755148009077	0.068567004311544	18
0.00462542169615601	0.167313129233145	243
0.108565095338877	0.0615370852339075	243
0.079120100575289	0.0721255261865853	211
-0.073828994421362	0.166876408915689	187
-0.094714298659462	0.25837118758476	187
-0.00575796888601698	0.240438871417899	478
0.111909298459022	0.107370437441198	211
-0.110788280034609	0.549951631114764	211
-0.027560577408864	0.461340093452821	211
-0.066466564274584	0.519123151193626	211
0.024090637617853	0.403159112451253	211
0.104910644160036	0.243886429072996	211
0.117242533232315	0.206448579569303	211
0.093234137161233	0.259672491480844	211
0.115613166625143	0.174454867363922	211
0.109001677759018	0.188982733415191	211
0.025323898503585	0.330320803107177	211
0.054035685407714	0.302864627623035	211
-0.026764692135489	0.453040023585089	211
0.080894613891629	1.32865218420896	257
-0.046883987849049	0.594209559688727	69
0.109069536669226	0.208798502078899	69
0.121310656236586	0.10034086547921	69
-0.005715649599497	0.291703480955531	69
0.116255038968408	0.130595968990581	69
0.036960386877462	0.295063552509648	69
0.00410912289438201	0.142507483462325	18
0.043894583447599	0.125955199738854	243
-0.031336470980005	0.191794694929573	18
0.106015839880455	0.0923015394223671	252
-0.119891528326608	0.230324804133699	211
-0.116796336798684	0.234139250962127	979
-0.033599651230302	0.156528914083183	187
-0.080516724481183	0.346350912674443	211
-0.042434798453781	0.340839803325087	211
0.085831968323244	0.152850910898401	211
0.124411711391679	0.155288599784074	211
0.114213319186009	0.182122366204791	211
0.11310573535734	0.212948858231444	211
0.073466733983515	0.309970039136474	211
0.050120622431166	0.388983078655686	211
-0.092497801256853	0.693042494963998	211
0.090270649955343	0.249236082279306	211
0.06856128817858	0.234437414809806	211
-0.111674384895552	0.359241125113463	211
0.045193187465971	0.233909658597405	211
-0.073443739556695	0.634191601237891	211
0.100840375977577	0.211906501166702	211
0.118326087404367	0.186930958656413	211
0.109078807918799	0.226613541358736	69
-0.108515215183647	0.765507233233306	69
0.072388962359894	0.172689179520784	1044
0.099623783775841	0.154985824360951	69
-0.124592608073754	0.691393744580134	69
0.093688474427131	0.165005806000526	18
-0.062884724266515	0.436552568851117	69
0.085688706447629	0.225157080315677	69
0.048776743583477	0.137080884892879	18
0.018307563713913	0.209782097961955	211
0.012369427665985	0.250631986621154	211
0.078503442912564	0.1462923128013	211
-0.088155812683018	0.585286785188357	211
0.063028924720575	0.31640046509321	211
0.057812308195873	0.332642926104412	211
0.021529025093061	0.389711319891238	211
0.04304919069505	1.87005083052862	257
-0.026752051745078	0.648858337066565	69
0.044359316828964	0.41086833648522	69
0.065012545820394	0.350515936988023	69
-0.095395057818177	0.397459569752885	69
0.09300694274724	0.101771073892406	69
-0.101117218366207	0.270563625701684	69
-0.080407156847107	0.219994951053776	69
0.029346918585427	0.316880659342128	69
0.037543487257203	0.127662490050232	187
-0.055661248382784	0.266765088128524	211
-0.1107247787199	0.327502458021432	211
0.025739882960421	0.224041530987735	211
-0.073422700966969	0.265087955545346	211
0.066075942605747	0.231012386837296	211
0.057022730171189	0.266210391045021	211
0.078964213949944	0.262786929252361	211
-0.10966856366482	0.451125344243371	211
0.058450312639987	0.20280287345737	211
-0.111126478166338	0.323535954503243	211
-0.107517897436737	0.456726768116758	211
0.028604470191782	0.25364637399052	211
-0.041948834890392	0.406737309476078	211
-0.055509801917466	0.46594611846823	211
0.092534544350028	0.923797244279728	257
-0.028674035623986	0.444478633746102	69
0.087565494415754	0.151952116707349	69
0.105590090168003	0.201850187119862	69
-0.081126878626216	0.427751258230577	69
0.083984130454885	0.0687372482258351	69
0.056913273666229	0.175681146568851	69
-0.01913912901868	0.295285893286071	69
-0.019269390106709	0.0875259085952767	388
0.091049184739028	0.0630551496910755	388
0.082659758868893	0.0707569548134069	388
-0.026195064248559	0.224708645068869	211
-0.049587888087544	0.300773710952837	211
0.034624219146432	0.229255145063693	211
-0.047948077420521	0.297145460755199	211
-0.078214669684216	0.477347937579051	211
0.019490508634203	0.25329853955352	211
-0.000438748807836009	0.343862454306079	211
-0.012916986490911	0.433851361670848	211
-0.074234935713043	0.758730440922677	211
0.090665044548624	0.253915643293546	211
-0.090876619035978	0.734864685339073	211
0.075026979495052	0.26070087211291	211
0.101800585481789	0.0975952706833413	211
0.010374326779274	0.235290179783558	211
0.030823918447999	0.128292560148553	211
0.093902505949782	0.130341880889822	211
0.033968158337663	0.427330641575872	211
0.119546561987335	0.228893571820131	211
-0.026361528066743	0.575995514511621	211
0.085620781199122	1.2245455445293	257
0.014688080780878	1.62110073749117	257
-0.078871887847631	0.330686896854296	69
-0.116818414235145	0.233797976367981	69
0.101122185125286	0.0979962793749801	69
-0.089175584509013	0.526939993483556	69
-0.057676583546344	0.402002092112927	388
-0.031431078972258	0.188806947498267	388
0.084786329342025	0.0693987567961534	388
-0.121769211706607	0.169387785893864	243
0.062626344589974	0.134144080526535	243
-0.021203694209584	0.147731599549377	243
-0.048288597159507	0.326182078348904	211
-0.086914024287196	0.364696201481427	211
0.079667211911651	0.254046818637593	211
-0.00504683460336902	0.394646695586486	211
0.062178034365717	0.251235587174882	211
-0.10885574167772	0.716669214971	211
0.085611392747967	0.213640835035735	211
0.067539481690235	0.211121093076699	211
-0.106160460844801	0.328431668680571	211
0.000142434291261012	0.30807402628459	211
0.063796442451957	0.267863567340736	211
0.081290145226312	0.385206699264319	69
0.089826042333533	0.233310554148522	69
0.00623502919841301	0.168322425922945	69
0.124484065067108	0.0804597333293519	69
-0.084268852885776	0.403105764567833	69
-0.104570224672319	0.479381007557623	388
0.040754828501332	0.128960672030704	388
0.074652407572949	0.0703614261796341	243
-0.064428466337018	0.147505834630225	281
0.02922778023878	0.361117616952804	211
-0.069888911214615	0.671825505068247	211
-0.067119243919749	0.45704723713474	211
-0.00620033866625003	0.261577687409535	211
-0.028858962577615	0.423401236493291	211
0.010797801843966	0.331123166851631	211
0.038643683443629	0.130455693497264	211
-0.020555042300565	0.535493973644372	69
0.083644838446781	0.338914124386364	69
0.111386253443715	0.26002904272835	69
-0.124885621741635	0.475859262653759	69
-0.037589112188867	0.292119306489912	69
-0.069647222294328	0.466817486253209	69
-0.089568850384953	0.546424684548247	69
0.094841110854404	0.215085330952255	1527
0.104498631317638	0.0650611010235268	69
0.030747710427161	0.223250974132494	69
0.085833283667668	0.206581144216497	69
-0.033780399718672	0.0951371095014085	243
0.113210433986591	0.0633145308035035	243
0.04183746601596	0.0799651577582158	243
-0.068661819417227	0.166560725047443	243
0.054282602858123	0.13535608505413	281
0.118734899361711	0.127472676164545	272
0.034656678460682	0.172497542767711	272
-0.035641719884306	0.353613298804952	272
0.01448308546346	0.332867767279984	211
0.030322823643125	0.324587764090276	211
-0.055229201923491	0.559940325376667	211
-0.075521560213384	0.554344452186167	211
0.043637546276528	0.354381586657414	211
0.019427162017562	0.322295286180396	211
0.057015158852701	0.139005507361468	438
0.116917381976411	0.173511138014305	69
0.025527912507679	0.51002337770739	69
0.028157103848923	0.495746719685922	69
0.108015266006805	0.165171080306931	69
0.048102901931699	0.113397311559037	69
0.05725932032373	0.170613296691492	69
-0.033467670308668	0.470229767537261	69
-0.025134427344203	0.0939362147439577	69
-0.05683857100346	0.272038443426008	69
-0.040248972157371	0.500326513702725	69
-0.032340902083094	0.0939788611648715	243
0.006988175746758	0.165769492715766	243
0.044221681905959	0.144212633209646	281
-0.026023887917282	0.14523464523935	729
0.019771759529173	0.261016363624024	272
0.015030889656117	0.230829528070595	211
-0.036031585861926	0.378389843787877	211
-0.073023574307071	0.643024869618087	211
0.105395762008948	0.223926206073663	211
0.031979485509735	0.155672132340529	438
0.037468865928365	0.373970440002824	211
-0.00295051641979399	0.475399663066052	211
0.092149026545323	1.28185263460497	257
0.084933127179669	0.303729357698733	69
0.093811141024202	0.346902352418528	69
-0.077304243015331	0.841202360344932	69
-0.025194674534009	0.640979852926245	69
0.00722869931871001	0.298716994761481	69
0.109167584851697	0.0639854994643591	69
0.123433141653027	0.0568209896842942	166
0.080482684176239	0.068629849883156	243
-0.083907321820986	0.165126759030378	243
0.067629320009493	0.131252848150783	679
0.075480453536951	0.0704722852835184	8
0.102180285814548	0.154425398362841	771
0.03480844904652	0.297562071481067	211
0.042358390607832	0.355418236175496	211
-0.015802317491593	0.391558885851523	211
-0.068452438597365	0.303274609740536	211
0.067113793760616	0.292051653255806	211
-0.11751469274922	1.32774202387093	69
0.02586303908786	0.530800387289546	69
0.07676180827157	0.26266918309628	69
-0.113045163359729	0.56635597569762	69
0.038596434292816	0.275928543770891	69
0.031639968765863	0.32593208130643	69
-0.030804866489056	0.306667962009661	388
-0.025823540117435	0.42607513425186	388
0.056015704890186	0.268447916649117	388
0.030635064630601	0.316928288073504	388
0.040739635798211	0.124564930463235	388
0.021275171363602	0.182093950026735	388
-0.11969838676776	0.41277053087747	679
-0.026618928589463	0.262251456775509	679
-0.058878703615094	0.290367642209542	679
-0.071836579442731	0.27776130634661	8
0.111798569790126	0.0617236560972893	8
-0.092377454986476	0.409330996510767	771
-0.043219672173973	0.400700695217596	771
0.071928066622859	0.239868236108574	211
0.074397295687076	0.259757651970966	2137
0.077465037316811	0.336443962166909	211
-0.014109182473413	0.40581725006862	211
0.002154631359817	0.261766579219323	211
0.019543414041014	0.268414050315192	211
0.107725305183968	0.136560794909394	211
-0.018625847599382	0.281317169285862	211
-0.025906339575261	0.426217435110296	211
0.108817192687568	0.156228566340432	211
0.103276607470295	0.240064125729454	211
0.040646903030441	1.43316577087511	257
-0.065794026038407	0.897311187541384	69
0.101962513228215	0.354735232572505	69
0.055162023513544	0.195857668418274	69
0.123523078603007	0.146568924662013	69
0.063064771738666	0.272969044340297	69
0.06605101747881	0.241110218895652	69
0.03320513725886	0.0829092227871215	69
-0.070766173793186	0.350288428545081	388
-0.11831923923689	0.473611999946076	388
-0.082381771755016	0.508012917469714	388
-0.029084403654029	0.0928979186171427	388
-0.021366559546084	0.0884219854324728	243
-0.040275935969601	0.0952910147511825	679
-0.103987720255867	0.259949389310525	679
0.091762699482532	0.159136806488279	771
0.093287849747026	0.155086404134839	211
-0.091878523977356	0.667472338169186	211
-0.034297477047683	0.707359859868119	2137
-0.04906647999998	0.790665195108002	2137
0.116663984908894	0.227055811671388	211
-0.024189729899815	0.281578660886627	211
0.102334211681101	0.266636195542791	211
0.117377025969283	0.20270572559171	211
-0.022053848266493	0.208822525594024	438
-0.00801742955023099	0.500857138911671	211
-0.063561432027074	0.737848365529808	211
-0.108185733945829	0.532657362914931	211
0.07826672506256	0.129685212389654	69
-0.031697703762792	0.513426108690447	388
0.013926181034978	0.137268411510888	388
-0.00527632577334702	0.225400991816979	8
0.03476177440217	0.128290971805489	8
0.088610394991944	0.161983922627564	771
-0.047277587510196	0.323209703601415	386
-0.044048947950813	0.540000040746998	211
0.00522027157479699	0.435688879563251	211
0.081367122169361	0.256646795065106	211
0.00552165579229	0.438821447401863	211
-0.039100711599203	0.330456738207878	211
0.089532322639731	0.0675055661228565	225
-0.004586657070558	0.434196807764364	388
0.077340332814824	0.0706609177885641	171
0.084937161858239	0.0685591504798444	171
0.00506296953249599	0.374132212382575	211
0.088193488629055	0.378034665687631	211
0.016284921235019	0.561565005840264	211
0.090780660891294	0.30892949572814	211
0.040798142014724	0.445182806887662	211
0.065540513785933	0.338481317522028	211
-0.067698485436209	1.91426308586866	69
0.123295455995571	0.0572459096088476	171
0.032284662260965	0.130031408440378	171
0.078306839505945	0.0691962825612738	243
0.115086394625248	0.16533056871301	211
-0.077868215454385	0.553857926769627	211
0.024962607985378	0.405051121260366	211
0.087955949916602	0.361299531857893	211
0.07467892200721	0.390338146375978	211
0.023347531052943	0.462566531241803	211
0.113973213085449	0.242311362082247	211
0.123793268661487	0.109228561381072	211
-0.048524919975881	0.700087939970426	211
0.00753000216824801	1.75914496449989	69
0.010826730982515	0.165640722544836	171
-0.096374358701277	0.261001705972498	171
0.075659743731461	0.368397415216639	171
0.105475243276263	0.263260843502153	171
0.102439152760459	0.184021906214359	243
-0.119966496920959	0.237281691245704	8
0.013850141018601	0.136071163574347	8
0.038647328588361	0.41197968796694	211
0.048929657974345	0.286793651064054	211
0.057179461339502	0.357892240215185	211
0.048870891328896	0.414161553167946	211
-0.018117637987324	0.548725639165039	211
0.121321008330741	0.109887725803436	438
0.112402836177043	0.281832244233511	438
0.094572762117439	0.313427041653447	438
-0.056944773850538	0.686625194329609	211
0.105152368033291	0.236337160007196	211
0.101591690071338	0.295159397945949	211
0.101291959384245	1.02245909088261	69
-0.00402552648099502	1.79344857954181	69
0.050512732236239	0.348534685773458	171
0.019365450667429	0.203299467362882	171
0.08583076598221	0.165229637038954	69
0.00144856553505401	0.190788754980723	243
-0.040276490773818	0.273324992121335	8
-0.039259543428292	0.276436424417228	8
0.121916417523746	0.133473358566845	211
0.076026055114341	0.190679228653931	211
-0.069021508159249	0.628729600192266	211
-0.02066791571447	0.411424479480744	211
0.113718344018183	0.212830705964491	438
0.119755335339246	0.142545366024466	438
-0.012429516683467	0.440021475392232	438
-0.00809297259437802	0.428486931084478	438
-0.051600946684114	0.508011996806174	438
-0.00401554006583499	0.416645135099107	211
-0.010827679566345	0.307330185553175	211
0.099901509318926	0.880999661812963	69
-0.0825928768745	1.623970532632	69
-0.059861550583935	1.27366246309937	69
0.082543718158445	0.267347298819936	171
0.11022703293005	0.141232263094843	69
-0.00791685036165801	0.28451584806734	8
0.009809461169699	0.268522312203722	8
-0.099959010945202	0.564387513116356	69
-0.102537066271692	0.492453110857185	211
0.083467444348677	0.248542330807434	211
0.103314484348933	0.268983784292698	211
-0.046367477265637	0.486324867891522	211
0.025174249497652	0.423431434110809	211
0.042680766756839	0.225070781107481	438
-0.076131858682092	0.546524801542631	211
0.023028866033884	1.28597891782004	69
-0.107413476542383	0.320988121701657	171
0.034441392148352	0.266808480464553	69
-0.057532998507933	0.531511222557719	211
0.114154237372087	0.22668357440417	69
0.036516352223603	0.40878684659259	211
0.0000214075880619891	0.365320115025282	211
-0.00644638712425599	0.588436484654838	211
-0.010207130384937	0.571760920704992	211
0.046094159521712	0.360579688912841	438
0.06550901141318	0.275635084368409	438
0.00686770810242801	0.384829684133511	211
-0.041965574208667	0.576256868701965	211
-0.078607331542726	0.2833529070783	8
-0.081677496068959	0.220106212462764	8
0.094491084819892	0.167127183900626	69
-0.118743207491501	0.408136475222066	69
0.078368452564704	0.288026654099633	69
0.022708335658351	0.385813789394049	69
-0.00357197151655198	0.485288286171662	211
-0.00461962876507499	0.435234349197405	211
-0.009562075583045	0.479885364258243	211
0.119820341741774	0.226051013685126	211
-0.115274173528435	0.665542946507268	211
-0.056595840635842	0.443048883113484	438
0.037430005085286	0.423831540345633	211
0.049487579165753	0.401743322430383	211
-0.089712744384256	0.790800237123314	211
0.027037438398656	0.46089910719211	211
0.081428603631499	1.38780757377935	69
-0.073946119124812	0.219132161758998	171
-0.027892665606188	0.218419740076476	171
0.11787027181932	0.0870631059253942	171
0.07415058077209	0.112529795628548	69
-0.029235471515856	0.190391268843552	69
0.110366423603718	0.112783060457938	69
0.013784529792519	0.436315766357492	69
-0.101472491114438	0.824229686654018	211
0.037330465906043	0.380783961716965	211
-0.050936279140891	0.592202714438004	211
-0.012775639945438	0.368272760789828	211
0.074686826305781	0.361966527248258	211
-0.00315472267238098	0.603484009539787	211
0.055368295838351	0.438340284409188	211
0.047951750442571	0.389962051214037	211
-0.117804414506557	0.339824220911604	69
-0.124849573268877	1.42143589810542	171
-0.078285541186449	0.170069469422116	69
-0.078392587381101	0.166907275361893	69
0.030313570333176	0.131062382491405	69
0.114791889845022	0.0896276088735673	69
0.122774108901027	0.166765422804677	69
0.042426648252179	0.402026436532041	69
0.027481956063336	0.504916073420678	211
-0.021140570177432	0.609197672986054	211
-0.016930985631856	0.625926669212137	211
-0.019730999413128	0.734606497197193	211
-0.052963462363186	0.352175631556938	211
0.061907267631559	0.455700365342822	211
0.060122836439886	0.426233736830511	211
0.017916757738601	0.518993566020909	211
0.067005480644881	0.38829739664327	211
0.110631705207737	0.328870363183783	211
-0.086127306789161	0.789505928060006	211
-0.00343488042856599	1.1035291403094	69
0.032504722243124	0.55743805760879	69
0.075627001000879	0.385966698429293	69
0.066208768792932	0.375587283287025	69
-0.052359005662938	0.989400092488262	69
0.047883889318157	0.31379792465538	171
-0.098047959795116	0.493079863924566	69
-0.1018743629894	0.601099388088915	69
-0.00875489931856699	0.419469004201044	69
-0.094373224749848	0.507307575438615	69
0.065049968894845	0.285132433009716	69
-0.10626135991426	0.642763398524226	69
-0.028948964437022	0.499580747031205	69
-0.090543089377049	0.610849756316198	69
-0.068991826480828	0.48749332395607	69
0.053019040551973	0.308936048278018	69
0.091430432074714	0.230740396745022	69
-0.063404485366693	0.395733098296943	211
0.095568130768542	0.147202965070275	211
0.108238241127623	0.153828262875866	211
-0.000256315932258999	0.328992496417343	211
0.055258335368055	0.226272489185674	211
-0.111410124576397	0.844194358914337	211
-0.00564421533848603	0.555029889507719	211
-0.098384647415701	0.594818588396989	211
0.00230592351087	1.06311878049198	69
-0.066813912561719	1.05942188739312	69
0.023132076921755	0.86032048702797	69
0.081761808193999	0.482786905037154	69
0.036550177834506	0.704816166475487	69
0.012775657083112	0.642273089952948	69
0.049760514305852	0.422971119101862	171
-0.078196274756154	0.721307055550667	171
0.033199364206784	0.471410311042517	69
-0.081521987172583	0.760890906359528	69
0.113197883354104	0.244214294192877	69
0.023824192650437	0.41879939904283	69
0.060943112593309	0.270154446670071	69
0.111459247897021	0.202823471589694	69
-0.106791209821288	0.884327239455215	69
-0.082489196077858	0.694357166297958	69
0.073914456434661	0.209737554461251	69
0.00394974614756499	0.269849552401384	69
0.100240874650991	0.155066729129136	69
-0.00180110667819899	0.413803877902811	69
-0.011381012738988	0.761710787533472	211
-0.024561759342554	0.576201764689848	211
-0.012554314083866	0.269043073766431	211
0.030960031347414	0.276937490230841	211
-0.005070282800621	1.47949354154673	69
0.028369813285138	0.937417096447403	69
0.066156340806088	0.599561661255039	69
0.00336291796057001	0.831258987926707	69
0.022774544207649	0.719063745181642	69
-0.050446894422151	0.844401346342856	69
0.025444472511464	0.479309930583498	171
-0.107308176356682	0.949047460750825	171
-0.033012817039922	0.607150239392051	69
-0.098216982190177	0.81649235632273	69
-0.105350564251166	0.882932762829346	69
0.014320394530722	0.473442213501222	69
0.000193822321235992	0.441720357336074	69
-0.064727762428225	0.512754881914187	69
-0.072975507760897	0.366826035528714	69
0.101861793513168	0.199115001766293	69
0.080138810497147	0.246951948760021	69
0.023911413128353	0.441743033973645	69
0.086109950123607	0.20890767407542	69
-0.028194447707087	0.445479849455344	69
-0.078827438752779	0.535128725565548	69
0.046039372711949	0.123541170065286	2286
-0.093106285043976	0.266241088261471	2286
0.111417208914999	0.126552967403027	2286
0.11526436720485	0.115876759988918	211
-0.055905734167717	0.90663220373733	69
0.085018149463332	0.463898327221053	69
-0.013349311087793	0.946339851225491	69
-0.02255727574173	0.888942341061969	69
0.046972031253014	0.616402296925928	69
0.033472944033038	0.628436010210415	69
0.012712293690056	0.393579883761867	69
0.088056525733915	0.310507291644915	171
0.030303784946377	0.432953676013771	171
-0.024887868939191	0.568655727112942	171
0.082614607084837	0.281470350092855	171
-0.050178790122448	0.650982202354221	69
0.076811421833847	0.253903209677651	69
0.033759230519601	0.333794922885944	69
0.021920283993109	0.410447819162295	69
-0.036912705178787	0.516737085771689	69
-0.080342578318044	0.530052706888357	69
0.071169647324367	0.284585731999282	69
-0.00167443147004098	0.298355555322186	69
0.118887804458902	0.153212584475166	69
0.024721561096606	0.357100007191131	69
-0.002446471796963	0.377126815960471	69
0.050568336630391	0.147508974352265	1374
0.071049131325278	0.350097046724991	211
0.088094174793758	0.333197889164288	211
-0.054733998057505	0.676184186451013	211
0.049079018442469	0.437213549526745	211
0.076920244231627	0.130896007097999	211
-0.061692836828665	0.467470356825067	211
0.087835868975258	0.246808610599101	211
0.115744246852767	0.808721799060234	69
0.013478882911805	0.887905179333097	69
0.085909401419791	0.387712873345332	69
0.119862144717404	0.209447429762739	171
0.065093527056429	0.362096545376228	171
-0.020113490448622	0.62356149782005	69
-0.027539862896663	0.597852023421225	69
0.115891633445285	0.169855660365915	69
0.078420005372724	0.281530972683678	69
-0.045075833594024	0.613114434802907	69
-0.113946149788804	0.439107245183749	69
0.117188198235404	0.116749650841012	69
0.043741858846338	0.185437362560467	69
-0.019502978635338	0.40802974531349	69
-0.058461323508213	0.375424716050727	69
0.050810760966907	0.484716692393679	211
-0.046862935749671	0.691849700682552	211
-0.097151962922443	0.88291073363341	211
0.039700925830462	0.128033715341158	211
0.085989981822779	1.07741860435742	69
-0.014449855644494	1.57603599920963	69
0.036635136768396	0.312860883977598	69
0.016948065739821	0.513658970292878	69
0.063890708746988	0.335462401548493	69
-0.019444415313489	0.510721664848017	69
0.024335592314953	0.444543210309886	69
-0.062566428526642	0.321856018782089	69
0.085527815074742	0.19905948132979	69
0.111380697488751	0.177096944486464	69
0.11185795051595	0.232136134926769	69
0.076538776134022	0.324080297947575	69
-0.018743439923811	0.628100918545955	69
-0.013049156452566	0.477738815919598	69
0.097032787157736	0.167762809965045	69
0.036555042451816	0.131927457434603	1374
-0.040935612794507	0.641478919718175	211
-0.101397262920516	0.449714899519746	599
0.072493202182489	0.0699307075729403	211
-0.025332094676359	0.317306829395268	211
0.123098598403547	0.80678409988231	69
0.015702289596464	0.654524291523137	69
0.102727897222212	0.293221609376605	69
-0.046627627729669	0.612107715665353	171
0.030906908909792	0.401019202472778	69
0.039688896012905	0.36267271548591	69
0.017122751975374	0.371792974570169	69
0.072159288426656	0.31647534416633	69
-0.013353633488209	0.462142684954183	69
-0.052868748721592	0.515549831975348	69
-0.026435544471985	0.420021934412495	69
-0.068339211476502	0.548985921063594	69
0.09603442439429	0.232421864252321	69
0.023548119819321	0.37836470967639	69
-0.060118690419404	0.798270045408423	211
0.038368010453893	0.405605018828923	211
-0.00801937431838401	0.352895244776787	599
0.100769188981078	0.252103683026605	211
-0.065583583169524	0.36822676264676	211
0.090953162089075	0.571253514375853	69
0.076623435758245	0.431358116800812	69
0.117330873931944	0.306455681398978	69
-0.092690241785354	1.32040481308344	69
0.019083316088578	0.647033858118221	69
-0.056670938170851	0.807329189530466	69
-0.07453655837634	0.688375677782336	69
0.108597955295546	0.203991477909407	171
0.097525479779373	0.214458133936325	69
-0.012898192138636	0.451311457841159	69
0.02449678443328	0.34729437269054	69
-0.055405971578033	0.698907029690522	69
-0.122520533334163	0.826365886222977	69
-0.105379801461313	0.636408775862364	69
0.020996877138993	0.396675326531196	69
0.03323152152823	0.333902243991706	69
-0.049566843727112	0.598928908774415	69
0.045638865496817	0.347132073576453	69
-0.084388153008349	0.570568116087585	69
0.110967789144176	0.2094583811878	69
0.006052096580762	0.353479286187285	69
0.030377039775455	0.400784689638164	69
0.062662999563168	0.282385594567098	69
0.099473742297056	0.233170449187672	69
-0.054449983057504	0.458324501340896	69
-0.07957843133623	0.561170931086157	69
0.009079066567864	0.544648140017867	211
-0.034290386004211	0.636004080043376	211
0.048796079327989	0.376461623477307	211
-0.076147312682997	0.694104652839849	211
-0.034534085046549	0.347186949857557	211
-0.052508071268599	0.424660464083145	211
0.037893330444277	1.08421330280639	69
-0.037469838063228	0.697172177734844	69
0.074796536292522	0.345406326295975	69
0.121982582547987	0.203529177296406	69
-0.109808049367143	0.737175321575261	69
-0.10976969153334	0.690562542057199	69
-0.085906620007307	0.553513931996471	69
0.037409917808472	0.312872900599261	69
0.029719245455607	0.356722716041556	69
0.066023190979394	0.287068308749038	69
-0.02191529143669	0.471433662204052	69
-0.061942747866091	0.480313424421781	69
0.062519380494019	0.263350898829736	69
0.065771781658578	0.252561349092284	69
-0.10650272225776	0.488575892778987	69
0.037081597463969	0.286118231192545	69
-0.071866512706696	0.400960453429012	1143
-0.044942154158055	0.672219092415742	211
0.004598198316347	0.535443543146762	211
0.041511307852831	0.421248648357249	211
0.042313646913311	0.501746088802372	211
-0.0678814730281	0.63461403362843	211
0.098252262593728	0.13485849340996	599
-0.00507449284108802	0.453944867279382	599
0.012026906518596	0.363859255206697	69
-0.080218270928933	0.487977169107341	171
0.029500801909807	0.314985310563925	69
-0.053413320055006	0.355922951312324	69
0.107978196567985	0.300856904108269	69
0.124422810982306	0.184807988339591	69
-0.110638787096179	0.734946402235767	69
-0.059680617389759	0.340346671626325	69
-0.048939294524074	0.479365650599314	69
0.106270898223856	0.246324523295009	69
-0.037812851078682	0.529081558541698	69
-0.103814375518457	0.585684050410967	69
-0.035373851213037	0.38756248906191	69
-0.106964070523452	0.697469317932224	69
0.105015300058424	0.244951746675001	69
0.057673700632399	0.366187169912604	69
0.080888757696614	0.303321785408594	211
0.021350896064807	0.371021723376688	211
0.118444098738712	0.217784096541766	211
-0.035276578757735	0.532436826062148	211
0.074172487925828	0.269733843327677	599
-0.00603854597395298	2.49777279991032	69
-0.000446439386353026	2.01313173271053	69
-0.00886684831754098	0.423174134875598	69
0.057897573881858	0.215556347136627	69
0.063950501481867	0.213729455219299	69
0.117439729422749	0.128771804467888	69
0.118117721812948	0.186033073742819	69
0.068491506381713	0.210217412341443	69
-0.083292117958376	0.82051512328612	69
0.121194942302158	0.126651972733839	69
-0.023826286635792	0.589838247986894	69
0.090621313391787	0.213373349662447	69
-0.017673027404295	0.465742241269639	69
0.118958182544234	0.207341986280298	69
0.007617698524432	0.374556456158609	69
0.122809289053909	0.146620527670611	69
0.054279453333244	0.237999833624341	69
-0.09965012975666	0.80217735906158	69
-0.035266606886531	0.459728227668212	69
0.089268620540315	0.254411823974059	69
-0.112963386029943	0.601648878382593	69
-0.068707275819392	0.74096430604585	211
0.103628891799938	0.228724677471034	782
0.101880200721835	0.459479796696826	69
0.095708853553068	0.262021501047451	69
-0.09288959355482	0.337626132158225	171
0.022547721307129	0.205218698329203	69
-0.048689491676992	0.286152330934988	69
0.065301024149235	0.321434377945368	69
0.0797900648117	0.216908426968782	69
-0.032471452536601	0.567787700639884	69
-0.038679882934047	0.372469800122627	69
0.00927012381060399	0.44373945246353	69
0.052905705695695	0.385054165036277	69
0.062418664639944	0.330903707141485	69
0.048579805983412	0.278060826810432	69
-0.024591247867022	0.543880916013257	211
0.07201637331288	0.313035293011754	211
0.040300660220086	0.266182419582682	211
-0.041678714374322	0.559207743309884	211
-0.065388292477257	0.91145027563686	211
0.042951568240835	0.456420512659111	599
0.034007808649861	0.470955939992181	599
0.026625216532287	0.807098580411262	69
0.068407276178713	0.570011829293197	69
0.094074871081948	0.570418892177713	69
-0.00243226280652997	0.201472934969	69
-0.00805223925492998	0.216649623386227	69
0.00557253438321601	0.588175061029423	69
-0.024149745802125	0.150204135209516	69
0.116872672237555	0.292067232451921	69
0.019041549993247	0.512686715535124	69
-0.039666709045806	0.608973933383831	69
0.065618694999007	0.432969671419182	69
0.023622129251001	0.584979515507546	69
0.061556744907177	0.407962404432651	69
-0.064147725154548	0.611523453003871	69
0.099415388622252	0.267041295638353	69
0.020341570399946	0.56730864662426	211
0.046634283300463	0.463865523459562	211
0.09376375364961	0.364456354211784	211
0.033521187723756	0.391886438901859	211
-0.079901372402996	0.344594997748383	211
0.0000468825505529902	0.717926776571258	211
0.109776140895686	0.357101289583294	599
0.053832727130712	0.4095046682206	599
0.084796679221262	0.737037702275195	69
-0.082683816070126	1.38862946623433	69
0.022185077547884	0.805935159099546	69
-0.025619528641803	1.00666367537136	69
-0.079431733828981	0.516953993318931	69
0.06769861501064	0.22339398062814	69
0.091377598395203	0.173408675044134	69
-0.115332666220627	1.00443125925395	69
-0.10005372723777	0.404487739119173	69
-0.045562204702335	0.467180923170794	69
-0.082402597321679	0.62906219695182	69
0.02923807400973	0.379129529529318	69
-0.063139952263563	0.595188337829196	69
-0.018290741004921	0.330546551941108	935
0.044037877231418	0.389556540479566	69
-0.098491813165793	0.768200112068798	69
0.074363356896482	0.246321260138444	69
0.035908977125348	0.471074590075288	211
0.110278582572594	0.202138327202949	211
0.123994123547566	0.235088393791288	211
-0.12210093644947	1.07329645208181	211
0.121047365852262	0.201033532075645	599
-0.110153121428744	1.00236114843978	814
0.103501855441845	0.645388352619724	69
0.001568283606661	1.30740604499021	391
0.046136253515816	0.897165960094248	391
0.065903981652968	0.714593680151197	391
-0.00519091251727599	1.11701692305647	391
-0.110693762314862	1.83021651815208	391
0.046183515217708	0.634622521495422	69
0.026670341263717	0.624655130981966	69
-0.019979017953247	0.743999761359426	69
0.114567467783906	0.246040002601923	69
0.078100058120753	0.292811092701132	69
0.075310009127747	0.309289005101348	69
0.080458297564774	0.261722465726607	69
-0.010498816895041	0.510787994053954	69
-0.085876108928007	0.637516767249651	69
-0.113709277652572	0.798458146413058	69
0.04725162447532	0.386797679610396	69
-0.066182669156439	0.53440827958488	69
0.013295512977834	0.394956648880197	69
-0.082745064153293	0.70025301929468	69
0.094560513753709	0.245830514639818	69
-0.049172679013781	0.546620095919164	69
0.028746646358727	0.192986595218296	69
0.019998586039891	0.23894557858684	211
0.081831507773744	0.319543975051554	211
0.117584794623528	0.225607289122889	211
-0.115290768770434	1.00554679038065	211
-0.027598675167027	0.447469052920679	599
0.09213719218816	0.818364564480525	69
0.11588580026167	0.57436530976723	69
-0.057881994101231	1.6403193174676	391
0.035735318521017	0.908659004903379	69
0.118182379089472	0.300965985585952	69
0.105427064239752	0.204242008387902	69
0.106342429745979	0.305816466197031	69
0.093556591035985	0.326916360744282	69
0.095763050936247	0.280840075061751	69
-0.118038941141662	0.934990816744235	69
-0.096000851503517	0.53387467692443	307
-0.117132106118033	0.709510512441591	69
0.060412004459368	0.310746241293714	69
-0.057482920009528	0.698002120335195	69
0.067360720283024	0.328274683657694	69
-0.076829600153391	0.748190817196989	69
-0.082946629666631	0.461566037432367	69
0.092206511888952	0.235370919587793	69
0.091728609591359	0.14792988653945	69
0.00634947362803401	0.256495998340718	69
0.035900377646455	0.152493256089997	1143
-0.07948489624623	0.168906932484264	211
-0.00192107762185501	0.203930098553075	211
-0.041476209069767	0.602423297739325	211
0.00641526620896399	0.595836642096554	211
0.075471721044663	0.31111523457275	211
-0.108198034212933	0.222631280340846	599
-0.047105141394673	0.379961786334104	814
0.100561594199483	0.83520494134571	69
0.090790690889456	0.747538044361212	69
0.105031642417796	0.669407059189245	69
0.097815828333145	0.685528622018476	69
-0.00648709752742399	1.36212394058378	69
0.014971385328814	1.09291394289571	69
0.116562937603438	0.392246066249521	69
-0.09304099590744	1.11217456303902	69
-0.092167549664339	0.659195392763881	69
0.053156506654216	0.521662268460033	69
0.03465863805858	0.526475826623696	307
0.072112197379904	0.366924331319393	307
0.022422845533654	0.513033139147809	69
-0.018468764599649	0.443583887373637	69
-0.085803696460235	0.793325544839543	69
0.00543744931892001	0.490458068433368	69
-0.098341006574041	0.761818228224404	69
0.000667700154540013	0.580860724907654	69
0.116920321760019	0.233946514206647	69
0.042135550278468	0.415594703730411	69
0.074989263987251	0.215967024769775	69
0.063531654121072	0.35083369057094	69
0.082805676162567	0.19524188085982	69
0.103165453670977	0.207779012204117	935
0.063911803860275	0.302870430311288	935
0.107135771914015	0.108812339063849	69
-0.077499248478193	0.31352282107583	69
-0.038878461490131	0.445111294451411	69
0.017493042210116	0.430310562332294	211
0.122140771187229	0.123847411659623	599
0.064218805341172	1.10628657120286	69
0.09467856876271	0.822026982676674	69
0.072755876429101	0.869680248115031	69
-0.087227114021604	2.14080891002831	69
0.070927824598249	0.78262930834504	69
-0.011747299763738	1.04892275207735	69
0.013531014904331	0.684549536489363	69
0.031562268263112	0.454715716675861	202
-0.094071041070375	0.985083286796039	202
0.073209477415414	0.418331898624259	307
0.118136575201053	0.115280365576123	69
-0.053764414272719	0.60166806451985	935
0.065668129148661	0.154109105988329	69
-0.101769947711506	0.29857945383383	69
-0.093106285043976	0.266241088261471	69
0.111082510130432	0.0616206003951089	211
-0.051223394594222	0.857454672800893	69
-0.019918089775186	0.645778019553968	211
0.110392560980248	0.232529509177504	211
0.044774487645669	0.203109323408769	211
0.093454006938909	0.160945387258558	599
0.00216643970032901	0.249065301497417	599
0.051514587478712	1.19061047474009	69
0.061208632293341	1.00132239667633	69
0.067502848256588	0.903088685333957	69
0.02046557309015	0.479205070036001	202
-0.043745049583471	0.844623513141591	307
0.026824410594847	0.50842998773565	69
-0.0547088166206	0.395732436770486	69
0.046111855453834	0.380441242107019	69
-0.046942449648644	0.648863847095305	69
0.054923561759335	0.444361692988836	69
-0.055828347677595	0.807526827436008	69
0.118655210690336	0.247299393234057	69
-0.11628366963275	0.613262843848343	69
-0.111144643294737	0.613441463886358	935
0.106493174869044	0.109550625563934	69
0.118793635389537	0.132188655516953	69
0.073572482474243	0.071980634069435	69
-0.052488098894489	0.236134777969414	69
0.035369924482268	0.176678804365572	69
0.072964914317361	0.418694063084128	69
0.090035102810307	0.252107405844337	69
0.053997689787093	0.393777514756504	211
-0.042237075068261	0.638089429325294	211
-0.088806371439444	0.377596079526045	211
-0.113488528363289	0.221855061378307	211
0.079035786950472	0.157245127563606	599
0.092236816654699	1.02991977941093	69
0.119705606075798	0.637277829517298	69
-0.085263639554327	2.13836085693848	69
0.050400108115675	0.495291315323153	69
0.11476710410002	0.327642922110908	307
0.010929799349631	0.57234901380004	307
-0.052110583810056	0.684697246554423	307
0.10090358473401	0.280229760955747	69
0.071459964638152	0.34391687107808	69
0.055702837093892	0.402717884286119	69
-0.033274818867408	0.401615051553773	69
-0.054838118125844	0.594355579194415	69
-0.076955622987492	0.215701334709786	211
0.121092639982011	0.221200261397877	69
-0.110844903574811	1.03631089113268	69
0.058466959946101	0.334726264008673	69
-0.085909190061633	0.790104511297475	211
0.053309273730134	1.21803302083951	69
0.064842719003019	1.03229565059788	69
0.03884368321809	1.17992996588901	69
0.109967727336256	0.498310348046426	69
-0.062979991701258	0.749232017220643	307
-0.104580896279117	0.953288071459982	69
0.009603650448785	0.429571806104233	69
-0.057515231689023	0.552723616332324	69
0.078574694971529	0.302701456093862	69
0.120453127550274	0.234621303369934	69
-0.124631165451436	0.942721893584522	69
-0.105526741303758	0.692122011290299	69
-0.01884060761102	0.64992240637077	69
0.028055959888059	0.461575688862336	69
-0.00913418439859298	0.568431073865335	69
-0.033285957287482	0.381112563018547	69
0.078853345126377	0.144805873171621	69
-0.050955440477425	0.442962081798318	69
0.113394037524182	0.254078824596214	69
-0.06819520518546	0.893272651620036	69
-0.109710314858495	1.03309402641647	211
-0.090892502738311	0.758605833434583	211
0.108278046140294	0.14526553504812	69
0.120204967789179	0.830979444811648	69
0.081440055445975	1.0057302701853	69
-0.056163980261903	2.23067636392052	69
0.094935997982437	0.627022956911686	69
0.056039533207222	0.505192122956563	307
0.091828287534291	0.408067499333385	307
-0.119347922509333	0.678709553860802	69
0.039510598816471	0.424930221401877	69
-0.058262904628893	0.848433693467616	69
0.045005657410487	0.426253123717573	69
0.054480804105207	0.273369989078419	69
-0.039220747937004	0.57883431888421	69
-0.045416008766148	0.467328968455747	69
0.112724316899743	0.144595396943958	69
0.00508550475001901	0.396932108503793	69
-0.106263706222394	0.515737347683843	69
0.094679633481636	0.22277558707334	69
-0.025799002622506	0.185114492038446	69
-0.019060474086368	0.213153647525215	69
0.051361720015646	0.199182563931985	69
0.106603606748605	0.244664919505253	69
-0.038256660879665	0.682276139506303	211
0.10868508735166	0.104247396129714	599
0.080877810243655	0.0704668001769103	69
0.04493289449377	0.966756286250962	69
0.057832654193256	0.455453064446269	307
-0.123562083606729	0.862374485202072	69
0.026359523507376	0.452352185852807	69
0.00299781070952501	0.630698475903188	69
0.026427940591142	0.49204928674892	69
0.038205689704028	0.324177859059462	69
0.071863941488331	0.234952659124168	69
-0.119632005326665	0.733011056663988	69
0.113419892585669	0.22543880803165	69
-0.011428972883195	0.183192888321824	69
0.052802122658463	0.171533352317925	69
-0.121676528562256	0.174934277840009	69
0.009358227532829	0.449100016056665	69
-0.077061349463537	0.739149873968914	211
0.037714456551407	0.517005717191708	307
-0.112219427588379	0.473245811943671	307
-0.061079688556389	0.661765654082642	69
0.051065296079596	0.448541563884114	69
-0.05848653570387	0.75903472781695	69
0.00368310371246	0.569225117800014	69
-0.046310867546545	0.461893650212613	69
-0.037638580194981	0.31098431487194	69
0.050639988667354	0.309229424406489	69
0.080736129280784	0.110659087038711	69
0.032104476006365	0.226748409272717	69
0.047081562798499	0.122198329505568	69
0.024587068837532	0.161326025712171	69
-0.086995796472947	0.749043480924446	69
0.044791008759587	0.493931729293355	69
0.118273418000308	0.261195966323154	69
-0.0277241870654	0.662552433239722	69
0.108477009216457	0.427491113409759	202
0.016925852182338	0.563790948948227	307
-0.061975120648825	0.89322498268607	307
0.00436820326888901	0.504283679119773	69
-0.035235243347974	0.782142230186343	69
-0.00341922664638999	0.412552131685714	69
0.067529615344713	0.202008954768845	69
0.075988423443609	0.260371444566794	69
0.072515159245354	0.19324050880384	69
0.050561829881019	0.163294945590836	69
-0.116718458579066	0.23368314170197	69
-0.035113994060851	0.755011997080559	69
-0.049109850379362	0.61842784045183	69
0.118028054410363	0.0604327829438798	69
-0.08905603125566	0.368937916240597	69
0.021951742824435	0.613644025155981	69
0.091046582928894	0.355882507350521	69
-0.00400063147754798	0.570582612617683	69
0.072742283937497	0.306785612543098	69
0.05851762748951	0.343173628689051	69
0.092910020790683	0.252963201584133	69
0.083973673459867	0.303509515010915	69
0.116222993223722	0.225151553179509	69
0.075849507970167	0.341953278014659	69
-0.05401801898707	0.668898640269989	69
-0.017803060291486	0.575252856956574	69
0.086919570062454	0.188201353048282	69
0.018570468664782	0.45439344954999	69
0.063309500441634	0.404784991378612	69
0.064615388982975	0.353390922335136	69
0.065668543068577	0.333297898871755	69
-0.081751756394807	0.936231116906752	69
0.016154312819175	2.01175770245857	69
0.044310594161571	0.3137300549771	69
0.037467132325406	0.419970561755866	69
-0.089871196968131	0.822501711189186	69
0.03476673831179	0.380161052293626	69
0.080111672952506	0.266353730278505	69
0.037718368062683	0.47552904474767	69
0.041857937361536	0.313643639447007	69
0.11467912100942	0.244915013258794	69
0.023864118199883	0.337298202433438	69
0.068289470229134	0.371695285997227	69
-0.060356495431632	0.705371834487554	69
-0.00121059051572803	0.464527124556764	69
-0.046693845594778	0.827675286019376	69
0.023767897877083	0.591642023286874	69
0.08847942614483	0.366518065132481	69
0.063859941082751	0.303163688894305	69
-0.050463391754651	0.483483373072742	69
0.044804125142086	0.408003047690634	69
-0.036311561142716	0.539496005500163	69
-0.124762435088578	1.16853473572478	69
0.089347160949907	1.42233287110479	69
-0.00667493058134899	0.504061798384959	69
-0.00594069127203301	0.57833989337334	69
-0.025292008410078	0.598903475491417	69
-0.097326570430409	0.596192277291723	69
0.09064594992633	0.340147603697847	69
-0.024578154429566	0.649202974278571	69
0.095420545741766	0.295227758485247	69
0.108182564091516	0.252292115946499	69
0.092063318262953	0.268625860460873	69
0.105081472349166	0.299277616364854	69
0.072777745611872	0.301536765638865	69
0.011432044753205	0.66471901660658	69
0.068175204366108	0.360203987462387	69
-0.067980989354139	0.817443785658943	69
0.079241860971802	0.266584246952146	69
-0.050572327443021	0.42158306137985	69
0.086137183552005	1.26128346645413	69
-0.042508994872826	0.337040448954942	307
0.059136310541243	0.204379844186401	307
-0.040128741239302	0.288700332614839	307
-0.082391704772318	0.997206230694005	69
0.069143650360907	0.209670785610033	69
0.077878697050261	0.436734633456754	69
-0.038581184252819	0.920353616386475	69
0.072037735228861	0.346276357421776	69
0.005585537484184	0.573388753732853	69
0.09294747167829	0.340531774025644	69
0.00569262342931301	0.405159329530869	69
-0.102590668694583	1.09750478090507	69
-0.053716681369979	0.837630765056809	69
0.082924791907707	0.43438328488558	69
-0.065163941671448	1.13404696461852	69
-0.045210503384083	0.961827655185752	69
0.008045843776051	0.627005664617361	69
0.104342990573303	0.371748065308703	69
0.00564702247176399	0.687678943141256	69
0.021720447669644	0.587922580607931	307
-0.044713153359718	0.904804906020309	307
0.043995909160489	0.445010416372299	307
-0.076018199184569	0.605726359511983	69
0.050498215881205	0.520048554953448	69
0.092061819320306	0.342068160275815	69
0.026169067191146	0.497719767102868	69
-0.02993855927938	0.553744552782511	69
-0.065397149916674	0.943637690613145	69
-0.083345368845756	1.0070778810617	69
-0.111494405587808	0.846206980984343	69
0.100952045647194	0.275961482514488	69
0.114309997803898	0.240590628369528	69
-0.051759979651631	0.713449882523303	69
0.099663573161549	0.247198838710919	69
0.101484094715201	0.319196510915043	69
0.03970952368755	0.365796588044209	69
-0.033903352462142	0.898651458867628	69
0.03588848003332	0.485653409958862	69
-0.098961303000251	0.834857492027411	69
-0.042566868670252	0.734085042333275	69
-0.061846030459228	1.01484796792102	69
0.115092122531459	0.154262430914526	69
0.11961771071863	0.402849764921936	307
0.087383637786547	0.499855603269159	307
-0.111646355219073	1.23115764893871	307
0.118877474558973	0.292294638729052	307
-0.055772642266063	0.889747084947108	307
-0.026254929217926	0.665702653838517	307
-0.072386817581444	0.903028830575104	307
-0.094307058308748	0.944540086824919	307
0.121647304075734	0.228824824783189	307
-0.034737216813281	0.536800457431028	69
-0.041366043755351	0.4757077134911	69
0.002499310024003	0.367146402320277	69
-0.02802579707037	0.569994776163816	69
0.043938009906406	0.123597147019322	69
0.013001019423273	0.263552205861975	69
-0.085924180108204	0.755991462750459	69
-0.049708632042832	0.622554276544534	69
0.050406193986323	0.41017155325986	69
0.084085445232263	0.307211710709285	69
-0.055583413465197	0.237801930331536	69
0.032776317456279	0.225696261108274	69
-0.024599454382424	2.3583793364215	307
0.016714420728027	0.834850533079657	307
0.11578752557244	0.39052709458387	307
0.092290580902335	0.40395440219431	307
-0.116710060520036	1.21937203003719	307
0.100432816257393	0.255768504354079	307
0.087817031045609	0.344377881441495	307
0.115793180366023	0.301884342045842	307
0.069743851066167	0.41572251855243	307
-0.00280140045085098	0.425056850020989	69
-0.057888337608517	0.45150868062251	69
0.110222612947593	0.132997807689425	69
0.064030874975622	0.136453448533631	69
0.069652069082741	0.134839404499566	69
0.059035247499522	0.139626786316388	69
0.003321558120987	0.145206417751575	69
0.043050542083279	0.169010577955481	69
-0.078838550037863	0.818449153466447	69
0.047594321120058	0.384536648081602	69
0.076923218603367	0.269878945206239	69
0.00965171558099501	0.208045669331282	69
0.068305414709029	0.186113870492051	69
0.121680926684416	0.463860243652419	307
0.069057421402212	0.601362733878176	307
0.049448261545601	0.539149820868613	307
0.066590924500843	0.515988326096493	307
-0.019709810750495	0.812352820557257	307
0.111796417490191	0.242306334478242	307
0.013706094383224	0.410749767454725	307
0.035696793554633	0.503511745343605	307
0.107035995247313	0.292161842046956	307
-0.046662487093122	0.760705677947424	307
-0.036579415308658	0.799880260429943	307
0.045302792266998	0.434172580655726	307
0.027365018000294	0.489508994295861	69
0.120101253670371	0.182850500352546	69
0.114343742337	0.237260962789633	69
-0.0752472031561	0.620699876912179	69
0.096235453106374	0.153863961058151	69
-0.105963864718418	0.317841955826825	69
0.00726942689524501	0.25874559218134	69
0.07747755246244	0.109329896126412	69
0.111738543186527	0.221410487360807	69
-0.095372034268167	0.870760490905908	69
-0.041363096135223	0.571311585002592	69
0.09461481017749	0.132198152998319	69
0.089831530754434	0.177476815040673	69
0.033036220089448	1.3801345718495	307
-0.113545679445098	1.03997915462623	307
-0.109486946857663	1.30543412410634	307
0.067089434252018	0.403043813509836	307
0.08166178780258	0.444754280244449	307
0.025723006935482	0.56466673374981	307
0.09858626622467	0.321704578601056	307
-0.059136407553497	0.737470477360473	69
-0.097318247742897	0.737810709539057	69
0.034729338530493	0.33715189013186	69
-0.023379906861524	0.469582751504089	69
-0.038464948239193	0.563081014848586	69
-0.053229884502452	0.572325884122887	69
0.071402188706249	0.1790021045295	69
-0.02178946963263	0.368692172321736	69
-0.015478697607976	0.530753772869779	69
-0.052919689189359	0.568110054288303	69
0.001220959964496	0.536574913088007	69
0.05512926548494	0.26767208785884	69
-0.042894810110223	0.573136289975985	69
0.066820546357481	1.28036153208003	307
-0.042765477402593	1.55192489534754	302
-0.103336667536692	1.31420057223695	307
0.040191521948484	0.57005400624897	1051
0.053571468092128	0.488937914528056	307
-0.07326969969285	0.867961688172693	307
-0.118284420566315	1.03479843617284	307
-0.102103627579542	0.957618417328298	307
0.112601293533976	0.283019237885573	307
-0.064300860180937	0.522056957998916	69
-0.052888409449089	0.40356269534618	69
0.099978634406094	0.0644831711855893	69
-0.030228002236504	0.190182192990416	69
0.00609182574441	0.23545681545201	69
-0.104404031572893	0.446078307154765	69
0.067397288900074	0.308476834207372	69
0.064292844628721	0.290171191141434	69
-0.11362839739537	0.709091112779319	69
-0.106044626986194	0.405557393147679	69
-0.068787540744207	1.63214664000386	307
-0.00416813628188001	0.816480838532927	307
-0.008513472444524	0.611628528398385	307
-0.053523913722734	0.57081163732102	307
0.022973256810226	0.510712246424247	307
0.012448846657719	0.562310921250343	307
-0.046170278609481	0.78158075906031	307
0.106261047781319	0.217859177083126	307
-0.055891240258719	0.535338898011263	69
0.082284953326915	0.275963288098121	69
-0.036526013405719	0.388071177757804	69
0.028210348838219	0.375285017461077	275
0.010166698546245	0.26702061565985	69
0.123387098903555	0.148679585068607	69
0.031618167113435	1.1504455235287	307
-0.034581081477951	1.53297031968302	307
0.01884189835233	0.80562078638549	307
-0.020386591859034	0.774592151264378	307
-0.027793315529597	0.69753988835291	307
0.084719477456131	0.315663597895238	307
-0.0300608226543	0.420367012265832	69
-0.024145385509522	0.49013565551641	69
0.00267990034320301	0.472528534197199	69
0.041799051227653	0.126901974763649	69
0.034006477497471	0.229722388444499	176
-0.029467181936129	0.154001043563546	69
0.032951951214362	0.279491570635174	69
0.119738944689372	0.772461456389892	307
0.026009222990762	1.2575013167002	307
0.090191816602801	0.695142907148824	307
0.042312321772612	0.893594567236946	307
-0.055942665779294	1.31046381805798	307
0.019330497676907	0.777497500413951	307
0.068205895476193	0.373678493129919	307
0.108579330251652	0.296528557270485	307
-0.025509489472695	0.672285169185337	307
-0.105295787859784	0.645946629892797	307
0.094191517560576	0.277046626042621	307
0.00269605616406199	0.242433030867804	241
-0.117801062668284	0.519608864418793	69
-0.082531319664499	0.626956167937272	69
0.00900094571632001	0.311793295656784	69
-0.0262080566269	0.264771801464856	69
0.084936775457121	0.221182096505047	69
-0.079853542596532	0.270457689381853	69
0.121340135623224	0.20396162360183	69
0.11531009717581	0.224738868285496	69
0.111996563148482	0.187754812444566	69
-0.023412392282977	0.146267651585494	69
-0.092209425649698	0.428741864146838	69
0.065907365471046	0.992836574520407	307
0.116212688166493	0.591023971840125	307
0.063928545225239	0.746404759759262	307
0.093268712533828	0.547708128397597	307
-0.002013513293812	0.675538134837367	307
0.082420400757279	0.424704411351072	307
-0.00154275012263899	0.710246393180513	307
0.017123219410848	0.660850026485154	307
0.122075672670113	0.218774854870349	307
0.084604744999755	0.255276379429149	69
-0.108881677264093	0.855262397423243	69
0.111323366324133	0.0638995851171836	69
0.026053668371446	0.199716659960263	69
-0.026064382026829	0.18562215381327	69
0.018876518588423	0.431268028611945	69
-0.046204003813786	0.738895584930726	69
0.071934539396528	0.295950224554381	275
0.055953074203248	1.40017770699936	307
0.0749285533659	0.754819920891275	307
0.104587139420456	0.52184419287157	307
0.03045058656546	0.565340292823487	307
-0.101811402976857	0.634855894876371	241
-0.07057192343324	0.62112276848617	69
0.042460081469012	0.372724017059377	69
0.049546814050568	0.182032439642426	176
0.056900658759783	0.142778258569174	176
-0.019024693613171	0.660266259987636	69
0.104727596229568	0.223577768887642	69
-0.09670988707941	0.417567856232389	379
-0.073996813912359	0.441554928598027	69
0.110045122258702	0.359960033794199	1051
0.066499868252869	0.443235185871304	307
-0.064728596678845	0.596569030903988	69
0.010485390778422	0.49044857742652	69
0.058804528924024	0.186915420628479	69
0.010565388062309	0.416358237290964	69
0.108704710640133	0.09077353396433	176
0.110138154988093	0.216277984094532	69
-0.102079544178872	0.4559472037229	379
0.056425521320987	0.58471112836675	307
0.095077696088821	0.241385694106142	241
-0.051493349223621	0.642288241657112	69
-0.021989351510035	0.657879088994612	69
0.087186918584692	0.308626652785753	275
0.069092121902561	0.538336555735888	307
-0.08748979342501	0.929625563848231	307
0.014803296223303	0.691644108155912	307
0.095751555281997	0.419003797756062	307
0.063928508973983	0.595273937936007	307
0.072541624659201	0.564498678971933	307
0.016981407458474	0.76125892801925	307
0.079094309066318	0.436320506549971	307
0.018208283135486	0.419084525399886	69
0.036558061274955	0.381641518505384	69
0.10713770567074	0.121599506185376	307
0.070820109081259	0.189220566106928	69
0.117125642370657	0.0848669064637029	176
-0.037752699552802	0.576334681678115	69
0.10695372478629	0.196283675725087	275
-0.047850308903398	0.542511193480142	275
-0.011049049639277	0.282461456772712	275
-0.109506896070564	0.469105773217161	69
-0.024961172227147	1.67226992295363	307
-0.044341329154213	0.878342147582251	307
0.08441368632661	0.30739687427958	307
-0.095376135623736	0.795615782910279	307
0.034854761585924	0.413971525974773	275
-0.082434635855895	0.546619394997643	275
0.003572078432938	1.0625606049268	307
-0.00387729166606898	1.09745071327698	307
-0.008602930337481	0.633002107757254	307
0.054852939001423	0.312748900005915	307
0.051120950950931	0.323609894036512	307
0.115635790395244	0.20327466212527	307
0.08234149983322	0.314766826455993	307
0.094367688582625	0.261447351502584	307
0.051785756115072	0.33422017091532	69
0.093126153613981	0.192378329389676	69
0.079331609086314	0.145623249953641	176
0.010064237737082	0.21074361600582	275
-0.070598676936404	0.632245792808483	69
0.124907131821715	0.22985486366871	275
-0.032462776670115	0.599724540747841	275
0.025203513159619	0.414656175717325	275
0.033226030283706	0.401998086165053	275
-0.085551279066126	0.566930843233358	69
0.080424208252639	1.14717368467086	307
-0.033649010466831	1.99473671861997	307
0.090779945786598	0.351517875720199	307
0.024356358729213	0.37726755672309	307
0.102331968808852	0.141407120532863	69
-0.025973893921094	0.586627552768795	275
0.121217706149684	0.134094670309229	275
-0.108210063819718	0.220841322243608	275
0.117045121913659	0.834910376598733	307
-0.007879368966203	1.51166587507628	307
0.08046503569662	0.332609817858046	307
-0.0146159770197	0.414674770519906	307
0.073010650991965	0.368843958373014	307
0.050304797020007	0.205796899564997	307
-0.048169103587433	0.282424700881369	275
-0.033751380905019	0.584501435667115	275
0.110688393875821	0.255695060917342	275
-0.113899862869074	0.463218485673793	275
0.086431293739847	0.0692125895636345	275
0.111881246255218	0.120731347949081	275
0.054537574961686	0.843213326286333	307
0.100807565113817	0.41475892154337	307
0.064369101043077	0.348439872338753	307
-0.070026743154946	0.211199499092428	176
-0.03696626834303	0.24433744480568	275
0.073496829515602	0.299367762602105	275
0.106373827580141	0.273041104347142	275
0.069738843799422	0.31843573779364	275
-0.036888655098739	0.290270210656966	275
0.110087726154083	0.320247315043549	307
0.031979853247475	0.791697456197162	307
0.00900530720548501	0.646897969686224	307
0.110653405420625	0.301447351094603	307
0.022034459871585	0.328881328835962	176
0.081416135674001	0.315969219893367	275
0.058734957289629	0.418763418836438	275
0.059385733879984	0.33693730844657	275
0.00581938239878399	0.53334503195192	69
0.004399903050858	1.00224655718128	307
-0.118386644134701	1.83037507224952	307
0.07328367069893	0.328714997578177	307
0.054867808139308	0.357360436380683	307
0.00411509904690299	0.467520933324178	176
-0.056254807783074	0.474615223425486	275
0.06046015785564	0.466422455098881	275
0.03018737946308	0.448831155316036	275
0.091437068520003	0.367303922300866	69
0.062317992369383	1.48991241691653	307
0.031553157846485	1.45027541763553	307
-0.079446525393623	1.4153246669751	307
0.10250996533561	0.257508818961741	307
0.10217995755224	0.200054318777425	275
0.055068201664795	0.400450230258838	275
0.042292249131696	0.348351532401347	275
-0.027837474592676	1.86099747396816	307
0.024597093271839	0.429333731159109	307
0.015244370444469	0.19553336933652	176
-0.019823560313404	0.369052441046659	275
0.105701392727051	0.164081009143952	275
0.046005321602479	0.183906102736823	497
-0.035160804805579	2.01952891828182	307
0.078952576148181	0.436584220433047	307
0.049256963003721	0.16732799130611	275
0.122265040209907	0.108946410784832	275
0.073552039349191	0.314988455138646	275
0.095331049787128	0.295312171779992	275
-0.024304738390855	0.530965324971164	275
0.072581810288738	0.193065782567122	275
0.002434421779237	0.144459292372336	275
0.041081545159502	0.125772103782476	275
0.038110939011049	0.281922311056486	497
0.119519251241767	0.774739774788553	307
0.096315983769192	0.533834167467607	307
-0.045401104167332	0.997834588733595	307
-0.107869460989443	0.82898592528184	307
0.121235282819647	0.261072823128277	307
-0.058955521413816	0.585934298425442	307
0.074594263593732	0.132215278385038	176
0.057042425721014	0.176586751523663	275
-0.043037488522576	0.597265930083147	275
-0.049979409839803	0.789583410654157	275
0.089083791604021	0.279519418416667	275
0.039671845570024	0.433133023585828	275
-0.06837235001858	0.439333021002416	497
0.041854441399967	0.127635606026853	497
0.057358352374294	0.228790731892846	497
0.021107329733866	0.839715508619691	307
-0.044675151164296	0.645652462906812	275
-0.053356526241925	0.633298917546071	275
-0.05586554447784	0.61266125915415	275
0.011422928641183	0.456880182656769	275
-0.077272184816966	0.773451817617883	275
-0.044662702609674	0.460178438402866	497
0.038824660173542	0.338161791836231	497
0.086959131865608	0.846547121337908	307
0.036875048167468	0.778163684361627	241
0.072456046893789	0.436587731734964	307
-0.038845157189616	0.562097128850455	176
-0.015313392852004	0.224755687940317	176
-0.109341769319728	0.959271572598291	275
-0.073724127551941	0.805130477769708	275
0.046750294513826	0.357395174366053	275
0.064749209917362	0.276751560690564	497
0.000968149917742994	0.432846388080989	497
0.031662590491317	1.38701765077279	307
-0.048005473260142	1.44048051840539	307
0.090854418746151	0.176162095824276	176
0.10219967000473	0.096862958747334	176
0.060319763358375	0.190525963216523	275
0.105676549547685	0.319746651962936	275
0.044988131019505	0.450059263575245	275
0.023365123903743	0.258290236901718	275
0.043218067746935	0.124498688641319	275
0.045772386180122	0.167327748914169	275
-0.117876941778523	0.240298113687516	497
0.103471712383656	0.828524755025882	307
0.031348272868169	0.217974263732045	275
-0.055187234228685	0.765487729602664	275
-0.04017740046955	0.339922417781316	275
-0.03187049443282	0.192532857836775	497
-0.000648167282881973	0.32389640115854	497
-0.102858913384725	0.298903501720697	275
0.044490740608725	0.184236302121834	275
0.00293411577146599	0.252763791416778	275
0.104488483352875	0.307518507624536	275
0.114605360159308	0.0614560500150464	275
0.042407188419723	0.265063722242935	497
-0.055025642174791	0.359012358984147	497
0.106480363960017	0.41332442512863	307
0.034834378332732	0.17334834238302	275
-0.023201761159894	0.375032866853585	275
0.003844945775928	0.556660319446504	275
0.114271342358985	0.280845939506357	275
-0.118637849791475	1.02300891382961	275
-0.100737406645252	0.545028502220406	275
-0.00902476430524002	0.338685153337932	275
0.087480828582479	0.211609996284529	275
0.08330886546084	0.229905039772658	275
0.10733135549425	0.27824129597637	275
0.095527091089672	0.290504604491349	275
-0.121660093114892	1.01824215170588	275
0.014361054786259	0.367522173961252	275
0.098911163264184	0.242427652427232	275
-0.00967502394537301	0.416305014047284	497
-0.030936556601307	0.336294125243724	497
0.114358036604563	1.03005522969486	307
0.085010653583491	1.01574228680677	307
-0.050966474538313	1.45099698510362	307
-0.019044175237643	1.057047656716	307
-0.027696478039339	0.542685531550683	176
0.04572589751271	0.326350047017524	275
-0.038501948210012	0.461692220407562	275
0.075740219357	0.295979919559862	275
-0.055032496745173	0.588103147917799	275
0.047183596706066	0.414551504246875	497
-0.031046317654966	0.60084631791196	497
0.113161627867446	0.77959442907974	307
0.085453158642652	0.588122806212864	307
0.112444567440396	0.431536107813264	307
0.094977335609041	0.171142717263759	275
0.100915393010896	0.207319907362937	275
0.051719687504579	0.2285879344982	275
0.017797669915152	0.379242792839276	275
0.118049760548914	0.238895544908884	275
-0.063735600234418	0.833004751392274	275
0.04487829740054	0.41604711964452	275
0.036742385745702	0.359208844166825	497
0.09825487360266	0.188404115035545	497
-0.028686836428511	0.564030328551113	497
0.117412026601705	0.12685508141168	497
0.097925201108311	0.198774855830127	497
0.036846060239915	1.71287909539636	307
0.118771897809275	0.20700354031155	275
-0.000102106228623999	0.742214628430533	497
-0.100658607172716	0.714867093826017	497
0.030337311538664	1.56726359953089	307
0.070794855420877	0.336428118975046	275
-0.025223250272184	0.749026206531434	275
0.061945093633531	0.323687180741055	275
0.08934954785381	0.241649848344354	275
0.083093760299219	0.382599985971153	497
0.027219670267093	0.465020965263613	497
-0.00446499978535497	0.538630516688493	497
0.003960645143952	0.490761157265157	497
-0.062233874304781	0.793337808070617	497
0.075312933101169	1.45612190312056	307
0.089962844308639	0.357311283193424	275
0.100452520536657	0.35933826969564	275
0.104793417303327	0.241168474643983	275
0.05576475804918	0.395112733305084	497
-0.106460655936786	0.99873593845777	497
0.066297830495667	0.183661671287286	497
0.011183089215869	0.493840085774506	275
-0.023507844569847	0.592173641406323	275
0.00980520040959501	0.414891604992374	275
0.118356320298719	0.262694323961821	275
-0.055738056843433	0.579906329792557	275
0.01184365491873	0.487833187586325	497
0.122777982552237	0.22373185386094	497
-0.021625117566162	0.646419737892291	497
0.097599736033599	0.27188299354464	176
-0.04495701025529	0.616638213553108	275
-0.027334549945072	0.485036714199162	275
0.082622620173066	0.339343830787272	275
-0.016986430766683	0.661670752632754	275
0.042982248681501	0.422996843871836	275
0.030672369810151	0.361762463600876	497
0.00866383602359699	0.415923307918578	497
0.069471452728684	0.314480973264264	497
0.001791233417791	0.455252883581676	497
-0.04823519866523	0.334147107755477	497
0.050552697466826	1.2954744991547	275
0.087743970300025	0.344135914089885	275
0.002795471073992	0.62385112179973	275
0.05926612813642	0.29681750494656	275
0.088516634177617	0.2132403276421	275
-0.023028684635111	0.40827130932286	275
0.119582163142685	0.262590928069204	275
0.04134335316407	0.471899545747073	275
0.084150853135734	0.331009618148315	275
0.044745759419646	0.39092775946821	497
0.07941001386455	0.3770527259888	275
0.00758115081503	0.602438398659204	275
-0.064210630707872	0.913015736355888	275
-0.079686253707652	0.726389305034333	497
0.023098113603527	0.462538401318304	497
-0.079364418406371	0.892133895652125	497
0.036851891899705	1.74833185197923	275
0.026198244347886	0.378216210810495	275
-0.00946306326117602	0.614295754827619	275
-0.016840274399964	0.360785986662613	275
-0.113957771300761	1.41586141311417	275
-0.092378687532752	1.22746768444584	275
-0.097793370813841	1.01462996160234	497
0.101991367555503	0.385898532870575	497
-0.00906246408030398	0.651411707151996	497
-0.093414581486896	0.354903822571928	497
0.122499071418686	1.02338835577482	275
0.072978149297408	1.20839060840108	275
0.04661240493556	0.642004973562263	275
-0.107601461891138	0.725891488385842	275
0.060085688246597	0.481669990426619	497
-0.058388666635736	0.893435565588298	497
0.092106047761415	0.308621078607158	275
-0.036313192121081	0.83829755250283	275
0.077358172182866	0.49178109716699	497
-0.045620343802788	0.457679927730657	497
0.045362069256997	0.557588544195764	275
-0.022059122046565	0.691144181253659	275
0.121453708188825	0.331917466011027	275
0.083153323851357	0.409311338181661	275
-0.028717277067563	0.793320241354132	497
0.077015780225282	1.45245678838548	275
0.026975515861575	0.847846332205657	275
0.010178617292439	0.654311445770153	275
0.114903317832133	0.371556041925843	275
0.023952258519097	0.582593874079106	275
0.067290728780504	1.56605233503716	275
0.063034332015753	0.424105115903816	275
0.064251598560427	1.6042394005912	275
0.087577403727248	1.22711284675337	275
-0.086439919260631	1.57057380185942	275
0.034562847221147	0.387654932063317	275
0.093239725178818	1.24967100306044	275
0.100130783431208	0.31243543641525	275
0.091907429530915	0.334453141121655	275
0.089132857699601	0.920362656881706	275
0.007398290959509	1.72657156429778	275
0.012223338271322	0.460328445524093	275
-0.080483455463292	2.33582333469435	275
0.102322000871474	1.04765394359361	275
