x	y	clickSelects
-0.011052598087409	0.790799696931711	598
0.083509852186734	0.980372158670254	598
-0.047033240061349	0.655888317772453	515
-0.053443376902895	0.768360319202497	515
-0.043916655073536	0.597220814775168	515
-0.037477349129159	0.977144250259873	515
-0.118500167029574	0.394034224519505	111
-0.108176592084832	0.405286239384925	111
-0.061771825147564	0.412865583364335	58
-0.105324262030983	0.438781760057262	73
-0.033230486474904	0.247954011418384	73
0.114790627269197	0.655962561339721	73
0.090883345286662	0.562315400010917	73
0.01982667979537	0.594882427074562	73
-0.109854231737314	0.492118677791981	37
-0.084778147063263	0.628260605838037	37
0.013762853797627	0.561802404870583	37
0.028214478046714	0.584171183085706	37
-0.112092142983999	0.400988326891107	37
0.00401573417021694	0.506714046365659	730
0.028814042289914	0.603113934424528	2003
0.104955777978673	1.40299291496607	287
0.111284184764413	1.04433133385694	287
0.0523852247543281	0.523869258687487	182
-0.120751605569248	0.154581912804799	182
0.035899306772335	0.850521906212889	182
-0.110666069980412	0.473480825464541	48
-0.019822315100029	0.725428178884476	1150
-0.004202513055933	0.758550017441735	249
-0.114652703793489	0.458062562822686	249
-0.121109347056349	0.150667883662705	139
-0.11557124272337	0.1524923731293	669
-0.121731347682954	0.151219437047802	68
-0.038130167113643	0.16467086304066	68
0.03125298818835	0.523249904484567	68
0.116873948867866	0.287169761149543	545
0.069055556580042	0.370168125143906	43
-0.122457861084898	0.237930219996186	43
0.0353380266478019	0.269385391896526	104
-0.124566104265213	0.152636630613031	104
0.024938961733576	0.266939817318087	104
-0.030923867843503	0.170672728303269	104
0.113658479529601	0.189270038586502	105
0.109223048028181	0.189904324641206	3
0.028350975126076	0.898845970590343	598
0.039747270344194	1.75488967426218	515
-0.077425734912014	0.478775670881175	515
-0.070625395553286	1.25066741266348	515
0.060662111167776	0.607682414215371	111
-0.090399083917087	0.615855067020725	111
0.120198733722528	1.56985898651946	267
-0.046994036491574	1.06582392888742	58
-0.01872120828624	1.24211203266483	58
0.020662150714754	1.24536362939473	58
-0.056159979157892	1.05382058988314	58
-0.048498915107104	0.345409006485148	73
0.032925288741592	0.728417684439946	73
-0.023037128549273	0.581743936756734	73
0.040216165082408	1.00777037828982	38
-0.109494976051147	0.414316048347834	38
0.062546793940595	1.12185703067726	37
-0.085042226528205	0.630589154605211	37
-0.049450438615682	0.680213432949405	730
-0.053116114295225	0.803002115922268	287
0.070420666528454	0.511545350195993	182
0.12458008415515	0.295991514205969	182
0.11202113196734	1.24766993998776	182
0.0186277204345811	0.356707844260378	265
0.106727686748602	1.12213135164767	48
0.118541482053087	1.01288441952095	1150
-0.109482664981282	0.558165671896916	249
-0.036965591432066	0.16798490386174	139
-0.023403091794019	0.167574856621339	816
-0.03486787738689	0.165145512340739	816
-0.027389723185925	0.16502342869749	68
-0.030923867843503	0.170672728303269	68
-0.027939064771036	0.489897035599093	24
0.038719204306091	0.269941635977787	43
0.117806159978974	0.290208937412052	104
0.009039199078414	0.349465278553812	104
-0.115949719548467	0.158098750853136	104
-0.036965591432066	0.16798490386174	105
0.10610005725641	0.185526639764292	105
0.11293781536035	1.54502034509538	598
0.089026993334058	1.41965220696751	598
-0.053531675188276	1.10678393652713	598
-0.018186110975206	0.788869006102764	515
0.0231939082950841	1.17659910629673	515
-0.111824224257586	1.06114962941576	515
-0.0804904964432	0.635504878185354	515
-0.111304013377758	0.494198332775662	279
-0.034073856302145	0.572765014319602	111
0.050442607071993	0.743936147992034	111
0.039672410409451	0.944009251641928	111
-0.045700031059212	0.967848614528322	238
-0.037772510347008	1.04371211384605	58
-0.096859752625674	1.01710469279007	58
-0.066130449340661	0.954680188281952	58
-0.114321840634385	0.684158254600917	58
-0.082533213905293	0.467808077446247	73
-0.093854145327835	0.401510052390929	73
-0.086199162912658	0.428174534849318	73
0.00687483616710305	0.768533051349936	73
-0.036419231418337	0.800544530112289	37
0.07775093488337	1.26596439523677	37
0.083828936714793	1.1666564344257	37
-0.050058581241073	0.683529132006022	37
-0.113548344142208	0.534608856770784	37
-0.024063320786645	0.426688743468512	2003
0.038434189695755	0.837917743409816	2003
-0.115924787659161	0.753703654103871	287
-0.043977320258656	0.489163779380639	412
-0.089796760333492	0.572293972963287	48
0.015472577468738	0.955109378765022	48
-0.013951619003317	0.931454740997859	48
-0.11617347853975	0.582030874432622	1150
0.041110950062091	0.899523268025297	249
-0.073435379868162	0.638847553497306	945
-0.102706050265921	0.493824532100529	945
0.12458008415515	0.295991514205969	816
-0.025462298215331	0.263081487841074	669
-0.024436244289968	0.258051225517524	669
-0.090156954496566	0.240780777192073	669
0.113424244432263	0.196906484145393	669
0.050189832220475	0.679895508230197	68
-0.104459059570304	0.21646052075432	68
0.029171912748718	0.562533970203061	660
0.104732078575145	0.524111929534824	24
0.046599163462172	0.586162738009344	24
-0.032795452868437	0.170598242060832	545
-0.119833322398097	0.238646478903642	43
-0.031407250186331	0.164667302366903	43
-0.083631426154668	0.248286925739233	43
-0.113724743343811	0.155210211081019	43
0.0657281920341311	0.360908654455945	104
0.09117448825989	0.467328904299821	104
-0.122503970626318	0.150573123103154	104
-0.118350838885797	0.137870341248527	104
-0.120556538847374	0.154822624896767	105
-0.029762377831703	0.17154020454886	105
0.115818816922139	0.182129978039367	105
-0.026004748414299	0.173210247302568	105
0.082191294856317	1.62722288497492	598
0.0184926774852811	1.32968845621852	598
-0.077604813734117	1.46550151952822	515
-0.028416592236591	1.35035748430982	515
-0.099090789594322	0.464606585015667	515
-0.021976027364816	0.53927838155166	515
-0.075092678333567	1.23213057336383	515
0.01070040505271	0.586853013494972	111
-0.00250921224879103	1.05583270408877	267
-0.071084072482424	0.879743050427796	238
-0.086288230760537	0.880439180381124	238
-0.025469093536828	1.1313320968621	58
0.00273075809068002	0.498189823516263	73
-0.057318638770992	0.392847215072711	73
0.060332693484638	0.360941266431533	73
-0.032210003972778	0.636183556491724	73
-0.069351076476251	0.561015071920547	73
-0.022344190217148	0.500379697681647	38
-0.094178273461621	0.668502371142685	38
-0.034462021033202	0.728991712521222	38
-0.053399673052298	0.569921529133779	37
0.080225738462933	0.767949743304704	37
-0.08450402644096	0.473701513685271	37
0.063077256811347	0.672899153444518	37
-0.048345634743593	0.569402154473925	37
-0.028528425591806	0.426331197339281	37
0.060786257456939	0.549414228576053	2003
-0.039108190254525	0.74379675768719	2003
-0.073084977232977	0.413480856292987	287
0.038586157793677	0.980818983778694	287
-0.058802529943374	0.781188399428406	287
-0.00418590402052998	1.19285138058998	287
0.116992475866048	0.645493583625854	182
-0.065895356927404	0.752447361404029	182
-0.066709914145515	0.791143198613899	246
-0.076242983637926	0.411586202887816	48
-0.027446019243029	0.33871003525986	429
-0.115775031026797	0.240597055716726	139
0.114620547436307	0.193412235224396	669
0.00817874015290099	0.500900084197048	660
-0.09197674436239	0.326071274951558	660
0.066711018480401	0.542083653379614	24
0.100001920530218	0.625942383253767	24
0.006541698430095	0.506434233032936	24
-0.021079365416367	0.341748818414366	43
-0.091840206235635	0.240783810696649	43
-0.033071733977642	0.261929153949671	43
-0.044921433765297	0.243936956054404	104
0.113189776914613	0.191551475973684	104
0.113118052997015	0.189848345419192	105
0.0418919006658	0.431221748062318	3
-0.119415859863018	1.28761720363693	598
0.084406401080226	2.365963218925	598
0.090283828180564	2.3473630351426	598
-0.074226225449319	1.59214845621402	515
-0.098345094864653	1.30855043828051	515
-0.121563351201881	1.19040997462308	515
-0.110257480467451	1.18031806828395	515
-0.027931180164888	0.619053113348163	111
0.062245509255816	0.766686415514306	111
-0.109103242791367	0.533035282375068	111
0.098645809486093	0.910759428753807	111
0.063912048478622	0.989802370971547	238
0.057716086391557	0.893487060815242	238
0.019654223081807	1.01167785869677	238
0.097646422166561	0.932874187282785	238
0.063835738091001	1.04192695512877	58
0.0170377365758	0.914259849086069	58
0.0153527936486469	1.00743804843354	58
0.07158856390858	0.884771922331465	58
0.013923130731302	0.786509686842361	58
-0.070918993151962	0.792397482610381	58
0.094015122661102	1.02354566581185	73
-0.042384953795353	0.631372891181388	73
-0.111438234199807	0.656354479557234	38
0.043600360255148	0.819705108617364	38
-0.096888758032411	0.499704983730964	38
-0.013782959680634	0.84293216840694	37
0.00316140479980598	0.935058651208959	37
0.01311344971467	0.787902689594708	37
-0.083917896629751	0.635861159109569	37
-0.084872153812371	0.516999762754147	37
-0.059312412915132	0.714410203758934	37
0.064440995320005	1.0459751486539	37
0.023670720610256	1.20023634824299	287
-0.042970067650997	0.627243574679405	287
-0.034246253866965	0.635515969927484	182
-0.082080888535284	0.697606453673065	287
0.103661241934482	0.767628862348041	412
-0.086067854670024	0.571600735602736	48
-0.043888365019071	0.70883340018878	48
0.112085103809156	0.70628348103113	48
0.036470925165275	0.503431874791664	249
0.105157774057482	0.620631954599076	1774
-0.081861965798269	0.416865651423968	1255
-0.036807512676142	0.496476802555748	1255
-0.034652720669749	0.405211432454308	139
-0.057717505687372	0.408127107153813	139
-0.022852191328731	0.490707321215111	139
0.0791697996463701	0.450144744365721	365
-0.075189433858376	0.336464597950195	669
0.064846605549256	0.373732610834784	669
-0.117397352213972	0.325223800039436	669
-0.122645448184372	0.241175914049674	24
-0.113724743343811	0.155210211081019	43
0.123171546589059	0.395125752280219	43
0.124600794772114	0.382661602926617	980
0.0639051655151121	0.368074013612365	104
0.119508564688336	0.286185913709976	104
0.038158943892869	0.280550447234507	105
0.059588054923175	0.360971709178337	298
0.032766709637144	0.26595681153087	105
-0.031821538930348	0.327074605335226	3
0.0729895779315189	0.355819039697127	3
-0.118720857507595	0.153203368217439	3
0.090534856925746	2.20314094008064	598
-0.124474109035031	0.55636341180589	111
0.050144318429995	0.668051280644761	111
0.081779631214189	1.1084584074757	111
0.00570302779532395	0.789317437777002	111
-0.005477642266143	0.870550248150878	238
0.062075930918845	1.02185066539405	58
-0.04276382383049	0.925400798350863	58
-0.101100361313124	0.71022519816092	58
0.059266952607176	0.754707559780092	73
-0.117630849393962	0.644676117946613	38
-0.092317997692547	0.40597239775268	38
-0.095174219301978	0.688294936153111	37
-0.047430590242646	0.630304459709037	37
-0.119239879913315	0.393333914571866	37
-0.057149509998369	0.585263677199682	37
-0.102538907666545	0.482025542005461	37
-0.049712552274801	0.785494029176558	37
0.023629423570277	0.733275568911775	125
0.015716001943527	0.835753885439967	287
-0.110314790066064	0.677922499298364	287
-0.103555977781265	0.643371913807959	287
0.123512731914787	1.32481375111551	182
-0.050438621114349	0.650188350132235	182
-0.123166413435946	0.39890688330328	182
0.109700926679705	0.61747908163244	412
-0.081204428873659	0.403745306748125	412
0.0381560249962249	0.589451309019063	412
-0.122520711013342	0.615782020623455	246
0.067192621742963	0.815111774961149	48
-0.083808344158738	0.541733112339484	48
0.054933489254278	0.723878361652065	48
0.046425843810797	0.637593436216346	1783
-0.035474430062276	0.574733106050467	1783
-0.109074669000529	0.486216207022258	1783
0.110609438105169	0.6970363189655	249
-0.018805501215371	0.506639841608931	139
-0.015579689144211	0.645035466837086	1774
-0.076628811391854	0.548712952806718	1255
-0.029363665981355	0.731510679098306	1255
0.031272942946685	0.781976786668096	1255
-0.124621323438443	0.240094296410831	833
-0.032051384919257	0.166665536980922	833
-0.121931285858944	0.304251857451988	669
0.0279085161788351	0.27118675285298	669
-0.04330019316821	0.24809506380002	669
-0.040371435115287	0.423664727046617	660
-0.099524497023813	0.307129883934493	24
-0.117409458199978	0.153373751466469	105
-0.030427510374334	0.260444382581813	105
0.00573071917132695	0.3436344926168	105
-0.030923867843503	0.170672728303269	105
-0.022465653061653	0.165655770699995	298
0.124740504505793	0.288886292274176	298
-0.091953164077243	0.240534262358053	733
0.114386857965339	0.196766872483384	3
-0.121133337340179	1.45471125061744	515
-0.081513759152275	1.12174870460618	515
-0.007726794194518	2.00955413033468	515
-0.051363781450808	1.57919703237153	515
-0.087895259291366	0.713162545159018	515
-0.072007791393902	0.919297153684269	515
-0.107388213277942	0.384105662452887	279
-0.051752392032821	0.486721631504433	111
-0.111540975760691	0.325671249788496	111
-0.084778042836897	0.718810994710047	267
-0.032489003002573	0.812246637474394	238
-0.115755261176522	0.58550549312587	238
-0.014741139527651	0.867147032682374	238
0.012696359183644	0.92998018190179	238
-0.031891517463629	0.881776125396383	238
-0.111006297170009	0.762616021258567	655
0.000601559290142051	1.06778695494909	58
-0.092382216202562	0.822513353110897	58
-0.056273983585686	0.686447809157	655
-0.026382509290499	0.759774573567337	58
0.00435693376853796	1.11034247043232	73
0.051075305831794	0.455416013847387	73
-0.093598822463651	0.416698840147794	73
-0.077495029211797	0.89636191133637	73
-0.019495573367735	0.649957637725952	38
0.054431098688227	0.529618545165204	1100
0.078405336119268	0.555212621659704	1100
0.087047100475431	1.39808949765076	38
-0.079053282185378	0.47283560955668	38
0.031045667725895	0.580910548678063	37
-0.059403079409626	0.496124558233518	37
0.0177625272743051	0.741653950725979	37
0.08574639439569	0.636990292613496	730
0.094651102996972	1.15027691094712	287
-0.101077858358139	0.601485093529507	287
0.0183160089354339	0.958173628985124	287
0.047988679487585	1.01402412434859	287
0.013809954701145	0.637030239157782	287
-0.123844517469756	0.319362844271679	287
-0.059549876395227	0.680217577530544	246
-0.00916494845966498	0.822492723984753	48
0.00902474365909001	0.634376252021905	1783
0.010982877992976	0.553617723670557	139
0.079153569476311	0.718497769026653	1774
0.034543147292058	0.27196274858104	825
0.018602801192697	0.358163481313374	833
0.113918628977608	0.68913810462309	68
-0.014402676487599	0.500767619366198	68
0.121601907779952	0.77760760931625	660
-0.00943281182585298	0.412190252372249	24
-0.046423219722798	1.75223190274244	515
0.000935402899940985	2.31198580627519	515
-0.09226217066136	1.91061265432098	515
-0.025628188245244	2.33461256257638	515
0.028243340515403	1.11993883598564	515
-0.064130621034026	0.415433300748276	111
-0.00543584215237503	0.7170068403538	267
-0.118487733463072	0.567540365595082	267
0.016115925887531	0.96218070816127	267
-0.095864995339216	0.690886334212685	238
0.033611110456627	1.12323700391598	238
-0.022682324633041	0.81267611439635	238
-0.00383153284161902	0.93584530019017	238
0.00221820366657299	0.988652612760093	58
-0.040509601906292	0.790450926491532	655
-0.031560304401506	0.836205345728725	73
0.044379205831636	0.744565784846463	73
0.087213755848612	0.468947756892644	73
-0.073749871928872	0.486211049345457	73
0.00246119417274504	0.662117334641085	38
-0.084499658508485	0.413263722560318	1100
0.0427989815386201	0.584417910640916	1100
0.00731272836385	0.670723375177617	37
0.027448186352115	0.802336931911786	37
0.00864146829216606	0.794477300474247	287
-0.113935774357518	0.406790548386392	412
-0.008625043698539	0.512965697876706	48
-0.029290086693826	0.489355280281949	249
-0.089297797786786	0.40089722678644	249
-0.077832761052893	0.450479971343446	139
-0.106562388746947	0.530363755656745	1255
0.052419673225356	0.453104773934813	1255
-0.122820279077943	0.230682147743112	833
-0.114096702516051	0.158422257519875	669
-0.037391806495682	0.496480114172277	24
0.020255167957141	0.445642918890856	24
-0.037238424898803	0.261845882088017	43
0.107061417697855	0.189534152899903	1207
0.113189776914613	0.191551475973684	105
0.113424244432263	0.196906484145393	702
-0.123452667543045	0.150419449517037	105
-0.027165310403099	0.17233634869874	105
-0.09133866553311	1.74623309655797	515
-0.048484171513434	2.07696266940426	515
-0.051212656717931	1.99107088428132	515
0.034828933701443	1.1863239367217	515
0.115550947807093	0.896822199282168	111
0.110607680416952	0.709015224756727	111
0.06912392016654	0.760477015307421	111
-0.114474645214775	0.533276470063941	267
0.055758923363311	0.898266318262007	238
-0.111512042160896	0.535527240434869	58
-0.060166860545395	0.762725076906194	58
-0.054952000490574	0.628389209351788	37
-0.049244169839283	0.660351211942156	37
-0.110781597940504	0.556715369487393	287
0.0832356858504451	0.690396072388448	412
0.048650694774239	0.896637386770761	2095
-0.075703955320168	0.493488874609748	2095
-0.058439914045072	0.410194330285602	249
-0.11914412938887	0.471923979848132	249
-0.079949098097849	0.327226723652089	249
-0.084496843453304	0.415865108622051	139
0.041200982102801	0.662614819145192	139
0.081835684957111	0.454461346748061	833
0.0258665064314521	0.523715271057739	68
-0.028604443369868	0.329603135249775	24
0.014340767297943	0.351553881035522	24
-0.11779717170351	0.155234781121437	43
0.035705969014192	0.267581831486344	229
-0.081572950254931	0.248870115503304	148
-0.117603293213908	0.156296236238857	734
0.113658479529601	0.189270038586502	298
-0.028101905929072	0.172248824776702	1183
0.121593857797896	0.372705612641626	1183
-0.124382600775499	0.149129720670197	1183
-0.096152230907695	0.233369578329217	3
-0.043354449394098	2.19236602174857	515
-0.080199143043528	1.25161210177782	515
0.050015052900434	0.685700476984966	111
-0.045327532718142	0.49187564695316	111
-0.027463437365385	0.651955112552004	267
0.000438534942116986	0.610619327702326	267
-0.022515366749096	0.806739704663519	58
-0.064635117010918	0.418110391251637	73
0.015863615026105	0.725154887862996	73
-0.048658636326948	0.420729812626195	73
-0.090849229383652	0.492311207624748	556
-0.027603778544604	0.686544822669271	38
-0.00948223331056097	0.672736041958962	37
-0.096486642774876	0.415145854542028	37
-0.115623004675361	0.405434628959738	37
0.00113916087703203	0.595026390436976	125
-0.111053176477539	0.454263221825861	182
0.075097402971958	0.825310862376507	48
0.101849822045257	0.882685591920858	1047
-0.026605421014858	0.642655309380431	2095
-0.068224435649578	0.40589047835809	249
-0.099336356640027	0.222065725626429	913
0.0602334202313241	0.66972023741297	825
-0.121396990027228	0.390570484220313	825
-0.082864556056839	0.245596796307227	669
-0.034136492524046	0.252048291409246	669
0.033317686878184	0.274791507190339	669
0.096076796347218	0.558579871868377	45
0.121620156512529	0.292386331006172	889
-0.124982843600127	0.230591978197574	43
0.112462015594194	0.19254900802788	43
0.112462015594194	0.19254900802788	43
0.03599696057629	0.280641498794384	224
-0.032795452868437	0.170598242060832	229
0.124419714000615	0.295510680824064	105
-0.118833757062496	0.237810299045403	105
-0.090210245592538	0.238771290905221	105
-0.106356086089518	0.148253479727571	1183
0.08802410643117	0.461557500227164	17
0.041847701756677	1.44658647288838	515
-0.114317967763296	1.60549692223746	515
-0.029817434249658	0.634610728255529	804
-0.080034425370152	0.963078059092076	605
-0.098535193523009	0.38291799680725	316
0.0595376893297041	0.46471393832881	316
-0.022460393982174	0.435659271816837	267
0.0304288819502631	0.4604736556702	267
-0.061522513206903	0.323132487746405	238
-0.018715684938583	0.347399179876321	655
0.124461827808404	0.381850749742781	655
0.100483569306908	0.569642903959744	655
-0.019973874065165	0.254285424370077	655
0.066150974252246	0.366865325812033	58
-0.083456053813472	0.957470214011613	556
-0.00147341829549202	0.516725986017909	38
-0.104759335951448	0.33512643989183	37
0.00798597610461105	0.652317141510644	37
-0.085792352041314	0.409994970805954	37
0.0780022264147781	0.53609269636847	730
-0.03246047114762	0.258696078218971	125
-0.09155874810703	0.395993785673322	287
-0.102887869590424	1.01226912217705	287
-0.081557975127196	0.326199681726058	431
0.10094552943544	0.75738672872344	412
0.081279218150322	0.691594356701872	1047
0.063661464089833	0.369029871338863	1047
0.00678169056315503	0.354715967574232	2095
-0.113917144683025	0.158989380567069	67
-0.035039254280839	0.261970162260031	1425
-0.06026203286532	0.629801182598239	249
-0.091773110305097	0.55769584032861	249
-0.11852273376765	0.156167655789556	249
-0.104293926648708	0.573230716515322	913
0.02239025276325	0.746799071759391	1775
0.003667597348882	0.446222216886277	669
0.035056100342062	0.279632585102532	68
-0.123932487968389	0.234087669941379	68
-0.12205948104475	0.151180550690541	889
0.117091577182781	0.191477437881795	889
-0.031344051446675	0.16591647531775	889
0.112155200392481	0.186862614587451	43
-0.031633406719734	0.171470018787416	43
0.117091577182781	0.191477437881795	43
-0.057108378353714	0.338270570699019	105
0.036829477155698	0.27366592789646	105
0.087776755893568	0.706032407745274	350
-0.043739518546271	0.405397020180154	350
-0.066778238005072	0.47897626835113	1183
-0.030697961258055	0.172406008891331	17
-0.036735749340458	0.165043450927685	17
0.118288152482335	0.196630633273367	17
0.06765018723904	0.749131539742975	17
-0.062749737949325	0.548762109923849	17
0.014133197233631	0.575928425191932	17
-0.065550341010966	1.09602538656576	515
-0.089904627768179	0.549542153059774	804
0.083630500773678	1.05463559116416	605
-0.11021673172922	0.393294892421853	605
-0.02133334982586	0.538361975128173	605
0.046252006892906	0.859031006581867	605
-0.099326959935316	0.751102556212989	316
0.014760108912009	0.65560155617233	316
-0.026061761433491	0.49893892001088	316
0.0242591691509551	0.53028739375539	316
-0.050161137612504	0.345142621873579	316
0.0232115843503971	0.450861254272203	316
-0.078927850975796	0.56741296257563	111
0.109122973729485	0.939916784626574	111
0.102756215597668	0.678577641427754	111
0.109341268318257	0.705665635060969	267
0.081591471378788	0.622327033512377	267
0.024786629480877	0.45057429892192	25
-0.017198732249765	0.508429388625872	267
-0.092525256530805	0.331536933582258	238
0.089803882664093	0.467247727167181	238
-0.051928838570145	0.406638549329844	238
0.051594623682126	0.521642550274323	531
-0.101438180950395	0.454908489501145	655
-0.015398884340528	0.344829517909228	655
0.00143774374418404	0.437447042821038	655
-0.084064798472902	0.405612429986917	66
-0.043751793362849	0.492279223166864	66
0.056414812586606	0.468729994864799	38
-0.091402729212676	0.40287238886595	66
0.026262843421838	0.832293379123041	38
-0.060891049199483	0.684469313809317	73
0.000399106585442954	0.654324409066988	73
0.036503578056166	0.715088953790841	73
-0.063400290777531	0.562917713811889	556
-0.113520355262614	0.411623397561239	556
-0.027457794245273	0.724198475562023	556
-0.101544853537872	0.405653489974488	556
0.108780604946417	0.695831976685984	38
-0.111359264651623	0.410490806483761	37
-0.016737052001905	0.347130633356053	37
-0.10104337824876	0.403099889043187	37
-0.011831977584823	0.443288792422327	37
-0.03414240500609	0.425200314840625	125
-0.054830729093319	0.5232043386549	730
-0.089091818946559	0.238939527365478	124
0.085698504024204	0.559380237717106	124
0.03802020914689	0.28102965043577	730
0.055770058271971	0.363721288233334	287
-0.11329317238539	0.398505522533996	125
-0.000894840389031981	0.58707485026366	431
-0.124137998673975	0.307771916397534	431
0.064750353978814	0.554383432580508	431
-0.083811946508152	0.238846226173529	246
-0.02760342551562	0.260828303861177	246
-0.069322046249506	0.338445572550345	246
-0.05624105638706	0.423573421604117	1047
0.056066935724155	0.45096336380941	48
-0.080613054585276	0.248423584497324	2095
-0.023403091794019	0.167574856621339	471
-0.12378145877362	0.151038753758381	67
0.118288152482335	0.196630633273367	1425
0.124259394622195	0.289591713017649	1425
-0.036735749340458	0.165043450927685	1425
0.120672301755192	0.744878139091715	249
-0.075776296016922	0.247289005908528	825
0.092639862184548	0.478392135871555	833
-0.072418719412688	0.333665930803088	833
-0.090134716835895	0.315659047612705	45
0.102842052742856	0.180693580837321	43
-0.034377794258916	0.165421079726589	229
-0.026941064693419	0.17312437604662	592
-0.017893007059508	0.342549386411504	105
-0.11298643338253	0.158379960314069	17
0.113424244432263	0.196906484145393	17
0.016502895056419	2.37392351402308	1030
0.04309989040231	1.91404060626603	515
0.037720765812869	1.38232254978357	515
-0.095588796802704	0.850279194327069	804
0.0887806685617461	0.918701076023805	804
0.09891146374717	0.713769023302209	279
-0.066318400244508	0.6250162646506	111
-0.043430718553128	0.655431385838286	111
0.11416899106075	1.00542263265526	111
-0.114138796013178	0.331105304747007	25
0.068248312224553	0.46055857257507	238
-0.087850678254025	0.239941499367927	654
0.016429039571304	0.362639778792612	654
0.00353314999792997	0.350802745230357	238
-0.02588392133028	0.249818013576251	238
0.11005328340906	0.704114697237079	655
0.022466264478332	0.433879718485524	655
0.063814358662156	0.371642703638787	655
0.017856639677685	0.238852583001172	655
0.088064379537245	0.459927325981604	58
-0.013938100594843	0.443838461658409	66
-0.045714923680416	0.498805552122266	66
-0.120114683334866	0.407564928084199	66
0.00933888659945503	0.725569503303584	556
-0.064015183619979	0.3399715274607	1689
0.00470726789420595	0.437191131036917	37
-0.116917180837296	0.321636567464379	37
-0.053580251760945	0.330618423626508	37
0.104836497034136	0.637399829065592	37
0.046823777393899	0.603192262100971	37
-0.07740989953776	0.41203587381976	37
-0.037181015632901	0.249639659705617	1204
-0.073749790220974	0.409933359881102	124
-0.076059956246807	0.666889281588511	287
-0.116458344649707	0.398604484128075	265
-0.118423468087191	0.537917674576538	412
0.108052557035175	0.633642499029759	280
0.010972530513003	0.350170228425377	1047
0.057584969427693	0.360823534951174	67
0.118495742108123	0.274959769941383	67
0.00890079407882305	0.35811011496057	1425
0.036938674195686	0.279791471430771	249
0.00918738236932004	0.657193351524989	249
-0.089212848259656	0.242814294752379	334
-0.015185399936071	0.579560061730075	913
-0.054052071466595	0.600403149976572	68
-0.090993018810682	0.244319588568816	68
-0.040855296731832	0.40876229042247	68
-0.088813997586199	0.240789415698397	68
-0.036031307961005	0.167171963867372	889
0.111918676608935	0.189370251548027	43
0.11558299985171	0.19328946789518	43
0.027108271198255	0.269175383205238	229
0.114386857965339	0.196766872483384	229
0.113424244432263	0.196906484145393	592
-0.051032936987596	0.341458132462025	592
-0.026004748414299	0.173210247302568	138
-0.119831466488934	0.154713490816514	17
0.088292283944614	0.741879788655779	804
0.0574122452770111	0.67205322106548	279
0.0589292048457381	1.05134004983756	605
0.105423080599008	0.785493076885916	605
-0.071671387298013	0.63338196513282	605
-0.029572981282922	0.427231866122649	316
0.014273071413475	0.359592649690743	316
-0.109905963792894	0.316661756944165	316
-0.083803757134955	0.585760553698104	316
-0.035316811972345	0.666371477623281	1073
0.011147219325218	0.594064695444116	1073
0.104223166700655	0.855348248432644	25
0.089884215489615	0.561360395787788	25
-0.066563155343232	0.416356927816273	25
0.08937298868908	0.53865167451695	25
-0.043624235838639	0.414223907871544	238
0.121833476939181	0.541951218196406	654
0.081319348428344	0.535401230606618	654
-0.087294004562997	0.331834837356048	654
-0.108050264162332	0.327256653825192	238
0.031751442085916	0.455764396724289	655
0.00145313733726105	0.34195903684852	655
-0.033230486474904	0.247954011418384	58
0.120688166697067	0.830859504468379	66
-0.121448840483797	0.58596606442605	38
-0.073441452497347	0.340956746074444	556
0.065600092674779	0.799552207766448	556
0.0656344105886471	0.55556271434571	1689
0.05581600820902	0.525412512213952	1689
0.061178009452049	0.608914499608521	1100
0.02068287556843	0.673804325495718	37
0.014246213918475	0.591870545071037	37
0.055040792609532	0.754110685754156	37
-0.082181750312263	0.401198027692359	37
0.011687749844275	0.450696245084646	37
-0.03258738127614	0.335761501443053	124
0.000870926449469955	0.446153356781285	124
-0.087933896224365	0.237882895748974	287
0.027694252420184	0.899334823836882	287
0.081313902775245	0.974149424029455	431
-0.072592611158884	0.330763731619291	431
-0.015996117013595	0.515123706302168	412
0.086361508124665	0.45134087115893	246
0.064006499014817	0.539774658848303	280
0.117091577182781	0.191477437881795	67
0.026965834838846	0.271095080616048	1425
-0.033214158677119	0.168728506863251	249
-0.118911295246632	0.153650567708562	249
-0.068001974684391	0.473819740667317	334
0.00419632584443796	0.449767501386479	2061
0.091397926083583	0.553061911942695	2061
0.123391338113116	0.720750877905764	1475
0.014340767297943	0.351553881035522	68
-0.098923482412608	0.328788800835901	68
0.0568645593545269	0.361067880986728	68
-0.030697961258055	0.172406008891331	475
-0.035096893389296	0.163756335924017	43
0.11222700194726	0.191668178247491	1869
-0.030697961258055	0.172406008891331	43
0.115349855863619	0.192475636661027	214
-0.035485609378508	0.331653312847343	105
-0.031407250186331	0.164667302366903	17
-0.032771858358728	0.261321655279519	17
0.060719691375773	0.370440250927995	3
-0.054607516332946	0.554888295878807	804
0.122159492865484	0.849769038570291	279
-0.095917955335117	0.71375710361297	605
0.0466165469334791	1.02694972778222	279
-0.027971011574673	1.10399871255206	279
-0.121435699864229	0.323351147591024	316
0.029294025331338	0.949796808984738	316
0.00925485492320499	0.707421852835959	1073
-0.042756166781977	0.422583382565497	25
-0.0309517641897	0.493793679342268	654
-0.059262687806928	0.33026349807215	654
-0.082672386000682	0.249090846200668	654
0.092686003403332	0.480731683280379	655
0.098329756278459	0.454410025964969	655
-0.057455215463465	0.336387880610209	655
0.064575926214373	0.457289613855716	655
0.00784817094782198	0.510266840016916	66
0.064610603534128	0.955272692483398	66
0.094723995474885	0.621947874246939	66
-0.027534480157711	0.425918547489486	66
-0.042530407148917	0.537299491870333	66
-0.112032575438831	0.40432562294052	66
0.00817874015290099	0.500900084197048	66
0.0413621936020721	0.893332452370481	66
0.053372070928186	0.994406720609714	556
-0.023526841939247	0.895575432401359	556
0.118347718798838	0.65524122995748	1100
0.092505464512162	0.63875101834751	37
-0.087147090708739	0.456024007060875	37
0.0319065065531911	0.67673080707117	37
-0.102929170450756	0.315450416554278	37
0.011002782361458	0.351733669975207	37
-0.121228233165705	0.32864113548221	125
-0.07729445217754	0.422563313832008	125
-0.076072601257684	0.339262822829865	124
-0.021947967134722	0.339241414206726	124
0.067935691824644	0.554130618009703	124
0.016374992402285	0.343301413155578	124
0.092010442271966	0.757182501039292	287
-0.092016138767089	0.584214240421332	431
-0.017515843100379	0.435663095713467	431
-0.042487903686548	0.541376400344269	48
0.115587984086728	0.363774007227282	471
-0.032279168225838	0.168821825444316	67
-0.118911295246632	0.153650567708562	249
-0.108813316139557	0.395409251047469	249
0.033407817842137	0.271928099832211	334
0.032606149685276	0.274479008329777	334
-0.080583747993043	0.248444301096249	334
0.057447105146836	0.661499205686259	334
-0.111248204022728	0.326409573635929	139
-0.080457700060573	0.330729357121297	2061
-0.123646628680464	0.240286584115627	1475
-0.017114658628699	0.493420424958598	1475
-0.051100176816105	0.546005729927542	1475
0.04575432665649	0.721218697744066	68
0.120447921821116	0.190347236487433	475
0.114386857965339	0.196766872483384	475
-0.032086218448483	0.166222906344493	1102
0.11222700194726	0.191668178247491	845
-0.070427089889433	1.33361718375076	515
-0.10526838800475	0.51598477588695	316
-0.113198782359284	0.482133549629394	316
0.073440546169992	0.733200844616028	1073
0.0824622681139729	0.831570897992454	25
-0.047340902138353	0.426589377573881	25
-0.103555917738906	0.38189802680923	25
-0.084331999870056	0.476631776659368	25
0.065852061324557	0.549164456074366	25
0.0702183121771161	0.685271989118041	238
0.122329639125212	0.601120989523882	654
-0.054108191408268	0.416896105220157	654
0.027848502622964	0.446570247221574	655
0.087453336366404	0.541568149357558	655
-0.090827156409856	0.338565437471983	655
0.040475754234936	0.531580360264933	655
-0.036002103862841	0.395251659071142	58
0.049661204900347	1.14903177210428	66
-0.021831902976804	0.62158859907678	66
-0.00322096108924702	0.57610521174136	66
-0.064186395108209	0.647672480464235	38
0.016352693361376	0.659582436142582	38
0.045348069501846	0.659077346012204	38
-0.05619421278413	0.426618494443396	1689
-0.071842187773445	0.496863491558287	37
0.021715400558764	0.438820280531903	37
0.060260854220603	0.45382833314107	124
0.035777406888706	0.528395340005512	287
0.073453926453547	0.796214013114823	287
-0.028306361853253	0.708833898876632	431
-0.051947923643955	0.337604814030941	431
-0.095991435147666	0.323187257241184	431
0.101997936568187	0.706972383374962	431
0.063657691649109	0.527423606220392	431
-0.073916505671674	0.49492668946947	48
0.0580487223696931	0.459212931415567	471
-0.039122438724437	0.256667032336342	67
0.065778983864363	0.365224105920157	249
0.117806159978974	0.290208937412052	334
-0.031335079378632	0.246459626113998	334
0.06593146538633	0.533582752845947	334
0.117443835806752	0.54658587297933	139
-0.115808406143125	0.31943272049891	139
0.051664039049991	0.360811014002983	1475
-0.101650615617332	0.305037386567984	1475
-0.046302360781991	0.419860978010857	1475
-0.048194884811401	0.425143687000879	68
-0.107481993937491	0.235055461590023	68
0.018021863512387	0.582523302415242	68
0.095959865536738	0.629179483963689	68
0.119508564688336	0.286185913709976	45
-0.044085936882667	0.341883609457616	45
0.124454099398189	0.384110346521457	889
-0.118911295246632	0.153650567708562	889
0.119252446491846	0.193616815401466	214
0.119306346011321	0.286046179168557	285
0.117091577182781	0.191477437881795	1102
0.116127503065343	0.188456919547633	592
0.120402327924113	0.293048386895837	592
-0.079766908354745	0.249007273745329	602
0.03317693626003	0.269393747568225	602
-0.073493154476163	0.917281185277524	279
-0.016154953338722	0.964712895591698	316
0.079056439115043	0.880847738707913	316
-0.119068003805171	0.481393927611095	316
-0.092819815966697	0.393422223025754	267
0.079142510937975	0.774291524631884	25
-0.081977408115507	0.482835993141375	267
0.05457955597026	0.536280923702795	124
0.047082227277093	0.528469970021157	280
0.034226367172627	0.715626464800608	280
-0.059389687522627	0.339773491994264	471
0.044559490407717	0.533969355147592	45
-0.033214158677119	0.168728506863251	45
-0.123994452479563	0.234522792112219	45
0.122192202175811	0.456089490739577	43
0.112462015594194	0.19254900802788	43
-0.027877247648872	0.169718056278688	43
0.031384818066318	0.269822309278163	229
-0.119832952954004	0.155498401648501	602
-0.040590456543916	0.250512952625949	3
0.04168768288139	0.684347589503504	316
-0.036682797954205	0.542013630415975	316
0.112185271783531	0.623770838944195	316
0.012614398285649	0.450757850011749	316
-0.044950237553844	0.342632510215485	25
-0.05768800385217	0.389506862590728	25
0.056895554044668	0.373519836000221	331
-0.058731907939074	0.633059730327904	38
0.02236619578757	0.424012555217579	38
-0.034635345164804	0.556845120939972	38
-0.044612479890269	0.629945313459787	37
-0.11817778451349	0.152315488722907	124
0.122953314144604	0.559542523399609	125
0.013309168729935	0.354155341616732	431
-0.119007942577577	0.330236854778993	931
-0.089159596998126	0.418392909111279	48
0.016545889949182	0.349377111640557	334
-0.0539525183528	0.653122378731854	68
0.069518009390056	1.03256281780947	68
-0.123712051871719	0.571383637841685	68
0.122194182185456	0.188689468237621	43
-0.025962350751097	0.350423407461309	285
-0.064571015177394	0.340882233739672	3
-0.060284711990575	0.496349406491186	3
0.03599696057629	0.280641498794384	3
-0.08598983668425	0.407153569733815	316
-0.120912217284404	0.335311414217865	316
-0.068647227391133	0.480123697837641	267
-0.000809035143360004	0.729888914964921	25
-0.066163629213473	0.404309381634508	25
-0.035858304105637	0.606105243331038	331
0.076261823951897	0.360435542536768	233
-0.087118150276999	0.237143618348648	371
0.057168019728209	0.465102727921115	371
0.11792580462795	0.378400648818341	371
0.047585025430736	0.446064807194338	38
-0.00540798866734199	0.791332626356068	284
-0.015384085623983	0.511325183806682	730
-0.040319277375913	0.255013772378436	623
0.122363304425995	0.392541807645659	125
-0.102025851182897	0.332033563211146	931
-0.068846497034574	0.740601820727768	431
0.123604896388473	0.639736017062449	48
0.121458354960828	0.29257965643258	471
-0.085070558554738	0.2485490596291	48
0.053220538651696	0.975245314142483	249
-0.121449669542821	0.372784102742975	139
0.101726671367141	0.629827603090205	1475
-0.062059636562324	0.420666645273665	68
0.122223222942704	0.383331618103555	807
-0.045598872900387	0.434200441026155	807
-0.031859729488141	0.171527451678033	45
-0.117983740190486	0.153072168149203	97
0.112462015594194	0.19254900802788	592
0.0566200334907619	0.364126743831784	39
0.024243836079374	0.452662549025985	3
-0.095292927466609	0.581520488139479	316
-0.000634033432688974	0.574724949129095	373
0.108322834204401	0.6434428136119	25
-0.047861551062194	0.488965725932996	25
-0.076300672248393	0.470097647217168	25
0.0589699051848081	0.67913521986185	25
-0.070127121976276	0.473751737311112	25
0.047236903878903	0.665215157563746	25
0.00780737352290495	0.586820251161875	331
-0.054876241625574	0.424671130532307	776
0.12375718842888	0.636743370090309	776
-0.090384538645991	0.409072380510376	331
0.107870259965528	0.63939270251021	371
-0.089272649382324	0.558319740895995	38
0.018866942936686	0.989343848831299	556
-0.099011013059991	0.394481790847752	37
-0.076852495079042	0.644292665691011	37
-0.046638660138171	0.485384898073252	124
-0.106742845207008	0.558266946016562	125
0.049586475219242	0.816406235154547	125
0.030889832877958	0.658793842906672	280
-0.06496385415742	0.562421940538044	48
0.056047082161002	0.666095672531219	48
0.058088727980455	0.541193541078805	48
0.05428132493706	0.464746728912327	48
-0.056155161202163	0.328761866660234	48
-0.00074285029952198	0.433042205531059	712
-0.096352365576785	0.340473884241332	712
0.020795478237297	0.592438022302884	334
0.00250800648306304	0.31908206120928	139
0.00112763082070699	0.438944676540248	807
-0.084927834073006	0.250525052844597	807
-0.03246047114762	0.258696078218971	807
0.108023158798596	0.18942262697525	43
0.027810982534178	0.263350509834326	43
-0.088928022446352	0.248637361683482	285
-0.121555067293446	0.149605671177548	602
-0.027127171664292	0.345740590886545	39
0.084107740570141	0.549891158929293	3
0.116783470925027	0.182433981366525	3
0.095727422939735	0.467306581051116	3
-0.110068945553166	0.928884266322681	316
0.119257444814914	1.03629295272201	316
0.074901136208676	0.843158405029068	373
-0.012085894620721	0.731429590898541	25
-0.099366236704225	0.47226294200757	25
0.026451693024847	0.531517484247284	267
-0.084722549243045	0.398909857539174	25
-0.093513495323265	0.39669274944254	25
-0.055554193624922	0.566807753059598	25
-0.057849528952705	0.534945742276631	331
-0.02431514699705	0.514510814315106	331
-0.08214981904127	0.593383537431262	371
-0.073121421864246	0.47579923657497	371
0.029804763434271	0.577656930962962	371
-0.049425005314299	0.405957399610416	371
0.058677280671981	0.909759883219024	284
0.022510945166241	0.967846016080776	284
-0.051512433661949	0.742237513084405	284
-0.095943670965233	0.813974267898756	284
0.016932089711451	1.15725941335211	556
0.015984137397457	0.883333574931343	1100
0.098431623409004	0.912626610415297	38
0.022789950022397	0.533702476003643	1096
0.091256082297061	0.681132428882381	38
0.00597539055160001	0.493987236828672	37
-0.091363723110993	0.411318236339156	37
0.014958054442559	0.713090862482183	37
-0.045148685014593	0.577908883262653	37
-0.12254413704427	0.654279588377048	37
-0.00922065919679599	1.02481562007045	37
0.039753199915148	1.17492554057634	125
-0.099524499747363	0.571941228524428	37
-0.096234954637048	0.574331215138423	37
0.055050468928047	0.980260968397843	125
0.065307555836567	0.994951189771515	125
-0.051400133342903	0.867596576130103	125
-0.017046995395378	0.874436448796884	931
-0.087584025846842	0.578272734110157	265
0.031444000413169	1.03206808295549	48
-0.046594935755696	0.342421496922648	48
0.072072617364714	0.368497604664403	712
0.104281609084095	0.685384458253465	249
0.0376076548011151	0.985315272617491	249
0.0523852247543281	0.523869258687487	249
0.119046335790286	0.55891187288338	334
0.021719546489152	0.664190417833916	139
0.055806714680416	0.681174407099813	368
-0.00804727492116902	0.634808067405735	68
-0.104316763383395	0.554215818809239	835
-0.048578076049011	0.344546523238859	807
0.021054389554046	0.630864570551814	807
0.021550585692915	0.580875507842267	807
-0.088928022446352	0.248637361683482	50
-0.081904138839813	0.248545684289919	45
0.121257825304573	0.390841225299487	1102
0.043469044401263	0.43374775682536	141
0.0441445755401459	1.05156673072292	316
0.060731223341179	1.24014881588853	316
0.123767616879976	0.790320839348882	373
-0.018477266144624	0.422266846383877	373
-0.04508730303432	0.33802505042291	25
0.0439143982989429	0.57582370942687	25
-0.097663448209831	0.488879111453904	267
-0.051040333852822	0.581738145729921	25
-0.036295308436855	0.700629066191798	25
-0.117670683091342	0.467252514626742	25
0.046483107332566	0.808270190071069	25
-0.078900432426177	0.574957384897522	331
0.114819881096834	1.27051045029966	371
0.04049460242778	0.828673918758363	371
0.077545921626587	1.22398698334942	284
-0.00661063752504398	0.549354440637633	284
0.086262612420726	0.812656786072351	284
0.055261679224534	0.893391545922016	284
-0.062450059190647	0.767030247122801	38
-0.116542370470683	0.581391360193307	38
0.075084095420095	0.630646705478922	1100
0.014624502987551	0.598354220368666	38
-0.033842004380834	0.632277327496115	1096
-0.09298396914429	0.365404788723795	37
-0.091194320412613	0.477962517753116	37
0.087745622637938	0.693297609873428	37
0.072520705457088	0.678645234995404	37
-0.051488826668233	0.492049985136258	37
0.122575602192976	1.10006585711433	125
-0.052751600049754	0.727004692564336	125
-0.120650068940446	0.331289043828098	280
0.091653556742701	0.723551085842074	931
0.096556414511513	0.556627691573282	431
-0.007905326973012	0.716648828012991	280
0.091540418884523	1.06227290344252	265
-0.121710880948418	0.40222595793939	48
0.093809018195973	0.747984086404506	48
-0.048145288747091	0.542552343718669	249
0.10875145244845	0.700257922286489	334
0.111900491970459	0.746920384902416	2060
-0.108966034829027	0.5054250954661	139
-0.099673152214284	0.311154495352908	368
0.102854648095161	0.708194748138575	68
-0.104456501186412	0.310002263442874	68
0.0632359896179709	0.549466248830812	807
-0.120514757283493	0.237113398562356	807
0.020862971551479	0.441908531288142	807
-0.091281022956713	0.235616528364397	50
-0.037503785033941	0.340547012763019	50
-0.11483684587865	0.158057326123059	43
0.119671122877884	0.290230711053768	43
-0.11852273376765	0.156167655789556	285
0.08264715628701	0.44161913628309	3
-0.053704899577403	1.31752627157518	316
-0.060016211749475	0.482639992445593	373
0.039286384818463	0.665967046039039	373
-0.124623916256771	0.326620890127623	25
0.0607959810182041	1.10737304989699	331
-0.058819171335555	0.686490938004781	331
-0.054551255640128	0.90656180991211	371
-0.114249109778781	0.776672246216451	371
0.030364864885653	1.05527740475266	371
0.114033033868908	1.13675830264414	371
0.00842431873665595	0.850017271903107	331
-0.028047622123455	1.03213375320593	284
-0.054782358577989	0.575247708974553	284
0.111137873790339	0.865653774334158	284
-0.013424343806506	0.515561308297609	284
-0.06567684919099	0.905437322474093	38
-0.084183798912273	0.554757808551953	1096
-0.068389518654934	0.608379065450743	1096
-0.070438215015713	0.492260172751643	1096
0.096414574572711	0.769559355695692	1096
-0.109669247043303	0.314839893274772	37
-0.065042423133342	0.468752571249156	37
0.050033669189558	0.964502084398879	37
-0.042536004432273	0.63733781898711	125
-0.042439587293386	0.639189200732885	125
-0.030711538396231	0.405550214517589	280
0.062249542796878	1.20524038396492	280
-0.059973985361165	0.89057083816725	280
0.040391423468149	0.695172261997007	2301
0.081886719424297	0.896704129845765	249
0.071681779325237	0.553285045648108	368
-0.098366483437819	0.229146103217689	368
0.087341180953721	0.469872708216379	68
-0.054322402319396	0.60805853437537	807
0.087068656205994	0.615346874705747	807
-0.028472425462538	0.420925359977703	50
0.0891483761341551	0.544411793297194	50
-0.122967484370057	0.329446758281263	145
-0.122829642383243	0.234519181926914	1104
-0.041853615637819	0.248432926197906	43
-0.038180935189797	0.260169513561695	43
-0.117409458199978	0.153373751466469	1060
0.11563842261512	0.278811342813639	81
0.117806159978974	0.290208937412052	3
0.00981810092356294	0.934648221520458	316
0.015246314406944	0.522981751486578	373
-0.071321061751006	0.431284584791067	267
-0.073811868042297	0.392931646975171	25
0.00996197418850797	0.50431537166113	25
0.035421418638894	0.800966918796567	25
-0.013962442323725	0.639557452309641	25
0.052922352088314	0.807993505831961	25
-0.099675518905236	0.531734521257925	25
0.056497925872131	0.993158391915504	25
-0.047699783249575	0.722921996994704	25
-0.028557700715341	0.656786304851473	25
-0.083363956968154	0.708318517454581	25
-0.059459087159902	0.60924204768272	331
-0.010773010169209	0.799748992678285	331
-0.071476960669592	0.568717739945781	331
-0.063038065619655	0.719889582586673	331
-0.032401571756059	0.734581267894165	371
-0.106382482023786	0.611017105856886	371
0.078179221791888	1.28331153829151	284
-0.108852415594227	0.403267154380685	284
0.022913250590229	0.97969496636155	284
0.029063880764975	0.878155575606436	1250
0.026652805035458	0.717357314567825	1100
-0.108083743413552	0.69785713302221	435
0.0898504263432029	1.44005677662381	435
0.105548444381523	0.754595066355085	1096
-0.067635053571656	0.424027231238795	37
-0.057783740656444	0.48549954516657	37
0.113602130671092	0.790930643086698	37
0.067822283855242	0.743504630784262	37
-0.055371252672306	0.550562364410536	37
0.016607443240142	0.420365888096062	37
0.000528690573171953	0.720164625184583	37
-0.053926611681949	0.749882140625133	37
-0.00348767573599001	0.584190909093413	37
-0.00263439274219102	0.737042310835827	29
-0.031468365620194	0.656091703866775	1927
0.014671758589763	0.656853082859326	2301
0.10519104485473	0.901797965365743	2301
-0.0683628237612	0.451587144490888	712
-0.117782897010889	0.315384387597216	139
-0.021814672762266	0.504688149795373	368
-0.05266648606074	0.417901275734011	401
-0.00481144140213402	0.425607359267503	50
0.038293545336502	0.266501625423736	39
-0.00443448964239201	0.511713224288792	7
-0.032795452868437	0.170598242060832	3
0.017444351545002	0.437903665711288	3
0.00777315117353605	0.649124143212909	316
0.093676474596451	0.956034488147211	25
0.075070742232085	0.688620289012423	267
-0.095277540388044	0.4121448574624	25
-0.059712710510871	0.416529443116472	25
-0.085677997548759	0.397055948105978	25
0.105949391315783	0.709083841374907	331
0.068856602529223	0.673418455350281	331
0.0570908073774991	0.535404133487311	331
0.006858461170135	0.421293935060048	371
-0.000350526940753992	0.485341868634149	371
-0.038244799281497	0.553513485837732	331
0.057142444064735	0.521101255122104	233
0.047896927856507	0.82456137328381	38
-0.123313410990651	0.561523942977679	284
-0.073409090722883	0.481464440598577	284
-0.094766352517682	0.7704449957963	284
0.094893781124866	1.34053313123889	284
-0.114899039471819	0.494937316970383	556
-0.023196068460945	0.569155576363739	556
0.102712267609442	0.757485364728184	556
0.071921264026193	1.12306477459671	38
-0.114961713966599	0.556782002703177	37
-0.017969724070628	0.895724030026571	37
-0.055684020372588	0.66227326745016	37
-0.027811757238745	0.573368152266514	37
-0.120640724896597	0.399370484483286	29
-0.00573699141829498	0.41171188463674	29
-0.12101788046141	0.312339400988305	29
-0.082875700300525	0.659693677341772	280
0.05783951211496	0.882773327786254	280
0.04352538217291	0.890810026493123	1927
0.078427922051866	0.446644353126707	434
-0.021079365416367	0.341748818414366	249
0.0629384691077191	0.373500506438274	249
-0.099286934851503	0.389238334734925	139
-0.113884940555089	0.564514883284762	68
0.082606824824042	0.617541663845086	807
-0.113059913588452	0.328362699958627	807
-0.081337858557341	0.403436525383379	401
-0.032051384919257	0.166665536980922	50
0.113424244432263	0.196906484145393	145
-0.115029668135505	0.159035522596003	43
0.116127503065343	0.188456919547633	43
-0.109633346483947	0.321098314220229	7
-0.015006299447733	1.55903148724409	515
-0.120695769463077	0.888931579478613	515
-0.085670401680912	0.911236442905874	515
-0.119369472891522	1.06926465736726	515
0.092490591830767	0.596469378195557	316
0.0220461203758	0.914610558249783	373
0.096186766993621	1.16153842478469	373
-0.10792259295615	0.606949775522343	25
-0.081572950254931	0.248870115503304	25
0.012051137283976	0.35139894318828	25
-0.011318621152804	0.34445680185257	331
-0.09103559193147	0.239923494091313	331
-0.072192255617552	0.552911502021732	38
-0.08347504346561	0.408357488627368	38
-0.104197416328968	0.394564213638346	284
-0.11634150219214	0.875862959019376	284
-0.118147240205711	0.532149791775882	38
-0.000575120915836003	0.440930326993526	38
-0.04047412243051	0.772395191308105	38
-0.104941875516237	0.336538416551056	37
-0.043889989274515	0.418894593075852	37
0.087999915477302	0.911582865575807	37
-0.059932975569324	0.484124578841329	37
-0.040603482583963	0.489768306475323	37
0.124307235616555	0.38107227294029	29
-0.036181306862636	0.626689336473199	280
-0.027740466439018	0.890069608920624	280
0.046729653550217	0.757773614264548	280
0.051702499827388	1.11082480342624	280
0.037494825014685	0.271758362637097	427
-0.090310815836379	0.741955697162792	249
-0.111672973158357	0.54825717523019	368
-0.036953334333069	0.603914486509436	368
-0.000781384206002989	0.337296202952187	807
-0.07213492247592	0.560715971410629	401
0.10769355877426	0.178300858133132	50
0.118520039230331	0.190125972241398	43
-0.027500480162373	0.263471834229673	43
0.117271017267677	0.549368031907108	196
0.019085694857955	0.424348850131589	196
0.113189776914613	0.191551475973684	196
0.108261470537182	0.190017101244542	39
-0.043413587147276	0.424423815559988	3
0.041542650547321	0.278997969641854	10
0.046152523220047	0.584041755932676	1989
-0.011491620526445	1.02176392107689	515
-0.07641735767448	0.475358411976235	316
-0.086826319948834	0.460583078428819	316
0.030735603203614	0.44676818566817	267
-0.103783179393232	0.795099185783472	25
-0.093995934879203	0.715204852566433	25
-0.00246282415955701	0.564779766028237	25
0.00638785773964401	0.579951773721186	25
0.124419714000615	0.295510680824064	25
0.059812338106059	0.359873966290849	371
0.000272763660540964	0.338221871049972	371
-0.123930057683557	0.427349843043741	284
-0.028018017528107	0.412057040333095	284
-0.093939003440412	0.781882071563887	284
0.017294123383946	0.931631605912377	284
-0.09308469329016	0.880824348600076	284
-0.093898049204216	0.751404928991288	284
-0.099639782895802	0.830366327475973	284
-0.00422811779458998	0.633363316560344	38
0.080526659929822	1.17058875371707	1250
-0.00442804612398201	1.17296007053184	38
-0.094093431235884	0.889577997657549	38
-0.074540353565069	0.415428430269342	38
-0.068722770953122	0.676135548862349	1096
0.026977363785667	0.819844519014353	37
-0.077192821847492	0.880364317433579	37
-0.071742267857695	0.33535118742857	37
-0.122503970626318	0.150573123103154	37
0.108365653662332	0.715047111549071	125
0.0612474128380121	0.365066355851427	29
-0.042510371743958	1.09817343086581	29
-0.019508035685423	1.35258199896087	29
0.086624449750434	1.50041075342923	125
-0.090428144089089	0.336091279914609	125
-0.10484472226111	0.886132515294722	280
0.0656650811426141	0.365155145603743	280
-0.047777690693807	0.837235929279675	48
-0.066251369734745	0.629412931709852	1503
0.113424244432263	0.196906484145393	48
0.117324240359805	0.193402661278607	427
0.113424244432263	0.196906484145393	427
-0.025962350751097	0.350423407461309	249
-0.00305861949804798	1.05187672253828	249
0.038962926039968	0.278105050577512	249
-0.11520774815171	0.156788239945187	249
-0.039531669280054	0.254109629515756	139
-0.120782251118165	0.154571834731082	139
0.00176018884851303	0.855902045502974	249
-0.108929549831852	0.40612625418388	68
-0.096533886957398	0.557514395318937	68
-0.073104432628659	0.637451310823645	68
0.108456229929706	1.1165253635051	68
0.124997691569805	0.290668033426939	807
0.105850244769651	0.542479399446377	145
-0.118328517902823	0.152064768785349	43
0.117091577182781	0.191477437881795	196
-0.119831466488934	0.154713490816514	39
0.050723484068847	0.718884725437956	1989
-0.084813492831642	1.77859671243089	515
-0.049478603850322	0.728434131654126	316
-0.010097784447658	0.700499885363312	267
-0.025709067679821	0.721958160321125	267
0.119279662618172	0.993475684149789	25
0.056469857327505	0.683431423036061	25
0.023901596136613	0.520855814806219	25
-0.016411730845191	0.624296475659818	25
-0.086195430558135	0.473012313005049	331
0.00935761070654095	0.529491684523036	331
-0.02475125068903	0.566963971475644	371
0.022977119606633	0.518941530468134	371
-0.061000106012767	0.411628605170406	371
0.102695216111955	0.981689567367242	371
0.012957261310564	0.680318057344761	371
0.024369128312333	0.587002665089959	371
-0.01948452273984	0.503703018519271	371
0.025637821717946	0.742809551519598	331
0.025449438164753	0.708589668242707	284
0.062536865837436	0.752214855678927	284
-0.084020042122637	0.702005943432063	1250
0.030064854850664	0.59705739279423	38
-0.049342325965603	0.573461836433011	1096
-0.01589749863904	0.542781084602187	37
-0.091685775455322	0.482869573175622	37
-0.076049136424203	0.490478169208963	37
0.015613084673449	0.930958529894676	37
0.100038950222513	0.812990443101812	37
0.00119892171718305	0.707446818720456	125
0.03446782821433	0.71469290216132	125
0.049961226682266	0.546122482491127	29
0.0837817904086981	0.84580961676686	280
-0.055945909501165	0.569770214007505	479
-0.11606348709071	0.502816635903912	479
-0.00497318953471199	0.781268010582819	280
0.085935379780029	0.584028033937503	1503
0.02113861349576	0.504162520727746	48
-0.033660733288836	0.334905122089814	434
-0.042956787204623	0.338981393931946	427
-0.00605803939845301	0.413308567046476	427
-0.075308127196683	0.334596813458501	427
0.115575919969262	0.612751904134125	249
0.013270489159833	0.356197536057282	249
0.064938433486156	0.369905579237572	249
-0.085158417934942	0.407377531743714	68
0.116732800698136	0.788730726142136	68
-0.011992015169433	0.49966205721803	68
0.017453901296776	0.474175227123454	68
-0.012564275230936	0.415892807231107	807
-0.12083249185299	0.23839461477421	807
-0.030351709930657	0.345064606876383	50
-0.028315130350886	0.343929936640526	50
-0.115949719548467	0.158098750853136	50
-0.03931535545046	0.417917186588511	145
-0.028697998089681	0.262535886817541	43
-0.115949719548467	0.158098750853136	43
-0.117603293213908	0.156296236238857	43
0.113658479529601	0.189270038586502	43
-0.025068299970994	0.170150979845328	43
0.03707834658508	0.281889611573346	39
-0.027166058066956	0.349632164315318	39
0.00564203758567305	0.341521698373814	10
-0.040943080714101	0.520981208950721	25
0.0910333090447461	0.799997866128378	25
-0.09737749720626	0.464600874125318	25
0.049188400824336	0.591271013116056	25
-0.116234046414596	0.393081054710059	25
-0.094473800353937	0.390720965611842	331
0.038589227570947	0.894277509367359	371
-0.056110520155375	0.512298283579018	371
-0.077661430712008	0.535932709686289	371
-0.067098455242792	0.483040014560393	371
-0.082242191850216	0.479891400468704	331
-0.11738503623099	0.52194338311697	331
-0.073983004282637	0.603886745536675	38
0.092005970470603	1.01473278333657	284
-0.054679632653222	0.55393926310983	556
-0.063944273165136	0.779098917831414	38
-0.073737976332481	0.563331034473988	38
0.114315580384303	0.780414375624834	1096
0.00159939813075904	0.617394313081253	1096
-0.074881293087292	0.478164972963811	37
-0.096690882720357	0.403469499725527	37
0.048546282692245	0.612676169219739	37
-0.080039506835048	0.536487366748137	37
0.030070900014759	0.771800861678971	37
0.095633995571002	0.659403917871811	29
-0.089800881787994	0.556747208409247	29
-0.050865263595938	0.681135473841037	280
-0.105486263374037	0.559844733283227	479
-0.082439613798854	0.622272451922648	479
0.072931909214482	0.969729251697901	280
0.020437507797411	0.740484481142302	280
0.085479982751307	0.542533123655952	427
0.067825169322529	0.547919016964297	249
-0.083564724284548	0.392638413175417	68
-0.086946307722754	0.391532963793796	68
-0.024741094910123	0.523740109957593	68
-0.057002701203295	0.599443486141401	68
-0.075368655939978	0.242404530477125	145
-0.086654485732544	0.339777432748327	145
-0.115949719548467	0.158098750853136	43
0.109223048028181	0.189904324641206	43
-0.08562434630923	0.340736898318387	43
-0.036735749340458	0.165043450927685	232
0.068421786115732	0.460961935675976	3
-0.027028811822888	0.417318312936535	10
-0.077566197679882	0.25005856830241	10
-0.028326731242369	0.167832633383403	7
0.115627913693241	0.674384431837238	25
-0.051341417835842	0.483874143834334	331
-0.103892140946201	0.373693917208234	25
-0.087457842974526	0.404239653228721	331
0.100637272112395	0.624688968256856	371
-0.031386525405549	0.566691694734614	38
-0.02770328800906	0.741368743027454	284
0.102651173231835	0.888902883125724	284
-0.116869500786167	0.472951820062305	38
-0.024681321124667	0.637142290773339	38
0.116744408361248	1.08114584026584	1250
-0.00640718117949701	0.650539707275109	1250
-0.030033763996117	0.601066927686631	556
0.0608227578782971	0.702212074711356	556
0.00403012699776495	0.6232539915761	38
0.092758023108383	0.713731404945113	1971
0.023414044945075	0.663208213530169	389
-0.049967060292165	0.640376490705089	37
-0.062908517051818	0.415874926665063	29
0.015463024401591	0.513335477251891	29
-0.036258053648006	0.791274010151605	125
0.10771047835776	0.621013543356841	280
0.037178317684102	0.610440319243687	280
-0.00821090265694202	0.653468792862972	280
-0.040498344290106	0.579039543164077	280
0.089495272354997	0.656505482561193	479
0.028793991059334	0.43892397895343	280
0.055800513518668	0.373196959667868	48
0.077404374200037	0.446366249394457	249
-0.072014500732897	0.416167919960112	68
0.0908215078587899	0.559349343349313	68
0.08985688914457	0.615905463724836	50
0.035197180693167	0.277749685314985	50
0.118288152482335	0.196630633273367	43
-0.029459161089197	0.162002048582234	43
-0.030697961258055	0.172406008891331	43
0.01211082751332	0.356491240748311	81
0.012699213248979	0.452808707138766	7
0.048893938306219	0.983031897652129	267
-0.074534969854447	0.828573665697496	1147
-0.00578950538734102	1.04411628749307	1147
0.045188669687065	0.755874449969025	25
-0.097672728447329	0.460078232910467	25
-0.00845633989404898	0.574411825447699	25
-0.097349770027883	0.448709683355117	371
-0.080918217092222	0.462952845678827	371
0.014356549451145	0.504497759017074	331
0.00448794416697795	0.630423976700115	284
-0.031257749178003	1.28447416575193	38
-0.037427183812766	0.869246762231773	1971
0.00165459339651697	0.73463255328745	37
-0.031207585751021	0.551952479068596	125
-0.114145085052913	0.405568275023491	29
0.11092030138985	0.725118210429316	29
-0.018194052212983	0.733102991519019	280
-0.022713240205571	0.73919605107055	280
0.050193670964123	0.896724893190376	479
-0.052829027065964	0.670363768670994	280
-0.124035240186893	0.455559919193707	48
-0.018469194685685	0.430656713615091	247
-0.031012464109913	0.428040102626738	427
-0.09600470824766	0.328791804664435	427
0.094824740123751	0.557190997905202	249
-0.108408758929188	0.525556431855203	249
-0.118219913774257	0.470314640407129	68
-0.036581288107426	0.502719863224035	68
0.00359332987716299	0.347392763794353	1103
0.120447921821116	0.190347236487433	1068
-0.110906281295101	0.321264652617594	3
-0.120438595078504	0.335576219590452	3
0.00898170094745499	0.344575379190173	10
-0.074930336991071	0.412818113324838	1186
-0.079018788425634	0.477403856190873	7
0.056333322429081	0.814896628283058	515
-0.054155970425164	0.553722500499331	515
-0.123517519336171	0.383347232251451	1147
0.111350982940746	0.712042064375076	1147
-0.091595562265781	0.481541604649921	1147
-0.03152417137557	0.904526854078064	267
-0.026664154105806	0.815693764850168	25
-0.018054180914457	0.866739669432807	25
-0.108663075171174	0.570539457711539	25
-0.030088982965896	0.710773714598952	25
-0.01377178827674	0.960529461312657	25
-0.012297045070277	0.887882881645279	371
0.096482342099215	1.09822848170614	371
-0.124510017228104	0.566165361544703	371
-0.096722891777045	0.698526390941223	331
-0.010072940959449	0.977373435669998	496
-0.043115753693226	0.739759910788788	38
0.043975778826326	0.668700484591122	38
0.086742983434718	0.471357191562467	881
0.065410036177312	0.684263768877058	38
-0.067858949560282	0.491879495022348	38
-0.00713934383924703	0.428206736346024	556
0.0186432702315	0.358218005927605	556
-0.107948904840921	0.394313848115573	1971
0.032908234022819	0.814744677849017	37
-0.080212255456051	0.567531600744623	37
-0.049068210973068	0.425602144153275	38
0.032486595597047	0.602893191734572	37
-0.081353116796194	0.538686898206468	37
0.103716343130701	0.70477680054522	37
-0.074507737600835	0.565139584509683	37
-0.115592833365505	0.4857916189351	37
0.123063196261304	1.24080927695146	37
0.056890038844313	1.05581992802325	29
0.105181892819975	1.14527410475266	29
0.055417777763206	0.882696535060013	29
-0.067544253138461	0.721197223771917	280
0.068122168086496	0.681501841401518	280
-0.122280068644347	0.657112413951784	280
0.089423493990933	1.00135266326429	280
-0.069447798713205	0.721660967389004	247
-0.12214306128138	0.457974523800129	427
-0.123776404011369	0.435168734839132	427
-0.08692948448552	0.529620585040256	249
-0.072629273758432	0.418195795488475	249
-0.028545791444855	0.26219452850155	249
0.00466237449822904	0.346833768014209	249
-0.033731036856254	0.16673838318519	137
-0.031633406719734	0.171470018787416	418
0.044746668364254	0.546056051351659	1103
0.059075968674856	0.541236907249985	244
0.049234027422858	0.436267038380539	244
-0.087051987673143	0.329357607386254	244
-0.056281790487844	0.396720277747477	244
-0.111646828966375	0.240441229218409	244
-0.091136947048776	0.242431199655738	244
0.055708065202325	0.371946274222555	1068
-0.030889584346381	0.260068253183045	1068
-0.044850737309596	0.24047767107334	106
0.111264611861622	0.187598069530333	847
0.0268231690348411	0.268616616225779	847
0.033546969387602	0.274555994537319	10
-0.039273481462471	0.156454998078783	10
-0.124730993983615	0.15205286303594	1186
0.034941025334056	0.27565143305768	7
-0.00865962443034601	1.51506665353756	515
-0.049022399899245	0.775550823912343	515
-0.021300470305338	0.647898015740783	515
0.07900736255741	0.690425587926829	267
-0.083695074599991	0.478667871240751	1147
0.054590176002624	1.05425391214762	267
-0.047632343161183	0.787476185601417	25
-0.062274623923676	0.827299843307406	25
0.019883358462442	1.05505125612653	25
0.013655305618645	1.17406796954366	25
-0.112061979390767	0.581574883173328	25
-0.00173645667189898	0.967601391096731	25
0.063925197108303	1.21215850991765	25
-0.06759718406452	0.759797533076146	371
0.120710407096207	1.50849637682327	371
-0.080740342101092	0.796954231430456	371
-0.00709268401187801	0.933862350310175	371
0.090383249569488	1.2133783888065	371
-0.057600205788883	0.883863576069356	331
-0.030650530911757	1.04048021615512	496
-0.066093912150086	0.77789033698058	284
-0.11631406452413	0.39691068633548	284
0.0532643224410671	0.756461924550945	38
-0.096374856270762	0.454821151022639	38
-0.00337688805897601	0.997368769491489	1971
0.115223775492176	0.753208686886932	1971
0.084124990121304	0.898979189478035	37
-0.00522855589149901	0.610128616134114	37
-0.05403995961178	0.635041979261258	37
-0.062181564147568	0.708992179172685	730
0.084683929740526	0.676358600842031	37
-0.079560031010866	0.75205664641309	37
-0.099460245699321	0.753498407892171	29
-0.037451886351419	0.965401596289914	29
0.059725959990177	1.02691815830929	29
-0.064169872835334	0.845740686628867	29
-0.021037639774326	0.50592867582237	29
0.060786257456939	0.549414228576053	479
0.011582724678928	0.507693422789359	280
0.088885472427312	0.55838019732836	280
-0.082908763086407	0.760375733850292	48
-0.000870411258425019	0.885917637726266	247
-0.064252232614859	0.552528117973586	427
0.0293419002475061	0.789343924102191	427
-0.008290522425701	0.798012236273429	427
0.08873305563097	0.914783444448397	427
0.036829477155698	0.27366592789646	249
0.00709949520328101	0.436985608806664	68
-0.120751605569248	0.154581912804799	137
-0.067481626225103	0.344198522950348	137
-0.116049077309289	0.151910032298491	418
-0.123452667543045	0.150419449517037	68
-0.029762377831703	0.17154020454886	68
0.026965834838846	0.271095080616048	68
-0.039117017766993	0.416423802390544	92
-0.084731583494596	0.247016109580104	736
-0.065979290210364	0.403784548196789	50
0.05567920689845	0.361121380043839	244
0.090110813501738	0.466378830117475	39
-0.115029668135505	0.159035522596003	847
0.11890165504971	0.285203680347571	1186
-0.049526265064788	1.58106698240372	515
0.00979217138144794	1.58653288468465	515
-0.032657907503961	0.472609396524435	1147
0.008699726715653	1.02373845847402	25
0.089620532738916	1.20424885522691	25
-0.115062473779828	0.834380583196029	25
0.09889705462819	1.36995677034528	25
0.101916823657584	1.31181353421626	25
-0.099410014402721	0.811601993189147	25
0.070055260126063	1.25562056707168	371
0.07518846810789	1.41818152257824	371
0.040029175207991	1.15811500340381	371
0.036358003399952	0.610987468924599	496
-0.067499631282008	0.479445842574172	496
0.039616522572949	1.5143332861471	496
0.0628984439617371	1.13585779503381	284
0.115941919242008	0.280050003063555	881
-0.056122726553805	0.952665524293035	556
0.017305666027794	0.515095055186351	38
-0.090884107640643	0.766469657740254	1971
0.020576377224208	0.603065011963299	37
-0.071342674912296	0.557221037320517	38
-0.071359927835453	0.494538196120596	37
0.04990546037373	0.895124214119389	37
0.03623369852986	0.723283684777729	37
-0.00694654601470301	0.724448060723403	37
-0.101504107765906	0.708649688748684	29
-0.046968927535002	0.861069878851843	29
0.040639160638753	1.2610597629576	29
-0.064138194877657	0.777456932467731	29
0.021286963216505	1.03162046491685	29
-0.10712092877559	0.631763773599408	64
0.121783228302189	0.689258680208667	479
-0.048978860254448	0.938324989109666	280
0.081907277584513	1.23362952613588	48
0.00645029912824002	1.07333702004355	247
-0.07183008724835	0.789451506292613	48
-0.097986997219505	0.692837958489012	48
-0.074932936623979	0.733079132511966	427
-0.035866185959884	0.73456442178756	427
0.086541241396329	0.969522908039843	304
0.092820316502312	0.567543336546755	304
-0.031407250186331	0.164667302366903	249
-0.121901409888899	0.229960382036285	249
0.0109184913120109	0.500671616357244	68
-0.11852273376765	0.156167655789556	137
-0.110146146954846	0.155202131271362	137
0.010107316316692	0.352059096509976	1811
0.118520039230331	0.190125972241398	1811
0.05393054304431	0.358653536093306	1811
-0.00398062078290701	0.675583682944135	92
-0.075245221824909	0.478957298892726	736
-0.107550598205431	0.403609678784773	736
-0.10287316656996	0.31978877995906	736
0.071387478479284	0.591747528794066	244
-0.041152517469673	0.157867839679119	159
-0.106795681395241	0.320790149921671	159
0.041542650547321	0.278997969641854	1068
-0.029987869068151	0.167115029062024	106
-0.116142963172164	0.157379428819766	842
0.122553157855553	0.295519418649558	1186
0.113424244432263	0.196906484145393	1186
-0.039064600061659	0.163802701654454	7
-0.104082567813119	1.19606015652199	515
-0.030737890338802	0.493584723344489	515
0.012010802305178	0.513349156466195	1147
-0.116474470955191	0.542152661530236	1147
-0.022516818410741	0.783243385084307	25
0.0269830001614469	1.07072402932727	25
-0.078701648802935	0.762994463695643	25
-0.01411771865464	1.11187095590363	25
-0.122150930639468	0.674320573339147	25
0.043964058774392	1.27548883955146	25
0.081758546222928	1.64281683613768	25
-0.1121082646673	0.753343252816802	371
0.11670990996478	0.289089034024093	881
0.026021051464189	0.53076715375964	1971
-0.117286754865589	0.657549705112346	1971
0.053615235599514	0.802808773710383	37
-0.080982336215412	0.715349516401893	37
-0.00792257393599899	0.580674745359832	37
-0.03165293212385	0.684515748081282	37
-0.049803971302839	0.647272711255766	730
-0.088126444828772	0.76713047480844	37
0.106580827545469	1.37461095647437	29
0.017346538137335	1.03854506039412	29
-0.064425047924287	0.922377836087308	280
0.088524375995143	0.52708789890273	479
-0.06053920945802	0.334777170811005	479
-0.071689632283109	0.618233847557094	280
-0.00889153655842301	0.604932435997966	48
-0.122248003702308	0.539088809498692	48
-0.100213991934899	0.632846677978667	48
-0.056042215587503	0.788656898994481	427
0.096654247342392	0.982643582970344	427
0.039143225303334	0.851542507120968	427
-0.087486046627573	0.625584355981374	427
0.115762707707411	0.523761655344934	427
0.059588054923175	0.360971709178337	1063
-0.031859729488141	0.171527451678033	68
-0.032795452868437	0.170598242060832	92
0.028262610909863	0.43090059469247	92
0.109536602282141	0.786856643411009	854
-0.034924341532411	0.256292417576888	736
0.060825910078949	0.718908892953774	1103
-0.107041311335769	0.449898935166223	244
0.078191412838006	0.753027174232152	244
0.050567415754325	0.35788177156165	1068
-0.021405057031917	0.438240008583534	1068
0.038119847349809	0.422287706886307	1068
-0.034924341532411	0.256292417576888	1068
0.0589169906384161	0.543400713632442	793
0.113189776914613	0.191551475973684	793
-0.026941064693419	0.17312437604662	106
-0.117257030848389	0.153189607498897	10
0.089075717878502	0.538682117159677	7
0.119483789676008	0.193198488165114	7
-0.113891869905509	1.21782941881841	515
-0.050484974973647	0.562317284586605	515
-0.099744106977848	0.409970260262682	515
0.071997354593941	0.654792644666622	1147
0.040404914332244	0.54011326116053	1147
-0.027295959935868	0.409383635701723	1147
0.021247881660297	0.59823256948637	1147
0.00515080946334401	0.99268574284664	267
-0.083129870537196	0.807317736457744	25
0.05444323401101	1.31605564829685	25
-0.064316484533217	0.966613875691965	371
-0.07803614460164	0.908675080917386	371
-0.045635556787463	0.677394594995101	38
-0.098565404829141	0.403103202626252	38
-0.039728300179154	0.432820877245457	496
0.038620599529185	0.726392731628509	38
-0.111523971417839	0.448272729319576	556
-0.105620452190785	0.531237889211622	37
0.050375774951126	0.970407494456008	37
0.07563772708525	1.07297756787125	37
0.104993583562608	1.03644498617656	37
-0.062952980585856	0.340274720101272	37
0.052723764391324	0.647481756842357	37
-0.00140638119334902	0.629661497850074	37
0.067190520764366	0.76576621503327	37
0.05855504699486	0.601935108090053	37
0.061828327349881	0.877859659272947	37
0.095250804513535	0.997595875076165	37
-0.03591703948428	0.495560212950276	37
-0.015888230533964	1.16489626978492	29
-0.048258359680297	0.874058639987977	29
0.045001806976779	1.18567776507743	29
-0.013295957911696	1.12975872444569	29
-0.096558106426592	0.331759032144197	280
-0.072603020177366	0.69092703883518	280
0.055380865472994	1.13543387392068	48
-0.021306570860598	0.944172142738287	180
0.115881490966833	1.17500221379036	48
0.057027411791877	0.878240094429256	427
0.124546134689598	1.16081017044766	427
0.012619945032707	0.944129885419424	427
-0.020017423108894	0.423954368116664	304
-0.057318638770992	0.392847215072711	1101
0.052574588995131	0.36111030065424	68
-0.0426401827978	0.249105522634657	137
-0.11852273376765	0.156167655789556	137
-0.031633406719734	0.171470018787416	137
-0.024436244289968	0.258051225517524	92
0.057584969427693	0.360823534951174	92
-0.014524130724089	0.693992392444855	854
0.03282259086827	0.663162293019569	244
0.037586652929832	0.598043184086486	244
0.050091158136639	0.440287958144358	244
0.119804728041143	0.593011528925132	159
-0.103628843458758	0.318982227561767	159
-0.10110983948145	0.336294549209421	1068
-0.077011790528857	0.33828925204128	1068
-0.062939550536502	0.402003370871956	1068
-0.120401643972437	0.239410554802654	1068
0.03599696057629	0.280641498794384	1068
-0.030181843130007	0.163975524563165	10
0.11222700194726	0.191668178247491	10
0.022264876055865	0.256429669674767	2114
-0.105386084986214	1.15460686243535	515
0.084714190726079	1.04256478097392	515
0.00683080280972703	0.736485642860086	1147
0.00951653647613304	0.745094877953461	1147
0.044784915113656	0.752881603118565	1147
-0.019686824537641	0.872224107254424	267
-0.101678599405974	0.558337417660055	267
-0.121187101009145	0.614476968877155	25
0.078566810373539	1.14232965365207	331
-0.092117046686296	0.768138860524192	331
0.106373053630829	1.5021393744485	371
-0.00753827461821799	0.966084350668444	371
0.113330964876308	1.32281335380138	331
-0.074559874686001	0.753713419918744	371
0.112651494382953	1.06411907523507	293
-0.098983574770445	0.679953953062494	293
0.0457527658508	1.00086688179775	496
0.106977121244701	1.12696279513451	38
-0.122691226671508	0.389343978428787	881
-0.059661015800135	0.475740173596512	881
0.044161301064207	1.17740722904257	496
0.060102420551058	0.886267831034704	496
-0.00800627325967102	0.788140627954175	496
-0.078921146273269	0.566548281903179	556
0.113378113580359	0.979960043639998	37
0.067826364385817	0.943787750579614	37
-0.055787058951184	0.558949791758653	37
-0.071033595787842	0.486677713602187	37
-0.028306361853253	0.708833898876632	37
-0.100516415648829	0.660213012967726	37
0.042873825768212	0.857310919424835	37
-0.015530407528072	0.883585386565997	37
-0.011256469967911	1.00932926493643	29
0.0186581392366481	1.08613122400372	29
-0.092684896051387	0.768764365476916	29
0.028683623892765	0.96482806239444	29
-0.086931608696673	0.802544512291387	280
-0.065297099982948	0.417312623131872	479
-0.052051328346226	0.653122662742604	48
-0.021360510202112	0.844640805215603	48
0.054889760358537	0.903083129261546	180
-0.088022178632313	0.650099975633703	427
-0.11805502290846	0.562344795195062	427
-0.053135143069844	0.331342091976826	304
0.00357337405668001	0.347282030687404	137
0.025920398238647	0.263094043957093	137
0.034626862620169	0.27331765491169	137
-0.017724739682113	0.345176734039476	92
0.049832920886884	0.565105248601757	92
-0.096410251780408	0.552331741363921	68
-0.040322000643217	0.545197126854404	92
-0.119542486170245	0.469126277939384	736
0.0369904040128201	0.734251744973494	244
-0.098136246776661	0.454931971162123	244
0.039848838643775	0.594493643125753	244
-0.092291368586055	0.336757426282302	159
-0.121965413065182	0.321205658374379	159
0.118814193214546	0.577544165727554	159
-0.086873873930943	0.237641083407538	1068
0.035856349237688	0.276098535113541	411
-0.039451702820657	0.419826160374847	731
0.00563746211194904	0.351148013670072	7
-0.110875481348252	0.23794196360389	351
0.088395892434648	0.852955843216518	1147
-0.017909679563839	0.658160837822747	1147
0.000672944657274965	0.583576099647665	1147
0.000337276905602035	0.947142859402523	331
-0.021084910044123	1.20836405695871	496
0.028019819267512	0.959092057113881	496
-0.056149331025758	0.805790206549157	556
-0.055453873093787	0.714693894612741	556
-0.046626495100549	0.480142299455026	556
0.040438980232764	0.672446961464786	556
-0.117469508176185	0.483979306105769	1971
0.075749125232646	0.898104190882338	37
0.053579509688562	0.593889185573625	37
0.035110706002077	0.609031044486596	37
0.059284814790606	0.817787650848994	37
0.11171575456137	0.852130308402413	37
0.08496775654014	0.990753333490228	37
0.088010396971828	0.930357796431129	37
0.00581323538012302	0.800760982965063	37
0.01263621391475	0.893137018253845	29
-0.042854296284614	0.770269101544837	29
-0.050406222391528	0.633739902526739	280
0.062628916013321	0.741442366997337	280
-0.045404854804051	0.757691710044879	280
0.123866571599519	0.858147392506958	280
0.095811536480398	1.13339509449134	48
0.104430073144169	1.19316614226646	427
0.092157962039909	0.630150250733474	304
0.105099123310963	0.582357000969989	1101
-0.055027621904367	0.342630958658157	137
0.026428828296007	0.592831468095596	137
-0.067293385531939	0.342559353347637	92
0.076538911188118	0.703069212976511	244
0.018130081005395	0.487828251724569	244
0.0110369572815729	0.564358594580268	244
-0.036634206532336	0.498434525276891	244
0.080896555017407	0.623266919350062	159
0.0515707977497391	0.360276501125228	159
0.012222479524174	0.355279865784899	1068
-0.090993018810682	0.244319588568816	1068
0.090029992686085	0.455766492946813	10
0.103942493140607	1.14184531813617	515
-0.103072794667114	0.889350121999025	515
-0.102491623855083	0.401400034852008	1147
0.015499298380436	1.10747486190194	267
-0.093923202926566	0.640248754706951	267
-0.077013166123834	0.772373039883235	25
0.00254212077847005	0.889649858086482	331
-0.083595297031189	0.676287220926622	293
-0.100728581703285	0.84963200726702	496
-0.114472981392942	0.711866435448172	496
-0.048209453030284	0.49809718944624	556
-0.00244378498039599	0.438855854038463	556
-0.055233656198723	0.336644914840999	556
-0.114969422231611	0.486632418933584	1971
0.06815474763352	0.553533780904467	37
-0.00302052779740503	0.420493009312437	37
0.033348121712796	0.71639477297631	37
-0.064233744014864	0.5542261861331	37
-0.099660138157615	0.448402324951167	37
-0.089856423199508	0.700692646702221	29
-0.116142963172164	0.157379428819766	184
-0.092376597933026	0.303044208186947	184
-0.062499371262164	0.767164979317003	180
-0.053943317888482	0.676649067829402	427
0.092966732827294	1.14364924331659	427
-0.047219388097211	0.704126188052041	427
-0.094828662369939	0.617859438074857	304
-0.026004748414299	0.173210247302568	137
0.107061417697855	0.189534152899903	137
-0.030697961258055	0.172406008891331	92
0.085906927257187	0.763014049138954	92
-0.032795452868437	0.170598242060832	92
-0.095193549045447	0.557931950918565	36
-0.032326349236487	0.498711216676637	244
0.114926389166613	0.859144927000378	244
0.11983373357998	0.28610941849393	159
0.030444295467667	0.269735627525664	731
0.117091577182781	0.191477437881795	351
-0.029728017934994	0.502525249250875	1147
0.034270094258817	0.716073057951499	1147
0.091394443050118	0.699970033173234	1147
0.118164677464069	0.789015510385925	1147
0.056444077610316	0.761407173733283	1147
-0.107990918000896	0.725194748297294	25
-0.089874757118549	0.693727993211442	25
0.112220815067394	1.143236632874	25
-0.002695291712566	0.969202446267208	273
-0.051927158376632	0.78244919829989	273
-0.060038142981831	0.70560706427473	331
-0.106590630587795	0.844914178712961	331
-0.084705328331719	0.778774836239775	331
0.12043457680578	1.36529466550999	293
0.09222488517052	1.06717051245596	293
-0.078445173400441	0.397297690519196	881
-0.046542039448525	0.692247150050398	496
-0.073048971176751	0.636868898136021	556
-0.112982692989874	0.571916475153694	556
-0.110709665871914	0.691810802105402	556
0.0125534365234971	0.763494065710555	37
-0.058710363236484	0.582655683794236	37
0.000726222003448962	0.648409823551999	37
-0.084583310684207	0.407578763524247	37
0.03309336271706	0.645511047692996	37
0.010148786643532	0.742514481935184	37
-0.011244401021573	0.530245276225152	37
-0.107526733331643	0.573436060237724	37
-0.030258651309969	0.821130120262837	37
-0.117024905778506	0.560529574578072	37
-0.081211202328623	0.678823154230143	37
-0.067180167273676	0.543405555331199	37
-0.00531133791340999	0.885252971879781	37
-0.037960868610081	0.833508631314746	29
-0.12444952770603	0.609340686149434	280
0.037755038266291	0.490996355362635	184
-0.0236042529417	0.914004014939701	280
0.000612424476151952	1.03783339215339	280
-0.031383617460541	0.995057693967246	48
0.011967649537875	0.729404929523948	427
-0.035902456014007	0.718883985054401	304
0.102132518033681	0.774086614312419	304
0.116276344664535	0.552990664279467	304
0.00331635831714505	0.592766161263666	304
-0.00520412020375299	0.69243038827101	304
-0.028497647227315	0.567774500320153	137
-0.075328962742968	0.335127248763054	137
-0.081712561355567	0.248638199803562	137
0.116942285313799	0.542734116361134	137
0.036938674195686	0.279791471430771	92
0.064139930841294	0.810270529568333	92
-0.00717423140908102	0.512596193664342	92
0.059903084276079	0.610504672667714	244
-0.01049864584733	0.564528158920882	244
-0.049987638729201	0.415500543294125	244
-0.065116389671185	0.343379745969072	159
0.088784205230112	0.472329443163531	344
-0.055811523315297	0.339795042928543	159
0.114024986565091	0.567643271462177	159
0.00782911627520699	0.353494968288358	159
-0.074392869283217	0.246006958606598	1068
0.025630020845966	0.256620114568301	10
-0.034894222755915	0.162509458063045	10
0.066687470325924	0.36106138786967	351
-0.119831466488934	0.154713490816514	351
-0.058687228808628	1.70428552320941	515
-0.080953049489935	0.481643766246931	1147
-0.065484119323188	0.419457686795486	1147
-0.100536272080794	0.577570190915117	267
-0.063563126508422	0.796191651426362	25
-0.112673573885204	0.680488132255904	25
-0.118617497907827	0.647381330656779	25
0.00301185410071503	0.995482886625939	273
0.0000896024217490465	0.891886890854074	273
-0.024111526018399	0.86815127494275	273
0.117480830769816	1.29515141904902	331
-0.054991371851325	1.06747246625297	496
0.018186846833366	0.983817965547861	496
-0.00287112217424301	0.702289185626885	496
0.092989929386981	0.56521859866376	496
-0.02949575638858	0.40743659158948	496
0.043841433065805	0.747103219299526	556
0.123151525252753	0.708478160512562	556
-0.100142785960322	0.40816816173597	556
0.00365224250317897	0.894621376943877	37
0.018110004047333	0.702367483438992	37
-0.013511375538491	0.575233510586316	37
-0.102048393486554	0.805116884204557	37
0.091750398478506	0.824189513233856	280
0.086206644835188	0.703835933396456	280
0.027547710974874	0.444245744775504	184
-0.062455282488454	0.461342287062134	184
-0.027995790140926	0.933775259835013	280
-0.056792588573031	0.771017483298577	180
-0.100851931748851	0.623366258847281	180
0.022928114326439	0.838433345185094	180
-0.062796380444258	0.645797274938638	427
-0.064225444644363	0.413900917990068	304
-0.087651985572332	0.240237491168793	1101
0.047766875001431	0.350715203874892	137
-0.087003651377962	0.248995291863632	92
-0.050674301753168	0.431429322901154	244
0.058880233266168	0.535060118992448	159
-0.088256323535719	0.313473046840977	159
0.011075450928466	0.362084940939198	159
0.0341160925509429	0.27653079737848	159
0.122553157855553	0.295519418649558	159
0.122391850971052	0.293521096964645	411
0.113424244432263	0.196906484145393	731
0.02913385218328	0.265689883108819	10
-0.027877247648872	0.169718056278688	351
-0.026716986088083	0.166751408138538	351
0.084204895342078	0.909792696005311	1147
0.044497319200097	0.752103374389126	1147
-0.028368740213541	0.646242636749413	1147
0.0920983829545871	1.15666347910533	25
0.074777456507712	1.11460544038635	25
-0.106093812528672	0.917014613633923	273
-0.00434245257509802	0.792211111635962	273
0.109917391798909	1.33322729269028	331
0.064789025890411	0.941173134572461	331
0.00072655078637196	0.908366700638154	293
0.088172832621489	1.02041489642478	293
-0.050177107339533	0.916891082258882	496
-0.027700954062631	0.717593107387766	496
-0.094960931698895	0.64283137396521	496
-0.068185759011723	0.832935538344166	496
-0.048887888499587	0.623058451348697	496
-0.049610398528229	1.10935934266715	496
-0.091584858890779	0.669593869242019	496
-0.117335656911014	0.608911763579511	556
0.116297644052895	1.37398656393476	556
0.044344722875172	1.02803328061173	556
0.085820589154207	1.0755781535616	37
-0.029462236875297	0.63172336003825	37
-0.022738628893005	0.770230315027273	37
0.052346969307265	0.688149249102792	37
-0.08789060496687	0.46197301596086	37
0.061077560118323	0.890080104361721	37
-0.099473687050426	0.695608355420676	37
-0.025655416131282	0.765965505783573	37
-0.002674576922785	0.72478007976033	37
0.015645135861326	0.802812557928957	37
-0.060821628007238	0.820351061653816	280
-0.070043298846292	0.838723931038204	184
-0.011751708794792	0.574146898625897	184
-0.019961527748072	0.887259798772831	280
0.038620599529185	0.726392731628509	180
-0.092440392868816	0.416663740371777	427
-0.00931404494059401	0.80507087870148	427
-0.039335984548249	0.566648303743514	427
-0.065165796649517	0.540165995692573	304
-0.098754897013866	0.402704638656686	304
-0.031583887094282	0.33816357131008	304
-0.045200491252167	0.344567843658059	304
0.000337731470049008	0.631721738657219	92
-0.019364700512885	0.636918414058812	854
-0.015202451336776	0.550750694835461	244
-0.088893366756107	0.237683859323083	344
0.0576776956831661	0.357900754059095	159
-0.081760404603043	0.246006304362656	159
0.096040588772408	0.481007885990489	159
-0.120782251118165	0.154571834731082	296
-0.086722289984426	0.247447169384573	411
0.124419714000615	0.295510680824064	411
0.121444843234497	0.375797067233291	10
0.038244634608089	0.768007915655215	515
-0.021465336634118	0.490399525766148	1147
0.010030344179531	1.07763489671628	25
-0.000407817432637014	0.810620889604642	25
0.100800150627079	1.27979554442083	25
0.084965332763617	1.28706221528024	273
-0.085031476041012	0.926742936022133	273
0.0146345983741289	0.946970631160863	273
0.014328435874628	0.854539226976273	293
-0.10161873431409	0.576616569783985	496
-0.071773760122207	0.540444650356647	496
-0.012057465140347	0.687476795798211	556
-0.123496369819127	0.470088104912824	38
0.020856377866882	0.593509358532138	556
-0.00444626208111898	0.557159081830774	37
-0.00996503459779702	0.64842695863314	37
0.077655470469696	0.969005194648095	37
-0.121505904052112	0.397475753997173	37
-0.025558246080288	0.485221791982876	37
-0.072106907095732	0.410631401130423	37
-0.068155087992924	0.471727621140273	37
0.110722308492846	0.621947321101402	37
-0.120952298168672	0.484613071963583	37
0.076030988696729	1.06661754500602	37
-0.009890541032397	1.00525611437381	29
-0.087631402239673	0.471524484202652	280
0.104796031416976	0.566693718403914	280
0.0512024023266	0.534715316949796	280
-0.029949314941845	0.629035840222338	180
-0.104122635363872	0.600891580649161	180
-0.037765684155504	0.757178758562629	527
0.00512717237995697	0.451801577294371	304
-0.031676143088884	0.263482685244902	304
-0.089916091564455	0.242254862181284	137
-0.051752392032821	0.486721631504433	92
-0.00519632882097398	0.500746437739602	92
0.057508455062002	0.754329534334933	854
-0.037238424898803	0.261845882088017	36
-0.036220532358164	0.428346337525788	36
0.067515172974295	0.627881261898489	244
-0.031521357448362	0.262167750146202	244
-0.081684358097703	0.247183912915776	159
-0.08686289888572	0.249870859394525	344
0.071236189548649	0.35774853533248	159
-0.013290898248662	0.349630679563445	159
-0.117379176387545	0.242684754823763	159
0.037789458540299	0.248328634870283	411
0.064293791662244	0.452213285867063	7
-0.107973837989592	1.13618801608088	515
-0.061900814113952	1.33092104423592	515
-0.080283506112976	0.621032740933319	515
-0.120753946992293	0.516835495777537	1147
0.091734459487513	0.77144719268895	1147
-0.071028287104167	0.461715415867441	1147
-0.019072198372008	0.657626796346579	1269
-0.014486620858315	0.687603625283084	1269
0.097809117053045	1.12735290244659	1269
0.082221488847722	1.19885676578355	1269
-0.103842408068025	0.738816576761111	25
-0.088921776390731	0.762167494095862	25
0.051103303544277	1.11448583015036	25
-0.062408591782347	0.63492290807485	273
0.061237896551834	1.0816805901538	273
-0.114383946460895	0.626637597138297	293
-0.030309391331443	0.760466385292762	293
-0.087805177204636	0.692715875782211	37
-0.015626949564441	0.437198228653578	37
0.098527307753182	1.17279157043615	37
-0.09592502719399	0.473147337078658	37
-0.057805935911094	0.81750324795648	76
-0.063067149537494	0.633378814278024	37
0.034231870161371	1.16214158574853	280
-0.121091662144245	0.56412881109145	29
-0.068158337693636	0.486674769273251	184
0.00239473081210295	1.07876459391853	280
-0.070214177104727	0.674833015180126	48
0.012870076843107	0.944901506320251	48
-0.00555602602055499	0.763471630388526	180
-0.105974843466956	0.443902595152294	448
0.05297547155064	0.828600879738441	427
-0.000322979224370024	0.639517654273061	249
-0.037535125078953	0.700692940078046	304
-0.067113024737989	0.731742222454786	249
0.070778308602205	0.54019654993875	137
0.077409124815841	0.616281604989052	137
0.00778756329956298	0.341165988980483	1969
0.124973059599138	0.725138844817451	36
0.010024878562622	0.360118060261901	244
-0.025371955953514	0.343637046824834	226
0.060681123113051	0.360389210384902	159
-0.11963678253775	0.156201524632452	411
-0.084785261001684	0.249233685498343	251
-0.043017786425958	0.157735772550542	251
-0.02953705287154	0.169260256990369	251
-0.090623127245905	1.85335069305509	515
-0.073854796714965	0.885060793136131	515
0.085854265756712	1.07124241979558	515
-0.011278098832968	0.944581370674614	1147
-0.035796617291065	0.710207484769382	1147
-0.104321356472594	0.76667774488323	1269
-0.031182366032552	0.821451400104977	1269
-0.053920356568025	0.693134008434142	25
0.089893543415701	0.90859599044126	25
0.008510765615517	0.724002561554885	25
0.102521219583124	0.926726649344542	267
-0.077146074636324	0.482952554482981	331
-0.052312983169825	1.0136172796803	273
-0.027042873800603	0.568788895146829	293
0.044457786959175	0.720354026223605	293
-0.094683116341562	0.852150019911116	790
0.016425241164236	0.810280472277604	496
0.080398280678286	1.34466419899563	496
0.094229333276507	1.44987012928446	496
-0.044438221200406	0.958708843506178	556
0.00244295472403899	0.72859972378277	556
0.040284214274685	0.908986333919054	37
0.011710907605744	0.667380631255053	37
0.012042280084029	0.71778227726889	37
0.0502270482416231	0.646234479743591	76
-0.04694815125403	0.721985595784914	37
-0.021147432647441	0.91764336194583	76
0.096096899722093	1.07187887948544	37
-0.090686337287611	0.477122277895093	37
-0.073876644920605	0.789479616631475	280
-0.060444279525063	0.421741752558028	29
0.110073731172	0.867001796915572	280
-0.041061551038323	0.945760569288838	280
0.009087269539924	0.844838025579933	280
-0.00979638017302498	0.562596790615288	184
0.074875198752278	0.903580025170193	184
-0.098669516107055	0.716204760649038	280
0.057693149878524	0.89330423221125	280
-0.094570028830098	0.602820942698347	48
0.112513450269067	1.28679798062846	48
-0.06744297263727	0.849738249565644	48
-0.00907596282110301	0.505617281729002	180
0.087876939406248	0.54733854544061	448
-0.116487243589058	0.54253323383214	427
-0.106377251339721	0.398795407892737	249
-0.122836585837162	0.557806471850372	249
0.0000409379010549715	0.565011021422598	36
-0.077982932936316	0.478404697940752	1941
-0.031319572095754	0.489014010360179	1941
-0.000767538223053976	0.337761902423193	244
0.024913444915563	0.351514939196143	244
-0.08243896905027	0.234373418908736	344
-0.09236790612059	0.23077445113505	159
-0.036958708633328	0.253499364130823	226
0.058586309914377	0.361639298477724	670
0.122714515048603	0.291929294319849	159
0.055708065202325	0.371946274222555	159
-0.053216638691246	0.469551228689548	440
0.029370018186044	1.58957678227378	515
0.0828496537678291	0.958184606965768	515
0.022268203470761	0.86762293776738	515
-0.098047501733396	1.05818911319032	515
-0.04042861508841	0.777711861732712	1269
0.038296895169433	0.520268740666255	267
0.055218979121632	0.606063105301477	267
-0.085589915554689	0.317195710096439	25
0.0179460751675961	0.51372516032298	25
-0.032051384919257	0.166665536980922	273
0.048307623960983	0.430902528369536	273
-0.089889024418783	0.246445054583939	331
-0.032283284349439	0.248160036785848	293
-0.072474195336013	0.243670833864987	331
0.035568688911357	0.271901157207145	38
-0.08902758433778	0.543180705751337	790
0.071538561910906	0.844948861012226	496
0.046827933365309	0.44409089844177	496
-0.023940526389373	0.748271650433097	496
-0.086861588101218	0.808202155181595	496
-0.114036373052394	0.621022708294758	301
0.117312367499541	0.773319504653364	301
0.032824083732823	0.521852045079248	556
0.064471112094567	1.33249221073551	556
-0.050404483486816	0.760070232408502	556
0.067166537039096	0.838798106578225	37
-0.096092978417668	0.465249197567743	37
-0.015265586479754	0.630150005564739	37
-0.100933833203613	0.553342270714827	37
-0.095027301739736	0.396326655739435	37
-0.082653188506725	0.528045541196487	37
0.108620940476904	0.621478292348809	37
-0.081684358097703	0.247183912915776	29
-0.031025844579166	0.262427143131481	29
0.0701620259414411	0.810380924560409	184
-0.088886007058155	0.477334659609135	280
-0.057028770278975	0.426347288318324	280
0.068964406089154	0.373172360327886	280
0.017376999239729	0.901945464238688	180
-0.11298643338253	0.158379960314069	448
0.073677405601975	0.676588389116276	1101
-0.107047663879188	0.647032785583037	137
0.0361373374144131	0.280874890918859	36
-0.032568713088139	0.167574500856249	244
0.106731231921499	0.180731436989377	244
0.051964903186581	0.518919181416417	300
0.11222700194726	0.191668178247491	159
-0.03117208848576	0.341897808524053	159
-0.055469625934391	1.37115856439292	515
0.086351129413231	1.65718461928474	446
0.010184439139306	0.718300022787627	267
-0.047872653791515	0.348651012720644	25
-0.06053920945802	0.334777170811005	331
-0.124718132075923	0.324392509939343	331
-0.07278792077403	0.33430900694467	293
-0.068689786963308	0.313969771499028	293
0.053810883857631	0.658503443205095	790
-0.070522828425726	0.57363788187178	790
-0.107216307837861	0.391435006419875	496
0.023105464470213	1.08154553963554	556
-0.115850475388601	0.856763527611345	957
-0.059644509253048	0.55822109778322	37
-0.00742122920969901	0.540519960142208	37
-0.018181672200448	0.439443549696646	37
-0.031058363497373	0.410374080123557	37
0.057403140385934	0.542718878580845	29
-0.073875671969008	0.407346906241181	280
0.09664637917143	0.68417943656792	280
0.076989592293876	0.785200352184899	184
0.0767771553368321	1.37905405537935	184
-0.026263121608293	0.900077719395842	48
-0.098046487443895	0.739438922187849	48
0.0100876343348421	0.351941749099636	180
-0.03330412151535	0.25858089053897	180
0.058625374058515	0.36498461019351	146
0.012158025174739	0.361193408247363	448
-0.124818053739198	0.228328525620608	448
0.00413110514785398	0.959529425813055	427
-0.066055805992997	0.720436783445566	137
-0.110062696116094	0.547212373702628	137
-0.030697961258055	0.172406008891331	36
-0.018516336991545	0.562860145617297	36
0.0315717034702619	0.277119068918873	244
0.120447921821116	0.190347236487433	344
-0.03246047114762	0.258696078218971	670
-0.111255712669522	0.155222832900939	296
-0.12001679546058	0.235276640129291	440
-0.121160091238357	1.56706009127422	515
0.00390239383091295	0.9016570584288	267
0.015550949701016	0.998924484972922	267
0.119468000169612	0.795608128566983	25
-0.026055571206663	0.418575931631241	25
0.024597640102383	0.450663412236478	331
-0.076750649166576	0.389788748691627	331
0.117659207357371	0.726659113488646	331
-0.098893009319051	0.461138011034322	331
0.034226190635852	0.524896963610713	293
-0.028105101444978	0.497348996672893	293
-0.042260098198179	0.48875578891716	293
0.017676755944812	0.870107466802942	790
0.094621359709714	0.828493730761903	496
0.022580028612929	0.948804078588382	496
-0.118401277411794	0.6823902308534	496
-0.00382001539580401	0.906214657360263	556
-0.0797803575424	0.54692711593904	556
0.043243538117634	0.656681431706556	556
-0.090516942807663	0.632920635499662	37
-0.037470657353839	0.548878968097328	37
-0.048180681146493	0.496528344741202	37
-0.00145258878513399	0.555723336477633	37
-0.06588139535544	0.622798353102204	37
-0.067328516512267	0.782523665896075	76
0.015485882597477	0.727830047360839	64
-0.118104442278617	0.459392567966004	64
-0.07060719021741	0.582786777548439	184
-0.114088394262097	0.667494681409978	48
-0.019096200372222	0.500897428144369	180
-0.060469430216316	0.33438688600969	180
-0.07894027517615	0.240994326407025	180
-0.022105714731923	0.341908871315471	146
-0.057468087588084	0.319302431324201	146
0.01668804483149	0.43170565056216	249
-0.090019241367296	0.628868757732309	249
-0.088776390457258	0.477449557373154	137
-0.104561595484102	0.470127190385905	1941
-0.027928349559284	0.571771974521281	1941
-0.080914386840688	0.323178085583553	244
-0.083631426154668	0.248286925739233	244
0.054271449719049	0.602249140237433	300
-0.120751605569248	0.154581912804799	159
-0.026941064693419	0.17312437604662	670
-0.036965591432066	0.16798490386174	670
0.113424244432263	0.196906484145393	670
-0.036965591432066	0.16798490386174	670
0.089970985428696	0.450917045226149	440
0.020827162026328	1.42811940436674	267
-0.053064378245266	0.946459095262382	446
-0.029567627315436	0.87061702919406	267
-0.058698956603711	0.421098279814237	25
0.028082070950227	0.457947552229607	25
0.054797773212983	0.369275691896554	25
0.018062090456561	0.429208360918512	331
-0.030869921336524	0.262064699624841	331
-0.081266913717943	0.342168435036737	293
0.083721684166435	0.825940540529806	790
0.031508991311659	0.742227400559409	790
-0.067034693612538	0.480695053240027	496
-0.054077020868178	1.02811982783952	496
-0.10762952410124	0.795330284199958	496
-0.087561591630691	0.75494558172083	496
0.120389042043823	0.784485926047557	37
0.03747610249093	0.606874061540888	76
-0.017746100748563	0.678257250236041	703
-0.061978997076389	0.753427896494514	37
-0.034282802100678	0.336943014187545	37
0.088784205230112	0.472329443163531	37
0.0948757315861281	0.475888448927982	29
-0.071288944771486	0.734558030909068	280
0.00339094708147902	1.35036412837734	64
-0.121161548717233	0.793978886536593	64
0.011132895933203	0.642922923529269	64
0.01006821079139	0.34826280028136	209
-0.027165310403099	0.17233634869874	146
-0.046073925285536	0.676111615893581	427
0.061720594866158	0.372272816358459	249
0.122268132024628	0.295552682189196	249
0.031666187367417	0.272863483325709	75
0.00980021126922803	0.444490301303766	75
-0.042266638518661	0.424090281470957	1941
-0.029762377831703	0.17154020454886	344
0.099147542751252	0.444881910974414	670
0.060627180818798	0.370562024129128	440
-0.11298643338253	0.158379960314069	440
0.084607770205967	0.465017417030089	440
0.035867532230902	0.668247074928738	400
-0.07243417384479	0.595666215419891	25
0.119316740572036	0.935979509839502	25
-0.118328019574588	0.626162712396708	331
-0.000809035143360004	0.729888914964921	293
-0.107051788535069	0.480177725786445	38
-0.081387124864651	0.719233383824442	293
-0.021263422964274	0.978983877335385	293
-0.084956052441462	0.642305822958035	496
0.115751455735259	1.24797435454791	556
0.062871882445341	0.883364564383736	37
-0.091241353511578	0.401389069248775	76
0.094213319556988	0.928609036796946	703
-0.073800279088213	0.631971979835965	703
-0.033846527340561	0.811501418595046	64
-0.081494224251562	0.517061439191358	64
0.02841222527153	0.739066570466419	64
-0.116977440164875	0.670904742217947	209
0.000745952722275955	0.9548683333727	209
0.087514084526488	0.770914819025478	180
0.098566843730827	0.566169335997512	180
-0.052301087058305	0.42544762406401	146
-0.110414110723796	0.403391035063053	249
-0.02532271613226	0.659409340884794	249
0.06267230258903	0.831544449358012	249
0.092806561212086	0.638735039940671	137
0.044119940146238	0.604632824658583	36
0.065738809948814	0.901343468424785	75
0.09112236035165	0.539294481284162	75
-0.088893366756107	0.237683859323083	49
0.050009244001649	0.455300282340781	300
-0.088086825578947	0.476938037562946	1957
-0.108739687552606	0.23746935219722	300
-0.034924341532411	0.256292417576888	300
-0.115775031026797	0.240597055716726	315
0.087489328196269	0.526249585608333	315
0.093373772082002	0.470031653072023	400
0.00747345542030897	0.450473197074401	838
-0.042864558877693	0.944678725272655	446
0.095769976675861	0.922272861707094	446
-0.098675638176497	0.691373326840546	446
-0.1015381693755	0.843696071946282	446
-0.106260522280512	0.732740193411269	25
-0.08044323443138	0.715566264720187	25
0.09744250103126	0.892524461486777	293
0.108260432317762	0.982403738447134	293
0.076546250088151	1.41324209229317	293
-0.00407650208538901	0.70102077183882	496
-0.120624636644009	0.453735087574814	496
-0.098685776553245	0.291024224203098	496
0.0724673649065281	0.916031105526682	37
-0.118028172097302	0.482238395598141	37
-0.041442980849758	0.567143171307005	37
-0.113235891409721	0.38819734542731	703
0.00221875744472699	1.23807744925411	64
0.020231227627951	1.02448501626658	64
0.00474349437151	1.03667549352894	48
-0.064085781916137	0.75651387133631	249
-0.119560144470135	0.24035788541193	137
-0.086993474825668	0.246686691230732	75
0.083961866567088	0.459526030845457	75
0.104998520021956	0.600863487896275	1131
0.010127255412724	0.34850350118871	159
0.031525616972725	0.273279657239931	1009
-0.040748271376788	0.250835629625975	159
-0.035801879339272	0.165919149012101	315
0.030076828291095	0.265795652680369	563
-0.117603293213908	0.156296236238857	83
-0.111415121749605	0.153892704660518	838
0.123201293455406	0.293172813235883	838
0.111565705205641	1.42513582057817	446
-0.089125513862518	0.634393143463415	446
-0.00630947656212699	0.957672368678421	446
0.080042044619111	1.13489789820375	446
-0.122868440876672	0.685680256796169	446
0.0609957005224791	1.34703495311736	25
0.124683320130817	1.47487529696477	25
0.108341317734002	1.56222137357218	25
0.00850245859895005	0.969406495601278	25
-0.030563330351561	1.08380685799572	25
-0.010893032011602	1.0375418693831	331
0.107634015099897	0.783198640869369	293
-0.099438829302202	0.714514298865035	293
-0.055880067817034	0.661496750254019	496
-0.08117568607038	0.53143865543498	496
-0.090773664159655	0.402209093875974	496
0.027212175892813	0.554819123216667	496
0.038306418395655	0.600043808006932	301
-0.091077080513405	0.330058625004515	556
0.103653403120914	0.633170300025303	556
0.078565704274225	0.746862459952076	132
0.059617071321232	0.460320415778803	132
0.046982562932073	0.598672389996717	37
-0.039362582413352	0.731613320338384	37
0.0479933498337291	1.05692912623783	37
-0.105564527343436	0.370948552605131	37
-0.093869490240007	0.478781995924386	37
-0.0931542242503	0.559022161202178	37
-0.112722362809862	0.504357120633071	76
-0.119365661284745	0.485574865143587	703
-0.014894394288735	0.512879506102951	76
-0.010858135524818	0.850829177597843	280
0.103710566627341	0.828775537517757	280
-0.10200301150716	0.838628966602905	64
-0.048469489110416	0.790364016459377	209
-0.080971257143101	0.724635031447018	180
-0.08693797679518	0.634319545479237	180
0.051625512910499	1.00194483126453	180
-0.086544626171506	0.602450690532412	249
-0.00538198176445098	0.919901286330802	249
0.098576377176946	0.554787115846713	249
0.120302163080193	0.384834228941592	100
0.122063910476138	0.370611447595967	75
0.088423279650005	0.467385273304982	75
-0.105083196066874	0.395262898868143	75
0.00384602029500802	0.445402661402996	75
0.115512823226634	0.569657992427377	75
0.038158943892869	0.280550447234507	1131
-0.088952840302034	0.241379821558571	1131
0.055618768311398	0.451722134206448	344
0.080009491779936	0.442236487722949	1009
-0.123911073700162	0.233858263545247	159
0.114081283145814	0.187089052032421	563
-0.037899742646868	0.167082065273681	563
0.122603329663836	1.61875614100677	446
-0.077303479553421	0.722436323829455	446
0.043892345103261	0.95678265536065	446
0.0564545370902551	1.02132886225627	446
-0.123078755794034	0.8327780699323	446
-0.032175768920199	1.09101923096328	25
-0.117096964900907	0.917603966622213	25
-0.096024636122612	0.997425583339927	25
-0.087142568565311	0.860505579246868	25
-0.115068875372335	0.825854711860684	331
-0.02722977825636	0.958531307836227	293
-0.08769924933669	0.757350138899367	293
-0.090142165668079	0.790578563532745	293
-0.104141895356727	0.480053919016914	293
-0.026096890353273	0.947235534747277	293
0.026399920074436	0.576544176018443	496
-0.089021628140504	0.818776238492724	556
0.087292583997438	0.554122789321091	132
0.011828260735866	0.87343244499125	37
0.00897726314483405	0.893192858219901	37
-0.082297387598959	0.54410509665162	37
-0.114185682067327	0.474650331524538	37
0.00329668537540095	0.644311579131791	37
0.002960482591292	0.786119818022475	37
-0.043007047043571	0.713615354705731	76
-0.106710654163965	0.484501687494751	703
-0.017897220861139	0.576996510057897	280
-0.116774025338893	0.240963977765104	64
-0.052828883969733	0.853049426913677	64
-0.041982731376103	0.837236840625248	64
0.058435624396178	1.3278779797321	209
0.070136044506936	1.14602379826892	48
-0.088112307589555	0.640094774126181	180
-0.075364600696294	0.603025251477716	249
-0.089769674813988	0.611541013589418	249
-0.059017977693871	0.329939525462353	249
-0.025383655108288	0.606506147446185	75
0.090070140718237	0.463288506517991	1131
-0.088404962876189	0.40419850440444	49
-0.106552533992501	0.323973033004928	49
0.122133265009258	0.460739387789203	49
0.00579493268920706	0.337582811528137	1957
-0.079937449453215	0.320950423959221	1009
-0.027656048695201	0.260625325343388	1009
-0.041575058353045	0.251239148090673	1526
0.124419714000615	0.295510680824064	7
0.022409373309391	0.257303740089205	83
-0.028101905929072	0.172248824776702	400
0.092644099340334	1.50564910503694	446
-0.029672036785046	0.717397696577015	446
-0.01708282574166	0.98077422556818	446
-0.075369266993773	0.887927368804493	446
0.0725111918814501	2.02550058029027	25
-0.1183410736988	0.835443520256137	25
0.00157448143015904	1.43982200189158	25
-0.123241221268249	0.938784552651043	25
-0.119858646428998	0.823943549942355	331
-0.086870577703757	0.812389682475362	25
0.0740223753912011	1.16589761490312	331
0.079683193546424	1.16796222235447	293
0.00325607377555004	0.797271094015031	496
0.087255694784972	0.474069586783867	496
0.03905086996892	0.440047354165122	556
-0.092963183100698	0.628975868669963	556
0.034779039322788	1.06401304080067	556
0.053916644058581	0.360392337039547	132
-0.061188316361983	0.682085902540233	37
0.016675963735196	0.884135496329566	37
-0.092393011234364	0.410906905574972	37
0.039737026033993	0.607735774341666	37
-0.070070846218976	0.635143155517772	37
0.092695753347783	1.23360505661879	76
0.02415147471402	0.957150212074699	280
0.0142659678109	0.939938750261267	280
0.088714698165143	0.561363315829801	64
-0.110874803273308	0.329695238213874	209
0.00466237449822904	0.346833768014209	209
0.077661500858535	1.17017095699864	209
0.081292168022976	0.691433930106484	209
-0.00280912147270102	0.821477790508276	180
0.123133948699141	1.2115773816373	249
-0.108272684582296	0.578825259210584	249
0.11558299985171	0.19328946789518	947
0.117324240359805	0.193402661278607	488
-0.03883376045538	0.163358995914471	75
-0.120361514933401	0.151149037969803	1131
0.105533130848873	0.785404112965249	49
-0.03890945878422	0.419559404485516	49
-0.037899742646868	0.167082065273681	1957
-0.095612796863079	0.334182837306562	159
0.068873295558075	0.371539848847054	1141
-0.02426212798533	0.343827995682217	159
0.042346649288828	0.269529300213425	315
0.120447921821116	0.190347236487433	563
0.118056033375146	0.188681420816784	563
-0.124382600775499	0.149129720670197	93
0.122223222942704	0.383331618103555	83
0.008541075817177	1.35554480473846	446
-0.066377931303619	0.89611062102057	446
0.062129483635913	1.05110343535036	446
0.098623128144898	1.13441702765873	446
-0.077172741078906	0.603983776222831	446
0.120164956794899	1.22620036982258	446
-0.120985637113193	0.82591330588591	25
-0.113754077496151	1.07565323783356	25
-0.046000185373281	0.730467903927312	25
-0.03931825824279	1.1531574616126	25
-0.035948500810063	1.25332761542775	25
-0.030646811560209	1.08449992302578	331
-0.022719205522789	1.0552502090998	331
0.0167391260718051	1.01393900535764	293
-0.020953310635617	0.348191590617267	556
-0.073394281908511	0.696262405646273	556
0.090217791201091	0.839513594730499	37
0.069478919556575	0.601443552380697	37
0.083050346021474	0.536221886667831	37
0.10184038594523	0.699272158252476	37
-0.064682407743806	0.53780271969978	37
-0.032774535520411	0.662205633884217	37
-0.090077678607647	0.465677450634723	703
-0.00878614453351301	0.500622528312373	703
-0.06611537335855	0.641682264895629	76
-0.019646807353681	0.800796027038516	280
-0.043499690232806	0.922575165106111	280
-0.039495268952081	0.862149930029007	280
-0.027416438617896	0.25183071789965	209
0.124600794772114	0.382661602926617	209
-0.03496441567731	0.342349383608171	209
0.063227334628464	0.355319528885277	209
-0.105428656172063	0.623843269537326	209
-0.046972791705895	0.757845647351125	209
-0.124367409695501	0.591776005919104	180
0.04022912852071	0.914888787244986	180
0.11222700194726	0.191668178247491	947
-0.047507899949975	0.497667328038733	249
0.108023158798596	0.18942262697525	153
-0.101026731489914	0.403786775792422	1131
-0.121306395367352	0.400575835725968	49
0.03707834658508	0.281889611573346	1957
-0.026168983696074	0.348740495965448	159
-0.116142963172164	0.157379428819766	296
-0.113917144683025	0.158989380567069	541
-0.026941064693419	0.17312437604662	563
0.031666187367417	0.272863483325709	600
0.0846556803962361	1.26585163008762	446
-0.114062608020788	0.75265954106472	446
-0.037973591355111	1.12051337199177	25
0.02238965253769	1.71377522304016	25
-0.096554220052122	1.31169411886148	25
-0.105411952581143	1.18653074102154	25
-0.00451336501206501	1.16391386679957	25
0.093504813772696	1.65297518049686	331
-0.059724451623303	1.04775272725799	331
-0.069032425668989	0.91049851959851	331
-0.086398003089542	0.834981612254689	331
0.084739808999838	1.05219753453083	293
0.047760012484071	0.837104426646401	496
-0.107439440911457	0.407365068662699	492
-0.02457889678225	0.489031787096906	492
-0.023263639463278	0.345213284607559	492
-0.026660053575394	0.257725532254372	492
-0.100106347183069	0.335438366758836	556
-0.07952390714648	0.40441700899271	556
-0.115296711939988	0.476998232793056	556
-0.117473201402196	0.642595171873217	556
-0.103632492194723	0.320331350945726	132
0.060576913536201	0.546009214202916	132
-0.090637459421562	0.482041855950486	76
-0.056820247611651	0.654840407706275	420
0.019140258227577	0.835525426065458	420
-0.018138042257673	0.608084406240729	37
0.116243805987309	0.634571875658582	37
-0.102929536226275	0.475827832119361	37
0.105195082907044	0.713282046853812	37
0.111609663081148	1.22335713435504	280
-0.116830379459362	0.321252311340622	209
-0.049529324423143	0.33620585252736	209
-0.019823739304466	0.837198138598248	48
0.010343269512631	1.15766521427514	180
0.027224165106596	1.02775663607871	249
-0.069155916507713	0.333163655348181	249
0.018257951792536	0.650322419271982	249
-0.037238424898803	0.261845882088017	488
-0.037195601603751	0.163909888219051	488
-0.030697961258055	0.172406008891331	488
0.116468508835341	0.653290456501465	75
-0.119832952954004	0.155498401648501	49
-0.029314566820061	0.347745906119635	300
0.062350053605542	0.550604139020162	159
0.05087656199432	0.352516973329057	343
0.032745784153984	0.271641938550061	343
-0.027500480162373	0.263471834229673	1042
0.113424244432263	0.196906484145393	541
-0.027666304900099	0.165061137721591	563
0.00995165503304796	0.3558129553643	600
0.118247946861457	0.379776483162877	1058
0.042543044303596	0.956905704526811	446
0.022189427169006	1.8966447019582	25
0.0371482764776661	1.31259398132997	25
-0.016913823720057	1.03262444734766	331
-0.123423325748753	0.523230101432218	331
0.028505456344779	0.968294561319066	331
-0.055797642180255	0.715881316325088	331
-0.099613353732211	0.550561985459735	293
-0.116216411740015	0.484025790765197	293
-0.114880178061028	0.532381189261419	293
0.00349679776435896	0.617301072629992	496
-0.120664114684789	0.464862648656227	556
0.080757732398048	0.62651826135301	37
-0.062755052521987	0.480087273870377	37
-0.090958288970886	0.407070306403794	37
0.00377339348419503	0.568526552092824	37
0.009001895050747	0.345098256634586	76
-0.11498799917295	0.621299657931589	76
-0.067361500571973	0.334872426073447	280
0.00363046110730803	0.346917206914482	48
-0.111233159432302	0.605016393761711	209
-0.079820568792057	0.40641882708349	48
0.00863879708385895	0.621796705878074	48
0.108321007061577	1.00267880489627	180
0.0402473406488471	0.822841504066911	180
-0.090606074850877	0.56123183094305	249
0.121458354960828	0.29257965643258	249
-0.028101905929072	0.172248824776702	488
-0.115029668135505	0.159035522596003	75
-0.118716993022398	0.156329899460157	341
0.114386857965339	0.196766872483384	153
0.12458008415515	0.295991514205969	75
-0.033022358824727	0.167004164474213	1131
-0.116799426449412	0.235135645640378	49
-0.035801879339272	0.165919149012101	1141
-0.11852273376765	0.156167655789556	296
-0.027165310403099	0.17233634869874	1058
0.119483789676008	0.193198488165114	1058
0.031164937315682	2.21131802065284	446
0.000307990878818054	2.15455160541711	446
-0.060476491352176	1.26809212114778	446
-0.077438044326459	1.07045212449108	25
-0.039557968820377	1.33229516334941	25
-0.014694661666711	1.433641628975	25
-0.103342292600806	0.708909274451964	331
-0.118250702361572	0.76771876628786	331
-0.108181951599586	0.602599450868235	293
-0.063616170438184	0.570474703223546	851
0.014255338758801	0.350981260263359	301
0.061421256827203	0.71359455217775	293
0.0191051673574	0.523350667532731	556
-0.077916278751232	0.552273358306467	556
-0.074467616358849	0.639697605308207	556
-0.028237555282395	0.723809636962236	76
0.022216567720227	0.814181346358121	76
-0.046517697048031	0.570848773718104	37
-0.053033176518096	0.599824310101425	37
0.016438212341526	0.820560963948207	37
-0.121205844338932	0.455429495954683	37
0.110920192602324	0.784747436694323	37
-0.115410340823852	0.530733397626018	280
-0.099081136486106	0.637601239567514	463
-0.116611821257167	0.235083845609135	297
-0.030581241557098	0.263823292895595	297
-0.061652596024382	0.636139757897019	64
0.025523538649593	0.443045734498449	209
-0.02553088333055	0.739500047371449	249
-0.069909784233341	0.398023001890647	249
0.088064379537245	0.459927325981604	249
0.055800513518668	0.373196959667868	249
-0.077837479754633	0.245255814842955	249
0.096700685676155	0.47041735106238	75
-0.00765581696686601	0.500692526698327	36
-0.025260692025957	0.490068343690828	75
-0.123994452479563	0.234522792112219	1131
0.122391850971052	0.293521096964645	1131
0.088714698165143	0.561363315829801	49
-0.026941064693419	0.17312437604662	343
-0.12083249185299	0.23839461477421	343
0.065938658020561	0.37306082948291	1042
0.114152936434218	0.187566848829415	563
0.108985280211448	0.185505354334492	563
0.11222700194726	0.191668178247491	1058
-0.026941064693419	0.17312437604662	1058
0.07397318098503	2.01481308697941	446
0.031767720443364	1.41995208284096	446
-0.123326114923031	1.2638750467051	25
0.023909981436954	1.30601555480523	25
0.079990612416645	1.69139536622307	25
-0.038577465127976	1.02134140026609	25
0.0504630805765171	1.26178280938564	331
-0.000952432042105988	0.978006931596956	331
0.114834163245069	0.850880678499237	851
-0.100674596469591	0.461453398149827	293
0.083862681465829	0.554628497257083	1864
0.066437180389193	0.62086646292773	293
-0.023140623608101	0.341930290259993	248
-0.089197824098996	0.335716052002211	556
-0.000683853564779013	0.524904143855251	556
-0.118750913560272	0.389937597846241	420
-0.112654663284658	0.314974817693963	37
-0.052995518411108	0.567062404013066	37
-0.052082141766351	0.555859408967107	37
0.010430322947676	0.659598383996014	37
-0.033711489490038	0.259688895617027	297
-0.085929357879378	0.517291087750887	64
-0.115350826105814	0.221855538704535	209
-0.013306625943729	0.568900164597967	48
0.099398464341078	0.835298322779609	48
0.00341657731525402	0.707415328815556	48
-0.031105820106177	0.628372499484667	249
0.065840913237436	0.754420149986758	230
0.11222700194726	0.191668178247491	1368
-0.063555295103869	0.339580721364362	249
-0.095186921511514	0.233596794948823	75
0.120765991375454	0.285252485860763	75
-0.114615818289434	0.238024620299284	49
-0.02385166747978	0.354169807399133	49
-0.031859729488141	0.171527451678033	343
-0.031407250186331	0.164667302366903	1042
0.117091577182781	0.191477437881795	563
0.108261470537182	0.190017101244542	671
-0.079140778959385	1.06487665026908	446
0.086620409359047	2.07783390001655	25
-0.112444830575758	1.2224437976866	25
-0.09048180352851	0.677744712288597	331
0.013006183551949	0.669353392667488	293
0.012573767519121	0.586539668287557	293
0.057101202184029	0.661901624169562	293
-0.00275272858601999	0.507715465912437	293
-0.069128517975309	0.409286046522625	293
-0.008447196134583	0.633875547159179	248
-0.055071805525411	0.609374800015628	132
-0.023262340679665	0.432474185953536	76
-0.07277329853613	0.417837246523718	37
0.119470754519763	0.776138098411907	37
-0.101626754750841	0.546874516680107	463
-0.016373077129054	0.536753857428299	76
-0.094213860308164	0.238766822865583	297
-0.022409998296838	0.613977096438327	64
-0.043199289153477	0.499308294445771	48
0.113791651277388	0.781574264149356	146
-0.035864312852055	0.255545478856933	249
0.12133514318669	0.295524649584961	249
0.119252446491846	0.193616815401466	75
0.026965834838846	0.271095080616048	75
0.034488647446791	0.273111009514388	75
-0.040319277375913	0.255013772378436	1131
0.026623386790825	0.441407573913561	49
-0.09214645358536	0.23588166291441	49
-0.027864346588402	0.334743160961817	1957
0.123023079409335	0.388622025486164	49
-0.092122670813815	0.239794905518081	49
-0.026941064693419	0.17312437604662	140
0.112462015594194	0.19254900802788	563
0.117324240359805	0.193402661278607	563
-0.028326731242369	0.167832633383403	563
-0.036294906573986	0.261975244021396	600
0.108023158798596	0.18942262697525	671
-0.00179769529200302	0.775212714942851	331
-0.053894502828149	0.412655003189041	192
-0.10588003459593	0.469576492547325	293
-0.042301828578557	0.553934103420199	293
0.014094124431872	0.592211139118971	76
0.010434045847503	0.655336200215641	76
-0.00246299244733	0.509316082117702	463
-0.019727774895403	0.502967847996458	297
-0.012524159696808	0.630969798285571	297
0.092590213507586	0.821760685522598	48
-0.023809990669368	0.350846524231219	721
0.061143856140939	0.530114975207399	75
-0.081393425633578	0.323399343167011	249
-0.00342885782706798	0.507031693054859	75
-0.00207008314384299	0.420307351583722	75
0.00147406679277295	0.342786158164114	75
0.0232115843503971	0.450861254272203	75
-0.058220109432765	0.489500813935057	75
-0.09308498908647	0.239594654442226	75
0.108895781688255	0.641126548250437	36
0.017511119974821	0.432045774533315	1131
0.027667336111598	0.259862566876934	49
-0.032051384919257	0.166665536980922	49
-0.033711489490038	0.259688895617027	49
-0.11963678253775	0.156201524632452	49
0.014318763182125	0.355574239351909	49
0.015308417519627	0.361590622234946	563
0.108991179776798	0.26184826351545	563
0.122553157855553	0.295519418649558	563
-0.081572950254931	0.248870115503304	128
0.11558299985171	0.19328946789518	128
-0.029719602862004	0.940768431984577	25
0.095953125414609	0.663613416094145	95
0.040129257457302	0.506477006589386	331
-0.118518999523816	0.23703052594864	192
0.088074387934748	0.611410590986989	192
0.015793677573985	0.517460651592019	192
-0.100565888638808	0.334953793952241	192
0.016632179916951	0.431086533685353	192
-0.121331198771727	0.322222633820379	192
-0.066509098672261	0.410124690792702	192
0.096727477706836	1.08738968241992	293
0.0104219701192469	0.452745004882092	293
-0.064786054867546	0.48267416292225	293
0.059307909354172	0.757118855688557	293
0.012670781226507	0.551343353645763	1864
-0.024529425884636	0.423436832466213	293
-0.019634807437252	0.57315858283072	293
0.115970842420119	0.617442692580346	719
-0.117130747344596	0.373581251251704	132
0.123773418610425	0.647654788919655	586
0.00209003802465702	0.504851553874357	76
0.120595196818492	0.604977193080264	76
0.0543952727823131	0.684115471980147	1779
0.06568837071321	0.525587259268472	1780
0.061324117115068	0.616715176204674	40
0.057081364383662	0.501295290223142	40
0.088363585987307	0.473390031255386	76
-0.017728695976991	0.807011475576564	76
0.09432372581218	0.463549722406974	463
-0.118499056037216	0.312329659750904	297
0.024995807810171	0.43058007004414	297
0.119056012686174	0.383639031723243	297
0.0535418795880081	0.521863364211182	297
-0.00654368384549597	0.416862975370094	297
-0.122192463448822	0.320500952031691	209
-0.064457484577049	0.462660755734888	209
-0.097976798200145	0.329673990755925	721
-0.01589149849095	0.419908970732202	721
-0.082812861113393	0.247371549135874	146
-0.122901503996866	0.231065645401264	75
-0.051360118062921	0.463690663334959	230
-0.040030091662317	0.347749076672941	230
0.11474985304932	0.272674780769769	75
-0.12000508759297	0.330414389867046	75
-0.027345213818411	0.262805001719115	49
-0.022027908765716	0.347202629095378	49
0.093360108002699	0.46625692567345	49
0.113424244432263	0.196906484145393	49
-0.028601747151306	0.168453331476105	49
-0.116683821214557	0.1552085493576	49
0.038093418170419	0.447133139215804	49
0.11558299985171	0.19328946789518	1141
0.0530014522605891	0.363554526177472	140
-0.033022358824727	0.167004164474213	2266
0.057807202572112	0.37512591988052	128
-0.105081538376006	0.656489614914449	25
-0.071976817471878	0.488343707558574	25
-0.092155329698094	0.533414522609186	25
-0.055600746620708	0.33758417514059	95
-0.027612760911994	0.416158728031675	95
0.034124853897163	0.516784683195315	331
0.047231900885454	0.453976985448872	192
-0.080147220298178	0.395190417211287	192
-0.028365501413246	0.337058076812523	192
0.092548255328169	0.557924326464946	192
-0.037423403405433	0.430697698239146	293
-0.00685411460125201	0.424392265788508	293
-0.048419160455931	0.342561728812179	293
0.070064027430212	0.66742689729082	293
0.078858189586888	0.820554580690276	293
-0.078703128518009	0.590570410801788	851
-0.09518174948002	0.47497055048498	1864
-0.072150715268032	0.329960753009932	293
-0.064285344288105	0.534728298500006	293
-0.081918932772145	0.414518774429143	293
-0.119480575796175	0.40308192850595	293
0.043169012902744	0.53338406468614	719
-0.019958555974844	0.497370902216405	719
-0.020154886126889	0.508673823171986	719
-0.07932254577582	0.40928794319721	586
-0.062206337264868	0.489015685224183	76
0.118288999767393	0.936381248275061	1779
-0.037046578197294	0.548256117201098	1779
0.059126468058739	0.694387178939646	1780
0.120259840590569	0.793610483442709	40
0.0311960131876871	0.494798995974185	40
0.092618039997151	0.447304418548909	40
0.077139988728962	0.824537492155502	76
-0.060754090471483	0.410843930434663	463
0.102614986193152	0.477516906179451	463
0.091619876939142	0.480723805827262	463
0.025887988997683	0.443693641298917	463
-0.097136221248812	0.330302619930852	463
-0.105270094474026	0.399053888710373	297
-0.060978393129009	0.326118968371396	297
-0.078312730561688	0.479899761112618	209
0.0137981326158499	0.419188962302414	209
0.062772434481648	0.520054975590514	209
0.091241976533014	0.778640402029436	209
-0.083034701329405	0.445917742972392	209
0.067183825846534	0.54075869485621	209
0.12206509850936	0.389684495969516	721
-0.070602987356293	0.552009804737847	146
-0.048794924630307	0.625753836384421	146
0.00779942490059005	0.352246927196744	2044
0.040521808537891	0.542531663131087	230
-0.088813997586199	0.240789415698397	249
0.123191776823583	0.464478571433417	75
-0.067083783726483	0.340005674120733	75
-0.032795452868437	0.170598242060832	36
-0.033214158677119	0.168728506863251	49
-0.027389723185925	0.16502342869749	49
-0.036965591432066	0.16798490386174	49
-0.093106702929767	0.239981175438549	343
-0.024340402836943	0.165226047460935	343
0.124600794772114	0.382661602926617	343
-0.032795452868437	0.170598242060832	2284
0.114386857965339	0.196766872483384	140
-0.016650146485278	0.349004303448473	128
-0.041281330272444	0.986898117020188	25
0.048126247855831	1.32758710987479	25
-0.066312611860411	0.65372514643591	25
-0.036608940684235	0.726362026864815	25
0.059654891345834	0.967142743117049	25
0.00888279470414699	0.740880186864961	95
-0.025611580431787	0.551085239231507	95
0.108790905399758	0.598456299293321	95
0.115319065504085	0.700416555010876	95
0.11408228864491	0.53614608946491	1813
-0.061733547790287	0.396449530658834	192
-0.084664014888805	0.386000014198451	192
0.016610708547349	0.445507080804902	293
0.039346857337202	0.613792348832633	293
0.115067982945963	0.643575935372987	293
-0.062932803428783	0.497442575719031	719
0.0949382876941	0.643129775061403	719
-0.066029090537623	0.41101755654167	719
-0.06620550807248	0.495098919102707	132
0.0323193705321571	0.753102022089724	132
-0.035012685274088	0.425469702650254	132
0.072569497151708	0.695412167481459	132
-0.013772047687855	0.430768450130087	132
-0.085385124290588	0.460217467229456	76
-0.063555365293028	0.562662762106656	76
-0.052313595323269	0.549136179123076	421
-0.079946386086783	0.411625120916205	1683
-0.0273457042993	0.498672897971287	40
0.009405451901081	0.499287272561408	40
-0.036594337690805	0.669149346720597	40
-0.095120776062198	0.311869511621479	40
0.00679987328394704	0.357830547390038	40
-0.00251919519574101	0.420209447304662	463
0.0145978207666	0.642573266285362	463
-0.111796230223718	0.553547541935149	463
-0.082324669006414	0.407626983742231	297
0.029571457142201	0.587282456758809	297
-0.080858438775609	0.619370081066087	297
0.106229780374329	0.711778428928416	297
-0.106488967495203	0.396086053796208	209
-0.00098001877454601	0.442872027450676	209
-0.111842646476995	0.402356575083333	209
-0.00822912623281602	0.409438611427494	48
-0.011831977584823	0.443288792422327	48
-0.00283077672759302	0.427800138680103	721
-0.025456801995032	0.332764578079467	721
0.032326199010141	0.268446973062712	721
-0.07227428632011	0.334382428697842	75
-0.00158242151418903	0.426195983967381	75
-0.030889584346381	0.260068253183045	2044
0.0279085161788351	0.27118675285298	75
-0.087988792145313	0.239352131227441	75
-0.03117208848576	0.341897808524053	155
0.053916644058581	0.360392337039547	155
-0.088249613301792	0.241124321664464	49
-0.032795452868437	0.170598242060832	49
-0.024519340664673	0.260424725549211	49
-0.048746164429793	0.337642609358323	49
0.02979646261906	0.266620472435598	49
-0.050872725075276	0.337275211482723	343
-0.12378145877362	0.151038753758381	343
-0.037195601603751	0.163909888219051	2284
0.117324240359805	0.193402661278607	140
-0.111096251574397	0.152390184146844	83
0.121497555697188	0.294186995646019	128
-0.032113643970298	0.856184627910179	25
-0.088786630058471	0.631226745372489	25
0.057437557075487	0.813376722858502	25
-0.100631654991505	0.496474996472728	95
-0.022916892166253	0.57147577513312	95
0.106067559480551	0.634087939905721	95
-0.028617796778909	0.496173426892059	95
0.054917375342562	0.688241891842013	192
0.00803110639801197	0.441426572574856	192
-0.038280479267027	0.958285161843735	192
0.09783020690332	0.55428278087883	192
0.059193003222605	0.456367984866063	192
-0.021656393577718	0.344630339774824	192
-0.10791842234923	0.464287431559707	293
-0.00746033393245998	0.72597414893725	293
-0.00422249912622902	0.726500493455076	293
0.066868204005662	0.599461698725807	293
-0.118663086824437	0.328945957276504	719
0.069164791127775	0.53443028800129	719
0.089473774203246	0.462432229312686	719
0.036243785491885	0.590482748130429	132
-0.0478054537186	0.463829053948047	76
0.062298863899505	0.604912728783906	76
0.064895064922276	0.681486312969741	421
-0.019271611680145	0.512144989736878	1779
-0.017243713618909	0.49489092783337	1779
-0.00702156958015698	0.512890053377723	1683
-0.055247451173637	0.494308442660649	40
0.018811353206675	0.524589381673858	40
-0.034615502226664	0.465808362572631	76
-0.041687869855941	0.546448468462336	40
0.097003070345921	0.441040225138744	40
-0.085574834289141	0.41095390639201	463
0.105393739902855	0.45640518729038	463
0.014836233836527	0.520908957489704	297
-0.099189870890286	0.325250365971582	209
0.00616739113297604	0.430828499561396	209
-0.081712561355567	0.248638199803562	48
-0.063713261734914	0.482892838886553	721
0.121822191941488	0.356631019173117	75
-0.044164114048808	0.344754248978388	75
-0.029987869068151	0.167115029062024	75
-0.059283783120345	0.408451365980544	2044
-0.073962790167545	0.464923802858033	230
0.038435674370869	0.274077765825499	249
0.010148892213685	0.438475917394304	36
0.059898015224401	0.531965513799442	36
-0.00268518984933103	0.426148691305207	36
0.123486343995287	0.296476252515766	155
-0.116490366005782	0.153508025098043	155
0.113424244432263	0.196906484145393	49
-0.050716270006765	0.334811528327098	49
-0.029762377831703	0.17154020454886	49
0.061659418553311	0.364914442678976	343
-0.026941064693419	0.17312437604662	343
0.03599696057629	0.280641498794384	140
0.052852649743436	0.354429476660896	140
-0.026004748414299	0.173210247302568	382
0.118456157325061	0.279034158918286	2270
0.114386857965339	0.196766872483384	128
-0.053523887282685	0.498605335303679	331
-0.108605419992267	0.39127557211199	95
0.032304114132007	0.519106247042067	95
-0.112533676024176	0.330964548252302	95
0.000983186519406987	0.508711028896908	95
0.028451226786127	0.436200058781716	95
0.114849367325069	0.427479701883537	1700
0.059056137743163	0.358620433012672	192
-0.03122384956257	0.328611203864562	192
0.059871843526413	0.532328274704569	293
0.054857788244681	0.360906570180452	293
0.034403239052943	0.274460418740819	293
-0.076592758667891	0.24813823956463	293
-0.050272735727405	0.494894355364967	293
0.03599696057629	0.280641498794384	293
-0.094631433945292	0.560285822742871	293
-0.06963313273993	0.415548550833374	293
0.049864068748616	0.456536863864488	719
-0.124866190523802	0.396486744016051	132
-0.113062115839457	0.485891655330772	132
0.058628629468648	0.45828058193578	586
0.0577227260025071	0.466934106548861	132
-0.026823609784216	0.637068536773031	421
0.018253145181595	0.582843862027958	1779
-0.077610667489486	0.334373241834415	1683
0.00129961290667502	0.520173024733009	40
-0.09084923825333	0.242595485491886	40
-0.076164166231391	0.335566079480011	76
-0.058237140014457	0.536507859855523	461
-0.055613439212566	0.563086994563992	461
0.059047029243159	0.683346627406224	297
-0.037592407756236	0.478625298739663	209
0.019636137289918	0.354429929413865	209
-0.022733346533421	0.348627143376834	209
-0.074491341102104	0.406637022551291	48
-0.029700225409228	0.421944238089646	209
-0.119668256682726	0.235482445305791	721
-0.087003651377962	0.248995291863632	48
-0.109195843682645	0.15541097233699	516
-0.118716993022398	0.156329899460157	75
-0.033554888267353	0.258352073578171	75
-0.019544497273259	0.245012910290065	75
0.021188376841188	0.515568690471443	75
0.032466288231931	0.273358636944032	75
-0.117257030848389	0.153189607498897	2044
-0.044633565692356	0.341944988325315	2044
0.038870710748151	0.536048784136815	75
-0.084634564280162	0.241497392146905	75
-0.031859729488141	0.171527451678033	36
-0.120946714673278	0.150639147845866	155
0.124292798175965	0.460008972725971	49
0.118520039230331	0.190125972241398	1349
-0.027500480162373	0.263471834229673	9
0.113424244432263	0.196906484145393	283
0.092233902875807	0.898126851738773	25
-0.033798076863941	0.483407020676071	95
0.016612832289792	0.583512910195883	95
-0.057242457623832	0.408681405635422	95
-0.121854974037305	0.322794173524614	95
0.067393102346502	0.53205083082798	95
0.012820829477128	0.443493088046974	95
0.0650088633052131	0.552762947748838	1700
-0.123646628680464	0.240286584115627	65
0.091665828944221	0.479992476062198	192
-0.124982843600127	0.230591978197574	192
0.124277185375265	0.396855436332684	192
0.057129145620988	0.366268735316546	192
0.035166727510765	0.534333236587437	293
-0.025871082663816	0.727039674430527	293
-0.103928898357646	0.374637939372788	293
0.00610013909725704	0.624593645926676	293
-0.02979338399131	0.26219335392683	586
0.018841079930183	0.825971988730983	586
-0.124982843600127	0.230591978197574	76
-0.016664709177377	0.432902768319069	421
-0.060146040479468	0.490783869406813	421
-0.088190780888572	0.332397631995193	421
-0.076510811984119	0.335517788857361	76
0.124302542679798	0.464371634949694	40
-0.057959060580974	0.330913730400968	76
0.123352304059774	0.381092280220845	951
0.033300402398442	0.589279142150093	297
0.117642615268194	0.290023345114648	297
-0.033983361263993	0.255811948557632	297
-0.040088177514631	0.240470521048805	297
0.00147535861681702	0.563897416406516	297
-0.110701978726202	0.543522397992286	48
-0.104454797294713	0.148802359877109	209
-0.06335407621961	0.318279993933871	209
0.08125029489455	0.619951979872649	721
-0.039687225555401	0.249099124216426	721
-0.01445566819317	0.349698091318152	721
0.117642615268194	0.290023345114648	721
-0.116311955659558	0.504422320593956	75
-0.083965917034336	0.250708226703621	75
-0.024543412908603	0.4289269229623	36
0.010408130518785	0.589864674392939	36
-0.032279168225838	0.168821825444316	49
0.03599696057629	0.280641498794384	49
-0.030923867843503	0.170672728303269	49
0.113658479529601	0.189270038586502	133
0.032466288231931	0.273358636944032	83
-0.029987869068151	0.167115029062024	9
0.113424244432263	0.196906484145393	9
0.11558299985171	0.19328946789518	9
0.113424244432263	0.196906484145393	283
-0.028597520189563	0.261339351083114	194
-0.026408665135409	0.341991067363229	128
0.102471182486137	1.37254855790859	25
-0.024728131150205	0.818685437256328	25
-0.119515534289889	0.548094192446823	25
-0.087639940815252	0.621182672348279	25
-0.010955730808001	0.732406721740341	95
-0.030452195727016	0.559878121042738	95
-0.001942472704061	0.513650103046029	95
-0.082957685825307	0.323760781862985	95
0.105795720365651	0.553510876024046	192
0.08631814991153	0.463514252917346	192
-0.029640122196565	0.263941702734435	192
-0.056735189776822	0.334505802586907	192
0.090294654949686	0.541884728713949	1675
0.083922667305632	0.455786224410288	65
-0.046668689930372	0.338350916683865	293
-0.042479015225846	0.504359446289177	293
0.074399179213094	0.709788746003677	851
0.045015212191264	0.437318469024357	719
0.115878079939174	0.542890196347926	719
0.011816350250843	0.673081426727982	132
0.00739785313493002	0.574708118630078	132
0.1111522120964	0.519020672190733	132
-0.095107525546222	0.330816086842138	132
0.04157103646506	0.609650889324382	76
0.060931458226145	0.751485247420548	421
0.011752631801723	0.442153003664617	40
0.00448774714536904	0.712788138370358	40
-0.105466499641055	0.544263353015803	40
0.061844126346464	0.370438972947976	850
0.120955750399126	0.377903620875681	850
0.045173832506584	0.447120840126533	76
0.038248590097725	0.537657902860055	461
0.050436048301809	0.431281723642326	461
-0.041360895316071	0.610684937016594	461
-0.116227818848169	0.314693402362606	297
0.066111205999466	0.749124268839229	297
0.053578789333911	0.360435319125531	209
0.083668378161446	0.526945612476024	48
0.00786803502936895	0.359561292061169	721
0.0577227260025071	0.466934106548861	721
-0.041414134145406	0.324324054129799	721
0.0809490944475409	0.90612634926366	75
-0.027815797556817	0.259830749731171	75
-0.121981952962199	0.227197720377033	36
0.111353721101889	0.550179809144244	155
0.00677946296301502	0.345136713604872	49
0.119483789676008	0.193198488165114	49
-0.118716993022398	0.156329899460157	49
-0.115029668135505	0.159035522596003	49
-0.11904599485204	0.151340499797006	49
-0.028326731242369	0.167832633383403	1339
-0.033731036856254	0.16673838318519	133
-0.033711489490038	0.259688895617027	133
-0.102556027239724	0.924301615656344	25
0.0714331891444731	1.15508680514314	25
0.102562361379991	1.23290573431823	25
0.056981838094503	0.617031395526026	95
0.124482303674653	0.72427044664872	95
-0.11432603356558	0.786492854597017	192
0.055027636272719	0.363569025457193	192
0.082219912094345	0.451286262519499	65
0.025955575393396	0.533220799827718	851
-0.05981773744821	0.331767191105305	293
0.071365657545944	0.53998936955082	719
0.053872739064314	0.455603878178271	719
0.029115661046701	0.456351590948886	132
0.00862883493063704	0.620987363095256	132
-0.040737431815923	0.504849980617847	132
-0.077580459761209	0.316695868665821	586
-0.096108932683621	0.33117057162707	586
-0.117142628621409	0.496778520612251	132
0.116418887445215	0.546559963807184	40
0.03114429300969	0.787602964959316	40
-0.060429502699723	0.415450550396726	40
0.061171877535643	0.460408153106319	850
-0.019919056921946	0.349862352269674	850
0.075496613483923	0.620262388066663	1787
0.085523439150781	0.466998059269568	461
0.058256946046957	0.901322956612172	461
0.087223488186797	0.552912846516249	461
0.077725698095984	0.532445124218613	297
0.00676185837515497	0.353139227718247	297
0.124287521890135	0.465319358482079	297
-0.089707022416849	0.333254852833214	297
0.053578789333911	0.360435319125531	48
0.00520454187864605	0.449902696291994	209
-0.097770879479968	0.314136918878396	209
0.059051576754857	0.355527464010931	2155
-0.065866601241538	0.339588246096008	721
0.064754819513667	0.373065121102076	721
0.050898991984623	0.360107017440275	721
-0.114775647227198	0.238938581921026	721
0.039386825359921	0.27003056586353	721
-0.023892800148263	0.35387546089776	75
-0.070941450683161	0.325902457082751	75
-0.00227755183926598	0.434747441125312	75
-0.03383051618998	0.256637437310924	49
-0.033214158677119	0.168728506863251	49
0.123486343995287	0.296476252515766	49
-0.031633406719734	0.171470018787416	1339
-0.117063365407864	0.156458878637112	1339
-0.117409458199978	0.153373751466469	133
0.122249704373766	0.375125142694423	9
-0.123617092021301	0.15278628067472	9
-0.036965591432066	0.16798490386174	9
-0.118716993022398	0.156329899460157	128
-0.040279270624177	1.02051556366267	25
0.0809965354009941	1.16283641837193	25
0.108379784470678	1.03938087570824	25
-0.119725987839614	0.465683905715123	95
-0.08857011918223	0.387816676549999	95
0.036099137334465	0.509405441970751	95
-0.117320856193666	0.321305580340098	95
-0.078300521321391	0.40402974065418	95
0.00588788602219204	0.515699283258162	331
0.04150731640042	0.602548506688895	331
0.04263821105959	0.542731476338783	192
-0.055151145197371	0.411610439479712	65
-0.020214866489683	0.427439438353127	192
-0.117935738015497	0.238059590559107	192
-0.100557889429255	0.314692222886118	192
0.116492999154059	0.564242459433132	293
0.013172031722086	0.352462588295711	851
-0.118636405176197	0.311368196334908	293
-0.064015183619979	0.3399715274607	719
-0.075964027757507	0.326299577068299	719
-0.118246815475915	0.312832936121696	719
0.015921176191387	0.416644240789745	719
-0.07085641424044	0.340505503486956	586
0.013679093649609	0.516875147377562	586
-0.054559838499331	0.416179880957798	132
-0.060998745424193	0.428763600632097	1343
-0.076427052439988	0.337708049051784	76
0.123165372577858	0.633040492453485	76
0.038345043446983	0.59195005856043	40
0.00479680575751995	0.430884437462154	40
-0.079625340909672	0.25009701316886	850
-0.045949736357454	0.347159121952142	461
-0.107685169566584	0.390584079867844	526
-0.027204404409942	0.350140822231453	297
0.093342826758999	0.564599910757621	297
0.017304377813074	0.430974782663914	297
0.0571693814870891	0.453805446667404	297
-0.093723699002898	0.334351078980704	297
0.014496854036375	0.501736285181344	48
0.042748885505582	0.434756208340287	2155
-0.093747856576323	0.333521859470785	721
-0.059523278288696	0.318597654911038	721
0.089899430800459	0.471514118105187	721
0.00453739292224598	0.326397761892469	721
0.054623514993332	0.426136796437694	75
-0.09272022636606	0.483687154008932	75
-0.041575058353045	0.251239148090673	75
-0.081852322208151	0.245626469749283	75
0.05393054304431	0.358653536093306	75
-0.098358448315457	0.22650958032129	75
0.12133514318669	0.295524649584961	75
-0.070632268074771	0.240020892002098	75
-0.014586681529034	0.433705510342823	75
0.083384113812695	0.5517038537343	75
0.013192503215873	0.363956784613941	75
0.033317686878184	0.274791507190339	75
0.064846605549256	0.373732610834784	668
0.035056100342062	0.279632585102532	668
-0.035096893389296	0.163756335924017	49
-0.034924341532411	0.256292417576888	49
0.102842052742856	0.180693580837321	49
-0.032051384919257	0.166665536980922	133
0.0600198783584211	0.373656993478781	157
-0.029762377831703	0.17154020454886	133
-0.120751605569248	0.154581912804799	133
-0.122787659250845	0.14922308673947	133
0.031666187367417	0.272863483325709	9
0.00463550799229295	0.333976049184448	9
-0.042201996440653	0.249244855658664	128
-0.09226971385975	0.56104638723596	25
0.00436417009756396	0.526963755233254	95
0.09330273137378	0.463855780106301	627
0.096644940788015	0.464816731431727	95
-0.037897430294511	0.251481456393053	65
-0.026667615325521	0.252521536705665	192
-0.00747893147545298	0.414128993863712	192
-0.081572950254931	0.248870115503304	192
0.095562849652397	0.602478658185044	293
-0.029351420298676	0.345272435130148	293
0.122274551187486	0.720932859176971	293
0.045055666610119	0.273050900413302	719
0.085875209519752	0.438793617467219	719
-0.027500480162373	0.263471834229673	719
-0.102421854353805	0.479882237591964	248
0.067287901462739	0.538163190101518	132
-0.00178734409310599	0.640343879528706	1685
0.090110813501738	0.466378830117475	76
-0.029611672328303	0.425291020383493	40
0.029393104365938	0.459440884230788	40
-0.119560144470135	0.24035788541193	76
0.0501795573562041	0.740919594100823	581
0.072612869638009	0.673583513275141	526
-0.072979907344838	0.403784581448083	297
-0.036965591432066	0.16798490386174	297
0.059496581432645	0.357189595505051	297
0.035431184834496	0.269894759618855	297
0.041117565278546	0.532703344253772	48
-0.091159555927349	0.238942670872234	48
-0.113917144683025	0.158989380567069	721
-0.035350378938429	0.260570275698832	721
-0.080751951548089	0.246873488746824	721
0.035856349237688	0.276098535113541	721
-0.042517453616633	0.250491700900921	721
-0.034025586172199	0.249568785707916	75
-0.120751605569248	0.154581912804799	75
-0.088893366756107	0.237683859323083	75
-0.034377794258916	0.165421079726589	75
0.031429436289473	0.278494328079114	75
-0.032985965600957	0.163523898735959	75
-0.036881107102976	0.430209798424148	75
0.034625216063208	0.458580184311731	75
-0.027165310403099	0.17233634869874	75
0.053793897385189	0.461687382698369	1697
-0.081899306637362	0.249792388176921	1697
-0.075135483484818	0.334765188735605	1697
0.030585803091724	0.271674809918846	1958
-0.107137178444555	0.150603532781928	49
-0.030923867843503	0.170672728303269	157
0.120362797660784	0.284549863812385	157
0.058050688723553	0.358507581237594	157
-0.038130167113643	0.16467086304066	157
-0.03883376045538	0.163358995914471	83
0.114386857965339	0.196766872483384	9
-0.11888345415274	0.154930465077803	9
0.054890884184216	0.363190475011595	128
0.00310317680069305	0.844701076272013	25
-0.00471234533239001	0.569093729148567	25
0.054274663339717	0.65006977959454	95
-0.068776732686451	0.413399838026441	95
0.00405892136218	0.504868866157952	95
0.062030020037859	0.736906541673087	192
-0.020225201649552	0.348127819179891	192
-0.013085454461305	0.629284586969296	65
0.048243378023538	0.663249129520055	424
-0.016201506635961	0.509301898245424	248
0.06093117396866	0.377709569073356	248
-0.068637149735938	0.345992110865721	132
-0.117178444147103	0.458784537374131	117
-0.019749413390018	0.344093758744505	117
-0.123027796201104	0.39433397235333	295
0.087066843242207	0.545050744802113	76
-0.10968097255531	0.459186115176488	40
0.085106835816516	0.552817601284613	40
0.041792672695606	0.886115518370113	40
-0.044788379301737	0.626150677949195	40
0.0923242929103471	0.453171475045339	581
-0.077304439961375	0.542147188437	526
-0.051869075857471	0.620899357651177	297
-0.083933917780668	0.455884962529016	165
-0.046655784491628	0.421665258117557	297
-0.032795452868437	0.170598242060832	721
0.091574465235325	0.476283363828637	721
-0.082672386000682	0.249090846200668	721
0.120808472667808	0.375476561599295	721
-0.057364210096808	0.332252611572662	75
-0.093014300909512	0.394659416470059	1697
0.060442294447667	0.358381046450169	668
-0.000610069057297991	0.511695725074634	668
-0.085954009222686	0.240312384242061	668
-0.026941064693419	0.17312437604662	75
-0.035194670027418	0.263221606787364	49
0.113424244432263	0.196906484145393	157
0.117324240359805	0.193402661278607	857
-0.033022358824727	0.167004164474213	9
-0.117037763319581	0.676861352672931	25
-0.03988156283191	0.865103596467056	25
0.109318372494308	0.99154585024783	25
0.076721586494415	1.09130753293417	25
-0.117880331408157	0.482486088189615	95
0.037582849628344	0.584890317921694	95
0.031989432365171	0.574561823904808	95
0.032913185875587	0.5141718685367	95
-0.076731916026209	0.452485690929618	192
0.0337317140939381	0.517639427659059	192
0.023275401298107	0.493494179486295	192
-0.016547344442688	1.0946129936142	192
0.076806365692231	0.524326375535518	192
0.094906900139152	0.564498547770747	192
0.084379757101178	0.554264721593596	192
0.001635603286674	0.440093823645404	192
-0.094327064775487	0.316875956517657	192
-0.00498870913394001	0.496655278046377	192
0.084607770205967	0.465017417030089	192
0.073423664662622	0.540351625621912	293
0.056204209845842	0.53554034333865	424
-0.080274485469502	0.486638936152203	248
-0.064963189125614	0.425087256813812	132
-0.100764918584608	0.487833849352148	117
-0.022265699582922	0.424906567044368	117
0.108191062409336	0.638054100983135	295
-0.01907989955513	0.524525774383707	295
0.105636292274258	0.775559035248462	295
0.009626708120276	0.575014756669517	295
-0.098339898366738	0.407981961957931	295
-0.112309588978954	0.325648891960715	76
-0.099515579151137	0.392511135639739	76
0.020120936649713	0.437461284429309	40
0.011940253549045	0.440828132249496	40
-0.087132521253719	0.392599858171426	40
0.0223213264751559	0.450974218962821	40
0.0306562395994801	0.452809109550891	40
-0.022228647744189	0.343306486543728	705
0.112705581891612	0.717194195340005	1306
0.053578789333911	0.360435319125531	581
0.0173696672915979	0.662415171389781	581
-0.010776153401911	0.650290793202132	297
-0.070061684137776	0.340174863647143	297
0.100238651617105	0.695039059270631	48
-0.051695088122671	0.418773999955234	48
0.048795761062463	0.351662709296903	131
-0.085872991915233	0.239613705767606	75
-0.107062107153056	0.469442374635185	75
0.00444607053897605	0.435704599018038	75
-0.029380913510393	0.259498337170228	75
0.124287521890135	0.465319358482079	75
-0.026404255519292	0.263813814341338	36
0.053701772599861	0.366218720972896	36
-0.037406848104527	0.159418919089931	75
0.124454099398189	0.384110346521457	75
-0.124730993983615	0.15205286303594	75
0.124307235616555	0.38107227294029	337
-0.039064600061659	0.163802701654454	337
-0.058828195106837	0.334801819757309	49
0.124419714000615	0.295510680824064	49
0.119508564688336	0.286185913709976	157
0.119429176700335	0.281678822426787	157
0.114386857965339	0.196766872483384	157
0.0822825906170131	0.458146813023719	9
0.117324240359805	0.193402661278607	9
-0.029762377831703	0.17154020454886	9
0.123647207364637	0.295040240279413	9
-0.039281509541903	0.256674625285424	9
-0.03111667703495	0.166763104716958	564
0.038736265093992	1.26419423196261	25
-0.044335314217431	0.707306077414813	878
-0.061212779476883	0.546246333516358	95
0.10636721096713	0.662691261612195	95
0.034155412388907	0.525641248243109	192
0.108217403359105	0.616472414853138	192
0.11920465250857	0.661094694437172	192
0.019078412264849	0.512173175407003	192
0.0943580453805381	0.562813669525682	192
-0.076910536915675	0.331119265878409	65
-0.064363287557805	0.411306951041315	293
-0.066921360482368	0.486931139475361	293
-0.020817002447114	0.575811208586332	293
-0.104896281425068	0.407411286939788	293
0.00938216783747503	0.63398082505505	293
0.0263821002056101	0.501143437617781	424
0.0777926260301201	0.759491669181627	117
0.084063178900893	0.63307226832709	117
-0.113016220588942	0.406352931760953	295
0.024505381175382	0.523535819849853	295
-0.05724082061229	0.46095135121614	76
-0.084087587137701	0.399611392131167	40
0.067088070822227	0.538503193953214	40
0.00679987328394704	0.357830547390038	705
0.029917122070527	0.448464092431716	1306
-0.021646983303489	0.420084912944488	581
0.013177386190165	0.360519877195346	76
0.020120936649713	0.437461284429309	297
-0.028519252191783	0.335718257164662	297
0.0258286152093	0.597292861990032	86
0.090218802982858	0.545444503492101	994
-0.031709072128871	0.584090879073639	131
-0.118339241155276	0.303125904753941	131
0.120551700685545	0.784569839667521	131
0.030505604538803	0.45649810406117	75
-0.028365501413246	0.337058076812523	75
0.112595185952699	0.608388792618546	75
0.015424316579949	0.358688905141395	75
0.031030742417303	0.455274863571754	75
0.113666233136411	0.365237758193405	75
-0.074878473280707	0.3290483885264	75
0.121458354960828	0.29257965643258	75
-0.071041116015385	0.337739222265964	75
-0.123911073700162	0.233858263545247	75
-0.076427052439988	0.337708049051784	36
0.124554059669611	0.377957322691622	337
-0.032086218448483	0.166222906344493	337
0.111787362541578	0.271352365686145	75
-0.090809935523548	0.234151296812898	75
-0.085652955962848	0.334415840553761	49
0.109223048028181	0.189904324641206	49
0.0315717034702619	0.277119068918873	157
-0.12291334202708	0.141623157785822	9
-0.035801879339272	0.165919149012101	9
-0.028597520189563	0.261339351083114	564
0.043022357181804	0.257178509728601	564
0.102589028070579	1.67020236257771	25
-0.118043652839679	0.681142328458221	25
-0.114096200407429	0.651774689483037	25
0.112568102439893	0.968235417030056	95
0.020324432289446	0.569247387854329	95
-0.00522191106661102	0.476974995916656	95
0.067630142427434	0.614581636664336	331
-0.106092175971658	0.580959877803485	192
-0.033061747787301	0.421028404209966	192
0.030662085466562	0.593196495341708	192
-0.041665706356787	0.5423553697057	65
0.087924354145237	0.449224916623641	192
0.082749396372084	0.518371157463608	192
-0.083921928914472	0.599389948302607	192
0.0431419121364069	0.528252762891589	2115
-0.089125363918291	0.567359464459097	293
-0.090187670138328	0.393588173842672	293
-0.10423035093825	0.385275446577539	293
0.016415694409336	0.581033338960616	424
-0.090819673041159	0.45401491228091	424
-0.091687402394707	0.332990937641999	424
-0.001989645999385	0.508702223333665	424
-0.02699113226267	0.569476018101216	248
-0.043037814784019	0.420969811973464	117
0.118774477102485	0.787866957041702	117
-0.052051888621388	0.405023835650464	117
-0.034987045033472	0.506384119295686	295
0.055453346224382	0.687811586570798	295
-0.067066576269561	0.414695795337538	76
-0.052203841352609	0.419680336775221	40
0.107145908060671	0.97777811061618	40
0.116117332149641	0.926755813046491	40
0.112512878524541	0.85785134879249	40
0.018828499515397	0.6613728051871	40
0.084513252696513	0.51671208848285	705
0.123863974728592	0.569936464361977	76
-0.081748885777778	0.40799470367663	581
-0.110420791844906	0.400694759089172	526
-0.114310999039795	0.480977239458041	76
-0.097648124010381	0.485430844113535	76
-0.112229046876113	0.328943256331361	297
0.0388733017341451	0.570176544193628	86
-0.087122200947823	0.476756910012749	86
0.087226731508288	0.688454757302155	994
0.077497848480819	0.588607349679818	131
-0.097896599453946	0.328584869386122	131
-0.050364355437653	0.33325798688267	707
0.114633957178847	0.559233079577089	131
-0.051293487639891	0.322169385467117	131
-0.032552239670084	0.331020432635416	131
-0.108284605441111	0.290791194378809	131
0.057072657451783	0.619712039565774	75
0.060105443044983	0.425721488028615	75
0.094631829998352	0.526120427618442	75
0.061536815804964	0.364921352556801	75
-0.022114348274064	0.340142200847955	75
0.09441140156588	0.450800607343222	75
-0.023149973579056	0.336951778257545	75
0.120957840022066	0.377825389897361	75
-0.028598711542196	0.397757029807582	75
-0.049914307971034	0.214830082592196	75
-0.119914374628957	0.237147920705589	668
0.122230594979207	0.284597734008875	75
0.036938674195686	0.279791471430771	49
-0.117991093249849	0.150487674417579	49
-0.030923867843503	0.170672728303269	49
-0.030923867843503	0.170672728303269	157
-0.036735749340458	0.165043450927685	939
-0.024340402836943	0.165226047460935	9
0.115803560895032	0.269722896690656	9
0.039659505451994	0.276484245026607	9
-0.121456336272707	0.237092825216262	564
-0.120782251118165	0.154571834731082	564
-0.060985432124814	1.47336457197152	25
0.00646004901220998	1.24215549531641	25
-0.060185947583899	0.694967149318314	95
-0.070405263478803	0.544170358417323	95
0.032750916594939	0.585662114440153	95
0.110679123447458	0.812649031540901	95
-0.074993097617884	0.484527014850796	192
0.066164390598403	0.72806667901529	192
-0.07436312230138	0.449225644435138	192
0.013297081648904	0.57474377312723	192
0.022437314724816	0.597345820026469	192
-0.035173962305283	0.487233624444933	192
0.11365796369078	0.702457272406531	2115
0.120287404219628	0.783555852187929	2115
0.119667281403584	0.867582541827824	2115
-0.037723653008418	0.48715797007062	65
0.084041290440645	0.6815893861929	2081
0.064328009202921	0.525981956908574	293
-0.054068343493516	0.428960846949304	120
-0.105476631042337	0.445282049859517	79
0.056765164661104	0.749205899341887	424
-0.085756489200815	0.487948506028104	424
0.040926821757737	0.53443074580187	424
-0.123938486308355	0.397296276633518	424
-0.030545247036765	0.510745356480768	132
0.09908213723071	0.832426844656178	117
0.085834550594552	0.700462805748816	117
-0.101468802123396	0.472216204079002	117
0.0629221149554831	0.614693581702292	117
-0.087750462373572	0.465549601900538	295
0.042607016922275	0.688832410888328	52
-0.00925565872413098	0.640022453185673	40
-0.040870130665563	0.479868350072084	40
-0.06125604367122	0.492148927703405	40
-0.070337079217184	0.410428233135841	76
-0.032537969272213	0.506199530374899	526
0.0617299810374	0.670921827213346	526
0.094277952593153	0.661219984434383	526
-0.078723351706251	0.48790800495464	76
0.0593495449089581	0.437439722534956	297
-0.00656441553614301	0.556848944755463	297
0.060352600361833	0.518915306475644	86
-0.069840439075167	0.538840583513655	86
0.051117485889813	0.579414887415742	86
0.026152929924249	0.675576461950142	131
0.016810151367583	0.578309340852117	131
0.104539235607181	0.799240891224775	707
-0.098982858105313	0.38509845106992	707
-0.081428877656416	0.396711988035889	131
-0.03122393047883	0.427290499905053	131
0.113173786472269	0.561580429662685	75
0.081238319115992	0.441524976453668	75
0.0903716187271409	0.53472374356912	75
-0.018181404596336	0.413048750777186	75
-0.00917805927971099	0.426465186663385	75
0.118738551631754	0.291147528218627	1
-0.085900250760115	0.249403524069688	75
0.066779678036537	0.367528789292352	75
0.033974073697831	0.275923565221946	75
0.123296585534657	0.382419093427117	1238
0.057129145620988	0.366268735316546	939
-0.042201996440653	0.249244855658664	32
-0.018478587133257	0.160265269765102	9
-0.111255712669522	0.155222832900939	564
0.027154370653386	1.45369894103049	25
-0.071677665317556	1.06970415756924	25
-0.03881170063983	1.09272912233662	25
0.021715648705382	0.959309758401678	95
-0.088034499287094	0.545560696471978	95
0.042198555722748	0.814894623354764	95
-0.093434881674515	0.539776592104982	95
-0.070542643994539	0.486609084999485	1299
0.014879441402451	0.779201989197318	1299
0.05467372378317	0.658480602494458	1299
-0.069181928711345	0.489284790266439	1299
-0.103205133458125	0.40850451755237	1299
-0.042780635767904	0.536916869453652	192
-0.077844863709843	0.455127636884653	65
-0.032015692578964	0.488295162223247	2115
0.040844326550631	0.722716773386453	2081
-0.091706518306786	0.403652763857624	65
0.024449741067212	0.440379280662947	293
-0.076883030037964	0.409914886657844	293
-0.11408937955125	0.235453846147615	293
0.000378709926774024	0.337509120321894	293
-0.104633176772125	0.410657282153213	120
-0.090733075055116	0.409176510991133	424
-0.07065204852273	0.478214620543614	117
-0.097250889437269	0.409050088014888	117
0.045524962116829	0.604515222381207	295
-0.045490354543952	0.483744918640044	295
0.081641491645311	0.670996441772579	52
-0.110682585403822	0.404179994249272	40
0.06991209265261	0.537720088464253	40
0.0999683064542291	0.851570280011335	40
-0.000164825315803974	0.48855950246008	40
-0.089331512560171	0.482587716769464	40
0.00544071241414201	0.574828810230466	40
0.0609680397129691	0.669180924447412	76
-0.092659068982245	0.404321447587656	76
-0.045024601171253	0.561672597349075	76
0.062973064329852	0.64758389866385	526
-0.103870848780865	0.44483471001524	526
-0.072094687853666	0.341795759381093	526
-0.108509808131098	0.333148367232611	76
-0.025442384173611	0.495981450256397	297
0.116642697562982	0.722058103962663	297
-0.071169838644299	0.420032246384647	297
0.067220872976235	0.617476441927869	86
0.036412428923538	0.605775924344721	86
-0.072337417172326	0.411773832862049	86
-0.006516928284379	0.437611410419289	131
-0.072259985084932	0.416493848728244	75
0.091427052176403	0.465985979451076	299
0.032745784153984	0.271641938550061	299
-0.036735749340458	0.165043450927685	1
-0.029038367830046	0.168873312119509	75
-0.026713576928109	0.258019189096632	75
-0.121077223904775	0.230342186955547	75
0.012222479524174	0.355279865784899	75
-0.123646628680464	0.240286584115627	49
-0.117603293213908	0.156296236238857	49
-0.033958360636432	0.16612380931016	157
-0.027165310403099	0.17233634869874	939
-0.03111667703495	0.166763104716958	32
0.118288152482335	0.196630633273367	9
0.108023158798596	0.18942262697525	564
0.112462015594194	0.19254900802788	70
-0.039677702179909	2.24389895355258	25
0.013018733678527	1.61176873598815	25
0.049548966759113	1.91561504427857	25
0.077193466636057	1.63612144537538	25
0.0826423327992391	1.72794560891853	25
-0.078191759331596	0.752621714851669	95
-0.107063663928162	0.767728024677914	95
-0.107562411630131	0.783081209173621	95
-0.039793085422925	0.870935171987023	878
-0.054120558587764	0.826783897154989	95
0.070758632570181	0.913775095278585	95
0.015960855337817	0.995978491486626	95
0.0246372721071479	0.919047493159942	192
-0.014732558156995	0.72011992732395	192
-0.117838357374721	0.564204471594039	65
0.108757047173624	1.03649930218432	65
-0.035834792866591	0.626571391834513	1299
0.056426570855711	0.756678493065142	1299
0.045675225592989	0.668200661154847	192
0.06640197750125	0.623211063977164	192
-0.027602541262795	0.575080021534743	65
-0.095972569871489	0.335848735584949	293
0.027322493471119	0.451555662487559	79
-0.021622258081775	0.504544251821861	424
0.112939749714358	0.867893897405637	424
-0.033845839760518	0.435196167584421	132
-0.090964349844951	0.576010999121598	117
-0.114265223842319	0.399014973746396	40
-0.023522679670987	0.491223505699482	40
-0.00701293815498599	0.557540700139181	40
-0.083039714207048	0.476998271184379	40
-0.099346241658197	0.55117231922424	40
-0.013658178239976	0.720067736598074	40
-0.069416956463507	0.540279546144172	526
-0.020105140759293	0.722111528653196	526
0.06045664909808	0.674568897445727	297
-0.067847934569135	0.332955977369806	297
-0.054397320293224	0.340899999635792	297
-0.090986232662574	0.294469787492675	297
0.063660042533	0.738362963275603	86
-0.087739914742246	0.473609290830861	86
-0.048661102790488	0.599832020059225	131
-0.107876598882055	0.405252062936724	131
-0.032474031734821	0.507947918925313	131
-0.042517453616633	0.250491700900921	75
-0.022817650027781	0.354892894857688	299
-0.119832952954004	0.155498401648501	75
-0.115949719548467	0.158098750853136	75
0.0861913066723911	0.471171493787527	75
-0.11575652034023	0.154614327740799	75
0.11670990996478	0.289089034024093	75
0.0493629164681511	0.45587830267399	75
-0.091581913051842	0.332411204936358	75
0.090495312532656	0.465805267856509	278
-0.118716993022398	0.156329899460157	133
-0.046594935755696	0.342421496922648	133
0.118288152482335	0.196630633273367	9
0.113658479529601	0.189270038586502	9
0.032466288231931	0.273358636944032	564
-0.059812064594075	1.56257919720836	25
-0.00183971392322302	2.0495839909971	25
0.081862621236915	2.27795373779714	25
-0.110548673006362	0.874721773861389	878
0.039537079065722	1.1768762039585	878
-0.112455037331787	0.651293196203358	95
0.046580896312065	1.02128447104774	192
-0.000925640434962016	0.995232003656152	192
0.017595181415908	1.092532752132	65
0.035450319770739	0.951440476827336	65
0.117548692250879	1.18143843817172	65
-0.030322989240078	0.773609860383701	65
0.040509403083492	1.03254412676182	65
-0.030315366600624	0.642987289911509	1299
0.080955689946012	0.919336196017198	192
-0.016529259437626	0.493744507659498	192
-0.07680503864657	0.457686510484136	192
-0.000640637672419009	0.779344589878339	65
0.092732052566105	1.08426000391753	65
0.00378081225404203	0.603600980638429	65
-0.042196906153428	0.590086003113812	65
-0.049234348286562	0.347968927159819	120
0.064938433486156	0.369905579237572	79
-0.080640465647201	0.581850668819351	424
0.079570704985462	0.68723731342512	424
0.0931109827061	0.732569721959145	424
-0.018975073799018	0.498572411113937	424
0.00101626031990998	0.511975095687836	132
0.00448292560337005	0.52883050497067	117
0.004417204419919	0.506609105065995	52
0.00762900785771004	0.586755485641664	40
0.017989274492321	0.443545067605213	40
0.1151063399963	0.902481568749313	40
-0.110883631298906	0.538479634393886	40
0.024487656479858	0.877865604557508	526
0.05401472440752	0.924310293465197	526
0.00706306289910397	0.90930638477037	526
-0.081903465834327	0.397325273969211	297
-0.031535480751448	0.487369141154224	165
-0.108721936068466	0.532983685534809	86
-0.066254734397378	0.413679757676942	86
0.090227264699173	1.00662620669812	131
0.00914367927768001	0.75713285444496	131
0.042093518970638	0.67859632564593	131
-0.01127244608182	0.67714879252717	131
-0.032935095233401	0.683071965423827	131
-0.069004017488554	0.475538087154293	131
-0.036193356124039	0.570086608439856	75
-0.022479244173331	0.252611318109808	299
0.122546472106214	0.378734203942295	299
-0.080726022058429	0.24882526082785	75
-0.120782251118165	0.154571834731082	75
0.080597509788918	0.546107978559494	75
0.026814668158013	0.443154722559032	75
-0.046520607228632	0.343367219122322	75
-0.120783377119875	0.383080538640921	75
0.087811036292721	0.471401722618162	75
-0.119495488146392	0.303343345576457	75
-0.083490389402948	0.245950130466365	75
0.0711461338184201	0.369054934066266	1238
-0.026558765584322	0.262738506976	133
0.117091577182781	0.191477437881795	32
-0.030697961258055	0.172406008891331	32
0.124277185375265	0.396855436332684	239
-0.087887320326711	1.65384395752453	25
-0.078678884938023	1.76296545309482	25
-0.106154235332576	1.00929741966151	878
0.047233429890053	1.01707514572478	65
-0.034857914850864	0.813666921708896	65
-0.039030384097104	0.719877393353622	65
0.04935877081812	0.603696188473136	634
0.0985910714175789	0.463072915524432	120
-0.026557775986025	0.253518719934152	293
0.121714847833283	0.698905087117796	120
-0.087792867799399	0.240259460914808	120
0.015626193446413	0.511502051259346	52
0.096197034726226	0.47485107971949	52
0.084608556915754	0.702225053706164	52
0.090667402094473	0.851524257591968	52
0.010539712976821	0.662537603689833	52
0.000600482388950052	0.573287186775967	40
0.043136156539608	0.881018046349708	40
0.011116906660216	0.891914258064439	40
-0.072671418190817	0.651748271134514	526
0.044637488350577	0.96114391510623	526
-0.084736830923443	0.658448915982565	526
-0.030459782598952	0.329553845133256	526
0.075573103609042	0.791813132625586	48
-0.060329369239407	0.611051261945745	131
-0.080728688111782	0.621697419350882	131
-0.101363075684149	0.379005554442422	131
-0.09294296001879	0.240371671627574	1
-0.021084686733574	0.165558942372007	299
0.040460406628115	0.277787367162815	1
0.122194182185456	0.188689468237621	796
-0.026941064693419	0.17312437604662	75
0.078194625760005	0.532081500431881	75
0.12133514318669	0.295524649584961	530
-0.0381939208573	0.497994543987892	75
0.091418274700657	0.664476170595364	75
0.124185863123944	0.371696743254398	49
-0.076480564929336	0.327352987758587	278
0.02940069196132	0.274785339657199	573
0.11558299985171	0.19328946789518	573
-0.026404255519292	0.263813814341338	573
-0.024340402836943	0.165226047460935	939
-0.032279168225838	0.168821825444316	939
-0.033071733977642	0.261929153949671	939
-0.124027776572656	0.139396804861911	70
-0.04756716503838	2.47517151778572	25
-0.033731036856254	0.16673838318519	79
0.0616865451780561	0.824126618947638	88
-0.085954009222686	0.240312384242061	424
-0.055811523315297	0.339795042928543	424
-0.058964905279986	0.330925277162078	248
-0.066010402441334	0.476196971761324	248
-0.096030534160693	0.481148671981029	117
0.089888215317568	0.610682428481605	52
-0.00474111685128698	0.583479910355651	52
0.080305300010312	0.827658757334273	40
-0.032118669032895	0.50659559121644	40
-0.018925772051348	0.346874229256515	40
-0.124067881045204	0.402149165706502	526
-0.105951484561088	0.406778368012891	76
-0.10495377057098	0.393073531698213	165
-0.069402002793855	0.423296441241637	48
0.040973063362567	0.984028315073202	131
-0.092425529398124	0.637758873552854	131
-0.060343104412398	0.604399452842428	131
-0.080323696983992	0.324323230707782	131
-0.117226433573055	0.469504981826146	1132
0.118520039230331	0.190125972241398	1
-0.085015843858441	0.240327838489888	1
0.097814018764792	0.472887023260731	530
-0.035039254280839	0.261970162260031	530
0.00674653083504895	0.352076246651148	1
0.118814193214546	0.577544165727554	278
-0.085213574315875	0.341167832659581	278
-0.078948032967814	0.242188729940858	133
0.027108271198255	0.269175383205238	939
-0.030923867843503	0.170672728303269	4
0.121296604063849	0.285445580416352	70
-0.100402503947066	0.315207824585256	120
-0.018885443867	0.349809900991642	120
-0.120577622507773	0.239320774132547	120
-0.022953370926552	0.435851977212738	424
-0.014882742501283	0.563358053074962	88
-0.116774025338893	0.240963977765104	424
0.084454343313224	0.552752031065506	424
-0.012620726484287	0.497376489551107	248
-0.06570120378699	0.478856575543669	117
0.00266159360149199	0.736848250533943	117
-0.017796811836582	0.713927514829769	117
0.033646305066462	0.646078588292534	52
0.00846050643554996	0.953625173003607	52
0.069110821544319	0.84193949937087	526
0.112150266766814	0.558650106896734	526
-0.10545467351442	0.614475287015906	86
0.046898250294801	0.611178645364766	48
0.011368673900377	0.873336154016013	131
-0.068279424068109	0.613766528720382	131
-0.09224207674657	0.331640331660683	131
-0.053455301268747	0.688954941157619	131
0.108142994460596	0.257070626906032	1
-0.035864312852055	0.255545478856933	1
-0.037081181378591	0.261406230536842	1
-0.118672628089925	0.235497252048175	1
0.11558299985171	0.19328946789518	796
-0.090156954496566	0.240780777192073	75
-0.117991093249849	0.150487674417579	75
-0.041647201347157	0.426125214491975	1
0.059520069661465	0.584471052420674	1
0.015463107797667	0.347970211119415	1
-0.123994452479563	0.234522792112219	278
-0.086566519268934	0.342035746580454	278
0.027656167628025	0.439401324355285	278
-0.08279046950498	0.322465240812062	1523
-0.068818903485547	0.337725356367222	133
0.030444295467667	0.269735627525664	939
0.11222700194726	0.191668178247491	939
-0.031407250186331	0.164667302366903	939
-0.118716993022398	0.156329899460157	4
-0.124730993983615	0.15205286303594	4
0.114620547436307	0.193412235224396	22
0.11654583644569	0.189227217651021	22
-0.124730993983615	0.15205286303594	239
0.113658479529601	0.189270038586502	70
-0.047546463744205	0.856276244983375	878
-0.12086617462136	0.480465988271225	878
-0.037184144887306	0.64958217289507	878
0.065150743456744	0.718124520324349	878
0.121289050323906	0.913176948261804	95
0.095760136924779	0.834130771529931	95
-0.123192719912782	0.47505118289363	65
0.053735523546294	0.831760892969946	65
0.090578988581144	0.750420414791227	65
-0.094062760706555	0.552366569944556	65
-0.099007138390486	0.410708203220643	120
0.00688137478850603	0.582494576272764	120
-0.124866190523802	0.396486744016051	424
0.111830643253638	0.644149526932409	424
-0.049906288880386	0.473410542610722	88
-0.017289170681154	0.540410538844029	88
0.091091978561222	0.713354517057214	117
-0.086446457883505	0.412891607439833	52
0.00374359586085804	0.519673580757596	52
-0.057451260923329	0.566803924480392	52
-0.095252698026535	0.475186820436827	52
0.061804299841156	0.618770175652203	40
0.097688833571529	0.881962499768782	40
-0.017736019959892	0.575934547077863	52
0.074634928196702	0.657272016943579	52
-0.079457346990498	0.48486801838986	1454
-0.064056606681645	0.482818318651687	1454
-0.014729107186926	0.507690015334651	526
0.047832537535237	0.614442085148493	526
0.054469228392213	0.622963823582412	165
-0.117130162543852	0.331688931846127	165
-0.022479088452544	0.530160435539146	165
0.039550992003593	0.539938207926682	165
0.00447272807009702	0.578260973518748	86
0.011859061847684	0.586198075137605	86
-0.00685332678614697	0.502687348456558	86
0.119420645804328	0.551923933638586	165
-0.097702212982347	0.390489002392134	165
-0.124638331272381	0.32653563376577	131
0.08480381364207	0.606215098786308	131
0.088302914268116	0.548187094303127	1
0.037881242140744	0.276893821165327	796
-0.019590347271704	0.347929174555954	75
-0.085104858058678	0.412365411937408	75
-0.03521931799944	0.422972755013599	1
-0.118935142921766	0.238410640712846	195
-0.034015061062678	0.260903318636588	278
-0.120751605569248	0.154581912804799	573
-0.037238424898803	0.261845882088017	573
-0.110305095386077	0.155431910111605	70
0.060812245639303	0.366026588710641	70
0.010790243091531	1.15521174617102	878
0.062694786904108	0.827278071416153	549
0.024867707450231	0.664003577135427	65
0.018771536407506	0.649121450439565	846
0.028968521790198	0.737063702358998	846
-0.028890598251201	0.345195592820224	120
-0.049498878299536	0.344702636861778	120
0.012222479524174	0.355279865784899	120
0.120103978632159	0.372676566558618	120
-0.07822562021375	0.325983809235799	120
-0.067287800027649	0.338389411044353	120
-0.057296293127203	0.491358673342784	88
-0.09024729798886	0.408259315703548	52
-0.00172700621313399	0.471472155425626	117
0.084800937711437	0.697955823800893	52
-0.039137380286044	0.550671737181889	52
-0.078994546436049	0.570408335398863	52
-0.109090161350145	0.489011351897257	52
0.00753930234074596	0.728405738119021	52
-0.124044315687809	0.395676992332883	1454
0.098836663466694	0.852284641312825	1454
-0.056659910409484	0.335354763891391	526
0.00118933663630105	0.590524830810541	165
-0.060047918354822	0.563277051672703	86
0.034051674222907	0.722391448169859	131
-0.111844078907054	0.482666399007594	131
0.039786511568383	0.536934373730196	131
-0.076876116143085	0.550587228208186	131
0.10730027351483	0.185995551232815	75
0.00214500707458098	0.43009287268574	635
0.0288520584498519	0.269777366743341	278
0.124454099398189	0.384110346521457	278
-0.088610018839315	0.237852674551169	278
-0.054737325214108	0.342046838458462	1523
-0.06519256949954	0.346348998120324	1523
0.121620156512529	0.292386331006172	573
0.12298266502558	0.379947811420698	573
-0.11520774815171	0.156788239945187	573
-0.031633406719734	0.171470018787416	4
0.113424244432263	0.196906484145393	4
0.117776178354413	0.375756056968029	1883
-0.102295346142943	0.771994785794736	878
-0.077444647887452	0.878223523877089	878
-0.078550784333687	0.813889242736819	878
-0.014736457994305	0.842818648026869	878
0.015453620656899	1.03174184969518	65
0.089261628441579	1.02960917474345	1099
0.090677025364061	1.02466456126592	549
0.084927704528327	0.771057036398791	549
0.00502081037246804	0.553336002389902	549
0.084180795743395	0.813835282506017	846
-0.041596970225211	0.646881053226848	846
0.123176449819039	0.461624528812621	120
-0.091981368996184	0.241646707947915	120
-0.014070794424753	0.354317215303529	120
-0.069024104591927	0.342076283301257	88
-0.106381847899352	0.331858923638867	88
-0.051715509191924	0.415878108509523	117
0.034699313738299	0.636614534744241	117
0.056010192584719	0.444371189011008	117
0.049404168259513	0.601687436051932	117
-0.041009405950991	0.505529584268421	117
-0.041546292463719	0.503982266563084	52
-0.031813731823573	0.26104367926394	52
-0.045258049626706	0.415664179314511	40
-0.093338347380003	0.536848992425823	526
-0.010935256758779	0.501768030266609	1454
0.116816171136375	0.374782044706824	2287
0.066144922771238	0.677447485236712	765
-0.040787015579393	0.399683861708596	165
0.05428132493706	0.464746728912327	86
-0.111308311045056	0.325016256278088	86
-0.0000728310897599727	0.709908858340542	131
-0.025564110381354	0.613717394488536	1
-0.113087162143328	0.229149118606852	1
0.113424244432263	0.196906484145393	1
-0.032771858358728	0.261321655279519	75
0.038078462634807	0.52228431360659	147
0.034904062556669	0.528633110262943	585
0.00793849524073098	0.444029178148039	585
-0.120945827109317	0.154752718454605	585
0.0100876343348421	0.351941749099636	1
-0.073574538975474	0.248332642030062	573
-0.118720857507595	0.153203368217439	573
-0.026250045812774	0.261102252751241	573
-0.118716993022398	0.156329899460157	133
0.11222700194726	0.191668178247491	4
-0.030697961258055	0.172406008891331	4
0.118288152482335	0.196630633273367	70
-0.031407250186331	0.164667302366903	70
0.11558299985171	0.19328946789518	236
0.013405522092901	1.70752303400212	878
-0.117003067899962	0.816349208949842	878
-0.075721008650443	0.726654189215077	1099
-0.124088021364502	0.555290733490068	549
-0.085651451101385	0.559762229591775	846
-0.054985719520585	0.312435830285354	65
0.031906729723502	0.456828740178084	120
-0.041689861410299	0.655744316471266	88
0.091619876939142	0.480723805827262	88
0.110287459176797	0.987724225201712	15
-0.028107197556773	0.573100073104058	117
0.056632624533653	0.59758040701611	117
-0.00510143710947603	0.647288396961543	52
-0.059443802636319	0.421556457601213	52
-0.101735663711028	0.388755775119835	40
-0.052544116914587	0.866676412868566	76
0.086990014410069	1.05722914700023	526
-0.059670444254367	0.327592741575718	52
-0.078185998954333	0.538948216655478	165
-0.064901766761609	0.630803267204162	165
-0.054736338797354	0.574708248132586	165
-0.071385958672289	0.648279385912095	765
0.121355824310519	0.55288207277067	115
-0.043634083522994	0.343579618662443	115
0.114775395148349	0.368670793787061	165
-0.046532185751077	0.720246960700845	86
0.063163643411324	0.960405862815812	86
0.00156017090547	0.734497671949786	86
-0.00901389653892198	0.684707713037627	86
0.073769018518737	0.914825980338468	165
-0.037363886711245	0.913770599474059	165
-0.074292840130796	0.658398802072626	131
-0.033862180805737	0.761152620544401	131
-0.08972664201338	0.803303484199443	131
-0.04665937577768	0.653343842415692	131
-0.069334177750989	0.71606813052073	131
-0.028705371715437	0.331733290316215	1
-0.052588072643047	0.342595637622016	2299
-0.036965591432066	0.16798490386174	737
0.031525616972725	0.273279657239931	75
0.113817582597543	0.275240684578782	147
-0.124382600775499	0.149129720670197	147
-0.018111693983099	0.485057735056691	147
0.124454099398189	0.384110346521457	147
0.0783385676096861	0.749007281232102	585
0.066193905544744	0.541507976872109	585
0.029544609020084	0.274377700405361	585
-0.027165310403099	0.17233634869874	585
-0.117412378370697	0.401489998750068	1
-0.026447620359232	0.426001439226112	278
-0.106552533992501	0.323973033004928	1523
0.09325988321211	0.466170678201044	1523
-0.087651985572332	0.240237491168793	573
0.11558299985171	0.19328946789518	22
-0.037487603216123	0.253521672608766	82
-0.020619970233936	0.348620144224537	1883
0.113424244432263	0.196906484145393	340
-0.11779717170351	0.155234781121437	236
-0.0645969155585	1.0196838574046	878
0.0539195024657541	1.41961977143039	878
-0.085190298447084	0.831492158534752	65
-0.09207084240425	0.834966505172076	65
-0.122273480279733	0.733874836708372	1099
-0.036491552434648	0.844984997376059	1099
-0.102350032142512	0.735994529025525	1099
-0.061920226124033	0.823008471327523	1099
-0.049141596174701	0.727520380445883	549
0.057184487909082	0.760763997646095	65
-0.036138429710091	0.263094143928801	120
-0.00487213823412003	0.504345890131582	88
0.034346022797527	0.873940884945963	88
-0.029640122196565	0.263941702734435	88
0.026668448296359	0.454582222182178	88
-0.121672507872327	0.393561762728966	117
-0.086543705180545	0.662348589731743	117
0.08568628740894	0.700087809379232	117
0.093908279887625	0.645385647601836	117
-0.00777854377959403	0.509974239695956	117
0.00978103539742603	0.574319093538537	117
-0.00847069643260701	0.730046439932242	52
-0.038843998650906	0.552154245218938	52
-0.056123526865293	0.620775149230643	52
0.041207788918362	0.740083372558135	52
-0.00966966408085401	0.701181749304062	76
-0.021542279384267	0.816454196738795	52
0.089915387016689	1.03223313007117	1454
0.060627180818798	0.370562024129128	834
-0.098274003995352	0.6466784320238	86
-0.066156721184694	0.554566972270545	86
0.103147321663455	0.677340199753462	86
-0.000966725384053013	0.728029539369658	86
-0.00220203457414597	0.917080473795349	165
0.053961304143191	0.881391785554194	131
0.094830284602181	1.00059576004819	131
-0.093355385989047	0.564759776011762	131
0.038158943892869	0.280550447234507	1
0.028894690898509	0.604710883427681	585
-0.11963678253775	0.156201524632452	278
0.123153470340915	0.582411308957833	278
0.055195432586161	0.456364225893873	133
-0.036648133539313	0.250210338396215	4
-0.015336417349432	1.12554064261661	878
-0.095191468281914	0.745169704241431	65
-0.118451616046357	0.543727981438018	65
-0.057697741981253	0.839834278165372	1099
-0.118288326366919	0.398380149627807	53
-0.0732202721394	0.414706554832755	53
-0.00471370508714802	0.492381669929361	120
0.093403503341276	0.470745579314495	88
0.010413307682829	0.659044340683196	88
-0.014713082880082	0.559239892908238	117
0.070989351993854	0.689132389746385	117
0.097225689165513	0.640226023655186	117
-0.104052863980125	0.401717808225688	117
0.068727740370563	0.549721786164854	117
0.073648363971521	0.762264317121718	117
-0.057066595540141	0.481556210335016	52
-0.029277175013835	0.346717714390152	52
-0.053178096573924	0.419408512415143	76
-0.095177692643366	0.236708030287398	76
0.112892619258052	0.834123842131522	52
0.00428286918056298	0.430958917916816	52
0.124454099398189	0.384110346521457	52
-0.034372112435333	0.649268203616929	765
0.035484554530375	0.80808520452338	765
-0.116822294132246	0.149936558449926	115
-0.096633115356597	0.55436487623579	86
-0.00439921639748297	0.65399427726501	86
-0.081374769002223	0.651959710712026	131
-0.1199407134573	0.555811085316527	131
0.0614050713140481	0.748219418358533	131
-0.11153428444014	0.392600325009782	131
0.123486343995287	0.296476252515766	75
-0.118716993022398	0.156329899460157	75
-0.027166058066956	0.349632164315318	147
-0.027531453349106	0.328159405581104	147
-0.020200616405129	0.25695394809852	750
0.033408107300107	0.584323556887664	1
-0.036662031354707	0.553254571530688	278
0.066845716510867	0.545548445410442	278
-0.11985144836893	0.237262920490603	278
0.088968066213158	0.449032471560518	278
0.122553157855553	0.295519418649558	278
-0.078378672171942	0.334372567397069	133
-0.033071733977642	0.261929153949671	133
-0.056761532423967	1.1440175392601	878
-0.102053847097198	0.880128283972793	1099
0.029317952767084	0.457485511263851	549
-0.058403994600586	0.389931864701372	549
0.079819867346787	1.04274244416909	65
-0.023476538853495	0.756632949495064	846
0.077006853702507	0.682593660833979	53
-0.083594486223111	0.487767809422939	88
-0.10861302602264	0.623603987170942	117
0.014326092317674	0.850232921228373	117
-0.026780101872332	0.34723035255321	117
0.073522317210196	0.912233608473206	117
-0.034481115643941	0.641474617926614	117
0.026328778305581	0.532516923192909	52
-0.117000650206416	0.466926820635017	52
0.108527916215218	1.01660054207746	52
-0.046871827639355	0.350364601341136	52
0.00261335262479501	0.519001488173551	52
0.022365772849904	0.633390185867484	52
-0.12401128392642	0.233814830365254	165
-0.015272482180946	0.921649025444762	765
0.020166089998943	0.97911321990837	765
0.045840090553706	0.962756531784121	765
-0.054089216368353	0.334537582864406	115
0.065049395515526	0.376117349920337	115
0.085796695897335	0.554691965488985	165
-0.014053946765028	0.802439907677695	86
-0.087939118438109	0.752770351252554	165
-0.042743520102822	0.849539291015042	165
-0.036889110878073	0.850011401936069	131
-0.11896001629661	0.314295653506985	47
-0.00238901116821	0.955666774620526	131
0.012203761047672	0.355484596890174	131
-0.061874632437713	0.324463008430469	131
-0.028441195723323	0.262462604096392	1
0.114386857965339	0.196766872483384	75
-0.028672253652759	0.333752777696653	147
0.024020495285322	0.451440486562426	1
0.060783912775661	0.610444014795261	750
-0.05601229461171	0.551590210165275	278
0.027471358460844	0.641955446927913	278
0.061712969270754	0.726719080083002	278
0.00560817917166701	0.671175426890518	278
0.073485808014362	0.659400576062298	278
0.00700689865323201	0.441244711987204	278
-0.024490725919301	0.348052274232801	278
0.0576776956831661	0.357900754059095	133
-0.118911295246632	0.153650567708562	22
0.113424244432263	0.196906484145393	22
0.0657562300829591	0.372107566776149	22
-0.08702416744532	1.18338062554654	878
-0.077511520371168	1.01815690760529	878
-0.124154610666899	0.890535344373957	65
-0.117180251072164	0.604501592355283	65
-0.110862908390233	0.618401173622575	549
0.067124585535481	0.833943854760048	846
-0.102377091012997	0.328829500378953	53
-0.113917144683025	0.158989380567069	120
0.00120649843080201	0.48034794142179	110
0.00365050229643704	0.344100394544676	120
0.070888192232389	0.544833267567481	88
0.000272763660540964	0.338221871049972	88
-0.061504112075156	0.415918578947116	15
-0.034590096314344	0.688293984721342	117
0.041733583016113	0.65107106932206	1770
-0.029175059861924	0.967761456663045	52
-0.058140509612727	0.708927530668514	765
-0.089910100214801	0.470607626486405	86
0.00649795324578395	0.449701049696502	86
-0.03015721029212	0.76605578632364	165
0.090833760057147	1.20738335633557	165
-0.06310013480498	0.719305316783836	131
0.115604224422112	1.30696079038642	131
-0.097530311429709	0.630205748729234	131
0.089851381472047	0.472372556981684	131
0.090335490555777	0.558135604419488	1
0.040600653896134	0.278885868704328	1
0.124419714000615	0.295510680824064	75
-0.038022926309624	0.257876561363986	147
0.0577159700625261	0.370212828903735	147
-0.064337916910778	0.416482516400782	147
-0.092659068982245	0.404321447587656	562
-0.083924880601734	0.474563550694791	1
0.012174301167392	0.35381964001161	278
-0.116032733881402	0.306764577967842	278
-0.078378672171942	0.334372567397069	278
-0.061804339552758	0.416251401269785	278
-0.093321935929635	0.33445856413119	133
-0.118716993022398	0.156329899460157	476
-0.026004748414299	0.173210247302568	476
0.032402604068441	0.258141126803844	476
-0.032568713088139	0.167574500856249	22
-0.122746719374997	0.229967000628723	2294
-0.124730993983615	0.15205286303594	2295
-0.03390678449155	1.16371906064372	65
0.037246281791036	0.931736806820607	65
0.021516670841213	1.21140675103811	65
-0.023130343045978	0.746488238766039	65
-0.045162782218411	0.640004835287924	65
-0.041493580428532	0.882024939065528	846
-0.078605001790731	0.700010015805721	846
-0.066138791427276	0.335168537730184	120
0.055216859645089	0.53702398083332	88
-0.077661397448783	0.325115368409118	88
0.012777267760076	0.806031703841714	117
-0.031948377175899	0.799075966574034	52
-0.080085081182167	0.553082501316048	1770
0.0603207291139291	0.691833404307614	1770
0.082711877758533	0.901591088274196	1770
0.062247291030091	0.548598684012538	76
-0.11247628606592	0.798441129279168	52
-0.115886046771992	0.628223994117092	52
-0.011939812998615	0.9622697192149	52
-0.081018250964541	0.811673018890055	52
0.00569248192897998	0.349104865247639	645
-0.11785902018822	0.548321249600359	115
-0.079625340909672	0.25009701316886	1801
-0.06660955687136	0.719741471914665	86
0.00931478736239999	0.891687313498512	86
-0.105402972622216	0.334113675617194	86
0.00323545607571696	0.492925663172826	86
0.087029407460029	1.21215123900709	165
-0.031033371335913	0.911157284942339	165
-0.064746643598464	0.796963354556163	131
0.066795291777743	1.14376683982678	131
0.106907802759665	1.07805910997403	131
-0.0771801802641	0.733334889765866	131
0.056337564148761	0.467314321247732	1
-0.090210245592538	0.238771290905221	1
-0.077318372287704	0.334687465970422	147
0.117591255688606	0.680915832893561	147
0.096573836339327	0.682017969023135	1
-0.082062780492837	0.449967687195555	1
-0.00198965729851602	0.418913307513771	278
-0.1088743570216	0.330436296592121	278
-0.107774620887704	0.330515832688072	133
0.071072898458271	0.364258397463705	133
0.034488647446791	0.273111009514388	476
-0.030697961258055	0.172406008891331	22
-0.116386600191434	2.33912677011896	878
-0.107903917439361	0.958384597481921	65
-0.105923516496704	0.728875303513435	65
0.119499835593321	0.363949096692775	53
-0.013062190991603	0.646762348552757	120
-0.109346667296361	0.385288314333107	88
-0.09588509996821	0.48104874474688	88
0.0579898398418091	0.370643678546747	2262
-0.091683771513113	0.490383501085343	117
0.010785336146655	0.666532943450712	117
-0.033157581223815	0.54790468688672	117
0.046960014375936	0.909235779715911	117
0.092859794205723	0.826364955731388	1770
0.079266338202615	0.669281112817046	52
-0.095050871000055	0.554419419147469	52
0.000788036816684046	0.883882760993585	76
0.119283804143192	1.08974995651893	52
0.00843268512923601	1.03185111513302	52
-0.123046116167995	0.687858147310166	52
0.016506732698886	0.35613948649756	645
0.101133010544763	0.934027272781352	165
-0.08753765421978	0.563622532737037	765
-0.083377256904349	0.704797949684845	765
0.123191776823583	0.464478571433417	115
0.062721896868052	0.37230931930776	115
0.08297715976938	0.455543537900866	1801
0.078021210794457	1.03027467494724	86
-0.07269476190785	0.639927477389901	86
-0.121285611822794	0.679728323291601	165
-0.031965252739004	0.863248003714411	165
-0.050126617233703	0.783291968842563	131
-0.114598120275424	0.663400819630815	131
-0.124951092017691	0.314405679576054	131
0.031429436289473	0.278494328079114	131
0.114680065700036	0.279401621651552	737
0.113424244432263	0.196906484145393	220
0.113424244432263	0.196906484145393	220
-0.026004748414299	0.173210247302568	220
-0.023082554026173	0.406356680083141	147
-0.021844256084723	0.487914334716932	562
0.00920638818617903	0.713390236602196	1
0.040521808537891	0.542531663131087	278
-0.012719649112109	0.411805556007747	278
-0.120401643972437	0.239410554802654	278
-0.032208349379942	0.342475209972978	278
-0.085760363151987	0.248262353349261	133
-0.11963678253775	0.156201524632452	133
-0.033071733977642	0.261929153949671	476
0.039659505451994	0.276484245026607	1138
-0.025781081564536	0.169985097303077	4
-0.077220712595628	0.329957312888885	2294
-0.115029668135505	0.159035522596003	1623
-0.080523975960448	0.888938458106322	65
-0.080909863079301	0.730586188994059	65
-0.085940013984336	0.420362365763301	65
-0.044284361936755	0.825569560815336	846
-0.084004857306811	0.661209207803027	846
0.034459989451899	0.446416141163342	53
0.123362730011915	0.296704590841791	53
-0.025016307078745	0.345673591144167	88
0.047868275927113	0.977332969351736	117
-0.055923128902652	0.715364265259501	117
-0.06559374912429	0.462037187289452	117
-0.089059707718061	0.447592284742361	1770
-0.018154199222383	0.937181825644545	765
0.117746241591739	1.14201823082106	115
-0.037102031140914	0.549896967531891	86
0.041097713706897	1.00462899480407	86
-0.050913920026819	0.938154380592312	165
-0.008341392435047	0.925821438551211	131
0.00784664565932902	0.443352491389961	231
0.035705969014192	0.267581831486344	737
0.113658479529601	0.189270038586502	220
0.082164779226778	0.699279582506399	147
0.013598935416928	0.74183771562027	147
-0.038624257699787	0.494007702629401	147
-0.079088295079853	0.414812390270029	278
0.04284788476253	0.571002149538006	278
0.045720308536404	0.546093635151887	278
-0.023300469377245	0.341719770241739	1710
0.0478181930524491	0.44309516423634	133
0.058901833923391	0.375446492218165	476
-0.123994614650677	0.235822893130295	1138
-0.035709934510167	0.25384383254246	4
0.114386857965339	0.196766872483384	22
-0.025068299970994	0.170150979845328	22
-0.032795452868437	0.170598242060832	2295
0.088585363408432	0.974355929392561	65
-0.094080477629436	0.633853405733444	846
-0.09066309062783	0.451157173838312	53
-0.060838839733725	0.425903736786854	110
-0.039921596637773	0.496161765936155	120
-0.090639074474109	0.331731288867477	88
0.102813177574913	1.14359374547475	117
-0.083563946384627	0.459133172065304	117
-0.026392953805992	0.498349349386562	117
-0.011722159901574	0.650230199111091	117
0.044991375914987	0.654375040332332	117
-0.124212811999242	0.526529762799326	52
0.015441573802068	0.357499450296987	645
-0.086382641409523	0.535635817663422	115
-0.112759482412465	0.23530041686013	392
-0.113900525368982	0.742805456149385	86
0.08233753117351	0.916865555507633	165
-0.003558747648019	0.637255713823388	165
-0.020292509158948	0.978088921086117	291
-0.034122453135668	0.955705225314862	131
0.116108641670287	0.920422942115847	131
0.029936758661385	0.269471035307818	1
-0.115949719548467	0.158098750853136	737
0.121963853963343	0.18441876293864	737
0.11222700194726	0.191668178247491	220
-0.037395964376211	0.258444628580228	147
-0.00431041127054299	0.694551382763863	147
-0.000729269204930994	0.336544795540178	1
-0.021954417172758	0.334585413537437	1
-0.107181952581327	0.395406555931941	1
-0.091817755099608	0.400982163386374	278
-0.047699920189077	0.496396514646061	278
-0.0956960760207	0.333555480339735	278
-0.036944667970042	0.494715662063018	278
-0.077951986517162	0.388977003462747	278
-0.120668968274997	0.231756116262654	1710
-0.034770729164269	0.255890690536769	4
-0.120782251118165	0.154571834731082	22
0.059076553739031	1.13091204371128	65
-0.00349991853975301	0.619826311228326	53
0.032259266880763	0.260101814411361	53
-0.04752338047641	0.489846347757468	120
-0.035556761907626	0.329833909284668	88
-0.112798378569498	0.322052684756689	88
-0.017346701444361	0.354599758915897	88
0.00271277145767301	0.83429937186884	117
-0.070292661249966	0.729680413112511	117
-0.062648854798143	0.546928808464728	117
-0.00768285473765001	0.581123894892249	117
0.121692470078675	0.801557916167934	117
-0.047102208592549	0.496017166041934	117
0.053254037850114	0.817660478806027	1770
-0.070196845437147	0.542530588154678	117
0.118121062789924	0.633731458102231	117
0.051350143795396	0.451041966624235	117
-0.063136048119341	0.836233830227592	76
0.102376239835464	1.2507916232954	52
-0.086993474825668	0.246686691230732	645
-0.120945827109317	0.154752718454605	645
-0.121535360574129	0.236953263383816	645
-0.039927110189327	0.339282410431215	392
0.039100955180102	0.27971046787567	1862
-0.114884902546356	0.238558145573904	165
-0.104822448773944	0.458004687974407	165
0.092190602192909	1.11046363641818	165
-0.115120533463773	0.5986998886843	165
0.116746689280438	0.860298867619958	165
-0.030697961258055	0.172406008891331	131
0.121265362491307	0.383342833822085	924
-0.02656353079799	0.334599914307055	1
-0.111025076780872	0.444169220100571	147
0.087255694784972	0.474069586783867	1
-0.050826790033284	0.548394400945277	1
-0.101692775309514	0.603783432946382	278
-0.062404434092139	0.480834958596896	278
-0.011879080971002	0.519616292657107	278
-0.094438883298461	0.384646209060237	278
-0.067747981608199	0.39095868310883	278
0.0298567940643391	0.510008457199347	278
0.089578036957936	0.476381719548429	278
-0.123911073700162	0.233858263545247	278
-0.116692958636835	0.239448724376555	133
-0.113917144683025	0.158989380567069	791
-0.042359580023968	0.251754609893219	2207
0.119687497397314	0.573641553413599	2294
0.0895237137705081	1.01242354768807	65
0.025991678920782	0.66218149543081	53
-0.082225485634016	0.323004223415873	53
-0.050945590254892	0.338294290347922	53
0.033458537405159	0.277307585532298	53
-0.119125537245132	0.403957715022017	110
-0.062238055292616	0.32565987008249	120
-0.029051629413433	0.839267815300579	88
-0.006849904937897	0.433011205261138	965
0.048150982287714	0.449101094479068	965
0.114914632072481	0.272231057962089	965
0.0844784041062761	0.745417666537641	117
-0.091763106566304	0.486081230219341	117
0.00952254326297897	0.667990312426011	117
0.11208485594089	0.641890165653328	117
-0.109908772996745	0.552789505684815	52
0.113557276046668	0.973377726304976	52
-0.077161289539934	0.321562427085448	645
-0.022191077573954	0.345441683419177	392
0.088947983594997	0.451167569770158	1862
0.046266622864322	0.437852324861573	165
0.084852583196864	0.875202370254371	467
-0.124569085091875	0.696311094596273	291
0.076469467387244	1.27121503350118	131
0.0295184544942551	0.585526442673628	131
-0.061885137346345	0.685364838005092	131
0.124295576054397	0.29430443399982	1
-0.074574370322548	0.241627635828707	1
-0.080591776359297	0.39097849759163	1
0.072603886214916	0.509428676129479	278
0.00469769138918197	0.654370639534816	278
0.123159759155275	0.189003897019626	278
0.011349746051401	0.452800169241181	278
0.11594179103907	0.638280165924686	133
0.00466237449822904	0.346833768014209	133
-0.028826657574776	0.167945192606015	2207
-0.030697961258055	0.172406008891331	82
0.113658479529601	0.189270038586502	610
0.120239476532903	0.28838803982611	781
0.08994962858181	1.2655279931884	65
-0.019959176838718	0.348821037926648	53
-0.038717081711894	0.345938951833058	53
-0.118833757062496	0.237810299045403	53
-0.119517187462021	0.241091182660645	53
-0.036326151510262	0.42692345814558	11
-0.081611714894511	0.414762189651376	88
0.014301264789819	0.35267274603576	88
-0.078221835643391	0.528367282002709	15
-0.093146614242603	0.727097436798282	15
-0.07085641424044	0.340505503486956	645
-0.120750766314279	0.236421800437355	392
-0.010860942182181	0.812656670192211	165
-0.097990952676748	0.707756227574569	291
-0.017156746669211	1.04147650659424	291
0.085718569391352	0.555809430240653	1
0.03599696057629	0.280641498794384	1
-0.121913517008655	0.237727806277464	1
-0.117690969275647	0.23730089507869	1
0.113189776914613	0.191551475973684	1
0.117806159978974	0.290208937412052	1
-0.077266811349196	0.591455584637814	909
-0.053528134862314	0.412119720001551	1
0.060658985627424	0.35932553975511	1
-0.12242193463521	0.571462058556718	278
-0.123249699663183	0.308748050226717	278
0.098242019252712	0.680608804653506	278
-0.091939543579801	0.336972978316121	278
-0.124608630119764	0.327482251905435	278
-0.112525923836271	0.150021390983986	791
0.114620547436307	0.193412235224396	2207
0.122268132024628	0.295552682189196	2207
-0.073067997112314	0.342526044816621	2294
0.0534437706241661	0.454810722404439	2294
-0.026004748414299	0.173210247302568	781
-0.031676143088884	0.263482685244902	781
-0.041280369499253	1.17242255714567	65
-0.068304215062063	0.989382672688963	65
0.034626862620169	0.27331765491169	53
0.051996185138411	0.361730783036252	53
-0.00636909255638302	0.512240942718962	120
-0.013681356504718	0.872935908247219	88
0.107515504867947	1.08749526947686	15
-0.066180190496666	0.554631479112833	117
-0.023116643789861	0.564735036325437	117
-0.102183080570583	0.572912156865811	117
-0.107705663204706	0.401563197968676	117
0.028968521790198	0.737063702358998	117
-0.016675582387103	0.439976708693149	117
0.011417444588374	0.867067618361371	52
-0.113610965925343	0.69193751425246	52
-0.093441269928674	0.816563303273975	52
0.055893017773146	0.369603921475436	645
-0.09308498908647	0.239594654442226	392
-0.079545272620766	0.321147096483637	1862
0.114547727927458	0.925286217754477	467
-0.111754252066357	0.326658748640201	467
-0.106256285559585	0.731009767093553	291
0.099698337527232	1.30746420442863	291
0.015441351117523	1.24240382145701	291
-0.068657027685439	0.834852936811912	131
-0.045250334971148	0.805890970858166	131
0.104176898392114	0.824428531723982	131
-0.093254782910897	0.232773017898959	909
-0.011768672389928	0.637475532663054	909
0.123452698754094	0.712143323979885	1
0.120972220685503	0.381842170438002	1
0.0883067810277	0.839109113980353	278
0.026790610269203	0.712139657813325	278
0.032881431101918	0.515128898330636	278
-0.094080933582434	0.232817940789081	278
-0.084721276079794	0.390344553198974	278
-0.057629150569118	0.968646495368202	1933
0.0400961961791591	1.01724961063078	1694
0.122350277291189	0.969114563045638	1694
0.103371114909167	1.05561802842571	65
-0.023332403694943	0.505055687307986	65
0.122512153179084	0.38453245919299	53
-0.090165221525627	0.329988404936924	110
-0.092334985778335	0.544850683999833	88
-0.028807111478873	0.343207970523261	88
0.047986396133791	0.534091772760447	117
-0.070240311833772	0.402782451300646	117
-0.037455170894653	0.432187477929006	117
-0.051528777499492	0.563865067566171	117
0.099555561191185	0.847073005415773	117
0.048595805912631	0.610289135722426	117
-0.077298328459491	0.407390715458831	117
0.00901933831596802	0.642194790935472	117
0.035841910314888	1.04749974921224	52
0.092382185288907	0.468667289586907	52
0.0679138125458	0.729542191686591	467
0.00401529522354804	0.858212179091989	291
-0.019187210163797	0.732858340480502	131
0.101124420603932	1.10218427865521	47
-0.124532029957377	0.319039079785541	212
0.02913385218328	0.265689883108819	1
0.114386857965339	0.196766872483384	1
0.116657369435758	0.698893431453546	426
-0.073786747152541	0.524290088570017	278
-0.018560760767936	0.607554345607942	278
0.00483676870591898	0.496042300229381	278
-0.026444326762502	0.340570858536536	133
-0.031859729488141	0.171527451678033	2294
0.036974265935917	1.17392036537498	65
-0.096644218670282	0.705279754268752	65
-0.096735270990699	0.802121115973069	65
-0.029090364981201	0.431275666249881	65
-0.010187146798668	0.948753783559319	1694
-0.022363545629589	0.434409977391903	53
0.092933604193437	0.472066345464442	88
-0.062688854293308	0.550968196218867	88
-0.053342364456166	0.319036813926507	88
0.122175001018415	1.21831595152124	1568
0.041994532020485	0.599128803336213	117
0.122570854529788	0.56823136553772	15
0.012796994726066	0.819747089016428	117
0.119856278892197	0.792932038621165	117
-0.120545528672454	0.546041303972865	117
-0.023377300623892	0.504973251953152	117
0.095393526277857	0.551771976510314	117
0.033331518874403	0.726616365677585	117
0.117855631438737	1.02055409436415	117
-0.05813609764253	0.475374430977117	117
-0.106694810928931	0.406341750481138	1393
-0.077274752587851	0.917192489914235	52
-0.061659823144292	0.723372078823703	52
-0.079925383412863	0.641635148369931	52
0.025920398238647	0.263094043957093	645
-0.029340229934077	0.842546894628609	392
0.0567428510518569	0.751911202183285	165
0.035414128603785	0.813379639213833	467
-0.00137814498542099	0.935897610392576	165
-0.115579971060368	0.706902160711635	291
-0.036994693177996	0.897150619747096	291
0.000692543765028031	0.965430929348708	131
-0.11820334068201	0.641393696155642	212
-0.025308845132572	0.262096561419468	1
-0.014290515252552	0.436106151230058	426
-0.039531669280054	0.254109629515756	909
0.021575058918349	0.44176843281342	1178
0.056490750652935	0.359193076196137	278
-0.024509027647373	0.736807349648895	278
0.018732765711913	0.439782774716806	278
-0.089343367121973	0.394436720644485	35
0.013051580029867	0.503268776263546	413
-0.035621813264607	0.469033822839709	35
0.067203584510998	0.774521496283025	278
0.062822218627135	0.467706430785968	278
0.059496581432645	0.357189595505051	278
-0.072066780160658	0.405512685125456	278
-0.122457861084898	0.237930219996186	133
-0.089889024418783	0.246445054583939	5
-0.124627372508069	0.145783559748913	4
0.063661464089833	0.369029871338863	41
0.119483789676008	0.193198488165114	82
-0.09857879092059	0.940501889992219	1933
-0.106442895537014	0.783027616094219	65
0.0628780700382861	0.915239297221764	1694
-0.070136093706757	0.740916015647355	1694
0.045059414154821	1.15624853942609	1694
0.106891957721612	1.24604934199771	1694
-0.036965591432066	0.16798490386174	110
0.035052283084925	0.533137841282077	110
-0.026871508361692	0.340018934745117	110
-0.07150387162457	0.405178126702774	88
-0.00132310855468998	0.730034900362587	1568
-0.054073043031553	0.49691307190685	117
0.045132466880831	0.527029640389579	15
-0.062584771183849	0.341194178925225	15
0.088956088403908	0.725307293126415	117
0.0127136074690229	0.7334597691812	117
-0.086267687117571	0.556208694018408	117
-0.036130169541435	0.655581705017671	117
0.037575501618255	0.452661730007538	117
-0.032909486572953	1.07733182669213	52
0.021827633826024	0.447128613233118	52
-0.12185839912172	0.225342459624838	165
-0.033071733977642	0.261929153949671	392
-0.048355109011465	0.792932815507759	165
-0.11961683298938	0.677593037327504	291
-0.046112409630647	0.805038744525042	131
0.052232340736588	0.528206839978433	212
0.026680273005012	0.260412336429001	1
0.109216153303237	0.700724132463853	278
0.020477427857416	0.600532537929204	278
0.00350694858979495	0.341479147487436	35
-0.038339240985811	0.258307914148047	278
-0.031633406719734	0.171470018787416	5
0.112462015594194	0.19254900802788	82
-0.012704024483774	0.944800103961746	65
-0.107049842892489	0.326282510573835	65
0.060483276254233	0.834311088926599	65
-0.012664419098322	0.744643644477659	1694
-0.09618957638245	0.476061323628978	54
0.115883743867622	0.368187406619791	110
-0.032279168225838	0.168821825444316	110
-0.025781081564536	0.169985097303077	110
-0.023300831220559	0.498454067967906	120
0.028414622772088	0.437274157750336	88
-0.100238105439168	0.318720216505895	88
0.045978562558081	0.8251141301424	1568
-0.050429686211476	0.734184233205085	1568
0.013903260418736	0.598989021677982	15
0.019199237278609	0.738075106564453	117
0.087774307412546	0.835104220747189	117
0.102240578475096	0.704696675884471	117
-0.120144564316022	0.400285751311661	117
-0.065329190101032	0.411563367519495	117
-0.037319541933023	0.473448974861026	1393
-0.088779240766824	0.476317237895165	1393
0.113293480874488	1.04324910762544	52
-0.021106917804357	1.01598085072874	52
-0.092152524695883	0.406604278148469	165
-0.05147201979473	0.629691137152624	165
-0.073425740918211	0.559283320687608	165
-0.097402898188878	0.410361780622225	392
-0.04179578560896	0.342428404948124	392
0.035880168337069	0.826369162162177	165
0.097215079994572	1.06190145796207	291
-0.095776804896979	0.722930315095173	291
0.046134346277624	1.12967664711199	291
-0.119911926581796	0.400035988943056	131
0.11018899099741	0.72179767033828	131
-0.071444003281801	0.335280770479158	212
0.0288520584498519	0.269777366743341	212
-0.035801879339272	0.165919149012101	1
-0.043027169828715	0.242009780589117	1
-0.077766361864723	0.399047304348681	909
-0.090156954496566	0.240780777192073	1178
-0.031521357448362	0.262167750146202	1178
0.079636845103812	0.811809492767485	278
0.031672409123126	0.454609710014664	278
0.088885472427312	0.55838019732836	35
-0.123255627855326	0.302241674869476	35
0.0464537115182641	0.439561519373585	278
0.123647207364637	0.295040240279413	278
0.088594056592409	1.04434285097914	54
-0.047305127908983	0.478516679088609	54
0.081944253265805	0.693077988987473	54
-0.035414953084736	0.46516740977721	110
-0.032484908609542	0.419269332874551	88
-0.124171667076515	0.325629270068627	88
0.048985166801053	0.547042282548367	88
-0.119011360843204	0.38499782995852	88
-0.093649880701908	0.409641335151069	1568
-0.021899856821602	0.643143801844233	15
0.107331576711682	0.98957126635487	117
-0.1042783156821	0.467187953598077	117
-0.039011219755005	0.690192754772036	117
-0.024905673374303	0.666270370393765	117
-0.055606477098817	0.484138896238058	117
-0.010344614362598	0.573211108933776	117
0.04765466819386	0.444943603798109	1393
0.054013868108989	0.827759297257211	1393
-0.096297411550903	0.726412334174537	52
-0.036905207918759	0.508740991876272	52
-0.124608630119764	0.327482251905435	52
-0.060455321072839	0.557507774252376	392
0.078039752626311	0.445706035930301	392
0.065526479273443	1.04162301718242	467
-0.019372098826808	0.427275505092911	467
0.009484572830324	0.508311975529665	467
0.122992542776399	1.02259315676818	467
-0.086466829395747	0.799393371898767	131
0.027459569115757	0.518632671878369	131
0.110185005640296	0.185971770257864	364
0.118288152482335	0.196630633273367	1350
0.0293420062294401	0.742774847728364	909
0.060772089904417	0.357782185860236	1
-0.064518305768476	0.452664413039736	278
0.033831818100125	0.268902767243589	35
0.070154028152154	0.608186231708713	278
-0.095358753752015	0.322989570388715	278
-0.069234088865124	0.336502418707679	278
-0.037081181378591	0.261406230536842	278
0.113189776914613	0.191551475973684	5
0.116735071983938	0.27569938020611	41
0.040600653896134	0.278885868704328	781
-0.086976121334521	1.02940101534883	65
-0.093055821218317	0.852841811961922	65
0.013307478793018	0.347629134628918	110
0.123486343995287	0.296476252515766	110
-0.029640122196565	0.263941702734435	2201
0.009372349416782	0.796990126440715	366
-0.00959166385544702	0.716944504687417	88
-0.026136684862211	0.491048557249826	1568
-0.118360170399997	0.485113540171001	1568
0.02118540963172	0.626464841749453	117
0.015034205814641	0.893947275930956	117
-0.072721475188609	0.571969674988797	117
-0.037401683315176	0.734397238185218	117
0.110487547599184	1.52009003848893	52
-0.018362425082662	0.927748975144686	52
-0.016425268511891	0.754580070396688	52
-0.050734544015571	0.801182421744263	165
-0.072867135344304	0.612660635020184	392
-0.081851693509713	0.631474006646548	392
0.047115367220811	0.344935754635099	392
-0.121820789047792	0.230507714290524	392
-0.093903563105223	0.335148155475336	392
0.050775490559564	0.444317312728169	392
0.062025176650091	0.378026699110662	392
0.038280106112929	0.937896091718547	467
-0.102704410997048	0.79665142741598	291
-0.096165321397771	0.835771630294011	165
-0.00793544438792099	1.20830536921569	131
-0.087192121058316	0.867583746544844	131
0.048483041637875	1.06327875383644	131
0.095342788666074	0.838654388028533	131
-0.106715747330738	0.323996052705546	212
-0.116690271480846	0.392058616725299	1
-0.038130167113643	0.16467086304066	1
-0.088778789263289	0.486293711075985	1
0.107102665334016	0.99254536636684	278
-0.026754670591506	0.496855718881258	35
-0.004914013088193	0.435880144658114	278
0.03647097073455	0.536600442549289	278
-0.076914520647145	0.335702529670132	278
0.034608049451733	0.518124311812618	278
-0.113752082834884	0.394287259598188	278
-0.124382600775499	0.149129720670197	278
0.058791752703605	0.469086767436024	41
-0.032086218448483	0.166222906344493	82
-0.062799030449249	0.927876264552353	1933
0.023263398794758	1.57195100149667	1933
-0.104439247695608	1.07694392386296	1933
-0.026319319215445	0.410527845323343	65
0.085704548646972	1.07395091968365	54
-0.028545791444855	0.26219452850155	110
0.00998512374622895	0.359851664841502	88
-0.123619380954596	0.239211290525862	88
-0.087264647988284	0.68158069987653	15
0.010709161498463	0.862602217214016	15
0.048089602310879	0.653874294772261	117
-0.051597861156389	0.615400851742909	15
0.02430237557966	0.868538268377566	117
0.121526672044623	0.709930945708925	117
-0.0447296616996	0.568490674943296	117
-0.016348941752325	0.581367748752851	52
-0.04234400663405	0.857685955974237	52
0.00328598493896903	1.15764444168187	52
0.014835237197244	1.08286054629712	52
0.118726891295846	0.984790464092502	52
-0.040438434894441	0.504270424277115	52
-0.022858985976235	0.352441543625625	52
0.122592030349126	0.28903775030676	52
0.020549835316693	0.896217118537866	467
-0.084684097825119	0.803786979699989	291
-0.027879164215752	0.956619553240841	291
-0.02971741782466	0.876088740906813	165
0.016150136492405	1.12516429395006	131
-0.060294862790042	0.483297276472026	131
-0.091623135633782	0.226120365374451	212
0.111264611861622	0.187598069530333	212
0.117642615268194	0.290023345114648	212
-0.090953267937041	0.232382295406141	1
0.08478082303297	0.558378729019519	1350
-0.01129100460655	0.639703494197861	1
-0.114865968707183	0.563025616884451	278
-0.016955925265354	0.476969048369418	35
-0.058476738940345	0.420632251032269	35
-0.111059190445002	0.498499799137436	35
-0.001509205063357	0.44084386322456	278
0.091283984058335	0.622155246293782	278
-0.071114857102292	0.334912915694102	278
-0.056676848957286	0.337931044254037	31
-0.116142963172164	0.157379428819766	5
-0.067157389222843	0.724024686465484	65
-0.050044149634	0.514608922464864	110
-0.041417955869318	0.253821464100031	2201
0.094762873196737	0.601008124887217	110
-0.021127280917535	0.856310877771062	366
0.091337547185881	0.56251769263534	88
0.091517914473453	0.554370051513138	88
0.028131055689573	0.660422099660334	88
-0.032110547947925	0.650566822062792	1568
-0.059972772413975	0.544843007799298	117
0.00263486269345004	0.790142702893113	117
-0.121523603435779	0.560926530393623	117
-0.061541828913282	0.89650707632653	52
0.087565237225571	0.701844399942396	52
0.079791499094838	0.508153760467253	52
-0.052497077650956	0.693743816184201	467
0.0488856665142991	1.09983187405223	165
0.015355059901041	1.27424504841796	131
-0.057149318832878	0.790159240755406	131
-0.05049301574596	0.608926162491846	131
-0.00486183508212501	0.998276187836654	212
0.029393104365938	0.459440884230788	212
-0.11963678253775	0.156201524632452	212
-0.04016352254773	0.251938215080507	109
-0.031633406719734	0.171470018787416	1350
0.112067562409706	0.769722796134557	1
0.034422786544356	0.511164561439438	278
-0.081885484515074	0.485260976057792	35
-0.026799601532639	0.497347670843528	278
-0.062214748252428	0.396979952874175	278
-0.076104233667893	0.322391384133014	278
0.02940069196132	0.274785339657199	278
-0.119831466488934	0.154713490816514	5
0.108023158798596	0.18942262697525	5
0.111264611861622	0.187598069530333	5
0.00657272746793303	0.441043189245128	65
-0.045610593853251	0.685647328285994	65
-0.078565499015195	0.73670348958573	65
0.00438718889257395	0.787247341749735	65
-0.020120520767668	0.435280477847813	54
-0.091879355680368	0.226383030619903	53
0.10730027351483	0.185995551232815	1756
0.057818327733089	0.541053461594012	110
-0.050691291471758	0.636133539861404	366
0.096217080530855	0.9319060318548	15
0.112401988315699	0.644163505936231	117
-0.093382474804333	0.327037819176089	117
-0.066676706203528	0.423113288026536	117
0.027138194598073	0.65786340478216	15
-0.082872932497655	0.465408635257639	117
-0.10515099149267	0.40452120765033	117
-0.080639953671295	0.854927374243205	52
-0.059214161164053	0.636036206303717	52
0.122253132535047	1.10202554138125	52
0.077493402562604	1.05290121307965	392
0.050782987407263	0.858357365912553	467
0.025001730403683	0.73203180455359	467
0.015424316579949	0.358688905141395	467
0.106100808952484	1.09464539868494	467
-0.044838344537618	0.86813931306065	291
-0.103633722660243	0.818909978439116	291
-0.074495779958585	0.828045622305884	131
0.080279106028835	0.529593257553378	212
0.014358113204203	0.356034659691113	1
-0.030923867843503	0.170672728303269	1
-0.11557124272337	0.1524923731293	1350
-0.04937432810716	0.545348690125708	72
-0.074750361068475	0.547607274233706	1
-0.093231963367157	0.529671833092947	278
0.121172780960337	0.288432966124477	278
-0.025781081564536	0.169985097303077	493
-0.01872237460357	0.994400557553674	65
-0.115692145391481	0.650804337891013	65
-0.10870686860598	0.464355223474633	1756
0.033685894691683	0.273236606657624	1756
-0.103289404732452	0.330123374824559	88
-0.094676435959428	0.636964407656003	366
-0.117106963114887	0.389021281724993	15
-0.062237559966268	0.413224710893652	117
0.043233558291371	0.745038814712249	117
0.05565137120339	0.668773045918053	117
0.000826140348698989	0.895561134858131	15
-0.11987294139471	0.529040602429779	15
-0.05173635267794	0.539850811898057	117
-0.082829474212637	0.53157017577827	117
0.116068381196042	0.761254350489075	117
0.112852447825661	0.762571009061148	117
-0.120724239366594	0.402684557658168	52
-0.080280352444484	0.680255580525314	52
0.030523090584586	0.807295512445091	52
-0.107901569307403	0.325687857965538	52
0.00961720632604901	0.432326576942053	52
-0.058564963530996	0.489122278525341	52
0.116946573306349	0.572387740332217	467
-0.115666959482129	0.686102497143381	131
-0.03766533722628	0.548997202555438	131
-0.069872363834576	0.80748658438281	47
-0.043777296561214	0.724119755136324	212
-0.120782251118165	0.154571834731082	212
-0.026941064693419	0.17312437604662	212
0.082127067664132	0.536279854198604	1
0.118288152482335	0.196630633273367	193
0.116218217518788	0.885965444310514	72
-0.120441087458163	0.397712807576784	72
0.061592757831012	0.354952246341471	1
0.118262778615664	0.856071084682764	1
0.123352304059774	0.381092280220845	278
-0.095630402638667	0.393740106393896	35
0.114326934383003	0.737599941863493	35
-0.094901548241241	0.401059712257184	278
-0.113310471940029	0.325300835578727	278
-0.027166058066956	0.349632164315318	278
-0.00321218307183302	0.432805646030126	278
-0.123827623094114	0.230522614517866	278
-0.087824757734912	0.249045652480783	278
-0.035194670027418	0.263221606787364	31
-0.036031307961005	0.167171963867372	5
0.124305861496656	0.460517333063385	41
-0.046348119890821	0.949388634042637	65
-0.094774464873779	0.935093141801681	1933
-0.051248551095435	0.564201773422989	54
0.00263254588092998	0.660035169655408	1756
0.088930994117728	0.548051686882839	88
-0.022105714731923	0.341908871315471	88
0.0413756743446641	0.75709372770981	15
-0.039290385745655	0.728089536217409	15
0.104904364359802	0.611646924198073	117
0.00763732489925195	0.63566281381697	117
-0.038296892640312	0.634472237673448	15
0.00159362187813805	0.586986863910161	117
0.052223896132544	0.457665373672701	52
0.09055404720531	0.478589700938463	52
-0.029762377831703	0.17154020454886	425
0.088320381277688	0.475041412290005	578
-0.040319277375913	0.255013772378436	165
0.000202971332957991	0.872242262328415	165
-0.095771435938582	0.679158912389965	165
0.00432064549313604	0.942691777364722	165
-0.105818861603999	0.743180624454958	131
-0.076076807142805	0.700630991356881	131
0.113424244432263	0.196906484145393	212
0.120402327924113	0.293048386895837	1
-0.026941064693419	0.17312437604662	701
0.030076828291095	0.265795652680369	701
0.056677361983814	0.353879477508889	193
0.035056100342062	0.279632585102532	1350
-0.115242314942231	0.241322825325484	1
-0.059808731592933	0.706197328252192	1
0.051322754299368	0.742142912882763	35
-0.071452225930324	0.466220503109772	278
-0.031572410262192	0.438976501511068	278
-0.00274207819851202	0.509977974807549	278
-0.047974263520316	0.468999788768931	278
-0.071444003281801	0.335280770479158	278
0.074687804394448	1.45661648171081	65
-0.021430327414478	1.33400895972339	1933
-0.036495876097389	0.808154782884912	915
-0.113775874149578	0.235724526000976	1756
0.112885486812804	0.276011462567533	1756
-0.026716986088083	0.166751408138538	1756
0.00926261280261698	0.413513808531823	1756
0.069059917625109	0.536631792077808	88
0.046166797547244	0.450467046466466	117
-0.081874245760076	0.485759177208424	15
0.083504242665212	0.790870901246221	117
-0.076573389734384	0.678119063599841	52
-0.114914172727616	0.486450476556407	52
-0.034924341532411	0.256292417576888	52
-0.026619133055733	0.412038187412977	392
-0.022976320437738	0.903177120319373	467
0.000310335999746947	0.76816276403878	165
0.0392076639975359	1.26297246291187	131
-0.069243457016032	0.788447403762169	131
-0.073232643495607	0.86898674187968	47
-0.00377912503067002	0.427274886795133	212
0.113424244432263	0.196906484145393	212
-0.099102373265415	0.334304969901402	1
-0.120782251118165	0.154571834731082	841
-0.11963678253775	0.156201524632452	841
-0.038892603784389	0.620637112540958	35
-0.00209618412825202	0.516868636375565	35
-0.086198052173745	0.478529785122073	278
-0.09024729798886	0.408259315703548	278
-0.092868775036269	0.476033954107874	278
0.049309037180421	0.41164670662144	278
-0.068381486560181	0.408330872012663	278
-0.123617092021301	0.15278628067472	31
0.116127503065343	0.188456919547633	31
-0.117409458199978	0.153373751466469	31
0.026881425758446	0.53351410060322	41
-0.080822090624124	1.18747817706527	1933
-0.039839856798175	0.767066462217722	915
-0.05563515533203	0.62030497505864	54
-0.120914143938012	0.237980638609576	54
-0.057313014943883	0.337575949535754	1756
0.0700500018385351	0.532709710444066	1756
0.020055207609349	0.441744099127662	88
0.016613671381035	0.730615571953546	88
-0.109195843682645	0.15541097233699	88
0.0180565548688	0.440083893431994	88
0.101894504472652	0.606674503841681	117
-0.031151221326317	0.505298198483472	15
-0.087692202631552	0.561429732387191	15
0.111472076592007	0.635570007027378	117
-0.122518788888195	0.475808807470782	117
-0.076879099729737	0.387429605812904	117
-0.124944358175866	0.569707418555066	52
-0.119431183032822	0.783927417659497	52
0.058625374058515	0.36498461019351	52
0.066909068464223	0.362954750321529	392
-0.080726022058429	0.24882526082785	165
-0.117202419111486	0.562576086388168	165
-0.100722181238161	0.679261392015625	467
-0.120531263878875	0.686855110194479	165
-0.082822293771008	0.830776883143342	131
0.020782708797813	0.972220202856975	131
-0.093268232311756	0.331847105081782	1
0.117806159978974	0.290208937412052	701
0.118520039230331	0.190125972241398	841
-0.115949719548467	0.158098750853136	841
-0.123821167306416	0.323457209899203	1350
0.086851844817835	0.938703663617791	72
-0.030697961258055	0.172406008891331	144
-0.123888608561683	0.531317896143093	35
-0.024184926862996	0.754172947019652	35
-0.034822317142267	0.436390034581758	35
-0.089144431432618	0.241031400195873	35
-0.03010787483385	0.534379264226281	35
-0.068791639258404	0.489786313739693	35
0.020342427664361	0.532900441023682	35
0.035973111983464	0.668730066493641	278
0.115370130787517	0.563321978704765	278
0.11558299985171	0.19328946789518	31
-0.112036203834991	0.155392083812114	31
0.114152936434218	0.187566848829415	41
0.013330442411141	0.519924275977336	41
0.113424244432263	0.196906484145393	372
-0.029762377831703	0.17154020454886	493
0.063340388110405	1.92774758670733	1933
-0.091985778044628	0.404922839143075	1933
0.091484696542683	1.21975109534801	915
0.0148286636277269	0.418185467580485	1756
0.00365244108298501	0.440394511882612	1756
-0.053056663026528	0.330450960042762	1756
-0.015430124654979	0.439587723912898	1756
-0.024279361399714	0.259932483907641	88
-0.053780365531911	0.558274700541591	88
-0.110943676707939	0.623561616049294	15
0.000352290411677947	0.443936802215265	15
0.0202573652748	0.531847824987063	15
0.065819988953302	0.689395211610233	15
0.047463518736787	0.947794662914516	117
-0.00267530264527899	0.901349395948343	117
-0.059070799739599	0.522553095992531	117
0.080609726775475	0.690983011750662	15
0.054618003294189	0.793908811206574	117
-0.030551754633013	1.13458814231642	52
-0.011426754953547	0.71768185703196	407
-0.102427177237487	0.804126190970317	407
-0.122503970626318	0.150573123103154	392
0.083434426352729	0.465750149684103	392
0.059379636305232	0.546162446666494	165
-0.056112045760867	0.479827308597661	165
-0.084990058090983	0.484184262481278	165
-0.056818551734779	0.604665850120381	165
0.03707834658508	0.281889611573346	1
0.123943824257545	0.377732575555067	841
-0.117409458199978	0.153373751466469	841
0.086784666502478	0.4505926475063	1350
-0.054668667478572	0.808097924899309	72
0.036602491196376	0.559093103158061	144
0.052484098147486	0.789227376644473	35
-0.060438037091758	0.64242043333425	35
0.0742493219460481	0.732842093363791	35
0.020203707550824	0.639958493015567	278
0.084456972102032	0.467854573464441	278
-0.080613054585276	0.248423584497324	278
-0.037217674527121	0.243004860980443	885
0.054674801926807	0.363385107599082	31
-0.032279168225838	0.168821825444316	41
-0.104121109544802	0.320477143166017	795
-0.066734362483623	0.40119043417078	41
0.032891256391654	0.267965447834551	493
-0.031048777656259	0.790351005295989	1933
0.032284202684728	0.754552293113779	88
-0.110042682887268	0.393723281535443	15
0.000349643022277024	0.994716734038698	117
0.025086666158659	0.66051455968574	117
-0.097944997657611	0.476927211591075	117
-0.104440482067461	0.482398526085028	15
0.04113800833607	0.89415259568192	15
0.04167538999628	0.90349892387642	117
-0.04600315066866	0.339666504970263	117
0.016333863097959	0.57418783957047	52
-0.090032085192194	0.246478102645068	407
0.0689055574630491	0.684349835735134	407
-0.028245809336249	0.85206575129067	142
0.051467971048117	1.02539684460779	142
-0.023214572287628	0.694629413263685	142
-0.079787097304162	0.571434395818285	142
-0.032048642318567	0.681524772694285	142
0.064291901360109	0.620575212623924	165
0.014022789123993	0.520430514922447	165
0.000305918486324996	0.640364543159022	165
-0.021015106495647	0.832070990524731	165
0.115527948347512	1.65260126281996	165
-0.112051162609731	0.457680164933118	131
0.0262819861751999	1.36105125953884	1
-0.028597520189563	0.261339351083114	841
0.113658479529601	0.189270038586502	1013
0.090677494785178	0.641644962644807	1013
0.00987450210524798	0.9832838346125	72
0.00267356873622804	0.327000046158897	144
-0.10226992774349	0.784311210230686	35
-0.105729603683658	0.448788329988442	35
-0.00916377524279299	0.56871160580632	61
0.0558189752857921	0.729473025841679	278
-0.116717508156133	0.314883307707032	278
0.025177333517927	0.523232254336944	278
-0.058747841547737	0.416262450050492	278
0.091820717881807	0.564516548478931	1752
-0.11817778451349	0.152315488722907	885
-0.030472220926235	0.168364280245204	885
-0.099293092120614	0.62268244417536	915
-0.046586130975217	0.85837814794387	65
-0.074424797564811	0.336942595960339	54
0.0341160925509429	0.27653079737848	1148
-0.090298997935982	0.326504462007189	117
0.000872495259463979	0.638949059954889	15
-0.117326057235234	0.497619235993629	15
0.071156015005027	0.773495408590279	117
-0.085169937900655	0.471711471205144	117
-0.013193492787533	0.56262290940055	117
-0.040013520520585	0.49679696879541	117
0.071893984736902	0.716860428414673	117
-0.032749104021765	0.430131384138545	117
0.029972205223387	0.871702828290578	142
-0.116843962179388	0.476483621313034	142
-0.032616016779044	0.261826159714985	392
0.094771544888738	0.476350644684666	746
0.0212166066353811	0.530398808117541	165
0.05579496723898	1.4565461707085	131
-0.076059304503084	0.955854270421131	131
-0.00376472532613997	1.02811087071041	131
-0.066879875288585	0.555264386456038	131
-0.024436244289968	0.258051225517524	212
0.120525044070035	0.289513687350547	1
-0.119832952954004	0.155498401648501	1
0.112462015594194	0.19254900802788	841
0.058574395591678	0.749815220743685	1350
-0.058459357026326	0.337716939173197	1350
-0.056072437120696	0.613850833766169	72
0.07081820384395	0.889130440836696	72
-0.03041926200666	0.96579783412706	35
0.011269781494922	1.10347679519303	35
-0.091419467253111	0.622060834524297	35
0.025880635402992	0.268519786649017	61
0.093004986665159	0.461454718839585	1752
0.032373133201211	0.277661889827386	576
0.11558299985171	0.19328946789518	493
0.118520039230331	0.190125972241398	493
-0.091351872884831	0.630065274616866	56
0.12280561353139	0.646759534057568	71
-0.016526352469791	0.621314534349567	88
0.00608751679383301	0.741388095138809	88
-0.060918300296245	0.843725574125023	117
-0.068825087629251	0.632839180188778	117
-0.082964907125054	0.798784138809651	117
-0.053720156810555	0.890730993829994	117
0.096061496990486	0.911780264330645	117
-0.061726117688948	0.563981102635703	117
-0.089531388107981	0.555003430498212	117
0.074979259673329	0.990169540341349	117
0.011070164256427	0.707344458462241	52
-0.086633593748194	0.483039931387301	407
0.00605596226054195	0.950091015537327	407
-0.114349587787738	0.396358055767056	746
0.07748418175039	1.0607679403921	165
-0.092852912463759	0.55249914001096	165
0.080256157018088	0.986475565339255	165
0.063813752972091	1.39264678741916	165
0.042968375738968	1.2602318789595	165
-0.08364438608138	0.887031137786804	131
0.01517702288913	0.445661935902461	841
0.041542650547321	0.278997969641854	841
-0.00591387108723501	0.508950667269858	253
-0.021824690471933	0.64832411459388	253
-0.018907900739459	0.908381487925821	72
0.010549789604356	0.662635176334192	144
0.00996098648166199	0.443430355799601	72
-0.011802248649713	0.697685204843698	35
-0.121737889728678	0.587028045053972	35
-0.061712692621962	0.621708491333532	35
-0.00676785493024901	0.825164167511345	35
-0.11263762923287	0.326177685561834	35
-0.086659153549132	0.477682057158243	197
-0.042100581649775	0.480426016010104	31
-0.055027621904367	0.342630958658157	31
-0.124792764857864	0.146632282158528	41
0.039529648465199	0.268297768250574	41
0.015367301088844	0.353378748786375	41
-0.121555067293446	0.149605671177548	41
-0.115757518596797	0.408476664856414	41
-0.075574309854566	0.33743134915353	41
-0.057657133090735	1.95875185153629	1933
-0.091496010519007	1.4763848756282	1933
-0.010722063723587	0.420234346192359	65
-0.032422852507233	0.876964283069969	65
0.121354223009489	1.36099495513714	915
0.034806146384792	1.04805937480523	65
-0.037963209141973	0.57971440062376	54
-0.111553229421051	0.317340420066439	71
-0.117561192038157	0.542409660525246	88
-0.086693162412052	0.241479986537455	88
0.087865408550845	0.818160056466661	117
-0.06191145004577	0.49703675462273	117
-0.067784961283861	0.553370173092785	117
0.019999798814474	0.657272356150742	117
-0.057230948625714	0.536117635919788	117
-0.056045886207272	0.517925810878587	15
0.069085948510502	0.608557317447424	52
-0.110407138460885	0.801573993473873	52
0.035241604381018	0.649274110105482	52
-0.047755194819004	0.237921427062937	52
-0.022806988879604	0.709130129707409	52
-0.085032266653649	0.612056068682252	142
-0.063601406749786	0.336980157275091	746
-0.00761943923577702	0.898067192594297	42
-0.095579613845755	0.842115911028435	131
-0.072515579746185	0.836811838500674	131
-0.085568938690902	0.393794952712069	1
0.03802020914689	0.28102965043577	1
-0.054348372244123	0.323205785595111	1
0.118288152482335	0.196630633273367	963
0.121593857797896	0.372705612641626	72
-0.039064600061659	0.163802701654454	72
-0.050262120130426	0.778661431226925	35
-0.028505600199381	0.499561218925317	197
0.0536522359938521	0.750541817105609	197
-0.04027502345368	0.504016572509491	197
0.061812551701426	0.369782562484858	197
0.020408974568937	0.434831119293693	197
0.124419714000615	0.295510680824064	173
-0.11779717170351	0.155234781121437	41
0.057778868328362	0.357489222837758	41
-0.032051556296935	0.974712610346564	915
0.036699238269606	1.03335239263164	915
0.053260119369364	0.348701233371569	56
-0.091879355680368	0.226383030619903	56
0.121620156512529	0.292386331006172	56
-0.123855951319128	0.513648677818483	88
-0.082672386000682	0.249090846200668	88
0.11831318386336	0.640178258030457	88
-0.017545530021018	0.511073284297294	117
-0.049821500389929	0.61635944967158	117
-0.075173960804717	0.570500033198195	117
0.096316640346676	0.465236387763403	142
0.084395069158025	1.31408789140869	52
0.00267173868181303	1.14345824895015	52
0.033458537405159	0.277307585532298	746
0.007280086105663	0.978221180388029	165
-0.029505644712576	0.418114360247793	165
0.124029656060102	1.24511194456441	165
-0.08579692133591	0.879103428361362	131
-0.07434723676175	0.95791657632717	131
-0.018478587133257	0.160265269765102	1
-0.123190013682876	0.324370398072429	1
-0.030697961258055	0.172406008891331	1177
0.058134718724096	0.365380332915345	841
-0.069651097644913	0.556790098838475	1350
-0.121678117754947	0.641768279118873	72
0.00742491794089795	0.897397250919133	35
-0.099555783989003	0.320031489527308	35
-0.087966231658156	0.249462973934408	197
0.045650572440576	0.61095853891867	197
0.013307478793018	0.347629134628918	197
0.034764853076133	0.267486307888277	173
-0.069187769520555	0.304538223592915	173
-0.119831466488934	0.154713490816514	173
0.040600653896134	0.278885868704328	173
-0.096639502303262	0.406240843081031	41
0.114386857965339	0.196766872483384	290
-0.022690929605202	0.495020140374437	54
0.10082079850614	0.464081217436693	56
-0.024997294085394	0.496588814061463	88
0.093953409201695	0.478574744870292	88
-0.121245093010149	0.330569686622079	88
0.059017823647182	0.367690362752949	88
0.095433214052181	0.762014093854367	432
-0.097379541399461	0.411193002571508	117
-0.094148234393806	0.632547151469034	117
0.09536233721548	0.562779516558167	117
-0.10045189612568	0.454508882041501	117
-0.024277250514156	0.63970247917622	117
0.072011789487251	0.66759171436648	117
-0.057140577736022	0.407461922011327	117
0.110167197220039	0.916219525642135	117
0.059995711226343	0.372545288275783	52
-0.010795553202744	0.506347437171439	52
-0.025134205048762	0.344731511828485	52
0.0721104785892091	0.788817051472434	142
-0.11483684587865	0.158057326123059	165
0.122515856336294	1.13561109910339	165
0.032177946346622	1.46824951681781	165
-0.03892559392458	1.03045888538689	131
0.000232470358623949	1.21854614398197	131
0.028113742093941	1.3128025736899	131
-0.081226035018969	0.931469168775374	131
-0.109548293513042	0.306262915813747	253
0.077424334521486	0.528809812374054	1350
0.106998386857644	1.19113760147596	1
-0.103187038383236	0.379096568318112	35
-0.033370729739324	0.500317699159022	197
-0.107865924445289	0.390541371014312	61
-0.031859729488141	0.171527451678033	173
-0.027204404409942	0.350140822231453	41
-0.031633406719734	0.171470018787416	576
-0.037371324568734	0.417312879979438	41
-0.026408665135409	0.341991067363229	656
-0.045966448811991	2.29632692219649	1933
-0.055005392973519	0.873338125300156	65
0.08694016210609	1.11692417513296	915
-0.020158050991126	1.06792282722431	65
-0.034839170570692	0.502249313245124	56
-0.122645448184372	0.241175914049674	71
-0.115309931867567	0.590526068025001	432
0.11434871751826	0.557620222447013	432
-0.058463311920622	0.816816856761741	117
-0.039296876183246	0.632986603422129	117
-0.028791158478473	0.891765322847101	52
-0.096994109485217	0.691109961870489	52
-0.094325659893978	0.454088329333347	52
-0.052316200722332	0.346071649751792	52
-0.002403576303039	0.874929129922439	407
-0.03271484803096	0.57217869205886	142
0.012241920843057	0.34955835672984	185
-0.120782251118165	0.154571834731082	185
-0.061164982828107	0.328217586362062	185
-0.101499424281812	0.307606454821429	185
0.028725460056158	0.515039331736401	185
-0.032771858358728	0.261321655279519	841
-0.083108651826971	0.745850493655047	1
0.031261707176412	0.658545948152678	35
0.00683704967387599	0.351890928581674	35
-0.054807161693037	0.337838399660947	35
-0.026499584753158	0.572720788544171	197
-0.123877497745804	0.401048469727527	197
0.111600279170768	0.559106434901925	197
0.01437571943077	0.356788111137601	173
-0.026941064693419	0.17312437604662	173
-0.103798215909118	0.32022102298688	173
-0.031859729488141	0.171527451678033	31
0.122194182185456	0.188689468237621	41
-0.017933012772582	0.330883399776203	656
-0.10244444919841	1.85852345341609	1933
0.096697641018645	0.892536306777731	54
0.00252358444504697	0.345748171484706	54
-0.069608902773925	0.345084785778892	71
0.120234405905421	1.31450037459477	432
0.057054344558217	0.575202343428307	432
-0.118857050569714	0.441881038092592	117
0.023624572524974	0.929246043045613	117
0.00207462187233598	0.575240508260584	117
0.0956074018947301	0.840212621281136	234
0.029424721259648	0.819165346219504	117
0.084143499366074	1.08586933170011	117
-0.00520305971475998	0.717238468178551	117
0.07873156066191	0.836811536380048	117
-0.031970416956272	0.263164441670349	142
0.0989701078612249	0.919339463909684	407
-0.115090526765188	0.666256088710134	407
0.024855600113019	0.447428334488734	746
-0.110205939952994	0.145293097779388	42
-0.096397459191639	0.877568531541281	165
-0.031633406719734	0.171470018787416	185
0.122391850971052	0.293521096964645	1
0.027810982534178	0.263350509834326	1
0.056109012754621	0.360306345775478	1
-0.11963678253775	0.156201524632452	841
-0.12001679546058	0.235276640129291	841
-0.034965734621304	0.249421167988744	72
0.019402880921512	0.802142077741796	72
-0.000490126698271975	0.439627647655436	72
0.095387865258348	0.459055186166777	35
0.123187330305636	0.842471982756377	35
-0.022243461340532	0.168392895253044	41
-0.062628882089493	1.06395082358536	65
-0.109694823689937	0.323051209883369	56
0.018219958016118	0.584355356266034	56
0.053092621035105	0.360014601776622	56
-0.024035262886262	0.431568500001238	71
-0.118756781223369	0.52674684201961	432
0.016226549013398	0.674474885029918	432
0.065613719082279	0.827756071024209	117
-0.033672032961217	0.568517590262098	234
-0.103886006911133	0.478059492462011	234
0.096202183260761	0.913215484653589	234
0.022272469503085	0.658263941456621	52
-0.00124936284342397	0.517079102051139	52
-0.103840168624894	0.792141931879443	142
0.035230628426993	0.656581495631516	165
-0.037935047682466	0.762519019408517	165
0.012972598147888	0.512211560631573	1
-0.033554888267353	0.258352073578171	1
0.0361373374144131	0.280874890918859	963
0.055182322418643	0.86524259316805	72
-0.02018517715172	0.488541899889389	72
-0.013994468779255	0.75824447758283	1
-0.104549009325492	0.40977217298535	197
-0.045940658176967	0.496066511126995	197
-0.120570157941521	0.32458841174563	197
-0.018469194685685	0.430656713615091	197
-0.096268238424939	0.222182729616297	197
-0.096641363970418	0.332666599357	41
0.017332932244937	0.504321748627315	395
0.11558299985171	0.19328946789518	656
-0.101088104368706	0.680455891430839	432
0.047388976807994	0.912540538274325	234
-0.033939973048611	0.654650796557548	234
0.0225140525255561	0.864250337002778	117
0.011474664361795	0.805333474593967	117
-0.03512876996627	0.659958041537041	142
-0.115888182072009	0.579690655116837	142
-0.037005680223229	0.669829891665097	142
0.041601174559145	0.605614506718467	746
-0.096255165801454	0.582856200557818	42
-0.10392794599736	0.535173979404941	165
-0.1018484499286	0.628800050597051	131
-0.108134014171321	0.323286091192073	841
-0.036958708633328	0.253499364130823	963
-0.00159634805470099	0.860817461897369	72
0.060594975932786	0.873157237993003	72
-0.053523940898453	0.48568578522755	72
0.079366606779482	0.813248150151685	72
-0.012523047387835	0.568952688039629	72
-0.038191314770605	0.567737462229595	35
-0.071121932273681	0.339230272085518	35
-0.00105216135504899	0.444442921782646	197
0.00464277034967198	0.348934937682945	197
0.028082070950227	0.457947552229607	173
0.106810318574489	0.612920658066482	173
-0.10821785827658	0.322914072500895	173
-0.024211249463992	0.243389208485927	41
0.024650944421065	0.445367815525279	395
0.0208115028277051	0.349859187804169	290
-0.115949719548467	0.158098750853136	290
-0.032758522681491	0.894909207071972	56
0.0766998777565751	1.55216818475961	56
0.032594181796752	1.18485305166795	56
0.099371479059662	1.15302420101927	432
0.08759119910865	1.11153717316292	432
0.064184098751545	1.63918223519728	896
-0.120664981335106	0.620603240567029	234
-0.088860294357977	0.654984860479047	234
-0.078696039234935	0.930761559327709	234
-0.093903988878828	0.632414221768657	52
-0.103423547900293	0.606777899516221	425
-0.035906521270021	0.433220369535955	131
0.072383004704748	0.825964507950058	47
0.000774359542317971	0.576290916429166	47
-0.034325863920251	0.540491562765927	1
-0.052881765536386	0.561640879870459	841
0.11457297117569	1.10241556974536	963
-0.074969331819981	0.900896844538703	72
-0.022174873088856	0.484538735699613	1
0.00700014091354795	0.407643422430034	35
0.0000344832066120349	0.589384613565393	1
0.00114144030713803	0.432225075341306	35
0.057898492821151	0.375414076037535	197
-0.051386280707024	0.634899578361438	197
0.0423610801098	0.667414164819478	41
0.012154039013568	0.651058089454313	41
-0.06966931568652	0.557465344997235	41
-0.032948396152302	0.647329019503896	41
0.067731371574283	0.454876124137198	395
-0.012035079593786	0.582891364230724	395
0.037970956289917	0.598485797670709	395
-0.093679235388149	0.466144176052737	395
-0.081224985942862	0.335855159692827	88
-0.110210073699103	0.381179639509041	88
-0.019745823701796	0.664771277385877	896
-0.112497587746437	0.659531861579813	896
0.044188352529032	0.815530251486272	234
-0.064423468237455	0.482421312328368	234
-0.00550353616361998	0.689980962831672	117
0.048108725443362	0.983233761045192	117
0.04320019742172	0.586575772048184	142
0.081832077880339	0.548998521338577	52
0.09538051302817	0.641806299444498	52
-0.084447934226557	0.242228644213875	784
-0.114585415231714	0.66309466376882	42
0.0361373374144131	0.280874890918859	1
0.043429192107347	0.270667874482973	963
-0.107464632010895	0.148234393420352	253
0.030152599135267	0.661845489047119	380
0.0591313697129771	0.665287218781263	197
0.035056100342062	0.279632585102532	173
0.09151104867799	1.41834455733367	332
-0.059609124834751	0.607549900750899	54
-0.034770729164269	0.255890690536769	56
0.007996792567462	0.331840745890232	56
-0.078666156368213	0.250277000745646	56
0.066939274558981	0.374101697460519	88
-0.100684445602298	0.645093653753449	88
-0.095213268911619	0.649215102775168	432
0.085478892779749	0.466734670577266	88
-0.084893708942591	0.680120956870575	234
-0.066475440145854	0.828809426127789	234
0.00198201167475498	0.43955281195966	234
-0.087260496073796	0.397976776368607	234
-0.124994240427847	0.230710395391932	234
-0.09521780538845	0.489164067798415	234
-0.053944431843866	0.626068065105666	234
0.121307703093556	0.790879135762834	234
0.089340860230317	0.675944482227461	234
0.017466077619534	0.363555469661436	1113
-0.118736202493518	0.754276599759183	934
-0.038456374355497	0.70354610551114	52
-0.020200616405129	0.25695394809852	142
0.123389313081537	0.185686758490558	609
-0.095212720633743	0.657101278863948	142
-0.00422290541936199	0.913646989788021	142
0.121497555697188	0.294186995646019	42
-0.03733416773556	0.254284430699426	746
0.049864068748616	0.456536863864488	746
0.119992162917014	0.56288631875166	746
-0.019118162213796	0.730044000737459	42
-0.02036941677793	0.425744006364094	165
-0.034834201574712	1.11669816332896	165
0.032185048776269	0.450883020973816	724
-0.023827859710898	0.156849128366252	1
-0.052952261382351	0.603123724820487	72
-0.071748523065518	0.487256073781438	72
-0.00955846917742298	0.658856342863991	35
0.110460340027852	0.646074958334804	35
-0.097258955690926	0.232202412006771	35
0.057999907614812	0.68057778337368	35
-0.024161890117358	0.731574477496537	35
-0.094122931009212	0.465851334872585	197
-0.016269456148904	0.351025889312295	197
-0.087966231658156	0.249462973934408	197
-0.077486219559999	0.336204522265821	197
0.112286494949287	0.700801297373032	197
-0.035801879339272	0.165919149012101	41
-0.112366053582906	0.153682385883299	567
0.05520670013615	0.85103436810273	332
0.12380812069703	0.285942341182892	56
-0.086186518699844	0.526692275922645	71
0.05428132493706	0.464746728912327	88
-0.056030797304088	0.339966670489893	88
0.081301514127033	0.461945577264364	88
-0.105831250967262	0.67513777877641	88
-0.013464434255962	0.574800870497809	234
0.0971359109697369	1.21540115109447	117
0.038842462588711	0.883527363395813	117
0.033161516500225	0.662685388873671	117
-0.076932237602191	0.769714142158076	52
0.0505468494924191	1.00126171700785	934
-0.101051369838573	0.38434054053879	142
-0.029762377831703	0.17154020454886	42
-0.026130430279831	0.350355021498225	746
0.116873948867866	0.287169761149543	42
-0.012613138249245	0.495436670550278	165
0.026688363131873	0.865727450801972	165
-0.058197840562759	0.998497983545694	918
0.068006389376716	1.65969365723613	918
-0.027777083675129	0.960874417605778	918
-0.117476238445143	0.333469781696678	724
-0.114488007388632	0.141687702289388	906
0.0361373374144131	0.280874890918859	253
-0.10274755605008	0.627527559750987	72
0.0594841558552171	0.545516510208206	72
0.000471028688895037	1.00846416649312	35
-0.030424410208144	0.944548374959749	35
-0.040239344898613	0.460500728723289	35
-0.123617092021301	0.15278628067472	197
-0.095397534512567	0.323191825039808	197
0.013061860834151	0.515176882770254	197
-0.071607875634038	0.409681426772239	197
-0.114182211318456	0.334833643867452	173
-0.09294296001879	0.240371671627574	41
0.101881351156037	0.180773410763976	395
-0.091357023187404	0.953625834531702	332
0.102304059060596	0.566629992069972	54
-0.080474306350242	0.246848173317142	56
0.036536679883206	0.452533203162911	56
0.111264611861622	0.187598069530333	56
-0.110305095386077	0.155431910111605	56
-0.001665817824195	0.429004181796995	56
0.012530734010577	0.444654631708949	88
-0.100391281540306	0.680734132673652	88
0.098971586314521	0.759825459138432	977
-0.019052820539648	0.643205538175818	234
0.055328455238051	0.611275051038192	234
0.043179581394346	0.684508282575678	234
-0.05356972928381	0.717403684965477	117
-0.072076301925428	0.654956692311308	117
-0.121232550385501	0.46759950944494	117
-0.053189653085698	0.630627694317705	117
0.052432361203359	0.339001176647463	1113
-0.029051023623408	0.960357935132853	934
-0.117882342009915	0.812546388837105	934
0.026865261218842	0.264033764684542	609
0.0358848255393131	0.275777579374686	609
-0.084143953925659	0.487002320045896	42
-0.103623510476343	0.626024560964204	42
-0.039370838441162	0.481907798512542	42
-0.089762716729089	0.880615757141471	59
0.037447045143946	1.40285878811522	918
0.116027828906206	1.63275327393837	918
-0.120751605569248	0.154581912804799	1
-0.029762377831703	0.17154020454886	1
-0.03383051618998	0.256637437310924	906
0.060681123113051	0.360389210384902	72
-0.010359944087403	0.421025564086653	35
0.00473498779046899	0.815052558704615	1
-0.025998168181329	0.560828180645597	197
-0.085356461774193	0.233182691109656	197
0.101454775638046	0.672632466120585	941
-0.00505634075453898	0.429390719489405	1061
-0.115029668135505	0.159035522596003	395
0.024109945733215	1.51772297825794	332
0.00942724032809095	0.585964141854861	54
0.106519680250782	0.642436433246625	977
0.098055556261356	0.918784402735074	432
-0.042194269771095	0.768263185820936	432
-0.121591988473512	0.665243711440427	432
-0.017322175373054	0.948509356153944	234
-0.0940290007132	0.485221725356401	234
0.082858759745911	0.62306052442035	234
0.00478197582558604	0.669936798797643	117
-0.110418877895823	0.511425356599185	117
-0.11804273025251	0.553955126802775	117
0.0362305803933261	0.68103942849204	117
-0.098037305828922	0.383475920932137	117
-0.015494456962405	0.643562339842759	117
0.03035292585636	0.46042552176172	117
-0.105444401502982	0.86446712087377	934
-0.028868743627217	1.13146853584536	934
-0.00548419358162	0.729342277817544	1816
-0.119116913341763	0.673041049420883	42
-0.047522917878989	0.34247057895999	746
-0.118066335556262	0.65234821087869	42
-0.03811731815341	0.873856885085628	42
-0.00693738395931198	0.702485269621697	42
-0.018516059192941	0.729421424247566	42
-0.067646761981734	1.07390309206916	165
-0.090566676697664	0.896665640838468	918
-0.117899379617289	0.838246434433573	918
0.052778503427578	1.28184076330696	918
-0.115387977722134	0.807113730353604	918
0.072329710135864	0.833193851519546	918
-0.073717621265657	0.337371091991825	47
-0.026004748414299	0.173210247302568	724
0.02167840648562	0.495266485377041	1
-0.03367795644891	0.254279269605866	1
-0.12167171108586	0.153229696228387	1
-0.121731347682954	0.151219437047802	906
-0.108554000042282	0.324216659008716	72
-0.102349816298984	0.448431503988606	72
-0.096299888736951	0.653021275085389	35
0.034741995030341	1.12325965536797	35
-0.054292765381651	0.638233517918164	35
-0.112229404081476	0.324258862310632	35
-0.030195040792567	0.496321483109154	35
-0.069802508894061	0.533207882898579	35
0.00506102069868997	0.796108332061795	35
-0.095187888294485	0.470485074279809	197
-0.084797647258291	0.247814406654982	173
-0.048599845964834	0.34219536057096	173
-0.035350378938429	0.260570275698832	451
0.115349855863619	0.192475636661027	186
0.098488790931674	0.620497178802164	395
-0.00448200865213	0.43709953176708	395
0.101881351156037	0.180773410763976	395
0.066029935211891	0.366452467136032	395
-0.039505791029552	0.158899177910557	643
-0.04912706012331	0.730982176602972	332
0.114681251399621	1.84363830691788	332
-0.066092320419121	0.961684605698383	332
-0.077433402806332	0.958247046191728	332
0.035056100342062	0.279632585102532	56
0.00444019455327005	0.767810971813724	71
-0.115689253449569	0.405485729850649	88
0.024435197458805	0.581216043254288	88
-0.043732582169176	0.914176139902407	88
-0.099846699618924	0.659984260868245	88
-0.091785582740728	0.412614136564796	977
0.021153593891643	0.433910745294991	977
-0.064666972414639	0.682459383288298	432
-0.108141842791088	0.483228071925297	117
0.037117018236146	0.672914906068929	117
0.029053298707974	0.523493481242475	117
-0.064641070130724	0.588341748000521	117
-0.091382618906977	0.582351095565811	142
-0.061208664511913	0.498317891317816	142
-0.085240836313497	0.892573155844595	934
-0.025410908256904	0.96947459338233	934
-0.110363569517224	0.871338687382151	934
-0.069635191785236	0.646412212789886	1816
0.096186248574032	0.570092390481037	609
-0.098858432227738	0.622224201389873	42
0.044113587467139	0.271594268043444	42
0.038359985338691	0.90152618534898	42
0.033637643086241	1.02212172976186	42
-0.061548636616248	0.395347133241018	42
-0.079935573384127	0.665665218642084	165
-0.078478742664252	0.772015067077823	165
-0.012038400196198	1.08493322427347	918
-0.036048776625805	0.795384123034354	72
-0.11153859715475	0.648507158860384	35
-0.025335552090042	0.343596270857952	1
-0.080700427546311	0.417353025510797	762
-0.108308861342624	0.380549113193694	762
0.119483789676008	0.193198488165114	378
0.10610005725641	0.185526639764292	41
-0.031633406719734	0.171470018787416	41
0.000103517874701975	0.90202030206356	54
-0.111153622867775	0.502070353323271	54
-0.121840869600353	0.385987635973572	54
-0.120256439689612	0.40125640517697	56
-0.078244515757994	0.23758534588799	56
0.028017341926636	0.606004094194759	432
-0.0734301664284	0.78233390351038	234
-0.099722473977091	0.558157686185204	117
-0.058952897875243	0.654890969200841	117
-0.116451340354919	0.389809039495966	117
-0.00726227274041502	0.763767945966659	117
-0.026686665758166	0.569357063746267	117
-0.00274899298977299	0.738022179938505	117
0.031315112236325	0.607215263524122	117
-0.060760579422036	0.485796632227279	142
-0.113115514317917	0.717185391920628	934
0.0838635647078529	1.50474948035902	934
-0.070539213182851	0.91991515550583	934
-0.09693776143431	0.61609979614659	934
-0.068898549321922	0.937483763615808	934
0.068919559582513	0.675949560925106	1816
0.047042411992017	0.421150372496054	609
-0.016356948657029	0.846193584543609	42
-0.066379423648643	0.610787161665533	42
-0.035709934510167	0.25384383254246	746
-0.081008171771164	0.968962013725579	59
0.037054449232707	1.16597751550857	918
-0.124566104265213	0.152636630613031	1
0.061360765961553	0.549733486738105	398
0.014872900120785	0.236990969650698	906
0.011108420589215	0.357237515856826	72
0.05942797870765	0.452376367215717	72
-0.067682622656878	0.520814138482521	121
-0.037172948475761	0.49009723135778	35
0.120333518623162	0.934083774236797	35
0.052223896132544	0.457665373672701	173
0.118288152482335	0.196630633273367	41
0.10610005725641	0.185526639764292	395
0.057096256776954	1.12576787290235	332
-0.038406062252617	0.467357131332974	54
-0.121751872726917	0.328751832027084	56
0.0716992461011851	0.632559957262851	56
-0.00910641923483102	0.439160868187738	71
-0.073165307863596	0.416686793378561	88
-0.089531091721887	0.485408975895078	432
-0.047887808295788	0.420141658519771	432
-0.068596377199449	0.409215129737435	234
0.0990206372911629	1.11461620498249	234
0.120648780637853	0.643033240489333	117
0.098072605605125	0.696604599877237	117
0.082714851918982	0.983316981578647	117
-0.075277789051537	0.697925262317292	117
-0.0825770080319	0.485170880595661	117
-0.092017077818268	0.60367677413502	142
0.010924725004742	0.588743844210514	142
-0.123944093690657	0.78186482854893	934
-0.068397567906123	0.54444911156141	1816
0.061441977417556	0.602671727418588	1816
0.016898549667965	0.527247155618552	1816
0.00371236583884405	0.65573097734156	42
-0.076893178967225	0.714835932410804	42
0.0239284895945699	0.809196489482746	42
-0.104270549938378	0.486485122103938	42
0.031525616972725	0.273279657239931	42
-0.119833322398097	0.238646478903642	42
0.0467353172463501	0.442775211419642	746
-0.017402572932778	1.02333588193824	59
0.090417217051412	1.21485818485875	165
-0.027410817184068	0.999484751282816	918
0.022059535113816	1.29163885521835	918
-0.113105581238222	0.706780089352059	918
-0.109200227652675	0.72064732045311	918
-0.076448099887114	0.330386116844348	918
0.028851342198113	1.06583764533474	769
0.022445490335137	1.14462537187974	769
0.00747345542030897	0.450473197074401	1129
-0.030274071486324	0.251483807792688	1129
-0.032568713088139	0.167574500856249	398
0.123159759155275	0.189003897019626	398
-0.029038367830046	0.168873312119509	398
0.040331522136723	0.268925626212742	72
-0.051757071162373	0.335047146619361	72
-0.054591851912643	0.78508599354796	121
-0.078462184132872	0.335300235066776	72
-0.000525506836734024	0.787923848416868	35
-0.052811151702972	0.789214555693983	35
0.00865163142485104	0.65501497316317	35
-0.00169986376793002	0.641880253484065	197
-0.118719802711196	0.390057136698894	197
-0.007309771623419	0.50919454606218	61
-0.083636975800015	0.407973766619354	173
-0.030923867843503	0.170672728303269	919
0.109223048028181	0.189904324641206	378
-0.01190847263457	1.20450827438088	332
0.024937711804767	0.676577256652379	54
0.114620547436307	0.193412235224396	56
0.091226700839138	0.710423556682171	88
0.088784205230112	0.472329443163531	977
-0.118471304816342	0.323683607233147	432
-0.052670059366449	0.649079859846044	234
-0.000101258027680018	0.488262698277181	234
0.0895664468726331	0.779442831139436	234
0.023908982988051	0.730202687356596	117
-0.014081746840858	0.638926548939489	117
0.0766437643196261	0.700739931406299	117
-0.113800115063409	0.603020981455143	117
-0.044898104134491	0.483698659461538	117
-0.041316729740487	0.643637354761206	117
-0.01103853051019	0.579695616612644	142
0.068737743176218	1.11391889216893	934
0.038994509243213	1.10293638988074	934
-0.047630698894657	0.610449215366555	1816
0.02940069196132	0.274785339657199	609
0.01558691696918	0.846860698067531	42
0.028072595629277	0.957130783689841	42
-0.04016352254773	0.251938215080507	42
0.119941654515587	0.568046746085104	746
-0.03299665614513	0.256642182537668	746
-0.00920700109794798	0.828793219064637	42
0.00683676594997396	0.927921949114156	42
0.081434298535627	0.625655304154015	165
-0.027104577392375	0.918130773445455	918
0.113118052997015	0.189848345419192	1129
-0.00180792405246399	0.429781163111391	398
0.116127503065343	0.188456919547633	906
0.0557015421898041	0.752081868953751	72
0.124419714000615	0.295510680824064	72
-0.067371777136089	0.709942642598022	121
-0.06847295549532	0.623973791678182	121
-0.103458737972493	0.612795730338978	905
-0.036555980818881	0.434174618910495	528
0.095475754993022	0.753650583548162	35
-0.089823644963131	0.478652313166881	35
0.089533005638167	0.477848949566865	173
-0.119831466488934	0.154713490816514	173
0.056490750652935	0.359193076196137	173
0.11558299985171	0.19328946789518	1525
-0.081032800961993	0.401120454784018	813
0.11222700194726	0.191668178247491	1341
0.021465503184804	0.255843184453478	1341
-0.120004353845767	0.683405149252843	332
-0.015818913143252	1.31974311649724	332
-0.015592713551107	0.566100490137894	54
-0.063297302334192	0.413936709227066	88
0.05888497703259	0.96404634879041	88
0.00238790995753402	0.714026281309514	88
-0.101992404629267	0.417319204175696	88
-0.121563266895699	0.242492544112782	88
-0.043134269710262	0.732196555221366	117
0.052587264598601	1.10579092299205	234
-0.034904201802876	0.647149264181435	117
0.052143236454809	0.905197332573833	117
0.046873473562902	0.728613869879512	117
0.121961392182442	1.06855275484976	117
0.116187743618733	0.372049363106143	2185
0.052072926861287	1.08236919107824	934
0.090221378143118	1.1046279397273	934
-0.086694577567418	0.817869840244183	934
-0.104854091094084	0.711990946264912	142
-0.074460135079723	0.574127372435575	42
0.051075305831794	0.455416013847387	55
0.00788614025099199	0.356314205890991	55
-0.077846204721721	0.476313699395509	746
-0.010782489791165	0.856593851755948	42
0.00939702035384005	0.952715065725156	42
-0.031154589450293	0.55846828936621	42
-0.114102921674065	0.767034320694488	59
-0.104979202468691	0.67819159786397	918
-0.00260101982309902	1.01026071792416	918
-0.027772484439996	0.763354552290964	918
0.025796350546529	1.06769787029217	769
0.066091912042079	0.538828607369825	398
-0.032985965600957	0.163523898735959	906
0.00332715373724901	0.431166089110682	72
-0.122726574509034	0.238027457958226	121
0.10113336182979	0.624088382824325	121
-0.028297329244089	0.160217521805423	905
0.00719698808050395	0.583022500550956	905
-0.06638938120277	0.739959464501838	35
-0.123161602060728	0.315064438166536	528
0.00336928502696598	0.484727119744154	197
0.017637653119883	0.429261511132545	1882
-0.067376003071835	0.337519045041497	173
0.035654021555708	0.521916812775161	173
-0.034770729164269	0.255890690536769	173
-0.025371955953514	0.343637046824834	919
0.118288152482335	0.196630633273367	1341
0.045536501663502	0.820638748456615	54
-0.091402729212676	0.40287238886595	54
-0.084658623384782	0.24274139411725	56
-0.124701998946602	0.237916079231093	88
-0.073311298468439	0.480458870710006	88
0.00760799049041805	0.848576771131581	88
0.0683774687529231	0.539125539135714	117
-0.098942635706476	0.476174680275277	117
-0.037776115220081	0.431838292480132	234
-0.113588919734683	0.428462823978819	117
0.024431509700505	0.645060303437488	117
-0.060163578740734	0.57176270521879	117
0.059719186584831	0.366655692639791	2185
-0.094667994551669	0.335072915755962	454
-0.113902596307699	0.639875793588551	934
-0.087445560339212	0.584624695301411	934
0.00085961424522496	0.992177297293946	934
-0.065291237798903	0.493708242368466	142
-0.086035176486892	0.668097914427498	42
-0.119914374628957	0.237147920705589	746
-0.00823319414399998	0.952703702999281	59
-0.03964695281466	0.975978395963406	59
0.112462015594194	0.19254900802788	1129
-0.121895442252072	0.153831274731497	1129
-0.108355583639106	0.386429328419953	1129
0.115941919242008	0.280050003063555	483
0.112462015594194	0.19254900802788	906
0.11222700194726	0.191668178247491	906
0.113658479529601	0.189270038586502	906
0.012185301207873	0.352251753493968	905
-0.117409458199978	0.153373751466469	905
0.053742296610939	1.06075801366884	35
0.0145006107860191	0.851973986763193	35
0.0532425660806321	0.707500686211946	35
0.014432125442352	0.634230753404642	197
-0.04113866145627	0.480126453974963	197
-0.120782251118165	0.154571834731082	35
0.074320703608335	0.522489563476545	813
-0.039064600061659	0.163802701654454	813
0.058625374058515	0.36498461019351	1341
0.022926663837645	1.64083048139961	332
0.012982628370387	1.74744593958931	332
-0.115029668135505	0.159035522596003	88
-0.041548333913877	0.411533376420957	117
-0.041428359361698	0.410255648357517	117
0.06208359840087	0.466877966125933	117
0.00745216726407405	0.805596828804438	117
0.041996446358798	0.522930000578393	117
-0.052795804598612	0.537796710196747	117
0.074440371252827	0.988871065527515	117
-0.00159388267058802	0.637803415159018	142
-0.083241504771288	0.632021838839805	117
0.0815664894511881	0.742188789169995	117
0.035282437482752	0.531737701882207	117
0.054569901467992	0.882314918262446	117
-0.061513917857832	0.547034746383311	117
0.115732875371462	0.845002294384346	142
-0.00869317439427397	0.868019657633417	934
0.014631499944959	0.814087007239935	934
0.066246744481511	1.14087362051491	934
-0.123402807074644	0.784916837320819	142
-0.095439823148538	0.766354911559412	142
-0.114258728231468	0.575483211197763	142
-0.027679465736442	0.336243914167651	444
-0.03252939968324	0.880646095163034	42
-0.023263639463278	0.345213284607559	55
0.114707139208494	0.547998278012513	746
0.013747533911896	0.523697093158194	42
-0.099901034024062	0.690698388689374	59
-0.105507709958592	0.808607994413129	59
0.038650045607809	1.18149705863867	918
-0.116985735549632	0.735265452640971	918
0.11222700194726	0.191668178247491	1129
-0.00133849597722702	0.431322524332085	1129
0.117091577182781	0.191477437881795	483
-0.028101905929072	0.172248824776702	906
0.02940069196132	0.274785339657199	906
-0.027587682501476	0.162432811018711	906
-0.077693893114283	0.246895875045617	72
0.02672012030994	1.03664918489665	35
0.019473566273248	0.931084898130764	35
0.090606157709177	0.623511819500703	35
-0.034095253596909	0.262101491027981	528
-0.036803276534409	0.253497499997969	35
-0.112036203834991	0.155392083812114	31
-0.060602769569354	1.26878020264122	332
0.03800886482274	1.57668446656998	332
-0.036073578399149	1.15205316030048	332
-0.057519608810215	0.81987759352803	332
-0.077488686528378	0.486001065186019	54
-0.095923695498601	0.328181218525074	88
-0.008887980939906	0.659711450800544	88
-0.028849131705145	0.34614569444579	117
0.00129578603965896	0.437697890728355	117
-0.122650612147009	0.462940303295867	234
-0.00398062078290701	0.675583682944135	234
0.110460340027852	0.646074958334804	117
0.00240809670883402	0.43198302682268	117
0.092820316502312	0.567543336546755	117
-0.070133628790485	0.422389953025124	117
0.083706249823658	0.621140585755155	117
0.018603675042686	0.430211186635761	142
-0.016865328992671	1.10351593795427	934
-0.076114446316633	0.831063721880958	934
0.12463452267761	0.952951563421542	142
0.00479619141738097	0.726041241744625	42
-0.12151433659243	0.230164754479449	746
0.0288520584498519	0.269777366743341	42
-0.025308845132572	0.262096561419468	42
0.035434288855949	0.929124131118158	42
-0.088803569423199	0.657885427723949	42
-0.053662841484854	0.342971524466748	42
-0.087556297476955	0.407587394103645	59
-0.031931704344995	0.896898187009955	59
-0.038046991893425	0.877900075421751	918
-0.102548095760107	0.767737490197125	918
-0.106521632242656	0.460410407474034	918
-0.124621323438443	0.240094296410831	1129
-0.124566104265213	0.152636630613031	1129
-0.033245253669773	0.340804408260765	483
0.023354106043725	0.257429723677744	118
0.061812551701426	0.369782562484858	118
0.113424244432263	0.196906484145393	906
-0.038340225454652	0.159310893928248	72
-0.110840145132368	0.582971487545568	35
0.094522194618205	0.604946827592409	35
0.0173828380309859	0.52691870598168	197
0.091216413457888	0.464442494441171	197
0.065107970819295	0.551439893092493	173
-0.027666304900099	0.165061137721591	1541
-0.069234088865124	0.336502418707679	813
-0.055551850698009	1.36234698814783	332
-0.039152381866552	1.38681775532168	332
-0.032876547284216	0.571320973963536	54
0.12024356363235	0.910173184724656	54
-0.119499607861013	0.240606716010676	129
0.054822128625767	0.447578750646659	88
-0.034095253596909	0.262101491027981	117
0.040600653896134	0.278885868704328	117
-0.038408596505253	0.32306788205486	117
-0.069028874580025	0.640734214636206	234
0.012785182021875	0.450953708178711	117
0.056374794711119	0.668899173462255	117
-0.061901576979577	0.449898909397822	117
0.00083818191724705	0.557189534674222	117
-0.012559828872028	0.563156589895164	117
-0.033513459364582	0.602739858478807	934
0.051774457626814	0.916594309134958	934
-0.063553108543017	0.872200694215543	142
0.0767113097741841	0.998498420614167	42
-0.036648133539313	0.250210338396215	746
-0.099251350658089	0.665853946798097	42
-0.051063549603381	0.852932143724082	165
-0.010353032150807	0.943953056364278	918
-0.099752593242207	0.615840780392001	918
-0.078798352977194	0.850348482795924	469
-0.119442141473104	0.154796000151736	118
0.024033243558609	0.254016878298273	118
-0.120886934015977	0.326484848039213	72
-0.043974811660741	0.243556972388884	72
0.120687340892642	0.285030044519046	72
-0.03046939155778	0.901988716969484	928
-0.065370801924189	0.625909228935908	928
-0.119517187462021	0.241091182660645	905
-0.051427467668538	0.427552511425973	35
-0.039585972750389	0.631681207077036	35
-0.078312730561688	0.479899761112618	35
0.06161975796235	0.785869395976949	35
-0.117622302607953	0.4289573701472	197
-0.081945734391606	0.551568591619062	173
-0.089567262922429	0.234048132241471	35
-0.035864312852055	0.255545478856933	31
0.10610005725641	0.185526639764292	813
-0.078486937267725	1.37660436514872	332
-0.038700145452012	1.25092622674674	332
0.041530764855282	0.521808554663088	129
0.116347244672214	0.551897647605442	204
0.075284267771814	1.05412016099714	88
0.089608003666425	0.551924560921988	117
-0.057313014943883	0.337575949535754	117
0.090551178520751	0.906729410323265	234
0.025065570658481	0.831064991589123	117
0.118550719904394	0.794980260791131	117
-0.083075931745644	0.536118806886192	117
0.052901035298159	0.51694615851053	142
0.122613368228644	1.25707927505059	934
-0.0827630853053	0.84601977174701	934
-0.098823377356923	0.648567124538542	42
-0.100446230239426	0.22204751554074	746
0.122626888814484	1.33947014404127	42
-0.021422834743853	0.425698354522389	42
-0.086612755868443	0.633097148077268	42
-0.0736630883128	0.792865308882687	165
0.00169418660279697	0.436705526588132	918
-0.029940997739937	0.981645099044786	469
0.016578610790179	0.723360818764499	47
0.05619140698945	0.643041048320863	597
0.112155200392481	0.186862614587451	906
0.117324240359805	0.193402661278607	906
0.114620547436307	0.193412235224396	72
0.114620547436307	0.193412235224396	72
0.117970624249958	0.573334642544049	35
0.081416094957107	0.803069165358389	35
0.120525044070035	0.289513687350547	41
-0.032051405566118	0.255356512358445	813
0.113424244432263	0.196906484145393	1341
-0.115029668135505	0.159035522596003	1341
-0.046885803776001	1.96107792953403	665
-0.094614025446095	1.65394294094974	332
-0.00754539293091	1.16392162760764	129
-0.042953644558924	0.70846482906396	88
0.052898343048934	0.808538125759231	88
-0.099728555821909	0.473003662731303	88
0.0496442112978061	0.521516089939009	204
0.123362730011915	0.296704590841791	117
-0.00928915181935802	0.502884052837174	117
0.02301393011124	0.521733194220243	432
-0.018833288506859	0.794110586540795	234
0.107965109915665	0.549316657138834	117
0.0577159700625261	0.370212828903735	117
-0.000013774377982001	0.662399003291814	117
0.088367183912894	0.626335350660188	142
-0.055767027319378	0.681924533688349	102
-0.034481100359862	0.56712225046237	102
0.106700637145432	0.538838317766258	102
0.054981256982435	0.52049465919078	102
-0.112639257572762	0.538265689706015	2187
-0.040703756087151	0.43121831210436	444
-0.081233951098902	0.32946961217675	960
-0.05320869513078	1.00266144298227	42
-0.065901648065971	0.751745974834235	165
0.030974144978656	0.512827189778731	47
0.062813256105272	0.371602960096656	758
-0.117639385852268	0.313921365060306	906
-0.109195843682645	0.15541097233699	906
-0.117158469439035	0.320454809082599	72
0.01437571943077	0.356788111137601	72
-0.022371107405484	0.796752931227161	121
0.090521472395901	1.22444294993884	928
-0.035636801135988	0.707482112212384	929
0.014162374831021	0.858349771407664	929
-0.049377017131054	0.489186685907613	35
0.025083051079034	0.266078500559239	459
-0.120183366104645	0.317029084401205	30
-0.06217962674937	0.3295658670353	813
-0.123617092021301	0.15278628067472	813
0.013065809472215	0.660833073138936	129
0.091204595260259	0.702348139679221	129
-0.016974390621482	0.725075554624554	234
-0.112774478846292	0.401241380979277	117
-0.084088523440622	0.46474045922671	117
0.055458232990285	0.591815562305219	117
0.108434629572581	0.753988485839759	117
0.039503445418109	0.535710228237385	102
-0.071133532057691	0.87402830670795	142
-0.035555843445415	0.248705725351474	444
0.0495649821883391	0.647405140125221	444
-0.017714577940058	1.02748275551344	42
-0.088785827982939	0.246854505707551	960
0.024521956539902	0.584470188609533	42
-0.083018643560149	0.701679527068098	165
-0.080489378438006	0.642768606573085	165
-0.031244328972778	0.698392508532348	165
-0.036748207174522	0.701418823357292	165
-0.00871229221118802	0.799215862642858	165
0.024561063173615	1.03485449682987	469
0.118738551631754	0.291147528218627	2259
-0.026004748414299	0.173210247302568	758
-0.036648133539313	0.250210338396215	906
0.10913262081616	0.981386947627619	72
-0.09945283217813	0.335069360994615	72
0.060397916226584	1.03662791964692	928
0.056304324459219	0.349368591211749	121
-0.016294016968604	0.738414445345762	929
0.047511294444837	0.800911586455447	929
-0.114053898665783	0.540110953288111	35
0.090204101104434	0.544730852067561	197
-0.116895292073284	0.316430307923626	35
0.092989929386981	0.56521859866376	197
0.029782877266853	0.572861446115696	197
-0.050801384670377	0.333387746296966	35
-0.085900250760115	0.249403524069688	35
0.013345857207485	0.347507710751129	35
0.024597640102383	0.450663412236478	30
-0.078781760312923	0.455707811357902	813
-0.120914143938012	0.237980638609576	813
0.00850859491825795	1.2887528223168	129
-0.097592519169098	0.586676544414479	129
0.075706228499134	0.826701850791422	129
-0.067324583904845	0.516389155476522	129
-0.062753228602356	0.483456718121087	129
-0.071529989668576	0.33197391968472	129
-0.117802182483455	0.439372631125687	88
-0.115111211321722	0.377645039521382	117
-0.060523411811863	0.567887292520895	117
0.108582471474263	0.790543632356125	234
-0.112468112960979	0.393053435621316	117
-0.079813530367384	0.421248089203326	117
0.0686969484137659	0.543925685410064	102
-0.047339250476621	0.554634049016939	102
-0.122565792724678	0.637128682040914	42
0.059507787674504	0.446946786778678	42
0.0762256848310801	0.897079514409753	42
-0.03246047114762	0.258696078218971	2259
-0.104272381631362	0.315857174459759	758
-0.00149249392772699	0.501412898378979	906
-0.08905263151701	0.241995329626558	906
-0.121535360574129	0.236953263383816	72
0.060574613816191	0.828945802665465	121
-0.021405057031917	0.438240008583534	121
-0.056816482321283	0.339844874193469	35
-0.03330412151535	0.25858089053897	197
-0.085689768316473	0.244899458621137	197
-0.119914374628957	0.237147920705589	35
-0.088023420531064	0.33346864658636	35
-0.105294263139656	0.334251830460795	30
0.059679576414183	0.361048087071743	30
-0.10467242635995	0.39609883381644	30
-0.121575625108788	0.306975598988531	813
-0.088107130492168	0.409288544323007	234
0.055132918957817	0.87292511034934	117
-0.105324010388666	0.438394904153155	117
0.0610223294264171	0.376947253951459	142
0.057949142151084	0.841621297507043	102
-0.06860790721295	0.33030167222016	142
-0.011724800364101	0.437403469615332	142
-0.065979290210364	0.403784548196789	142
0.030918580420248	1.07212262826511	42
-0.081483547989276	0.418774476943725	42
0.045974252307295	1.23962327791916	960
0.092973088504574	0.861149255572632	1053
-0.02626391708412	1.41071043954131	42
0.0193624700128781	0.437824798671708	59
-0.028672253652759	0.333752777696653	165
-0.020636083840589	0.433371638247317	469
0.021819519708962	0.3586792448259	597
-0.032045989283473	0.700020449611401	597
0.110722308492846	0.621947321101402	597
0.044521324451879	0.991398874695122	118
0.011113508497225	0.222661546638557	929
-0.113917144683025	0.158989380567069	197
-0.124730993983615	0.15205286303594	197
-0.050726557941512	0.69958295145399	35
0.124600794772114	0.382661602926617	35
0.051561295853048	0.523677028522165	813
-0.022297521178753	0.89923614439324	88
-0.108746231910708	0.515995441177229	234
0.032676937078191	0.811132409941278	117
0.016217315583837	0.524252960220097	117
-0.036476755907036	0.686534059336617	102
0.035793686901465	0.706598732503501	102
0.109534081615918	0.998548218755806	102
-0.066484010419543	0.477358998324644	142
-0.024986542515778	0.476051707610641	142
-0.089368948528106	0.591726733641977	142
0.019379586495172	0.721502794340978	42
-0.011041286185253	0.500433564003678	59
-0.106795681395241	0.320790149921671	165
-0.00306003633538798	1.07772271068407	597
-0.092518012112215	0.636496753720116	118
-0.096175799574806	0.69160672796596	758
-0.079649225843955	0.483755194730859	906
-0.024227175846475	1.05662173842167	72
-0.044969089432635	0.564819172132217	121
0.0464537115182641	0.439561519373585	929
0.052297390975632	0.343168343702048	85
-0.090809935523548	0.234151296812898	35
0.031525616972725	0.273279657239931	197
-0.056112405699973	0.39087824970072	197
0.03802020914689	0.28102965043577	35
0.013895272504357	0.595339587090405	35
-0.088751619186998	0.239024549690174	35
-0.082042839525724	0.328715952959284	387
0.052858672678452	1.06876689014926	813
0.067855337859413	1.16311292226647	129
0.084042824869593	0.886686711506706	129
-0.026411533161564	1.01684451734273	204
-0.029665582031907	0.505029010789247	117
0.0835541618315711	0.779164941043741	117
-0.100475931575774	0.485304326822506	117
-0.087795012587662	0.378833455757014	117
-0.045666940290648	0.562192295854144	117
0.074028088778871	0.673206790028049	142
-0.110901277723768	0.517887546316409	142
-0.101734530518336	0.489712049807158	102
-0.028674948494914	0.57711337604962	102
-0.094412241995494	0.497898088290834	102
0.052288877095596	0.827693893495553	102
-0.114349587787738	0.396358055767056	102
-0.040892099820179	0.766286863900776	102
-0.058672456656913	0.490234210530134	1053
-0.075362627344225	0.474034873409528	42
-0.043659560875367	0.661667689285275	42
-0.073682279011283	0.625912315914396	42
0.011684071711628	0.953657524297553	42
0.040453240382953	0.895227165251485	59
-0.090010807210228	0.464179541053809	59
-0.063870549617394	0.560346916121147	59
0.105293632348051	0.839665972629998	165
0.013310918933405	0.793589187804023	469
0.021854060244617	0.834588357418168	469
0.0410198936631609	0.879580612434522	597
-0.038796902498946	0.645133393976253	121
-0.023128398807893	0.717310622032567	121
-0.06325795050882	0.413022417324151	35
0.0919035978083	0.546053470881058	35
0.059801321018754	0.448598027263996	197
-0.049498878299536	0.344702636861778	387
-0.074628803336714	0.328660989713172	31
-0.033711489490038	0.259688895617027	30
-0.097258955690926	0.232202412006771	30
-0.072418719412688	0.333665930803088	558
-0.036931455494151	0.969039105323563	129
0.087255694784972	0.474069586783867	117
-0.08369776703179	0.568075292058996	234
0.088883165118705	0.978379539111895	117
-0.060880794095095	0.410827772347835	117
-0.03308212577811	0.499611623056072	117
0.015904134520016	0.653647579497606	142
-0.041589120781126	0.562702322519244	102
-0.043671736806709	0.64867513486311	102
-0.012856618887464	0.567421898695009	102
-0.057859837846201	0.628958456015641	142
-0.00863666583629502	1.09207514624736	142
0.011244307879951	0.99948648635309	42
-0.096641363970418	0.332666599357	1053
-0.040942267112556	0.697374037913709	59
-0.055169454591629	0.546428471841107	165
-0.119623446419103	0.542336057815786	469
-0.093736591072983	0.610147833030113	469
0.010999052471385	0.352937120866049	72
0.042938039719567	1.19788514689094	72
0.119485274319572	1.17637950039489	121
0.00544054577809905	0.730185315150902	85
-0.080118831710617	0.529258658733518	85
-0.110077031669097	0.448156517831114	85
0.045458915843474	0.945093748613868	121
0.062270428864002	0.782281014165035	121
-0.103115636543662	0.334458239216446	35
0.018667845911296	0.437011910982338	35
-0.044153914847865	0.413456674881446	35
0.115099399993318	0.634774409914651	30
-0.054737325214108	0.342046838458462	30
-0.112924505588516	0.49434478111805	891
-0.014394372095722	0.992481561322699	117
-0.032895158555003	0.626617227300249	117
-0.09749480682964	0.450062728124676	117
0.015505802233452	0.682633396197492	117
-0.088433678753762	0.471239671119118	142
-0.054387961871255	0.572980839103118	102
0.087538607251161	0.854098948500941	102
0.054696291560092	0.763046356916491	102
-0.06858504840844	0.637111285690649	102
0.05285446401122	0.953968991028813	102
-0.029961156361469	0.629409241300528	102
-0.054490382047773	0.765053878192001	42
-0.085370621668862	0.918383355329961	142
-0.036331090286003	0.726800393700084	42
-0.050829187870842	0.758872515730064	42
-0.034772642201962	1.04062945184326	42
-0.116530496303253	0.594687037152949	42
-0.093188777377627	0.391256809893798	42
0.021729009679661	0.581142761488774	469
0.080154554214561	0.973157439775345	597
-0.083221086231366	0.418032614095715	72
0.000371974359053007	0.798466224339907	72
-0.06309133476528	0.741316756914487	121
0.048015344161924	0.788244363792857	85
0.109680202736968	0.699405756645817	85
-0.04424935435946	0.646599230628407	35
-0.018967733007795	0.491340681566137	35
0.088637850569427	0.544664762415967	961
-0.123148393876188	0.322180025449663	387
0.03707834658508	0.281889611573346	30
0.082514149727947	0.548931779226627	30
0.024506322118192	0.725739303945766	596
-0.043579730012529	0.348174401238936	129
-0.029129018595479	0.805128718551089	88
0.017304377813074	0.430974782663914	117
0.00111460547986697	0.949359875315669	117
-0.040826351496979	0.467648448428376	117
0.08863030064366	0.704308567999308	117
-0.018716340215335	0.661830114891564	102
-0.039564517411764	0.530866357266705	102
-0.045297331988795	0.497375430051624	102
-0.048431817749944	0.646621827532001	102
0.034105598847982	0.452971697100615	42
0.031205330367715	0.972228584314779	42
0.063543834249156	1.10398402966348	42
-0.112467728385839	0.688530984318108	42
0.123158003013142	0.866968950107497	555
-0.119813489318138	0.456418472539588	555
-0.107780273087729	0.569484693877721	555
-0.053256195413363	0.877449421671524	59
-0.022817140511904	0.887663543155059	59
-0.00657381945493701	0.86520706347642	469
0.116638365759876	0.92352578164057	118
0.031525616972725	0.273279657239931	758
0.057803101355954	0.464483685172156	758
0.091817432436058	0.473890859767007	72
0.0928887004718451	1.21294890658825	72
-0.0502582255313	0.636458321608932	85
-0.091817760591073	0.623672166866589	85
-0.104437835514536	0.540990043834249	121
-0.073164664354369	0.404175244017101	35
-0.019971834139571	0.410046284333377	35
-0.082714489333	0.326448769723782	961
-0.116869743868142	0.15463621317444	30
-0.087768191797736	1.20710618688583	596
-0.042016037673373	0.824320652535919	596
0.027316468039559	0.517834116336129	129
-0.055450816149757	0.72759575672228	88
0.083827239210406	0.547193605046751	117
0.10241025428376	0.840170102012912	117
-0.00661173635682799	0.812232703231236	117
-0.073380848012233	0.623412422064786	117
-0.057363224831701	0.481527134900028	117
0.119389614858048	0.752386185568328	117
-0.116540237689201	0.401024234902904	117
0.00793421559874397	0.575201042557657	117
-0.0947386083141	0.585369571104043	142
-0.069998695547237	0.65335386747275	102
-0.0277811228837	0.638039928225282	102
-0.096489855003814	0.461751950704438	102
-0.014751240642122	0.579108945702717	102
0.10215611432423	1.06455584574018	102
0.00668708320585998	0.659100079304059	42
0.00356557336323704	1.0144916934286	42
-0.072399704876451	0.947026147196626	42
-0.027027946372286	0.557627823037282	42
0.093661496335485	0.542468207517508	786
-0.090827156409856	0.338565437471983	42
0.00274148287142595	1.03303361237184	42
-0.09726789052332	0.834492443391314	59
-0.00211093657741102	1.02221066341838	59
-0.067994798581734	0.757830628659624	469
0.036496968361479	1.04651795103507	469
-0.084146903593407	0.741581207012743	597
0.123131672946217	0.379377194337589	597
0.055800513518668	0.373196959667868	767
0.00297694420554295	0.557053661976233	72
-0.108521230769199	0.456603577903442	72
0.02732959538077	0.795370097817279	85
-0.031106564720549	0.755537619468263	85
-0.110600225112119	0.453387455270382	35
-0.08185096412236	0.407978830511076	35
0.025789413705767	0.589079083288515	1097
-0.06268425649919	0.413402711430314	35
-0.031633406719734	0.171470018787416	30
0.113424244432263	0.196906484145393	309
0.055027636272719	0.363569025457193	309
0.118520039230331	0.190125972241398	1377
-0.079075733051338	1.14327161884734	596
0.027846584579614	0.778184063452928	596
0.025726283106099	1.0353396155231	596
-0.109555831917847	0.464730940914728	117
0.095468139666384	0.608303593872858	117
-0.001849087849014	0.826681454709	117
-0.00863795815379398	0.579325738025578	117
-0.056606165423121	0.332412490086221	117
-0.009174683747594	0.428682663145698	117
0.032684135964294	0.594989779056125	117
0.053537121858337	0.895805133473511	102
-0.124474406887807	0.404370018875123	102
0.032864029448459	0.9679196673281	42
0.00252174352124901	0.742412393475735	42
-0.033470706828102	0.839471027195478	42
-0.025746546867062	0.343870824211032	42
0.042986163512108	0.448024101622874	42
0.101987267813966	0.920410656206301	42
-0.100095492922374	0.310828793169624	42
0.08179794430689	0.44738367834829	42
0.054188091260663	0.950413740951613	42
0.00653864990372399	0.778352362945571	42
0.123321620484785	1.33324728285609	42
0.013702272277229	0.677627579616641	59
-0.099841944431984	0.626276440868823	59
0.0610485162822591	0.891140382199014	59
0.059080638026177	1.15808771107846	59
-0.1143902421657	0.466374790596573	469
-0.048279029622891	0.656328455232814	469
-0.062322076287473	0.559832465223423	469
-0.075383359594267	0.564657905597721	597
-0.017320745840237	0.157865518158765	597
-0.082672386000682	0.249090846200668	118
0.00120241903709695	0.496526899593574	118
0.094972592752412	0.482164370677699	767
-0.086942149400575	0.408843063939604	72
0.082253141751273	0.884117220834089	72
0.016416102376021	0.349466121532474	72
-0.03383051618998	0.256637437310924	72
-0.03137630235518	0.571197569906	85
0.102655472662661	0.619002940209659	35
0.038158943892869	0.280550447234507	1097
0.0361373374144131	0.280874890918859	1097
-0.056938132452747	0.33074116584086	1097
0.086696588512481	0.471382857453484	35
0.061969684522376	0.614689250443015	309
0.117091577182781	0.191477437881795	309
-0.026941064693419	0.17312437604662	1377
0.07149811545075	1.34429716007393	596
-0.085207104421855	0.644995563091189	596
0.103111605500227	0.765077674499419	129
-0.00513596556684098	0.629935221515265	129
-0.117918256775395	0.473588586642362	88
-0.021970771206959	0.437085723724302	117
-0.103937979185511	0.338076880956801	117
0.01236948668575	0.893171662895549	142
0.0170115029593469	0.742517347437595	102
-0.113407920107421	0.4577851267506	102
-0.112749399228971	0.501477919824585	102
0.085854826924664	0.926179372033565	42
0.00364435611563696	0.980889323834435	42
0.098704869675641	0.760230250728184	42
0.065099511762821	0.617385800560386	42
-0.07043633983409	0.643691298561257	42
-0.089571099998909	0.338510421941463	42
-0.066585890332681	0.786911906624339	59
-0.114185552900375	0.729892505081208	59
-0.043035518205824	0.706232834802006	59
0.010223295537048	0.885024091712179	469
-0.022441248152746	0.759132603303365	557
0.040071133644115	0.80599055167075	557
-0.00775375038838699	0.810104817599575	597
-0.056103523720495	0.32843779310843	597
-0.120782251118165	0.154571834731082	191
0.107482404923811	0.64505580114262	72
-0.109678067877694	0.483095740577368	72
-0.091126781916581	0.540549959926721	85
-0.064443381620636	0.405136216213756	35
0.087636622072572	0.561947620760087	1097
-0.052176760603968	0.394718911479927	1097
-0.06843625380412	0.336587727998148	1097
-0.083050718742262	0.417746476401577	179
-0.10432874009098	0.210351389877991	1120
-0.018457868566767	0.495052381054595	309
-0.065135130274056	0.407560218951427	309
-0.116357727082961	0.390145912698467	309
0.109355605235912	1.24415967375208	88
0.110112656183195	1.12211221787567	117
-0.046830163636191	0.738194111625406	117
0.055281970957503	0.801065340632152	142
0.110485556734334	0.92610470192834	142
-0.067350197014811	0.564860949986541	102
0.040256283778127	1.05000464291846	42
-0.10207544156294	0.464383878020111	42
0.078287621993224	0.685205340850529	42
-0.100551447246026	0.463411069270763	42
0.00520078543514102	0.510273210533392	42
0.022223909898078	0.719810249789589	42
-0.000841516640150974	0.713186320064369	42
0.116157369397515	0.693823163100213	786
-0.124866190523802	0.396486744016051	42
-0.023103087875611	0.710418415827894	42
0.062924979467369	0.73837508823269	42
-0.106040431955031	0.455240621024321	59
-0.019138242102225	0.620082533436456	165
-0.111477054703447	0.404772162977761	973
0.046827933365309	0.44409089844177	1944
0.029189319990681	0.452056451304593	118
0.00569248192897998	0.349104865247639	767
-0.042935392416125	0.694756029879358	72
0.118998419774364	0.908081054929866	72
-0.061937418376744	0.471058514409041	85
-0.082239862917327	0.481837913839301	85
-0.090414875380379	0.409681184685426	85
-0.023735452450135	0.566897309986708	85
-0.074414769241163	0.560956963243088	85
-0.108794079223244	0.404373503368375	121
-0.029438608189715	0.338659207096962	35
-0.077661397448783	0.325115368409118	309
-0.107543411054312	0.790737125987755	596
-0.089507811106779	0.525747244819101	596
-0.118390276653581	0.461136031245174	129
-0.00321744871866603	0.635911250552347	88
0.06077161985568	0.777088304944593	117
-0.022963404598344	0.795415992676348	117
-0.07911321421955	0.673135863388155	142
0.077605794062762	0.970175482651529	117
-0.075161889999469	0.456168556284475	117
0.11576827246185	0.768844322980107	117
0.060601475490194	0.743542949305799	142
0.030123159762258	0.754039188723905	102
0.037196064868941	0.874270418956854	102
-0.098163395779664	0.482776890644318	42
-0.115998232757171	0.662637065528221	42
0.00201899317280796	0.912020302818888	42
-0.089371140875831	0.804388442854787	42
0.017972847342526	0.994191171350907	42
-0.113075721104224	0.298310108927993	42
-0.0510830176981	0.42121176310529	42
-0.108134014171321	0.323286091192073	42
0.043750848788193	0.928307260132043	42
0.031614409915309	1.20120407073646	42
-0.097443122348985	0.642661798048152	59
0.0114061354016179	0.845205017116147	557
0.114986056072606	1.38593669016641	597
-0.085515560330137	0.412881368660219	597
0.080284560356744	0.77875167089967	973
0.053203558556874	0.338059233134394	1944
-0.014091330970187	0.431243961646507	72
0.062252797071406	0.794154712587812	72
-0.027146592716572	0.551965417923268	72
0.114037658890591	0.994028267081945	121
0.095678697366647	0.75237378826265	85
-0.006631297931735	0.575644596151547	35
-0.101168351406859	0.403507253964683	35
-0.082004874251666	0.399961604007105	35
-0.113975623340764	0.326743850192653	35
0.114386857965339	0.196766872483384	30
0.027250478892347	0.260939546531781	30
0.00945964050291803	0.410351867365958	30
-0.059971349243287	0.329313682119015	30
0.093758064474295	0.779158515376162	596
-0.095758087596265	0.401315138594482	129
0.012822226472803	1.03790529391505	204
-0.109686656231447	0.399112195791319	117
-0.101331853792342	0.528891577050159	117
-0.073856758993829	0.56919773394464	142
-0.11489920154311	0.460369376161095	117
0.073501737779853	0.665988166194703	142
-0.041002773932974	0.485940963595039	142
0.00159898174880302	0.561082205392264	142
0.084056078624244	1.1488011499927	42
-0.079763267728713	0.644832059049422	42
-0.073752842059749	0.667398462713776	42
-0.073515255770715	0.408514955006909	42
-0.022240321154369	0.260442393691831	42
-0.039376400041832	0.255777882994869	42
-0.033959259609957	0.432372802578296	42
-0.011423916022209	0.925453699801676	59
-0.111769194919383	0.543064630991772	59
0.013061388006249	0.642041075089507	973
-0.080210690465033	0.322070472236666	35
-0.009513949328669	0.418368614834586	35
-0.080323696983992	0.324323230707782	35
0.004790944553695	0.335647534195327	35
0.113964929414018	0.363112353369384	35
-0.081712561355567	0.248638199803562	35
0.0279085161788351	0.27118675285298	30
0.11558299985171	0.19328946789518	30
0.061914269363884	0.363627366542088	1239
0.042485496315393	0.276845260367814	30
-0.11483684587865	0.158057326123059	309
-0.0330272790709	1.8870563882709	596
-0.031533035288517	1.73551648323413	596
0.040506703561605	1.02475299793701	129
-0.120300262187213	0.384573611974632	88
0.014490524539719	0.857957179695839	88
0.099463568199131	0.562149406182839	204
-0.042936448476273	0.494876379737776	117
-0.02046833475399	0.428431461095901	117
-0.013577174516992	0.70671801960173	117
-0.039505407489411	0.507102240302702	117
0.00477728599187299	0.445478070999562	117
-0.012727974613885	0.495884463050587	142
-0.121976353779091	0.384087531343603	142
-0.11102089555782	0.461969919305221	102
-0.096834228557981	0.45913522347915	42
-0.123877839691271	0.320553472806333	42
0.094394989061275	0.553524516083483	42
-0.00252798763329598	0.440666921568471	42
0.122983089974816	1.13702968816114	42
-0.048464914683992	0.638123834277048	59
-0.066818730810333	0.547279087702091	59
0.083377155866314	0.626378103326921	59
0.090769570985909	0.984700323063435	59
-0.028335695174298	0.809965223310335	200
-0.05190069633762	0.720620689461694	597
-0.018694343710533	0.656475984008894	597
0.0274123555817259	0.866905882330272	597
-0.046300348917353	0.235205847177748	118
-0.030472220926235	0.168364280245204	72
-0.112926285837563	0.412831563003593	72
0.0399947135462561	0.528011379132729	72
0.058148488318626	0.899133019766819	455
-0.121494607856314	0.468575847606814	72
0.060923359571329	0.583861961749513	1996
-0.10684982364356	0.383620865961708	35
-0.108381858749445	0.326789400213779	35
0.063846180786284	0.370553802350292	35
-0.123410372895008	0.328906055822102	35
0.119352057595315	0.377910518058605	35
-0.116490366005782	0.153508025098043	309
-0.084751939671948	1.06166819412137	596
-0.119373163892353	0.468864266657742	204
-0.109067488836647	0.625496852005097	117
-0.035809149857915	0.569983301839154	117
-0.081182163900699	0.485529914528491	142
0.047471879336677	0.674790862431151	142
0.0000651483106559603	0.613819296329852	142
-0.090119596592429	0.563679028826749	142
0.022406648331995	0.641947862294831	102
-0.038087015270288	0.560734131024297	102
-0.020356392049918	0.769061373441107	102
0.072094985952222	1.04229099887138	42
0.083843828690779	0.960922703479048	282
-0.021283744232845	0.727598587364946	42
-0.10037214959133	0.481928276053201	207
0.043514483371088	1.16103471763288	42
-0.110247248361734	0.665574161159504	42
-0.08094359090302	0.41821560978218	42
-0.04391278755598	0.500705957956201	42
0.0576041543081271	1.12226602794374	42
-0.048608344242957	0.681696915090679	42
-0.101185004108489	0.59409430878554	59
0.10071707528514	0.784538799771255	59
0.091545240608184	0.690451048921493	59
0.115734309512243	0.992604923273449	200
-0.067293076081162	0.606609348906378	200
-0.109964782148918	0.319676930073481	72
-0.104746665571832	0.457595291179267	455
0.0897306899013211	0.764285998595691	855
-0.113913340180864	0.324264744704603	499
-0.022642611480403	0.420433582287992	35
-0.096084956663871	0.326557411763035	30
-0.000797111977691001	0.333667849016233	30
0.034787077796256	0.592449624005442	30
0.065847422677471	0.374778905693484	30
-0.034140650442873	1.69434597819569	596
-0.03365687191781	1.18363727798345	88
-0.093753716614498	0.871174077656589	88
-0.085762460178817	1.14217944514535	88
0.08171274937432	1.44830086735615	204
-0.112263297058758	0.668305397458845	204
0.037361259782701	0.99535881393523	204
-0.022574208719528	0.633722796687319	117
0.00355682122123602	0.731647070217108	117
-0.122414617331823	0.549766954383855	117
-0.023122994740826	0.685096388390793	142
0.079939330797277	0.677185234420637	117
-0.124233896528854	0.549200576438709	42
-0.070287218625909	0.421284545373974	282
-0.097897076232063	0.804854237398665	207
-0.060962850185254	1.14271066043466	207
-0.07881905470251	0.645792419432558	42
-0.040048751323745	0.826627722149578	42
0.077479767935616	0.914208365836307	42
0.019925298415843	1.14416327050129	42
0.03441721305198	1.15648895672313	42
-0.00528525153764098	0.583911684324779	42
-0.103851584975444	0.403513193640778	42
-0.040052287259211	0.415920405093353	59
-0.062604854723969	0.410842192618169	59
-0.036139037365764	0.458107696327817	59
-0.120163216433762	0.734207101708712	200
-0.092102439522486	0.537458761736764	118
-0.059333550760937	0.609360389032787	72
-0.067578333497063	0.890037515470825	72
-0.075547771905899	0.853578640639631	1091
0.037025137090998	0.601265628903201	455
-0.108554000042282	0.324216659008716	121
-0.04126114240495	0.252932283493306	121
-0.00955791334607697	0.57540277576807	121
-0.026206999586362	0.343117389118402	499
0.011155406055519	0.354566755955649	35
-0.092512981553333	0.476810172149605	30
-0.07654077852756	1.49337777577747	596
0.124297541227757	1.65576702980627	204
0.00871667367863704	0.661201445146553	117
0.089481555085621	0.699902411870867	117
-0.067768184068254	0.59196737191993	102
0.120919128175854	1.05576326934716	102
-0.038364624399296	0.813693716556139	102
-0.117963535496328	0.591078231708259	102
0.066770905507525	0.764940183944351	207
-0.061095118108149	0.822980775569432	282
-0.060391564216546	0.621918167265642	42
0.01262387400308	0.742516679670675	59
-0.113353947812369	0.520577916830443	200
-0.110291558189195	0.478087180490883	597
-0.119147973620206	0.397102490244048	597
-0.11716799814858	0.470558039511903	118
-0.09030868726056	0.564751645897593	72
-0.02361543897055	0.903579664105854	72
0.093744153348826	0.893023505550388	455
-0.075218403511914	0.654295260174517	72
-0.078108360239919	0.394377710017446	855
-0.123805187406416	0.557344761396804	121
0.03599696057629	0.280641498794384	499
0.117070527480246	0.701463262317695	35
-0.076342717974589	0.337111680315763	35
-0.123410481660433	0.304712189881644	309
-0.017724956319351	0.507527251059451	309
0.06175424937281	0.467627237592176	309
-0.028562597870181	1.15345219405963	60
-0.011142371667851	1.20900014529737	60
-0.105503513336668	0.556402988733546	204
0.105233453609029	1.17020722155937	117
-0.089573430626155	0.540581896524344	117
0.102610965702665	0.889993214238051	117
-0.110251589476978	0.384282608810971	117
-0.11668025743255	0.389898572664976	117
-0.123446897541293	0.483634026521771	102
-0.066723963778387	0.611472170872835	102
0.00845190459991396	0.843152903820379	102
-0.070241259330783	0.620219473848099	102
-0.124416635221297	0.387758798556671	207
0.095008392849059	0.962903945629198	207
-0.106506891259305	0.409159179150118	207
-0.102470042749161	0.391697801376299	207
0.091075052247795	0.758422232676826	207
0.048746710338389	0.915387149799857	207
0.000941630041700003	0.993632220685229	42
0.073791837184536	0.905203285016362	42
-0.03661247245825	0.7237919283313	42
0.06420350680349	1.05006469110721	42
-0.107955208484829	0.439449823523327	42
-0.117315111693049	0.57617975239808	42
0.079409886534505	0.972210915053512	42
0.0999121064845751	0.82499330411908	59
0.00623488036783504	0.557428931850947	59
0.124450591720922	0.725554974255043	59
-0.093734769609975	0.626667806067686	200
-0.028104424617197	0.415174006887652	597
-0.04839680617097	0.646917010358807	821
0.011772704746301	0.450819672312474	855
-0.058950558773117	0.32597651553638	35
-0.023164184041876	0.426179427725932	35
-0.11105723582876	0.331237327312145	35
-0.025262029825429	0.555523355885181	309
-0.095763423845014	0.451584967510642	309
0.098504135443777	0.694536732344279	309
-0.12420428844625	0.775943840926009	129
-0.084606534030793	0.788032596178522	60
0.019267856760838	0.984174854467691	204
-0.00168121297358897	1.24658203800564	204
0.024548723496279	0.534060602865511	117
0.063169084904415	0.681131425568973	117
-0.0000121123841619886	0.887808704270155	117
0.070220043714175	0.539298646424338	117
0.099743756113396	0.834029872860644	102
-0.00297796029457298	0.585586100230296	102
-0.050452357747604	0.778948904921081	102
-0.039595924595674	0.628682917421239	207
0.031190910445322	0.829816517304605	207
-0.07208496903453	0.634365001139108	207
0.062071836572786	0.683204049579005	207
-0.080974123137441	0.742998905319074	207
-0.088235928297281	0.484353705929051	42
0.068471561073017	0.994946041298165	42
0.078729078809781	0.759842129577794	42
0.047880800261944	1.08781479751053	42
-0.09121120334537	0.450928790690144	42
0.071567461482772	0.919345838593823	42
-0.064614915764915	0.570278696203664	59
0.0275154526972859	0.675063086605963	1932
0.030664018581726	0.522812752424813	59
-0.109520892484733	0.47216556330048	200
0.031445185388961	0.664344980626563	200
-0.070170621782215	0.629157196254124	2174
-0.054470121778432	0.341085661239085	821
-0.079624304895483	0.406899877205957	72
0.102832989553831	0.821434763614943	455
-0.056920026757079	0.473716848892509	455
-0.102733007437087	0.544879655055981	72
-0.04452660073305	0.531002939239439	855
-0.076077999788838	0.336859876525981	163
-0.074070870479631	0.321240729619608	121
0.091092217791899	0.460375517667608	121
-0.020045024262625	0.341731358825589	499
-0.026002532391368	0.350455728699354	499
0.011155406055519	0.354566755955649	260
0.124160203330241	0.373470754206788	260
-0.085872991915233	0.239613705767606	35
0.092382185288907	0.468667289586907	35
0.117559684536662	0.567683884863544	309
-0.023027397067289	0.335605656042956	309
-0.035864312852055	0.255545478856933	309
-0.007564878423507	1.36671168178696	60
-0.012756540645686	1.49158618198819	60
-0.114263693140486	0.930756437685331	60
-0.118245763352785	0.661908634337964	60
-0.05551456330242	0.84560962829154	117
0.055904486970904	0.879110470661938	117
0.030280473908496	1.09865161370227	117
-0.036078929863966	0.679511479243466	117
-0.040766213502662	0.495322666828998	117
0.118395280122072	1.02890275651079	117
-0.023814306470205	0.565623669174721	117
-0.028586581284822	0.499954951520616	117
-0.095644270236306	0.330274087257854	102
-0.00427206868989599	0.577719922225384	102
-0.030887201772158	0.413553886257083	102
0.05732661678809	0.464148320659727	207
0.0794725809611661	0.699923997450921	207
-0.00480148604013703	0.513189765001726	207
-0.00335305985743301	0.894091926379698	207
-0.074471114159239	0.533985821322999	42
0.0775647733356401	0.99617975046427	42
0.0315717034702619	0.277119068918873	1932
-0.042862142810011	0.534591374769407	200
-0.036138429710091	0.263094143928801	1285
0.118764989118724	0.982368004771782	821
-0.00975446091932702	0.791256374476906	821
-0.057470690294434	0.630126161553894	72
0.108482192523274	1.17147342659175	72
-0.09308498908647	0.239594654442226	855
-0.037897430294511	0.251481456393053	855
-0.108414102799422	0.389894437453536	35
0.0275189519011489	0.444048952619056	260
0.113189776914613	0.191551475973684	260
-0.01916774334812	0.508723375143053	309
-0.093978290452754	0.392987124394201	309
-0.031633406719734	0.171470018787416	309
-0.059665803018123	1.46086404949185	60
-0.07539406570123	1.23510499203054	60
0.088502842093418	0.947427749996092	60
0.084673666362767	1.0620109042428	117
-0.037794645336955	0.591177847095397	117
0.070932784884983	0.902490568288748	117
0.00345706288983005	0.764899728388512	117
0.078123321269269	0.598821331009188	117
-0.068812812017272	0.415733936971363	117
0.068122168086496	0.681501841401518	117
0.12420578198922	0.929313614208493	117
0.123153470340915	0.582411308957833	117
-0.097097088225095	0.555162959613957	102
0.104248669221137	0.737755623864385	102
0.015747787232775	0.513817608539433	102
-0.083392152070381	0.482909899823704	207
0.042292500394313	0.880082823410516	207
0.114133444834414	1.13636838555996	207
0.0963754273952691	1.06905418956172	207
-0.0928513053573	0.558760569011444	207
-0.037641865577554	0.434273104976791	42
0.051604315413482	0.690710403911784	207
-0.09495991686199	0.488145517227244	207
-0.086237656501333	0.477634169276533	42
-0.061058513306641	0.550583713896757	42
-0.081867120658319	0.403586283021814	59
0.119996989162284	0.585620825288572	59
0.039518559418215	0.27767356660876	59
0.121235706634346	0.634911195926544	200
-0.080760056558898	0.335463415013875	200
0.064622831399441	0.527744773497745	1285
-0.030427510374334	0.260444382581813	1285
-0.027770974093555	0.720778877367525	2174
0.06169020687509	0.675040031109718	821
-0.039802753172949	0.502503642198762	72
0.035618360923241	0.535484672652637	72
0.00350541334033405	0.648340095497983	72
-0.090993018810682	0.244319588568816	163
0.013252380793058	0.35486365216303	163
0.117091577182781	0.191477437881795	1345
0.03802020914689	0.28102965043577	1345
-0.012973203705859	0.506225085125658	309
-0.102381481126771	0.333140299923832	309
0.0149830965000271	0.446599559359663	309
0.079449954054695	0.615188694006005	309
-0.012161294679244	0.570216733260286	309
-0.061032490911175	0.321876358917409	198
0.00224913919546299	0.510145979754443	198
-0.041221637233764	1.11667957536981	60
0.040875858878325	1.44398792318003	60
-0.032297693635744	1.60761657983432	60
0.050107859903128	0.963953047197917	60
0.049819840620002	0.820389175420825	117
0.00511861794599	0.713093730066916	117
-0.05588332517353	0.561396974151815	117
-0.115370894080817	0.333684543301237	117
0.0498662473243931	1.2612274422728	117
0.0221518300021371	0.520191907295156	117
-0.070542643994539	0.486609084999485	117
-0.106780583198092	0.494637004048637	117
0.0706056909770461	0.716286555735902	117
-0.122016392526412	0.394844944512248	102
0.042834886523664	0.738994945648256	102
-0.080194533033606	0.547423963690991	102
0.04887129401466	0.454468002921089	102
0.014318763182125	0.355574239351909	207
-0.086332548634725	0.675945092231862	207
-0.12489623395617	0.591841655761829	207
-0.11200811430285	0.636015214393029	207
0.104543386560672	1.27469999385515	207
-0.061940147838882	0.543397782101251	207
-0.030581241557098	0.263823292895595	207
0.028224416915682	0.447425717358207	207
0.103913658482269	1.40390178367266	207
-0.00790232911434402	0.658377478135287	42
-0.020567260480319	0.432500131167942	406
-0.079652373957639	0.246674496835509	42
0.038509489323789	0.64425107890246	59
-0.081121471124233	0.47603105077896	200
0.116138883638009	1.27739652693101	200
-0.03073526591892	0.263600768269419	1285
0.019945216068641	1.17359508114728	2174
-0.091465568942614	0.685305587637535	821
0.089968476670822	1.07499292221313	821
-0.093306094698513	0.471548941011465	118
0.025410045047175	0.65224613996155	72
0.00787655908416696	0.673596074921421	72
-0.105018726536632	0.405926050507469	72
0.04026327461288	1.07259962564979	72
-0.03111667703495	0.166763104716958	163
-0.119832952954004	0.155498401648501	44
0.120362797660784	0.284549863812385	35
0.119394248330126	0.575490143256859	35
0.087872079137462	0.526584531812588	309
-0.076402290554602	0.542190025932328	309
-0.098329192290638	0.488182719146405	198
-0.022984857761346	0.646771084703468	198
-0.121740664919515	0.385658728361956	198
-0.039204967190035	0.622854026919786	309
-0.040146450684761	1.54766437388766	60
0.038735303876085	1.56065821910895	60
-0.053571570650194	1.50034626664729	60
-0.043729384036004	0.727353676284325	60
0.00664614576418798	0.635776740977518	60
-0.063912884680331	0.65854305211445	117
0.015168648731818	0.770308170168353	117
0.115886873588507	1.39109054917664	117
0.057602111383468	0.448591843635246	117
0.0400780038788811	1.07969717334671	117
-0.001084033165411	0.831100574108638	117
-0.048364185829523	0.590570378008702	117
0.043007804698029	0.608403387278201	117
0.088015523781355	0.888918317260878	117
0.063855086548234	0.461505788117046	117
0.021108948312407	0.65789101120273	102
-0.08018554873993	0.602874597459731	102
-0.013652247860668	0.566628349225791	102
0.104368367936714	0.63443591385649	102
-0.0576932015281	0.626823972174071	102
0.028193417385539	1.05742612335838	102
0.037173360773136	1.05870972700239	102
-0.108296434092592	0.444851551188371	102
-0.012046504085864	0.560737842723126	102
-0.057651687925095	0.339746343892839	102
0.045170760501857	0.724923110177147	207
-0.110229913437822	0.329323204041862	207
-0.122457861084898	0.237930219996186	207
-0.030105261851402	0.570248571947691	207
0.016138260965648	0.60192269130665	207
-0.053189060808741	0.326785918816666	207
-0.11987726711147	0.327983285367313	406
0.0279085161788351	0.27118675285298	42
-0.070772557675799	0.336041480224665	42
-0.091939543579801	0.336972978316121	42
0.11558299985171	0.19328946789518	1932
-0.112206130962812	0.152396198958489	1932
-0.113804817979241	0.240416604005052	1932
-0.030697961258055	0.172406008891331	1932
0.079348452049249	1.00169366994502	200
0.091133113779325	1.01037870506937	200
-0.080613054585276	0.248423584497324	20
0.024400204892477	0.986960527957029	2174
-0.00988331608852899	0.504825692094978	72
0.089699434426746	0.832115882828705	72
0.100273042455035	1.17216631169499	72
0.120308307631372	0.381588423854676	72
0.0893853657268	0.474129644627509	72
0.111988355737879	0.922669098043315	72
-0.037897430294511	0.251481456393053	855
-0.022243461340532	0.168392895253044	855
-0.050811403294707	0.332667099479922	121
-0.029762377831703	0.17154020454886	163
-0.021306303192846	0.166453523752157	163
-0.022465653061653	0.165655770699995	260
-0.023180492102258	0.166024324106705	1656
0.063376418365553	0.623513687800941	309
-0.064128816515353	0.473389857816395	309
-0.010086791299375	0.595027661649658	309
-0.064753290070429	0.640943263426094	60
-0.116585976477207	0.68987780157233	117
-0.122799723931444	0.669294890977675	117
0.030038691549494	0.787361949355771	117
-0.097389049350723	0.517450948942791	117
0.00397229239872898	0.58058293831078	117
-0.059978148954296	0.73552227386284	102
-0.087682628201982	0.467418294394773	102
0.114007427596904	0.765842196361514	102
0.089525747096985	0.550615253775481	102
-0.090465281773058	0.474852421975885	207
0.025146727543555	0.906459996989236	207
0.02915883749472	0.981466465450914	207
0.063753801460832	0.372023406743499	207
-0.00474976185912501	0.516363095951091	207
-0.104502725326388	0.468184081210554	207
-0.085780659375516	0.417250039497282	207
-0.115775362163212	0.602707099123411	42
-0.00325563446230098	0.503500357689569	406
0.063569169578911	0.361490896052894	59
-0.042134200986334	0.714787719534596	200
-0.025660764436058	0.348288828373241	20
0.000903309182281986	0.914944966591408	72
-0.00518702958008399	0.970607048515973	72
0.00404774850141598	0.512951959451483	72
-0.00519119702718701	0.649500002377772	72
0.066668915062859	0.457957164379269	855
-0.123501931728562	0.407588353044194	121
0.104442825675796	0.850843788916111	121
0.032606149685276	0.274479008329777	163
0.0554896169267241	0.356857885702845	163
0.109223048028181	0.189904324641206	260
0.039377371922016	0.274198184416362	260
-0.052151082329139	0.48289587721946	309
-0.051378141310879	0.410191160274351	309
-0.064529608297176	0.318861211891389	198
-0.010063446394173	2.31143264127621	164
-0.055327998601906	1.50037200517761	60
-0.063225583297632	1.10918387339206	60
-0.10413094838353	0.866690858868111	60
-0.094386879661659	0.862169839996647	60
-0.072701655606277	0.777690404194906	60
0.10387801736537	1.06527962353809	117
-0.042486871170767	0.604104363361688	27
-0.048322069092631	0.388771301476156	117
0.0899039558860451	0.559486475846078	1621
0.091227801920055	0.674661335229558	222
0.110742242947961	0.917425981821921	207
-0.048141808522984	0.765269605087378	207
-0.056348270408256	0.424759801567502	207
0.06185478890964	0.512155861629328	207
-0.085618559023872	0.481629455328739	207
0.039317368140611	0.579202080874005	59
0.114058852034928	0.54479886493611	59
0.00797244587166002	0.716313077324741	200
-0.084908923001718	0.41500871106662	20
0.0352048667520281	0.868408152100534	20
-0.08344211454923	0.561509923989767	72
-0.105390547241635	0.587745298483333	72
0.05654558570695	0.966070000317646	757
-0.11916062260225	0.603118430606285	72
0.014017473665482	1.04315076834384	72
-0.021405057031917	0.438240008583534	121
-0.05265936551894	0.340972574973297	163
-0.124146222605935	0.22268881301251	163
-0.031947062113331	0.254397597648476	260
0.028458853959854	0.271748940825731	260
-0.00770702942397899	0.435695212528987	198
-0.067109633661445	0.475821165501904	198
0.091408185744402	0.636836834859337	198
-0.04674641316502	0.477362423101116	198
0.013192503215873	0.363956784613941	198
-0.072515513576674	2.2870238783988	164
-0.018061814336916	2.17947423577481	164
-0.062693798528359	0.873471093335166	60
-0.110111295587476	0.470510079345751	204
0.0468657827332311	1.00328902684698	117
-0.106302591758414	0.670256469719341	117
0.07744859343189	0.837986611450241	117
-0.115050134035156	0.315071563771867	27
0.00431817815929803	0.511592001757486	222
-0.099097558666937	0.408673709053996	222
-0.111398072878102	0.472078356813791	102
0.01209840078564	0.589189847909861	102
-0.057871042896363	0.60953839526263	282
-0.104502256726315	0.394513232779598	282
0.054007126108587	0.363642240916583	207
0.057005350394331	0.53536808978315	207
-0.075481476237328	0.49920004837256	207
-0.109989062352315	0.402352951400911	207
0.031659995047949	0.656296619357384	42
0.0939990952487591	0.83104452630152	42
-0.048865342502516	0.337531421451244	406
0.067536903260216	0.532511751920637	42
-0.104344735226474	0.558391827458445	42
-0.111855465507154	0.493870252355457	42
0.059626077909796	0.368740915580363	59
-0.03246047114762	0.258696078218971	59
-0.084850520792493	0.241505655123289	59
0.012260687101933	0.343538985658489	59
-0.092964309945514	0.237071643340194	172
-0.040748271376788	0.250835629625975	172
0.116218464694014	0.633580554798864	200
-0.109165614965487	0.550112187750757	200
-0.046832651820225	0.766483489297322	20
0.021332098616324	0.772270015451818	72
0.107474979586433	0.920858245346136	72
-0.034764770646618	0.554835983050655	72
-0.03349338926673	0.617569959402425	757
0.076341930870216	1.13164778880592	72
0.058901833923391	0.375446492218165	121
0.029545706193062	0.451181916683966	121
0.079874557902786	0.763321013327539	121
0.055708065202325	0.371946274222555	121
-0.036031307961005	0.167171963867372	163
0.044769033353108	0.258084239868848	163
0.060719691375773	0.370440250927995	163
-0.11483684587865	0.158057326123059	2027
-0.119831466488934	0.154713490816514	260
-0.112725460424408	0.241076538917937	260
-0.028101905929072	0.172248824776702	260
-0.016636310163111	0.479365917570573	198
0.092060993057542	0.541168313565416	198
-0.09048681846709	1.05715282946505	60
-0.111280479428089	0.411184915800752	60
-0.105483644855535	0.562092225163171	117
-0.022619102002476	0.763216702442129	117
-0.093373940606144	0.446576006032131	117
-0.119098686229073	0.500955020846921	102
0.00812795081297901	0.626910142387861	117
0.101767289006693	0.626830349193923	102
-0.115981289276368	0.432515162896195	282
-0.000400904377758027	0.425010014354753	207
-0.09095718754274	0.227767252784462	207
-0.083490389402948	0.245950130466365	207
-0.087824757734912	0.249045652480783	207
0.059380650064226	0.458523984220058	207
-0.073381634978671	0.340188547915205	207
-0.035051427716108	0.629126408496891	207
0.00950720627697999	1.04650458357466	207
-0.116719252950745	0.73714342749661	207
-0.030691453813791	0.417158358792459	207
0.024295291862055	0.669474772936607	207
-0.00803215775020499	0.805847492629874	42
-0.08932144017818	0.364307769816736	42
-0.033248611260882	0.564230611352982	42
-0.019783917403569	0.504295498674803	42
-0.101400238118904	0.647137628162306	42
0.054677908739898	0.336991339078125	59
-0.032279168225838	0.168821825444316	172
0.050991324911307	0.358021388472881	172
0.015459089445257	0.352371878126443	172
-0.121347283970398	0.659991967016651	200
0.114914632072481	0.272231057962089	20
-0.078270327002527	0.721827240639607	72
-0.074071789329426	0.884040627558783	72
-0.041417955869318	0.253821464100031	72
-0.099555783989003	0.320031489527308	72
0.053762881013866	0.363577243298973	72
0.020761492753912	0.592555333700392	72
0.115893246935965	1.0966447475199	72
0.00749992068831096	0.880926761062692	72
-0.040048823568962	0.424012129248296	72
0.033685894691683	0.273236606657624	121
-0.030923867843503	0.170672728303269	163
0.030486595207963	0.277476941440281	260
-0.025254533489602	0.643166081129759	198
-0.028550946175509	0.712063498166141	198
-0.119995351584273	0.233335579498806	198
-0.018581956866991	1.73122272109468	60
-0.09588804580338	0.805219672054452	60
-0.10981386169524	0.980616907991893	60
-0.085243735814209	0.981265851965483	60
0.061656294890403	0.613105650352692	60
-0.035744279610867	0.784589848356978	204
0.095268009377275	0.918418191671119	102
-0.091699182565347	0.236932574035277	102
-0.093106702929767	0.239981175438549	207
0.121253822103902	0.276436813223782	207
0.101934433073056	0.470546450805661	207
0.021022937864328	0.564178844044158	207
-0.051073743642421	0.936094716271845	2018
-0.00707895593872199	0.917983449549428	207
0.051625467702122	0.437876665780858	207
-0.108381858749445	0.326789400213779	207
0.063723597191372	0.370563585660478	59
0.12458008415515	0.295991514205969	59
-0.123452667543045	0.150419449517037	200
-0.026228582411142	0.169309262792355	200
-0.114107214771188	0.556180941586106	200
-0.112805391761398	0.156103339795899	20
0.058425096130828	0.523818616212632	72
-0.102222656982236	0.48291789201414	72
0.117341617964111	1.3349528943776	72
-0.115298770951647	0.883187089317896	72
-0.047818430125251	0.492735578211172	44
-0.079790555909091	0.243529555869516	72
-0.016841044459197	0.502821664258676	72
-0.087933896224365	0.237882895748974	72
-0.123452667543045	0.150419449517037	44
0.114620547436307	0.193412235224396	312
0.113424244432263	0.196906484145393	312
0.11222700194726	0.191668178247491	312
-0.026004748414299	0.173210247302568	33
-0.113917144683025	0.158989380567069	260
0.081942211055553	0.754332622593773	198
0.11066008548054	0.341813162041085	198
-0.119442141473104	0.154796000151736	198
-0.082532061636879	0.248069462017808	198
0.12458008415515	0.295991514205969	198
-0.082761714595893	0.628324445225242	198
0.038533518032449	0.873323275534274	198
0.049648636488664	1.16101827482782	60
0.087821908630152	0.989817110977402	60
-0.054470121778432	0.341085661239085	102
-0.119442141473104	0.154796000151736	207
-0.028101905929072	0.172248824776702	282
-0.035194670027418	0.263221606787364	207
-0.111255712669522	0.155222832900939	207
-0.107021580896544	0.670526248495807	207
0.123159759155275	0.189003897019626	207
-0.11520774815171	0.156788239945187	207
0.010069482745279	0.343873220621439	207
0.0629046598663821	0.366293685698554	207
-0.00501167801791203	0.496021773359114	42
-0.078427059230454	0.654959932702743	42
0.0341160925509429	0.27653079737848	42
0.066816740509465	0.618260884167233	42
-0.030697961258055	0.172406008891331	42
-0.030869921336524	0.262064699624841	59
0.121497555697188	0.294186995646019	59
-0.038887750673921	0.749223230719524	200
-0.071273959635045	0.489558198047962	20
-0.104117387312471	0.792299445940257	72
0.114620547436307	0.193412235224396	44
-0.030697961258055	0.172406008891331	312
-0.025781081564536	0.169985097303077	2027
-0.123754859914586	0.320469785919793	210
0.09286679414109	0.991633257962385	198
0.038777979095081	0.423892798735646	198
-0.038167392118696	0.501574805066558	14
-0.123101476949206	0.880706136409915	60
0.08246147465738	0.549365513530192	204
0.117136767401375	0.667009558091762	117
-0.091720708344046	0.309805098434327	117
-0.054172946827811	0.333262986162568	222
0.066865130602631	0.604922957290797	222
0.00443544870997703	0.57252867491859	222
-0.023966526343824	0.250488142357453	207
0.110865773433959	0.64120681079315	207
-0.115099330742631	0.152123177962076	42
-0.085230065599723	0.555411212889883	42
-0.010857014395356	0.506435323570119	743
-0.027987679165883	0.3404843657219	42
0.058046544079023	0.603369186927189	42
0.088235579331743	0.463090843181711	59
-0.028101905929072	0.172248824776702	59
-0.115949719548467	0.158098750853136	59
-0.032795452868437	0.170598242060832	557
0.112462015594194	0.19254900802788	172
-0.02979338399131	0.26219335392683	200
0.05566356613903	0.690570582954443	200
-0.030097865105671	0.978852896430322	20
0.00298740219975102	0.593879977106377	44
-0.123452667543045	0.150419449517037	44
0.060772089904417	0.357782185860236	1859
0.0529103530413571	0.362011060629138	260
-0.038053917631353	0.249620272037487	198
0.061628682598343	0.370602661446621	14
-0.000197754101933012	0.867158070955835	213
0.035558411809511	0.809585618671502	102
-0.050324166876528	0.427413141122508	117
0.00626557367307201	0.617425063997592	102
-0.089483970528673	0.339161560120215	207
0.030716626649939	0.677855279641715	207
-0.018578761784544	0.511138161130746	42
-0.119832952954004	0.155498401648501	557
0.022522871476896	0.506436396516119	2149
-0.111412415793556	0.454128211668126	20
-0.097266303636774	0.581803142934226	72
-0.121319314731082	0.397475707799652	72
-0.052503815276891	0.776789263250602	72
-0.04995364739926	0.344131128204177	294
-0.087833587266738	0.336758997313907	294
-0.080583747993043	0.248444301096249	44
0.0392387535858521	0.274443231722855	1098
0.014289618745857	0.522167517247887	260
0.064989668027602	0.619439550383052	309
-0.023985732385016	0.556593859169249	309
-0.030064608741725	0.63381248757535	102
-0.116093540601143	0.394091855711603	117
-0.107318466734194	0.397696566317691	102
-0.056410850156731	0.475463826062738	102
-0.05425572186921	0.424552020760678	102
0.122851040909284	0.871992894167458	102
0.00638238293732096	0.809360087397386	102
-0.00267687616954898	0.592233314453467	42
0.033897489515746	0.58702967299423	42
0.0322052799239561	0.79548529012425	42
0.088195972515316	1.23740197349349	207
0.120373496702124	0.540955470908849	20
0.098366201478777	0.671741916314121	20
-0.085969113286554	0.402033552298823	20
0.110518198834154	0.709013903780294	2149
-0.049927047856123	0.492510578049489	2149
-0.112216332468583	0.790577132516913	1945
0.091078611906405	1.04175250581367	967
-0.041390151597658	0.487265935872564	519
0.056891952337748	0.528579612351665	44
-0.083772614651478	0.247816368239044	260
0.052962418957655	0.435988147906669	33
-0.025349814761377	0.433832896565013	33
-0.104851010583021	0.525104845539523	2057
0.030877317392993	0.584523013725587	2057
-0.124900486243733	0.230525763907529	2057
-0.069909784233341	0.398023001890647	14
-0.074685661711277	0.412910915775463	213
0.054141670441727	0.881164358561361	102
0.064139930841294	0.810270529568333	102
0.028762209473582	0.607317549983751	27
0.105018621216579	0.706541106728575	117
-0.077827264030646	0.475655622869352	117
0.073266529993446	0.630905792128048	117
0.024114064144355	0.59343532908571	117
0.062974238991198	0.676616442685134	102
0.058596352248307	0.542564892705446	102
-0.119080982326347	0.46357913936556	102
-0.123021189334267	0.470164679529194	42
0.064105873948514	0.68592720166165	42
0.00377379627857	0.43279517561706	42
0.102381236005706	1.30431236309537	42
-0.035281861829321	0.538626437908223	557
-0.00493327723334902	0.812616201537369	20
-0.10968419781081	0.567895757837053	20
-0.067779264377718	0.637223171191517	967
0.087811036292721	0.471401722618162	72
0.045342982376938	0.599771499270492	44
-0.12316733270317	0.320177824768694	309
-0.037897430294511	0.251481456393053	14
0.095274159524758	0.83521861345323	213
-0.076713602526719	0.396515794774224	213
-0.07118863364648	0.6163071906951	102
-0.116998705265847	0.532331024509509	102
0.018005736309462	0.513901997144458	117
0.120980780562151	0.654605150774369	117
0.067499431320044	0.522575671763796	117
-0.044863177140575	0.414566703454024	117
0.119468000169612	0.795608128566983	222
-0.123289212604511	0.404000612537539	102
-0.030743147576671	0.542037877941513	102
-0.066628197822821	0.475967290637933	102
-0.023731548652895	0.528850450674583	102
0.092306356026168	0.818475558119406	42
-0.111490815908231	0.489257616218439	42
0.00648436509152695	0.70871407987315	42
0.083253779354064	0.770123438755215	42
0.01741448717746	0.589566339917313	42
0.122399685362256	1.09509703908821	1462
0.058716741174583	0.733894681559442	557
0.032112669713703	0.525415593547808	557
-0.03499949837306	0.794698717001301	20
-0.115178316061855	0.332062252484457	72
-0.074629575302523	0.245388086086177	72
-0.010795334161694	0.345520068456953	72
0.11002504925	0.829094517408714	72
-0.099544953171267	0.614727497496808	72
-0.002224415173535	0.785128495242801	72
-0.113608808825663	0.450826333726766	678
0.075384296914038	0.699614796147935	519
-0.115566528443054	0.314228081333563	375
0.079268082680754	0.60623231440331	375
-0.096899395897891	0.538016077107748	14
0.041031948881336	1.58804490243941	213
0.063031261933404	1.26757845913947	213
0.072096512984538	1.13704491296506	213
-0.109701367119332	0.857614387759141	213
-0.032747736646156	0.787820135399743	213
-0.024432097000321	0.500157157971413	102
-0.050085204494354	0.412732360183764	102
0.0182292407397801	0.589580196937972	102
-0.042210865779329	0.496351272440587	102
0.023134287025145	0.599504524373049	102
0.069930764458691	1.41799198141111	102
0.035083890512784	0.272944426523539	42
-0.034701494644784	0.425647174069053	42
-0.097714321953255	0.488984804712191	42
-0.103454485273922	0.640856682463321	42
-0.026924772983415	0.42428364979135	42
0.117080490906756	0.537590635528045	42
-0.121045401118173	0.618135079301674	59
-0.094437773764698	0.326333340695103	20
0.050677383943838	1.27921830800244	1945
-0.08491186600712	0.237659553489604	72
0.116267287445787	1.29377168679057	678
0.070055644507208	0.3725190922345	519
-0.11779717170351	0.155234781121437	519
-0.00541804067863799	0.433259956415186	375
0.034939101163713	0.527996411371149	44
-0.00107453512578898	0.653358444245406	309
-0.116704113782691	0.729950110498045	213
-0.033706768327099	0.465635991133331	102
-0.03440398192034	0.500857592632512	102
0.110104084469148	1.09378822893279	117
0.092686003403332	0.480731683280379	102
-0.073626234929734	0.717686669466811	42
0.011499721435289	1.39030575353976	42
0.0562640843466919	0.611311625547292	42
0.120813393269344	0.610356695308874	42
-0.014532716120196	0.434714381387649	228
-0.081005469930993	0.402491264658767	228
0.020185552672244	0.442266814949869	2245
-0.037238424898803	0.261845882088017	2245
-0.028285174355188	0.2598426705918	642
-0.078525452978011	0.249877191935132	20
-0.109676456835618	0.239852551755828	20
0.10695519811396	1.65587980872767	1945
-0.053174349611382	0.762475611731116	271
-0.123930790220221	0.722383057497899	72
-0.10674531105703	0.804473163203767	72
-0.054323936070363	0.337292106301012	72
-0.054247069833242	0.397306695648712	72
-0.070471558745111	0.325672929581883	519
0.123023079409335	0.388622025486164	519
-0.090249316674375	0.237800428428757	375
-0.02398155175901	0.346387422455365	1622
0.032259266880763	0.260101814411361	1622
-0.109309442878447	0.46285719615553	514
-0.061559893074772	0.448713404700837	484
-0.07968665214746	0.64872784833619	14
-0.039281509541903	0.256674625285424	14
-0.111205771615565	0.912976005099935	213
-0.020893848265079	0.685253419815624	102
-0.077851245103257	0.603900019013548	102
0.043669729108291	0.611986093985468	102
-0.06927086792807	0.576242592105145	117
-0.01474064937029	0.503851915265256	102
0.014550136125156	0.896001136344687	102
0.051290746549714	0.439483771597389	1144
-0.05507118824417	0.493326212030644	42
0.106820419321552	0.780421375977134	42
0.08194500677038	0.546336182560472	42
-0.053893687107301	0.394936787066799	42
-0.040514359197848	0.917195292841196	42
-0.00460039197226098	0.711459498721225	42
-0.039241564346742	0.644756784260306	42
-0.012292912468924	0.436507899892629	2231
-0.058814523398391	0.333397893689684	59
0.07917215250393	0.551667929765977	687
0.0610223294264171	0.376947253951459	687
-0.043732670000709	0.409073820407861	2245
0.123144813834826	0.375999927858453	2245
-0.114272499196106	0.586174242457066	20
-0.028278067889626	0.348469725020478	20
-0.101952088080846	0.578387866023917	271
0.051996185138411	0.361730783036252	519
-0.080534170159876	0.336817356934106	519
0.091988348688595	0.566273586106094	216
-0.036958708633328	0.253499364130823	375
0.113982854116363	0.272967293347651	1511
0.065320157860887	0.542999163628561	1622
0.00568295934499596	0.636272399412458	210
-0.065400023395709	0.553802787347457	210
0.100365459857055	1.08235131197409	1028
-0.120570157941521	0.32458841174563	514
-0.01129864922725	0.772912450076842	14
-0.024134912547892	2.27250951329757	213
-0.080703511888874	1.21335055201697	213
-0.060834420836051	0.859019198572014	213
0.121746798534668	1.29109105347923	213
-0.10367779064382	0.982588300664541	213
0.053696458453539	1.13542966838224	213
-0.114590763181061	0.391407382820586	102
-0.021448783568009	0.404954686830202	102
-0.050852639946931	0.527234896015765	117
0.0789679497140931	0.634058794222293	222
-0.093213684091415	0.560729946434629	102
-0.02125270945175	0.649443068973011	42
0.02321637941754	0.532445098189191	42
0.078427922051866	0.446644353126707	42
0.017466077619534	0.363555469661436	42
-0.102262340406532	0.643098405241595	42
0.015190696522264	0.527648834972224	42
-0.075714397642823	0.474466101757408	42
0.041457175343763	1.20312205598251	42
0.028241273075699	1.3463202446559	423
0.023731537358587	0.49563670353992	228
0.0315717034702619	0.277119068918873	2245
-0.028545791444855	0.26219452850155	642
-0.086487027417094	0.910689539048505	20
-0.076606164493116	0.248786813570319	1446
0.0579898398418091	0.370643678546747	20
-0.108104171135209	0.543500431939703	20
-0.00677930809990601	0.978391908449482	118
-0.026381823478926	0.946506077209471	271
-0.105731320351519	0.535981025200277	271
-0.07371597720183	0.661181302313072	271
-0.042119141247224	0.723573129308266	271
0.042639834307694	1.01366731699043	271
-0.120888556973964	0.494647812694914	271
-0.025609157365769	0.753015327348427	72
-0.084023223235733	0.720910853988008	72
0.023182604219574	1.24216831217673	72
-0.054890137172507	0.883516197847324	72
-0.005354396575455	0.437020731558642	72
0.057807202572112	0.37512591988052	519
0.068120512017337	0.360232252695523	519
-0.115195916648036	0.240272456222347	216
0.11792580462795	0.378400648818341	1511
0.058059274538916	0.674560971317529	1511
-0.120521147264996	0.398414270700376	210
-0.079224428940738	0.600482681221939	57
-0.00177626573648099	0.610554515735855	514
-0.051311632136202	0.641775232282341	1028
-0.019895201756562	0.783725157881123	1028
0.122654534044813	0.881903195409779	213
-0.063896237162896	0.734871874563542	102
-0.068584042010495	0.4689258897014	102
-0.087358253764578	0.41328679153368	102
-0.05619421278413	0.426618494443396	102
-0.051813106971783	0.544338489105622	102
-0.04262612218116	0.619145786842378	102
0.054956270724469	0.68997630200315	2035
0.07182761072486	0.847961011740587	2035
0.035052283084925	0.533137841282077	1144
0.049634725979639	0.906423276221261	42
-0.024474652369572	0.70207308105884	42
-0.027798396165524	0.504562262008753	42
0.018906048878448	0.587071855983945	42
-0.016570207067747	0.432752884041832	42
-0.058629774997608	0.494839050637599	42
0.0570612900415149	0.872045068644859	423
-0.044470486619435	0.638436568986849	228
0.067522605411192	0.745492061568683	228
-0.021117721479949	0.42945968985901	59
-0.052389884031742	0.346052819533149	59
-0.001301014686163	0.482361489515928	642
-0.120730463607835	0.236568886343671	642
0.048718595487541	0.444373475006785	20
-0.064993723624601	0.340561721208592	20
-0.055567760571216	0.809956246942529	98
0.103872952229563	0.632965389911441	271
0.120347321436389	1.1026416245913	72
-0.052448181762547	0.491086911396683	72
0.10533996131988	0.836873919256146	72
0.092732685736861	0.477894586030084	772
-0.022204322145119	0.494005194732706	484
-0.11582849317124	0.322120886457047	14
-0.034811203148248	1.83130094738055	213
-0.116509451755507	0.792321952611167	213
-0.043851614109137	0.688682413573156	102
0.0312826215647331	0.670138264922812	102
0.062131462362627	0.745278260268069	102
-0.106990156831629	0.596068069164625	102
0.0370126441027731	0.590771518339472	1144
-0.052824149687837	0.83769023203401	1144
-0.021905070608366	0.695000363656604	1144
-0.092401414090183	0.556749556682607	42
-0.117814399164504	0.621041917648539	42
0.058922351596014	1.14684685071667	42
-0.037854951473878	0.892955818828004	42
-0.026040851307842	0.730920260188143	42
-0.010182729694288	0.839024838282126	228
0.105620040033662	0.905536931274395	228
-0.039641488059064	0.785670866453942	1462
0.055117661423669	0.536832304323397	59
-0.066587480154759	0.494775665415739	20
-0.046500620951927	0.804317648949842	118
-0.124650110090519	0.449007785112722	271
0.021651147239597	0.703211551053632	271
-0.017399695339082	0.651093420393948	72
-0.00438250909459897	0.520865324963816	72
-0.087969246551624	0.382126334173498	519
-0.113550191356075	0.321130277911281	519
-0.023288303013271	0.51099575023269	772
-0.014841092226078	0.490104474104243	772
-0.116142963172164	0.157379428819766	210
0.00851595856530396	0.581270452790451	210
-0.100818380192415	0.322544937623668	210
-0.06917807985532	0.324488049840851	484
-0.081160091826592	2.1796503934553	213
-0.084485071110905	1.89854166604268	213
0.039947896876026	2.37344456293081	213
-0.092121129612954	0.712705138283412	213
0.039674413487398	1.00462943244553	213
0.061697965266474	1.09058134271394	213
-0.116633167472739	0.390264612205652	102
0.052678748684546	0.590489539754397	102
0.124642347696887	0.864607687747542	102
-0.055460770752034	0.525205768946825	102
-0.053593390396666	0.461286846225618	102
0.055586929764046	0.718125830099512	102
0.062055603917123	0.674559103341722	102
0.082296518155044	0.954540968071723	997
-0.055692478516319	0.645743109563948	2035
0.042789428319526	0.826044664483675	1144
0.021387329889424	0.589027501291944	42
-0.081628271183036	0.491748683192968	42
-0.123122933479252	0.402465180034353	42
-0.08484618465428	0.391404304716356	42
-0.116917486909655	0.505004442113404	228
-0.121561147969282	0.451735504717715	228
-0.049572238917541	0.57351296950415	59
-0.119351632278467	0.332263931509573	20
0.066240651342626	0.616367439253101	20
-0.057246528253895	0.564287867082455	20
-0.096188329893796	0.331945019568725	20
-0.03309839552975	0.435097902672712	20
0.00345007511748896	0.631065669621312	98
0.085742284394299	0.839828197314401	98
-0.083416676169152	0.613949867593045	271
0.00646392506872395	0.447584512580798	72
0.06007457823388	0.679299040582598	72
-0.112058771730837	0.330356392120195	72
-0.022722842978465	0.500355959070489	72
-0.082144015933289	0.473505576811133	72
-0.099189870890286	0.325250365971582	519
-0.05489325917284	0.487676933901254	216
-0.036665621675054	0.43588242449768	772
0.049016184576632	0.448256330321774	772
-0.096746441710052	0.316303597948474	772
-0.12151433659243	0.230164754479449	57
0.094923890056807	0.481732131413133	57
-0.097896599453946	0.328584869386122	484
-0.017676171801536	0.439795884712834	484
-0.085455094538212	0.238229246921231	14
-0.00592207459758098	2.147718623066	213
-0.101087657762116	0.828276837156125	102
0.050348823336177	1.06870129392743	102
-0.06863301308488	0.577971356292561	102
-0.021100357046477	0.638785833237097	102
0.024065754058621	0.744333421669734	102
0.102548982321552	0.998935093176367	102
-0.010545974983583	0.56828062850969	102
0.085138203006078	0.825435807022937	102
-0.114581444198608	0.736342355530405	2035
-0.012852587301525	0.624308923568131	42
-0.00429847371819298	0.639049366251883	42
-0.078174770893598	0.714777108245876	42
0.073252769967218	0.82410059400883	42
-0.091878779613182	0.485835493272848	42
-0.096634491734292	0.45698495112586	1462
-0.015136889563299	0.803297866081682	59
0.100868751781826	0.471576126555989	320
-0.038510130130961	0.432364030523048	1122
0.122206422688031	0.57850022323579	20
-0.079105399863508	0.522319978607998	98
0.058930894989048	0.670687322495122	271
0.07508584253205	0.887050609703054	72
-0.058952318559478	0.693122487691361	72
-0.071910339333804	0.609893080689759	72
-0.040290396115281	0.621400654445236	72
0.086876249626938	0.549091489945962	519
-0.078719416908968	0.326311999481147	519
-0.104609613067829	0.47754520194246	519
-0.00849658690344901	0.416843010880727	772
0.03679876801732	0.273304272847188	772
0.030587229610347	0.667770401995138	772
-0.04184146790992	0.476902843452726	309
0.071482121691576	0.563370817593273	514
0.034312943105531	0.533217180361016	14
-0.043324389443804	0.991206058901053	213
0.0288187527745341	1.16978430989315	213
-0.124827204104007	0.896927942371833	102
0.074381411955382	1.00992859666653	102
-0.044985378414483	0.550297952311598	102
-0.102844185728696	0.56116684870597	102
-0.107871709943824	0.333199884978246	102
-0.101643308824502	0.399695750114782	102
0.00599977148546305	0.667414327867355	102
-0.070438613385009	0.582321040028219	997
-0.113340091229669	0.413718096162255	1144
0.109941475508861	0.858156194445572	1144
-0.038601479929651	0.551444103216214	42
-0.089136544241308	0.40804678870664	42
-0.073363396472197	0.645549092606441	1462
0.0252756837829869	0.886050526149304	59
-0.007669119905098	0.636449929195487	59
0.00589842954368103	0.646131574049291	20
0.017475884176171	0.664887458010138	20
-0.041398155240403	0.48361009859585	20
-0.007129767289344	0.761504773463603	1033
-0.00939639043622398	0.431412339020944	271
-0.044935261615498	0.482139180386954	271
-0.011816422714078	0.410415156471704	271
-0.023892800148263	0.35387546089776	271
-0.054583318434621	0.495188652109693	519
-0.00903180458074299	0.582693901368387	519
-0.035527470581291	0.498042216694927	519
-0.022642911763884	0.350578593076156	484
-0.096114296361275	1.73586206975023	213
-0.117732960834238	0.941745282688858	102
0.0764989732782509	1.53623501779034	102
0.054155204266193	1.36615868590453	102
0.0445670419629059	0.805816294241001	102
-0.00218063458461798	0.814898986517189	102
-0.063328610548033	0.653941311864858	102
0.054448613375556	0.794018295934989	102
0.04692317874178	0.834822469914139	102
-0.120416695175291	0.467788985675317	102
0.07771598832021	0.686512455914571	42
-0.121189808928131	0.743084198101195	42
-0.07555238704343	0.658659047549462	42
0.019789180068574	0.663254019916331	42
-0.103599634695272	0.742397147243795	1462
0.054615653273155	0.921941417382799	59
0.091770378598207	0.471213807440007	59
-0.058588320567782	0.425863861627881	20
0.079747514912401	0.448581830150329	20
-0.077108279779279	0.338202336810546	20
0.124570279170788	1.24611035460499	20
-0.00582827201700698	0.42599086796485	20
-0.033727917043447	0.332619833935604	20
0.088137327669252	0.546514072135161	20
0.010320782930866	0.640733870637194	98
0.021707238185968	0.788348732265406	1033
-0.026723946759052	0.56429224659165	271
0.067371653678146	0.600157831310578	271
0.036398277005967	0.676659606447148	118
-0.107556783317994	0.326268321541038	625
0.0268231690348411	0.268616616225779	772
0.081912757768605	0.455451738560615	210
-0.00698275719802899	0.512028181881847	57
0.00135985289025298	0.44408210841575	2194
-0.119075216342527	0.478112851228798	2194
-0.06125604367122	0.492148927703405	484
-0.048354311276004	0.656925459522464	484
-0.066732190732188	0.945173264581822	102
-0.058081593843338	0.737207462301095	102
-0.045005262549267	0.598267420418818	102
-0.002070658704316	0.630593416376416	102
-0.060146040479468	0.490783869406813	102
-0.100259859317618	0.590185110271745	42
-0.091004656782749	0.579528202979196	42
0.0497355770989359	0.517412984965194	42
0.056189657257423	0.661058935813491	228
0.023775522024024	0.597086430950023	228
-0.031127970334394	0.493162366100995	743
0.093464664061487	0.555182831819857	59
0.01504182499436	0.428371657007811	59
0.00898170094745499	0.344575379190173	59
-0.074601210956333	0.339105588020567	59
-0.014730281649167	0.441758360074258	59
-0.055448533952677	0.408298055982018	20
0.00674246413160096	0.347910817964213	20
0.066291515970355	0.657977546618268	1033
-0.105621885696629	0.395410353588892	271
0.074654209960108	0.829815102071614	72
-0.033371194095982	0.787268490865683	72
-0.103151478578874	0.745300182750223	72
0.054121687252313	0.455249052056674	519
-0.073568245914234	0.327891914228001	519
0.00468060236060597	0.351240071611913	625
0.120603872764284	0.287276914102792	625
-0.088190780888572	0.332397631995193	772
-0.055187040206865	1.07365600347361	460
-0.073360744538759	0.744672627572132	460
0.060859372479023	1.08196395096776	460
-0.120936759241703	0.750646859480674	102
-0.096647400012471	0.647776125896637	102
-0.082356125375433	0.5410907498606	102
0.00157187138149095	0.664570192870213	102
0.082645166299094	0.830784564137585	102
-0.073667946184557	0.416204101962749	102
-0.084558142897193	0.414350956654921	102
0.066445737435229	0.678038531790282	997
-0.083383774110559	0.556598400316639	42
0.032083955753661	0.482810381023068	42
-0.108612926053802	0.379076970297369	42
0.057642930681756	0.464689897619938	42
0.080266145902572	0.584235833344322	42
0.100767906679017	0.876912511829245	320
-0.049564454942504	0.841414010842651	98
-0.036018979325929	0.25423914060906	98
0.033998075636124	0.273263783311427	271
-0.089852046286186	0.236469891074211	72
0.099899425678272	0.473898279675537	72
-0.090141791908482	0.401498921930867	161
0.00886666329387997	0.355229389018236	772
-0.056328028495582	0.424357886874517	772
0.0899039558860451	0.559486475846078	33
0.11890165504971	0.285203680347571	57
0.069055556580042	0.370168125143906	514
0.11085512436338	0.270517096006947	14
-0.04175372179188	0.707880470399984	460
0.089688259185398	1.38331088695263	460
0.010565209147999	1.07572998248491	460
-0.069509007664739	0.81155098340079	102
-0.116580117273071	0.809847133251539	102
-0.120477731515049	0.705151216063885	102
-0.028375331229263	0.798543571384931	102
-0.124440461568172	0.569121682781252	102
-0.122489991862322	0.554861483414007	42
-0.058010613865583	0.611155441946796	228
-0.072773793467111	0.684222873780327	20
-0.123531996219761	0.565954836791918	20
0.074189906231636	0.670405426022856	98
0.117806159978974	0.290208937412052	98
-0.016286568657192	0.429770308811012	271
0.0565748889715541	0.45788397993973	72
0.031802724356041	0.862180307001423	880
-0.00318926791211399	0.658733493005103	519
-0.11344439028159	0.365216048060312	772
-0.09293866534546	0.403597195754649	772
0.018197675533649	0.436859120841778	210
0.106942580972445	0.547564921899218	345
0.11983373357998	0.28610941849393	57
-0.080613054585276	0.248423584497324	2194
-0.043128207707557	0.566435518698524	14
-0.021988205749511	0.344841527832704	14
0.030505604538803	0.45649810406117	14
0.113363189921516	1.77648500789288	102
0.022115668332419	1.42384982914665	460
0.000396858876337003	1.60333418923274	460
-0.052813227359205	0.958419639884022	102
-0.105795943685961	0.793319910590878	102
-0.043937520336963	0.964957135038838	102
0.089639600720052	0.990692610187826	102
-0.057663862090335	0.563273200608747	102
0.091369266777903	1.07053254543963	102
-0.059702636815342	0.461221756404038	102
0.116623607344984	1.22690095088601	997
0.096287873177965	1.23670267588277	42
-0.014858108259809	0.654483242581651	228
0.048264310385729	0.564189475910222	20
0.0599919065575391	0.875723209961721	20
0.067913256336996	1.11224365709183	98
-0.060028481236866	0.330176697591411	271
0.124600794772114	0.382661602926617	118
-0.12167171108586	0.153229696228387	72
-0.026476432108253	0.25399836849258	72
-0.122457861084898	0.237930219996186	72
0.118034310212585	1.01540929871826	519
-0.123817445875486	0.474732079830087	519
0.11504971484255	0.57065678854175	519
-0.09537393966138	0.495826385956195	161
0.047668840701534	0.540760275307016	772
-0.122844855453439	0.15050372080444	57
-0.114256891557039	0.153858612785638	2194
-0.122674006937265	0.994489889369489	102
0.054088205450435	1.40332351720338	102
0.0687018075900791	2.21843949581725	460
-0.010485496518456	1.11561685894075	102
-0.023862626168945	1.91770783730036	102
-0.080127185981395	1.44800971801272	102
-0.021470504731863	1.03351440216789	102
-0.095508025057424	0.624400226308399	102
0.010413307682829	0.659044340683196	102
0.00505633768471603	0.777162282961188	102
-0.050620900535312	0.417517246223273	42
-0.050197366837689	0.74057428636067	1435
-0.023063237389322	0.343861122101824	1935
0.117456585514207	1.23827241984953	561
0.12373240055393	0.917736823973897	108
0.05616963262855	0.901268284896403	20
0.040689529681793	0.742134215552947	98
0.0979444751863759	0.698846064419475	72
-0.110880039417229	0.325157126256127	772
-0.084391883798329	0.40430467812589	33
-0.070669372611003	0.476079981296437	14
-0.032367144465748	2.14393209366231	102
-0.112617615134662	0.862426351759112	102
0.0362853014280991	1.30421857733405	102
-0.00018181039757198	1.42431391150562	102
-0.085301786101351	0.877756251747143	102
0.010811203890936	1.22516686934375	102
-0.057798922762379	0.469543604377133	102
0.003332795300931	0.783707649978122	102
0.047432055444417	0.942944574903074	102
0.050069185975121	1.05102295853673	102
0.111120919820751	0.720721958410903	102
-0.067722660721833	0.405673930264571	102
-0.036380224678026	0.797354181419904	102
0.100743553458779	1.13585041134103	102
0.059582029119323	0.540155824645754	42
-0.016586893669482	0.560176075587931	42
-0.119016422799679	0.672958910792758	1435
0.036632916471415	0.992466478817073	1435
0.059995711226343	0.372545288275783	2105
0.110283230387379	0.541584852362972	2105
-0.045289329640113	0.430617204089725	1935
0.00281680201551704	0.575431439841076	1935
0.0558549137744	1.13985918098553	228
-0.106331550809497	0.843463585951661	228
-0.093977502102844	0.561289063947137	561
-0.087167705275179	0.527631759988767	108
-0.119164946367864	0.628017305706116	20
0.118892923427922	1.17524664944144	20
-0.06698473019668	0.649099446424697	20
-0.114398608372712	0.658027186386806	20
-0.029470892717725	0.93152153066817	20
-0.030197018063106	0.577798972444637	98
0.0692477600686881	0.372985876371434	118
0.024983182146337	0.452422654884673	72
-0.064039572860206	0.655004070287698	72
-0.066802453149251	0.561658824213525	72
0.043927408819488	0.89395167076052	72
-0.121890147408766	0.451257279742042	161
0.093201776604059	0.774288131865355	161
0.11670990996478	0.289089034024093	210
0.015544344449936	0.504566492067062	14
-0.030923867843503	0.170672728303269	2194
-0.121586190023221	1.12580081127109	102
0.031596830731887	2.20558186222545	460
-0.099750484933896	0.864098790714388	102
-0.015783716928813	1.26549918109104	102
-0.035242365710582	1.16245136960083	102
-0.04036955552986	0.765695288745098	102
-0.049869665516846	0.674083037854248	102
-0.089036305381809	0.605427515112985	102
-0.124841903006356	0.568745447292318	102
-0.041622905108839	0.666678226758097	42
-0.047868073723216	0.422289947164064	2105
0.056980539386555	0.61052991537527	1935
-0.115003125602132	0.471947217415259	228
-0.122600817012678	0.667439003397722	228
-0.053262330155515	0.714173540873511	561
-0.117729117582133	0.554969109976068	561
0.024700242881235	0.852235362453059	108
0.08415229862819	0.912640255396596	320
0.071504709224286	1.08979809666933	20
0.033742274816349	0.79746878541839	20
0.00613341440581405	0.731360792979216	20
-0.120406013503819	0.561255017414758	20
0.00727051618619601	0.657652471547502	20
0.08798435968527	0.45888837401951	98
-0.089759663500803	0.404571239519814	72
-0.069360645933115	0.558655937183791	72
-0.086237782951384	0.556090050964521	72
0.099086405415342	0.769108388653527	161
0.062401431530593	0.583493512890573	210
-0.018885443867	0.349809900991642	210
-0.024137958832797	0.341331143074929	210
0.119252446491846	0.193616815401466	210
-0.029762377831703	0.17154020454886	210
0.119252446491846	0.193616815401466	1478
-0.120220385299027	1.91098919934128	102
-0.015432350944686	1.56096186873896	102
-0.061401144327933	1.94803053042751	102
0.060975275608338	1.55004417443425	102
-0.04091997181708	1.15099998053518	102
0.0526933804277681	1.44810715315218	102
-0.111707543608028	0.914292117620776	102
0.056684076744111	0.978880558569166	102
-0.065943155292858	0.771445278172965	102
-0.104377751691655	0.373686534926579	102
-0.052492985063163	0.946740262947018	997
0.118826768431301	1.06061432686151	42
-0.081346082737715	0.717958365290674	1435
0.071526260096937	0.696573198666563	1935
0.063317617878037	1.14812909345704	472
-0.124877613520503	0.451611586738894	561
-0.059157436717841	0.623663682274883	108
-0.044891589850678	0.704640767042631	20
-0.016787331689113	0.762210850059948	20
0.122022304812945	0.37991945503888	98
0.020555196851753	0.765141239041265	72
-0.112244934182118	0.481583322032072	72
-0.00550977091627802	0.544604280905452	519
0.076170300323737	0.586728877341457	161
-0.024071990318481	0.607847529933995	465
0.056149189212296	0.522276810003178	657
-0.078525452978011	0.249877191935132	14
-0.028808031078372	2.22208366608457	102
-0.041276410283014	1.01608387131288	102
0.114605388816294	0.932941890259227	102
-0.040529933250378	0.605248777670007	102
-0.088725754542327	0.639590408597633	102
-0.119289636073821	0.610675404431752	102
-0.105160046790415	0.446050874161762	42
-0.078391018845772	0.512305434195609	175
-0.085199815609238	0.472914031662069	228
-0.109748179502667	0.413149125078498	561
-0.108118808835624	0.409610792554883	108
-0.0516821017724	0.423841486786866	108
-0.075862015720868	0.482590600252318	108
0.111213432297028	1.14565724219142	20
-0.01829955591562	0.401238518115722	98
0.078832252840903	0.664141587182475	118
0.011194320050267	0.347237963724151	72
0.065154467999893	0.760197185473291	72
-0.061238395296179	0.685126269452102	72
-0.11329678412601	0.374929519430065	72
-0.076340511573637	0.590860134774682	519
-0.052806679195504	0.734568551797744	519
-0.026632769402141	0.427830908410623	465
-0.109748417398968	0.457800272750433	210
-0.083355964178857	0.39865775038418	14
-0.057462291330251	0.481894588160081	14
-0.068437939979307	0.560323919240915	14
0.038283841114227	1.4221680630826	102
-0.116544759921148	0.531902835345795	102
-0.076049136424203	0.490478169208963	13
0.0925041303163781	0.974808304459345	102
-0.057179776907496	1.0747033696394	102
0.048297274035494	0.455763431710541	102
-0.055175237115324	0.337082492650592	102
0.087385587308044	1.22028569236199	102
-0.083248627844379	0.536775655258737	102
0.111925587822712	0.630726391889934	42
-0.049498878299536	0.344702636861778	663
0.049886792403368	0.528775021336265	663
0.103877313604063	1.00419742084155	228
0.0317493090330691	0.516822650183056	228
0.071464453862479	0.692654087357955	472
-0.020709250248358	0.352856545550358	108
-0.058388696713453	0.337926808535907	108
-0.109540980458548	0.610704551248545	20
0.060654746157395	0.540241170431301	98
0.040729528284562	0.738165768653488	98
0.024004373632602	0.663486671738814	72
-0.087651985572332	0.240237491168793	72
0.035197180693167	0.277749685314985	988
-0.03273750217684	0.255017390052061	161
0.121253822103902	0.276436813223782	657
-0.043127390656678	0.637256634201026	14
-0.108815750671918	0.338209563798414	14
-0.104967272003464	2.36315319208521	102
-0.082801243967836	1.13407920347655	363
0.041427828577696	0.946591108132439	102
-0.031243591210407	0.872678842023946	102
-0.11795885964262	0.442587679916736	13
0.077962358567127	0.763536379361577	13
0.0951387275236329	0.929146360383908	102
-0.00661141779230701	0.710301575083545	102
0.040072729003373	0.536346371146355	102
0.00439902439503104	0.675925140523823	102
-0.064021359677186	0.480311798146382	102
-0.094053429683814	0.329669765530058	256
-0.095407823609558	0.55906250539768	42
0.076948407788073	1.12645420353599	42
0.018073601057717	0.729318636484902	175
0.023480999907082	0.598364290046086	663
0.067720370905782	0.759731250000415	175
-0.055335506333495	0.571664094778888	228
0.110144291097045	0.640472431355634	228
0.112217973748842	0.717058808174262	228
-0.121502255908568	0.403327388962192	472
-0.028176488177039	0.737628634157797	472
0.124964929237874	0.556961337032473	108
0.00329741205280598	0.445629923182286	108
0.085504958255564	0.536283809055655	108
0.062394755732724	0.461572918625958	98
0.124700029876844	0.562844723188742	72
0.073487261609289	0.54167374046888	72
0.08195209321369	0.449558031068492	657
-0.085888968748534	0.248825535910452	210
-0.045633638270932	0.338668591969493	210
-0.049734165384913	0.336963644323577	210
0.11598947603938	0.54275138683314	210
-0.02385166747978	0.354169807399133	210
-0.101746805596921	0.322986516450881	210
-0.029438608189715	0.338659207096962	14
-0.093855519677368	1.52768318953408	102
0.034903974145739	1.53053674462429	363
-0.027795143026146	1.28114245924813	363
0.120938394285186	1.58540925176171	363
0.059589160428454	1.12590258434412	363
-0.108111411930408	0.545252570343297	363
-0.029426534578705	0.889813041565255	102
0.08945723537892	0.965686809121194	102
-0.014751929772939	0.77001936169902	102
0.058170725457431	0.839702309570975	13
-0.00785795044265902	0.961867243341963	102
0.032947965220793	0.445853363770595	102
0.040094681177683	0.660390558470189	102
0.087255694784972	0.474069586783867	42
-0.047933361670576	0.999088558523343	42
0.108431636840077	0.761249986734433	175
0.096922211961564	0.597710523028387	663
0.084501330554147	0.464907336245643	663
-0.094413460140241	0.325349235056404	663
0.0198321191426321	0.474892970080482	663
-0.038222223543816	0.634986115208532	175
-0.076969031151962	0.566189768640785	175
-0.053231825995624	0.428601018784327	228
-0.05290421897011	0.631223552416501	228
-0.078308758897106	0.410703425626741	228
0.111374951809442	0.771960394060086	472
-0.114196518559832	0.232237114172866	108
0.094280680734534	0.463233420632214	108
0.059582029119323	0.540155824645754	508
-0.025434571840448	0.571079344188783	508
0.09382030367831	0.568506092407143	98
0.081372864429323	0.820574407522233	72
-0.013675745856277	0.4295242067408	72
0.032519465325266	0.447367532916602	72
-0.082256399795581	0.484182250407194	72
0.068938376409967	0.698912796231654	72
0.082562298189212	0.45103349982705	72
-0.114001983344392	0.325305819275353	657
0.120972220685503	0.381842170438002	19
0.120955750399126	0.377903620875681	210
0.010951173699942	0.321013768084728	210
-0.06111084666953	0.475654492932952	210
-0.047298349123545	0.405848762430603	210
-0.112636070171745	0.375762969080457	210
-0.052280174423122	0.490697135904444	14
-0.060408035800242	0.48312384787303	12
0.048679277591538	1.56450162150877	363
0.058315186181393	1.43681449196394	363
-0.068842484159723	1.78199313542874	363
0.117698179937285	2.21923593064846	363
-0.016931263676328	1.42233424725503	363
-0.025866547215953	0.713522926237616	363
0.0714886634536151	1.13132627450183	102
0.117116598684338	0.942633209331676	102
0.122022304812945	0.37991945503888	102
0.031105796232444	0.880907296209433	102
0.055299564923521	0.435256236008859	663
0.115030951361783	0.640465374125386	663
0.013394482714105	0.417800261304629	663
0.04474870439617	0.60110417294001	663
0.073239325254171	0.99950779615461	175
0.092820316502312	0.567543336546755	228
-0.030965739451313	0.255120078753468	228
0.033546969387602	0.274555994537319	228
0.047859403051893	0.349953044078538	228
0.088784205230112	0.472329443163531	228
-0.032204223144126	0.257545822363324	472
-0.079555395966443	0.238325188996613	108
0.031429436289473	0.278494328079114	108
-0.048407071200337	0.229719801887685	108
-0.11999601098698	0.154191950393729	108
-0.084773143584793	0.240821285046226	108
0.058586309914377	0.361639298477724	108
0.09068490767515	1.49253742837468	108
0.034488647446791	0.273111009514388	508
-0.082543276137508	0.718308115679798	98
-0.116641973171751	0.315586067723518	98
0.117503537109617	0.921357434927981	98
-0.059837921239103	0.636695733441634	72
0.098839986400258	1.06974018911245	72
0.009258509268813	0.521277307743789	72
-0.036138429710091	0.263094143928801	72
-0.109195843682645	0.15541097233699	72
-0.023423445553171	0.258797288980419	465
0.123486343995287	0.296476252515766	657
0.033458537405159	0.277307585532298	657
0.123209513313091	0.991877032764216	657
-0.079973700886347	0.484649659684456	210
-0.040438434894441	0.504270424277115	210
0.042285775524297	0.527019995272947	210
0.0594841558552171	0.545516510208206	210
0.121497555697188	0.294186995646019	12
-0.042787657501238	1.32862742369699	363
0.063577427196823	1.71724274264766	363
0.078482923563162	2.37891670839891	363
-0.017291330346628	1.18574411072574	363
0.062590453322983	1.14264295377571	363
0.114933682447046	1.17341702846063	363
-0.055691820776152	0.704052373015506	102
0.022645594750175	0.792565891260574	102
0.079370654164346	0.846757653132397	13
0.01500778623973	0.714473350300129	102
-0.069137875939123	0.626565210961073	102
0.120222214626467	0.785607126893794	102
-0.026737685155942	0.348854129534309	102
0.065306513997565	0.541271490329908	997
-0.047862545286293	0.335185433656778	42
-0.041347715398146	0.499827201748652	175
-0.00253403904882898	0.820002576688879	175
-0.022868872030233	0.433234175310673	663
-0.058317453192296	0.334972456156183	663
-0.111481408223519	0.468994776911303	228
0.03599696057629	0.280641498794384	561
-0.124621323438443	0.240094296410831	108
0.0862330508313191	0.473326878995866	108
-0.033415324609881	0.437725065003118	508
-0.110557567991086	0.411234671124921	98
-0.035614554546034	0.433920597638383	98
-0.119007942577577	0.330236854778993	98
-0.123727037630979	0.32574779603062	98
0.093318842145624	0.548327274861325	98
-0.084545356498379	0.393732632433053	98
-0.103030192486848	0.329350548067579	72
-0.04518026786284	0.419864468515215	72
0.045154339896683	0.794886253288144	72
0.064750353978814	0.554383432580508	72
-0.058078624359397	0.331235796758955	72
-0.085900250760115	0.249403524069688	19
-0.035864312852055	0.255545478856933	14
0.0900195548539981	0.845760533535048	12
-0.051046483029941	1.02035443971987	363
0.011041507423725	1.02768513215085	363
-0.026678843503299	0.757979058023979	102
-0.056280749019572	0.704116891995931	102
0.030287202551139	0.527802001837959	13
0.093443258771124	0.555371988395503	997
-0.063718995749796	0.414893315109914	663
-0.108950344350024	0.473219938588494	175
0.057461841493092	0.614777674027996	175
0.100089041984513	0.83545984691315	228
-0.056443064858921	0.407823372315423	561
-0.058758975250981	0.331816440977483	108
-0.00634494416363501	0.50800299559623	98
0.10057719632524	0.578529999942467	72
-0.019745870761921	0.740643983763291	72
-0.00803277465831298	0.487392161395948	1277
0.033274261810737	0.514708536886996	72
-0.057702377414469	0.330631462106606	72
-0.1125507757398	0.398389459565562	72
-0.02393313928236	0.504914538180689	465
-0.088893366756107	0.237683859323083	988
-0.033150243642981	0.260710077673298	14
0.096040588772408	0.481007885990489	12
0.0635442117428801	0.976880453930423	13
0.049471945367038	0.839558807365157	13
0.122505907137269	0.939553740695469	102
-0.124266645401009	0.390057692549293	102
-0.00560399135168499	0.741068330043415	13
0.079049200148457	0.681438374497249	42
-0.04921826521209	0.73478211038715	42
0.061162371737924	0.67763854559213	175
-0.083318352338755	0.47292039030634	175
-0.105435990077783	0.408803974490415	175
0.039871385064986	0.576873649928442	175
-0.05775890183719	0.411592276657123	108
-0.013652247860668	0.566628349225791	108
-0.056712672800065	0.423090789742594	108
0.025600518791811	0.520956021755584	508
-0.119360050942746	0.547342460943639	508
0.07822971261822	1.12990722391858	508
0.119994812635139	0.559929691720458	72
0.118924478251104	0.78105294808218	72
0.024598444836011	0.575600275388782	988
0.0899903677892629	0.443254952980437	2034
0.039526150541595	0.592482654156848	12
0.104589032964455	0.452505275096565	12
-0.001124748146485	1.37899065471614	363
0.060722001161575	1.57184425806681	363
0.025719890413921	1.06900563195692	102
0.031794730188402	0.912116202152205	13
0.029424243387065	0.807293036792849	13
0.122007359873617	1.01026311147604	13
-0.117991973093596	0.40195947355978	42
0.00229006179333802	0.447156220882988	42
-0.053197906849528	0.586870898914727	175
-0.076515807527869	0.47223737052747	509
-0.040177454023169	0.482094858263121	966
0.052470240446944	0.803206625657898	175
0.122917581761264	0.647057807605125	228
-0.00596689198556299	0.499511924329949	228
-0.121306395367352	0.400575835725968	228
-0.093996740410077	0.545264040507639	561
-0.115697519618448	0.3902079346244	108
-0.041647201347157	0.426125214491975	108
-0.064016744661177	0.423525052009168	108
0.118890512588839	0.574603373844659	1681
-0.088924922579436	0.763005073878521	108
-0.079652373957639	0.246674496835509	508
-0.037049725730758	0.599652400566718	508
-0.089028735115585	0.46366386737561	98
-0.108168052903755	0.456089355899143	98
-0.055235764628593	0.483554926045316	98
-0.054143626993953	0.321906661424495	72
0.054890884184216	0.363190475011595	72
-0.115939597221011	0.335245595545864	72
-0.06843625380412	0.336587727998148	72
-0.053189060808741	0.326785918816666	72
-0.025617042250425	0.344451404983801	72
-0.124040919798272	0.224814410088629	988
-0.058047433624216	0.468526843145703	19
-0.069165824517123	0.477958522898091	19
-0.11892179458595	1.50139349039362	363
0.067741762651766	1.64315189777817	363
-0.090535648996931	0.92915306318252	363
0.115957886727464	1.74164036040315	363
-0.087052338245491	0.924823613575269	363
0.096550819240195	1.52890271196226	102
0.090160128689961	1.33090788424658	102
-0.037728694179947	0.626392396407253	13
0.093464890032835	1.05604722757808	13
-0.03619387732842	0.830916343467143	13
0.034169401402025	1.46706110874816	13
-0.090410647315925	0.485020283612918	13
-0.025016528860311	0.555644042908029	13
0.054638848895484	0.90528685500163	13
-0.026130430279831	0.350355021498225	42
0.00884691220521505	1.17948521228094	42
0.070524761183403	0.669801624941138	509
0.067145647758212	0.374095885056221	509
0.00230987644869296	0.521860853830555	966
-0.02899021456616	0.494004557604015	966
-0.124787640589674	0.37749136559398	966
-0.052316324281773	0.898521123043637	966
0.025818218394062	0.448399869690369	228
0.085826406882124	0.629462403936557	561
0.05393054304431	0.358653536093306	34
-0.002989285381226	0.44257687451012	34
0.0617635988366571	0.551249903241651	1681
-0.072742203895516	0.46922864500009	98
0.063836164851685	0.768587741935502	72
0.0391848952774571	0.811857911531658	72
0.064009641366926	0.746065062558949	72
-0.074987775379013	0.562918390119556	72
0.124295576054397	0.29430443399982	1001
0.042624104769999	0.277731666652572	565
-0.050059198842539	0.32851344286448	988
-0.00268518984933103	0.426148691305207	1172
0.036938674195686	0.279791471430771	12
-0.054595925325761	0.340968673508093	12
-0.124505926972298	0.486778013213195	12
-0.035395979766842	1.7283293363852	363
-0.103556409443061	1.26861248770259	363
-0.010380350596567	1.49095981051374	363
0.0361351196622141	1.37843514805349	102
-0.066095627008362	1.06877487558102	102
-0.065825233938768	0.998742965354572	102
0.04400746173646	0.882245919825587	13
-0.011082239354998	0.706982709060782	13
-0.113503102102955	0.580156351992695	13
0.074174174443249	0.97501332241097	13
-0.118386503969785	0.470080990349597	13
-0.048838859111423	0.513061362765788	42
-0.074152430156434	0.548535483271466	42
-0.108666201258264	0.562708244739899	84
0.101669608824774	1.18125909615429	42
0.123400320670971	0.699255152822249	966
0.113099716897682	0.943049907515267	175
-0.083832770381587	0.552570417049918	228
-0.068204724446113	0.615871908376292	228
0.00924005237540304	0.778840081635649	561
-0.025307682944034	0.617831069556373	34
-0.040853176039948	0.547230650121236	34
-0.03500451587385	0.65227256090993	108
-0.020175871594244	0.439083163465305	360
0.116946573306349	0.572387740332217	98
-0.111229855381172	0.327356800847266	98
-0.004528915566613	0.58144937218737	72
-0.051177863750638	0.488683739679665	72
-0.056864896582851	0.578506555858243	72
-0.095240949676036	0.332203283787446	16
-0.077080324782389	0.331494120530178	19
-0.116774025338893	0.240963977765104	1172
0.00793360805162002	0.344395234572857	1172
0.01668919332406	1.11898263033924	13
-0.050272685510548	0.879503400252636	13
-0.057349430954748	0.87751585849199	13
0.04600888195655	0.989553257457281	13
0.055215197452421	0.858094306846146	84
0.119729816508561	0.706832428099168	509
-0.094717264787059	0.495410676696557	509
-0.053923979980251	0.32494962590431	262
0.034392154463903	0.81300483427577	34
0.110568627002092	1.02126171288924	34
0.00242596211122303	0.647956260502169	34
-0.051005127323352	0.61874492002769	360
0.030854372901335	0.653873679089662	108
-0.114640202838136	0.23520449563232	98
-0.066263798108498	0.482730780940745	98
0.059146917049324	0.363353541200017	98
-0.084496128086395	0.239442700552294	98
-0.023892800148263	0.35387546089776	26
-0.11832109849039	0.234622627941023	26
-0.085900250760115	0.249403524069688	26
0.026269159758962	0.732904080137791	72
0.058622943720624	0.811032389392359	72
-0.11179065382222	0.40041881911822	1001
-0.08905263151701	0.241995329626558	12
0.087829975564365	1.27089127737891	13
-0.08919445209228	0.821627543371458	13
-0.041676137204479	0.794666334953931	13
-0.077015625322532	0.810027856366944	13
0.060576913536201	0.546009214202916	509
0.099590591080583	0.955218264329323	228
-0.122116485876692	0.644731636112343	34
0.019207026726405	0.962085823044773	98
0.00793360805162002	0.344395234572857	98
-0.084785261001684	0.249233685498343	98
-0.097251240063346	0.228736689889033	98
0.12499917176891	0.267765691471193	26
-0.083591729568263	0.399035752304439	26
-0.122564237220218	0.241599424821431	26
0.040508312264903	0.89700119937424	26
0.087846473648606	0.452226824032354	72
-0.120207179594541	0.401951165730219	72
-0.057403051380514	0.490605503445381	1001
-0.096202069248784	0.396883316047626	16
-0.063280286810211	0.488408481272734	16
-0.103922112538901	0.399629449692893	16
-0.098456151069322	0.321384979244549	16
0.073235199400562	0.592532647106095	19
-0.032042735734236	0.339286779927003	12
-0.078115299498521	0.32926637750992	12
0.026628132837113	0.505656724962358	1172
0.025880635402992	0.268519786649017	1172
0.059321784754486	0.674519596597028	12
0.034914784778143	0.27691027726763	12
-0.111155582481531	0.143462579287981	12
-0.106184993099099	2.25467883301564	13
-0.067242860982549	0.626959504315106	84
-0.068467673579819	0.622337108349895	84
-0.10071563188837	0.466775457266093	509
0.011721466221246	0.544213748040667	509
0.018476114920739	0.933366749724932	175
-0.067569638695356	0.410596524938944	262
-0.080769371513454	0.606303600836669	175
-0.09898356301756	0.579040794596883	228
0.096204428958174	1.04195425119513	34
0.040730184152921	0.910138101233649	360
-0.120930756585829	0.533088546103653	108
-0.0000930976285060114	0.838758054490398	108
-0.123337212546251	0.317232488581923	98
0.015337555489173	0.350229818810782	26
-0.058089665384573	0.392018565082827	26
0.019317783693279	0.660964748716435	26
-0.109862421401674	0.403355743860467	26
0.026855890224752	0.889760624297614	72
-0.11957422660622	0.313116238244683	72
-0.077795642744101	0.54738435893562	72
-0.104393903532913	0.453534688944686	72
-0.015651747616397	0.582686605337396	1001
0.00992297941833598	0.566796673770156	16
0.072978039732443	0.679909506086285	16
-0.103207167713777	0.471045462754586	16
0.00244177780070798	0.338538933652721	1172
0.028811403022211	0.448555295464883	1172
0.061075959485925	1.046764345114	12
-0.055089055953754	0.424277498735027	12
-0.091840206235635	0.240783810696649	12
-0.00284561212885798	0.434674659123283	13
0.058187317376462	0.540068391712291	13
-0.104833746454474	0.924481526547807	509
-0.055433221282897	0.719125204201037	509
-0.097230213402603	0.870815719157463	509
-0.015845920562938	0.815332952992457	175
-0.04850065522516	0.41390640226709	228
-0.09915941946032	0.320801090070197	228
-0.081749934534949	0.410610679302892	228
0.003667597348882	0.446222216886277	34
-0.112229046876113	0.328943256331361	34
-0.071702277517918	0.333441109675834	34
-0.023841150243187	0.57069709398236	360
-0.102612734203148	0.699785315344347	1088
-0.021742190887054	0.354281449938963	1088
0.042607141055778	0.909701755782765	98
-0.090426692398422	0.733876888768724	98
-0.039936512324402	0.821446769547378	98
0.053765094948331	0.527425456358884	98
0.083300215009552	0.668077641326678	107
-0.104557181267024	0.451339554136088	26
-0.092483487097903	0.774742846692264	26
-0.120975711419611	0.576906607060301	26
-0.023141251647182	0.570418936068841	80
-0.03032300686829	0.475529140726063	1172
-0.046184176044235	0.235355183489153	12
-0.013840898002942	0.794044198071428	12
-0.111482586702347	0.677885820307454	12
0.075060028954788	1.29617373164092	13
0.075015748757274	0.831391216916893	498
0.056791640437788	0.986012369889328	509
-0.111593106113019	0.470772807810623	175
0.060651929309638	0.737198404095706	175
-0.063707609363596	0.470937688745517	175
0.0605183190224931	0.837568915134753	262
-0.003732603604578	0.566351088280766	175
0.122284834002828	0.790794216272868	228
-0.116141542118874	0.580272478934179	228
-0.049657041549703	0.488481227796943	34
-0.00131536868677901	0.81641398498104	433
0.122346313354624	0.555278560135089	34
0.019655430592829	0.588369187247821	34
-0.04139927566691	0.829157801787265	1088
0.076768217501371	0.615302003624694	1088
0.025135141078741	0.535916550820667	360
0.0860333246553831	0.828404247219028	98
-0.057154543759609	0.558374069026651	26
0.068157671902082	0.966240257719301	26
-0.080339608411994	0.663742908200259	26
-0.107501426640175	0.560563578923485	16
-0.065540416924089	0.344372092471116	19
0.058304509101343	0.740202372678104	12
-0.025726020627475	0.497277542800941	80
0.077159981338739	0.621471927232084	1172
0.059815944507067	0.678221642008046	1172
-0.061055348637582	0.934411086067971	13
0.031072156850132	0.660721491771937	13
0.059338144863094	0.606369761002094	13
-0.00378959196031797	0.568128532632033	13
-0.109748254174372	0.619692531679834	509
0.066862360500245	1.24733968229949	509
0.12244195974379	0.934401007656997	672
-0.015692946513757	0.824267213739353	262
-0.084421949634496	0.460065968825347	262
-0.041667882459695	0.580912980333635	262
0.055769967228014	0.671950321654915	262
-0.102869962114946	0.412402660374995	262
-0.108895885172413	0.394979385797744	175
-0.00185539661988299	0.715460599660281	228
-0.045326483506809	0.614090515092961	175
-0.110200931173109	0.384270608323316	34
0.032042481999654	0.521406612081883	34
-0.094487752589379	0.444597938169619	34
-0.122511536541106	0.325859944751094	1088
-0.109698054711838	0.675368472775047	1088
-0.049765836021172	0.384856358959809	1088
-0.026437866306254	0.699193400339988	98
-0.111634238624987	0.327674644243906	98
-0.089263258792805	0.405941122123129	26
0.090885625679534	0.843135202485356	26
-0.046970734103955	0.416143180721542	26
0.022039328973342	0.531613154422653	72
-0.032193808996719	0.399678267567813	72
-0.016866603671407	0.572488585143227	72
-0.044814985655157	0.425503920920118	72
-0.07802937527672	0.327241746936827	16
-0.105236002184562	0.406497825388806	16
-0.00113346554810201	0.419808599060812	16
0.121099298522275	0.575726404457604	12
0.00861279504962198	0.716031749409354	80
-0.103256331328813	0.402756244647411	1172
-0.031809275812697	0.565566728946971	1172
-0.073615371422754	0.462670884846121	12
0.058391466098518	0.604941167626415	12
0.033704699436559	0.830537622032142	12
-0.025110184135864	1.00975027299439	13
-0.051787462727015	0.747448407221926	13
-0.064607665740265	0.537264249132141	523
-0.072465271610249	0.610179913709791	523
0.053119071551897	0.94015815204122	523
0.024829542340004	0.90852034895214	509
0.023244414609465	0.724703536449754	672
-0.001480580526312	0.713675228565504	672
-0.106881709536364	0.401456633702301	262
-0.121509038184274	0.402374302344125	262
0.071871692431461	0.818712618678029	228
0.119087108279711	1.13937911896435	228
-0.106820311364659	0.528370498156717	228
-0.00847704479906303	0.765039180725276	433
0.065506977953367	0.887288427374211	175
-0.00933157317559602	0.611889433632979	433
0.00667102366056604	0.809314798050296	34
0.106206216823946	0.93679820320021	1088
0.08233972931336	0.693735968005053	1088
-0.070919052789674	0.547858391772715	98
0.031129104538157	0.607140443212578	98
-0.075864709686286	0.408056074344067	98
-0.09577858548429	0.33011358930804	98
-0.102545204520981	0.327173170841185	98
-0.041731999022791	0.402446535290373	26
0.117590843175644	0.999054829756763	26
0.06415742050936	0.738314658411003	72
0.054907747799954	0.60324739736194	72
0.124472547938564	0.667063583281466	72
0.015022873864418	0.592326022190064	72
-0.014444621872418	0.576413939011774	16
0.082628512328051	0.75399851509075	16
-0.106484670839313	0.4090546119028	16
0.062083684869214	0.452309493036543	12
0.119072913477677	0.569834393529942	12
0.07501952620208	1.32936995056016	13
-0.03893877381667	0.75848985852863	13
-0.00278428538976799	1.04135038926569	13
-0.106191354597866	0.654753266265527	13
0.025776953084346	0.913674964172768	523
-0.029065236845434	0.551184799985742	509
-0.046569945718056	0.628612279640576	509
-0.037558322910297	0.551699422456643	509
0.012106223504485	0.819827662318602	509
-0.108026584505865	0.509450980736114	509
-0.065450963112139	0.409942044970169	262
0.116790572718827	1.01293507298745	175
-0.117332197357407	0.632098826152854	175
0.070410312052228	0.892437400819807	433
0.009258509268813	0.521277307743789	433
0.029926341694329	0.813638600256352	433
-0.042166144338274	0.71976305028733	433
0.054514095045244	1.03282352951547	433
-0.052018583298905	0.711955047586823	1088
-0.087539825202913	0.467560185539358	1088
-0.098959236048325	0.558350695248221	1088
-0.036630599230473	0.830031762026352	360
-0.031884894540011	0.323699874064365	98
-0.054025040697527	0.343344665382983	98
0.004790944553695	0.335647534195327	98
-0.013067745581044	0.653423028322764	26
0.0780406434465341	0.805310590110238	72
-0.064659585265431	0.464859434829252	72
-0.017322280898758	0.71174404413748	72
-0.087494506690166	0.562036451218971	72
-0.046568476967532	0.479028739469789	16
-0.060272637090571	0.418279302739357	16
0.057101859790274	0.539594108892405	16
0.067964116417581	0.370804973344851	2254
-0.049474696784629	0.409199182881949	801
0.033685894691683	0.273236606657624	801
-0.00734954589494302	0.502986427683717	12
-0.02398155175901	0.346387422455365	12
-0.079766908354745	0.249007273745329	12
-0.116838991577938	1.10932854311215	13
-0.061484730682903	0.661684144014716	13
-0.019404732700723	0.867405851517626	523
-0.107759003282512	0.467621954582291	509
-0.023411705572841	0.682432390889936	509
-0.101541563545717	0.649726400851271	509
-0.091101320384777	0.583479133779711	672
0.11546270013918	0.704103763667483	262
-0.099557647970012	0.623521787024035	175
-0.108750089491647	0.61887390907452	175
0.016869406102766	0.80570826343781	433
-0.030317132901455	0.742356620394234	433
0.016897499847485	0.988454838778214	433
0.120629591967711	0.943082680421827	1088
0.003533120437332	0.589028772295266	1088
0.014690222605067	0.699954229428812	1088
-0.099064928251259	0.584588760645459	98
-0.021919330185985	0.507497155906813	98
0.056715650562109	0.618756735808005	98
-0.046668689930372	0.338350916683865	98
0.115803560895032	0.269722896690656	26
0.035331495774145	0.514102020133417	26
-0.07150135465403	0.486867379784657	26
-0.026405161093047	0.56160686784787	26
-0.100412194526769	0.627609887626833	26
0.043649732630808	0.897872550412184	72
0.014382096685237	0.923198773787746	72
-0.00541975500094799	0.430081972404914	72
-0.083848883324436	0.389499109476464	72
-0.051329662134194	0.541734041098156	72
0.036213769531203	0.669290864571534	16
-0.06451620607322	0.54318450220651	16
-0.117950715680745	0.452457445654338	16
0.076203055094851	0.773119391279561	16
0.093867141138388	0.762926411089387	16
0.122363304425995	0.392541807645659	2254
0.012097992103647	0.521415966584684	12
0.049480633292164	0.67580437994342	80
-0.011260123610978	1.63313314504794	608
-0.032721666676905	0.982863595513287	608
-0.030405594439632	1.02519924607306	608
-0.093262631647706	0.660531489969804	13
-0.109777891968721	0.695953254554945	13
0.0184622294126781	0.852022729139813	13
-0.085776388068381	0.769626892002996	523
-0.124987925537949	0.584109523790638	523
0.0474192921643381	0.544258439205548	509
-0.04816405372957	0.733552553979362	509
0.102359729151183	0.623447294800468	262
-0.076261899062359	0.551283770528473	1733
0.068809854661806	0.948909737929236	1733
0.0927122385314389	0.930378943772789	433
-0.099871614863962	0.629472808826815	433
0.119874181216281	1.13862242429252	1088
-0.01153236239277	0.865515026508775	98
0.114644537564197	1.28394979132422	98
0.037335841087808	0.446625537869965	98
-0.075492417745914	0.247940736019704	98
0.0923778990823419	0.598062640063496	98
-0.124459712145138	0.236319229026104	26
0.049215200275232	0.452565176340552	26
-0.059640820526762	0.475621525240495	26
-0.065719450880854	0.549744649938467	72
-0.071169931205057	0.715378097255807	72
-0.095520191326348	0.498983848355283	72
-0.046923735784031	0.429115629215	72
0.046358410140337	0.59704156332658	16
-0.109689294374327	0.401321485771405	80
-0.119995351584273	0.233335579498806	12
-0.069594097294106	1.71563792192015	13
-0.117121966881993	1.13050235311028	608
-0.081295882244938	1.24248988304751	608
-0.056113797871454	1.18766216153249	608
-0.050557279409648	0.889996590561986	608
-0.115640850119394	0.813046904672177	608
-0.07988698972881	0.736923702972658	13
0.030604681975729	0.830423237491736	13
-0.047257420344872	0.771000912044053	523
-0.061795894538407	0.680077156018042	523
-0.052520988410361	0.486481545048851	509
0.079894094969197	0.824889398308965	509
-0.036678017833171	0.643505549714487	672
0.00824063258628305	0.741306642373743	175
0.080352011157545	0.848360068576764	1733
-0.073271967744855	0.648901271141182	1733
0.00400671266738395	0.814899522296578	433
-0.11372789337602	0.627907617442749	34
0.07369591542772	1.05355543180919	1088
-0.047630775886775	0.811857802018011	1088
-0.096657917520359	0.57553779975835	1088
0.025132953811894	0.441466893999624	98
0.018572277499836	0.360506318285767	26
-0.090746210790414	0.405534846866422	26
-0.106874695880949	0.52667415005665	26
0.054857788244681	0.360906570180452	26
-0.047160158135599	0.632464941178895	16
-0.103166411247815	0.579599918561516	16
0.00835779322146402	0.764941414831711	16
-0.038199885669287	0.451661271518427	16
-0.089746110306693	0.243006799137782	898
-0.000971521469671999	0.429387822179421	12
0.014340767297943	0.351553881035522	12
-0.00174155106631102	1.67635457360847	13
-0.026125837771182	1.15089492995487	608
0.03705006939411	1.37247979068165	608
-0.084284831374341	0.747307901717213	13
0.046510824690175	1.03495770067936	13
-0.082271905399807	0.712912555975239	13
0.017812540708952	0.955787687681437	13
0.084005561788433	0.999045272740316	523
0.113911497936642	0.769356742218838	509
0.061017768386931	0.613080123065524	262
-0.088649575764393	0.409541238911342	262
-0.010346280039751	0.724292182262005	1733
-0.101807318762608	0.487238699828417	1733
0.011594423570616	0.808139044652742	1733
-0.034697201941195	0.556621493113664	433
-0.00513673997109299	0.796418663879668	433
-0.043240059796355	0.636379546429958	433
0.104625526553858	1.01587440735514	433
-0.078866507810917	0.728119631054911	433
0.02199093949895	0.849729829713902	433
0.013734177334348	0.993366443633853	433
-0.103812326729362	0.560560655415457	1088
0.032593492270914	1.04658267917482	1088
0.022338337074449	0.732877856573283	98
-0.032656058393906	0.336053648516174	98
0.124018591235533	0.587053919128991	98
0.025483377755481	0.447466914084035	26
-0.120164116560342	0.45002602363412	26
-0.043615872947922	0.55072691253209	16
-0.090567973207377	0.474796314262803	16
-0.075728931580176	0.52764208576225	16
-0.042125341617083	0.491808056049174	12
-0.091707902314319	0.409470656198115	80
-0.123367588080864	0.398893177567271	801
0.122346302422252	0.545220763137886	12
-0.12484886147112	0.860196422099794	608
0.069512834888497	1.53708776790093	608
0.122376368355652	1.67608528890797	608
-0.075155789273484	0.853985016756759	608
0.070615427353645	1.07838328068119	13
-0.09142815186364	0.466826079400194	13
-0.027648103406317	0.621410562471135	509
-0.123817445875486	0.474732079830087	84
-0.068920400305989	0.469664814897059	509
0.070114503501851	0.769372448961425	1733
0.0440977807181	0.728445649290236	433
-0.068647227391133	0.480123697837641	433
-0.00903113846718301	0.646336477092486	433
0.047055674058781	0.665726522878536	433
0.106507400971027	0.850033311371142	1088
-0.021426588005582	0.585420675807059	1088
0.030554020875582	0.833563173445572	1088
-0.083658766309426	0.477106261857364	98
-0.096122424063753	0.40406662660587	98
0.041528838655758	0.593630699924253	98
0.068627719874758	0.608494448870495	98
0.00984912283496797	0.4935781101334	98
0.012241455314752	0.351451185157013	98
0.015449650819094	0.429531841062622	98
0.047159180598169	0.451190941250205	98
-0.063050728412652	0.392725649259417	582
0.068431829045135	0.590716641244504	26
0.000290248118658965	0.560413968480849	26
-0.06125604367122	0.492148927703405	26
0.046562627358548	0.513961522141166	26
0.064577535030562	0.597502637706218	26
0.004352342324078	0.575298240185232	72
-0.052716777758047	0.463529971612828	16
-0.048631113292035	0.477899144258581	16
-0.039599713182357	0.496995060341165	16
-0.016228483665116	0.443913714723864	16
0.080896555017407	0.623266919350062	16
0.0835233162943661	0.448490513930881	19
-0.000296588700990974	0.423853057120807	80
0.046056512836153	0.424521513901166	898
-0.018321149344923	0.435686752707729	801
-0.088018111804205	0.337999681150719	12
-0.020705296591115	1.17856605158701	608
-0.011615573128827	1.09613074555794	608
-0.093388120405606	1.01794340815841	608
-0.0737150424212	1.01633232019356	608
0.015370279419832	1.19896112486421	608
0.00308018307615199	1.02808308499563	608
0.00187336718497	0.716138134574747	13
0.022239337660358	0.513483921038409	21
-0.043019700285994	0.575528427967543	13
0.115379221297026	0.642244661173648	523
-0.075451660497019	0.686960692906708	523
-0.074609198540541	0.641905508325973	509
-0.096564514259902	0.470774819001934	509
0.07257316340077	0.753167662452032	175
0.106904327435131	0.639496225156881	175
-0.053633152868615	0.458723826139883	262
0.104815437790062	0.784458446063768	262
-0.105038861848967	0.409356471232026	865
0.100273722044131	0.700751484076211	433
0.039786511568383	0.536934373730196	433
0.0628508750085151	0.667992971015291	433
-0.031908597592279	0.505707325886513	433
-0.033410082248899	0.332749504439073	98
-0.059701441517267	0.415450261095266	98
0.088938763172258	0.464995285839449	98
-0.050712664197081	0.39024860437022	582
-0.105001174089366	0.393277162670266	26
0.034558583639367	0.708314079967048	26
0.0122301686101221	0.516755930338383	72
-0.077978382580785	0.317700234609511	72
-0.047837472984629	0.49696296330169	72
-0.017104898464306	0.653196606018019	72
-0.121237427000294	0.317160871021421	72
0.043587481457134	0.533092447219194	16
-0.044171370446112	0.556077646676337	16
-0.058388696713453	0.337926808535907	16
0.02489430298104	0.445918170677231	860
0.043326877185389	0.593201298891291	12
0.019830546825549	0.441018021531194	12
-0.019122934016166	0.439383616518221	898
-0.025568207144524	0.344130758857401	898
-0.025249842260879	0.333811340949106	898
-0.063184565738561	0.327949499324111	12
0.108426951256696	0.551203956769411	801
0.077923728325312	0.535778667571777	801
0.067384539628463	0.549145931630773	801
0.096700685676155	0.47041735106238	801
-0.11852273376765	0.156167655789556	12
0.028851110928956	1.43580648609234	608
-0.121557454952931	0.832340016485678	608
-0.028198182234395	1.02758053308889	608
-0.053200734080549	0.610919910717944	13
-0.098540951794451	0.648257211300826	21
0.094921659519789	1.02572303185439	21
0.124040373172811	0.718634993119716	523
0.052524530452293	0.683687801338726	262
-0.04413994539889	0.645376711057267	175
0.031499023102238	0.684517537933423	433
0.058477231419045	0.665072100273931	433
-0.121101107665499	0.444232681080762	433
0.053887725262054	0.735877889084051	433
-0.070504363716481	0.540087237913228	433
0.069777323709404	0.686267864513034	34
0.076514950845634	0.806920707332403	98
-0.0494916028728	0.421035267708096	98
0.055915808109723	0.451624852936676	98
0.119312821711454	0.554603007976868	26
0.050535837448383	0.576522617056191	26
-0.098005354880802	0.395197062255494	26
-0.00911359460527	0.501149902786095	72
-0.107015591537108	0.39552889194096	72
-0.09293866534546	0.403597195754649	72
0.063198825151298	0.601211878908969	16
0.103436739718938	0.638253579356542	911
0.094346049602078	0.562389204448111	860
0.028940388977389	0.422429740286869	801
0.013041650932767	1.42135834932866	608
0.055288274670715	1.04272192111951	21
-0.094653466622127	0.660018857051871	21
-0.069166916524811	0.485018311333963	21
0.091988052233586	0.783957513701643	21
-0.014457806122947	0.582508671529337	523
-0.015128727429124	0.440121817519776	523
0.066373210074981	0.744733577298476	509
0.084539981696766	0.829115131634766	509
0.06420174455005	0.612968966942023	509
-0.094546131781289	0.331666651540242	262
-0.036965177791215	0.558563223309254	175
0.117830211852361	0.861809888003982	1733
-0.051765197522887	0.491336114418845	433
-0.10651362161163	0.39549159504071	865
-0.116338758724333	0.408377471244086	433
-0.047899039287851	0.555678084627315	433
-0.036284544630138	0.494707271164057	433
-0.123367588080864	0.398893177567271	433
0.0782089596598891	0.769122831358126	98
-0.111907210915354	0.400058534841573	98
0.0361637042774809	0.571105013194036	98
-0.04628048590146	0.342561565513935	98
-0.042201996440653	0.249244855658664	107
0.027810982534178	0.263350509834326	582
-0.049358798266495	0.33926747729213	582
-0.080161192699541	0.41810525719604	72
-0.11476686161357	0.394496243482612	72
-0.073728035806947	0.415901958460623	72
-0.103220992308336	0.412374568269484	16
-0.056328028495582	0.424357886874517	16
-0.044547708331036	0.551669243294411	16
-0.037081181378591	0.261406230536842	12
0.00460437025646099	0.342515533222747	12
-0.031813731823573	0.26104367926394	12
0.013192503215873	0.363956784613941	801
-0.020598160260964	0.437041754255743	801
-0.025660862692238	1.32031958059657	13
0.019565350145668	1.33529274216039	608
0.0689169614967951	1.43882087601535	608
-0.123441870105242	0.541024939861146	21
-0.054619766285519	0.639145799719023	523
0.04598159193722	0.672040046629225	509
-0.025718179634657	0.623395398998757	175
-0.024374264160256	0.495823347735088	1733
0.101028047925942	0.904942463873135	1011
-0.100170549150152	0.477618704766712	865
-0.099612402732704	0.400828919556878	865
0.063345374603336	0.539471894289378	505
-0.118790005799332	0.430014451857719	433
-0.076941460651502	0.408952393253632	433
-0.123519597364736	0.329121848931826	98
0.05094321982956	0.92817339622584	98
-0.00239981713944198	0.514310647843744	98
-0.019573794238855	0.563791440423461	98
-0.06268425649919	0.413402711430314	98
0.039903520885671	0.398488072221156	107
-0.079264931188265	0.488756375087103	582
-0.108297841603814	0.331598818401988	582
-0.096352365576785	0.340473884241332	26
-0.015111302388032	0.645837588069439	26
0.087636622072572	0.561947620760087	72
-0.06832063222291	0.487733201434187	72
-0.061961290654029	0.560989416076866	72
-0.084593898246953	0.340391606964601	16
0.097358049740094	0.5420294811163	16
-0.092123068673744	0.464488666625972	16
0.11604758009888	0.653494258721089	16
-0.122901503996866	0.231065645401264	12
-0.045792863373258	0.349806834254857	12
-0.017437381581108	0.350507724202486	12
0.107981776503462	0.617247063199203	12
-0.030677356090285	0.542073217703026	12
-0.010965184054925	1.15237350441171	608
-0.091798048431085	1.00203457854049	608
0.083922667305632	0.455786224410288	21
-0.058994574190326	0.420828402076579	509
-0.120399143866933	0.475045129359202	262
0.116764590205234	0.569247516540794	1733
0.057134679945166	0.451951453243983	865
0.051810130093595	0.839613810943821	865
0.026087083427943	0.456851737808443	505
-0.049234348286562	0.347968927159819	433
-0.121563739761365	0.322255634758698	433
0.088691223199713	0.448553173656841	433
0.051360161683529	0.439384840937947	433
-0.065680879541583	0.403869631027793	98
0.089065529539071	1.54410271841525	98
-0.000996698843433008	0.653489045376301	98
-0.084014082110939	0.375989034248534	107
0.028067648493997	0.51847969621184	107
0.093162383202073	0.474585591903924	107
0.045911041906439	0.674943005707786	107
-0.108145458216996	0.503169840525381	582
0.011108420589215	0.357237515856826	582
0.014361458236869	0.854562574451892	170
-0.088345940762031	0.3375330486671	26
-0.007306966466754	0.434499161552035	26
0.113078407652457	0.856389993504678	26
-0.103151372365785	0.693616440533557	26
0.047039064878883	0.726744862227073	16
0.055027636272719	0.363569025457193	16
-0.091134530272798	0.450144368232973	16
0.084306113881785	0.62030499477036	16
-0.046793241828573	0.348104708690385	16
-0.00173745629335897	0.504615959022048	12
0.0979443924558771	0.774326500680363	12
0.042266601777099	0.711787847590165	12
-0.108873662306244	1.61703996617825	13
0.083875730370484	2.20251575545822	608
-0.048238235503523	1.21110332419818	608
-0.016233806165459	1.10270382439138	608
0.11001887602327	0.900302764684019	21
-0.076038990354402	0.680156917501756	21
0.065433116041299	0.879451831185325	21
-0.119440508843142	0.391296966547133	509
0.124497569173898	0.86568898208878	509
0.00125356401069399	0.64883576790524	509
0.019444249367537	0.604261970356942	175
0.046061675644413	0.660936770721838	262
0.111110191086731	0.655535747570781	262
-0.032756075377089	0.837798531337605	175
-0.107827233830028	0.481053237854739	865
-0.106737744132664	0.472955080573358	865
0.080950385977077	0.853569455255917	505
-0.06210233959514	0.475982742537922	433
0.0220157022927741	0.65980799217684	433
0.012776380587713	0.812597905559772	98
0.061739474989265	0.846624158138276	98
-0.118477215865942	0.381190604077937	98
-0.018805501215371	0.506639841608931	582
-0.079640841937343	0.390036258440455	582
-0.060293963859732	0.477430568951342	72
-0.018225556846653	0.612003331728771	72
-0.013100636969508	0.544245195824699	16
-0.060183842083353	0.470861309003146	16
-0.021356371401158	0.546431331328694	16
-0.062278212933715	0.470461880507827	16
0.00618035687084995	0.525734036359115	12
-0.051163813955628	0.341723378665579	12
0.020249783806825	0.425978757866599	12
0.028479724404311	0.497641640515329	12
-0.028928987149312	1.46601961226644	608
-0.091215235690915	1.00046921816432	608
-0.096551686920478	0.958781264013053	608
-0.085029001279227	0.690031796513504	13
0.120730865706487	1.31128766405266	21
0.040312117938695	0.911155303224899	21
-0.074921072814938	0.565381040083968	21
-0.026265374466353	0.572452228106966	21
0.048395770966141	0.789290778367078	21
0.076466956771005	0.670298296048193	84
0.052642378574995	0.665055617474286	509
-0.000013774377982001	0.662399003291814	509
-0.047404169096632	0.432113106694068	87
-0.054800127497616	0.418722379521402	865
0.050219915739826	0.787485836582569	865
-0.00240881565590201	0.618871598117772	505
0.0646313666010579	0.617625041969463	505
-0.109486101103587	0.475242804800664	433
0.0761926819440451	0.797344196116979	433
-0.004301936898572	0.593475232211979	34
0.0388386776762431	0.74075824979103	34
-0.122787347131129	0.382194607660438	98
-0.043125102179974	0.485634840111647	98
0.025697941289072	0.743060960385783	98
-0.12146944770126	0.487386032528338	98
-0.08613758603311	0.334769155404624	98
-0.108316427155936	0.327238810354144	98
-0.055530185411137	0.408305773838853	98
-0.086040280931148	0.24717813066324	107
-0.097026893884587	0.445829361003397	1365
0.018464984851836	0.595152573968179	170
0.099712795530522	0.769082100820159	72
0.089865769275151	0.640329073782771	72
0.00834439657809505	0.576762062621527	16
-0.064206637420253	0.388362342589174	16
-0.116586017101891	0.320764716164405	16
0.00893549843964303	0.358911410104566	12
-0.078719416908968	0.326311999481147	12
0.038293401950568	0.442576072823174	12
0.018295318463985	0.436829063969826	12
-0.034828164091049	1.33483386532181	608
-0.014406387429568	1.23350603570145	608
0.088834174452466	1.14714142934886	13
-0.028559510026017	0.734608053215171	21
-0.032829904953593	0.774190006980665	21
-0.070898019121531	0.40209053763349	87
-0.060353339536597	0.428002703424815	87
-0.027306897212539	0.497874464317582	87
0.060340052246064	0.61628535573545	87
0.118190486275735	0.67799877501743	865
0.056816017365773	0.757010546559636	433
-0.033987676709037	0.727870329569372	98
-0.051220935021456	0.575139137421138	98
-0.03556178720303	0.630057817678118	98
0.043702124091506	0.523254581192571	98
-0.060223288153106	0.327254386043012	98
0.015069474494204	0.559419108904895	582
-0.086880398157359	0.367619954033693	582
0.112476934512216	0.76424136505084	582
-0.066768158365214	0.571968622636296	582
-0.088304479591575	0.418342577149031	26
0.089430685512614	0.78023694267743	26
0.00485017704394497	0.580497811341867	72
-0.123938486308355	0.397296276633518	72
0.03646741241457	0.666532681557329	16
-0.055823946556983	0.322075906021138	16
-0.02036941677793	0.425744006364094	12
-0.07453386365939	0.248956306710966	12
0.113174700006352	0.551933683595663	12
-0.086012579327524	0.235174818817135	1956
-0.091416030846365	0.683161890253016	21
0.058026947435745	0.975669007848069	21
-0.054249372350241	0.679977906598325	21
0.055810066331484	0.748855812422659	673
-0.037799938795264	0.621555890354235	673
-0.123336741957875	0.388447558726529	509
0.057186019792105	0.672958353242876	509
0.107949294846286	0.765756349194773	87
0.0234621781550231	0.893470392247959	175
-0.092226162093697	0.413779666791792	865
0.09973113868367	0.706117503904926	865
0.046799066829832	0.672076794554963	865
-0.0598000187793	0.536155309586387	865
-0.079630777602255	0.554351112578738	98
-0.026300812654394	0.561837174361661	98
-0.108466330335682	0.475815624938292	98
-0.037014268188983	0.641260225571892	98
0.084137671251359	0.543154433528783	98
-0.023234103576567	0.412755098364518	98
-0.053733406271768	0.340055748062824	98
0.085629568766768	0.467107967379645	107
-0.058068269278254	0.425400577134973	1365
0.032493017120763	0.601470699304748	582
-0.069339181849811	0.409562561833397	26
-0.031218311114757	0.486551533163279	873
-0.064054596058208	0.481285983378244	72
-0.097488509416386	0.328201889374288	16
-0.112661364602083	0.471035481374616	12
-0.031389497968665	0.340383020804943	12
-0.123982948955844	0.230412712241588	12
0.0903330021470951	0.620605913070848	12
0.023416417070194	0.430474994601969	1956
-0.113438339847997	1.23602603894126	608
-0.051113033579509	1.50938006003215	608
0.073651089320266	1.80079931949087	608
-0.113971220058145	0.512895025679076	21
-0.024937534656665	0.86448013162517	21
0.09068338064255	1.07558481065765	21
-0.123074176350711	0.604788059288411	21
-0.094319238347191	0.572269603199258	21
0.055425154383025	0.891006566323281	21
0.040552271834553	0.715389797071854	673
-0.121306395367352	0.400575835725968	509
-0.086695642840806	0.474142203974529	87
-0.0780527002647	0.453397534228334	87
0.017498724316989	0.512914999197515	87
-0.11628544694512	0.557310985447791	175
-0.079035185692703	0.492942676201279	175
0.0708405955274241	0.733176216765254	865
-0.023975865519206	0.613338862546886	865
-0.120520878208748	0.503380608270519	865
-0.083877684366724	0.462859275503013	865
-0.045581815093533	0.731153406700494	505
0.063824008327143	0.767850605162745	433
-0.010231323148526	0.643200795871572	98
-0.00740009479520498	0.774793839684519	98
-0.0635713884882	0.465084710369549	98
0.099694708493189	1.07722424909305	98
-0.024078509252488	0.575431506596114	98
0.00493418755529995	0.514864979980113	98
0.00124434727456901	0.492242169627052	98
0.124734898924586	0.973702767731482	98
-0.065077120740302	0.338291098473698	98
-0.080802111996166	0.397600212479728	98
-0.053360962196556	0.336073573940212	98
0.060627180818798	0.370562024129128	90
-0.023502836146184	0.34034396810295	90
-0.036907233916259	0.38751189841288	107
0.00102538502274996	0.58626272064533	26
-0.114244569986938	0.41048572967976	72
-0.086353126348011	0.474977517207869	16
-0.108595209003185	0.446748900204139	16
0.075748017043563	0.596384524382262	16
-0.110163898468986	0.405041207608852	16
0.058977541130847	0.540117467773076	16
0.010316617759907	0.528811449413204	16
-0.048173717811632	0.430237222287316	16
-0.028784804053489	0.483873243730257	12
-0.092727108604652	0.329036772977188	12
0.10827426342736	0.660231627664641	12
0.08873744019623	0.465204265355232	12
0.033910143780266	2.14709715434876	608
0.081502441536389	2.14593339598783	608
-0.031259289015167	1.27413080093527	608
-0.017112295807288	0.723842694092284	21
0.03955265640546	0.822151050134753	21
-0.118411307845827	0.529422112021698	21
-0.113186549173469	0.455661349523649	21
0.010169384325568	0.663710747792617	21
0.091851859848564	0.63295672623144	673
0.111075205818563	0.717249706134994	673
0.101308034784157	0.705714425618419	673
-0.056801806558004	0.545683690701918	84
0.00646153801573202	0.500702868303213	87
0.053118929981553	0.520684907215958	87
-0.123894589295036	0.395700138455856	87
-0.015290255018714	0.573521780707791	485
-0.122868611313333	0.471821916917355	865
-0.099176807314927	0.475208221728047	865
-0.113519709865011	0.400682500247792	865
-0.021462245674102	0.622122925136329	433
-0.023000266133587	0.569548836103572	98
0.118137507441563	0.54843549490992	107
0.088320381277688	0.475041412290005	107
-0.039669953316346	0.422821762277316	1365
-0.055101722836579	0.341630506907767	170
0.106215479925226	0.770559217996657	582
-0.114198732571429	0.463397555253568	90
0.096102871178843	0.773025477146617	72
-0.025351276471264	0.564322998082352	16
0.019503207586181	0.592872732572904	16
0.091408185744402	0.636836834859337	16
0.107605349628551	0.64466463200757	16
0.030445822151524	0.532648305430261	16
0.115053905115828	0.525787541656049	12
0.0244263497194041	0.436926019005264	12
-0.05506199714154	1.97414273399953	608
0.023898591664509	2.18264376050711	608
0.00844036229159795	1.71148803763137	608
-0.00844436775938601	1.71037118143647	608
0.055205007661205	1.85985271035561	608
-0.10782632093315	1.06012438778304	608
0.028517928124155	0.976890282019531	21
0.02196823692968	0.850772781170638	21
-0.014151499378196	0.583397528893535	673
-0.073046974814426	0.465319031824349	87
0.031498382776777	0.6319996434622	509
0.105254267804702	0.711478515338936	87
-0.088760912520637	0.41591580764518	87
0.020840748559638	0.620875847230594	175
-0.00981008401542699	0.55993208398838	175
0.019744263163511	0.657633419098445	175
-0.120030438672305	0.436952025483046	175
-0.120798946105527	0.548359457069752	433
-0.046170759703539	0.637886992325739	433
-0.047902220401229	0.563612900213973	433
0.041284692408683	0.745377592971256	433
0.00255367854003596	0.647924315060124	98
-0.052420884587887	0.490015644716409	98
0.110355128036388	0.837536756160695	98
0.052206975411828	0.573879361255508	98
-0.088107850185596	0.246844422153108	98
0.046860064529424	0.433735510254929	90
-0.011014403287673	0.488410341164638	1365
-0.120913672614062	0.325644044005701	1365
0.0954442671167221	0.467392654943237	1365
-0.097829044528186	0.338163518993791	582
0.069176527736131	0.624877474100211	26
-0.04651286856526	0.500733319291772	26
-0.044812126958403	0.42653773592325	72
-0.079918885870654	0.48012898121147	72
0.034796107120363	0.525991068308005	16
0.103861655106671	0.755984789889854	16
0.0219729226293141	0.502553997317517	16
-0.085451167781947	0.416108353458755	16
-0.09845931630141	0.327453160233368	12
0.095603242780848	0.595645729001165	12
0.0379187694294501	0.611727956116281	12
-0.123043048994911	0.324147377920938	12
-0.092059639023115	0.735119912199977	21
0.072560669606534	0.969614706345409	21
0.00573375430939704	0.862986766413108	21
-0.00426299644448702	0.733312546640499	84
0.08388679429521	0.621302737087099	87
-0.012211356641433	0.514149791746167	87
0.036707818020332	0.907261006810147	485
-0.060221897351357	0.738406899254142	433
0.116130703599217	1.20219433051721	34
-0.121473033575206	0.557141227512936	98
-0.119149371240016	0.531239440908352	98
0.0710287950866591	1.08440292022451	98
-0.1152531023123	0.577609136097179	98
0.00113954900347701	0.705164599877038	98
0.052804413556341	0.45824224501524	90
0.110735230629379	0.778273914500382	26
-0.00519681396395999	0.711768457231297	72
-0.116496564825928	0.535894290049731	72
0.05174993219644	0.608251025939433	72
-0.00624905129251902	0.644446898704556	16
-0.057419235148122	0.558487989185162	16
-0.070529676479629	0.472657814816638	16
-0.042393962413718	0.547690876768567	19
-0.069883856049318	0.341403851019417	12
-0.016243794868806	0.623451622310935	12
-0.098655353689485	0.38825753043865	551
-0.049750971720518	0.473466021072973	12
0.117864773511897	0.573652983180272	12
-0.047597093448976	0.343093945759639	12
0.08397315664326	0.533734306084114	12
-0.075090134133176	1.64492283979395	13
-0.077519643757598	1.5891570566458	13
0.088694527809277	1.34266465156931	21
0.013951981205533	0.999502800999315	21
0.087896711234466	1.1815078498136	21
-0.033511093995271	0.919749696188205	21
0.090543114504179	1.11307750898419	84
0.00298565066280698	0.843456887579572	21
0.050663238202827	0.827279772526324	87
-0.033591450568156	0.504826517313562	87
-0.075380676818167	0.419645371664969	87
0.0327976241388051	0.743387485040667	485
-0.124281714692692	0.48767790989212	485
-0.032099789589928	0.778082818818681	433
-0.026641911464467	0.810698853076892	433
0.048427864165467	0.887137784452753	34
-0.092723778792004	0.585251802985778	98
-0.040181672199735	0.662168983611908	98
-0.081527170781355	0.618156760039639	98
0.089035497507695	0.630310583649384	2305
0.12147086744928	0.560229761218097	2305
0.059537246321464	0.666433469898698	2305
-0.02130964701048	0.435609757514415	170
-0.112868509867685	0.398388139050196	90
0.020077940609621	0.741160753835023	90
0.042953570466839	0.674576328613032	26
-0.07039014974564	0.578530778815465	26
-0.052795952595007	0.429291427397232	26
-0.067185455901591	0.605966952844877	72
-0.084610470684994	0.45261530382555	16
-0.09792781127337	0.46584584389924	16
-0.028681075377154	0.600106716849772	16
-0.120804068945524	0.445052781796411	16
-0.00757144450937097	0.591787228873791	16
0.053159441493443	0.688836095356458	12
0.097364563325101	0.543016121477112	12
-0.12205239781904	0.32315459998007	12
-0.077121985449502	0.705507641147187	21
-0.078869083216739	0.686470192248256	21
0.029037384818955	0.741404895625083	21
-0.095228872888037	0.48038696792607	84
0.074151594047412	0.695144671411041	87
0.072237249130589	0.755143318476178	485
0.009710392566331	0.663518685914109	485
0.091988348688595	0.566273586106094	175
-0.064746259969028	0.401930621882733	175
-0.019388010143563	0.641941788927798	433
0.115391060011049	0.92838116251794	34
0.000133398988639954	0.734429724431397	34
-0.057471061614235	0.638034335308319	34
0.0292606632463061	0.810647712244256	34
-0.090736595326193	0.471225493442034	98
0.016416102376021	0.349466121532474	98
0.036970937325828	0.275445049819313	107
-0.002611436476329	0.43917704047544	90
-0.109304570361216	0.320749076576457	26
0.00253813148426796	0.486281860401357	26
0.060854771114822	0.743589445419454	999
0.033739275368356	0.523379471118516	72
-0.078124323743764	0.471241909692234	16
-0.000465613377177987	0.517483489820414	16
-0.00354201160802797	0.504693151876292	16
-0.018457868566767	0.495052381054595	19
-0.100738254996185	0.316943650485762	338
-0.064893448324164	0.31942744927732	12
0.00898170094745499	0.344575379190173	1551
-0.020783782310541	0.339045232665607	1551
-0.081944067927904	1.79760328473702	13
0.010096862219899	0.930082051897451	21
-0.087332066267674	0.384353766712377	21
-0.106003200526298	0.400966048650589	87
-0.016319963886509	0.485280681771741	87
-0.10441874283989	0.480547002585498	485
0.019629545568002	0.577392976567099	175
0.115597686514688	0.785466442770831	433
-0.104835411302721	0.475863168372329	433
-0.092126182433946	0.67335615274474	34
-0.022458125253954	0.624380265454573	34
0.085775000716122	0.913096768253936	34
-0.121720553152677	0.465925257557814	98
-0.059672140718069	0.322031432483542	90
-0.03246047114762	0.258696078218971	90
0.041690830320133	0.44767179905562	170
0.017824429670952	0.58017749310542	90
-0.063825830316966	0.48704558464449	90
-0.055655311502767	0.549088775552379	170
0.065785576676446	0.743522539306986	72
0.014362910775415	0.420559593116683	72
0.019872548266431	0.636503564761888	16
-0.042733438548606	0.483462111589986	16
-0.095200179860929	0.398789783239115	16
-0.052427916713234	0.419171185215267	12
-0.118853029241936	0.239430191626706	317
0.019144947660459	1.02394259829307	21
-0.043233360804187	0.925174116874017	21
-0.012239684807539	0.768243976259361	21
-0.01009795386869	0.631872254973594	84
0.052316723794434	0.909545953877177	87
-0.081056338285224	0.23361143830103	87
0.0282013900936901	0.515927277241308	87
0.071866359809405	0.905195455997921	485
-0.083138460701373	0.61767541589571	485
-0.022270960424114	0.687590670990693	485
-0.077336743792991	0.414238133751756	175
-0.052193912685785	0.670721037489064	34
-0.041512165677145	0.624043548633216	34
0.123668936276995	0.578063037391328	394
-0.032985965600957	0.163523898735959	90
0.053701772599861	0.366218720972896	90
-0.092801071062818	0.238337487869472	90
-0.113038960964255	0.147914215018282	90
0.011603947156088	0.446578934409048	90
0.00728830459309204	0.72858035226692	26
-0.106374321225717	0.408983092060214	26
-0.070913698687665	0.650163438537775	26
0.093326933059788	0.640739105568726	26
0.0238824585367849	0.676716735751956	16
0.00328374510208096	0.688647617918695	16
0.092820316502312	0.567543336546755	16
0.053379012624463	0.750670292500591	16
-0.104002684004211	0.872333394327296	21
0.035493847854798	1.06418820577069	21
-0.074994343105777	0.900061616277606	21
0.053900795269487	1.2855233664988	21
-0.067177691392726	0.752949896863939	21
-0.035549731334088	0.916779124095081	21
-0.10801778549409	0.715095171768247	21
-0.115498110524195	0.604395390898081	21
-0.063254777287902	0.327414398886514	21
0.056196794030838	0.505289069955705	84
-0.07099870039236	0.675170747642646	84
-0.051177863750638	0.488683739679665	87
0.0610967794334371	0.464799187348034	87
-0.075751179605741	0.338426085275942	87
-0.011743311543868	0.412159862342846	87
-0.115657420474716	0.568176040703694	87
-0.06709359311351	0.5708480193806	34
0.047951994305853	0.96598318634067	34
-0.049136341067945	0.907193243858022	433
0.063133146102163	0.980512702500096	34
-0.06153162399669	0.741902981745744	34
-0.09456057651327	0.629391497333673	34
-0.118853029241936	0.239430191626706	90
-0.079342678643843	0.242965757225606	90
0.0280502400664751	0.270774844513539	90
0.12165290789063	0.655655736094703	90
0.048239218621145	0.433430796148655	90
-0.077459455679793	0.470373656020413	26
0.114918025442269	0.653273057641376	26
-0.024865132817232	0.426804972890468	26
-0.119349624097587	0.544346162164366	26
0.0623285474151301	0.682341765961648	26
-0.013996857131439	0.652644380540078	16
0.119929962259351	0.947126145491975	16
0.051169770137518	0.665019785507223	16
0.045055666610119	0.273050900413302	12
0.084144528376822	0.466926746467853	12
-0.100479344544025	0.810843256125767	21
0.054566203915866	1.31386972489506	21
0.049647550311886	1.21087712131408	21
0.00120852269862304	0.916331080168192	21
0.0797937619807541	1.22768326079425	21
-0.11247250373268	0.327173017886053	87
0.055551178692813	0.754652930799229	87
-0.05730254684307	0.639216112218391	87
0.035853486593305	0.83115479702732	87
-0.041973074906464	0.687503063758522	433
0.116633952844752	1.08134118159122	433
-0.023142641661691	0.795967918619718	433
-0.056555382679429	0.634631480520738	470
-0.092408118443698	0.471579062110502	34
0.0392387535858521	0.274443231722855	34
-0.036906212066806	0.404091746234148	848
0.08576617332778	0.437888618082803	90
0.061904552202206	0.3626333098096	90
0.115221714045843	0.561502501496902	90
0.061360765961553	0.549733486738105	90
0.017835250101666	0.567633205370632	26
-0.036451223590164	0.551433060521011	170
-0.03870612539723	0.421347577841324	26
-0.102496826195561	0.401587558141666	26
-0.104121891450372	0.54395465423708	26
-0.098166130294437	0.515746792710916	26
0.042624104769999	0.277731666652572	12
-0.100591621044698	0.319743133656816	12
-0.100818380192415	0.322544937623668	12
0.0583912024076531	0.545295143612442	12
-0.113391502318671	0.326181968102368	12
0.036168910728957	0.267870005314007	12
-0.09103559193147	0.239923494091313	12
-0.05781442296886	1.01831872323938	21
-0.112998477281417	0.678801278337193	21
-0.097043580293398	0.627285601193463	84
-0.111056968947174	0.452875112778582	87
-0.014851824217778	0.641528077688987	87
0.02228386469278	0.657787344374919	87
-0.07353574731968	0.639426384163509	87
-0.109397816110251	0.578027824858154	34
-0.00402361645888799	0.635332030097633	433
-0.084997174619717	0.46025939354036	433
0.117361678957497	0.862875606676674	34
-0.070596266382507	0.691806033276273	34
0.014423170751647	0.42351374284685	34
0.00329741205280598	0.445629923182286	394
-0.00865814131647702	0.422481330853012	394
0.0646901953860341	0.453775414147532	90
-0.02542093447228	0.328494154603372	90
0.016059852530747	0.432399528841129	90
-0.108061523122084	0.444496806196321	26
-0.060360628957866	0.449349698667254	170
-0.114437907784826	0.393301875285566	26
-0.022026136673932	0.609398031609923	26
-0.109108169583499	0.398545229724883	16
0.037751959158827	0.605727422627913	16
-0.098702017609913	0.405939488783392	19
0.120339482534115	0.653582953863849	12
0.055915808109723	0.451624852936676	12
-0.103846285471003	0.33740166546992	12
0.033558483829493	0.446462327113027	12
-0.117362575995476	0.242199563470805	12
-0.029926720227424	0.550297844438158	12
-0.031913259193617	0.616897467845113	12
-0.045797542270014	0.709717623939422	21
-0.012376952810551	0.892060655859297	21
0.094535202827682	0.859108604473011	21
0.09906221483626	1.2939130948137	21
-0.057780084899281	0.561480149399115	87
0.011878183246528	0.516177142008037	87
-0.083812085669764	0.459620991886983	87
-0.111069199898815	0.407973453276884	87
-0.025330873187154	0.644960989433177	87
0.072107049009525	0.618196285156133	87
-0.094401618000992	0.41187339354652	433
0.023817083510116	0.548295811568492	433
0.075310597872295	0.696281704399499	34
0.100884772237985	0.779842782025371	470
0.058713626236632	0.634260532439388	470
0.00223444023523001	0.584856710909424	470
-0.019016763565335	0.633075630480938	470
-0.123449924022129	0.648280780593009	470
-0.078774001067367	0.650045995083726	470
-0.088566030734748	0.386254567855932	34
0.062283770604924	0.585264867877736	34
0.083382693206762	0.707460031383528	394
-0.083147031579545	0.343224205542187	394
0.115877643219319	0.543879310040678	90
0.00791166133620203	0.496597063480174	26
0.091851859848564	0.63295672623144	26
-0.085127739946943	0.412961981854928	26
-0.104153879266935	0.457574439513492	26
0.099341166823171	0.63220460117655	19
0.080522490988036	0.430145380238969	16
0.011231955627221	0.508067439501167	338
0.0884487877065741	0.543299846170067	1197
-0.091673497366513	0.315068406714284	12
-0.03444559720187	1.0633204499802	21
0.078750007422295	1.14317719440424	21
-0.070734884349031	0.609448472971103	21
-0.031445402074881	1.12497868259348	21
-0.111067478404505	0.565760132852676	21
-0.068980385867606	0.718142167297842	21
0.049518871053769	0.757855180998045	21
-0.097488203655	0.47176454688652	21
0.069867838791565	0.805040682205181	21
0.054337629342918	0.646165625429899	21
0.041939556384803	0.591036806665155	21
-0.034034783322534	0.947587081340471	84
0.0864268545333	0.729807381355314	87
-0.028408690350577	0.43130070621612	87
0.106170375373836	0.632617208230952	87
0.023610742935109	0.870609701560889	87
-0.097344911747223	0.46813063068604	87
0.083955121975735	0.949598484654064	87
0.12110879022053	0.704456094733735	433
-0.019022431233915	0.499266792369511	433
0.016407281485689	0.562848924626331	433
0.064536914188555	0.548812629477457	470
0.112528795732352	0.65064756598531	470
0.064588410079138	0.83053382352311	470
-0.015542017029171	1.13738715079938	470
-0.030136056426369	0.477769501378166	34
-0.00792355188383898	0.428634112672378	6
0.067899716020156	0.464175761000307	6
-0.031930789118422	0.581994718318024	394
0.017843610628014	0.448116903067078	394
0.012158025174739	0.361193408247363	90
0.024811854948313	0.530976268340542	26
0.00395286558128405	0.579856965099999	26
0.09919915500007	0.937519715694437	26
0.069164791127775	0.53443028800129	26
0.021874902138735	0.350550926143348	26
0.010024878562622	0.360118060261901	16
-0.084619130674115	0.411809571427548	338
0.01437571943077	0.356788111137601	12
-0.08662442738709	0.545510116658972	12
-0.044950383761961	0.925430121014486	21
-0.124742406967486	0.775005163830361	21
0.011736473247144	0.739090356211388	21
0.106855037602961	0.848821785347346	87
0.053652539177339	0.755603696035723	87
-0.04779430299847	0.481191501155708	87
-0.059976939072408	0.488174579349961	1015
0.06256407960132	0.80707588948584	87
-0.108686127436558	0.5738857404825	87
0.025846798383228	0.663077697065657	433
0.090264126964787	0.757385786637392	433
-0.036859353019796	0.505907943533334	470
0.0535533428028811	0.524212539477641	394
0.076273314703959	0.879446260117702	26
-0.0387666725572	0.495323717468067	26
-0.077853989464594	0.420199162191826	26
-0.054128706727457	0.462638702101249	26
-0.106077599787706	0.3779995334118	16
-0.070730455085131	0.52407878604131	16
0.059180742453107	0.677660367956422	16
-0.074667927642883	0.399802163150751	338
-0.054297985197533	0.32669853382889	338
0.121367366062887	0.57787130247687	338
-0.045164173090349	0.400926843093359	12
0.06452213595303	0.534222129421598	12
-0.077785903941788	0.336203822572511	12
0.028704692757014	0.597089665965547	12
-0.047995667005961	0.410594838573721	12
-0.106205989292913	0.399177962503181	12
-0.04961806488284	0.491047046300755	12
-0.07052135105903	1.37422404815135	13
-0.121224542043948	0.854131250774921	21
-0.000475173244795013	1.25266324654245	21
0.03958793934688	1.18226431038014	21
-0.113320614186301	0.760691775661213	21
-0.112299595317667	0.564201139004142	21
-0.02495637049336	0.889582493875663	21
-0.114757246292088	0.463490051235086	87
-0.049764581838182	0.678228787923703	87
0.054959294735296	0.744973304632372	87
-0.120567638546218	0.468605486650264	87
0.072189767093217	0.673862557608642	87
-0.047050428694954	0.703742049445186	1015
-0.038285188834465	0.630025433101439	87
0.053173869794669	0.743000959659751	87
-0.049602411694574	0.647204564979357	175
0.031217125848094	0.858479461935626	433
-0.09585009537831	0.554351102072241	433
-0.037800703630776	0.661996099665292	34
-0.084649833289181	0.522975021463068	470
-0.075171347926312	0.636202447075069	470
0.093741734559366	0.931019914026838	34
-0.064623964947409	0.614834707704651	34
-0.118686212576246	0.462154412963624	34
0.048794404894285	0.671412970280778	6
-0.063624828735306	0.407016601608415	90
0.104930487066457	0.69313937876655	90
-0.014472437970126	0.708036925474799	26
-0.028613248019348	0.735629278067833	26
-0.120983523996298	0.402293066118981	26
0.058372756185044	0.760430484924588	26
-0.050764491174984	0.629655496388324	26
0.022290647773346	0.522855668752884	19
-0.037068601214428	0.589054551118898	16
-0.117414462592219	0.407442552704605	338
-0.00883591271749901	1.99667198773197	21
-0.108813300103742	1.40056828224611	21
0.0129321459901171	1.699006093022	21
-0.041293740683385	1.15411961301553	21
-0.116652313406199	0.654303169293189	21
-0.019270020155937	0.937689401157671	21
-0.000997330487327974	0.880687342339666	21
0.0402540519068481	0.949634394782499	21
0.050928338836691	1.04701196319783	21
-0.115341211706294	0.563679223607478	21
-0.013740854729566	0.833126895481015	87
0.076730508612528	0.619848981557881	87
-0.074902932965372	0.472598399990131	87
-0.082709317481623	0.618995036770705	288
0.101909911631787	1.11091965483457	288
0.086278476617358	1.12927600167686	433
0.043907945441118	0.912573270511309	433
-0.061825687937311	0.688349628376883	433
-0.111717090050658	0.547783120821421	433
0.112468642490681	0.832891319499217	433
0.035334669559148	0.862644936036165	34
-0.047245282114761	0.64967886533226	470
-0.114247871821261	0.572539974936958	470
0.00441258071228001	0.582442236418119	34
0.019367362612454	0.436584606275461	34
0.047734427057452	0.629956742905719	6
0.009594878335487	0.639641182362055	6
0.064750353978814	0.554383432580508	394
-0.02122843178827	0.512534239251827	394
0.054549366240553	0.438367901609527	90
-0.120135786496731	0.318254138529379	90
0.026147270661699	0.728988989169614	26
-0.063235769281471	0.551513754503137	26
0.064097360980776	0.751459847281916	26
-0.097530319988806	0.547945533132883	26
-0.024954663096533	0.495580952251166	26
0.0264400433063831	0.576211628368115	26
-0.082653421545447	0.406082770764068	26
-0.024541302204977	0.569381080681769	26
-0.094987500368269	0.460742327218181	26
-0.044506379447296	0.498845187163038	26
-0.078965378633935	0.491134529267024	16
-0.117077370279486	0.401173285910663	19
-0.069951388190774	0.495731899851707	696
0.056980539386555	0.61052991537527	12
0.016830086735714	0.585567585960151	12
-0.049137554860107	0.471627125936708	12
0.044067034238869	0.61303575780036	12
-0.08071708937061	1.69909437203865	21
-0.069786166981534	1.798413643492	21
-0.059417565848979	1.02553030144536	21
-0.083784788525806	0.884847534602205	21
-0.056423950682891	1.03337415468071	21
0.0669296552847321	1.56624953583267	21
-0.055124709110434	0.791910665152091	21
-0.001764637046614	0.780795225976884	21
0.0748035399174261	1.38122650872018	21
-0.061392169525	0.496932498478437	87
-0.116511823034318	0.539560888352119	87
-0.077324592167821	0.709853524721793	87
0.057114714998079	0.9039819451249	87
0.10825458562215	0.795026131764414	87
-0.028286240931507	0.655262960203234	1015
-0.06851733358302	0.611941100120908	288
-0.050511211148693	0.803529863914522	288
0.00427855536797195	0.962221023127503	288
0.00832334373363397	0.708341536124682	288
-0.012651168439445	0.681277998678743	433
0.043200421613511	0.836484829579893	34
-0.09772289494366	0.5567080120923	470
0.00966677664501003	0.819392177257536	470
0.061406407861992	0.460592763193556	6
-0.07058144580078	0.410519684947964	6
0.012241455314752	0.351451185157013	90
0.080519289522067	0.613292763053103	90
-0.105258965256061	0.480589133704746	26
-0.081896248359345	0.6247725133043	26
0.099642866191747	0.807037008175118	26
-0.073135581615871	0.548151717359166	26
-0.12346131640837	0.380914239705458	26
0.000573994443132997	0.813291745332381	26
-0.00948936093765401	0.638698037213436	16
0.113677041065305	0.693569356508679	16
0.069274010180696	0.544229432974006	19
-0.012483760811008	0.515028596228979	696
0.02285502663537	0.357549065645398	12
-0.052039988262924	0.556325735281332	12
0.055491306321732	0.599866926254238	12
-0.045775158900509	1.78982224363035	21
0.024437466183078	1.04113026795626	21
-0.124003171954909	0.939886232243427	21
0.117741817784113	1.27366165542463	21
-0.045852032742016	0.601954787268462	21
-0.055835797182679	0.565762868803645	21
-0.075756667642023	0.911031339987155	21
0.00226150128019098	0.971446212106827	87
-0.106944990571045	0.579373835953172	87
-0.059953655680819	0.667283906121472	87
0.000628515673749996	0.966219572729959	87
-0.093273081866567	0.548607976120694	87
-0.049662976518341	0.55755230824276	87
-0.087238473693017	0.791382810177456	288
-0.00226523506007698	0.914396816259648	288
-0.119565103128865	0.628287282626643	288
0.016497773895902	0.958190958893816	288
0.0204140908096701	0.675901915544142	288
-0.032284627931688	0.721792105393847	433
0.044067034238869	0.61303575780036	288
0.112030931931069	0.695063736866537	433
0.020795478237297	0.592438022302884	470
-0.00830987896709101	0.501563881207722	470
-0.00779507632031601	0.654187473636332	34
0.05457955597026	0.536280923702795	34
-0.087754731208743	0.511626741592353	6
0.018480600817539	0.514764959590749	90
-0.012260305966694	0.577214890537488	90
0.106091450674335	0.743791604289856	90
0.014819493374665	0.791549044922461	90
-0.00679003724527699	0.6180073089514	26
-0.00157707061629803	0.518125725857895	26
0.067635495170835	1.13573347479787	26
-0.122719280283192	0.548366000876569	26
-0.011227293493412	0.487036056665305	26
-0.096528816467259	0.30342433060648	26
-0.047860218704977	0.727915741181071	26
-0.091127306702088	0.47983186731775	19
-0.079013622216229	0.405428495961207	551
0.059601628383783	0.516746796696543	19
-0.05056782154563	0.478379034515323	12
-0.062086756724564	0.487777431377617	12
-0.061581635099647	1.2957359237327	21
-0.086554038204226	0.848238420466038	21
-0.040819413761155	0.654876009418613	21
-0.016692626682665	1.75511473125111	21
-0.00589167418588799	1.11573909903412	21
0.094717537413139	0.644337556799557	21
0.0399947135462561	0.528011379132729	21
0.009132340643357	1.26289721498342	87
-0.00219185181231901	0.438632394651626	87
0.11349587864367	0.689787281013509	87
-0.070969617652398	0.557551732835023	87
-0.065971350318275	0.991675662251496	87
-0.101949314753837	0.65219136215773	87
-0.06948499263814	0.690404449656854	87
-0.056812584381898	1.0240522810615	288
-0.064571015177394	0.340882233739672	288
0.077609516351114	0.538525676682239	288
-0.020109100412454	0.773782837080503	288
-0.067143533977418	0.6817333420359	288
-0.028278067889626	0.348469725020478	288
-0.076023508610165	0.321953394495813	433
0.054130247455303	0.449240727907767	433
-0.119096007387359	0.320223968120436	470
-0.122743444655342	0.3263497832233	470
0.055765159963403	0.453762837525186	34
-0.022228647744189	0.343306486543728	34
-0.030000941614232	1.1798737727872	6
-0.054878197219007	0.933704577849208	6
-0.081709135786325	0.766381917658849	6
-0.061151270868812	0.569021148519296	394
-0.054109952519359	0.562717486756205	6
0.099489643956141	0.860718999504005	90
0.041683721446399	0.983558838734188	90
-0.092099469661921	0.680720017487565	394
-0.045661019440444	0.748172238845532	90
-0.117192879213034	0.767219055892571	90
0.111759989237119	1.41158260555538	90
0.049656562150541	0.75453739167816	90
-0.017827759122025	0.954226691073056	90
-0.078678649279244	0.705338303670166	26
0.064996324073781	0.358782826523531	26
0.063777346811973	0.351375306528882	26
-0.076427052439988	0.337708049051784	26
-0.029762377831703	0.17154020454886	12
0.040257338153852	1.01234982739716	12
-0.119522887856234	0.393786231061512	12
0.035226933506703	0.606119234783922	12
-0.052319697873731	1.01586466523081	12
-0.033780873705518	0.56060069615791	21
0.021427389283	1.8649803877869	21
-0.111072685888256	0.629245745218326	21
0.041204619064119	0.999122903210598	21
-0.057651835808776	0.476832157783206	21
-0.086640689028069	0.481701385206915	21
-0.077706122839767	1.03443731727121	21
-0.082206670823875	0.56441817336218	87
-0.096484050369877	0.840869462834146	87
-0.056098145576301	0.497307865666583	87
-0.00741195331053202	1.04989054782701	288
-0.104833564859998	0.395405548959869	288
0.00723736836468802	0.589996825081213	288
-0.077901673422604	0.240387844013777	288
0.030614391946422	0.437944047269321	433
-0.02398155175901	0.346387422455365	470
-0.026444326762502	0.340570858536536	34
0.063753801460832	0.372023406743499	34
-0.117755026319156	0.395107092944318	34
0.076324322819083	0.682693003784144	6
0.033358894628033	1.0569707086362	6
0.0225042780386	0.810870290651011	6
0.0846661836675759	0.959805678485912	394
-0.059350335546548	0.791329039466209	90
-0.038510130130961	0.432364030523048	26
-0.071502998125984	0.760600807715699	26
0.098430802730057	1.3730298040039	26
-0.09822339901445	0.230984285018776	26
0.055770058271971	0.363721288233334	19
-0.018423639832152	0.35622326858869	695
-0.019721927348723	0.54811498158021	695
-0.09306533870008	0.545641701375462	695
-0.049155141855935	0.847665323733961	12
0.094824740123751	0.557190997905202	12
-0.100655835471352	1.28796723171654	21
-0.00158896499639999	1.10383314457234	21
-0.071859377612048	0.995646583536598	21
-0.115228306563625	0.823662356513106	21
-0.119032075513582	0.572724834201796	21
0.026715641834363	0.961002430234549	87
0.025988873123611	1.11725528763648	87
0.039594275305757	0.88368637117822	84
0.056077262115661	0.815230899442922	87
0.105854899663268	1.00152831200729	87
-0.017707865849107	0.640978951272865	87
-0.122460906397994	0.458108061341342	87
-0.049263523747267	0.501372117734265	288
-0.110382202829313	0.686855011454084	288
0.07842934562543	0.748395987603462	34
-0.067231830172811	0.487425150173187	34
0.123343068488279	0.754464135940096	34
-0.082077118439071	0.79148329762221	6
-0.013716221007633	0.715100647853982	6
-0.08351326892423	0.475886720325002	6
0.090120389969328	0.987597073699749	6
0.108966958911497	0.83178172554688	6
-0.0738389184999	0.492633162132191	6
0.107747061457302	0.723373116062028	6
0.087031610053027	0.83318828040848	394
-0.046705554064942	0.54321562944958	90
0.050448410053439	0.811327180162274	90
-0.118691251318129	0.326963519188108	89
-0.071300418897962	0.575290453610861	26
0.021162184344527	0.533021822555943	19
0.090632114071157	0.561840722553252	696
-0.069869009305253	0.487942700393242	695
-0.116229896761558	0.403186963434974	12
0.084627531494086	1.0497461685828	12
-0.026528930839317	0.334269864684567	352
0.000543023661032982	1.93861720711654	21
-0.02595547716433	0.891404156309045	21
0.0605154287891731	1.11564609486944	87
-0.013666310769098	0.898638975020861	87
0.104238098170564	0.701990011900897	87
0.0173828380309859	0.52691870598168	288
0.03323031682545	0.876997533299574	288
-0.015486976753409	0.767452085785731	288
-0.080794721675384	0.72970926148064	288
0.011135055762133	1.03746656933135	288
-0.024651001642145	0.703942787254834	676
0.00889505877931096	0.713308436180238	470
-0.015576101575171	0.413424735510178	6
-0.076427052439988	0.337708049051784	6
0.111011167773472	0.968971651243867	6
0.043030780865163	0.270451054747898	143
-0.115060699045474	0.335658602613782	90
-0.00125641629884798	0.716604378141368	90
-0.122680862748888	0.393449631149326	26
-0.11797201000946	0.389533623493036	26
-0.025705874314904	0.49897917826953	26
-0.090006196151187	0.475250328867658	12
-0.004959584576956	0.506524871286623	12
-0.027325070496936	0.486823419872968	695
0.105195476789368	0.610882619109624	12
0.096837510653131	0.538885766404032	12
0.040032556300063	0.788755012207264	12
-0.068048988302007	0.313718364041005	12
-0.035369858120355	0.40909919714379	12
0.088620775794784	1.00264965568084	87
-0.122916729774786	0.449785610486107	470
0.059646702995229	0.826255074198214	34
-0.010933463806708	0.410833278103463	143
0.00501083815069103	0.584143460816602	26
-0.096797354518012	0.621713192070378	26
-0.029969839606318	0.500711860597037	12
0.089383466570205	0.749943309592442	19
-0.115826930168086	0.312576610515282	19
-0.09197674436239	0.326071274951558	12
-0.114365770757562	0.658688529504015	84
-0.045839600349514	0.547842761969943	676
-0.094928201148423	0.458981823883189	676
0.038432063605818	0.598492421516986	676
-0.067993200805257	0.460148373732894	470
-0.116250322613542	0.333268556886755	676
-0.111144018286708	0.547984389771941	34
0.110974802585637	0.771702706860879	34
-0.071338742288826	0.670797978377695	34
-0.020713484856618	0.564642530014266	6
-0.121228233165705	0.32864113548221	394
-0.097388831854459	0.539215788341112	89
0.00388279605637198	0.805339234416888	26
-0.010725606235298	0.416140877214973	12
-0.067562493895204	0.423981507085823	12
0.061045865482913	0.532197327296545	12
0.049979693587942	0.518085951712193	12
0.106201178973578	0.82496662469438	12
-0.078282692943188	0.412659755692422	12
-0.084729335707285	0.45968897137782	12
-0.070739089492369	0.41645818697067	12
-0.052782707250835	0.493173656870894	84
-0.000293258859919987	0.811353850215661	84
-0.013877227108173	0.794241965448712	87
-0.067393270385883	0.681418587269832	87
0.112870897888197	0.841714511230063	288
0.025781255664511	0.601292898534601	288
-0.060460652615875	0.540465122971431	288
-0.079018788425634	0.477403856190873	288
-0.107312417376216	0.446678097682941	639
-0.029468564254279	0.686702395341742	6
0.097196999035797	0.832799390443488	394
0.032825267080591	0.642587675101687	394
-0.040467704303171	0.570305086128247	143
-0.087401715255425	0.50677774487904	143
0.012031010141677	0.4982548231371	26
0.116838056132295	0.729965857862493	26
-0.070672144664437	0.343325735465083	26
-0.051446373943353	0.635634782692054	695
-0.021010996785698	0.57098262306491	12
-0.10846365303751	0.465517574364485	12
-0.033951726182019	0.492893404173367	12
-0.035876903044444	0.498977713262857	12
0.077544551365672	0.827711904855757	12
-0.036957614640007	0.637457257873838	12
-0.06594786122925	0.6242102954115	12
-0.074994200504901	1.09779754005669	13
-0.00751122929139703	1.02192952066488	13
0.028115283093327	1.09927263544961	13
-0.057387305726851	1.28117779397629	84
-0.00998719086425198	0.654146923256601	84
-0.039122438724437	0.256667032336342	639
0.066915659304602	0.903039628123899	143
-0.003022882270033	0.941181502089677	143
0.057404002524447	0.468334673712973	89
0.122109516491455	1.00515296886549	26
0.03599696057629	0.280641498794384	19
-0.117619250237962	0.400693581032522	666
0.0805621697439301	0.776803628718964	12
-0.080845913353335	0.561015074765416	12
0.035568688911357	0.271901157207145	352
-0.110155575691432	0.542835373352113	84
-0.074719766974036	0.4569150466917	87
-0.048885059483764	1.03805466133754	504
-0.111270160652589	0.541000763742356	504
0.038891512247815	0.910487998268231	676
-0.11365261492417	0.541266085897919	639
0.122592030349126	0.28903775030676	6
0.12458008415515	0.295991514205969	143
-0.011102477643441	0.684236141580411	666
-0.079619539279176	0.463038096260942	399
-0.119341442586595	0.402091750385994	399
0.054699990349135	0.45363772975286	87
-0.095527393557761	0.412033594329064	87
0.056212321978047	0.588876056368235	288
-0.118345764151389	0.406583704946361	288
0.103515529299621	0.902936216315634	504
-0.016983433900865	1.09464717433344	288
0.051679151095242	1.36049727405408	288
-0.058359810981917	0.786370370181631	676
0.024420301984288	0.915662204797168	676
-0.057792251900188	0.787150976064438	63
-0.017637196457166	0.944703890438295	639
-0.117362575995476	0.242199563470805	143
-0.123911073700162	0.233858263545247	143
-0.088477975491553	0.660342741256945	223
0.0222046477344821	0.737673224422847	223
0.0534446616402799	1.11625026317087	89
-0.080508866901223	0.737570154599663	26
-0.018295851657477	0.83513243664058	26
-0.015145547221437	0.634786198897818	19
0.089322837338819	0.62628641356803	12
-0.100654668885137	0.339299691952762	12
-0.075663037890051	0.339455753415376	12
-0.08720320174039	0.661190261857831	12
0.06387005559811	1.18050194906813	84
0.011075450928466	0.362084940939198	972
-0.098196284358316	0.823270324832093	288
0.00177116882638695	0.52147999842005	288
-0.037223387672296	1.01484903062261	63
-0.04147978159089	0.492756169177969	394
-0.113988582655643	0.150033621502222	143
-0.086936963555362	0.2413749270301	143
-0.026404255519292	0.263813814341338	1995
-0.039122438724437	0.256667032336342	143
-0.030427510374334	0.260444382581813	223
0.033546969387602	0.274555994537319	223
-0.071654601230777	0.714382584070331	89
-0.068414044417316	0.634934272268882	12
-0.109787289893807	0.330206533056682	19
-0.113044507871597	0.241368655724543	12
-0.120556538847374	0.154822624896767	12
-0.086362255253434	0.598407443554047	12
0.00359332987716299	0.347392763794353	12
0.035118729942895	1.27517467417742	84
-0.04410127241676	0.41899849556288	399
0.012136494065231	0.832923409493814	399
-0.119017184755795	0.234950093926858	288
-0.119981629587584	0.320213332049459	288
-0.06853933318469	0.777664986635053	288
0.0217553067462341	1.27941885099746	63
0.041203343310513	0.535678218725371	190
0.11558299985171	0.19328946789518	190
0.117306901824942	0.647743441259893	190
-0.113316786088041	0.150913730796963	1995
-0.027877247648872	0.169718056278688	1995
-0.082714489333	0.326448769723782	89
0.034914784778143	0.27691027726763	26
-0.075331265362461	0.879192443300545	26
-0.052159245729507	0.574234298092236	12
0.031109278570699	0.451802484804606	12
0.1111611662273	0.625392018116883	12
0.078679585304654	0.53893274049375	12
-0.058078624359397	0.331235796758955	12
-0.113722165882	0.335331393707539	12
0.117324240359805	0.193402661278607	1155
-0.022465653061653	0.165655770699995	352
-0.076634075946076	0.323234664010568	399
-0.123311188487958	0.722082657853157	399
-0.068171711617144	0.866838935918939	399
-0.00996409249423602	0.916924941873971	399
-0.073951151544834	0.774658780651466	288
0.00127869296045002	0.963446697617286	288
-0.056591740723984	0.566547917465348	288
-0.055313331968592	0.398481720732501	190
-0.027877247648872	0.169718056278688	190
-0.027666304900099	0.165061137721591	143
0.015343110819821	0.344415237001463	143
0.055013206511152	0.362005653589064	223
-0.00933808172488398	0.706227587684155	26
-0.112282236067124	0.47507052925179	12
-0.118641648264947	0.549637312519159	12
0.117324240359805	0.193402661278607	12
-0.038316303083097	0.318695830329924	399
0.098181507917123	0.471516102407338	399
-0.113118059053823	0.681916765801627	399
-0.09789745964767	0.80626719930206	288
-0.069478236584883	1.02031226909475	676
-0.110680137361467	0.906592042429142	676
-0.115803719984293	0.849013799522077	63
-0.041732838032947	1.05750165263583	639
-0.117063365407864	0.156458878637112	190
0.034831481355392	0.497810779457424	190
0.025955575393396	0.533220799827718	190
-0.094358002913187	0.466457033982693	223
-0.064635716551983	0.41546778226358	223
0.060381633845005	0.459378880268936	223
0.118738841523716	0.777170100707429	26
-0.058211900010244	0.414362119164544	26
-0.113010961154793	0.661751221130623	12
0.055425044373143	0.466598496128893	12
-0.11263762923287	0.326177685561834	12
-0.091840206235635	0.240783810696649	12
-0.029762377831703	0.17154020454886	12
0.113658479529601	0.189270038586502	353
-0.031676143088884	0.263482685244902	352
-0.059017977693871	0.329939525462353	399
0.017585935942704	0.433824195902795	399
-0.02574876428467	0.86110722148438	399
-0.04055661048131	0.722777328737688	288
-0.030867317023312	0.767654430401509	288
-0.076811960662219	0.953524055323381	63
0.092820316502312	0.567543336546755	190
-0.032795452868437	0.170598242060832	143
0.014224072879256	0.353588480923939	223
0.098845465783972	0.543735775216017	223
0.09459319724541	0.852786342173405	26
-0.080458566714866	0.466859818521678	26
-0.086921951722546	0.740591889171002	12
-0.072488858621905	0.47141875478161	12
0.035194805114763	0.52738367773989	399
-0.070705283389039	0.414104623435159	288
0.104847217790625	0.630733856625858	288
-0.107171784958584	0.30823680650031	288
-0.021561871808463	0.433672925782592	288
-0.030463036978545	0.560878298786766	1353
-0.00966192946668998	1.19250333835358	63
0.03664087388708	1.5566070324765	63
0.022179644026601	0.44732525618724	63
0.016384028678728	0.354228756609066	143
-0.032447244416225	0.959145712086	89
0.032068335244529	0.827991175048105	26
0.066394984473905	0.670938553832611	26
-0.00942401636742901	0.882998231305756	12
-0.026004748414299	0.173210247302568	12
0.0146733020149989	1.03540976367289	84
-0.054070156747469	0.809936120323048	288
0.043863716609515	1.4801432725095	288
-0.118583562007221	0.839511755394299	288
0.000214317250557983	1.19446043701111	288
0.0334867040090709	0.9428003157784	676
-0.113010639774832	0.928199171558109	63
-0.098050203140141	0.689970104512243	639
0.10598306870925	1.05417487135218	190
-0.027865692553154	0.742389863784057	394
-0.019018193812219	0.755707433607697	394
-0.116980881744325	0.406389084127762	223
-0.081077253370336	0.593568726689735	223
-0.049072754907907	0.764462603891421	223
-0.024177899650029	0.964408665073498	223
-0.028429917226244	0.791016011489869	26
-0.090251416055034	0.970324974290808	26
-0.122078592352931	0.388811455038503	12
0.098311741533394	0.83110725646657	12
0.047535186911841	0.707041170594869	12
-0.115484676522912	0.401144012982949	12
-0.087854620088161	0.477138946141928	12
0.081603276765664	1.35780605302518	12
0.076035000474091	0.800646701650113	12
-0.063714078267854	0.722868584752918	12
-0.016103462376564	0.737969307114119	12
-0.100983940460494	0.570091533391628	12
0.042980241692213	1.12757990652392	12
-0.103014390307235	0.44582158295368	399
-0.073956052245754	1.00805936468434	399
-0.052613748321758	1.14674489932694	84
-0.118793460193521	0.389519536559934	288
0.0801327983465781	0.775890337460609	288
-0.113164048949372	0.858413196101907	288
-0.111243873605854	0.700034274777305	63
-0.107794739562792	0.799590858418245	63
-0.105247518416282	0.744908520373729	63
0.0579898398418091	0.370643678546747	223
-0.059229607126103	0.413905631306567	223
0.055869231376951	0.978700241875751	223
-0.044765976036486	0.717731782620427	223
-0.118549641205497	0.400766386856537	223
-0.094472457441437	0.711616439548121	26
0.093654776810893	1.16467376759839	12
-0.065098635959687	0.645727339258941	12
-0.045991653836561	0.478420619759509	12
-0.10903735537681	0.152571618909658	12
-0.041294583927056	0.42315400939533	12
0.012142832341831	1.18723709133484	288
-0.088140312208516	1.01322620932132	1353
0.121419674140408	1.40861675509167	288
0.031805213930475	1.21440260092959	676
-0.057270672392595	0.996092739872953	63
0.039608729919888	1.14827166482502	63
-0.065047390496707	0.923840588875253	63
-0.110700750198455	0.708507229513252	639
0.064500050880833	0.724833743328976	907
0.072579519525943	0.620640432169582	453
0.0140781853481	0.430297209002845	112
-0.100797614266849	0.546194453353797	223
0.122590256266882	1.15756164681317	223
0.010954360703111	0.64808153472249	223
-0.093044493054134	0.856173660683669	26
0.00640426504465497	1.08781733094164	26
0.013573764325591	0.82374208438159	26
-0.087259080143644	0.875263610103407	12
-0.120928509523124	0.550122158115777	26
-0.00326910370443601	0.77874883647061	12
0.051237588390029	0.345070654459088	1947
-0.07925409894698	0.402176062812046	12
-0.084669129860266	0.415163783490745	12
-0.016911137201452	0.756827114727098	12
-0.101440223895	0.837058382886505	12
-0.01050385054398	0.853866863823857	399
0.037691287978584	1.49945557188236	399
-0.11037013030518	0.762603670644951	84
-0.00955193377482799	1.09956126987556	288
-0.060424774445817	0.990977628140625	288
-0.119906373679192	0.740325363963631	288
-0.1186060732889	0.857609470059266	1353
-0.020696096510518	1.1092066399901	288
-0.064363966700587	0.859242577238026	288
-0.095119888725409	0.851207757371063	288
-0.042716899318312	0.816466763188647	676
0.05163446863331	1.12970292167689	63
-0.055704544017395	0.95958487018013	63
0.080260449581277	1.13162813629855	639
-0.121243225195879	0.398205015072527	907
-0.01701029472495	0.487341605119984	394
0.038692008313432	0.455135258954869	143
-0.054439414228718	0.333495652249698	223
-0.09626696868755	0.330236249389088	223
0.110589648293184	0.528579080683907	223
-0.028392082952442	0.337846732501639	223
0.0486467898344291	0.879498426656364	223
-0.037982394836224	0.587342907911964	223
0.054981714360549	1.11002063607248	89
-0.069051741716465	0.66639525587362	12
-0.026796661706182	0.552912591759758	12
-0.102139384964596	0.578182310959972	12
-0.097290852357945	0.581945205173871	12
-0.047529388186476	0.610304805949395	12
-0.022153992373904	0.748016930859013	12
0.076984863556139	1.31585022392971	84
-0.099760380376622	0.862901781427851	399
-0.110732917615077	0.404166946592309	84
-0.045877067320324	0.86184804917058	288
-0.059990909404304	0.936987215049806	288
0.079969447811725	1.35399995729663	676
-0.049450500467195	0.880604305016023	63
-0.040628383998929	0.823006405150926	63
-0.052876290547832	0.830530519395482	63
0.03549595399665	0.659769898664521	453
-0.063762685696597	0.338243446803034	112
-0.059151099412138	0.329818782465833	223
-0.097105940398745	0.410704257609039	89
-0.114278332772543	0.617523768408925	12
-0.012783726634106	0.955516608112742	12
0.092340241087896	1.24476557347269	12
-0.040390851291347	0.725743528887338	12
-0.062692831865171	0.819754142594331	12
-0.114320126786867	0.409770082258483	12
-0.017161805341892	0.352334104376617	352
-0.097810139091115	0.730880805987098	84
-0.070582454885736	0.417481367582876	481
0.018474487096826	0.528685729478396	481
-0.122613102187041	0.761522901654612	288
-0.0195567615251	0.942273043329554	288
-0.044119332293616	0.903489222494021	676
0.082424184558418	1.47851016353073	63
-0.01378607698082	1.14045044025582	63
0.10993025810653	1.48803344962349	63
0.079701158385376	0.915818683130553	63
0.092855468192615	1.43105610646631	639
-0.023646484377595	0.504625114159685	639
0.028993068898297	0.270868193189867	453
-0.036740553521895	0.4256418267817	453
0.01963338259618	0.4379765516285	143
0.064754819513667	0.373065121102076	112
-0.078296847809008	0.315956563850298	112
-0.088928022446352	0.248637361683482	223
0.117324240359805	0.193402661278607	811
0.053795435957654	0.362853798168948	89
-0.007767535947173	0.83728308936049	12
-0.068980938602324	0.547117176270971	12
0.0477697024638391	0.824875105798024	12
-0.101529710459375	0.317498690902113	12
-0.042131777579604	0.861265978686591	399
-0.089669425656203	0.40586135572374	481
0.023493220220815	0.535388053359258	481
-0.070081121452227	0.762844110858771	288
0.0980137074260769	0.689357679239328	288
0.106175717566133	1.64556731037099	288
-0.097758202739889	0.917001726401974	63
-0.105147623001661	0.922590756158969	676
-0.00903110886761999	1.04636383889028	63
-0.03987938948056	0.654331764751622	63
0.036511374536632	0.268740694321524	453
-0.076361799071749	0.395042062952445	453
-0.040627260052607	0.463631992481872	453
-0.03414902161903	0.165470511384226	2289
-0.04462465007303	0.433700508727529	26
-0.09146109005916	0.62308009126488	12
0.019911135079864	1.08406067444131	12
-0.050382623426781	0.844429688126513	12
0.082466380636222	1.27526259642249	12
0.061343188783622	0.516248962632022	12
0.056304324459219	0.349368591211749	12
-0.086371954663027	0.322877281038126	12
-0.018699151996991	0.159839341098177	12
0.00902234532324497	0.342398723119284	348
0.046256571411903	0.599901666740357	399
-0.116300893425174	0.931164391877926	399
-0.029314566820061	0.347745906119635	84
0.021911216938014	0.700424578431966	481
0.018003206562562	0.965432740546972	288
-0.120566942389797	0.906916414480674	288
-0.05270896181727	1.1346999698113	676
-0.058383659614689	0.98047125534087	63
0.084457467219206	1.5084551332851	63
-0.105741611509783	0.492399479479693	639
0.093396840512622	0.553523139857284	453
0.029936758661385	0.269471035307818	453
-0.033958360636432	0.16612380931016	2
0.115777385531252	0.286069427198173	313
0.11222700194726	0.191668178247491	313
0.109196947920055	0.639180754498389	89
-0.013061132623947	1.18710772560141	12
0.0108426384888179	0.645664366841185	12
0.090505138548899	1.01172087606716	12
-0.051199889916461	0.826351073779074	12
-0.119462949267649	0.691286369055156	12
0.064058408231964	1.01817629188786	12
0.0608486813595031	0.471283256473032	348
-0.11520774815171	0.156788239945187	12
-0.090382289033265	1.12087543106529	399
-0.10515099149267	0.40452120765033	84
0.01263495766586	0.578178265674482	84
-0.027653949432351	1.01586555881014	288
-0.07219028170219	0.731371430243453	288
0.006197398692805	1.35248157701219	63
0.085719215236168	1.41740979173891	63
0.028191736039727	0.264160376922808	453
-0.00224938157356303	0.570269088127114	2
-0.029521988853817	0.425489710429327	2
0.114620547436307	0.193412235224396	223
-0.00167518374433701	1.115886426844	12
-0.071630834313026	0.487452532725255	12
-0.038752419927883	0.433024033493376	12
-0.025762845566968	0.494279776628035	12
0.00351631090598903	0.348785064606334	12
0.054630586351153	1.26344454265584	399
-0.084533773169872	0.843200636410457	288
-0.078458663397186	1.01605799444192	288
-0.108925642367847	0.821731848467472	676
0.060279961656452	1.44572424460441	63
0.11890165504971	0.285203680347571	101
-0.121731347682954	0.151219437047802	740
0.110185005640296	0.185971770257864	313
-0.048301619878611	0.408346805777544	1146
-0.116142963172164	0.157379428819766	1146
-0.114891787392353	0.323774722472751	447
-0.026317738364893	0.255646209594848	447
-0.032271052577311	0.502355786165936	12
-0.063596396477715	0.844993353079681	12
-0.052145456788424	0.832212248101583	12
-0.056050335472388	0.47554777331892	12
-0.040319277375913	0.255013772378436	12
-0.063263290755541	0.941629095617847	13
0.00778571435238096	0.580802411158591	399
-0.040749219246844	0.998566433543547	399
-0.123195865819897	1.0793395123377	399
-0.094767209355401	0.889870597434626	399
0.068336108617527	0.364576691734176	84
-0.0362922897123	0.481111831304416	288
-0.00228104699936899	1.22024393588505	288
-0.076159397163061	0.994410745613012	676
-0.02998082495754	1.16155668335529	63
-0.09188854800897	0.922048326616285	63
-0.123987795709614	0.532587941342167	453
0.055925377930963	0.520919332593282	709
-0.031676143088884	0.263482685244902	2
-0.11888345415274	0.154930465077803	101
-0.117063365407864	0.156458878637112	313
0.0915295921907791	0.466079460404909	313
-0.03275654015956	0.25807035812849	313
0.05330963304799	1.28011530913116	447
-0.055761852728802	0.625650305351305	12
0.092771376359744	0.816649519562149	12
-0.080442350706828	0.338785752049116	503
-0.118716993022398	0.156329899460157	12
0.053635094229601	0.451898608959331	12
-0.124382600775499	0.149129720670197	250
0.017944990082412	1.75706881285115	399
-0.07807121279762	1.00255270005844	288
-0.10884707905538	0.885661290783937	288
0.053363806957516	1.39139413778839	63
0.030817894205999	1.09135426313786	63
-0.101273726484361	0.556911423907453	63
0.120942496724225	0.808029770994496	453
0.112462015594194	0.19254900802788	1145
-0.03486787738689	0.165145512340739	1145
0.028315850340552	0.938939011357405	12
0.021351604925033	0.894755203109711	12
-0.06102956799404	0.561318677279773	12
0.093163079074691	0.561618712841064	12
0.078533348151473	0.620556681035389	250
0.11558299985171	0.19328946789518	250
-0.11852273376765	0.156167655789556	250
-0.10623369379795	0.600477404287846	399
0.089986663031901	1.39514291485773	399
-0.114676673456326	1.66861141015018	399
0.074219085481692	0.630007096461313	399
-0.115420661336991	0.639010037829564	399
0.0886405290665639	0.773402172237701	399
-0.124681971164061	0.828391453748354	288
-0.112441446387313	0.790003482578624	288
-0.118965060203124	0.693167348216566	676
0.014443882392447	0.990738668959491	274
-0.037461250674257	0.849047122693583	63
0.120302163080193	0.384834228941592	453
0.119994784934482	0.378840028384274	453
-0.120556538847374	0.154822624896767	313
0.043235096955577	0.538297067813565	1146
0.038345930645543	0.591627885922128	1146
0.082896622541438	1.31352574141527	447
-0.122504875929645	0.527521671035126	12
0.026944499961845	0.786952108312763	12
-0.062354299183206	0.488155181516256	12
-0.00183871321533002	0.332341783848591	12
0.013412829639795	0.984355406066877	12
-0.103246336374861	0.470148658752791	250
-0.036643136988422	0.242551478824121	250
-0.00397268661276101	1.61093614725847	399
-0.033287083688517	0.965725402469525	399
-0.084389881076344	0.81379923455968	288
-0.043776340866868	1.12636757237254	288
0.097079196328721	1.63971684091101	288
0.054687239841937	0.988745492519852	288
-0.06686770171613	0.688402497843281	288
0.122483547344174	1.01321900817491	274
-0.103715063596247	0.615781424131906	274
0.112010223281364	1.16097843248962	63
-0.062700399349029	0.549517108095308	709
-0.104006029232693	0.413394326595979	313
0.062245509255816	0.766686415514306	313
0.0726967812891131	0.523358652439946	1146
-0.088161443257514	0.474044166479887	1146
-0.053911782132253	0.740320099754704	447
-0.00383175318310702	0.871465978523344	89
-0.083409538546705	0.87546850512766	89
-0.055577771510123	0.794429981694723	12
-0.051047363058779	0.56341225549406	12
-0.104786653987513	0.401751166393645	12
-0.091827053159206	0.543028105863764	12
-0.092730794758768	0.401840083497622	12
-0.06507278383189	0.694676139738969	12
0.058353640950751	0.818513380031465	12
0.072937108513784	0.633757410472332	250
-0.110674145411939	1.27749426451506	399
-0.025744325391746	1.02910179289728	399
0.101861020741994	1.37492100912872	178
-0.122348161544145	1.1162808992915	288
-0.033198974642171	0.426355447782988	288
-0.00130091222518097	0.59085909670769	274
-0.033503232345163	0.417161958661319	274
-0.097136221248812	0.330302619930852	274
-0.024423111337605	0.643724783160783	63
-0.119931549705277	0.329726395816716	63
0.041425431802112	1.37271985761084	453
0.065969121687357	1.18783067084861	313
0.120617957678359	0.974188193279094	313
-0.014326914470907	1.20913609207917	1146
-0.061790062384201	0.801947347694468	447
0.051685260557661	0.608956726740989	447
0.107984696798204	1.01480797187544	12
-0.080914683884312	0.405895197469137	12
0.021015770817881	0.437626132926835	12
-0.114344137633335	0.81550386271947	12
-0.00354630280611201	2.45863326588525	399
0.062633423514727	1.42379759781865	399
0.098688334228901	1.23018618365817	399
-0.105708439669421	0.721481640585131	399
0.079045416545361	1.35476205316483	399
0.100470041914007	1.58231117568369	399
-0.051726510937294	1.71783781993861	399
-0.022114348274064	0.340142200847955	288
-0.088778596291496	0.309470258060454	274
-0.026168983696074	0.348740495965448	274
-0.112973880423935	0.328726770517339	274
0.103796719520691	0.46919597543649	63
-0.089002301803787	1.15779925216433	63
-0.118242634758658	0.334788391080307	63
-0.028931512846122	0.340204420604683	63
-0.00265392608393999	1.42511210690712	453
-0.121984335158782	0.671329935005174	313
-0.062370429994343	0.720398926864528	313
0.0657281920341311	0.360908654455945	447
-0.030546432969021	0.3369102185616	449
-0.088610018839315	0.237852674551169	449
0.063028419826842	0.377014575029227	12
-0.112805391761398	0.156103339795899	12
-0.093106702929767	0.239981175438549	12
-0.064802177530278	0.627965008186646	12
-0.06454750242802	1.98625310231585	399
0.077142134326588	1.99207821645948	399
0.024212096878522	1.87048485526828	399
0.048326437505576	1.0413103999092	399
-0.080830776519413	1.08387097831841	178
-0.061467884816646	0.940058330689413	288
-0.082136773063328	0.956071968238331	288
0.057469784288172	0.667042967825514	274
-0.10374652510739	0.463238542055905	63
-0.01334783107743	0.547406886122231	63
-0.034072769022727	0.629230792402101	63
-0.024800317124278	1.04716225042017	453
0.116513771723562	0.862588724931259	313
0.026542378685592	0.944311312644362	313
0.068646716958404	0.753023163585871	313
-0.102767795295566	0.672178997685856	261
-0.09763527972602	0.542943028367536	447
0.023370438344213	0.737080135500189	447
0.020448042969503	0.97801782449524	447
-0.033752158181164	0.709017133607361	89
0.087956640796548	0.636883241662314	449
-0.023167488035062	0.637491860962735	12
0.0250536321780011	0.455028914713749	12
0.101892912671302	0.678447434623455	12
-0.123491636016018	0.384356244933963	12
-0.074641365999761	1.00519465526285	399
0.0553321835166311	1.57598283045912	399
0.076382542400006	1.51954886253325	399
-0.108525401982349	0.998962082440993	399
0.042295742748615	1.40248693362483	399
-0.054225913192567	1.28330232332539	399
-0.102956750785618	1.01154014692147	399
0.00626142329343304	1.22392795073761	399
0.060887881000932	1.38081606569733	399
-0.090855024208157	0.987821868203044	399
-0.050649210803098	0.635385222263026	288
0.024861229587106	0.590937050492508	274
0.073759310312805	0.548919480793827	274
0.034258327726155	0.451148735585009	63
0.086018755358812	1.35583265407049	63
0.020172641033395	1.23572259255546	63
-0.10591961282512	0.639385915618361	453
0.034647859082481	1.11009802337172	2
-0.015629396966949	0.765438061261552	313
-0.076842909446173	0.592672114324869	313
0.097518159522592	1.13408135369818	313
0.067138537810451	1.38078563390227	261
-0.018780259441326	0.436399390769705	447
-0.082712029602351	0.332180528119515	447
-0.055305925456836	0.336965172846379	449
-0.091585053642238	0.417808933848579	12
-0.086466000896634	0.469646193746757	12
-0.042333063779632	1.01432231022319	399
0.000684452919586964	1.37720893250173	399
-0.082851148263049	0.78489004077105	178
-0.124632959844053	0.456325690715279	288
-0.098798478822083	0.572559583207104	1353
0.097469157461786	0.558917015187932	63
-0.119515024121172	0.89257710829496	63
-0.055414280051658	1.07531433632751	453
0.048799703132964	0.451090760021511	447
-0.04277382183649	0.613269758673415	447
-0.017417511621672	0.581369908525583	89
0.066560590679107	0.617146273626418	12
-0.098366483437819	0.229146103217689	12
-0.00316337930891297	1.54049702732601	399
0.08195361354155	1.1868685976598	399
-0.111928553075291	0.804490161098068	399
-0.063716334102715	0.919198533370493	399
0.020814639294336	0.593815079693749	178
0.064121463694679	0.374119806836683	178
0.085025406942168	0.459606930889047	63
-0.043646342437376	1.04364907623681	453
-0.075921321005142	0.711408351758246	313
-0.045783254548722	0.969162080292162	313
-0.036294906573986	0.261975244021396	447
-0.029133684627508	0.253322224139029	447
-0.084936812684478	0.247587397989068	12
0.088908580095199	0.452331503751494	12
-0.078106266368443	0.705368100791687	2015
0.056837649116971	0.984619114484368	399
-0.00720625643263601	0.789846364635122	399
0.113329992257426	0.763650536655788	178
0.00755405767128603	0.447571683113987	178
-0.039143803619356	0.777698458528776	288
-0.087926242016263	0.338862882786885	178
-0.019188888313532	0.254330367305237	178
0.11796975673335	0.282301408738108	274
-0.08220672177944	0.343456231345145	274
0.00458366070288796	0.329444079385912	274
-0.031633406719734	0.171470018787416	178
-0.036031307961005	0.167171963867372	178
0.123389313081537	0.185686758490558	178
-0.10858187654583	1.08896439114368	63
0.12458008415515	0.295991514205969	63
-0.029762377831703	0.17154020454886	447
-0.037865213469572	0.249713526633303	89
-0.116490366005782	0.153508025098043	449
0.08802410643117	0.461557500227164	12
-0.031859729488141	0.171527451678033	12
-0.074435513136431	0.782219956084729	12
-0.056255354477113	2.43896279317272	399
0.022229019166162	2.07947862336887	399
0.018740944245945	1.40830200082908	399
-0.082615855034532	0.544775086524529	178
-0.106049583486261	0.757893498666139	178
-0.08997755963846	0.467612981856901	178
-0.053592983757689	0.487640162781647	178
-0.079614612103183	0.321986280678727	178
-0.018468507809252	0.35458915597717	178
0.00893549843964303	0.358911410104566	178
0.091427052176403	0.465985979451076	178
-0.119401092968431	0.240286205824848	178
0.028811403022211	0.448555295464883	63
-0.107774553636949	0.676417255718048	453
-0.032075465115965	0.899240846876759	453
-0.116350450829429	0.560313993947904	453
-0.119537805558462	0.497218122412151	261
0.079130055075986	1.04498469288202	261
0.049864068748616	0.456536863864488	447
0.124424596249612	0.393732060365086	447
-0.000646323762092005	0.334603387965197	447
0.073487888697244	1.25997059530243	89
-0.076427052439988	0.337708049051784	89
-0.086966095229932	0.239268083581411	449
0.00891801077166599	0.36050606421722	1106
-0.089932466176538	0.468090889518054	674
-0.061397457402601	0.784694789863828	12
-0.101375489597683	0.474743313252658	674
0.053572090695003	0.446438200822243	250
0.108557226238559	1.0918516379389	178
-0.063857317570012	0.488241819553096	178
-0.10585567316256	0.335542346582853	63
0.00112763082070699	0.438944676540248	63
0.0272604234491171	0.562392633223141	63
-0.109813320925865	0.327813566379879	183
0.114553419227326	1.36694212662502	116
0.000289522911054996	0.887748510808519	261
-0.101350521233509	0.317418143259147	447
0.124454099398189	0.384110346521457	447
-0.091018982282657	0.241843343681481	447
-0.031813731823573	0.26104367926394	449
-0.103626864274283	0.566729442101888	12
-0.087725758049916	0.409737619606623	674
0.101580496450681	0.935297512824207	178
-0.091617637184465	0.400846424395609	63
-0.079113414657067	0.542995592249759	183
-0.033557693562121	0.645846747591555	183
-0.092159204218286	0.545005978500415	183
-0.071731273277888	0.537679011763635	116
-0.031721307207063	0.50916303611874	313
-0.107605812783161	0.456648815423818	313
0.034895357986423	0.57876531448288	261
-0.00698275719802899	0.512028181881847	261
0.026091945422143	1.05079492638625	261
-0.116977733596239	0.786191320759461	447
-0.010920896016475	0.559075011729328	447
0.121570523827916	0.702665136191031	449
0.063187699234182	0.680829391431327	12
-0.017017054912918	0.692955329423185	674
0.00252108889295699	0.651855738445023	12
-0.106458636727865	0.57223210790894	12
-0.034705525611603	0.494750912359674	12
-0.116270976458297	0.637998375615937	250
0.118263752689214	1.74387600026404	178
-0.017936710112825	0.971448540552302	178
-0.050476711718172	0.936695332468661	178
0.067076375421774	1.30077469196348	178
0.093916194038806	1.21567329716352	178
-0.085541585595297	0.693205647942597	178
-0.112175122684834	0.557755463676272	63
-0.074609198540541	0.641905508325973	63
-0.021866140810501	0.815293221683442	183
-0.063090044790741	0.847479494664916	183
-0.014722888334222	1.11960954317949	116
-0.067637178744252	0.314197171210663	116
0.00256209889938097	0.439730364981346	1391
-0.122912493656876	0.236384387355011	261
0.031085427673225	1.08738472436633	89
-0.051664836823688	0.829064646994858	89
-0.03705859376077	0.920374889694382	89
0.038945011482595	0.8829182177066	89
-0.105437128656045	0.521756255828911	449
-0.09929728435719	0.569734350829149	449
0.025923973158191	0.604471121406129	449
0.00475195913605697	0.666887030620218	449
-0.121316550508564	0.462300827303984	1106
-0.094021919100018	0.485451979388078	12
0.00524601100381905	0.514212183890416	12
-0.091653690948442	0.390944517738253	12
-0.063944012784851	1.11834189716963	178
-0.072830669609305	0.929885149028641	178
-0.00491806011401402	0.966283347029199	178
-0.00149053813004602	0.976990651267873	178
-0.050434742221971	0.780995093026053	178
-0.086142555665009	0.723476078060135	63
-0.101230461933698	0.622626425307339	63
-0.034961067415196	1.01353491354017	183
-0.047056743928672	0.873958196620766	183
0.061949639924226	0.370557706399789	2
-0.082862073996651	0.251115458268017	313
-0.056144344726401	0.730279924150179	89
0.0925061381494789	0.909656286439848	449
0.0950523783623099	1.06658875765606	449
0.034043504673154	0.670565909756359	449
-0.059811616958987	0.734498287748416	674
-0.112725460424408	0.241076538917937	12
-0.123994452479563	0.234522792112219	674
0.112541545548512	0.977924017793448	611
-0.062355937155635	0.925855191240254	611
-0.025370398980775	1.10401365003027	611
0.0651051214498271	1.15562462489799	611
-0.079639936143981	1.27348046235431	178
0.017686813572381	1.66954006126438	178
-0.07063927240354	1.24518840338665	178
-0.047287633467978	0.807984623323277	178
-0.110954147027512	0.758856710641762	178
0.058217748638413	1.13991056426665	178
-0.00774881236626901	1.04758954973193	178
-0.112857036723636	0.738790745150095	63
-0.086317411944519	0.795243447719448	63
0.0696092226124581	1.28956836877586	63
-0.048804056346584	0.402661756389501	116
-0.018478587133257	0.160265269765102	354
0.05042627698064	0.974422808403841	261
0.104492612456603	1.24173597869714	1465
0.03399385507572	1.26387015358045	1465
-0.088872454613721	0.52817087815203	89
-0.113015620245068	0.571522974599392	449
-0.00662048103407098	0.822909960599322	674
-0.034282802100678	0.336943014187545	674
-0.026004748414299	0.173210247302568	250
-0.046445702803773	0.341355940806218	250
0.026257286835668	1.2015274844664	611
-0.124669110300968	0.857685283016797	611
-0.038709441183569	0.985879790849833	178
0.018059495632516	1.2121619078117	178
-0.096849500087705	0.759832079656023	178
0.0462296391307751	1.1319386148283	63
0.123837051041767	1.54510024252544	63
-0.071756607092235	0.752686324835753	63
0.114270373942835	0.627142974501967	116
-0.107412045205492	0.635523247044971	261
-0.100250516972881	0.317788348293037	154
-0.00218310827332702	0.588355352466219	154
0.074954596917971	0.917889322546579	449
-0.059581406128423	0.61079424813235	674
-0.123918994236866	0.330633324528303	12
-0.013453645701342	0.580836051989951	12
0.035056100342062	0.279632585102532	674
-0.119832952954004	0.155498401648501	674
-0.063286384058915	0.975578678427404	611
-0.058530295371699	1.22031016172982	611
-0.055624454697624	1.58190321206699	178
-0.041035420443359	1.75339386798503	206
0.015911126285728	1.13604018533644	178
0.111323151235887	1.43907942556821	178
-0.108184573759756	0.870710754039094	63
0.10966445979009	1.45447876188866	63
-0.110661109297491	0.918141661686919	183
0.0239628882199811	0.597160657457038	116
-0.100587042799034	0.560912542551641	594
0.019017246380266	0.509027167548173	154
-0.059598069453458	0.823836880666535	449
-0.063301690028741	0.720398140441712	449
-0.11236798524396	0.531311615943695	674
-0.096974655990322	0.229093116123981	12
-0.117935738015497	0.238059590559107	12
-0.118716993022398	0.156329899460157	674
-0.033230486474904	0.247954011418384	250
0.113799560260589	0.691669072411745	250
0.028915535867765	1.80722827919377	611
0.018420224732343	1.66712279793736	611
-0.113162098254524	1.28868182033123	206
-0.106502693412932	0.921534245301013	178
-0.046922468838246	0.977601099033232	178
-0.071352050523141	0.797287889418216	178
-0.069694223419356	0.722469450855685	178
0.028275463175828	1.09402843217901	178
-0.017108531912548	0.738246216460545	594
0.013114011915381	0.429593480432753	2
-0.105619363028644	0.32661422783825	261
-0.030392490487473	0.413127033654525	261
-0.037423003300674	0.624607810846751	1465
-0.076579485276533	0.460887248476833	1465
0.011809018303143	0.447320014674919	1465
0.033877460728707	1.11845299197536	154
-0.099527427057372	0.650638653835263	154
-0.056623647213839	0.711112803647698	449
-0.022756126373726	0.616948111168695	449
0.023859149670631	0.446664072219659	674
-0.081278616106361	0.969881441044266	178
0.043215676984579	0.766881989084745	178
-0.046329903849106	0.69778719167891	178
-0.090946280036876	0.327518839189814	261
-0.122346457160556	0.327841536004746	261
-0.063962187581355	0.620307698304587	261
-0.112552274449417	0.324538584954133	1465
-0.00613576399810101	0.730983462775723	154
-0.064039572860206	0.655004070287698	154
0.082385231479692	0.628946524572441	154
0.065155565697402	0.865166561730695	449
0.00878399509424599	0.707493134426631	18
-0.102345445485549	0.46533968132765	674
-0.075378683424275	0.406586589573489	674
-0.057548561766548	0.495510750527877	674
0.056017742592306	0.463598322097758	12
0.054741464790353	0.529166888590708	674
0.057976982562177	0.532754282269302	674
0.111667842984869	0.600710830827136	250
-0.061532750879399	1.04042331151002	178
-0.094561269424604	0.715597370743166	206
0.064498820453577	1.17350162351185	178
-0.083116533826344	0.719157996653482	178
-0.103385454464419	0.602826786440367	116
0.08223914185265	0.769322298748774	116
0.0780579588329809	0.913171025781536	594
0.104313150536065	0.866871145172033	594
0.065528414011191	0.649912630906629	2
-0.05194653681113	0.342236751609448	327
-0.017760797260874	0.742379205256777	261
-0.097474854105506	0.566873603075273	154
-0.038051050770577	0.906199122715427	154
0.014442791572828	0.98170720263328	154
0.112624546592188	0.885633394930487	89
-0.013854688017327	0.65277774750167	449
-0.020172994050788	0.71950206559534	449
0.0317912036844	0.734874762628042	449
0.032770590210959	0.872232683480817	449
-0.102885258602058	0.456758455189939	449
0.0901868830640879	0.909299693919851	18
-0.114306062985147	0.472143961636846	674
-0.01868216839066	0.505766944400455	674
-0.106872604191815	0.401918000961039	674
0.123171546589059	0.395125752280219	674
-0.122777674577967	0.326207931056866	250
-0.03516691114506	2.3001021416621	799
-0.121318287406174	1.56261504612839	178
0.025682273222238	2.12606718538205	206
-0.038601822124906	1.02594410101395	178
0.0993668560862529	1.14185476895994	206
-0.109046167425722	0.612948242462875	178
0.110591858118976	0.971375858983403	178
0.015151426741345	0.959258188836088	178
-0.082775865151848	0.703510926286981	178
-0.016082923364403	0.96857933533363	116
-0.030367956544481	1.00212184301316	116
-0.053939394229867	0.499221332818456	116
-0.110473513057421	0.328857260852055	594
0.037012734542578	0.522662571383738	775
-0.011904153926357	0.506228644369576	2
0.045468289627796	0.605616467294416	261
0.0192868294292839	0.249444911982124	327
0.023908979295607	1.07285219919952	261
-0.083361574252319	0.573400608792491	653
0.053575601656628	0.588907939050698	653
-0.065443700657361	0.64497330761331	154
-0.121891342656009	0.474143296880766	449
0.033508648421912	0.712258122004776	449
0.046346910988578	0.664310073331348	18
-0.112805391761398	0.156103339795899	590
0.02071465136119	0.352698704164802	590
-0.024490725919301	0.348052274232801	674
-0.103153481486691	2.29880465379992	799
-0.039974271819445	1.95063652841895	178
-0.081926256646909	1.76379105420109	206
0.021623705130095	1.37433815566597	178
0.0876770917492981	1.24674981793345	206
-0.017087291764552	0.713410682822059	178
0.046778013594727	0.95025052363178	178
-0.041417955869318	0.253821464100031	775
-0.031392142416716	0.325288519403656	327
-0.063217248811521	0.75847628695601	154
0.023040259771884	0.653955451455276	89
0.069794397778483	0.7573063288296	674
-0.078449911659693	0.490508995454408	674
-0.054109788480673	0.487297440743989	590
0.052375564837605	0.453808839093618	674
-0.04243255283558	0.742177621699726	674
-0.074957882241049	0.473801173226983	674
-0.041907644789814	2.33287698735489	178
-0.101075934649558	0.870186572016049	206
0.110887838303402	1.72199015856593	206
-0.069396659475179	0.677789308342467	206
0.053297914092314	0.928166937673335	206
0.054411928887564	0.816225462626385	178
0.031674911966334	0.661133098449396	178
-0.015097630229259	0.433647751835481	116
0.09580109581466	0.754803380301382	775
-0.105031431904482	0.333435432055491	775
-0.015667751567972	0.559806550495519	261
-0.051887451956444	0.902916665869966	261
0.109603367658641	0.774406451815429	261
0.075577987705999	0.873428735603114	653
0.026202718774059	0.596024046905271	18
-0.032577170425888	0.631344857144599	674
-0.00603936543966399	1.45765707264389	74
0.122607583302092	2.12443120661332	74
-0.034774832666733	0.643558616718544	206
0.07484409484338	0.695709999586108	206
0.096675344097235	1.3129684624586	178
0.0156283797489291	1.4203371040757	178
0.040289127925724	1.12360782516708	206
-0.016546466670643	0.429885114714086	206
-0.031025844579166	0.262427143131481	178
-0.025781081564536	0.169985097303077	511
-0.08464538095102	0.551668801264595	594
-0.048923914541489	1.102481465075	261
-0.052588072643047	0.342595637622016	261
0.1185986026589	0.277920838329303	77
0.12380812069703	0.285942341182892	2205
-0.086762860769732	0.55718076205243	2205
-0.023908874608785	0.167193828696482	89
0.053018070777127	0.354873484888729	89
-0.024845044018121	0.17007767049703	1725
0.103410331820986	0.691551698715579	590
-0.090827156409856	0.338565437471983	685
0.058678433881676	0.360235717196579	685
-0.00703095366766299	1.25285677858451	674
-0.122426111871616	0.63352697736483	674
-0.060230286281008	0.732331327329987	206
0.063002083013977	0.614768092757445	206
-0.117278146048331	0.634232092081186	206
-0.054025040697527	0.343344665382983	206
-0.057015601670924	0.420244260591882	206
0.122430056231865	0.29667903183651	443
0.124220073901547	1.95457643228406	178
-0.00854797575378002	1.19426629140268	178
-0.058632541589902	0.828171113978902	594
-0.02081700657752	0.590619043204938	594
-0.025059461964569	0.658866588452967	775
-0.118387824360643	0.529078966952392	775
0.099204318755205	0.902390032626307	261
-0.121761466081332	0.590579556232006	261
-0.06944470076061	0.848367061657034	261
-0.118444209651247	0.452839933162345	261
-0.000796308042298022	1.14622366804882	261
0.100069787220281	0.891779146724508	261
-0.085883927454155	0.472628029299208	77
-0.057468087588084	0.319302431324201	77
-0.040014053449986	0.834272387045102	154
0.123131672946217	0.379377194337589	2205
0.027248950869614	0.445314029556948	2205
0.051996185138411	0.361730783036252	803
-0.036018979325929	0.25423914060906	18
0.012211186951838	0.223304393615465	1725
-0.017725400299467	0.865924386594893	674
-0.041501816550744	0.348189179766286	685
0.094140057322882	0.617442033627143	674
0.036982535671063	1.99611672341362	74
-0.020078405451181	0.736436650384413	206
0.0987505955728269	1.31935404679008	206
-0.070750180036896	0.640629135174479	206
0.052226947798148	1.13748189648759	206
0.070031449004529	0.752928137178864	206
0.060212177330101	1.03605084741392	206
-0.118479113811045	0.240184120311957	206
-0.045242777943659	0.343716736934153	206
-0.066820534344413	0.422053079789063	206
-0.024830164832431	0.428662959654362	206
-0.047197283433228	0.345231210705445	178
0.000272763660540964	0.338221871049972	511
0.086372203315624	0.554241812936816	511
0.037101194986331	0.613231271102735	775
-0.117274586387356	0.41484331987696	261
-0.025606789079653	0.495740002029598	261
0.034830253062282	0.661259892571268	653
0.054049671903994	0.461643998292676	77
-0.048715297797624	0.334270751871556	18
0.057875222736814	0.733499660704467	18
0.09242591558625	0.466237929745893	18
-0.080146636861591	0.48684170582789	590
-0.023759231665985	0.792733796722018	674
-0.042127759397378	2.19104179123497	74
-0.077237900393213	0.971241451840445	206
-0.046158549271385	0.659728656881449	206
0.024650654023166	0.731707973974811	206
0.122749807018645	0.772507651188828	206
-0.029277175013835	0.346717714390152	206
0.091157345303051	0.552920509922626	443
-0.022265553028077	0.429894616070236	511
-0.078294583604729	0.330741764091799	511
-0.118724748561463	0.372310060381284	2
0.044888606340536	0.526634711180776	261
0.030353978921056	0.70864176430216	261
-0.090063130555418	0.572310674785995	261
-0.058988381712995	0.805350015006067	261
0.00921325004347196	0.696869936998671	653
0.115555775022207	0.640094151182165	77
-0.011704712916309	0.416365334894882	77
0.031666187367417	0.272863483325709	77
-0.054397320293224	0.340899999635792	77
-0.106295850973716	0.334473070791514	803
0.098746205624395	0.55546466162957	803
0.00679987328394704	0.357830547390038	803
0.010074372322519	0.519412854332526	803
-0.084496128086395	0.239442700552294	18
-0.061230371256032	0.32725224092511	18
-0.036816859668923	0.485773998150252	18
0.012142019986265	0.363831318068399	1725
0.0501018200967071	0.668736832334206	674
0.122943612956287	1.91416873537409	74
-0.058929370328227	0.546675822527453	206
0.049234027422858	0.436267038380539	206
-0.021757151927052	0.508289095461593	206
0.090453264150259	0.649707481371242	206
0.103170500549144	0.628106179528441	206
0.118738627770913	0.575536655316217	206
-0.026168983696074	0.348740495965448	178
0.028840766515562	0.507795327310058	178
0.023818067871882	0.710957519950302	443
-0.122628991031221	0.612936056112761	443
-0.032240606387939	0.907170351428884	443
-0.065112950459154	0.407880143430036	511
-0.070639316830361	0.331106072241993	511
0.083476171536833	0.630494624530882	511
0.062174977597982	0.699053995910459	594
0.0674694124615261	0.676132866290945	594
0.032733547029816	0.895187670336579	675
-0.085960308468738	0.565858607587341	653
-0.07444873076835	0.392668373649591	77
-0.091083606793966	0.389327547099616	77
-0.063892286311611	0.414391782026816	89
-0.088993260674997	0.381665667979619	803
0.0923990806684289	0.551752721412782	803
0.080501487454685	0.913946551697248	18
0.011349746051401	0.452800169241181	18
-0.08048080317404	0.418943922438364	18
-0.0939135477774	0.333946241970001	674
-0.117192270864458	0.385701384035333	674
-0.00921826393822101	0.787882444316863	674
-0.056477111725652	0.484775316488635	992
0.053628227477477	0.609182747149104	685
-0.022851798609349	0.578294346142808	685
0.00124347099812006	1.16140231672782	74
-0.021347712534377	0.957467628000328	206
-0.000546819289288014	0.921314054239888	206
-0.00859094924041698	0.947183007738535	206
-0.033012603183782	0.863584112601683	206
-0.028257438601323	0.931108085844783	206
-0.122624124584525	0.327202415336238	206
0.117518796351091	0.56633550689421	206
0.016616625781917	0.51762051970181	178
0.108632414659033	1.06019341353707	443
-0.085154338152483	0.705439209125899	443
-0.086542154821549	0.318332753094385	511
-0.043555142846163	0.807983860847966	594
0.028848780926968	0.88204077379305	594
0.013855471173105	0.728736803056449	675
0.108461112970477	0.941207415256158	675
0.018920666570002	0.812798270320857	675
-0.110200931173109	0.384270608323316	261
0.019772232159884	0.574370931117711	77
0.098985330848438	0.767503030524938	89
0.074823511074632	0.746627588885234	803
0.083606266280939	0.518093190969001	18
0.032595565777794	0.667680197116999	674
0.042334857097507	0.755839229707624	992
0.014289618745857	0.522167517247887	685
0.115500297948241	1.29420144642431	74
-0.025990185326014	0.698596236081046	206
-0.11499230470497	0.749923790670297	178
-0.00504257188899099	0.397093279367657	178
-0.099968660147258	0.402662091643884	443
-0.0000622844172830095	0.442210260253418	511
0.032074861597693	1.08653924132397	594
-0.067192390778824	0.538684830012621	594
0.00748945035787996	0.899311049782358	675
0.11064673226085	0.75825355306619	261
-0.012118592490278	0.417963977632692	77
-0.059484789495053	0.318942189181288	77
0.00677946296301502	0.345136713604872	89
-0.122055449726577	0.386388524770449	992
-0.114603291143579	0.451058078220315	992
-0.077197625688928	0.394902213090693	685
-0.065925753595529	1.26875670492429	206
0.105739610700726	1.26131811286947	206
-0.093305964484339	0.395837431537276	206
0.095886158843337	0.467681838107698	206
-0.032758397247215	0.334640591901725	178
0.034626862620169	0.27331765491169	178
0.096902690610931	1.38474280527769	178
-0.00952156485389899	0.60529849198373	594
0.094455309498297	0.843113702943285	594
0.121669472730229	0.985693532827723	675
-0.116574899747357	0.55480611338395	675
-0.061796656977174	0.765018201245559	675
-0.089776520943562	0.240588933569998	77
-0.103875036094211	0.531266262598401	18
0.10082079850614	0.464081217436693	89
0.09381817112424	0.73908517065613	992
-0.110956914740088	0.566127070645491	685
-0.014025474260517	0.428470426744896	685
-0.110024116155221	0.460986263394495	127
-0.022675717897698	0.853543216637821	127
-0.086018981648911	1.55995312033056	206
-0.047896795621206	1.75107306007286	206
-0.113284842609487	0.651380245223094	206
-0.091980782194385	0.555661610324798	206
-0.106595845237386	1.02126793648798	178
-0.043834818129923	1.13170227430623	178
0.0361373374144131	0.280874890918859	178
0.031913350888234	0.448973164800943	178
-0.12083249185299	0.23839461477421	178
-0.019296667022656	1.43182144317687	594
0.0436481700058871	1.33472069844366	594
0.115613419116877	1.49808085391566	594
-0.091218122511986	0.491466011878861	594
-0.100823891896389	0.558119872833782	775
0.019105336808386	0.859414252731126	775
-0.029395817464398	0.627806623411554	775
0.033822237660037	1.09017966998843	775
-0.092337732355438	0.778196294200452	675
0.044867629797648	1.34191591112088	675
-0.00316227352028398	1.28076838055012	261
-0.070557396129384	1.27899095323745	261
-0.025212369656075	0.337093771966985	261
-0.0426401827978	0.249105522634657	261
-0.122746719374997	0.229967000628723	261
-0.040319277375913	0.255013772378436	18
-0.068358059621354	0.338016155977481	18
0.106749341175261	0.864664171009338	89
-0.084785261001684	0.249233685498343	89
-0.056481035915234	0.701354777034629	51
-0.025258487709864	1.01291748655572	992
-0.078133340761947	0.476930012119454	127
0.0623130757446701	1.23190116282151	127
-0.023664935521065	0.500904481371057	178
-0.113570864795411	0.31988252694056	178
-0.033232991579358	0.424606862161915	594
-0.046471642467713	0.486449608784672	594
0.0441357853338929	0.590516674273678	775
-0.012694880383896	0.502333689455598	261
-0.051032208058707	0.813501073734738	261
0.093653240698283	0.555768277551505	18
0.073104826990172	0.828403022842225	89
-0.047027238767337	0.344476567308371	18
0.032918978279237	0.647674452198829	992
0.011407713767524	0.632552460709296	127
-0.02218982001814	0.572310733189789	127
0.12004442863039	1.9638362002926	206
-0.00458660339181399	0.504575516492925	178
0.070778308602205	0.54019654993875	178
0.059307457465493	0.4590966680277	178
-0.120751605569248	0.154581912804799	178
0.122363304425995	0.392541807645659	178
-0.065267970881635	0.346181732633572	355
-0.108288539016663	0.542961311944243	775
0.122558894796885	0.979639890528873	775
-0.066675272750623	0.315069577815095	18
0.015378949138856	0.359346581919947	89
0.012183434687108	0.340459293042496	89
-0.00439962877039701	0.432207634596915	178
-0.111630466815149	0.313435473546478	594
0.07287800282725	1.18971910771096	675
0.00947161396819796	1.03369375214249	261
-0.030097408944439	0.343534830515452	261
-0.034903220931258	0.966582963859491	261
-0.023066966260895	0.432481404736378	18
0.041335954086316	0.319136484007371	18
-0.03073526591892	0.263600768269419	18
-0.013902511563063	0.952145626693289	992
-0.107489428645351	0.582383777473852	178
-0.019544871804262	0.754980477521268	168
-0.11332018404416	0.54987610977251	178
-0.028034335406071	0.69042248244564	888
0.02061060109615	0.771321320711361	594
-0.052119508331529	0.484429103420247	675
0.027597750979927	0.639343633763751	675
-0.023738826124365	0.489791916413044	261
-0.115422704046536	0.555563070596787	18
0.117964463141651	1.07133182358121	18
0.122531314427183	0.936197544160314	18
-0.01308194973347	0.625558879182567	18
0.08190790510371	1.35539166920182	314
-0.038454055185864	0.733183080876002	178
-0.120335792418316	0.553896542577225	888
0.103408754468473	0.859550253336519	675
-0.086775225139333	0.40775471438735	675
-0.075283138559092	0.459738855259566	675
-0.090078443956171	0.404587957836661	675
0.04163167720381	1.20848216151019	675
-0.038823566970193	1.00414137290959	261
-0.028338248449135	0.676210075812699	18
0.082308593671759	1.02687754896157	18
-0.122115161871831	0.476601535507872	18
0.0855826422616019	0.757686348785437	18
-0.021729127693032	0.547883497483541	18
0.00815392625699196	0.726688029215925	18
-0.020208401971895	0.510668038337593	18
0.084579332723129	0.536180519435027	992
0.069891321112891	0.597155730680192	992
-0.038193153499136	0.523445822140362	992
-0.07959314720398	0.335194970679575	127
-0.035585865092172	1.10756798365806	178
-0.103852066281071	0.83979959190929	314
0.039116861301794	0.647325573887512	594
-0.122912493656876	0.236384387355011	594
-0.066730002753447	0.422320107542648	675
-0.110630454172928	0.328009216350231	675
0.122430056231865	0.29667903183651	675
-0.121804368039464	0.755352429065789	675
0.070951114580416	1.01515659278987	675
0.069329726299173	1.00002719199484	675
0.021674520793872	0.571388305207303	18
-0.00188878320900299	0.858619219264742	18
-0.094036560454929	0.681630747080149	18
0.121019627667559	0.707810780980769	18
-0.0710743936315	0.40536016951828	992
0.083972068854987	0.618149352651198	127
0.050603968136789	0.863892360362845	127
-0.021101273096262	1.12604934912123	314
-0.088384566090834	0.803567775602522	178
-0.010711746717749	1.04830378636466	178
0.031987450725925	0.45731802029641	675
0.092639862184548	0.478392135871555	675
0.0178527654841391	0.876491780359919	675
-0.062785433357586	0.813757842453672	18
0.060087258216075	1.38369046763571	18
-0.049143464562328	0.752188684851683	18
0.038353920454084	1.14123555159237	18
-0.119873183626254	0.562458495485636	18
-0.078825450108927	0.652782925403071	18
-0.054946470740669	0.694734615147397	18
0.029314454978924	0.815844828687173	18
0.114386857965339	0.196766872483384	992
0.088195211689205	0.542687207868497	113
-0.023121853791108	1.39853733465344	314
0.117886042919429	2.33204007322861	314
0.039724735103386	1.49376691604187	314
-0.03116513225392	1.2444927699289	314
0.019892155574016	0.663607377105618	594
0.067029959851342	0.369529261723645	675
0.014393584649162	0.353684354773801	675
-0.024299096427113	0.430815609998519	675
-0.008968187835937	0.502348135463034	675
-0.075633020176989	0.922878601138318	18
0.124611456031398	0.616316605365494	18
-0.050871995406542	0.885272659948775	18
-0.118646628888673	0.714318009293617	18
-0.056113081250274	0.737434300639291	18
0.113730708097309	1.3049019292897	18
-0.062083729034981	0.416764365348736	992
0.037741289128138	0.834228271911467	127
-0.097008980856864	0.409709138565815	127
-0.118987238945402	0.785628435926107	314
-0.060293820244866	1.67198405124855	314
-0.031728691072387	0.889418697057497	178
0.00464277034967198	0.348934937682945	594
0.089659757505821	0.749787879184257	594
0.032514692522476	0.278131397470273	675
-0.08686289888572	0.249870859394525	675
-0.089070362542902	0.247295685613788	675
0.05476626546301	0.364416650190322	675
-0.022351404327904	1.03781293982435	675
0.019644554508665	1.07862984905586	261
0.107474368594731	1.09716811105846	18
-0.110180113203649	0.545112126688915	18
0.046796373226898	0.57033637070044	51
0.031525616972725	0.273279657239931	992
0.059815501682283	0.369510870538799	992
0.100887108431453	0.471052266811057	51
0.05586096980267	0.361736572692582	127
-0.074255812882612	1.37994831344486	314
0.058505190086754	2.25276773050598	314
-0.00974218814762001	1.46861767398826	314
-0.022013473369138	1.20631286553646	314
-0.075654202419955	0.891312316346006	178
-0.036329458657832	1.10573896937961	178
-0.072937035079382	0.886802391473515	178
-0.117607988673096	0.894351126938753	178
0.055193149123938	0.353929348013682	594
0.123467975560937	0.390488944293652	675
-0.063528671433641	0.320030324572257	675
0.079985076744225	0.769754179080436	675
-0.025935572550668	0.992836094058732	675
-0.071474009691349	0.877504603151032	675
-0.074419171610309	0.874257657548135	18
0.057113521858611	1.04269781905042	18
0.013371016856793	0.992043523621686	18
0.119036345705078	1.14229238548042	18
0.112663596076698	1.17341592925203	18
0.080282620151221	0.608649160500679	992
-0.035745005770056	0.633321738666348	992
0.029455195842087	0.695834750474454	992
-0.083541451795442	0.329179831465055	992
-0.035988807120338	2.17560173807935	314
-0.111489214538635	1.51172075052793	314
-0.11626594456566	0.952393580300551	314
-0.06707795691121	0.83939060484094	314
-0.105438601269464	0.661192405248495	178
0.085433810115345	1.15445345236609	178
-0.078441901168441	0.782710744681208	178
-0.012319090348993	0.926605932254163	594
0.053297535070494	0.890526503174694	594
0.0328061346873561	0.609944824378831	675
0.05651707390386	0.542883891294463	675
0.00816296475240597	0.592103154269104	675
-0.028177193315896	0.493010671730041	675
-0.102954043677924	0.413232424377165	675
-0.042880981078885	0.656575300317828	675
-0.111884531501673	0.712689025232905	675
-0.011353374331041	0.890084592279667	675
-0.122821026867056	0.696332451052873	18
-0.113959006373578	0.649943189284758	18
-0.122030440544857	0.797509748671231	18
-0.115049133209838	0.676324132687673	18
0.098371069640267	0.61974467228357	992
0.115079098392733	0.65467079745727	992
0.028578588208162	0.723366815942232	992
0.008786636856567	0.833019854853024	51
-0.122901869368286	1.41113086453151	314
-0.092132722380043	1.042724601851	178
-0.00269041876960502	0.578904986700887	594
0.018344400163738	1.24478124895731	18
-0.025445056410561	0.877946088681411	18
-0.106877987014336	0.707603620748276	18
-0.075837495913968	0.790362823965703	18
0.059388673106565	0.67945938385524	992
0.04480507202707	0.436659278982981	127
0.054007126108587	0.363642240916583	127
0.123902062283094	0.564254493288202	51
-0.035553212647019	2.01846174613103	314
0.018860343338834	1.92706212052195	314
0.0545955050421441	0.451491182655487	594
0.013749435166671	0.884847957111546	594
-0.03598224697018	0.260303672515881	177
-0.0310938229648	0.342682550340959	177
0.11140380203427	0.334179155493522	675
0.046595916852456	0.968354425929397	18
0.033346217555447	0.893756377589621	18
0.076176044311844	1.06146330347608	18
-0.057697826764118	0.662534618353299	18
0.111035210542503	1.20977131659497	18
-0.013563398711295	0.888045917982079	18
-0.00912888442596099	0.712526693275415	266
-0.117771675483552	0.152672857185518	992
0.053213626625996	0.739873291699722	127
0.038158943892869	0.280550447234507	127
-0.118151852164405	1.12256823302595	314
-0.034095925802943	1.39273641528283	314
0.115065534177372	0.687118089033431	594
-0.07113217423708	0.710985491465252	319
0.00186483252752301	0.509724030956922	135
-0.101427084929098	0.311295057107066	135
0.048996488535546	0.611250979104495	135
0.045937785179951	0.441775182326003	675
-0.095281172196634	0.323092682474776	675
0.12290483430083	1.51143392432376	18
0.088512760416364	1.08748887404459	18
-0.108376827278804	0.605985289833748	221
0.018921191755104	0.731533255364767	18
0.099690790132282	0.916895492400492	18
-0.080253574247183	0.563129186353102	18
-0.074367402885346	0.52110209355345	51
-0.034466983633702	0.658774677059446	51
0.01229988508879	0.647510164185004	127
-0.081016623508787	1.01673576852404	314
-0.030468173052815	0.789884685171579	178
-0.090807709961362	0.632835899695808	178
-0.116741786617631	0.442275693063619	178
0.083889036324603	0.908918986580309	178
-0.039492489961517	0.66803163457353	178
-0.014378834274228	0.580646571490235	594
-0.116688876695618	0.408582498492492	594
-0.0764095385583	0.566264948208453	135
-0.077456682810282	0.685327762311147	675
0.011888517891814	1.09154118768946	675
0.067935797765684	0.760517352589319	759
0.123144546575862	0.763748636908532	759
-0.109977795682669	0.462141155079786	759
0.0125346194145231	0.510996932610282	759
0.082183569248198	0.695588723275438	18
0.115294779727558	0.643842258126126	18
-0.07340981791544	0.407476245458558	18
0.0914119770884581	1.10552576019272	127
-0.059031188913794	0.662823878173392	178
-0.070280274749755	0.634183100577853	178
0.00319065010543396	0.637102985075454	135
0.031429470236263	0.79069626548848	135
-0.074964405965263	0.684148415299568	135
-0.102931885363068	0.587543083344593	135
-0.076177930365007	0.715822334559948	675
0.012064382931786	0.944072366695535	18
-0.041048018782123	0.911743460602544	18
-0.111111015500438	0.492951443412331	18
0.083754526994941	0.674223395901284	18
0.041171451684641	0.741265050155155	18
0.018886630340894	0.572111760479671	18
-0.096552377782037	0.376615284152152	127
-0.116690048975587	0.518908219104074	594
-0.0119080068023	0.58521553994633	594
-0.00301075454480299	0.785750001449898	884
-0.031751573680764	0.730255972003776	135
-0.072503277025016	0.565617031910844	135
-0.048349135293302	0.697423635809779	135
0.094660562877221	0.549535793118628	759
-0.004592765783624	0.515650489181075	18
0.038396881715613	1.11084643711539	127
0.051927358961381	0.603818518963908	127
-0.121414908045672	0.985362207729408	178
0.124220560277529	1.15773277390963	178
-0.094945709757002	0.655145284705913	594
0.099541970225865	1.21978047773475	594
-0.051763149324801	0.709789278990533	1084
-0.081240343902876	0.736794432663513	887
-0.086347286821027	0.676556849044813	221
-0.002080030569797	0.651142036545549	221
0.052261322496013	0.870740620132584	221
-0.056200671287866	0.55479884440063	18
0.00416968704054399	0.509276046816155	18
0.046773741555487	0.683807419977885	18
-0.095315425564236	0.476035749732201	266
0.021204303032431	0.661484845096972	266
-0.069498990241946	0.403986777196981	51
-0.049486877373805	0.532866886064528	127
-0.111455839913664	0.852046599140006	178
-0.012936207548765	1.01865419875519	594
-0.050905239810536	0.961279541470275	594
0.051512546091733	0.68541461341051	135
0.0829501542576599	1.45459565019628	1084
0.099489762056684	1.20651915487701	18
-0.043988690375902	0.83072706453588	18
-0.099752735590185	0.556159393908649	18
0.050819223771761	0.920800850437424	18
-0.076800388234034	0.713311628238048	18
-0.084926433951825	0.650901881356857	18
-0.088512911176255	0.792478538055441	221
-0.122789326815159	0.545383107683584	221
0.0567932309204821	0.688459209755883	127
-0.073270888547654	0.479941948247059	127
-0.076126457092632	2.14897966853774	178
-0.113281238170137	1.50670178448565	178
-0.080230552112573	1.08792467173689	178
-0.086316894096061	0.58195253217736	319
0.094993417400714	0.548306353916614	319
-0.018512829268959	0.348551535509072	135
-0.03365472704454	0.4090397595184	135
-0.03692423294091	0.256824511610497	135
-0.122503970626318	0.150573123103154	135
0.000870926449469955	0.446153356781285	1084
0.062934042464381	0.538875548840136	1084
0.082922939033203	1.28930057536511	18
-0.095938600559921	0.619136054212858	18
0.0482433692494471	1.33143511327027	18
-0.111028763670818	0.506182430840766	18
-0.00253982835373801	0.81437295459001	18
0.04700075799379	1.01374983861215	18
0.096222564858553	0.780194934578039	266
-0.104333364959729	1.95834675438215	178
-0.021713101724942	2.05071348672367	178
-0.085681584403585	1.45698061745035	178
0.081002924039483	1.6518513785087	178
0.087008547427372	1.89030283996386	178
-0.03981035653421	1.08850975444237	594
0.047052837409391	1.2459672983608	594
0.093217562235862	0.464035531935305	135
0.027198910265843	0.348164622168159	135
0.091889240822953	0.454448436242709	135
-0.091446773837869	0.564975253070295	1084
-0.076969156166696	0.374498187016111	1084
-0.034414167853103	1.00914244940388	18
-0.089834382283198	0.8884565651123	18
-0.036034014400753	0.496746442467947	221
-0.028368340887427	1.04051981723539	18
0.027547402896701	0.861843205179901	18
0.108243607007416	1.0195557273242	18
-0.123342282818037	0.595422067855548	18
-0.121754169736301	0.394252727128069	266
0.022430086010463	0.76403450094451	266
0.012079044486511	0.510398754806672	266
0.0530587972796161	0.462008706594291	127
0.051071523864452	0.427367381909953	127
-0.113944381692847	1.02585897871533	178
-0.10991112453294	0.336721132225729	23
0.00468224622787805	0.340744527155515	135
-0.095964895748945	0.625411811152612	1084
-0.067839190924602	0.916653031436019	18
-0.013849375740239	0.960770334904248	18
-0.102007637771739	0.487908162827563	18
-0.123132053453576	0.694693199482814	18
0.025636612736523	1.20931229227726	18
0.048672952458794	1.05201859268896	221
0.00890148764727705	0.919713764117689	18
-0.072368117933241	0.69864187303498	18
0.092674352051367	1.18831948630015	266
-0.100854911876402	0.640365692009526	266
0.111337341252455	0.637390974272998	127
-0.028426378055922	0.95161878035753	594
-0.06887832645808	0.710486282950592	169
0.047647080525114	0.833990338894426	169
-0.057566159838301	0.650455604391897	169
0.051923143641701	1.08756419803425	1953
0.020285944658467	0.761466525301736	319
-0.00519119702718701	0.649500002377772	319
0.114299195999719	0.741288768583534	135
-0.010184432953825	0.511406412153468	135
-0.014983406740464	0.974076677146205	1084
0.066886419910272	0.952862171959716	18
0.002525860821319	0.858722589513349	18
0.109286682044305	1.51601766527437	18
0.0468865193749241	0.819525452599167	18
-0.051799459440273	0.726221390166234	221
-0.115723971871241	0.457797405332979	18
-0.061357855237301	0.993119092115369	18
-0.087742235894568	0.876779497109911	266
0.074055137511693	0.619149649729036	1953
-0.082130972520235	0.631539153319106	1953
0.0412223981847341	0.58923986473248	135
-0.115060699045474	0.335658602613782	135
-0.025781081564536	0.169985097303077	135
0.00882422190275401	0.346821932308661	542
0.116747335859433	1.39513312439276	1084
-0.07425048481679	0.825053497766109	18
-0.00754043686996098	0.761522640292	266
-0.116228573058682	0.525732849898059	266
-0.112144657735176	0.328597512706911	127
0.0361373374144131	0.280874890918859	127
-0.105381250537763	0.332731531934787	127
0.117776178354413	0.375756056968029	169
-0.027501577217642	0.251348295010461	169
0.093761786933982	0.642510797978688	1953
-0.093611100346374	0.403997485654278	319
0.03707834658508	0.281889611573346	319
0.062813256105272	0.371602960096656	319
-0.121731347682954	0.151219437047802	135
0.085478892779749	0.466734670577266	542
-0.085235596502573	1.24865191386287	18
0.060870972077413	1.41316804741635	221
-0.119039753200012	0.958621743762365	221
-0.00660759018152202	1.21318297072023	18
-0.119839907363094	0.468748369426581	266
-0.115775031026797	0.240597055716726	127
0.0111747347755961	0.352770089340837	127
-0.086741682707906	0.334515281845138	169
-0.03883376045538	0.163358995914471	135
-0.11852273376765	0.156167655789556	542
0.034496237110083	0.723371594528193	221
-0.080094063425402	0.653402792310508	18
-0.117755333318079	0.727898757585479	266
-0.063113765051931	0.325147502240836	266
0.013159492661429	0.356213718063215	788
0.087255694784972	0.474069586783867	127
-0.087824757734912	0.249045652480783	127
0.043239398517999	0.529699205028746	127
-0.11483684587865	0.158057326123059	127
0.113658479529601	0.189270038586502	169
-0.041104617118232	0.248301476128881	135
0.0457344878834191	0.719364110183489	1084
0.062160447355149	0.45920655117837	1084
0.088053988956468	0.562266888975003	221
-0.01249122336488	1.0503097985161	18
-0.036398674029896	0.415351681120257	18
-0.072669284697123	0.722394076241651	266
0.020408974568937	0.434831119293693	127
0.113189776914613	0.191551475973684	127
0.093705555546525	0.478408992093852	169
-0.072797833039353	0.335022698130784	319
-0.029770245978438	0.256680025665623	135
-0.082672386000682	0.249090846200668	1084
0.056929063895707	1.81973167133358	221
-0.112438884415358	0.80716460521816	18
-0.099381741090112	0.334153213302526	266
-0.059821184733627	0.593557532423466	266
-0.122111020050104	0.327067105376346	127
-0.09927554827044	0.405805858893063	319
0.121172780960337	0.288432966124477	78
0.001027218659296	0.809498503034742	1084
-0.067253758645432	1.22647305679927	18
-0.122674889528744	0.331818808059643	221
-0.049077544409396	0.547349423298095	221
0.088053988956468	0.562266888975003	127
-0.00159342660631701	0.440753215181567	127
-0.024845044018121	0.17007767049703	127
-0.122729850299228	0.142909795288175	127
0.1231818897518	0.381569285450182	169
-0.05640710883439	0.831642057233439	69
-0.052763379180583	0.610003416968867	221
0.060741709717842	0.578104388971181	221
0.092200669251702	1.74060470133774	221
-0.119407041425962	0.825843540027203	18
-0.026201271374793	0.579034837173532	245
0.059237761867328	0.362622335349448	127
-0.074411974425851	0.474377945532176	127
-0.116322204043579	0.323655330075116	127
0.001283110371465	0.447020223974692	1084
-0.024705104967838	0.890133224642709	18
0.08003471272622	1.32280112588596	18
0.00249262781900705	1.42166013849731	18
-0.060658473714058	1.2315437879152	221
-0.01618322010365	0.658213500674143	221
0.094867287429188	0.466957261266644	221
-0.059296456067018	0.894358763673592	18
-0.074636731380822	0.783396597768339	18
0.00474941718759303	0.870764268428603	266
0.021303406699531	0.532158495099135	266
-0.11575652034023	0.154614327740799	127
-0.027576949760476	0.493781174923099	169
0.076066462893655	0.546832108977195	169
-0.115602050456763	0.332190402077385	169
0.122935327885295	0.351521237362948	237
0.122553157855553	0.295519418649558	62
-0.115145591935101	0.398243139553335	1084
0.03432382364258	0.741656513070665	18
-0.085771524671913	0.903555457012355	221
-0.016170517428293	0.945158921437189	18
-0.100334784564221	0.773736867161287	18
-0.047927171822523	0.752708716183188	18
0.116764590205234	0.569247516540794	788
-0.087362561896922	0.642396927117837	199
-0.120745601050019	0.235044718230744	127
-0.013931662449095	1.02131202221029	169
-0.030581241557098	0.263823292895595	78
0.052648739736474	0.462218310481824	1084
0.046798474875227	0.952572735802573	1084
0.040132411770843	0.602790793937796	18
0.064326721874066	0.625146829951837	18
-0.0804005329735	1.02971529654092	18
-0.084660347900589	1.05284138772253	18
-0.123185415299988	0.971051265270255	221
0.013523492968989	1.5347697401595	221
-0.114577137559056	0.772140206820949	221
0.08342307039537	1.22232013395511	221
0.05547886272931	1.18567586053067	18
-0.08183532273054	0.788016685505637	18
-0.015651543622102	1.13786380417783	18
-0.055576613826866	0.643328375435153	18
-0.073842662892766	0.71231998003529	18
-0.060412930268437	0.816402875682659	266
-0.118013722997221	0.65278633836234	266
0.065889018961752	0.7539120906175	266
0.080042861467286	0.44298498928706	127
-0.028504970182288	0.490935453359791	169
0.041664260423959	0.659324494058213	169
0.112155200392481	0.186862614587451	237
-0.120945827109317	0.154752718454605	237
0.119483789676008	0.193198488165114	78
-0.089660140267344	0.547912607034226	69
0.000587700459179996	1.41333412934683	18
0.060259310437068	0.450936110288414	221
-0.061979198226638	1.03451597506635	221
-0.030420890623233	0.970500799596369	221
-0.025068299970994	0.170150979845328	127
-0.117603293213908	0.156296236238857	127
0.033546969387602	0.274555994537319	169
-0.082785762404401	0.244497269404097	169
-0.111417392325594	0.406054097243586	169
0.118738551631754	0.291147528218627	169
-0.112645003346367	0.240185637321456	23
0.030727081460811	0.269422329120431	237
0.033998075636124	0.273263783311427	62
-0.095770171498682	0.0668543917022997	62
0.054782803909093	0.46240698181947	62
0.11890165504971	0.285203680347571	78
-0.07147783305803	0.913080614545386	18
0.122039249099717	1.73961514237062	221
0.024471294392388	1.42149937581703	18
-0.017540738237439	0.160576067383035	122
-0.11779717170351	0.155234781121437	127
0.117642615268194	0.290023345114648	127
-0.078100688240411	1.45488673050896	319
-0.099819080396497	1.17750379714171	319
-0.039064600061659	0.163802701654454	78
-0.083765614997707	0.337626903549909	18
-0.049143673388884	1.15829858876289	18
-0.09396376426049	0.735775363047573	18
0.049641233415305	0.446646980542551	122
-0.031633406719734	0.171470018787416	122
0.014555849513884	0.419905379959171	694
-0.103723136161012	1.32662180585122	319
0.030221832464313	0.260907670017446	631
0.019279562855212	1.2919705573528	18
0.100741438205913	0.775157821055556	18
-0.102461219027515	0.382982513103224	18
-0.034505324676786	0.431486693743234	221
0.085672074684168	1.26216579946494	18
-0.117063365407864	0.156458878637112	122
-0.098927344048442	0.566307905245329	122
-0.100130077388607	0.543203057159952	199
-0.032569908601485	0.646621339759134	127
0.047901688817557	1.32681482581702	319
0.069388116253871	0.667432655089051	169
-0.038696038374278	0.249470974532907	169
-0.090993018810682	0.244319588568816	631
0.10730027351483	0.185995551232815	78
-0.113724743343811	0.155210211081019	78
0.05352118459794	0.443814900659994	1658
0.00239707501792297	1.33004490371004	18
0.111393117058618	0.991974412452863	221
-0.085193953359084	0.805594583629065	18
0.027841007120835	1.12626554860908	266
0.031013907073756	0.82146466367377	266
0.064846605549256	0.373732610834784	122
-0.124627372508069	0.145783559748913	122
0.122592030349126	0.28903775030676	127
0.00888102805565505	0.355419198581237	127
0.014891719282115	0.571207060868873	169
0.08121775443924	0.451151321078304	169
0.063723597191372	0.370563585660478	169
0.030882116944991	1.2558871141313	18
-0.030697961258055	0.172406008891331	122
0.014367339263835	0.525499777827673	122
-0.090135326340615	0.327933193314638	122
0.00113199719283996	0.632373552643629	169
0.10730027351483	0.185995551232815	78
0.114620547436307	0.193412235224396	78
0.071890518699533	0.363227290024176	1658
0.052326464678759	1.36934348044976	69
0.077265194100127	0.753646051910325	221
-0.094626954777286	0.90579641694148	18
-0.056038942451981	0.578408044517414	18
-0.00072015119364599	0.65717511140574	266
-0.031859729488141	0.171527451678033	122
-0.066338110172429	0.663675840294738	127
-0.032051384919257	0.166665536980922	127
0.119662609779249	0.935010672159821	169
0.077720629916414	0.434840149060298	62
-0.052965029105347	0.315216560206843	62
-0.121482575957995	0.241408016460993	62
0.0425330347608091	0.612292627483984	1658
-0.111051018363867	0.554472993964041	69
0.00627401814929696	0.73761014085467	69
0.00845536891572296	1.77919226295233	18
-0.036881272850887	0.928289882962746	18
-0.081970469900537	0.929992216750608	18
-0.049992013873471	0.983596059814723	18
-0.090091716334739	0.965744735728802	18
-0.094070600249725	0.237907590560748	127
-0.049504060521129	2.4113408163529	720
-0.079820821216135	1.9932961136633	720
-0.028567679845079	2.16557686710053	720
-0.092494701374966	1.17583563135768	169
0.119994784934482	0.378840028384274	169
0.121444843234497	0.375797067233291	257
0.018496915968283	0.584574860993129	1658
-0.03492409765754	1.01528839865966	257
0.062759091214025	1.86840430089872	69
0.078693670003673	1.64428683507261	69
0.010379563831358	0.702915730902276	18
-0.026558765584322	0.262738506976	122
-0.118002329580881	0.31518598295985	122
-0.112353310456639	1.46369359723886	169
-0.040892334871886	0.727766386597596	169
-0.057360227164642	0.627086228446844	169
0.057557011641625	0.34197111950898	257
-0.119433532772241	0.236960663470834	257
0.06175424937281	0.467627237592176	257
-0.028705371715437	0.331733290316215	78
-0.109041287311942	0.483578700174697	1658
0.0910756216574961	0.536573123960503	1658
-0.096851206440917	0.531425674978567	797
-0.015453891797355	1.44872464597527	18
-0.072159300924124	1.28815434121921	18
-0.108981565047622	0.81877493219547	18
0.00637343960433201	0.683162547578985	266
0.081679741328913	0.917867437945822	266
-0.018715684938583	0.347399179876321	122
-0.111315653921552	0.147134905213934	199
0.0657562300829591	0.372107566776149	199
-0.090156954496566	0.240780777192073	127
-0.115949719548467	0.158098750853136	127
-0.048187472219196	2.30162491831555	720
0.009009038746985	2.2698939742743	720
0.027108271198255	0.269175383205238	78
-0.122482942633058	0.239171585957744	257
0.118972935971349	1.0859629331068	1658
0.00729450822856403	0.85539323117851	1658
0.119538105160076	0.705649131784144	1658
-0.062951731297638	0.883432752925718	797
-0.096154741334949	0.981410526157758	797
-0.022867397128653	1.55817308363914	18
-0.078792695705743	1.18072269902211	18
0.089461431447707	1.53827148459945	18
-0.06209649612917	0.903467717372962	18
0.069434838622802	0.736212461539337	266
-0.0426401827978	0.249105522634657	122
-0.027877247648872	0.169718056278688	127
-0.039254978882087	2.39318433193108	720
-0.072003599417726	1.82412764572539	720
-0.10375868890105	0.675671486758166	169
0.091274766425291	0.46005813453773	169
-0.115476480611901	0.605458049372231	169
0.050279687504176	0.454331812184461	257
0.116453282565513	1.62229695005347	1658
-0.050991780229902	0.704627333113768	257
-0.085522691312811	0.955427758461676	257
0.118894520701934	1.25454815054151	797
-0.079765954484755	1.01733133317957	18
-0.049667182473791	0.914970200905352	18
-0.071586834478805	1.00342642329645	18
-0.011926544878828	1.08384815446286	18
0.10969032941806	1.32376461221752	18
0.065616726181506	1.26324214209255	18
-0.070138586225306	0.549304383362296	211
-0.058212965657909	0.321428244847085	199
-0.027310334121321	0.503009043039043	199
-0.00452523077413503	0.422488453658916	127
-0.019905337737597	1.93458032938652	720
0.050134439626999	1.55244781356499	720
0.065515339893963	1.97165675977429	720
-0.039678828292996	1.52002349578305	169
-0.017448370584264	1.09495395589196	169
-0.00762918179786898	0.689575102486928	257
-0.096892308963111	0.525024332934612	257
0.044757274795963	1.23376288360734	1658
-0.061524920713043	0.890913054244684	257
0.070982205529973	1.9597633338839	797
-0.086142363316894	0.689796522423952	18
-0.070722136395877	0.739027218362101	18
0.032366964453824	0.707637635528946	18
0.00100954786326302	0.742692195276948	18
-0.091821610088235	0.771852148760136	18
-0.059378475211546	0.655819779379299	211
-0.04866394926455	1.41679634375448	319
0.002490132343128	1.11317384949069	720
0.010293349664267	1.71883909911238	720
-0.095616119488058	1.55890652264822	169
0.019545905510672	2.03161718916602	169
0.064225489223482	2.12024200654358	169
0.043906360561231	0.851857188077893	257
-0.024833925385141	1.31776653786403	257
-0.061058188711998	0.463999040423869	18
-0.046749645007006	0.428507977591607	18
-0.121797093104979	0.450054588051946	122
0.0136039706130719	0.836597946165492	122
-0.04299644531429	1.0528726776402	330
0.07440418607705	2.2288986173309	169
0.00687679096952798	1.10183312473669	257
-0.066307470429866	0.795628707816379	257
0.025808396614833	0.943503605875541	257
-0.060346873658198	0.780709386447742	257
0.060635155827876	1.03732840627422	985
0.090681534758233	1.14417619105083	985
-0.00876993905177898	1.04133758713831	257
-0.034281459490019	1.65839969784718	69
0.014626138523792	0.51692163347261	211
0.065933187488027	1.27767779686945	122
-0.05388307974534	1.30543182507778	199
-0.10753981092781	0.861527026090654	169
-0.063299201937185	0.591351304159582	257
-0.055610873040268	0.450192694567472	985
0.013366976420793	1.23409720651011	257
-0.075971252277403	1.18929953937341	18
-0.018718163459812	0.644004743107826	211
0.123159252112769	1.09587411294751	122
-0.012432336459012	0.414640115013988	169
-0.072021659564408	0.701487406623596	169
0.00677946296301502	0.345136713604872	257
0.033685894691683	0.273236606657624	985
-0.011512484452644	0.784108226494613	257
-0.120793512205646	0.525626788611874	211
0.07211613986399	0.768185781739275	1077
0.117436849115003	0.698733316132804	1077
0.00114144030713803	0.432225075341306	122
0.113964929414018	0.363112353369384	330
-0.00401682815628301	0.32772427932111	127
-0.023925979323389	0.337009439537678	169
-0.115440189913898	0.525058948133085	169
0.040946404392142	0.832320632035151	169
0.06094327386251	0.616087701223876	257
0.032943634420124	0.456934786606591	257
0.119876090458441	0.696714638196109	257
0.054097678652943	0.361815179744109	257
0.024830612672438	0.262060973718952	257
-0.114096702516051	0.158422257519875	257
-0.10540958100677	0.67092514311976	257
-0.081872934145025	0.470976696708028	257
-0.01112024208622	1.1713392452942	18
-0.051476850444096	0.934321991030216	18
0.090133201902524	0.706749466808996	1087
-0.108022281445654	0.561464158223462	1087
-0.082918133324534	0.483892225053342	1077
-0.105893694732139	0.4034242761457	1077
0.123584792887657	0.573762677794155	330
-0.04090638002297	0.247247235085517	199
0.112462015594194	0.19254900802788	1588
-0.060930635410633	0.416767634551289	127
0.122738811724745	1.05764097093023	169
-0.111854344298006	0.478376441520155	376
0.059626077909796	0.368740915580363	376
0.041152805177524	0.520289509120218	18
-0.077242480926416	0.841442486924982	18
0.118686836064748	1.6558508867017	18
-0.093616254073136	0.391285173249855	1087
-0.030923867843503	0.170672728303269	330
-0.028705371715437	0.331733290316215	330
-0.069425796798723	0.476283752615723	330
-0.035481347483868	0.500302437362685	127
0.064110819092764	1.15695515585686	169
0.0853153354239971	1.01982459831641	169
-0.119517187462021	0.241091182660645	257
-0.028826657574776	0.167945192606015	985
0.094269079588819	0.565564877660602	985
0.00620182237707201	0.512365455152082	257
-0.050978815508593	0.410822875676855	257
-0.096842397253432	0.551129034490037	376
-0.100811674290261	0.465201481794907	18
-0.053594600126291	1.17584598940355	18
-0.120925687227909	0.94415463760072	211
-0.017958379092229	1.21908376332374	211
-0.024118450514643	0.724095680898947	1087
-0.124864692229092	0.688198644339994	199
0.11222700194726	0.191668178247491	127
0.023528837194742	0.51754562168973	127
-0.124718132075923	0.324392509939343	169
0.056680834894608	0.885501700606982	257
-0.04126114240495	0.252932283493306	983
0.018196204329705	0.432233968196907	985
0.11796975673335	0.282301408738108	985
-0.110146146954846	0.155202131271362	985
-0.03486787738689	0.165145512340739	985
-0.023180675346532	0.610010654481009	376
0.09533126718851	0.693994641089354	215
0.047541953257456	0.444238375749121	330
-0.117409458199978	0.153373751466469	330
0.045053095763142	0.257253911281226	127
-0.037662223431308	1.21919186777972	169
-0.094275515312575	0.386788953440081	169
0.110649246916914	0.559768138581088	257
-0.021720261406673	0.423734067483381	983
0.04615128004941	0.531230680826042	983
-0.059241002182695	0.422298279964927	985
-0.10030899376932	0.620107761625143	257
0.079605135544768	0.779087944992599	257
0.094399538992562	1.1918830977274	376
0.036301039188658	1.37378980178574	211
0.072592848581898	0.615199566502819	912
0.119204116645156	0.383510032765895	330
-0.049797239340226	0.335695957822308	330
0.103220354280908	1.52578642943487	169
0.011028251448667	0.352900321175602	169
0.108921407718027	1.21006566142277	169
0.013996358049412	0.426275430685135	257
-0.055377612582499	0.333457110924174	983
0.0179227523559879	0.443142433397457	983
-0.063948091630075	0.649662434373196	69
0.041728794770621	1.47650464418509	18
-0.081233951098902	0.32946961217675	211
-0.055741840928422	0.342105832173998	912
0.030727081460811	0.269422329120431	127
-0.058324851457799	1.13498425498356	169
-0.09672385074926	0.33080138729278	169
-0.089943577008685	0.695459290643365	169
0.045199787169844	0.955354320599831	169
-0.082508730823266	0.333940418529686	257
0.123779353400985	0.705749314843409	257
0.020796781668031	0.352311896555998	983
-0.024400099875307	0.344663098224095	983
-0.015097630229259	0.433647751835481	983
-0.11832109849039	0.234622627941023	257
0.023382855364483	1.00419245635715	257
-0.115699866879484	0.627310260692812	18
0.0703024180149761	0.393504049294858	912
0.0580487223696931	0.459212931415567	330
-0.058970815087592	0.421779858500837	127
0.11670990996478	0.289089034024093	127
-0.028090285698554	1.36828058549484	169
0.00941208778438596	1.15107413131705	169
-0.023140623608101	0.341930290259993	983
0.011068734613897	0.343759812855338	983
-0.088969207288296	0.331263543286048	983
-0.118069194857436	0.578011639473654	257
-0.092134447996365	0.818476533159483	257
-0.115253592701161	0.330808224034586	257
0.050449910574243	0.755077814271617	2202
0.040989168115169	0.794474464819548	2135
-0.015541940127325	0.916520065247103	211
0.10730027351483	0.185995551232815	127
-0.116452198016306	1.50264437578579	169
-0.107150584655488	0.44257150185694	257
-0.050729888007413	1.20072554165432	257
0.020179840300621	1.04734139395592	257
0.098024200199594	0.746642844330007	2202
-0.115048148947512	0.810443636361012	18
-0.093638819274429	0.895635933296506	18
-0.068886724855982	0.875758460733165	2135
-0.116992350391768	0.471960873222871	211
0.032713463612588	1.6934527443932	257
-0.042854114704879	1.60589503193033	257
0.069684317179345	1.8406662266913	257
-0.067285749565652	1.20698158424039	257
-0.118768711299103	0.813846239139268	18
0.01801255498782	1.04900262007431	18
-0.073075624554911	0.906949080718728	18
-0.067855323797603	0.635694368768023	211
-0.109020602387703	0.524680393081285	525
-0.078847195502499	0.762420567584961	127
0.088432584965553	0.910044770188297	330
0.00939102932359603	1.03962625369695	330
-0.00207458411793199	1.15014968479055	330
0.060076501117204	0.992368636386161	127
-0.08625467736916	1.3496853564793	257
-0.11261665657858	1.00200775195106	257
-0.045070485715576	1.35467255047714	257
0.013466612130645	1.34973024862755	257
-0.049248401779914	1.69438811854285	257
-0.068355970563783	0.415731736914684	18
0.094531203990511	0.698711421973985	18
0.0293034772905511	0.488807832958915	254
-0.122912493656876	0.236384387355011	211
-0.00289599807374502	0.514804485020693	211
-0.034052663829136	0.940784723732771	127
-0.119006739236407	0.636033142800738	257
-0.062422973967353	0.414003804488193	18
-0.121654108648029	0.404429671020813	18
-0.000402786789470977	0.629247912724969	211
-0.100565888638808	0.334953793952241	525
-0.064499547779189	0.826339106284041	127
-0.000020700371547	1.94296778939536	377
-0.072057168157772	1.11791434361003	257
0.01983106043745	1.68125178830308	257
0.098784974434372	0.470723307786116	727
-0.105521453753845	0.530998545422903	257
-0.103274654591811	0.731418879117798	257
0.111447946290482	0.715355269250455	2203
-0.00081002961329002	0.319150183020252	903
0.072727630675977	0.75825710829844	18
-0.051608514650314	0.8103130346201	254
-0.035801879339272	0.165919149012101	211
-0.047181001213973	0.491998466181983	525
-0.084712343050621	1.81106472865209	377
0.071664831003445	1.68918528196366	377
0.041772036793631	1.91069732923994	257
-0.062472221965076	1.36849900698907	257
-0.106890600410592	0.801379443333495	257
-0.040212314851462	0.547004936336644	727
-0.000191745119899001	0.698753949669983	727
-0.067612680286187	1.39589029946722	2203
-0.025781081564536	0.169985097303077	2203
-0.085988745824782	0.405073799721161	18
-0.10903735537681	0.152571618909658	18
-0.120706429671235	0.329325763366159	211
0.083907596664753	1.11313832642794	127
0.083384113812695	0.5517038537343	127
-0.026941064693419	0.17312437604662	127
-0.018662242548764	1.52679904669641	257
-0.038165606968981	1.27535134964338	257
-0.041337433164057	0.567345198166288	257
0.11890165504971	0.285203680347571	257
0.00187326825109702	0.808880760738923	257
-0.08323202778502	0.677987967576016	2203
0.028191736039727	0.264160376922808	254
-0.106356086089518	0.148253479727571	211
-0.104437835514536	0.540990043834249	127
-0.040182383306217	1.15413217677139	127
0.119204116645156	0.383510032765895	127
-0.085688173655793	2.27126093287046	257
-0.044340843247977	1.76869320321202	257
0.117412194712848	2.35101653093827	257
-0.054384945476893	0.799524889607826	257
-0.030057799811373	0.344358233387888	257
0.015322850622559	0.359732170066959	18
0.067152912679482	0.371256770314797	18
-0.039122438724437	0.256667032336342	254
-0.027242212393381	0.347087010795454	254
0.114630122777389	0.763730164501925	525
-0.047196417734173	0.408660975006018	127
0.019129183176489	0.587048680198004	127
-0.028166465444364	1.63361511488169	257
-0.123483058743575	0.594343571933603	257
-0.067717748306991	0.830163588704292	257
-0.020979175316692	0.545158519772888	18
0.053765255934052	0.651133367144002	18
-0.010239679294613	0.479730051502433	254
-0.099624666098393	0.318346754094261	217
-0.084084485725867	1.5596472471657	257
-0.091807974462949	1.50083553449585	257
-0.109168313551374	1.12945742227693	257
-0.043613862539118	0.491876410771683	18
-0.115187136637586	0.385392093266758	254
-0.068066847990842	0.475161823467938	217
-0.081680173628867	0.486366222390582	127
-0.019741694813149	1.53279385293176	257
-0.030140185401261	1.53094466625282	257
-0.116017792043163	0.946417744311571	69
-0.057215136025406	0.737382415313974	257
-0.094560840088371	0.56576678513445	257
-0.027184417417679	0.648214639163725	18
0.046250332927382	0.6132517231214	18
0.037022501274345	0.595981021204616	254
0.098259106463627	0.679392677382494	254
-0.046860955078917	0.417080394641873	217
-0.016583262074245	0.505313555436181	211
-0.094395165131367	0.478231814982312	127
0.00611590287805497	0.5274584420958	127
-0.020595079536974	0.637757822886729	127
-0.043178127256536	0.42217854438792	127
-0.071923340209797	0.873456752260828	257
-0.024322372901108	0.902695202611042	257
0.059932841722113	1.36517695572096	257
-0.084426708904054	0.567668347612645	18
0.0495250646659841	0.45366559325721	254
-0.093183732038869	0.492206299600618	254
-0.105291184319606	0.604231841174269	127
0.081313459493955	0.995691353442426	127
-0.000801460391586018	2.47909954444857	644
-0.062958487585421	1.58014534826265	257
-0.000142596724166	1.75979294025475	257
-0.0265298493535	1.53556378887113	257
0.087846473648606	0.452226824032354	257
-0.016104737606579	0.587938626816723	257
0.12133514318669	0.295524649584961	18
-0.120782251118165	0.154571834731082	18
0.00571146636441899	0.34836645729474	18
-0.113089403791326	0.324610717214595	254
-0.043137571015279	1.6824698574505	257
-0.079711754466476	0.901624378690097	257
0.00159362187813805	0.586986863910161	18
-0.011230708624837	0.347693515498325	254
-0.051811985234767	0.336404832582716	254
-0.068407841411051	0.740538081546061	211
0.041763096435385	0.585352535766922	211
-0.00358189129591302	1.89337777707993	257
-0.101675329253867	1.10600847273089	257
-0.054089216368353	0.334537582864406	257
0.00134193977869501	0.339786769668477	18
-0.024627453291096	0.347683593806844	18
-0.120418850360478	0.882002071270194	257
0.0209659052904	0.905588199211251	18
0.095387865258348	0.459055186166777	18
-0.028791004598852	0.416412421171167	243
0.0535533428028811	0.524212539477641	187
-0.077426357198891	0.247860212320766	18
-0.086040280931148	0.24717813066324	18
-0.029314566820061	0.347745906119635	18
-0.030475839866279	0.337947085860598	243
-0.095542597437869	0.202662079986377	571
0.121593857797896	0.372705612641626	1044
-0.086553144377095	0.240067455204633	1044
-0.037695015039731	0.248034612843735	18
0.025276398874183	0.452781034826324	243
0.118520039230331	0.190125972241398	243
0.123931820575168	0.281913625930658	254
0.019318324647755	0.243646078941519	254
0.044138957015742	0.590100907439042	254
-0.108716809453277	0.328032699633859	187
-0.00609246962378202	0.688728786528144	211
-0.00789151465283999	0.58116010055861	1799
-0.058425911957799	2.49250697177702	257
-0.08084250801846	1.62181110468353	257
-0.077318372287704	0.334687465970422	1044
-0.116869500786167	0.472951820062305	1044
-0.07252342212438	0.843713599910181	18
-0.004814195067459	0.632106960256871	18
-0.082532061636879	0.248069462017808	18
-0.01273750316689	0.722789979525467	18
0.12133514318669	0.295524649584961	571
0.054097678652943	0.361815179744109	254
-0.026716986088083	0.166751408138538	490
0.00347374470774897	0.440959101925321	490
-0.085745681928029	0.245752073673169	187
-0.061287726134837	0.323475222705665	1799
0.029518634661715	0.519822955187775	1799
-0.0998957862713	0.726618543670808	1799
-0.106929381286959	1.97473208465522	257
-0.1195243018685	1.24256155620466	257
-0.066229182182366	1.17387221849516	69
-0.097829044528186	0.338163518993791	1044
0.050459802277079	0.892625618968043	69
-0.049594897969156	0.481027471261994	18
-0.016820136772065	0.343511722094164	18
-0.046092036271343	0.428770853869563	18
-0.11852273376765	0.156167655789556	571
-0.045667280184292	0.333725958974068	126
-0.092464927296177	0.330947054178529	490
0.00687183928523105	0.772477233324348	1799
0.119535479043508	0.712919660702809	1799
0.036087064863881	1.18273174408379	1799
0.049275091861885	0.523495171613851	211
-0.102746087801368	2.26871007514034	257
-0.121246433160293	2.13254324327188	257
-0.110482961255798	1.63221125103469	257
0.0591974196692861	2.15170226058024	257
-0.066242801056894	0.420877155190278	1044
0.123235998063052	0.462425479532962	1044
-0.056194444526822	0.475271937635223	18
0.0851682310873439	0.470429488620943	18
-0.029474382732246	0.337764746378715	18
-0.024340402836943	0.165226047460935	18
-0.020200616405129	0.25695394809852	18
0.121102868739519	0.371474546703813	272
0.123647207364637	0.295040240279413	272
-0.032858202218743	0.496361434475031	211
0.0000449130473499926	0.724219423700006	1799
-0.046655085723276	1.85290971196571	257
-0.121307712419064	0.960410347951869	69
-0.082973404383514	0.727529759895266	1044
-0.060058513746286	0.837445382047324	1044
-0.040367121328644	0.770700246596907	69
0.018602801192697	0.358163481313374	18
0.091092217791899	0.460375517667608	18
0.00679987328394704	0.357830547390038	252
0.035197180693167	0.277749685314985	126
0.00797547653456898	0.339567039575159	126
-0.057266523182852	0.338659863837497	272
0.089892297143511	0.443712650371215	272
-0.084642839332466	0.244245437331391	272
-0.112937438732807	0.406956111292487	211
0.063865116188342	0.644831563136876	211
-0.064435455204247	0.659263650976617	1799
0.115493243586127	0.837091179432417	69
0.00128885403638201	0.662131902777672	1044
0.0682456468491171	0.371583207809021	18
0.124571839818888	0.381575207986435	18
0.080123644166271	0.796974230208588	272
0.011846062048578	0.443252389318135	272
0.000646463483298998	1.87577278233988	257
-0.088834232634517	1.20943285998764	257
-0.036725807627378	1.20540695128571	69
-0.059691544258085	0.466166060579485	1044
0.048937299256597	0.840658174924485	1044
0.035208035031441	1.035331487109	1044
0.108608191304485	1.24821944196682	1527
0.030042141016193	0.797550025757541	1527
0.01757119697551	0.352226237118055	69
0.013461335266121	0.586884736787484	69
0.01395974837081	0.435518140917538	18
-0.088468565699619	0.233915846205676	243
-0.093927479306222	0.233511820965912	126
-0.0728101924531	0.407060569765009	272
0.093848081240738	0.849106376155887	272
0.095750643852662	0.759189942692521	272
0.00225453761374195	0.573591006514674	438
-0.057272168384728	0.483679670879366	438
0.113728248732722	1.04952704419867	438
-0.017423427149804	0.807555144743532	438
-0.02607771550464	2.4472291758089	629
-0.066050189435374	1.39134542448201	257
-0.067692139347228	1.36967345811337	257
0.053214418546423	1.15615637085258	69
0.00922059346064696	0.824845548638475	1527
-0.123226891569999	0.51639510298881	1527
0.0265672249040591	0.585333230452511	1527
-0.024674852899848	0.431035449364434	1527
-0.10560410876592	0.313984492076325	18
0.00466237449822904	0.346833768014209	243
0.019635990041476	0.362198874273524	126
0.120455361920898	0.369674271527093	126
0.019437840410244	0.442033119708331	272
0.117473823392853	0.725415298526282	272
0.038267817654395	0.601315534011266	438
-0.067700129621087	0.697778893218784	438
-0.120086717040656	1.79870491349208	257
-0.032445004923372	0.484120330715898	1527
-0.123994452479563	0.234522792112219	69
-0.080726022058429	0.24882526082785	388
-0.061678775679613	0.519886174077695	272
0.016503855188595	0.519057765004773	272
-0.068211831429838	0.422930966182973	272
0.057403810164949	0.727147550717074	272
0.084971776027688	1.44654207355707	438
-0.032458666410325	0.836238578687372	1527
-0.113724743343811	0.155210211081019	69
0.0612474128380121	0.365066355851427	18
-0.107137178444555	0.150603532781928	166
0.117324240359805	0.193402661278607	272
0.123647207364637	0.295040240279413	8
-0.011930395253116	0.921669873367109	272
-0.075996765475985	0.920571086551332	2137
-0.080583747993043	0.248444301096249	438
-0.06435663070121	1.83463629483973	257
0.094677966733023	0.458491254655224	225
-0.056913428184897	0.59289893321655	69
0.065847422677471	0.374778905693484	1029
0.040180913381954	0.2736759205241	69
-0.116181423291142	0.405140650536206	18
-0.083772614651478	0.247816368239044	272
0.018142995102445	0.598539853764895	272
-0.078708613350924	0.406157081226646	729
-0.090669270030862	0.444216907103889	272
0.058807830163957	0.823791870537696	225
-0.122002733775636	0.4567470047619	225
0.053955156270641	0.58761017560953	225
0.030026750026372	1.1506174157085	225
-0.050556531225047	0.862567292237122	225
0.101019865071385	0.465943471754272	1029
-0.053985774382506	0.317624296569961	166
-0.021394952142682	0.335374686838621	166
-0.035194670027418	0.263221606787364	272
-0.052557422199977	0.446684960894161	272
0.064846605549256	0.373732610834784	729
-0.041096065031608	0.705236160644117	438
0.103267131402083	1.10085856412456	257
0.038158943892869	0.280550447234507	225
-0.097275323091229	0.887204438209162	18
-0.058459357026326	0.337716939173197	554
-0.111315653921552	0.147134905213934	166
0.113658479529601	0.189270038586502	166
-0.025781081564536	0.169985097303077	272
0.026369280434038	0.431657731964794	272
0.090918853988337	0.470383377608687	272
0.119252446491846	0.193616815401466	272
0.05445325251718	0.597401481024089	2137
0.032745784153984	0.271641938550061	438
0.091065514263141	0.541911989427571	225
-0.111323938530689	1.00055808346802	225
0.061670224456213	0.549228008747433	225
0.108261470537182	0.190017101244542	171
0.0315717034702619	0.277119068918873	166
-0.100924102447872	0.39678930540862	272
-0.030697961258055	0.172406008891331	8
-0.033214158677119	0.168728506863251	8
-0.093495474088561	0.527807232127306	386
-0.109167944076472	0.948221519128584	211
0.050086521617466	0.512312481007806	438
-0.103755757594659	0.822309028494646	438
-0.114731223841917	0.920908386801861	438
0.090626057484399	1.07662567669649	438
-0.083378355347047	1.74837906703781	69
-0.021469663590317	0.248454298805172	225
-0.090640901229037	0.616099670043585	225
-0.036453606216059	1.08101270245162	225
-0.061014253389004	0.945372054020456	225
0.122430056231865	0.29667903183651	225
0.122430056231865	0.29667903183651	225
-0.10762634036218	0.320942072821349	554
0.039529648465199	0.268297768250574	554
-0.113724743343811	0.155210211081019	554
-0.030697961258055	0.172406008891331	554
0.114620547436307	0.193412235224396	554
-0.074676578581129	0.242637710763157	8
0.100864284740309	0.556826497849691	386
0.047980141413783	1.49412258670854	438
-0.094432501319302	0.317060289213714	438
-0.054099286646897	0.340266081801995	438
-0.015283344483184	0.947446548100572	438
0.0150016949540071	1.80215116959341	225
0.055022895419513	0.791988011307263	225
0.050104161248816	1.00260933292674	225
-0.115174499250085	0.316459607315339	225
0.00229049686864102	1.23280085774257	225
0.018528530958125	0.934041812448106	225
-0.115733390592026	1.24338453560505	225
-0.074201298703667	0.390727509740995	171
-0.042626206420147	0.675310044924876	272
0.10610005725641	0.185526639764292	8
-0.113181031403353	0.481570346462549	8
-0.043039500197119	0.799631727846438	8
-0.116047889932036	0.446375126698192	386
-0.076425451753929	0.639979438297168	438
0.018689016350067	0.43015800874176	438
-0.124650874590022	0.677083413999328	225
0.010529261921509	0.920741975963828	225
0.014367562134167	1.39821055136639	225
0.060723224672866	0.451816591129468	225
0.119685007579975	0.871915942333702	554
0.055708065202325	0.371946274222555	554
-0.042671280912295	0.312943251319991	554
0.046646771054535	1.04463922704748	272
-0.080187161590653	0.678822015302548	438
-0.112570467561287	0.995198531160986	438
-0.112126849762297	1.5101780335122	225
-0.069197915846617	1.44187761793613	225
0.038853235193675	2.13404079886862	225
0.034018805908376	0.979846168724826	225
0.095174237655646	1.25250285551683	171
0.043512766834427	0.96224689734219	171
0.00214524561497798	1.10487144880468	171
-0.057964387827044	0.573298612046872	554
-0.051930563384404	0.530925975935191	554
0.105909436663516	0.622954322473685	554
-0.122005532487868	0.398930112687062	333
0.10213521314264	0.761811942114006	272
-0.103598742435329	0.541785521315478	8
-0.077520665206378	0.595553503482067	8
0.0261631836528981	0.590563934739294	211
0.02816376131984	0.896354558438965	438
-0.00638545233652998	1.13685416281371	438
-0.11659843598314	1.85084280254148	225
0.022486604839784	2.07117048371166	225
-0.100298424642237	1.0713769222425	225
0.056537592517832	1.6925651420576	225
-0.095373926841144	0.923824152128303	225
-0.025474609214091	1.17722578180827	225
0.036253083147423	1.15895338487612	171
-0.059501206500062	0.992735134950704	171
-0.100432228884707	0.687955288178755	171
0.123433437125485	1.59026857306258	171
-0.104061562746403	0.623923961677589	171
0.097090969798905	0.769800697161291	171
-0.055946043665971	0.536121574731781	686
0.074817511629809	0.770554831300801	686
-0.113213171413675	0.479320678871083	686
-0.01860511077882	0.666959951551827	955
-0.085353711109235	0.559159681598108	8
-0.018400137858056	0.643253933245748	955
-0.054154324345157	0.571805591259528	8
-0.094436231184321	0.584788262883619	8
-0.054567096876009	0.75429797491182	211
-0.031185050344116	0.546488855278028	438
-0.013015031086994	1.15869816468272	438
-0.020352737136975	0.946913954429526	438
-0.061291623764336	1.44683444218645	225
0.010954093676644	1.77765259296807	225
-0.00238271741139401	0.919550360036558	171
0.120947801763623	0.793438126394733	171
0.079730660251065	1.01158939620562	171
-0.099981083759081	0.331647173586595	171
-0.042800746639604	0.424323770369289	686
-0.016274240343481	0.49105501345047	686
0.026517326794699	0.45233979772818	686
-0.019849882718718	0.979670677576796	686
-0.026720315051339	0.79392869387215	955
-0.00829728392451101	0.643697316050062	955
0.043437371767547	0.885905572099223	955
-0.082710427985748	0.319599170279187	955
0.01038576524041	2.23584731213081	990
0.04532115276107	2.28310105657427	225
-0.012309626887372	1.71474191441632	225
-0.106521006565078	0.895024757036059	225
0.026887687526194	1.03865829484754	225
-0.07136649244268	1.04741025712138	171
-0.030388354304218	0.344551315256497	333
-0.021609433478247	0.353276662348655	333
-0.107316298502015	0.327055274918738	955
0.108369811067127	0.543747963716389	955
-0.111893432139227	0.395038733644043	8
-0.039902664579144	0.73730062622808	8
-0.095581621529934	0.814226962635661	69
0.016571370327488	0.796528701571771	69
0.103186795399197	1.14656681270844	438
0.042754578456687	1.33183019783454	438
-0.030462202352981	1.29893022163495	438
0.00454866323106096	2.04544427183331	990
-0.0359826351492	1.94371970321127	225
0.087088393366291	2.3530927220852	225
-0.037298971483031	0.427320753192271	225
0.116948048080149	0.650371023384499	171
0.061536726620624	0.466221174656065	171
0.00476189206050903	0.505253428710028	171
0.00622562125311399	0.793735277242968	955
-0.000545071694525001	0.639629603292915	438
0.009749079212792	0.767987499080487	438
-0.025913018089672	0.421451611077954	211
0.06313915705884	1.3683551780944	990
0.0861917802298851	2.35261229112959	990
-0.067656755605462	0.413349174168827	225
0.016036035122024	0.652567826565542	171
-0.120750766314279	0.236421800437355	171
-0.051313226134183	0.347789152677997	171
-0.024670818040389	0.344865636741893	171
-0.00973162961263102	0.877163405541754	955
-0.103183989666682	0.234038268630678	955
-0.034387183883363	0.823234628433053	955
-0.078416561063574	0.841361658192076	1374
-0.047494189402048	1.46195142190974	2106
-0.108577982511791	0.569734663412595	2106
-0.060301715896933	1.02081706160251	171
-0.039494765157888	0.707094450483759	171
0.00668372140180595	0.341858084878638	1374
-0.055658148854212	1.11214607027597	69
-0.027858283712679	0.434188919463451	69
0.03303421505434	0.272911514838341	1374
-0.116591998257568	0.324142229458116	211
0.012848396402418	0.518814872187368	1374
-0.036002934561481	0.550363349693548	1374
0.042675064766458	0.806863877545918	1374
-0.101790514005619	0.40388893388262	1374
0.0817539856822021	0.898050860273019	1374
0.0376371832551921	2.46512994117304	2106
0.032404106904085	1.50449993574361	2106
-0.038696182319251	0.556767232337369	171
-0.090829349769649	0.226697791641887	1374
-0.032681465739498	0.432299229885645	1374
-0.044950237553844	0.342632510215485	1374
-0.110723556146112	0.328527181077746	1374
0.122998433036548	0.631203201381961	599
-0.106358550050786	0.619965774017469	2106
-0.091819815274896	2.28035752281457	782
-0.11660738738737	0.788440776413068	69
0.123943824257545	0.377732575555067	1374
-0.087294532366093	0.386174915581278	599
-0.03414902161903	0.165470511384226	599
-0.107235852562724	2.05117517047481	2106
-0.022633536297508	2.30129195214225	2106
-0.061185630227964	0.548381450526106	1374
0.088193387976938	0.800766745983352	1374
-0.07837959090799	2.08972957562836	2106
-0.00218830331928499	2.45460386555127	782
0.031280159007254	1.35148753404464	171
0.09151928899575	1.42724803486389	171
-0.12372352518502	0.676305478632475	69
-0.013905509629801	0.654367381498638	1374
0.052966933816327	1.13122207994819	1374
-0.075783383931444	0.65132696992961	599
0.096760987024622	1.23713746929683	599
-0.11871684398883	1.71000549784576	782
-0.11410286523604	1.56897463222689	782
-0.113195627953576	0.840410647780565	171
0.00262142405589405	1.14559344044933	69
-0.032939085053893	1.00825165466594	69
-0.123452450532329	1.19125652693424	782
-0.092302308121982	0.89865327662917	1143
0.024347735519534	1.97536209824511	782
-0.053553234544522	1.3609089324974	782
-0.071930104786203	2.21964973183686	171
0.00743756039552301	0.735113870612752	171
0.026804578634782	0.738380822505683	69
-0.071431184370353	0.529069695759919	69
-0.02268160636155	0.650430426408576	1111
-0.058453535484406	0.548312264148684	599
0.112270736404359	2.27681280237328	782
0.064054599523778	1.61438975649988	782
-0.06592834659356	0.609199145370014	171
-0.110678123888132	0.551046598395488	1111
0.0502174230386681	0.648348006615784	1111
-0.00141809276307903	0.634119677354566	69
-0.037629262823438	0.948321853081157	69
-0.057416789440724	0.986465335054988	1143
-0.051132568296119	1.15455846099749	782
-0.093077421521166	0.761859153566994	782
-0.067682230004562	0.315493346675578	171
-0.00249491987358402	1.3009252836288	1111
-0.00337875231970303	0.752224039537983	1111
0.059196699450304	0.908987821903679	69
0.089197729134366	0.629961178695005	211
-0.07632869021025	0.888220458771717	599
-0.105656920563889	0.512120219248408	69
-0.092366333160549	0.75938343367512	69
-0.070908131818099	0.876222704958399	69
0.0431117000429	0.675282605006955	1143
-0.118074221369665	0.45565785757965	307
0.035020228700098	0.626961526962383	69
-0.020751534027492	0.349352362901807	1143
0.0817267695006521	0.779228739344218	1143
-0.031796038975157	0.254555687725341	1143
-0.030923867843503	0.170672728303269	211
-0.037081181378591	0.261406230536842	599
0.072253973363936	0.366890651464848	599
-0.089770333063108	0.733360816296201	202
-0.100045098889447	0.413226143925673	69
-0.104086497681417	0.406750087247879	1143
-0.119767586644902	0.33048345039704	2023
-0.058274154180754	0.501865695692129	211
0.058303280369684	0.989357668453067	202
0.0954442671167221	0.467392654943237	2023
0.012922940242431	0.523551707067277	599
-0.102137081398895	0.675025167199738	69
-0.037909004266604	0.893273843437736	69
-0.00540963828205299	1.42620581246897	69
0.059222417757696	0.818199095888951	69
-0.092183590209949	1.56325044918457	202
0.019728467163572	0.583696367327777	69
0.0279085161788351	0.27118675285298	69
-0.10830065785304	0.369564206165703	599
0.099423562148436	1.23715264667873	202
-0.021263942115492	2.03869430795047	202
-0.093558007996536	1.43608822661606	202
-0.08573631502105	0.777951147234896	307
0.113051251463056	0.272127334677371	69
0.11890165504971	0.285203680347571	599
0.046338996475082	1.30072191636105	202
-0.073749910692411	1.41465199154229	202
-0.093506589400877	1.58594426367091	202
-0.052900764442771	1.62756921506183	202
-0.05546501006246	0.908175497640014	307
0.114352685158852	0.553855862642015	2029
-0.118820008942892	1.37909240733144	202
0.119483789676008	0.193198488165114	587
-0.10529636591861	0.313633708430904	69
-0.113917144683025	0.158989380567069	69
-0.035883364007475	0.42433341851989	599
0.0758816518376641	1.70923191987149	202
-0.110373435057248	1.39546620978847	202
-0.053461070482559	0.966098507885224	307
-0.123493052778	0.797533126240034	69
0.066029935211891	0.366452467136032	587
-0.049817829227823	1.81209951644631	202
0.021401920599823	1.06524036295387	587
0.049756345157561	0.935029849791934	587
0.076251111627534	1.34083301104681	69
0.00666878941714999	0.799537620471674	69
0.032741166614131	1.93520031507293	202
-0.090553224957312	1.09642673574522	202
-0.107507302161978	1.09413882850235	202
-0.047293309053823	1.29025595224202	307
0.063276822091616	2.09332224474866	202
-0.123707236733772	1.22461259790499	202
0.109333593657646	1.64569274229408	202
-0.081838534836866	0.891884623209435	202
0.04150845690254	1.16011970636726	202
0.067346357829941	1.14700101148698	307
0.034879529955132	1.99261276636732	202
-0.005753428726053	1.19030812169249	202
0.06535578621649	0.890855589614311	202
0.016350471811756	0.880027769071094	202
-0.029588514874899	0.603037651534137	202
-0.000314628708225018	0.683688502669746	202
-0.08337799634256	0.914883843620351	202
-0.092154292433556	1.32702027996821	307
-0.066911770762792	0.41752243306134	307
-0.117171193094737	0.60708092173165	69
-0.026737504231108	0.606684204261056	69
-0.040555723633923	1.94436669472174	202
-0.085351730033536	1.59624215095027	202
-0.121017368737114	1.18998309766135	202
-0.054744598274337	1.04703203197208	307
0.011631518536207	0.867819962051076	69
-0.091441373468397	2.24274133438027	307
0.027801910702137	0.533885606246151	69
0.120560968728595	0.554282077140728	69
0.099478373955074	0.56851897258832	69
-0.025668052838939	1.43069374336833	307
-0.031452210109237	0.719405416853652	69
-0.046068680145025	0.475868713977388	69
0.082678575675156	0.911028899776223	933
0.089226560665161	0.443269451402893	69
-0.101211105593219	0.697084431778507	69
-0.054421720121457	0.636063308018837	933
-0.088533207001516	0.549126941522444	69
-0.041372196346711	1.03069607765897	275
-0.091790762497256	0.390570565956338	379
-0.076399436869083	0.574322402755417	241
0.02940069196132	0.274785339657199	933
-0.085760363151987	0.248262353349261	933
-0.035089648065954	0.332645425612509	176
0.00933325919962802	0.58631081020359	379
0.107551663137535	1.31112950360339	241
-0.073434272099487	0.76171785990248	69
0.025308097133212	0.72935478465211	933
0.045882607969763	0.606985536010191	69
0.012503077835833	0.515116818328841	379
-0.035709934510167	0.25384383254246	379
-0.035175344466815	0.552260574879492	379
-0.010052775199462	0.900703152523081	241
-0.095229651248762	0.530189702271355	69
-0.090221682512056	0.750095291640246	69
-0.080303340294958	0.419029857876193	176
-0.122740367221191	0.394973467922314	176
-0.101212643887647	0.979358796598019	275
0.055508005561635	0.764435254277904	69
0.046152826502576	0.871349501800666	241
-0.095885213883276	0.827210093867637	69
0.041542650547321	0.278997969641854	69
-0.045620601077833	0.420768673567326	69
-0.09341183566061	0.394241923766994	176
-0.097188329497359	0.859765158715951	241
0.094972592752412	0.482164370677699	379
0.034260339300622	0.634127767705994	69
-0.115871300501626	0.476385541890825	307
-0.07027121929529	0.782986719357448	176
0.083698495375641	0.623508074236804	176
0.097816551597647	0.683871852215842	379
-0.079740617721239	0.922799807493401	241
0.108902535369097	0.996001540488896	241
-0.010553810420577	0.926547092585807	176
0.00264780947377496	0.445298620387158	176
0.0795629796516431	0.539830163806847	176
-0.085900250760115	0.249403524069688	176
-0.029263606530501	0.167736190835769	379
0.072821759687577	1.46883571645101	176
0.017394986858416	1.23754579064487	176
-0.094541898013493	0.483704221423022	176
0.086732285177672	0.625041830675303	176
-0.084975559617176	0.623465726591535	379
-0.094304439048494	0.702877383863073	379
-0.066954362797671	0.618343385164755	379
-0.076576174566876	1.04791774525965	241
-0.020028607605023	0.432783158852839	176
-0.082008573609506	0.479745257696026	176
-0.074683176091736	0.957694348979105	241
-0.023892800148263	0.35387546089776	176
-0.036927396759431	0.551721877666644	176
0.093252377369362	0.565636641319235	275
-0.07083665434184	2.26189881579016	1051
-0.111865514768624	1.70440246910235	1051
-0.028944898117102	1.69269183863177	241
-0.067047638371882	0.841935321096481	176
0.0761214180680601	0.551478342694179	275
-0.097280975750136	0.894288058862557	275
-0.00861583447944803	0.743667608218097	275
-0.026645683253414	0.646018912745276	176
-0.01921624681413	0.423541842974274	176
-0.00504226982747502	1.92603468406201	1051
-0.084441122193243	1.98679973080711	241
-0.119896512391799	1.03568352662918	307
-0.118863805746459	0.622991245022142	176
-0.120847993568179	0.771543021154735	275
-0.043230586007028	1.21867564661555	1051
-0.111287590215971	0.739714446702089	176
0.052923754462755	1.41631082780789	176
-0.06370340185075	0.977509886176153	176
-0.076812063389457	1.81416272622306	1051
-0.109517765524917	1.16770520742375	241
-0.122701882136488	1.06331098691554	176
-0.122080191074772	0.964116974958655	176
-0.08921899140235	0.590528559516571	176
-0.050636364779686	0.719365245905669	176
-0.026079120415441	0.898046083279832	176
0.0790684921602151	1.21945208884301	176
-0.117324455065712	0.802325262337576	275
-0.073969414860728	2.08823197158078	1051
-0.103122697929366	1.548174662735	1051
-0.096597717731002	1.55322815572259	241
0.00590488576005099	1.42707574141337	241
-0.017203449144216	1.18958681908088	176
-0.022300749490369	0.572431010797635	176
-0.010090979371905	1.07287021922385	241
0.00749575382899803	0.505309967897536	176
-0.061516756091223	2.49129429254518	1051
-0.069636238184337	1.91913627892904	241
0.00921377681691704	1.35141266106484	241
0.087171507372028	0.956176458388393	176
-0.091554623120773	0.530383200383535	176
-0.09177768414187	1.57182102628756	241
-0.032548387954696	1.59183083914083	241
0.124068879599867	2.29560075840291	176
-0.049716468879299	0.849952053478682	176
-0.080255599456287	0.640255495336165	275
-0.091391337917496	1.18609396366451	176
0.00971773983976498	1.44932529233095	176
-0.033363798383634	1.31737718866157	176
-0.118379808964078	0.563308396359121	176
0.017015268609718	0.720554907132439	176
-0.058324214876703	1.26147076514073	241
-0.109603607123265	0.572140859919237	176
-0.019754784505428	0.33714775181648	176
-0.062483673212152	0.414125775420839	176
-0.028602092932717	0.256348347958291	275
-0.083309943045402	0.646634371141949	275
-0.08725360855688	2.36775174531914	241
-0.035796131156017	0.961455145782733	176
0.087720589729738	1.26817342937735	176
-0.119449249089647	1.05258229270316	176
0.070578409615935	0.62934913835534	176
-0.023263175301201	0.566069321459537	176
-0.054534721357195	0.752848007768696	176
0.049318303795486	2.03918152237224	307
0.013948166556724	1.84551364092933	307
-0.076949872196181	0.728098998833988	176
-0.084087843601026	0.341567025959594	176
0.104931103034172	0.986496591550573	275
-0.013100184560393	2.25109383278273	307
0.0592267280532241	1.3466061732359	176
0.087717326995204	1.46951129575256	176
0.010002264373231	0.355413306181659	275
0.064291901360109	0.620575212623924	176
0.029889448392446	0.656705778394536	275
-0.116401832580006	1.46124072642257	176
0.022107231732178	1.70780216838039	176
-0.120660480685073	0.757866327953312	275
-0.08855018513917	0.820154431371942	275
0.020247889276234	2.11011406799021	176
-0.033023472809072	0.998388815443879	275
-0.105674880561492	1.86860484573152	176
-0.110908023702676	1.15328302044449	275
-0.049377774530122	2.05906477388087	176
-0.036834582043657	1.85955134551261	176
-0.108527882346873	1.03119706417924	275
-0.017587652880253	1.57794091964557	176
-0.050065260182173	1.71040062979183	176
-0.111181072796513	1.14627946791893	275
-0.04973191707046	2.11241464249634	176
-0.100671332363265	1.11696579801944	275
-0.0610480431462	1.46258947314773	176
0.046303033078731	1.02763002968079	275
-0.073626195160863	1.11597156150482	176
-0.095282554428195	0.822813917372966	176
-0.09361555930857	0.883937325820792	275
-0.069555551109709	0.56533730207501	275
-0.030264829450812	1.09628509140677	497
-0.049273269320903	1.76739945892679	176
-0.051309788707534	1.56577228993508	176
-0.090388736918627	0.923630447758076	275
-0.038902571802147	1.05739956600479	275
-0.040317511053068	1.21920088529718	275
0.056279464084098	0.849375643901676	275
0.122596763379856	1.23385310123813	275
0.00861841030004995	2.12259094197864	275
0.029302548824918	0.910372404420175	275
-0.117435009173908	0.314923354682881	783
-0.034337041463353	1.28571262565277	275
-0.097101674428858	2.33622000464231	275
0.04231861151278	0.605565652870485	783
-0.109190819979391	1.943473986237	783
0.0523681171986971	0.953914254732656	783
0.032073265981	0.891929254733555	783
0.0934204131166419	1.13018891389265	783
0.042513939603035	0.541512230312268	275
-0.067810064849268	1.91185277599238	783
-0.076134755650331	0.814818766195528	783
-0.064006424107209	0.927944299987137	783
-0.066755785905252	0.55209509976366	275
0.04122630937498	2.30450263687243	783
0.120844557793858	2.13898270237117	783
-0.052029665273408	1.80129028238112	275
-0.116201159799621	2.03266363368394	783
-0.072812846891305	1.6542845760794	783
-0.107153382289667	1.52359566032422	783
-0.121340241988546	0.908706984604274	275
0.121598823778065	1.15118196738768	275
-0.097509743822592	1.76064116214376	783
-0.085142914662821	1.7427474007131	783
0.074258408513039	1.83926844354333	783
0.10143822524435	2.37490446152135	783
-0.071315636738778	1.34673097399585	612
-0.00557576771787799	1.95801873640091	612
-0.00728592647405801	1.23805547156756	612
-0.04895142053214	1.81742889649153	612
-0.120756094543473	0.643439565171578	612
0.043154938194046	1.49260388855349	612
0.085493638534505	1.88684958508626	612
-0.094281785824665	1.09219561060372	612
0.038768233918183	1.36336620690963	612
-0.039004375847254	1.50324481594303	612
-0.061385031366233	2.08142868714022	612
-0.072362464885948	1.96170338767512	275
0.030748551512196	1.59898172573499	275
