x	y	clickSelects
-0.12225745891252	0.918708419479414	515
0.00050393508258495	1.64315223682377	267
0.019534624033624	0.721798845490481	73
0.091468466702625	0.741109702549966	38
0.052176632700914	1.1709847363673	38
0.051203118485828	1.10393071750775	38
0.116561549434463	0.673120048941689	37
0.00252779957557803	0.812447018662434	730
-0.00528055771535796	1.15458499968901	182
-0.062933437376653	0.933205363281026	48
0.077067708496911	0.340120311873882	139
-0.044141167919221	0.639775534254549	139
0.079094065172128	0.336625945787791	139
-0.0843004126611801	0.382110335283478	139
-0.022640915149394	0.543487581858483	1066
0.037456200575698	0.636894152093582	68
0.02376259093746	0.669365854761718	45
0.113415883028737	0.533274216694473	45
0.078838705089151	0.65291197968034	45
0.07289843071703	0.332641572715551	45
-0.029333969800588	0.616854472375154	45
-0.048372467878098	0.261418936458438	545
0.072255440315213	0.345713929555499	43
0.02322008499158	0.442589304525585	43
-0.109966273838765	0.480374484296597	224
0.075928739731121	0.346105576178088	104
-0.0834580053410891	0.379276680668909	104
-0.030528117337411	0.283482675057376	105
-0.031482832131695	0.277681836483628	105
0.074909288855907	0.166210133580699	105
0.0697546120845099	0.167030672711168	150
0.076145680296475	0.169748498828741	614
0.10827288442795	0.966089652269199	515
-0.02955758811749	1.85961709868568	279
0.036811777850764	1.04079487660183	267
-0.08732871374044	2.04229633434193	267
-0.00640673302967598	2.11173580940536	58
-0.023055142790075	1.45483923931678	73
0.099483374491158	0.603470762389598	73
0.123737418467882	1.23551833749952	37
0.052360686243607	1.02284317650195	37
0.098436422015907	0.602820707963418	730
-0.088532601078558	1.78627017487732	182
0.099362527883836	1.04784940582134	182
-0.034618081124798	0.642587029578648	412
0.078190851971148	0.670848970615271	265
0.071260671067466	0.502150867807326	265
0.0187909554362931	0.764244053035198	48
0.032168642830727	1.48476338828846	48
-0.014030253973183	0.543409421852086	139
-0.064013367265968	0.88302830547415	139
0.107775964753573	0.997692827101052	139
-0.08770308606294	1.48647261143568	139
-0.029355635130681	0.282087595479945	139
0.096866534526937	0.573138204117462	139
0.0697546120845099	0.167030672711168	1114
-0.074494526871078	0.363399396582746	669
-0.0382025416965131	0.265874469086155	68
0.0134568249195	0.449095930894579	68
0.053642037786714	0.779794439918885	45
-0.114487109081682	1.09252733246063	45
0.115870671989958	0.417095637420161	45
0.103024933216349	0.693067518888305	24
-0.024853188154806	0.546986130925139	45
0.074909288855907	0.166210133580699	104
0.016853464500551	0.444758926428846	105
0.0198527163297429	0.457767777640105	614
0.00875295429190603	1.11849687559337	279
0.075083152623212	0.878585899076557	58
0.110405072811422	0.932164180363952	73
0.12444627444527	1.25486710692044	73
-0.110861723968606	1.31743667715436	73
0.00365941179781504	1.04213629495673	38
-0.119195112508518	1.14965213490874	37
0.092840392011037	1.38745866611208	287
0.061410826750964	1.58407949710797	48
-0.081026013829714	2.04658386236287	48
0.077115244919591	0.34238888347786	139
0.11815431823824	0.392672741965862	1114
-0.113216988776495	0.4970481830494	1114
-0.095350948457097	0.380134682282729	1114
-0.077458118265853	0.374267933453783	1114
-0.029355635130681	0.282087595479945	365
0.072004219801236	0.165930077019106	68
-0.00722783692134499	0.829416136046314	45
0.12371581255027	0.534683886455581	45
0.071323772425342	0.509516596789486	45
0.05049322980642	0.553180457262917	45
0.0303327614578081	0.646316490528339	45
0.115762139998249	0.402694500489471	43
-0.12142997292336	0.585111200558286	224
-0.031701484749436	0.281832608089541	105
0.122628570620468	0.528773625292159	3
0.037899400560334	0.641236774606738	614
0.107481306558492	1.37692430367411	279
0.034912706462832	1.37514988916491	279
0.013622027214209	0.766569832770018	73
-0.057805845762731	1.57308494858557	73
-0.041968075770022	1.08297123432954	73
0.030256015338012	0.89595156301401	38
-0.115422255306949	1.35155019060374	730
0.113519814619561	1.52942723000267	730
0.091036270383511	1.23674346996742	182
-0.0517161876997611	0.768029620420445	182
0.048844217213578	1.33290503438495	48
0.098175967150534	0.833569272625067	139
-0.0836013527253781	0.388701723023916	139
0.017809820395711	0.455231808583849	1114
-0.025531537318646	0.272888008982412	365
-0.088476837599229	0.392706105886074	68
0.116624969546116	0.391026666896228	45
0.017966580652382	0.700952049905516	24
0.018895075715002	0.456585487862556	45
-0.0822639607783881	0.390032438602284	105
-0.112371615039069	0.496104190447243	2014
-0.089228742551723	0.3851854650328	3
-0.070944318784195	1.54199081771853	58
-0.053584941715754	1.38569932401211	38
-0.084212828944066	2.08126825208214	38
0.024466022722976	1.21159133087788	58
-0.048256935945698	1.59547303900586	38
0.039451876874856	1.18514863287919	287
0.025319881208003	1.29442480470773	182
0.074125203987734	1.051164779497	182
0.055353282252497	1.19567235470602	182
0.06283508069614	0.911254956059365	48
0.096367553793377	0.721347895224562	139
-0.055255907206797	0.816319008078239	139
0.071370340165655	0.490495368859574	1114
0.076692251877283	0.500581104559961	1114
0.118588160386389	0.516548040714367	365
-0.055461573619449	0.838756293397315	45
0.060274393898208	0.941926621378031	45
0.00116734794449103	0.874864105534966	349
0.08526483801726	0.473855169957501	24
-0.04073030198236	0.805125632181513	45
0.118740325202912	0.403841076288096	45
-0.083194644213896	0.381001221834884	3
0.097573336291073	1.54313230611357	58
-0.093296977547252	2.27872311737909	58
0.092197783280884	1.16648998830908	730
-0.011760292243142	1.48215515717403	182
-0.120485716069098	0.9876140384336	182
0.108923566861213	1.17659046851141	265
0.090557538407774	1.12120767297841	265
0.043994582344837	0.840948575675696	139
0.091881553334181	0.895111185539042	139
0.10056734091322	0.739064385819395	139
-0.024282555696186	1.0216211053618	139
0.0670177383456551	0.494215564569715	139
0.00458824918021406	0.437912325550615	365
0.023658050581963	0.720084720464394	365
-0.047052775913065	0.749706686906708	68
-0.064866433736082	0.878683870569905	68
0.0248901925631	0.691798087007289	349
0.041865358846739	0.590148146926875	45
0.026461696354964	0.442833100943604	224
-0.077630557808566	0.384384913562466	105
-0.036749217658497	0.617270464661147	105
-0.097175972677444	0.433005110737836	105
-0.036848011892644	0.282428325938181	105
0.123857182364249	1.53451436963733	58
0.116141843410941	0.783415450136902	38
0.0601991798991121	1.5868025798675	38
-0.064951708535452	1.39022645693301	730
0.062824888054326	0.724808227748787	182
-0.10783209339241	0.485693320520284	182
-0.0552122754457191	0.938600283188502	265
-0.00324217281629602	0.763096038977987	265
0.00750814015574397	0.8001948093483	265
0.121623388971779	0.515481160843138	265
-0.00407515283218696	0.935999494715402	48
0.075921520823497	0.16531126164446	139
-0.057979027778804	0.862270191388803	139
0.03489850384036	0.398179936869123	68
0.115874392187854	0.403664398243753	43
0.072484867250457	0.343480661462907	105
-0.083744600618429	0.380289612510857	105
-0.03207771182455	0.272857221817593	105
0.118169593521524	0.524509394782677	3
0.072370135073853	0.348048430042104	937
0.00524898217217795	1.95185898101077	238
-0.017247804272623	1.36110712004956	38
0.121557157717254	1.33904346716599	182
0.076354935495499	0.87006058295922	265
-0.027519032584886	1.38057506305161	48
-0.000825515873990046	0.918182693989429	48
0.101348306936564	0.967613076979681	48
-0.004160587638387	0.905839255043688	249
0.025789538202286	0.693722810629805	139
-0.00375415776389099	1.21840142105763	139
0.123374072107637	0.537462121338719	139
-0.0822639607783881	0.390032438602284	139
0.052300430667282	0.750709609273492	68
-0.108708190776509	0.497345478161913	45
0.104131482278846	0.585585790475555	24
0.028412635978567	0.709521862827358	986
0.077180657402148	0.328527007993942	224
0.0231804080924231	0.438087276273862	224
0.114668714871744	0.421602525336617	224
0.077067708496911	0.340120311873882	224
0.080748708559078	0.332467628346644	224
-0.0330320135348779	0.273358018332438	105
0.070106991402571	0.341023649807825	105
0.098356887704393	1.45771959224768	279
-0.082262515364349	1.41787288540384	279
0.106480618215065	1.20906669995221	531
0.094993320185012	1.34323809962736	58
-0.074954958475459	0.992529850805979	38
-0.028160854705648	1.90772461238783	38
-0.064559168870344	1.27095311865821	38
-0.0298523783463111	1.54486138866178	38
0.059720659746204	1.18248178251122	38
0.087584272956482	0.801339743841652	1443
0.0112667970146531	1.13824110172565	182
0.00291408052211295	1.07156111017033	182
0.00379229517109403	1.20686439895886	48
0.105326519516428	0.690729493716544	48
-0.10682857555875	1.15029727157163	48
0.074349288714713	0.892308996855411	139
0.021022235057363	0.439970517171406	139
0.0303327614578081	0.646316490528339	416
-0.042505210398074	0.708186692109568	416
0.016457673222271	0.44496645163339	68
0.044702906465849	0.876291953479211	68
0.087957308010105	0.637558016530985	45
-0.045846830297348	0.754969374966922	45
0.070185108623567	0.512077211368088	45
-0.079839134718963	0.384159360430658	224
-0.0836013527253781	0.388701723023916	105
-0.072450504037198	0.334199118118221	105
-0.083194644213896	0.381001221834884	105
0.021974497994431	0.6483786265171	937
-0.034496852379273	0.276988346480374	3
0.07959694623773	0.330449597364715	3
-0.059304713939661	1.77300191128491	279
0.083912775619991	1.14314216841011	279
0.101248101143866	0.743559785420144	267
0.027578658429901	1.09976147788485	531
0.015038863551577	1.21811884452496	238
-0.0565165306957121	1.42017561056556	58
0.116001128928735	1.13387016777684	58
0.062370975650959	1.00531784539268	58
-0.040669569067726	1.79442604041	58
0.119327285324627	1.43630712360892	38
0.047175922154903	0.977133431802894	38
0.111658172785043	0.935583068391588	38
0.11813253504055	0.916314658371877	38
0.066279378700527	1.41102006597815	38
-0.059058457902432	0.904266768717972	38
0.049053169855392	1.14340003700713	38
0.096912106690806	0.866282451913803	37
0.031036190166569	1.16922988794244	182
-0.104419576900821	1.62317316441296	182
0.094940830025949	1.15865966475738	431
0.124618684805516	1.11198604040917	182
0.096575476791071	0.611034682334637	265
-0.063433405005592	0.958433611050331	265
-0.011875973966173	1.17913935766841	48
-0.029784036830053	1.29291309854497	48
0.037148070482626	1.09871522868579	48
-0.00537507743785703	0.806100513472735	48
0.081240286548009	0.660322152276847	48
0.100185383206315	0.596395149004197	139
-0.114206918211405	1.10490011968387	139
0.0393053214507439	0.597573813163112	139
0.042165676118054	0.605924876998729	68
0.122056358125389	0.523181721468344	68
-0.055474048967087	0.837828611490647	45
-0.045516913143589	0.683883524942767	45
-0.09121781145932	0.368422589273954	45
0.080034112778644	0.162136715873052	148
-0.018220538447512	0.535089613060021	105
-0.0843004126611801	0.382110335283478	138
0.106559751641936	0.410823849970098	150
0.020858575078338	1.24782958723666	279
0.00961025254175096	1.01950162832739	279
-0.035514983643152	1.49132947847534	279
0.119347391025277	0.902378702638707	267
-0.047285172124922	0.636419457669233	531
-0.047042152768941	0.798415934012753	38
0.077724583533601	0.836506692577933	38
0.031292436646734	0.644542832847821	38
0.112392838392263	1.39078878174948	38
-0.0672119009436381	1.61119178279472	38
-0.039129296573424	0.68407352409021	37
0.106614772165076	0.851377159333954	37
0.114555242094151	0.417744625712573	730
0.114739637735538	0.410363036221676	730
-0.00769840794886001	0.528363187498694	730
-0.108677171898741	0.488308688748588	730
-0.015047005262408	0.533259186361154	182
0.035159653987742	1.08105752359383	265
-0.060023846844933	0.825501268547768	48
0.062543725866013	1.11280305706104	48
-0.113329475505069	0.501353172597264	48
-0.032875738670886	0.275588314838464	48
0.021978009294686	0.434085444538979	48
-0.0822639607783881	0.390032438602284	139
-0.0843004126611801	0.382110335283478	139
0.06184221658249	0.748939909539931	45
0.057856979954398	1.26086677507562	45
-0.03383078285931	0.270260664886143	24
-0.101627385896147	0.996118867551076	45
0.077157673025093	0.168800521143936	384
0.076145680296475	0.169748498828741	43
-0.032875738670886	0.275588314838464	229
0.023237438596591	0.70824205392415	105
0.0339462251110551	0.649190420587815	105
0.077046358722101	0.982746146180242	279
-0.104455101302772	0.943583962412436	655
0.0976212424996	0.611728695614045	38
0.0849934935078031	1.06079318397342	38
0.017888934591905	1.03939850332292	38
-0.073973052902373	1.17465895574013	37
0.113873072925677	0.409588765392455	730
0.023346651136203	0.443678492688586	48
0.010106301095431	0.449286105150498	48
-0.07405766487928	0.361715219740062	249
-0.12281924096774	0.883409377206613	139
0.0812632269374049	0.63649477559546	139
0.0256909127210651	0.658235834141147	139
-0.10901573984948	1.08785093546148	68
0.00564560003197501	0.81833439999569	68
0.082125990070079	0.843805216630454	68
0.090867376555912	0.607575452453258	45
0.076145680296475	0.169748498828741	45
-0.0295730373033	0.275541198273677	43
-0.089228742551723	0.3851854650328	384
-0.077630557808566	0.384384913562466	229
0.0703773615309931	0.469536755302311	138
0.034782069697532	0.657020358953194	105
-0.00984819687008198	0.530107285419769	1092
-0.022032690856014	0.551643772716097	58
0.0454765801785561	0.581431731250539	66
0.068804256653073	0.853752897727693	38
0.020160952692271	0.965335399305208	37
-0.101721575752265	1.17359846129778	1940
0.00339145692008602	0.765246640984092	730
0.113429435769739	0.391024964850372	730
0.094377246636857	1.05402396012418	125
-0.022088384431684	0.550076585083633	182
0.053382213453989	0.96887963364929	265
0.017809820395711	0.455231808583849	265
0.072255440315213	0.345713929555499	1280
0.11578070733758	0.956134856316132	139
0.05316870583664	0.825589372140218	139
0.058057403539832	0.785304182567029	139
0.010992352792399	0.735358514289813	45
0.047972646730209	0.586916010342936	45
0.06202243050547	0.728943605567273	45
-0.082438299176642	0.389621996869386	43
-0.030528117337411	0.283482675057376	384
0.075921520823497	0.16531126164446	384
0.081269487155043	0.165460001149643	43
-0.109891520283555	0.498301125752551	105
0.0697546120845099	0.167030672711168	138
-0.037810451137571	0.615578455673251	138
0.048217825373938	0.771953997760626	138
0.084674437257939	0.656742780891989	550
-0.034718975426097	0.274689723761103	550
-0.0378345037204449	0.607023981108699	1092
-0.031701484749436	0.281832608089541	3
-0.001651552317952	1.18745697063194	267
-0.124997386868034	0.810339533728168	58
0.059528119315777	1.08467270041741	38
-0.040912585978544	0.756145241548324	37
0.09482794315083	0.60475136324108	931
0.019762789261511	0.956011107248947	265
-0.116933198774279	1.11840262268129	265
-0.017884734382225	0.536974360946345	265
-0.042082715528212	0.711800264438461	48
-0.031701484749436	0.281832608089541	249
0.054234306736818	0.780208654863406	139
0.013493493745433	1.01295892875487	139
0.121096513684031	0.752812437848718	139
-0.084126739497063	1.27303255726472	68
-0.121529094629972	1.17897516572539	68
-0.01637645941888	0.932753748447652	68
0.015582131173983	0.978464739199449	68
0.077157673025093	0.168800521143936	45
0.065860530714474	0.730889823478831	45
-0.053514332101447	0.683547348347553	45
-0.035671990233783	0.282466476181238	45
-0.029355635130681	0.282087595479945	1187
-0.030746239989966	0.274031811030507	602
-0.0835441261405751	0.38822229354008	138
-0.040425391764003	0.699849813890205	138
-0.020055124936403	0.545486787532595	550
-0.064418017576553	0.954661733226571	550
0.019725672618118	0.451874257495643	1092
0.038066098507638	0.642025107847845	3
-0.069363942430838	1.04346832922433	267
-0.103887785217621	0.956883062169056	267
-0.065021647958752	1.42589513797745	267
0.102524310638271	1.02964246795294	267
0.087422681974192	1.01846140321823	267
-0.09878225768075	0.919263119635886	25
-0.00408634809212405	0.845319465982779	267
0.02060479320902	0.956441403447758	233
-0.032236499301025	1.25649476891734	38
0.054813056994956	0.564980964787409	38
-0.00177152818035597	0.884948523181888	38
-0.018883962746796	1.22914672750802	38
-0.047630676256896	0.848774230957121	38
0.052671668676664	1.37479512483977	125
0.018761996972906	0.964402638720722	265
-0.054002079854233	1.11793126214219	265
0.047040008831037	1.00880296623972	265
0.070192908042651	0.504321836075061	265
-0.108677171898741	0.488308688748588	1469
0.095386419890957	0.758799389993402	139
-0.065847032243496	1.11474219386255	68
0.0294828540322311	0.413599978013151	45
0.054141872393678	0.48640341439243	45
-0.026920082272221	0.272192019538872	45
0.073855231995274	0.340182879467559	205
0.026485270773394	0.4265432970317	138
0.02524222984319	0.653049481945659	138
0.098536709092093	0.395051269344186	138
-0.014992224324049	0.52916391874654	138
0.110554003327598	0.386450768218349	138
0.050948260877951	0.99282758261742	267
-0.0737384331739021	1.20086151546968	267
0.090481458753246	0.651522186427758	267
-0.026181833426005	1.18339607227197	38
0.104283344599581	0.973369798303926	38
-0.056887840036023	0.989562996334019	38
0.047893267247533	0.820058924812247	38
0.0679805669967441	0.894999288134005	38
0.117140681789162	0.674065908989983	38
0.058977364040629	0.882365490562241	38
-0.020395625868833	0.99724355304268	37
-0.060610559787427	0.892235993962851	125
-0.050442076755302	0.722010145851111	125
0.112562372894749	0.412320186225577	125
0.017966580652382	0.700952049905516	931
-0.116663439286523	1.10880442318822	265
0.059273257253056	0.763936471820352	48
0.0722525546473301	0.931585410105195	48
0.028886538549933	0.696672860889858	48
0.064863322285128	0.513180780937738	48
-0.108898808387426	0.484302418525731	48
-0.111412853681312	0.480923580974309	249
0.006094584472224	0.884048854388158	249
0.073970083194877	0.334391269245761	428
0.120913927982573	0.407327404630697	428
0.054629204367465	0.770204848743708	139
0.068195522780388	0.481942681437806	139
0.118852360256094	0.541770444483381	835
0.117612693576937	0.787977766348249	68
-0.0835441261405751	0.38822229354008	45
-0.0826126388120521	0.37705207892332	45
-0.041060321751808	0.267125904028203	45
-0.03453181005985	0.632934337895702	45
0.080971999278863	0.482767814377543	45
-0.030528117337411	0.283482675057376	43
0.074909288855907	0.166210133580699	43
0.074287565703441	0.33467159997044	205
0.070993588313846	0.166828725880842	602
-0.082438299176642	0.389621996869386	138
0.065866520495799	0.329550344853063	138
-0.007805462591012	0.510246257416791	3
-0.021563062832674	2.22177651274764	279
0.108162552053069	0.826652698497149	267
0.003410181049598	1.20893743074964	267
0.105264175010858	0.724181202517725	267
0.02499914373266	0.869775962884366	267
-0.105721812907768	1.50836827402297	267
0.056322847596972	1.02292418478092	233
0.070680464012548	0.937911556257009	233
0.087382658792754	0.778452720683031	233
0.023170007457171	0.983361692532681	233
0.069436205643733	0.724332361062369	38
0.099258824068151	0.719480171591485	38
0.024217253065478	1.41277188585911	38
-0.01617570471277	1.52520707897435	38
0.114699415656387	1.09531176569214	38
-0.022963347333383	1.07955250292063	38
0.105332962367277	1.04106501526636	38
0.090167466232281	1.16628811808746	38
0.064823699496898	1.41864530616115	38
-0.012176153580829	1.36629703797388	38
0.072858491280503	1.23805462652307	38
0.04925466424454	0.999613802982821	38
-0.102609341521657	1.28039474661996	38
0.010241088558173	1.10066461380402	38
0.024912188841597	1.31672275060569	38
0.066460698236835	0.844961351430573	38
0.100578008800596	0.726404943788005	603
-0.112162378812961	0.969113270183796	603
0.0967830709981749	0.736363393270433	603
0.00513619358911999	1.06372069076419	125
0.00879299178937298	0.827357937496359	125
0.082799369206061	1.13132387194865	125
0.0805965446201991	0.856443302890924	125
0.061312870530787	0.775378810867434	265
-0.103120501095686	1.4110644187397	265
-0.059713433041759	1.27918742664186	48
0.088975468906346	0.630281539790777	48
-0.046028292522757	0.70965453390692	723
-0.123888610227902	1.00770652979847	723
-0.059495095234077	0.957138894053927	249
0.070303771923838	0.48936079571039	428
-0.052863510742091	0.767129182063901	428
-0.040973696033295	0.627716581545507	428
-0.010390700475312	0.894364090685191	139
-0.052433454297584	0.835200551160257	68
-0.085666084028641	0.382220021390871	45
-0.11990059651575	0.489878123916896	45
0.019832259114943	0.440993550296202	697
0.076145680296475	0.169748498828741	205
-0.030528117337411	0.283482675057376	602
-0.082438299176642	0.389621996869386	138
-0.0835441261405751	0.38822229354008	138
0.109974991351801	0.650898490204158	267
0.02371192798688	0.708737900368878	331
0.117823602104897	0.417853883223178	233
0.111649419531817	0.519691067088336	233
-0.035526575774627	0.628671654664494	233
-0.017787488362575	0.556128795192438	233
0.115762139998249	0.402694500489471	233
-0.01850429889269	0.548082064153679	233
-0.113429131061344	1.03873851602084	38
0.077904376757872	0.704394015749809	38
0.070964441788505	0.713782850288725	38
0.119878980048189	1.27673162592402	38
-0.120952144373822	2.04817675868191	38
-0.067490583379566	0.986683713651953	38
0.082190788223119	0.971622991556123	603
0.116568284004096	0.544180872931601	603
0.00972494146038605	1.01239007511414	730
-0.039141145196101	1.43770369475137	730
0.048490150702173	0.568974958127047	125
-0.00657137449310796	0.516385741830338	534
0.06330461542944	0.706641154998051	931
-0.0522832763522611	0.871187222406038	931
-0.064051183674811	0.947590718243049	265
-0.044114601596147	0.628539576163899	280
-0.087546909794152	0.381328090658342	48
-0.086263386455813	0.389607921403803	48
0.108690103397617	0.908407909485796	139
-0.116303470309168	1.12728081519765	139
0.045208395484916	0.845911718982388	139
-0.122356691862959	1.50404486099863	139
-0.027561927552969	1.29739913400732	139
-0.102609900995947	1.23892344765057	139
-0.067284210837791	0.936892277683649	68
-0.00479576354136702	0.969058667540272	139
0.048754429861876	0.854617738694131	835
-0.036624714472418	0.276789114146224	45
0.078392830986749	0.165523015099197	45
-0.016819308176898	0.558507296164874	45
-0.00146220937789499	0.88363678988753	45
0.069289508873982	0.892313989161659	45
0.072004219801236	0.165930077019106	45
-0.042012259258934	0.274222959379655	45
-0.04097457160642	0.636192604993594	45
0.043366376871778	0.81090247167332	45
0.08250386886234	0.162323196156365	697
0.077381077022084	0.166429385708503	697
0.077157673025093	0.168800521143936	285
0.077157673025093	0.168800521143936	205
0.018034062962661	0.437010011092538	602
-0.022658161781248	0.557215673194218	845
-0.080944543326289	0.380052764553208	141
0.079678820503484	0.33432855698565	3
0.00483626725118203	1.1802976901881	3
0.074909288855907	0.166210133580699	3
0.0274365487521639	0.702658636257512	1433
0.0325024579305629	0.643631883384136	331
0.062736958352141	0.510437039211038	233
0.0207998380261299	0.409747027643633	233
-0.030675164437722	0.546092809884363	233
0.00587289612950204	0.843113016441908	38
0.076462276564191	0.702729029598884	38
-0.077169125523767	2.20932539061606	38
0.014524041697078	1.96010911327214	38
0.028364917351253	1.76416790988957	38
-0.013623282431715	0.998535971807123	38
-0.0625167447153691	0.985500806674057	38
0.051184080249468	1.12588039451473	38
0.085754782360902	0.640482057794991	603
0.113093584899948	0.91904204794073	730
0.062726742878691	0.821850508060065	730
-0.0209988017014821	0.960745945472963	125
0.048227363320194	0.576315628257834	125
0.059378427552803	1.72483325842627	931
-0.073954057779562	1.2604376447365	931
-0.12317686838921	1.61985557753454	931
0.04451145350578	1.54116204241075	265
-0.064809146193791	1.16409098398448	280
0.00708782031327504	1.09430260946102	48
-0.02722928531062	0.268253246377299	48
0.111670073410229	0.529396791448885	428
0.010106301095431	0.449286105150498	428
0.10694832484715	0.57966010439078	139
0.078925895676371	1.0402626147745	139
-0.0202781517516319	1.55786850542207	68
-0.121967822996578	1.62264931923254	68
0.110615090982889	0.417617593584131	45
-0.026703500126008	0.274193996389097	45
0.0745913903941881	0.502393606748243	45
-0.058692431708723	0.956565804811672	45
-0.031920328873862	0.268252079008924	45
0.114739637735538	0.410363036221676	205
0.075921520823497	0.16531126164446	205
-0.039911046802298	0.633539944095267	138
-0.072919316256422	1.3194692804394	267
0.118134314145369	0.676154779421235	331
0.065785935880016	0.91647700558136	38
-0.064696193289848	1.76365221504075	38
0.103390882260521	0.885662929785317	38
0.0621027846644	0.773831190245223	603
0.105140082645115	0.965738851626766	730
0.121039607236642	0.665255067259479	125
0.087117488147164	1.01651958172852	931
0.0143192450994259	1.03327932406993	139
-0.020249527171205	0.986962834400804	139
-0.04944528917781	0.845656041700133	139
-0.113479958649425	0.476201546617351	697
-0.03185665318631	0.273371441525479	677
0.076145680296475	0.169748498828741	285
-0.0330320135348779	0.273358018332438	205
0.07141227982775	0.347227267199811	205
-0.079298437309573	0.373453512386433	602
-0.107942231824668	0.469910421906054	141
-0.108677171898741	0.488308688748588	141
0.119772759740186	0.668285165963719	141
0.051991021179008	0.943439477871346	267
0.09660857782029	0.797887214534375	267
-0.060145298866547	1.00716886521913	331
0.105892871566809	1.041063399115	38
0.015632391069317	0.776587894391611	125
0.035745954499798	0.984854312441854	931
0.091859451267614	1.05138937463561	931
-0.036059748866178	1.28865031304249	931
-0.056858309525899	0.770664122139027	48
0.04487975375229	0.594823080405644	48
0.114739637735538	0.410363036221676	428
-0.116452466480247	1.75829322204051	835
0.039969920256164	0.588070119558766	835
-0.0564524252158311	0.934322530311589	45
-0.037249546041799	0.265398201407312	794
0.076145680296475	0.169748498828741	602
0.079452745669973	0.337792336057264	602
0.073443230252974	0.512083376486154	602
0.070338959242869	0.34839266189605	39
-0.0520430429636209	0.709134046331635	930
-0.10877947244218	1.04567263113359	930
-0.053330012488378	0.77625860073751	3
0.045390404010603	1.29399468512255	267
0.084433380758463	0.906815948553205	267
0.080094347350166	0.992838938566634	331
0.067278338190805	1.74355978760412	38
0.067383443333195	0.657739006240159	38
0.078225615440177	0.93195063717069	38
-0.122436061143567	1.06245763720599	37
-0.068845037294812	2.15868445965109	125
0.123938724928397	0.902324952511437	125
-0.117442534707831	1.32729093282939	265
0.0206671518817509	1.00905613254249	48
-0.11203385220154	1.11075380971818	48
-0.100896160617506	1.22947395231495	48
0.108497103445143	0.691603590043434	1095
-0.061988216355623	1.05238791996982	1095
-0.052236298478098	0.781706483846688	68
-0.101123226741623	1.2429608230716	835
0.0959478929925091	0.592232394872626	807
0.0323560769314299	0.64816940974882	45
0.113578570761861	0.419457249695376	45
-0.081159284688977	0.385952765008185	45
-0.0826126388120521	0.37705207892332	205
-0.0295730373033	0.275541198273677	205
0.079337906985562	0.669522942507413	81
0.077067708496911	0.340120311873882	930
0.016457673222271	0.44496645163339	930
0.028933792260777	0.618332640878679	141
0.119917191600998	0.407734089062129	141
0.00412372137848804	0.766403594717368	141
0.082775143090511	0.334667134892423	141
-0.039936848702699	1.54867286616639	267
0.029749372044746	1.24336109700029	267
0.031952531626706	0.923841548235014	38
-0.0563074394079091	0.88490564202845	38
0.109030058311189	0.842530268821963	37
0.103822100076275	0.996231714281803	730
-0.043921881650187	1.40183500129945	730
0.022666412376269	1.31868393912204	125
-0.112007310551983	2.0367967701719	931
0.029251046844482	0.948637567785144	931
0.118723420739178	0.754444100643839	249
0.074149712315388	1.25028912930472	139
-0.01960925668674	0.543895434209313	139
-0.122138704914398	0.874129386557092	68
-0.031168219188297	1.84865230392775	68
0.0342275323725491	0.884755827789539	45
-0.118850399682613	0.923105626822939	1599
-0.124461977767083	0.590357723652259	602
0.07496996282695	0.347321327501748	602
0.01647763132056	0.433984530411764	81
-0.0822639607783881	0.390032438602284	930
0.0622223108785011	1.24733449532981	331
0.072279122111051	1.4747938685587	331
0.119295112933819	0.929236244279987	38
0.0136388770949331	1.1325368401948	125
0.025756385882663	0.908172004122768	265
0.11536601493585	0.664077025230296	139
0.049097870835447	1.36073922014009	139
-0.096987242839443	1.59396103071154	139
0.077148569649792	1.07609673731684	139
-0.108708190776509	0.497345478161913	68
-0.059236539089487	1.12866502056137	68
-0.062303107160203	0.933960087463719	807
-0.071978581040674	0.986847414984901	45
0.07348967724735	0.489412751057279	43
0.112674076396637	0.415625876402813	794
-0.035671990233783	0.282466476181238	602
0.111585133408427	0.415604570955991	81
0.012028151969689	0.441592765478018	930
0.029605240590196	0.427114954883539	7
-0.00761172116924702	2.05415665767763	267
0.026869942182991	0.656430990129479	331
-0.102866446621538	1.58145170321577	38
-0.106631152112664	1.04593373386242	38
0.081732663524893	0.669716993649293	37
0.00987423318946301	0.746299526922753	125
0.124853858188575	0.383311928059115	48
-0.123487699758568	0.592019074410999	249
0.056948252004131	1.1099236973413	1101
0.103130521551946	0.86551924185387	139
0.084705727728941	0.79191536575162	139
0.021146743210809	0.441756076651499	45
-0.0580102693074081	0.897369691631915	45
-0.068825209421815	0.945668685607525	45
-0.122518868000478	0.583091169148336	45
-0.031701484749436	0.281832608089541	43
-0.108317612834696	0.474071010942126	1569
-0.117435538341508	0.478533621473002	39
0.113270723746115	0.684446036970162	81
-0.107147442151712	1.01373658669978	141
0.00757944195030702	0.81668592293778	141
-0.046493780351219	0.700711391744084	141
-0.0535547772713399	0.842132144857524	141
0.015414339708358	0.452885058633539	141
0.044962982200177	0.597446705485793	7
-0.030528117337411	0.283482675057376	7
-0.117681320956095	1.15772407829538	267
0.084431871035196	1.15321658636999	331
-0.011878896361759	0.541632687689363	233
0.119032784928623	1.37154428612313	38
-0.055710712188069	1.75283989801874	38
-0.11659669418915	0.838338339465202	389
0.116232991514505	0.532193635512742	125
0.021887838014282	0.720668527929467	280
-0.0403556673879431	1.18667422399445	139
0.0566225273591759	1.69131852076973	249
-0.00372791686287199	0.96178120136052	139
0.0847288961375	0.820088872177536	139
0.059770248563172	0.731930838943094	68
0.109547609931256	0.575697890034461	45
-0.026920082272221	0.272192019538872	45
0.119600357753906	0.540944394710027	45
0.072370135073853	0.348048430042104	45
0.077381077022084	0.166429385708503	794
0.077157673025093	0.168800521143936	196
0.075921520823497	0.16531126164446	232
0.04779241872809	0.592188166923353	39
0.120622197231714	0.657814499604433	81
0.122401025889476	0.540167889495485	81
0.066617845022423	0.899905705440753	3
-0.036688605826666	0.647083209143006	3
0.082744445766314	0.661981122692971	267
0.011423763873221	0.762854547896952	331
0.087319779507482	1.39590971799072	38
0.117063919802354	1.25842267949251	38
0.079284018525084	1.00061537019915	38
0.118739519355886	0.546103779167408	280
0.080231736217404	0.632652981634792	280
-0.112551268392328	1.22324847476212	48
-0.038872491159885	0.610730289668867	48
0.082552929988312	0.331253918349578	48
0.022101707562764	0.440038323702501	48
-0.112378045051008	1.87394415975526	249
-0.102743469007239	0.458267136821068	807
0.026925963071565	0.735240197406798	45
0.080313186409926	0.663002892973487	45
0.021887838014282	0.720668527929467	45
0.076145680296475	0.169748498828741	43
0.078392830986749	0.165523015099197	591
0.079094065172128	0.336625945787791	43
0.025506473539046	0.441765570715553	39
0.00145858144425803	0.837785618164491	141
-0.093136365654811	0.380166594450163	7
0.04274342324526	0.628326552546512	7
0.081553077392945	0.843217608165262	7
0.070993588313846	0.166828725880842	7
0.111143622216264	1.93851754801507	1067
0.043571366436498	1.03859804831933	741
0.011243448237329	0.771520896180342	331
0.00598930046983104	0.837234590558066	331
-0.063145212089495	0.829138302596898	2257
0.077067761219671	1.03415495733377	38
0.070728247971785	1.16160169254124	38
-0.022317297298671	1.35314084025661	38
0.113659576231315	0.709723517726075	389
0.0381535301049371	1.11666294722239	280
0.00322139832068402	1.25158393662775	280
-0.061008933323887	0.860789227134077	48
-0.027245387733585	0.599084464428004	2046
-0.038874267961876	0.632676807803819	249
-0.116370511822816	0.983896898168736	68
-0.00743890942555503	0.95495419659424	418
-0.050266239334368	1.29021386154384	68
0.11333140638103	0.80266299043201	68
0.015414469020071	0.758745465635434	45
0.115754374890863	0.666891442726747	45
0.0781867882608121	0.333624219397553	500
0.023302897137274	0.435612154679089	145
-0.077630557808566	0.384384913562466	232
-0.11176315264095	0.476128273509926	39
0.049111791892067	0.576927087175468	81
0.023492221858245	0.688016791432334	141
0.03825438297504	1.06938190584627	331
-0.060063226497338	0.986620881905397	331
0.045151948400186	0.7540079440348	2257
-0.059329920001485	0.942559558167634	38
-0.070429949645925	1.0609610926965	389
0.123640632468318	1.08329049597383	48
-0.102358347219237	1.39614687665656	48
-0.047135187657354	0.744697095775768	48
-0.058873391499111	0.949638066670342	48
-0.035795275728309	0.603076585975714	987
0.044638286317045	1.28282456824363	249
0.053773573457986	0.73109807876273	139
-0.044426738430976	0.68988440603391	139
0.0241495112814361	0.961908170335865	1101
0.076978389959965	0.919003536010406	68
-0.026812532961586	1.32526672044045	418
-0.00458850365687802	1.18507180343024	68
-0.074988130507016	1.09824954437282	68
-0.107749901245468	0.495656796242641	43
-0.019298055573969	0.532780650471015	39
-0.08958468811815	0.389371433614832	81
-0.026294671889763	0.534623485983904	81
0.00905226191133302	2.33543804249232	1067
0.023937003457163	0.9354044252304	267
-0.011841935204626	0.905981829899505	267
-0.065170823190273	0.873955281908552	331
0.108974393037052	0.665645983955229	331
0.064589793356671	0.84311385892757	38
-0.064527400699448	1.20872900526583	38
-0.00498424944297804	0.899200829266785	389
0.107556475761386	0.724588986765506	37
0.068875938492336	0.705907435538843	125
0.00232954785717199	1.58947745743033	64
-0.034651802775365	0.612893534310153	48
0.104051462126258	0.992999839944696	139
0.0104379541266409	0.822246398680047	1281
-0.111484312660722	1.11117851444155	68
0.0909801071242839	0.636702602574895	418
0.077912552920633	0.339429882248354	68
0.114805342037251	0.388530994533545	159
-0.024575497593925	0.272380382677949	591
-0.078734473204241	0.385522944381258	591
-0.029138423472299	0.270279860579087	39
0.074909288855907	0.166210133580699	232
-0.0355585204943361	0.638286700820809	81
-0.027872822887809	0.532031998927287	81
0.0373348812614021	0.637068007780694	81
-0.046331234575885	0.705533210337977	10
0.116258696515081	0.827071080147128	267
0.042108236270816	0.87819573898915	331
0.12378051931022	0.925933684697942	38
-0.101711896402754	1.72180046613125	38
0.123942468115129	1.05219744349897	38
0.056203071587519	1.29143118784991	38
0.12461628730177	1.07841318860967	730
0.00190271689858101	1.20500959961394	280
0.000214750581607026	0.794719413273989	48
0.064068110335906	1.0061473438408	1101
-0.115887864434753	1.2637553071311	68
0.0957886704841851	0.913510991532912	68
0.019598419821354	0.435262097890255	45
0.080009579216498	0.818517931013532	45
0.012079931258164	0.436452638798363	1103
-0.029355635130681	0.282087595479945	45
-0.028184036827746	0.275670569334874	43
0.025352625591071	0.699672819281604	28
-0.024575497593925	0.272380382677949	232
0.01683677458488	0.76378740685594	81
-0.11965652664515	1.06270996615158	141
-0.087622217663729	0.367867267244423	7
0.092994700440756	1.34455884487975	267
0.072324293169349	1.12194931732731	267
0.06092577148013	1.10384345878249	38
-0.028592433432484	0.951988158206639	38
-0.067963708526805	1.11256946099757	389
0.076581674626952	1.36613737246325	730
0.041132899474478	1.16315925107528	125
0.00710595764878697	1.28674495664417	29
0.016389259565789	0.761336205807528	64
-0.010711943800408	1.24219946805677	1281
0.069170123263481	0.510836151343606	68
0.033447991078159	0.635666792012719	68
0.102135050053515	0.706777247039759	68
0.069968424930631	0.71138434381811	45
-0.039849521867157	0.650831642868807	45
0.080523900171851	0.33967323760326	81
0.081269487155043	0.165460001149643	81
0.027620933114781	0.686813048858353	7
0.01824012876477	0.75968350090326	267
0.011681992611162	1.22370217790503	38
0.058057403539832	0.785304182567029	125
0.113644103810572	1.52981851986638	280
-0.107530883264969	1.18913267241957	48
0.055431215989787	1.41185298001916	247
-0.011768747769245	1.32962472697473	139
0.035862187141728	0.652105266292934	1281
0.07496996282695	0.347321327501748	1101
0.077960894072915	0.336309800706936	137
0.070765485705499	0.166131661423598	137
0.115892962488382	0.532527538164034	45
0.075679184595582	0.500968295724147	45
0.018873897760691	0.442707875763195	45
0.017667288736016	0.451348453246584	159
-0.043375853269421	0.715667814343467	159
0.056044583327726	0.566694160866729	296
-0.029050079517871	0.266959424895062	39
0.078024795125936	0.340885606884247	81
0.075928739731121	0.346105576178088	849
0.081594324552388	0.339656972060791	81
0.080034112778644	0.162136715873052	81
0.076145680296475	0.169748498828741	81
0.035074653433707	0.871926098856602	38
0.037124167053222	1.65168369632955	38
-0.051529269383206	0.88518468314667	38
0.096183824610531	0.733380028998308	730
-0.0537764109201631	0.823166349470607	249
-0.020954499837242	0.550653766334788	1281
-0.112878272563024	0.486242902178913	533
0.07884933010303	0.496282732038054	68
0.115973791046731	0.883788692878695	36
0.080636288109073	0.340851818509334	45
0.032957694033765	0.656405953061816	45
-0.084650702205864	0.384024383856517	81
-0.046240030563825	0.254887562083841	849
-0.0835441261405751	0.38822229354008	7
0.071370340165655	0.490495368859574	7
-0.051115337104279	0.705103630127563	7
0.115762139998249	0.402694500489471	7
-0.00757229498661105	0.898359329379622	38
0.101636508960226	0.713237811608031	38
-0.056471117383499	0.94579867851674	38
0.115986570169563	0.399590467063184	280
0.0983313428550709	1.09604801439018	64
0.061632058436358	1.03352417917638	1281
0.01562598778253	0.454238524802828	137
0.073214541233812	0.335767281861211	418
0.078392830986749	0.165523015099197	68
0.072728618535686	0.890810880383898	68
0.0701383677035981	0.327036861404005	36
0.03837807619296	0.576535903109485	159
-0.014025946384865	0.52907820992449	849
0.073495618283556	0.498481767951143	81
-0.076699431807621	0.376177503347191	81
-0.025747350511211	0.273683389104567	81
-0.079665895754703	0.379179226441683	81
0.074909288855907	0.166210133580699	7
0.025730756761399	1.33091707914577	267
0.00738931813225996	0.781406317299625	38
0.111784212945796	0.664956645893082	38
0.112671777262415	1.47194659611737	38
0.075671233142224	0.498657826103602	38
0.107305443398303	0.821076584486736	38
0.113838420562468	0.742304549401786	38
-0.03181140183392	1.25671613755688	37
-0.0225345911711901	1.28905373563173	37
-0.056568559884265	1.77634045324561	37
0.06762144359178	0.723828131129657	125
0.071356461363799	0.511361623843059	64
-0.064161354349867	0.982539551446548	48
0.074627207414688	1.03041327941591	1281
-0.059094484783474	1.33359041559926	36
0.0415432097563691	1.09307187597948	68
0.014981023612091	0.739490678661111	159
-0.04201231958071	0.634528907800492	159
-0.0835441261405751	0.38822229354008	81
0.075921520823497	0.16531126164446	81
-0.036848011892644	0.282428325938181	81
0.053346180310862	1.55459503838828	1451
-0.115180004483853	0.895692133351369	38
0.11574925604875	1.29925658994129	37
0.066811774923922	0.728351840729851	125
0.031756712980143	1.41519188379923	280
0.0567809425310269	1.2743388823291	48
0.029691666475025	0.64625665283253	1281
-0.039629774565467	1.20899068265421	1101
0.023591998302569	0.915712503916005	1103
-0.122518868000478	0.583091169148336	296
0.114629522345181	0.40564756522762	296
0.064793270643735	0.497766140914501	849
-0.030528117337411	0.283482675057376	81
0.025381932772471	0.444842184919891	81
0.082101825402819	0.487632856916071	7
0.052355733627088	1.3744689788683	267
0.044271372284398	1.39693611043148	331
-0.0568165883206549	1.07372894986287	496
-0.039323935639677	1.66026893005236	38
0.041825151358565	1.42999558698498	38
-0.014374025963844	1.63148541960066	1451
0.0922615571641781	0.871100909171892	2227
-0.027142514393146	1.14662411988241	37
0.062557289674103	0.926266721795858	1101
-0.0346994936238501	1.01795625651896	36
0.018114599073131	0.750447640472437	1103
-0.01216692238421	0.924253461992708	1103
0.010325203763985	0.710943944727365	296
-0.00562080883611704	0.51006337926381	296
0.037653438626891	0.644563091886002	81
0.100647412945274	0.591955168352325	7
-0.012659951112367	0.889003021591632	1057
0.066301406207092	1.44489615189981	38
-0.11527743992286	1.27973657621976	38
0.0644190323548141	1.63285978475173	496
0.064689023404897	1.03080916468861	38
0.082408011141045	0.764907589060535	38
-0.053050363125474	1.98434032932083	38
-0.081507157762875	0.378321297489569	2227
0.039250342596482	0.629846328393207	2213
0.123360486580938	1.29126074894514	64
0.084636880891286	0.587164543115367	64
-0.116733528595794	1.58248220992769	64
0.040276854275231	1.37337315013686	64
0.0587351903885101	1.54512816774649	64
-0.00123866172515996	1.57236833356472	249
-0.103095102553397	0.484627754927694	137
-0.066718908517549	1.21204976038523	36
-0.113298011441878	1.24065464767583	36
0.049326274741627	0.816011880774789	36
-0.116427594194998	0.496455149386198	1103
-0.06787526465552	1.00196214685032	159
0.117186659490365	0.680319411034315	159
0.111585133408427	0.415604570955991	159
-0.108898808387426	0.484302418525731	159
0.074909288855907	0.166210133580699	731
-0.064669245519232	1.10104808812179	7
0.072004219801236	0.165930077019106	7
0.078952575068891	0.484605869501709	7
0.088958986449818	2.38880395312977	515
0.06335977907511	1.44644201255175	38
0.088252898715143	1.02912769072948	38
0.014993398271454	1.27720806319778	38
-0.077986357052096	1.12036214258	37
0.124024005386419	1.17923706222693	125
0.115725015418184	0.695732027598595	280
-0.038763835458553	1.52701808311565	2315
0.018212863497753	1.61166953406489	64
0.0852712199419871	0.324404711121537	137
-0.0171071438121559	1.07231255329719	36
0.00991409700850598	1.1060503265002	36
0.119127359057672	0.395744876336345	159
-0.026125997609538	0.609194603181227	296
-0.119318088597966	0.569262357060905	81
0.098784132509128	0.60271032395813	7
0.072423143677535	0.491488234176392	7
-0.091445091723495	0.381979534712328	351
0.116561549434463	0.673120048941689	957
-0.019030984103142	0.537947066816514	37
0.023499209253817	0.937894882458724	64
-0.034271927216734	1.1603688898032	64
0.112679163576357	1.03023866231404	48
-0.117867575608449	0.489739912457517	527
0.122094642358669	0.947047477271252	1101
-0.00496687037495702	0.898277743838256	1101
0.073539981082857	0.500130130028272	137
-0.07652738756011	0.380410836052899	137
0.073896222194751	0.346190308351415	137
0.056466326908692	0.745411760572931	159
0.077760674977983	0.503571138730212	159
0.078935150192425	0.489455580299648	2251
-0.035671990233783	0.282466476181238	1461
0.072484867250457	0.343480661462907	2264
-0.115356637645886	0.499682040673292	700
0.089597999098608	0.909289779574099	76
0.115849809132409	1.35966280806849	48
0.00187161647836698	1.4159974598324	249
-0.102424698239	1.10824251237428	1101
0.1142423904396	0.565649187703048	137
-0.055159076910966	0.813007588784418	36
0.082772294327272	0.939011328212403	36
-0.0569682088821311	0.855070802843046	244
0.111585133408427	0.415604570955991	159
0.017667288736016	0.451348453246584	159
0.017667288736016	0.451348453246584	296
-0.040900392508367	0.602792789546874	296
0.063833332958647	0.493527525747446	81
-0.110216830391451	1.10502081102565	1461
0.080523900171851	0.33967323760326	2264
0.0863028310916451	0.659269718579362	2264
0.068694096349493	0.714126699118099	2264
0.084549436917318	0.629887420938025	700
0.078034276321888	0.972041511089074	38
0.107997000604664	0.853600591786422	496
0.025471242900981	1.12766655385859	957
-0.022623460645937	1.0868180399922	64
0.052804904662438	1.70644735272331	64
0.070799865360588	0.722058194495185	64
0.028991872666822	0.661094614219199	64
-0.105137480622667	1.3072011058714	64
-0.082089624078219	0.377155918137622	137
-0.0536249476226101	0.807507305852116	300
0.066156912373913	0.32804897819377	81
0.08857457329853	0.596145930163841	1461
0.0697546120845099	0.167030672711168	411
0.074909288855907	0.166210133580699	2264
-0.056917028021488	0.741987265267493	2264
-0.037083401732501	0.686202751382569	2264
0.078392830986749	0.165523015099197	7
0.118907733183212	0.399546599805949	700
0.11693310194568	1.41872520540302	25
0.108898458794856	1.14315725094986	38
-0.026667203270331	1.04458938685253	1159
-0.025452355741709	1.06134001991695	37
0.022188228104507	1.06832053255381	76
0.054669100154684	0.943440768094258	76
0.093608020234017	1.11176162550868	64
0.083138869749944	1.92711538676066	48
-0.076246063752782	2.41792839387519	48
0.027654210984444	0.977787637314893	146
0.086935733465617	0.59485102266515	36
0.056539394978628	0.57039998387186	36
-0.100830073622898	0.456185637443045	36
-0.056336414503853	0.895895540008633	300
0.00923036200334004	0.782106862825807	300
-0.044474724204286	0.726715812996215	300
-0.016127853971867	0.537639070422654	159
-0.026703500126008	0.274193996389097	159
-0.11176315264095	0.476128273509926	159
0.072305472188575	0.505554095115516	1461
0.00364438604030404	0.767776032687451	1461
0.070765485705499	0.166131661423598	411
0.081594324552388	0.339656972060791	7
-0.050498960430402	0.786410182422762	2264
-0.010665592107164	1.37347965907028	301
0.099830827771437	0.87446761925887	64
-0.00739757202153102	1.42310993095241	48
0.013350423706138	1.37788960818215	48
0.099620094915251	0.733403914331476	559
-0.000999680589767959	0.84325693753163	146
0.014409100865435	0.829625438894457	249
-0.124057974335896	1.22681705285296	137
-0.111611176742943	0.910281074887433	36
-0.107096256088465	1.02694539254206	300
0.076841920427332	0.3394493549601	300
0.076841920427332	0.3394493549601	159
-0.084475557124212	0.389777280072558	159
0.107425720148238	0.415207149094124	296
0.111585133408427	0.415604570955991	296
-0.039908015882789	0.636590904273265	411
0.070224415028156	0.4984368483649	7
0.041028923186277	0.639128781598339	267
-0.014025946384865	0.52907820992449	38
0.084264745435747	0.666291784499511	957
-0.05466703755548	0.868272093400764	76
0.089728469788637	0.595427136372268	64
0.092218613051135	0.599667671107611	64
0.034351778469621	0.666968848305683	64
0.078612896662683	0.970581710537944	48
-0.102138672412924	0.482999497998018	559
0.015499208050594	0.451144122551432	146
-0.117981913006893	0.48632761001275	146
0.073855231995274	0.340182879467559	146
-0.12111734405846	1.24597136080689	36
0.064590547731635	0.875725895997012	300
0.0976212424996	0.611728695614045	300
0.070993588313846	0.166828725880842	159
0.076145680296475	0.169748498828741	1519
0.111822461155578	0.537875442842976	159
0.011066697622662	0.447569580667919	159
0.078392830986749	0.165523015099197	296
0.089119891877431	1.23992759518825	267
0.00844679055169495	0.824488766509692	267
-0.038907460145902	0.683724550516134	267
0.113651384408063	0.412331879623991	38
-0.10288256543811	1.4026041846533	64
0.110267189755934	0.982827365356995	48
-0.0362635369138	0.782634791426299	48
-0.012899179520243	0.53827707442757	146
-0.00662456733994599	0.524189900087313	146
-0.015849285018559	0.531180935810535	146
-0.02833511000551	0.604378639607431	146
-0.05275538748929	0.761795583818461	527
-0.00533912651757595	1.41939572423542	527
0.014462026914794	1.58148078463793	36
-0.015634429008191	0.545799591420416	36
-0.114286436164967	0.499890216401727	36
0.00942398901835095	0.855845910561101	36
-0.0604903588141	0.767615247413335	36
-0.085334157754714	0.37840717228209	244
-0.072191333064364	1.32138742582875	300
0.070993588313846	0.166828725880842	159
-0.031482832131695	0.277681836483628	159
0.0697546120845099	0.167030672711168	296
0.076042970088203	0.34615123484214	296
-0.026642227871266	1.23815193353906	7
0.044505302938148	1.1018103982948	267
-0.065474277228507	0.97905988222051	25
-0.00063983026261305	1.15665412373341	267
-0.009463879568816	0.906404486311885	496
0.104426245199165	1.00638774567272	957
0.00856249984914204	1.16074167754642	37
0.029469636539494	0.814257700203149	76
0.044217181602608	0.810652190836485	280
0.080051889830818	1.26968298259865	64
0.033206839860909	0.873043150372588	48
0.096690612590164	0.61146142674516	559
-0.025455625002933	0.552834228625242	146
0.085577461967291	0.996869839319619	1101
0.106559751641936	0.410823849970098	300
-0.081333220336435	0.388468710375642	300
-0.0778030006353751	0.377272534132	296
0.014549367458063	0.430954868283118	296
0.070192908042651	0.504321836075061	296
0.042485872489092	0.643509001329472	296
0.123208975132053	0.538700333604422	296
-0.050362445468342	0.817970220969426	7
0.077067708496911	0.340120311873882	83
0.071167667012522	0.648620332891581	83
0.018987502744794	0.439594521231618	7
-0.043699278236739	1.94141736373723	358
0.00352386834346496	0.789205263324573	267
0.112528102423023	0.51717687082471	267
-0.034524304257067	0.635858820767353	25
-0.090633994435	1.52711375172793	496
0.093212792413208	0.786905947556853	76
-0.07813710107304	1.20796747095701	76
0.025025727771933	0.643597532591962	64
0.053391015738981	1.43585030330897	64
0.020003314580277	0.709006147474155	48
-0.0227128463767891	0.560559949433744	146
-0.088476837599229	0.392706105886074	146
0.119352099261104	0.502217943451656	146
0.054574176961163	1.16567898995783	1101
0.026131340227293	0.904191973253676	36
0.122142204817296	0.907407283121597	36
0.081594324552388	0.339656972060791	49
-0.090514915863416	0.390909543633425	300
0.072004219801236	0.165930077019106	300
-0.0335994213647161	1.35278266190612	300
0.064657375121715	0.729293276575859	296
0.00719738133128001	0.757436564082813	296
-0.073710276411213	1.10204593818307	7
0.07178873806429	2.4634319831829	358
0.042332718871438	1.86114490064296	267
-0.027963728066539	1.79200699176664	267
0.052918027804761	1.22016590284247	267
0.043820986163987	1.18219293798457	331
0.057875648775601	1.16324807803487	725
-0.0697170126033489	1.20220540280533	76
-0.068953671619569	1.06807841591383	76
0.036623964956909	1.56114529193619	64
0.087977610629928	0.640446608363699	249
0.0884019545781301	0.967933100587293	1101
-0.068876641353213	1.04121450539102	36
0.088211932556679	0.653884541745854	36
0.0442118684516269	0.842177192202042	36
0.098406924340136	1.03131512200105	36
0.040597038735871	0.636708587445904	300
-0.108677171898741	0.488308688748588	300
-0.029728282550599	0.267809030605935	704
-0.078698131763971	0.362353272981861	704
0.117070820306046	0.397063240213638	1141
-0.043606681763008	0.678994172803531	296
0.017809820395711	0.455231808583849	296
0.046870050239107	0.582239744953026	296
0.03098049984667	0.695753448999232	7
-0.063170148633052	1.05621856234531	301
-0.122688036143835	1.52667462703108	556
-0.0406433235424269	0.667159149032796	957
-0.00518353002174399	1.59643428403515	957
-0.027967719747896	2.15520912988715	76
-0.023868370484189	1.05754735216163	76
0.0568141807018811	1.51247828961263	76
0.012146190636356	1.19051918552225	76
0.108335520535453	1.28226986761691	280
-0.110299775991063	1.18419061207892	64
0.105269082049533	1.43453491680499	64
0.039916086378445	1.24990990603241	146
0.118657170218126	0.910212489637843	146
0.11000543871843	1.01061482975327	146
0.001107917630219	1.30615718887039	318
0.10489705256981	0.981395873284627	318
0.018952207952657	1.08222038454999	588
0.114618668372095	0.541756079475867	100
-0.082438299176642	0.389621996869386	36
-0.028184036827746	0.275670569334874	36
-0.00754512135865804	0.90703857713897	36
0.082508358026782	1.00690304957695	36
-0.104160867856146	0.488345018779009	1141
0.117933188141363	0.402649749957486	1141
-0.087905797030303	0.347376194069562	296
-0.040948455664847	0.63189504665144	296
-0.036624714472418	0.276789114146224	7
0.117027552104707	1.95994730988522	267
0.093201276780248	0.630516549183379	957
0.105699703343585	0.860084397203685	64
-0.037441813623011	1.54604585608293	64
0.037331613311412	0.645705576795448	64
-0.118916311310304	1.12714912596842	64
-0.11133049292985	0.469853836449776	249
0.01119468006035	0.449366743010634	152
-0.06745278743423	1.00090316873653	75
0.081053775180751	0.830935293630437	36
0.120213119333393	0.789044495175491	36
0.043346540208978	0.810521153732435	300
-0.035567146449013	0.63126579135608	300
-0.115516633180628	0.486901705677825	1141
-0.081333220336435	0.388468710375642	296
-0.120183884557672	0.559169244596997	296
0.072667491672164	0.328183640856179	7
0.077381077022084	0.166429385708503	7
0.078392830986749	0.165523015099197	7
0.049800093292764	0.59054653791271	83
0.085550449155321	0.832778498788994	301
0.00580734053449905	0.706519532808299	301
0.100018829173418	0.606367438741908	957
0.001342382440223	0.862141926451868	64
0.050886024313101	0.587946337574818	209
0.015216716893408	1.25799063129751	318
0.080669639698567	0.329370530882294	152
0.022101707562764	0.440038323702501	152
0.111697597535399	0.415763621279902	75
-0.107735522912659	1.08738591637291	36
0.025336687234602	0.696019889093244	36
0.06125187517699	0.718918562288126	300
0.072391918031863	0.514124350123199	159
0.076145680296475	0.169748498828741	83
0.079915563785529	1.07485558688546	331
-0.084116169293742	1.49324369381689	76
0.120528607697644	0.538559524741244	64
0.116053412797975	0.545914824133599	64
0.071447188721215	0.335759721393458	64
0.001733938312378	0.840415658415702	1459
0.032622754431242	0.654306769645104	209
0.122736169857907	0.638478027817151	48
-0.043381011059595	1.10635884395337	249
-0.115822682147224	0.929504796388992	588
-0.106766127886479	0.484648484768448	152
-0.08669015221522	0.375951144075462	75
0.013602075607807	0.778763811105106	49
-0.05560002144354	1.08037914391214	300
0.116678607026861	0.400866890967662	1141
0.080002976646102	0.487433599025544	1141
-0.096459377456785	0.372603855477563	7
-0.044114601596147	0.628539576163899	83
0.09802295393146	0.570326993160405	83
0.077157673025093	0.168800521143936	83
-0.0848491428539631	0.377224349693578	83
0.119316497583788	1.39474714673328	331
0.051355229336626	1.88684266272614	331
-0.015458032964707	1.74296444066585	331
-0.069680128406311	2.11231217462327	331
0.061445209574713	0.736831348158968	851
0.0949502965353199	0.859763389206429	556
0.021057373939268	1.31468824777766	957
0.099608828256501	1.19895562010665	957
-0.07427848512314	1.16300795452996	957
-0.0577396905439001	0.849236099332184	76
0.079581797127014	1.06089086892616	76
-0.108708190776509	0.497345478161913	64
-0.017842411820291	0.560800200021778	64
0.108240732414818	0.972513463876193	64
-0.114759737559872	1.1427901493881	64
0.0758840671990571	0.342849295147287	1459
0.049655103355176	0.563754130189583	1459
-0.00411714681271702	1.78448057315697	180
0.073233852849982	1.25864556126301	318
-0.078839594422735	0.364636823727726	152
-0.025531537318646	0.272888008982412	36
0.064832161291408	0.858417813254085	36
0.104966974965325	0.735704699459063	36
0.030071801838764	0.664720637698528	36
0.112674076396637	0.415625876402813	1131
-0.000602652962205963	0.916319747204385	49
0.108645058281769	0.706025765146601	300
-0.0483657359167	0.68476224151728	1141
-0.052236298478098	0.781706483846688	1141
0.00325204289306202	0.76494029121821	1141
-0.086263386455813	0.389607921403803	1141
-0.118020277954627	0.549999560699433	1141
-0.042708749739035	0.678061022973353	83
0.076145680296475	0.169748498828741	83
-0.032656364084889	0.276141816923875	83
-0.066471765596092	2.40345468021598	331
0.044248952986692	1.33768558184206	331
0.066280295836743	1.40969943752541	851
0.123054903587591	1.25677550787315	851
0.123489579199837	0.779283075670072	556
0.021022235057363	0.439970517171406	132
0.014453588256005	1.163346642275	76
0.077979233327393	0.868363095009658	76
-0.029289601506954	1.78355921918817	76
0.115293008491678	1.54217297749638	76
-0.036994616374911	1.86403888143739	76
-0.010868920859411	0.528895031792934	64
0.069753624915932	0.726854815635563	513
0.085272136943661	0.666315495224485	249
-0.029355635130681	0.282087595479945	75
0.074909288855907	0.166210133580699	36
0.082873016816871	0.625538084501067	704
-0.0398595980024971	0.739808542247092	1141
0.00224965165644397	0.764805208062981	1141
-0.034496852379273	0.276988346480374	296
-0.02371954595117	0.549092051477839	270
0.081269487155043	0.165460001149643	83
0.028914459547199	1.64034298867687	331
-0.034907826539862	1.73941929318856	331
0.0370043272723331	0.842450800405348	640
0.011084670994263	1.49922575585742	851
-0.014376898045637	1.25714077176695	556
-0.057120958305106	1.03802707697284	76
0.00111480108485995	0.888005735550679	76
-0.124149369160184	0.934854650871661	76
0.102260341851602	1.23490609772242	76
-0.028619770039591	0.541822962471136	64
-0.120121453417081	1.0112172764329	48
0.021643099220597	0.733757237311549	48
0.054496030441242	1.27558327733416	180
0.117105877720546	0.985987164594683	230
0.093133555490872	0.728667823277736	230
-0.081333220336435	0.388468710375642	711
-0.029138423472299	0.270279860579087	249
0.070993588313846	0.166828725880842	75
0.111697597535399	0.415763621279902	36
0.070192908042651	0.504321836075061	300
-0.050043038388407	0.714167721581036	300
-0.019999313372827	0.554872862977799	1141
0.031776288686876	0.406579520318253	83
0.078392830986749	0.165523015099197	1058
0.077157673025093	0.168800521143936	1058
0.110718695550919	1.4051918009344	640
-0.033028144271836	1.63106859979411	851
0.070218908807659	0.720844418643262	248
-0.014993807168014	0.992581369947376	248
-0.039937657504415	0.622514033372969	248
0.086299579929332	0.664197176925371	248
0.114784279736205	0.831000407323081	76
-0.033340703249482	0.533343523156314	76
0.01380695174605	1.26418075264462	64
0.123194463966466	0.400747725382916	64
0.016583637686211	0.452443934839671	230
-0.034496852379273	0.276988346480374	976
-0.010277625157592	0.992414754844031	36
0.072423143677535	0.491488234176392	744
-0.052822608169422	0.828717548939522	744
-0.0413330681734591	0.849300698841054	704
0.07133630292253	0.505180520298555	1141
0.073504379858095	0.483262888102288	1141
0.076145680296475	0.169748498828741	396
0.070765485705499	0.166131661423598	83
0.081064491917399	1.19706761706179	331
0.01535062387425	1.4632755537976	331
0.11608655973515	1.25063679942576	640
0.071355712824317	1.04207010037712	851
0.034724025101761	0.56646397563081	248
-0.044857312866925	1.38689897966486	248
-0.00456387999739705	1.20220383953995	76
-0.065552305367473	1.39903504697703	76
0.000130288572155024	0.917271236136463	64
0.07441189645063	1.05192365840207	64
-0.00984819687008198	0.530107285419769	1459
0.098560245896378	0.742177142920562	48
-0.027876347091832	0.272697297364926	711
-0.08336938459779	0.391192629663899	249
0.079678820503484	0.33432855698565	341
-0.028400719510452	0.274228249401465	75
0.019743667112529	0.70521567597428	744
0.11719372944309	0.521774271012825	713
0.086948775927311	0.650394651726695	713
-0.111876440184421	0.48394729094543	704
-0.024798885080058	0.551640632091075	704
0.014205071858831	0.439092249150083	704
0.070270440696371	0.496130994214426	704
0.068307425482633	0.339371017394844	1079
0.026461696354964	0.442833100943604	1141
-0.091445091723495	0.381979534712328	1963
0.074855098231268	0.344984983078345	270
0.0697546120845099	0.167030672711168	83
-0.085666084028641	0.382220021390871	83
0.077381077022084	0.166429385708503	276
0.021511200356558	1.25308933769622	331
0.105034447743514	0.973709471642938	331
0.032982709597697	1.2042579293941	331
0.031863748348624	0.92549833558698	640
-0.119486194006538	1.52402287273599	640
-0.096691156858397	1.35495518393624	640
-0.0311790279284631	1.34711414905289	248
0.071889854066745	1.00230433317225	248
0.101743838674626	0.561133713832376	248
-0.122121658973752	1.05669360937028	76
0.06141209490236	0.77134892542015	76
-0.120790901140396	0.985201894009411	76
-0.11843964921183	1.11411911161744	76
-0.068249898327913	1.14871213244614	76
0.018829378564191	0.703260908564482	76
0.111086146646233	0.682569027876926	76
-0.0314131847314531	1.11349334012245	76
0.113306953903754	0.922275821097071	76
0.121376933889938	0.756658597237964	64
0.07557816706248	0.501622895844675	64
0.106446400532806	0.415334162304509	48
0.100619836486277	0.728578599477496	48
0.103177127211869	0.975169344976897	48
0.045314863482399	1.10316669516388	48
0.070761628786175	0.812716516949079	48
-0.015107848383189	1.12090485501664	48
0.0536074051893	1.03150822301295	146
0.0105725434182909	0.847135611088828	146
0.104990260219284	0.800029655649481	146
0.045700862682324	0.587978774214919	146
0.079337906985562	0.669522942507413	146
-0.069354415769694	1.17448103631516	1913
0.077564436193759	0.325314877996143	230
0.075686826133416	0.497407583659324	249
0.077157673025093	0.168800521143936	75
0.077067708496911	0.340120311873882	893
-0.0388476316791681	0.615268846845645	36
0.0670458028047301	0.511169195285942	36
0.04372717774968	0.581076276934335	49
-0.028673052445006	0.531448444498119	713
-0.049032987941372	0.696040495363485	713
0.073896222194751	0.346190308351415	300
0.122745454302593	0.392962811117508	704
-0.107422543697518	0.472827710011543	704
0.077381077022084	0.166429385708503	1963
-0.031482832131695	0.277681836483628	83
0.077157673025093	0.168800521143936	83
-0.088299265546341	0.394379082666042	83
-0.026703500126008	0.274193996389097	128
-0.0789073149963711	0.376002935933351	276
-0.0144743286601809	1.3639340582179	331
-0.021329916254034	1.05698727316986	331
-0.00461959556333702	0.924680304282941	2171
0.124576951085547	0.831550374488681	2171
-0.008814238364246	0.951070840187528	331
-0.0660592844199081	0.960252798968606	640
0.028317770717971	0.976409768171583	248
-0.0676939560547321	1.09185643346914	76
0.060897879033102	0.950637322067866	76
0.103108294351551	0.995074990052803	76
-0.103586057125634	1.38115195308633	76
0.113630441921714	0.949358678772701	76
0.076390943270796	0.991775927193761	76
-0.00105236220371296	0.919738253209428	76
0.037022294739017	0.913807115291676	76
-0.11449532756285	1.16316565342786	64
-0.059411840580972	0.831182927039531	64
0.034659483008994	0.928836086323674	48
-0.000240323609160042	1.24653574279993	48
-0.00819977653231696	1.19311417816179	48
-0.036978092238439	1.13888697882534	48
0.092067819470076	0.943409053243053	230
-0.055683409212453	0.96749590265887	75
0.068087224163887	0.506132431832524	744
-0.024798885080058	0.551640632091075	300
-0.0836013527253781	0.388701723023916	1141
-0.084650702205864	0.384024383856517	91
-0.01581577978223	0.541255744544627	563
-0.0836013527253781	0.388701723023916	128
0.078921097332443	0.794685231486537	331
0.053123203185366	0.582485827509092	640
-0.101891549882923	1.13149489595914	65
0.057260076983952	1.00641590732944	851
0.018993315211461	0.888971948268899	851
-0.083080272162206	1.31457292587645	132
-0.121620437505202	1.01056692506771	76
-0.00332270799879797	0.933782892591122	76
0.115504017840634	0.684899482643061	76
0.029174954591869	0.658908539316097	76
0.110734171696459	0.938203362231148	76
0.00925883676260497	0.73855720367989	76
0.038066098507638	0.642025107847845	48
-0.012610668748279	0.888043880926368	48
-0.025151751571678	0.956331283852026	48
0.073434782860661	0.859772085997538	146
0.07481260744665	0.340939042887183	146
0.079985239073169	0.490472891320483	230
-0.019931688877241	0.550600057589076	230
0.119992198271002	0.397001526918208	36
-0.112259882962266	0.498487565867178	36
0.018639159396564	0.448014726913662	713
-0.028400719510452	0.274228249401465	300
-0.107722098505722	0.489669707900607	83
-0.123810336282212	0.9527495542086	331
0.068799860937523	1.09431822962654	851
0.118740325202912	0.403841076288096	76
-0.110031183632138	1.16374119413507	297
-0.121039645144526	1.02009883542702	48
0.076770881094261	0.482445046017682	48
-0.045644242152071	0.800165046131556	48
0.049629525229243	0.570200523970317	146
0.090793403841459	0.58740840239813	146
0.073328563641513	0.344560638118064	230
0.073477825006118	0.509482890691173	230
0.077675625259588	0.485954825139883	618
0.0252571840857631	0.440447243715296	36
-0.078734473204241	0.385522944381258	75
0.115762139998249	0.402694500489471	1760
0.115080197808078	0.546845909137811	1760
-0.066299503470452	0.836159460365203	1760
-0.0835441261405751	0.38822229354008	49
0.069154114346249	0.66477729615265	49
0.026461696354964	0.442833100943604	49
0.072423143677535	0.491488234176392	114
-0.0295730373033	0.275541198273677	1141
0.07141227982775	0.347227267199811	91
0.068103040814704	0.502358334502392	83
0.058459920194576	0.773182296485876	95
0.00816941226274903	1.21074180297271	65
-0.056457132341328	0.883276728159351	248
0.062593089542983	0.732508502078557	248
0.043764504461118	0.816428322202445	76
0.00628411926277195	0.865047995086304	421
0.085062345568825	0.651089191210197	76
0.073582301559569	0.489482543277943	146
0.023396251230808	1.03148820304381	230
-0.121433379224976	0.577398501344366	618
0.109522755521771	0.418732715781664	618
-0.057654130302397	1.03334040415379	36
0.118853578902848	0.40810862531331	49
0.114555242094151	0.417744625712573	114
-0.078734473204241	0.385522944381258	1967
-0.08958468811815	0.389371433614832	1141
0.08205838081475	0.319208248099226	194
-0.051294823786296	0.777917023867424	331
-0.0587524427785	0.842418925627703	192
0.048827581402468	0.778879887913021	851
0.065352065720001	0.701196630949296	586
0.109298982778668	0.578132314129545	76
-0.02820531667941	1.09855212777066	76
0.020764795611555	0.634257298033028	76
-0.029271829175793	0.621056693303639	76
0.049549721962561	0.804605949596608	76
-0.0335784148909321	1.20851060427827	76
-0.123447112118618	0.891281896228008	48
0.081497233778058	1.10441905446623	48
0.121840122427324	0.509861517803695	146
-0.12149728040155	1.07374528646363	618
-0.051919445437599	0.762442221656515	618
0.050969584809832	0.583103638764514	36
-0.051432026918209	0.700553763911926	155
0.00901713723573405	0.446500101558242	155
-0.039908900179329	0.608557736751884	477
-0.087546909794152	0.381328090658342	713
0.027740992083258	0.594706098502545	49
-0.029355635130681	0.282087595479945	770
-0.030528117337411	0.283482675057376	49
0.014413998818556	0.447349661462547	114
0.075997613372089	0.342059532098635	568
-0.077630557808566	0.384384913562466	83
0.115758099622902	0.421649510026834	83
0.013243144616704	0.445015758521472	194
0.070192908042651	0.504321836075061	331
0.124046774692259	0.393867530567981	65
0.117822514697329	0.400396104389883	65
0.107039531196081	0.578423620006077	76
-0.060190043333357	0.836582098186246	421
0.114895439423541	0.406935987654275	76
-0.067844480298182	0.956708968127403	76
0.074814102265222	1.14432396324004	76
-0.021741354898745	0.547302700897805	76
-0.029254137214032	0.617727394885676	76
0.108439045223642	0.404268737446317	76
0.015286072324404	0.448415165141069	48
0.07496996282695	0.347321327501748	721
-0.03802491865547	0.277190544632893	75
-0.004070045929088	0.809616857071456	230
-0.038824390110354	0.699343699137169	618
0.01080369218424	0.784920159174272	36
0.113540442508164	0.405656402772962	36
-0.030310185694896	0.276351141311678	2298
-0.089406715263512	0.394276547493914	49
-0.028400719510452	0.274228249401465	49
0.077381077022084	0.166429385708503	114
0.074909288855907	0.166210133580699	114
0.069264904553162	0.347267086868549	114
-0.030528117337411	0.283482675057376	1141
-0.11990059651575	0.489878123916896	91
0.117823602104897	0.417853883223178	91
0.018034062962661	0.437010011092538	83
-0.048371562321077	0.799272909490005	95
-0.019205179528677	0.518641594766941	331
0.014205071858831	0.439092249150083	331
-0.066799544588839	1.04370640058985	192
0.070569691689066	0.896266997232113	65
0.0691556682742081	0.50395613485257	248
-0.031701484749436	0.281832608089541	76
-0.113007575872983	1.05837591658288	48
-0.059437332823952	0.76450929523637	48
0.072255440315213	0.345713929555499	48
0.076841920427332	0.3394493549601	75
0.067314438759852	0.85568021584454	230
-0.113329475505069	0.501353172597264	618
0.01853751162707	0.999213365472463	36
-0.01788171731892	0.944273761199175	36
0.070765485705499	0.166131661423598	49
-0.0789073149963711	0.376002935933351	114
-0.037810451137571	0.615578455673251	133
0.075921520823497	0.16531126164446	568
-0.036848011892644	0.282428325938181	91
-0.021009682736103	0.551591076498726	83
-0.077630557808566	0.384384913562466	83
0.071296913042553	0.349221048286534	83
-0.080903546160782	0.365054696620886	83
-0.036848011892644	0.282428325938181	194
-0.123670846039526	0.951801366632255	65
0.117952279424646	0.532186275860074	192
0.0895657497524	0.784682130859371	851
0.015784209010817	0.769457062920255	132
-0.06932994682565	0.997631726516082	76
-0.118664846171834	1.12461479939003	76
-0.101559800075326	1.62712401703547	76
0.0790996188747271	1.23612393628295	76
-0.116468111522473	1.81811612445216	48
-0.104381772139414	0.473717453560334	75
0.070222957072651	0.348081799725859	75
-0.116261903174876	1.0811771407817	230
0.056009449982818	0.787428235217566	618
-0.0423918201529751	0.713393751694729	618
0.019725672618118	0.451874257495643	36
0.041058082597943	0.594888036818998	477
-0.05919213820298	0.887280229636929	477
0.113815809505011	0.399659427738155	114
-0.085758028352004	0.374519668749886	133
0.045966779138315	0.596537032985015	2235
-0.028093694165772	0.266471761282373	133
-0.0275646160994401	0.553139157400284	83
-0.031482832131695	0.277681836483628	83
0.074855098231268	0.344984983078345	83
-0.025531537318646	0.272888008982412	194
-0.040827043538612	0.658182221161889	128
-0.064235281191281	0.955061143703877	95
0.044287276255694	0.871608074102629	76
-0.0239784532521961	0.975086704789194	76
-0.037150890241723	1.11281554517787	76
0.061554564967336	0.793312002160837	48
0.024426948769298	0.443760853843723	48
0.109472020017248	0.866172556502743	146
0.072388089538736	1.24647681495709	146
0.050785977622675	0.791899172537998	618
0.07786100739415	0.486607751593922	618
-0.012637351429714	0.541340212587347	36
-0.061439624886977	1.00126859156478	36
0.05410696141912	0.492434202027154	36
0.011066697622662	0.447569580667919	501
-0.029355635130681	0.282087595479945	1149
-0.091623868329253	0.381777746072923	568
-0.034496852379273	0.276988346480374	568
-0.031701484749436	0.281832608089541	194
0.069151631352837	0.516535201683014	194
-0.047063033483609	0.776204453042611	128
0.075921520823497	0.16531126164446	128
-0.100605174070693	1.03554093932215	627
-0.050374977306766	0.62854058106998	331
0.025026887234071	0.428617187154528	1630
0.00538521770201395	0.768980051351783	851
0.000810891777001999	0.836279630742661	248
0.110225298703251	0.579169112479308	248
0.06253602230745	0.707603443357896	132
0.036182647949804	0.945464298448252	132
-0.0450450217499751	0.857373945782359	76
-0.070315352060658	1.19873141230895	40
-0.051469716020082	0.869963882635834	76
-0.0430758831907569	0.632694749900525	76
-0.046831330743297	0.745454953760979	76
0.08885870395212	0.909244631625331	76
0.10354992203629	0.558982764303486	836
0.054964481375272	0.917388412205977	48
0.104947583910093	0.580402223705835	48
0.047397070552584	0.556442322571148	75
-0.000661582629002955	0.41451297678678	618
0.060354647950976	0.734983816789134	36
-0.0295730373033	0.275541198273677	501
-0.0210223759371581	0.551343892878155	1154
-0.08482584743781	0.3643852206492	49
-0.030528117337411	0.283482675057376	114
0.081269487155043	0.165460001149643	114
-0.0295730373033	0.275541198273677	133
-0.025747350511211	0.273683389104567	133
-0.082089624078219	0.377155918137622	83
0.024301395985132	0.444754750174851	194
0.076841920427332	0.3394493549601	1003
0.064857682353699	0.496241648809347	1630
-0.115488416265665	0.86209380682239	65
0.06087702329838	0.72533663299736	936
0.00821060084632097	0.77620718045846	248
-0.0835441261405751	0.38822229354008	76
0.109525648624112	0.405451503817879	76
-0.030310185694896	0.276351141311678	76
0.09116527130826	0.579706251441904	48
-0.124126329636895	0.889376535380606	48
0.075041004510403	0.334355188370513	48
0.049329994758672	0.56365948434507	48
0.093249647376999	0.594357019304485	877
0.069264904553162	0.347267086868549	1467
-0.11107756242638	0.475735184319352	36
0.07492678818387	0.34207322300258	477
0.076042970088203	0.34615123484214	954
0.070765485705499	0.166131661423598	167
0.0198527163297429	0.457767777640105	133
-0.031482832131695	0.277681836483628	133
-0.029355635130681	0.282087595479945	83
-0.030528117337411	0.283482675057376	194
0.054937688378877	1.49955650016564	359
0.099196606656037	0.607255029516525	331
-0.063726987701482	1.05548676361251	248
0.037547589961423	0.664220220548018	40
0.051594077520477	0.824858743907257	76
0.114849689002481	0.409440360374683	165
-0.057987842766121	0.704607923519542	48
-0.118234995222289	0.568327472002114	48
0.020804478251814	0.428105851824663	48
-0.023167794803904	0.546014481408247	48
0.022386929298219	1.03963821952241	48
-0.106406818567828	0.482318146503648	158
0.119714998128389	0.398502957130655	158
0.021022235057363	0.439970517171406	158
-0.055723492934196	0.841483571893988	877
0.107555775319255	0.675482199047579	877
0.077788734725128	0.497664695280199	877
0.113578570761861	0.419457249695376	75
-0.050339432513709	0.704300422161872	1467
-0.093865759145629	1.00032690475963	36
0.04369887134576	0.623762314861443	36
0.012995543182347	0.425094076267333	36
-0.016819308176898	0.558507296164874	2147
-0.029138423472299	0.270279860579087	1842
0.075921520823497	0.16531126164446	385
-0.03207771182455	0.272857221817593	167
0.07813707449365	0.335894417976725	167
0.070222957072651	0.348081799725859	133
0.070765485705499	0.166131661423598	636
-0.02192029236715	0.260246888839651	636
0.121254415750246	0.524911751045659	194
-0.031701484749436	0.281832608089541	194
0.103811218536404	0.685181654803514	293
0.075001548287427	0.847167324703575	248
-0.115938944445274	1.34926619781786	76
0.050969470696699	0.992797267875714	76
0.116166727622987	0.542729740893156	76
-0.049723025112944	0.931083760802951	165
-0.121027909942304	0.473181215966534	1156
-0.110232893168326	0.486942576120678	2024
-0.019663432480183	0.532736884818489	36
-0.085406930398281	0.380806850441593	49
0.0769547961132609	0.342838767998883	374
-0.0166560625887791	0.531957910365487	133
0.077067708496911	0.340120311873882	1127
-0.029138423472299	0.270279860579087	83
0.020937430206965	0.456646403929225	83
-0.08470545536327	0.388612217645368	9
0.056125733950486	0.562190143285659	194
0.05198204521665	0.490648850365998	194
-0.113216988776495	0.4970481830494	194
0.00749808282735198	0.900132071882824	295
0.086309211938298	0.956322787145575	76
0.099451778198138	0.987721689524876	76
-0.061255637465685	0.88262106460841	165
0.111481189675578	0.419511482495956	131
0.119827504394443	0.406466523578164	158
0.052102303780086	0.564160706745344	158
0.0276943108234971	0.420826294809833	75
0.021236726950149	0.722745865316798	36
0.023250334085701	0.714227882106207	36
0.097102709593762	0.593507363575789	36
-0.118375811981161	1.00448989317707	36
-0.030528117337411	0.283482675057376	311
0.077157673025093	0.168800521143936	374
-0.0822639607783881	0.390032438602284	1842
-0.090336541400709	0.385112110649835	133
-0.119236514877269	0.542772948566201	1127
-0.02371954595117	0.549092051477839	83
0.08181786803672	0.328434096900563	83
0.023191201132211	0.714122527212017	79
0.078452631349292	0.66519620802014	79
0.054405995905029	0.765229420073039	52
0.113608002832121	0.673330498506924	76
-0.00359918642920898	0.886575863040371	76
0.00180218789342901	0.824786993851887	76
0.0274365487521639	0.702658636257512	48
-0.10977847702649	0.50021675997031	311
-0.0295730373033	0.275541198273677	49
-0.0858103118725751	0.385349997858446	277
-0.025531537318646	0.272888008982412	255
-0.037071495645432	0.269827068934049	647
-0.058070814444976	0.943928546680726	65
0.096793491445773	0.607394921556916	79
-0.07273629532207	1.06614021424744	248
0.110524389991877	0.789830006983592	248
-0.124326916192266	1.35854580534916	40
0.120955783297269	0.672042210422939	76
0.038556159144319	0.848802313572116	76
0.110131266360091	0.808693164233527	48
-0.118460742707263	0.998418697790454	86
-0.054411621083643	0.818407339748258	131
0.086939581420065	0.641795822523532	131
-0.027485677443453	0.540298900492886	1
0.050200642611594	0.57677246652205	36
-0.049140071983502	0.703416193052354	477
0.073582301559569	0.489482543277943	75
-0.0822639607783881	0.390032438602284	954
0.04779241872809	0.592188166923353	766
-0.096459377456785	0.372603855477563	766
0.026485270773394	0.4265432970317	374
-0.079839134718963	0.384159360430658	975
-0.07559660754247	0.372400631322103	1458
-0.03207771182455	0.272857221817593	70
-0.037800939812896	0.276768500877037	647
0.062316281050918	0.921177043532707	65
0.102432285416167	1.0470891228017	65
0.0209075524100401	0.705686727258222	79
-0.034443381370449	0.612904136075417	248
0.034740467237764	0.644447326996795	248
-0.053665640672019	0.854401676760122	76
0.107338391255124	0.413624740761688	76
0.00392304135923904	0.823303597344971	297
-0.035681234147118	0.642585213196458	297
-0.00617130682258404	0.940846865625237	131
0.013896032501775	0.961327813116156	158
0.075393858211423	0.679708278276708	131
-0.11432612668739	0.488793444717486	1190
-0.110963463650275	0.495058315535301	75
-0.106657027390882	0.485956022639569	49
0.081594324552388	0.339656972060791	133
-0.084561667980414	0.382289211881001	133
-0.08958468811815	0.389371433614832	32
-0.0382025416965131	0.265874469086155	975
-0.0354493733189351	0.271601399611818	70
-0.087192565731701	0.391157775207714	647
0.069295472532346	0.338582227231412	647
-0.049141914698528	0.768070723759474	79
0.020033981882473	0.720841381527245	79
-0.0540468846398811	0.842110039943201	79
0.120798312360854	0.540073545537298	79
0.080410976110224	0.663148483001327	424
0.095585549487652	0.862172033009255	248
-0.017451357219759	0.547188630195782	165
0.084806309696246	0.864339285261995	48
0.068476239488523	0.712161016838814	48
-0.032554139479103	1.11759698755599	48
0.045288698267118	0.92023274049531	131
-0.028256362277963	0.259696222232136	1
-0.028400719510452	0.274228249401465	36
0.118927386335138	0.529589531925469	1
0.102430509959597	0.591299485465529	75
0.021146743210809	0.441756076651499	49
-0.0835441261405751	0.38822229354008	1517
-0.032656364084889	0.276141816923875	939
0.025381932772471	0.444842184919891	414
0.078392830986749	0.165523015099197	566
0.078494515728879	0.338969030253366	1458
0.070765485705499	0.166131661423598	647
-0.030528117337411	0.283482675057376	647
0.0382348860873321	0.626732176768056	293
-0.055273929021527	0.935839208375717	248
0.086647894780611	0.921202055913574	248
0.02316527931282	0.685682582734506	297
-0.046618910523557	0.765792084593512	48
0.022081433635083	0.716764781947257	48
0.115255309703753	1.02193194616894	48
0.105847237757255	0.723864558468708	1132
-0.092988829901002	0.364671656189931	1
-0.030528117337411	0.283482675057376	1
0.019434937462921	0.765118956954545	1
-0.05181131145967	0.759795644824295	1
0.013328008976364	0.440559830321931	133
0.072004219801236	0.165930077019106	566
-0.030177834863215	0.538399428062439	1458
-0.028184036827746	0.275670569334874	79
-0.034847798907653	1.22178549434404	624
-0.023167587121968	1.10930254974737	624
0.076674785816369	0.474645119447811	624
0.011160196583749	0.699458044310316	248
0.035739704677881	0.655182558870331	248
0.077313880419528	0.780279077516353	248
-0.017902557829904	0.982229692273782	52
-0.09276243795137	1.52584649667712	76
-0.105545149834221	1.54007842371427	834
-0.011560967951428	0.540359124363114	48
0.106588032714849	0.786427610517219	165
-0.053456605317502	0.683684494349529	48
0.054909638811793	1.12410319310573	165
0.00153899636746102	0.814100788723301	1132
0.052924038052405	0.919993117185236	1132
0.113762261277213	0.413629873448961	1
-0.081395405114546	0.376537045082735	1
0.071260671067466	0.502150867807326	1
0.077157673025093	0.168800521143936	1
0.12478001979002	0.653776435845975	1
-0.039911046802298	0.633539944095267	1
0.077067708496911	0.340120311873882	195
-0.016765021535777	0.559786548096701	195
0.0670458028047301	0.511169195285942	195
0.073475291650169	0.49068619393785	277
-0.104743896091954	0.466775908089471	133
-0.10977847702649	0.50021675997031	133
0.066707335824436	0.340257140873682	239
0.070765485705499	0.166131661423598	239
0.081269487155043	0.165460001149643	70
-0.030682175352286	0.268296845191221	70
0.08250386886234	0.162323196156365	647
-0.039904463374581	1.9322964348823	65
0.037747613697063	1.52025308267527	65
0.119825603176751	0.54195655492918	79
0.11547648084893	0.530247808723508	79
-0.124912893993691	1.25755690300965	624
0.030215119155531	0.643834009899561	248
0.075088157752885	0.670614106247381	15
0.000639480859321973	0.841965731919431	52
-0.121652911369621	0.989714725397864	52
0.121623447046052	1.09200888890334	76
0.07481638807344	1.03597709972127	76
0.049059162949698	0.584362670746691	1266
0.046845223578297	1.26374757747179	48
-0.049373817120303	1.72070953602904	165
0.121777812306676	0.389020164010574	1
-0.094280847470311	0.359674729489436	495
-0.0836013527253781	0.388701723023916	1
0.09717310801131	0.583699504480054	1
-0.059716429837285	0.893555920771436	1
-0.032469630914722	1.05621670523225	1
-0.019943372489956	0.555552709107032	133
-0.115095199253793	0.545294884542686	474
0.077157673025093	0.168800521143936	239
-0.039059865891597	1.2134135019074	79
0.070861652265821	0.644761975021224	79
-0.044895401100907	0.709155954664912	79
0.061711274423137	0.716380109918328	79
0.089067777045107	1.03007043065519	248
0.041807757163621	1.06150219275187	52
0.1214877453844	0.900008354127695	834
0.000644189613340007	1.57490720064638	834
0.071323772425342	0.509516596789486	165
-0.0105375917899611	0.524612667193009	165
-0.030939950148633	1.56500404953456	1132
0.116161456296796	0.966510089762942	131
-0.025531537318646	0.272888008982412	1
0.067666559207495	0.337014012811008	2271
-0.057789424999157	0.781757349528225	1
0.112562372894749	0.412320186225577	195
0.124341665118947	0.508461379957089	195
-0.12086102417148	0.945232500362905	195
0.109725585268468	0.69984142129486	1
-0.030365542695754	0.991048405354069	1
-0.114286436164967	0.499890216401727	1
0.017680948117088	0.452432262677092	239
-0.034496852379273	0.276988346480374	647
-0.049516130096668	1.61868521656653	65
0.050489879963512	1.08138517598057	65
-0.114443532695356	1.25866472295731	65
0.064613995945527	0.72832487433494	65
0.070038854195516	0.665038687126136	79
-0.124890327615577	0.850308367080381	79
0.04606831212855	0.807447991766289	248
-0.120580182799891	1.01921009907829	248
0.100913965248159	0.752901811686951	248
-0.061820396297061	1.32888286852579	834
-0.038151964815207	0.980854973285863	834
0.070963321375596	0.661723948190771	834
0.071960929766318	0.712489985675202	834
0.116791633534994	0.543621228461083	494
-0.00314367664480997	1.23335160116687	48
0.00762894706496897	0.826398672127657	165
0.071010020259257	0.722272663879676	131
0.066333844760098	0.731962505063983	131
0.10990646796493	1.17582866316738	47
-0.123884112311407	0.928496161697342	1132
-0.00876279066365904	0.527756068120133	2271
-0.085157783874434	0.380411081038441	133
-0.043191605791412	0.270844336864799	474
-0.117867575608449	0.489739912457517	474
-0.088299265546341	0.394379082666042	4
-0.071000039170531	1.31446064805298	65
-0.110203361708074	1.09359447115224	65
0.09098755413593	0.649649270323848	132
0.0565824876711	0.780350152924312	132
-0.075160175920203	1.10059263383396	430
-0.013809405904768	1.02894604588149	430
0.082138380730103	0.813256398980345	76
0.046725897762974	1.09284942542088	76
0.110099916566891	0.585177485889769	494
0.044962982200177	0.597446705485793	165
0.0395815384827231	0.892398336786088	165
0.087424269405147	0.932852104011088	48
0.10917359258077	0.585879555682196	48
0.115038526513054	0.805871225364888	165
0.111552664239956	0.985874941580913	165
-0.118937216632729	1.27901693193224	131
-0.089228742551723	0.3851854650328	2271
-0.080402424253615	0.377227512437434	1667
0.106332988690455	0.414089710321817	195
-0.032523420268386	0.61541386824264	277
-0.104095180202118	0.460908407975941	133
0.081706079807492	0.33890626588125	4
0.074909288855907	0.166210133580699	474
-0.0843004126611801	0.382110335283478	70
0.115634671115206	1.13474937010704	65
0.019896220598614	0.735299394492116	79
0.018767222637451	0.456396658918411	65
0.122237392332124	0.538519193060499	79
0.032500675516653	0.654742589297901	132
0.024154725507936	0.910627804795167	52
0.0482518342206451	0.878955185150428	52
0.100365404664775	0.732135598660807	52
0.041775139889321	0.58282698432581	430
0.011894956495954	1.04672105595114	76
0.0784756676714889	1.00929522608473	834
0.0460507708694951	0.59482151701669	834
0.12006109054787	0.539582780664552	834
0.043966973143935	0.761255904946209	165
-0.103314214175679	0.475020270763937	494
0.121518350283728	0.638175828505955	86
0.006867774532472	0.930192837109879	165
0.052047536689758	0.965383214201586	47
0.012035452003907	0.718917320097749	47
-0.030746239989966	0.274031811030507	1667
0.069264904553162	0.347267086868549	1
-0.060395337386952	0.893940438012882	195
-0.037083401732501	0.686202751382569	1
0.030421099815571	0.682695184334061	1
0.077381077022084	0.166429385708503	1
0.113701978293518	0.400349556770799	277
-0.118941705988469	0.491246102592218	133
0.075921520823497	0.16531126164446	4
0.077381077022084	0.166429385708503	4
-0.031482832131695	0.277681836483628	22
0.077157673025093	0.168800521143936	1491
0.080034112778644	0.162136715873052	1491
0.088062705355117	0.913937236192371	65
-0.052586125336195	1.02375799752803	110
0.095582922440955	0.601946552858306	132
-0.060445514708832	1.14724022224358	52
-0.068096437400171	1.49805898396063	526
0.021022235057363	0.439970517171406	165
0.00908155134043698	0.760046925266894	48
-0.089406715263512	0.394276547493914	1
0.098735779764017	0.574920868173384	1
-0.046402189802962	0.698908053906512	495
-0.109742845264302	0.489363357335944	495
-0.0355585204943361	0.638286700820809	495
0.104260305009894	0.410802321406904	75
-0.046584765684957	0.695629592300012	1
0.121699203347698	0.737891688561992	1
-0.114971592175927	1.11730442777329	1
0.037615108028753	0.878870384305466	1
-0.056074400467839	0.751733319671296	277
0.0195579124355	0.697312811410466	133
0.113929564512162	0.390621137799983	133
-0.123487699758568	0.592019074410999	133
0.077381077022084	0.166429385708503	1081
0.081269487155043	0.165460001149643	4
0.077157673025093	0.168800521143936	726
-0.03383078285931	0.270260664886143	236
0.0739504838901181	1.31918912326019	65
0.028901601202125	1.11868731574106	65
0.03579589480767	0.620326932060077	65
0.01539117528881	0.922485733858178	110
0.00995316654197498	0.760452531597974	15
0.036696827499345	0.65106223427371	52
-0.01658093398662	0.991375931583107	76
0.0745656445985931	0.481658507391323	1010
0.103250567003701	1.01220003315	165
0.109950069823193	0.934146356273927	131
-0.024798885080058	0.551640632091075	495
-0.106680223619852	0.489176549571755	495
0.081594324552388	0.339656972060791	1
0.049655103355176	0.563754130189583	147
-0.081159284688977	0.385952765008185	1
-0.037071495645432	0.269827068934049	1
-0.051967327934512	0.759258671365255	1
0.020511759876906	0.728290444151731	278
0.014796780074976	0.439033004447921	277
0.013713841531712	0.440079572901174	133
0.07028733172893	0.511516823729715	133
0.070765485705499	0.166131661423598	82
0.015499208050594	0.451144122551432	82
0.104900043704166	0.97142308214628	65
0.100574226300957	0.927467532420412	65
0.00677488454911901	0.825595164530061	117
0.121173422864484	0.992566226904897	52
-0.05249244274516	0.835513307655376	76
-0.051000008101047	1.46464352616937	165
0.0370445387239901	0.832694500365608	165
0.018767222637451	0.456396658918411	495
-0.020954499837242	0.550653766334788	303
0.018626229204048	0.445131915113796	1
0.081269487155043	0.165460001149643	1943
-0.039381216896012	0.262763253071042	235
0.070222957072651	0.348081799725859	1
0.073970083194877	0.334391269245761	1
0.064866512254927	0.832028680248909	1
-0.090514915863416	0.390909543633425	830
0.122626660653711	0.528370343022054	278
0.122598360290927	0.512383133820338	277
-0.020318809537324	0.528228913731614	82
-0.030528117337411	0.283482675057376	236
-0.102535353464933	1.29624742469335	65
0.0615358051963471	0.859285984735805	110
0.084888653303226	1.10015568176274	624
0.037205905373238	0.651080358972767	88
0.082620664255763	0.662925308668631	15
-0.0592067321829191	0.927329608011867	15
0.0565920870497541	1.13803269210762	165
0.053444734210419	0.781645007497766	115
0.074772574975385	0.891467712319109	165
0.012274076751414	0.448792027063746	1943
0.02322008499158	0.442589304525585	1943
0.014205071858831	0.439092249150083	235
-0.117435538341508	0.478533621473002	1
-0.02269420582727	0.544720745853945	830
0.044274626589375	0.597612928872738	277
0.118515758020508	0.538276233587346	381
-0.032656364084889	0.276141816923875	1491
-0.036624714472418	0.276789114146224	236
0.08181786803672	0.328434096900563	110
0.051151613738845	0.762300945091893	110
0.107724026424255	0.813394481688702	15
-0.108118730034131	1.43132134456498	52
-0.043277367828511	0.706474047095811	165
0.124983477469343	1.00953203409724	165
0.0121553132266879	0.447646027239523	131
0.06810218361334	0.501712529061911	303
0.022980529317106	0.44841116770216	1
-0.049825913062469	0.774130487950528	1943
0.00139258187761104	0.779540610002856	1
-0.04832104433117	0.825726757239913	1
0.123034738093314	0.68402511544688	1
-0.049153874463806	0.806391522686914	278
0.108430954143725	0.411056490705001	830
-0.113605115308671	0.984210168415749	830
0.098746045293303	0.579166527883362	277
0.073567342248865	0.494626183707268	277
0.118966751981765	0.406666727932103	133
-0.019298055573969	0.532780650471015	381
0.07048841470171	0.329646500595221	4
0.065630887053127	0.340317069163985	1491
0.117123484747595	0.916097832139678	65
0.115870671989958	0.417095637420161	65
0.051972293454308	0.581191043153791	52
-0.0219005959398481	1.02050345502671	165
0.010106301095431	0.449286105150498	422
0.100945973284481	1.30980379301174	86
0.069755709388213	1.25069191721713	165
0.079735005940814	0.652889032041475	47
0.033542318382037	1.20559073605986	131
0.034146571488829	0.65488363635892	1
0.014338147713551	0.711812227626625	1
0.046654348146481	1.06631297371559	1
0.013493750631705	0.807840672994033	278
0.08567088069116	0.656985583831623	277
0.026488536512781	0.410157193162854	133
0.072370135073853	0.348048430042104	4
0.076145680296475	0.169748498828741	1491
-0.085006367926305	1.68615683962654	65
0.062224750406905	1.06958216419791	65
0.112507844918618	0.568305894025107	65
-0.08913766324538	1.55047975246208	88
-0.042661781504803	0.871178174555819	15
-0.008146821183591	0.993155279204696	15
0.050616778017056	0.826656227448862	15
-0.109600679493301	1.18824104802134	15
0.118117584802795	0.695119550500484	52
-0.039401621212329	0.771885331985379	52
0.110615962518757	0.538739024648789	165
-0.057698362762305	0.762848858016254	422
-0.123884112311407	0.928496161697342	165
0.112556249261989	1.08638801749224	364
-0.086915923243891	0.376479354369128	1
0.0769547961132609	0.342838767998883	1
0.115513795178261	0.678125183624678	1
0.089117805843329	0.594418881967571	278
0.081269487155043	0.165460001149643	4
0.0770016480275551	0.344940815415454	4
0.013489903177933	2.33893454973092	65
-0.0467943791362701	0.874462893487795	15
0.063219764435007	1.12415930759028	15
0.00849857874700399	1.06571355877235	52
0.120893507297993	0.408577696397229	422
-0.01998623003161	0.547130095686378	422
0.120851938099344	0.752670629808198	165
0.056978877420658	1.35706241309624	131
-0.039861651459749	0.609789023825675	1
0.112785713768979	0.413770731873932	381
0.08480122631045	0.324701077274916	381
-0.029138423472299	0.270279860579087	4
0.0697546120845099	0.167030672711168	82
0.014195370489498	0.445602681123871	2294
-0.0873697373714551	0.392804477121824	82
0.069914270030479	1.01825659016794	65
0.053443224001438	1.00205368901983	65
-0.050768843305123	0.767919686244772	52
0.0136632683708871	1.16317378617767	422
0.031811277285042	1.16391351345513	165
0.069365568986584	1.18312440283699	165
-0.103290042605412	1.15195245934539	165
-0.098585134743899	0.461536947278545	1
-0.0789073149963711	0.376002935933351	328
0.067666559207495	0.337014012811008	1
0.076841920427332	0.3394493549601	1
0.072004219801236	0.165930077019106	948
-0.086263386455813	0.389607921403803	82
0.077157673025093	0.168800521143936	82
-0.089406715263512	0.394276547493914	866
0.12182263607699	0.927090905000673	65
0.07496996282695	0.347321327501748	110
-0.104636441481573	0.474222117664131	110
-0.105985691398275	1.22954883762801	11
0.108183733248553	0.929401680395358	76
-0.049390450897089	0.635673393079992	52
0.039963598032623	1.23519678045324	165
-0.11631255422877	0.487197246920123	422
0.097956383765836	0.594889993328285	165
0.111150162778754	0.66807202098389	47
-0.110696876465415	0.477427246892826	364
-0.0778030006353751	0.377272534132	1
-0.031482832131695	0.277681836483628	604
-0.079839134718963	0.384159360430658	604
0.099535857875348	0.981507833996731	831
0.044974408778009	0.803837327150843	413
-0.107308131826564	0.468915252255228	381
-0.02192029236715	0.260246888839651	381
0.069295472532346	0.338582227231412	948
-0.030310185694896	0.276351141311678	948
-0.035671990233783	0.282466476181238	82
0.074909288855907	0.166210133580699	82
-0.026920082272221	0.272192019538872	82
-0.020954499837242	0.550653766334788	82
0.076145680296475	0.169748498828741	82
-0.062610028409936	1.43623666038625	65
0.088044564875826	0.95574666714571	65
0.076841920427332	0.3394493549601	110
0.0247015845397131	0.719256504945193	110
-0.017310129841949	1.11336460807584	52
0.064589709147581	0.851268330799966	76
0.056553613619593	1.41232042139547	165
0.019541758233397	1.53434167628248	47
0.024194394995297	0.439623631290446	364
-0.093136365654811	0.380166594450163	328
-0.046240030563825	0.254887562083841	1
0.00861622085057901	0.712357264373895	1
0.116992785411626	0.666698792000599	1
0.015752565596698	0.45031439585962	1
-0.047243340028435	0.743693409841826	413
0.019018465091044	0.958495199325298	1160
-0.123141880595881	0.952713272942774	61
-0.054284315526498	0.745277179186956	82
0.077157673025093	0.168800521143936	569
0.032000395135093	1.23874147080135	65
0.055620171069086	0.959233336844625	110
0.099831224820427	1.20958454231534	88
0.098534692689047	0.823741894291502	15
0.069819453627198	1.13691543954723	52
-0.055704794988215	0.97616811859791	76
-0.036888083325702	0.801023907055054	76
0.042414276299503	0.900878070543987	52
-0.057211284565867	1.55985161973164	422
-0.055737319153361	0.937072152743991	165
0.122974483484678	0.400984749555281	364
-0.031094878654467	0.706960384508233	364
0.123194463966466	0.400747725382916	1
0.071863340330975	0.336045439286088	1
0.04365440760363	1.09231137344814	1
0.050156129294717	0.827837959254084	61
0.122023721209661	0.66370824883468	133
-0.023737791739178	0.556927276911966	133
0.068195522780388	0.481942681437806	1294
0.076110566744647	0.16275582084051	188
0.076145680296475	0.169748498828741	188
-0.081507157762875	0.378321297489569	188
-0.0520267575983	0.758065486005062	110
-0.06021243869838	0.931252415340689	11
-0.059584997562564	1.13703820699361	88
-0.074777382751862	1.29562941353215	15
-0.044593291449309	0.787989690389618	76
-0.076605014349293	1.34547367794719	422
0.077788734725128	0.497664695280199	422
0.089661216439439	0.790013918905073	47
-0.039849521867157	0.650831642868807	364
-0.054458414536977	0.88765792078447	364
-0.069210060030825	0.872151603000416	1
0.064233176568065	0.991682413526526	1
-0.047191525965716	0.667219440231248	1
0.090960622294878	1.16089856392723	1
0.095772564112268	0.726662892412036	413
0.114599835660827	0.672258954700306	413
0.071181583216789	0.344611922446354	133
0.0697546120845099	0.167030672711168	82
-0.015956261975104	1.03931643879875	65
0.109531919094171	0.404248694194805	1193
0.00813682923336801	0.758325832316494	53
0.01844264619976	0.738745759889185	15
-0.034720783662175	1.22632671224287	52
-0.024427629296997	1.11959982017278	76
0.065980271419637	0.708531106558537	52
0.099990402553773	0.99102510552739	425
0.024608010335707	0.928001127043325	392
0.0927339230583259	0.59985243204874	422
0.022146168873011	0.444827839585525	422
0.00792718745838406	0.440563691742608	165
0.121764015318959	1.10030883647434	165
0.111593959636739	0.420083466479396	404
0.072821747248733	0.342524016662463	404
-0.026703500126008	0.274193996389097	1
0.119939931083813	0.408980313983815	1
0.0972120957859131	0.994357276986387	1
-0.082438299176642	0.389621996869386	1
-0.052103796540099	0.701941376464012	1
0.122259381293287	0.738813202352214	1
0.121427444846672	0.540939778697215	133
-0.027876347091832	0.272697297364926	1294
0.078392830986749	0.165523015099197	1294
-0.104271245022869	0.4877522864373	1294
0.07487262006269	0.162956142560546	82
-0.030310185694896	0.276351141311678	866
0.108313322235039	1.47075211048635	65
-0.119688835304836	1.06632211974631	88
0.119262603508902	0.787088957198551	15
-0.00483751177156599	0.889585734947495	52
0.025196494311894	0.975241539306176	76
-0.010085826970724	0.936221851629737	52
0.086377750387588	0.827196258103019	392
0.085236551095905	1.42765332697284	165
-0.118127597072007	0.566739606971971	404
-0.032875738670886	0.275588314838464	1
-0.02060823590635	0.558608069662059	1
0.026257294396033	0.650514372127174	133
0.023577962252069	0.646116624733996	133
0.06659021165297	0.337081217810744	133
-0.081159284688977	0.385952765008185	133
0.114645947030826	0.409219530910538	1294
-0.102030085345203	0.477668317446819	4
-0.035671990233783	0.282466476181238	82
-0.056858309525899	0.770664122139027	82
-0.106548068533083	0.477731871938817	110
-0.12108728982456	0.867911175779983	110
0.098009563550566	0.61011569924355	110
0.020251631980994	0.904063840242885	52
0.083765902581518	1.48423161356985	52
0.023800777822791	1.239602705772	425
-0.036710238435972	1.1250840979097	1553
-0.044114601596147	0.628539576163899	212
0.015517609074323	0.426243160796945	1337
0.071107635400845	0.922721835512373	1
-0.107797073530137	1.08414170015396	1
-0.0473147363109771	0.85106840201469	413
0.012183078128124	0.780509460430055	61
-0.00352652874711301	0.506526516512843	133
-0.021976866427493	0.54566383167943	1294
0.070993588313846	0.166828725880842	5
0.076145680296475	0.169748498828741	82
-0.029355635130681	0.282087595479945	82
0.11726588345292	0.53364518012413	65
0.114645947030826	0.409219530910538	110
-0.047997003285298	0.86103850772776	110
-0.065687248498438	1.06441700383951	110
-0.113769054705945	1.11311804991351	15
0.112234259810794	0.809505255939328	117
0.093261964552103	0.601465883633848	52
0.000988677771691981	0.763573664957677	52
0.022146168873011	0.444827839585525	425
-0.114399822346735	0.501138447548834	404
0.016853464500551	0.444758926428846	404
-0.030528117337411	0.283482675057376	1
-0.055361460190384	0.890968537991095	35
0.0976212424996	0.611728695614045	133
-0.111921315624224	0.496733902139706	1294
-0.029355635130681	0.282087595479945	393
0.121999596915097	0.406456899863634	82
0.078392830986749	0.165523015099197	82
0.120753080244707	0.783740010465541	15
0.110108931752534	0.684136376190209	15
-0.113548301804099	1.43303901966274	52
0.00944496644250703	1.56493444227292	76
0.070226468184916	0.502862644748146	425
0.111051472891149	0.808808811654564	165
-0.0358189760280609	2.02405219273519	165
0.091000066814091	0.876766865277261	131
-0.124461977767083	0.590357723652259	364
0.103857399489888	0.597637719401707	364
-0.077630557808566	0.384384913562466	1
0.07481260744665	0.340939042887183	1
0.055876593581822	0.558615226220693	96
0.074909288855907	0.166210133580699	96
-0.047687020567838	0.72377282636461	336
0.091114060293834	0.638813662196099	133
-0.056580834162593	0.946450703396369	133
0.046480656545885	0.831962829875885	133
0.048246608781007	0.564439471024578	278
0.079032971157494	0.332785226583812	1294
0.108517688708935	0.414109891788776	1294
0.107425720148238	0.415207149094124	31
0.01994198957717	0.437900908789584	31
0.071296913042553	0.349221048286534	393
0.076145680296475	0.169748498828741	393
-0.025747350511211	0.273683389104567	393
0.027036034336667	0.702069668719121	393
0.076145680296475	0.169748498828741	82
0.081269487155043	0.165460001149643	82
-0.030528117337411	0.283482675057376	82
0.100084620436998	1.57485459275927	65
-0.052154430206199	0.714515274120023	110
0.034153182089093	0.80872122879534	15
-0.023165276627481	1.03229619048509	15
0.113157379944791	0.881360895249702	15
0.0115575439658711	0.973020881785994	425
-0.124639477877332	0.855403065598904	1826
0.076145680296475	0.169748498828741	96
0.091873148020671	0.705065539252337	96
-0.070429715357582	1.40297195352213	1
0.109212466034059	0.965289431555832	1
-0.029065501293482	1.20872542949593	61
0.028871205659479	0.651234161916549	278
0.028852319273577	0.643919642479314	61
0.070222957072651	0.348081799725859	1294
-0.03185665318631	0.273371441525479	393
-0.086440159413829	0.381392456363752	393
0.074909288855907	0.166210133580699	393
0.08250386886234	0.162323196156365	82
0.077462880351345	1.33105894217205	65
-0.00510159192809101	1.33856232983485	15
-0.00218766047624996	0.985891778555925	165
-0.0873697373714551	0.392804477121824	1219
0.077422533174317	0.334849794634915	1
0.086440324543152	1.30623642222536	1
-0.120945031114351	0.982922961475666	61
-0.090595354186227	0.374950279812834	31
0.0308897939354	0.568938808531416	31
0.076110566744647	0.16275582084051	82
-0.026703500126008	0.274193996389097	82
-0.020554701469958	0.558211965989375	52
-0.00748958258874799	0.942794786779693	52
0.045287705602855	1.53605513534291	52
0.0396550938535371	0.568264741492319	425
-0.031757446625774	0.544356604012891	425
0.072324880769349	0.507696342050097	1219
0.070222957072651	0.348081799725859	1219
0.021674476669544	0.422596670371706	404
0.071296913042553	0.349221048286534	404
0.069295472532346	0.338582227231412	1
-0.030528117337411	0.283482675057376	96
0.116869033665569	0.531765810561276	1
0.054958630674066	0.78969204955194	61
0.01548177638181	0.77700743234203	278
0.073567342248865	0.494626183707268	61
0.104135609540317	0.590112747457972	31
0.105362861620176	0.403944818355876	31
0.015752565596698	0.45031439585962	393
-0.088299265546341	0.394379082666042	110
-0.059046108475619	1.18422990029644	110
0.030908423438579	0.657071670780065	110
-0.11539294250147	1.02943419428231	117
0.087069629185746	1.0181476579481	15
0.098114008556878	1.26914094347731	52
-0.059366938532609	0.919487378295043	52
0.057613450381259	1.12534248941034	165
-0.026703500126008	0.274193996389097	96
-0.030528117337411	0.283482675057376	96
-0.044143464215317	0.26588960661871	96
0.045507859412174	0.832240336215006	1350
0.0770016480275551	0.344940815415454	1
0.121906745764146	1.02135621360794	1
-0.020899186218168	0.542162734783341	336
-0.048471164124681	0.704718747479058	336
0.047185927845951	0.84958555613793	61
0.037092961118892	0.576472410057117	31
-0.115470924463414	0.497875507793625	31
0.079483166930452	0.323706687169646	31
0.070993588313846	0.166828725880842	31
0.113132166132466	0.541926873971987	393
0.078392830986749	0.165523015099197	82
0.105178562233535	0.583038737981511	863
-0.120478311148598	0.85600731434775	110
0.00547445561094995	0.786922816541195	110
0.015090897612421	1.05284003395714	110
0.017553033149985	0.770030051260742	110
0.072407057135741	0.508215844684826	506
-0.048308684574413	0.690349907457799	506
0.062004107628635	1.25389746883876	15
-0.035713000573407	0.615403932272503	165
0.101050267887994	0.598780781435397	47
-0.0822639607783881	0.390032438602284	1
-0.089228742551723	0.3851854650328	404
-0.018745945313051	0.52607287324651	1
-0.017143728088416	0.535284769926031	1
-0.030310185694896	0.276351141311678	96
0.082664019746805	0.337722104319698	96
0.05038545939179	0.824173785852191	96
0.029610991943785	0.876475194772936	336
-0.061348826016957	0.940031052974855	61
-0.124676240315586	0.465765042556136	31
0.072004219801236	0.165930077019106	393
0.069151631352837	0.516535201683014	393
0.070192908042651	0.504321836075061	41
-0.036848011892644	0.282428325938181	41
-0.012530346573686	0.54092017086143	110
0.082101825402819	0.487632856916071	15
0.108096961818167	1.32374205715035	425
-0.011933311765754	0.541467766961702	165
0.035966667594869	1.68561961729219	47
0.014091342681167	1.76436394548683	47
-0.0330320135348779	0.273358018332438	1
-0.08336938459779	0.391192629663899	1
0.042687706020176	0.583526797907153	1
-0.082438299176642	0.389621996869386	415
0.048125653286755	0.827901895064341	278
-0.030528117337411	0.283482675057376	31
0.109633141709838	0.412273953804967	393
-0.11661293909647	0.940671909029032	393
0.078392830986749	0.165523015099197	325
0.087044222052301	1.21787324007066	366
-0.106088941511604	1.219841202301	15
-0.052289546252817	2.14289631243231	454
-0.05014010409501	0.733595105878197	408
-0.102138672412924	0.482999497998018	1
0.064672135356748	0.339571878091837	1
-0.020749093954917	0.259070903794231	263
0.076145680296475	0.169748498828741	263
-0.063135025493176	1.23309135210013	684
-0.057900932210919	1.29815739617582	72
0.09295901431266	0.612659653826979	1
-0.114856516578863	1.06065300293174	278
-0.031482832131695	0.277681836483628	31
-0.045041073293659	0.714097974471905	31
0.067763862380036	0.725624984509665	393
0.0760849115454521	1.13190252278051	88
-0.112559797744373	1.13048945920247	432
0.060077165312884	0.327130016458614	425
-0.086263386455813	0.389607921403803	425
0.120843692875659	0.394370504900407	425
-0.025878933376554	0.551378757544714	404
0.07487262006269	0.162956142560546	263
0.080034112778644	0.162136715873052	263
-0.079839134718963	0.384159360430658	823
0.053573081227475	1.42465747116721	684
-0.106294646606092	0.487969842000675	31
-0.029355635130681	0.282087595479945	31
0.081269487155043	0.165460001149643	31
-0.108932626157231	0.485025094859678	54
0.086340707813295	0.322639009687027	71
-0.018854402016567	0.547013028865296	88
-0.034603593949507	0.671783943157675	88
0.0226531435569181	1.02971649722059	15
-0.037720817831944	0.617875473020526	408
0.081644083189005	1.46418014155301	425
0.0867059445321831	1.1096916574782	425
-0.10977847702649	0.50021675997031	1
0.081850823616813	0.689711409524048	1
0.064630912267977	0.76088958246079	1
0.021978009294686	0.434085444538979	1
-0.0815377751950041	0.377367056942652	1
-0.071835681700547	1.6245756823432	72
-0.087192565731701	0.391157775207714	1
0.121817011384612	0.395105279553982	35
-0.015653597375359	1.01590436099777	35
-0.048725241075036	0.772229304341231	31
0.074011754037672	0.34054285305923	31
-0.114566177340056	0.851802025405645	31
0.070993588313846	0.166828725880842	41
-0.066159098590046	1.10987649613859	393
0.052854309022915	0.775232339450412	65
-0.00420698003495501	0.899750299135344	65
-0.01510166628698	0.530993734481209	88
0.078444687431647	1.2107965279627	432
0.114006747006911	1.13758409526992	15
0.074909288855907	0.166210133580699	425
0.049710564787248	0.562686377811359	441
0.074526784815391	0.488045393972055	165
0.081637228245662	0.99758740013109	165
0.024552292571929	0.431928032123816	1
-0.046146406458576	1.93198643374583	72
0.074510671999267	0.665910719245916	61
0.11634169443148	0.790140667545441	61
-0.109631349156579	0.476413531113202	31
0.0432033585025789	0.595431494890813	31
0.076841920427332	0.3394493549601	31
-0.00239403875942601	1.1126535439517	393
-0.0567805620772101	0.939114369500632	393
0.121711263068686	0.760977676508666	15
0.00507287979762705	0.769876891116038	117
0.048239731726573	1.3310504283557	52
-0.067841644295454	1.30130001001191	52
0.074918726725856	1.59268226134531	454
0.000911637536467946	0.840993882504324	408
0.067005095962771	0.499602791737949	408
-0.10927384169492	0.472396583147419	408
0.077912552920633	0.339429882248354	441
0.096838751422241	0.732136298789278	165
0.0731865446647459	0.859481379789306	47
-0.091623868329253	0.381777746072923	1
-0.103314214175679	0.475020270763937	1
0.047486204830031	0.575447462980583	253
-0.030528117337411	0.283482675057376	253
-0.08958468811815	0.389371433614832	253
-0.013900720387193	1.06510381537275	1
-0.109251278426944	0.963209826192052	35
-0.107582675055661	1.17543280984334	61
-0.053810249678044	0.927636810799972	61
0.086925670897502	0.733301736313579	71
0.07617129056186	1.02186755058394	408
0.100022431592321	0.731586902798104	425
0.068332254979998	1.02474409725745	165
0.114098289734151	0.787839916266209	1
0.107425720148238	0.415207149094124	253
0.083129202391249	1.49283099475969	72
-0.00216020993764599	0.846912444637359	61
0.074512394928004	0.482360001727141	31
-0.042986183680976	0.682092249041243	31
-0.037800939812896	0.276768500877037	41
0.071296913042553	0.349221048286534	2165
0.0482219926505501	0.823065705650549	88
0.073581157928798	0.48183868502572	88
-0.058463494975046	0.760843822056511	88
0.086382199278601	0.924944586114509	117
0.00987639777134497	0.828695619561833	142
-0.039849521867157	0.650831642868807	52
-0.114061063710935	1.74011122510927	425
0.041635683563559	0.586206266573253	425
-0.011878896361759	0.541632687689363	165
0.081132543285294	0.471169074253338	165
0.085997353094171	1.56099011272436	165
-0.0614013877701171	0.771892366480753	47
0.098971462335177	0.708507577069439	1
-0.0237733425675371	0.547232914689391	1
0.025443071756255	0.881114382374984	72
0.00624078066830303	0.814101680022509	1493
-0.011333270880145	1.54442287177424	189
0.029183557494376	0.844906745841598	1731
-0.108787917937092	0.490730234054125	71
-0.033583759476978	0.636064334853616	71
0.0836802110741141	1.2664469834923	432
0.070091807724623	1.8784844304938	454
0.014453744358553	0.451743553842499	826
0.01119468006035	0.449366743010634	165
-0.119195865389489	0.897269741666428	47
0.112447222327384	1.02994679422918	1
-0.115761134698822	1.17481093643093	1
0.117802978660932	0.804674112741136	72
-0.063678278725352	1.14784529502432	35
0.101369602149742	0.834292841872015	61
-0.031338572821092	0.625320003327245	61
-0.03802491865547	0.277190544632893	31
0.0852712199419871	0.324404711121537	41
0.08250386886234	0.162323196156365	41
0.113768352460987	0.694535006252102	1493
-0.08470545536327	0.388612217645368	290
0.026124918795453	0.716792402309138	189
0.104045423353927	0.580564763261117	71
-0.0497850529927371	0.691020415418559	71
0.096070678068374	0.588171274297967	432
-0.112090352635233	0.928206686233702	432
-0.01921594298824	0.954594934710955	142
0.112742712316465	0.66109973620329	142
0.096922738643614	1.36772321358239	425
0.080748708559078	0.332467628346644	165
-0.085582479336463	0.385539554288087	1535
0.108428696843632	0.409569726034938	768
0.038870382080381	0.944995767641691	35
0.098478858139318	0.864157719936187	197
0.101386362982296	0.721561626510742	61
-0.013718731827093	0.944138292914126	61
0.020718806519482	0.702058566286296	31
0.057963181603236	0.558805460667823	1493
0.081606110451313	1.4303422157426	189
-0.056988065769147	1.39825719359332	54
0.08155899521227	0.913004161762261	54
-0.089406715263512	0.394276547493914	56
-0.0433558240783281	0.693793056689044	1793
0.114916352808605	0.531498260405932	71
-0.00509832255096498	0.955501761091856	432
0.051662964441129	0.830438371107159	432
0.0890447167112381	0.917094886666141	425
0.071181583216789	0.344611922446354	42
-0.08958468811815	0.389371433614832	768
0.077157673025093	0.168800521143936	134
-0.04304765974688	0.629672202034556	362
-0.0227126073442741	0.566532942581144	253
-0.077014825712366	1.51888946647398	72
0.014530102706679	1.18527968059892	61
0.0843430116867701	0.769068104863742	507
0.00701497171688803	0.770004133281208	31
-0.115400950082156	0.490303789479075	31
-0.07559660754247	0.372400631322103	31
-0.055175697371023	0.786236809127512	41
-0.117991217995501	1.10407799553295	432
-0.05205934622404	0.688742631279296	234
0.00521552579086304	0.765139932051351	142
-0.082610299813963	2.34493461037754	454
-0.110735725869548	0.4894745257365	1833
0.120367145876099	1.64700346759047	165
-0.124677279067641	0.944622207134668	1
-0.10522738221821	0.489407324258315	1
0.043190180713894	1.31607771247615	756
0.0700801187457279	0.893943755648861	35
-0.052756765881617	0.89585532884767	507
-0.01085817872626	0.539468103126308	507
0.081269487155043	0.165460001149643	1046
-0.028400719510452	0.274228249401465	290
-0.034618081124798	0.642587029578648	290
0.00158499928620404	1.25856815257256	189
0.019749865216953	0.434107615446329	1107
-0.073080703946851	1.06149594440407	88
0.101916118438776	1.34775526324968	432
-0.055700515327993	1.96280670493232	432
0.0776486466454061	0.999655086635022	234
0.107333300439487	0.980732510491611	117
0.113517035264165	1.48562263135354	454
-0.114440903665162	0.488704754071328	142
-0.03111736565927	1.08932458991046	1
0.00282012349295002	1.06969399148185	1
0.103731330068097	0.691249783842261	768
0.075660500202643	0.505396579417201	1
0.017804099183685	1.42112995981516	72
-0.076121010121877	0.361054022279925	31
0.050060811735116	0.575242492590612	31
0.070993588313846	0.166828725880842	41
-0.035671990233783	0.282466476181238	41
0.070765485705499	0.166131661423598	290
0.078608202935746	0.334361550382355	290
-0.049386288389502	2.25081712331521	65
0.043519989508382	1.09811816365979	1731
0.115468696622058	0.806457876344393	425
-0.00710673899106196	1.21092252614978	784
-0.060292109981186	1.56274467527492	784
0.103449771632707	1.04028706280794	47
0.046299661591315	1.39168306652235	1
-0.114383150150363	1.38181731394312	1
-0.072486955897166	1.22031297457945	1
-0.0537028674278131	0.779384928042621	1
-0.103285808879304	1.35997818582238	756
0.088811049470609	0.749654725533012	1
0.108740272743701	0.582833197322078	380
0.115645180407788	0.789268416127008	197
-0.11933879285711	0.959601664702251	61
0.01887612665167	0.685661463085243	31
0.106332751138758	0.855072538902935	1493
0.112916780101029	2.43156690231813	189
0.010497715686384	1.89601920854576	71
0.0935798845086639	1.42909861679838	234
-0.118214942914881	1.27840206499129	454
0.063087169316242	0.937256504097525	142
0.053907088921108	1.65706368836478	142
0.072995327837776	0.892450950066764	425
0.071804761990701	2.3609651149946	165
-0.061163316854982	1.08451346500555	165
-0.014585790064923	1.0005877601656	165
0.010345638620242	1.19240099837457	47
0.076272381567163	0.67714699551251	35
0.064294403023019	1.37536845618596	395
-0.0591213323451461	0.828564819338818	54
-0.004763626137269	0.7661507166286	56
-0.077148942708594	1.17597269203108	71
-0.122261460853523	0.954961666258076	71
0.043911600155311	0.971152461252181	432
-0.102520594055449	1.53786978549023	234
-0.026257742000287	1.45069695453497	234
-0.00652626394046396	0.945135112483644	142
0.049342910140825	1.76553975022083	454
-0.018888623260666	2.0057575518962	454
0.054124619881713	0.578270136238771	142
-0.078561634144616	0.378077261887817	883
0.124834095945563	0.972461920643729	425
-0.022032690856014	0.551643772716097	425
0.100225279943643	0.406358686252876	784
0.106542306738395	1.91350257686443	47
0.078392830986749	0.165523015099197	1
-0.017842411820291	0.560800200021778	1
-0.024575497593925	0.272380382677949	1
0.029325077670856	0.705619769519157	72
0.053968046287287	1.23997699907662	1486
-0.0345892415772771	0.640770180153239	61
0.064793270643735	0.497766140914501	61
-0.124757900930761	0.716126289046336	31
-0.025747350511211	0.273683389104567	41
0.079346338902202	0.817897362112839	186
0.076841920427332	0.3394493549601	290
0.0947161009886111	0.382732311840452	54
-0.031300864741675	1.48133576277314	432
-0.11094439583299	1.04351021480388	432
-0.112803502569916	1.0098411772217	234
-0.034570956303155	1.816031320498	454
0.018873897760691	0.442707875763195	142
0.018750162209677	0.447714744987378	425
0.020669571906067	0.428053557177127	784
0.059678488553173	2.43625281549438	47
-0.088476837599229	0.392706105886074	1
-0.029355635130681	0.282087595479945	583
0.037086848999851	0.615635742003893	72
0.096942700134765	1.31253021911994	1
0.120012013750008	0.657165061816458	61
-0.061564320255055	1.27579506580839	61
0.079094065172128	0.336625945787791	173
0.104251530659945	0.594116874140843	31
0.0121553132266879	0.447646027239523	31
-0.028400719510452	0.274228249401465	41
-0.118834220385651	1.02689838725628	186
0.058782646857139	0.728712244043171	186
-0.01855256996391	1.13587525719037	189
0.070203564501849	0.515508664757873	56
0.080748708559078	0.332467628346644	88
0.010447722855913	0.713148554797093	432
0.123069616104987	0.778670492840451	432
0.107883284029649	0.628334442504622	234
0.102628991311786	0.92293628010425	142
0.120390229157089	1.69445710478506	454
-0.045064911770953	0.767771186492117	142
0.034931367209186	1.71552890342053	784
-0.045086567161767	0.710508174544035	165
-0.113874225262609	0.99136686036381	47
-0.026920082272221	0.272192019538872	253
0.06659021165297	0.337081217810744	1
0.078024795125936	0.340885606884247	61
-0.120016596689619	0.489433086790231	31
-0.106454952579897	1.32749872472967	186
0.04455059660066	0.574630678681533	186
-0.047326396901204	0.865847775057236	54
-0.0474304597812391	0.754394297139709	264
0.067005095962771	0.499602791737949	264
0.015254741018043	0.737006843830201	88
0.017542340676584	0.446206218130607	142
0.094692270650654	0.621281132568886	165
0.123688449960016	0.885263336678646	165
0.098746045293303	0.579166527883362	47
-0.03802491865547	0.277190544632893	162
-0.0275646160994401	0.553139157400284	162
0.114655994006256	0.408552684652766	1
-0.034718975426097	0.274689723761103	253
0.123557618910074	1.31356566276292	1
-0.029355635130681	0.282087595479945	41
-0.073214992098931	0.986598935832009	88
0.020537172504707	1.18906818438516	42
0.033785945276296	0.652198701085828	784
-0.060320164403296	0.836455274832767	47
0.075023663865456	0.707163118388188	253
-0.060262044481655	1.16405195130392	1
0.038813354683183	0.585468377531037	31
-0.080228888644081	0.384421360106099	31
-0.026703500126008	0.274193996389097	186
-0.093136365654811	0.380166594450163	643
-0.017842411820291	0.560800200021778	56
0.112901491932316	0.708565069165565	264
-0.066721975450032	1.0640688518649	88
0.0768795678345891	0.807208637701672	142
0.016825167745195	0.428419054413311	42
0.039463604747631	0.58404614282769	784
-0.109186387400055	1.28034509539786	165
-0.113329475505069	0.501353172597264	162
0.106404474742522	0.582300928745871	162
-0.047482195197309	0.70397445048454	1
-0.08336938459779	0.391192629663899	1
-0.076699431807621	0.376177503347191	253
-0.02192029236715	0.260246888839651	253
0.089748316276292	0.594089411554558	121
0.054085955513248	1.40994608029377	35
0.080636288109073	0.340851818509334	173
0.027912248683311	0.652024587039463	31
0.078024795125936	0.340885606884247	31
-0.031482832131695	0.277681836483628	31
0.020811404669786	0.453201165719078	41
-0.0826408117276251	0.380354671565613	41
-0.08336938459779	0.391192629663899	643
0.109711531438855	0.549732577940291	264
0.124637044432313	1.05774613218393	432
-0.058637906514678	0.847146155750559	432
0.068272192773298	1.34200606301831	117
-0.050852444429593	0.902642908028004	142
-0.116907638245954	0.484847561382672	42
0.0359210328558111	0.577366419929418	784
-0.00374101651713599	0.87067727213098	118
-0.080435490035188	0.368807463383522	1135
-0.044054404403554	0.71594980073385	121
-0.00565356192296196	1.59330731447979	121
0.113524323463779	0.68548968118895	762
0.100871364127383	0.816474480521839	61
-0.014737784847783	0.545296414757719	31
-0.029355635130681	0.282087595479945	643
0.01647763132056	0.433984530411764	643
0.074771011305585	1.65450538790038	129
0.0549121028640031	0.917398964015462	234
0.053391468018168	1.28554142702414	555
0.085813062415568	1.64882797860206	47
-0.048372467878098	0.261418936458438	1
-0.037614118272857	0.699452110485534	253
-0.119928082053567	0.778225659407943	121
0.00255591559100499	0.837626286309831	61
0.04590335905138	0.614006805820205	173
0.111557695028828	1.9589314096214	189
0.047121053396484	0.567051483229922	54
-0.103857802271488	1.34354963244392	264
-0.037865107989623	0.625657842806522	264
-0.046493780351219	0.700711391744084	432
-0.047227638908439	0.714915725261647	117
-0.039687164564321	0.877561926567206	117
0.119823582019049	0.865321560544951	117
-0.049434330214978	0.807675804866413	454
0.0758840671990571	0.342849295147287	42
0.026196112554518	0.692926594294016	165
-0.0668588420498411	0.881706562910527	47
0.101928638067698	0.73666320703648	118
-0.088299265546341	0.394379082666042	482
-0.12240517488537	0.59104651841082	1
-0.112617143302135	0.921554332396267	72
-0.07517409998033	1.89313326318176	121
0.010122015048259	0.991832517203964	35
-0.081333220336435	0.388468710375642	31
0.074909288855907	0.166210133580699	1373
0.078392830986749	0.165523015099197	643
-0.057480103832224	1.13736787965705	54
0.0181757722064	0.716402294160624	264
-0.00244938393403005	0.894202514594774	88
0.070203564501849	0.515508664757873	142
0.00409433452367602	0.829234898316705	118
-0.015207931297582	1.08462063406721	121
0.087536122589847	1.04257772199645	35
-0.059168809215568	1.06480158508506	35
0.115986570169563	0.399590467063184	61
0.073970083194877	0.334391269245761	31
0.075921520823497	0.16531126164446	31
0.077381077022084	0.166429385708503	31
0.070993588313846	0.166828725880842	186
0.010023248861688	0.440245045244619	88
0.122476456085338	1.05314637069416	264
0.109112644598359	0.808894876346762	454
0.059981101440063	1.1847182546995	454
-0.011508033326786	0.542232995516646	42
-0.02562420660806	1.95358045731806	47
0.079241482707616	1.62932993642343	47
0.015184005853904	0.761869921487016	118
0.07606557797957	0.320424683801619	118
0.070371698853632	0.338519957891681	1744
-0.106182626822112	0.479193731051534	121
0.12032787346223	0.777623809413149	197
0.064672135356748	0.339571878091837	459
-0.00465359206459703	0.496336518927615	459
0.047486204830031	0.575447462980583	31
-0.0952025293579291	0.373670913622667	31
0.097861241641826	0.745030024722711	2089
-0.017705986692084	1.04951265624993	117
-0.0725127899325561	1.09719788497951	454
-0.00437969931134097	1.34146757791123	454
-0.047390745538086	0.699651295044128	42
0.0793552216349031	0.691536164241339	42
-0.00823224082985996	0.939396398882973	47
0.078392830986749	0.165523015099197	118
0.073214541233812	0.335767281861211	1744
-0.043396167045418	1.30795619045868	121
0.022623511362551	0.900624404961907	61
0.018767222637451	0.456396658918411	459
-0.034718975426097	0.274689723761103	31
-0.030528117337411	0.283482675057376	186
-0.107308131826564	0.468915252255228	1166
0.076145680296475	0.169748498828741	1166
0.073896222194751	0.346190308351415	659
0.04549715404899	1.62176470879782	665
0.00802558684452503	0.766829485529208	129
-0.0345935324590519	0.621521246827062	129
-0.038842618730188	0.621834735271615	88
0.0458604615057761	0.614214807202997	88
-0.079665895754703	0.379179226441683	47
0.077157673025093	0.168800521143936	118
-0.112259882962266	0.498487565867178	46
0.069234056187536	0.506820001856686	72
0.117960366493665	0.655463996850879	121
-0.023092368344931	0.258969534913402	31
-0.086440159413829	0.381392456363752	31
0.072004219801236	0.165930077019106	186
0.070765485705499	0.166131661423598	1166
0.100925978864074	1.05100356927574	129
-0.0354493733189351	0.271601399611818	88
-0.042110354968566	0.747895011653035	204
0.115692520195213	0.91776235602281	234
-0.065009209091986	0.886563022103333	454
-0.022767389655096	0.555103773982457	960
0.0505418695879351	0.557700186539784	42
0.00773785141380101	0.436377888171724	118
0.0198527163297429	0.457767777640105	118
-0.091071362017614	0.371066080617004	118
0.071356910984852	0.490339491655763	72
0.071914003466643	1.20751168742983	121
0.07780527776178	0.494424187916215	905
0.057778038317422	1.38392870401128	121
0.123372734118171	1.12939706064701	121
0.0831503815393651	0.841991335635113	121
-0.0171071438121559	1.07231255329719	35
-0.024890930038512	1.10208564755746	35
0.031865930328843	0.651319050367507	35
-0.029355635130681	0.282087595479945	459
-0.060344299087034	0.884243241180958	558
-0.0835441261405751	0.38822229354008	1166
0.092407083663178	0.590171972005373	2089
0.0836279120776799	0.653836386751619	204
0.109944191380885	0.561612226627567	142
0.048918276071185	0.574407275582064	142
-0.000551471438965945	0.764200226770186	47
0.0707276461123571	1.55028805151065	47
0.021908932881115	1.86101716638076	47
-0.024853188154806	0.546986130925139	118
0.067783047559725	0.337488770699937	118
0.023104522562289	0.44591431441039	118
0.010363703857407	0.433271329729913	46
-0.05750070065708	0.876192355203137	72
0.0605122393886151	0.504528563742315	121
0.088243951189183	0.794591412508546	121
0.103769266081976	0.931077117202784	121
0.039146002565029	0.871599764935176	121
-0.088299265546341	0.394379082666042	459
-0.019931688877241	0.550600057589076	31
0.075997613372089	0.342059532098635	558
0.076145680296475	0.169748498828741	558
-0.039808197314562	0.705406938956733	558
0.120913927982573	0.407327404630697	1166
0.115758099622902	0.421649510026834	558
-0.026858152043459	0.580885344596633	129
-0.042610827691095	0.807259691508551	88
-0.029694032524609	1.06752658551819	1987
0.104472438597518	0.830825345469322	454
-0.050725007964983	1.75318557242638	142
-0.082307270911945	2.13897777997467	47
-0.052756765881617	0.89585532884767	906
-0.03185665318631	0.273371441525479	46
-0.00945680681900796	1.61784933884548	121
-0.023942216520408	1.09406920575615	121
0.042812958791923	0.953734239731534	121
0.0716514329739441	1.01897023220223	35
0.00733717306825499	0.753357628644427	459
0.082364980001623	0.662972920602733	459
0.084264745435747	0.666291784499511	459
0.069547981102786	0.714777514141778	459
-0.064167345942978	0.829939723055311	31
0.029372571116961	0.645980478979284	31
-0.072818399869175	0.357708168394141	30
0.115986570169563	0.399590467063184	558
-0.032656364084889	0.276141816923875	558
0.0617938290089261	0.734318557179575	558
-0.114087502413506	1.30617475612194	558
0.118943237830571	0.911214119810276	129
0.041433130851082	1.53661856721364	204
0.0841773288322441	0.976663201305743	142
-0.119039873394364	1.50762331618831	454
-0.01703109009187	1.94598617715695	142
0.066117360219323	1.50765128773317	142
0.114306331971106	1.0468012686564	555
0.103764598308024	0.879263850692048	47
0.088299668484361	1.41757193567477	47
0.104353468422708	0.69967298272705	47
-0.024375110083089	0.551521290384822	47
0.077912552920633	0.339429882248354	72
-0.043696943817502	0.682023469201885	459
-0.044113557243736	0.636711450428346	813
0.029879114089834	1.28079478261794	2089
-0.042093633013137	1.58357436794034	204
-0.057820187713387	1.32130467091304	432
-0.000482987115731026	0.88864681490164	142
-0.060775935472562	1.28178004300295	142
0.015958340358416	1.06686487544952	142
0.0931909184818011	0.902871736263218	42
0.00248356450269205	1.26537156152597	960
0.0370411364712721	0.895564360345936	165
0.058290291538415	0.883260006667959	151
-0.100301913823609	1.66671837231858	47
0.071902696568912	0.962923718618221	118
-0.023682461359348	0.542817160685766	758
-0.00946278654458299	1.46945729222233	121
0.120798312360854	0.540073545537298	31
0.00805803410431105	0.443841056697423	31
-0.047664372772866	0.702329485510071	558
-0.030528117337411	0.283482675057376	558
0.104884112791459	2.17768403449665	964
0.018256038596967	1.21243229833074	432
-0.053800974673069	0.841256723569358	142
0.111312856688398	0.92104238342589	42
0.022117703475137	0.7068757033471	47
-0.057437220612918	0.995014437391478	47
0.067095137339392	1.42359038952621	118
0.00636605254335299	0.958713979701846	72
-0.047486302884865	0.709439223034975	121
0.013342920058792	0.768796187924418	35
0.072937914425013	0.339494198998919	717
0.109539767995462	0.553218248986147	459
0.111426557691251	0.930522642443759	31
0.097504093227842	0.599782756746322	31
0.103676264016094	0.863551163257464	30
-0.00102945905340701	1.16685152747623	204
0.106707375225207	0.838434448491971	432
-0.067316655723707	0.990226831454013	234
0.098188807495572	0.879612449466229	1929
0.00153209743854499	1.69773793771655	142
-0.09291490251215	1.22849066851837	42
0.0432558043493561	0.877314328639042	555
0.049127238831705	0.559154135345747	165
0.00551550893594999	0.706664558038954	151
0.028933792260777	0.618332640878679	557
-0.123825694072085	0.818616447314785	557
0.122501099177093	1.25348322036803	118
-0.041951846313853	0.650327155596126	121
-0.018800238892944	0.540629949132146	121
0.046413631039229	0.745944044299639	459
0.054146571803673	0.925540868087617	31
-0.106897858148538	1.15336514598414	31
-0.124650748454397	1.22827550244054	31
-0.080256346277041	1.33344225628527	31
0.019971364894266	1.34117679867269	558
-0.030505213189445	1.25900778375815	129
0.013581945071655	1.35499475796681	88
-0.00848901942691405	0.825510545446667	1929
0.087454574226959	1.16706544265138	102
0.08222756121799	1.08789367344944	102
0.087222599977348	1.44914537783834	42
-0.112213512618137	1.79819049241986	555
0.055785105394325	1.02363851914402	165
-0.0985827662583461	1.37885876629268	165
-0.110140322596608	1.51230747595379	469
-0.11106416559417	1.09824129233295	118
-0.025531537318646	0.272888008982412	30
0.094353712418021	0.729669106542722	558
-0.115470924463414	0.497875507793625	558
-0.110642664059823	1.0368971768743	536
-0.054232780117292	0.788360114921628	118
0.056648991123184	0.977166735077203	118
0.0348674017209341	0.649369185421989	118
-0.121381430886257	0.954408854732027	118
0.114341428517834	0.536952406311458	118
0.071663063123559	1.19945408589049	121
-0.069933648965	1.35477658167762	121
-0.038597605451466	0.702763188341324	121
0.115131742951236	0.522117664790409	326
0.031410806336688	0.64355783545115	326
0.0866812826254541	0.639834716706348	179
0.115427347156123	0.54919082734957	35
0.115367075540923	0.535536253379132	31
0.010630638343884	0.767196823767615	31
-0.030310185694896	0.276351141311678	31
0.106503934763248	1.00422767378325	129
0.112643096623449	1.50463106697303	204
0.023824067349936	1.49049095626669	891
0.010453385094192	1.59563483330098	142
0.080537175912486	1.44316947767735	142
0.062400703235174	0.900055518000799	42
0.050255533677193	1.0207879857253	536
0.047817270354205	1.5190487429072	42
0.0540488775339441	1.33482141715172	557
-0.011226861473891	1.5304085855284	1274
-0.0611755337054411	1.01872957303486	118
0.00037988719001103	1.35287914778584	118
-0.052323921976442	1.67868144624504	118
0.042889806078608	1.15667572493986	118
0.061914341192053	0.717202219519919	35
0.00740599586834001	0.822528041730921	31
-0.066644116205498	0.928918966822786	31
-0.044527758037581	0.686466131616309	30
-0.042037796448881	0.634335328816921	667
0.007728818731642	0.803521969691664	558
0.059465322660344	0.900264783326031	129
0.017678907525717	1.00034119006039	204
0.08295867143279	1.24318997287881	142
0.057504848041842	0.718107273123088	42
0.092533928518479	1.1626130470036	42
-0.027315206016542	1.83143670515706	960
-0.033872613181523	1.4484191259915	165
0.0598629787659301	0.764298189107967	1274
0.060150713171512	0.706955015380349	1274
0.075997613372089	0.342059532098635	1274
0.049948437630261	1.01297452604103	118
-0.049023355745526	0.753089736134927	118
-0.00329715315891099	1.12508100167105	85
-0.00442032796388403	0.860720346173801	326
-0.048910645591726	0.777941695790357	179
0.104145233234464	0.404464962264863	31
0.081594324552388	0.339656972060791	31
-0.054327368565932	0.925886847117081	558
0.086086412135852	0.795062225861323	558
0.115999163839275	0.878181790407586	891
0.011728003017023	1.21421709972761	142
0.075555404844076	1.6278180194096	960
0.059701838361888	0.511328618409572	536
0.120360204492738	1.24326853907287	165
0.022466660480555	0.996393120732833	1274
-0.00948731687566595	0.523612590119106	118
0.108685451724617	0.579450961408906	118
0.05372226025744	0.574345309688193	191
-0.058090488251231	1.07496751410299	121
0.076853325214478	0.696082608052656	35
-0.019529720995634	0.55597103271051	31
0.028177592829817	0.641059038836411	31
0.075704574981974	0.483057525635929	1117
0.094588516291602	0.745585991547523	558
0.060077165312884	0.327130016458614	1292
0.095230150761347	1.22497233170938	42
-0.12032240357545	0.547708359101644	42
-0.108623233970684	1.41287930374187	960
-0.088929502457654	1.43321092225352	555
-0.037841129596336	0.690377803181349	557
0.026105935076171	1.30069262175618	557
0.117828032635039	0.639956228291763	597
-0.0901122872810191	0.361277140363599	597
0.017591340204155	0.444126594169553	118
0.019621452074615	0.435234028994881	191
-0.013063956957316	0.531387837911362	35
0.0402860732832711	0.57226178722021	35
0.077067708496911	0.340120311873882	1117
-0.085334157754714	0.37840717228209	1117
-0.11402155112968	0.909026023168432	558
0.096992532301355	0.987236098206765	129
0.108576590536128	0.841626210774825	117
-0.030232085872592	1.66461076801854	960
0.00386945704265995	1.18734188432058	960
-0.049038607853623	1.82252048165041	555
0.109633141709838	0.412273953804967	118
0.019022719234586	0.444922009734611	118
0.078608202935746	0.334361550382355	191
0.00904853216423795	0.825499741287354	121
0.033092316811434	0.625185685621372	35
-0.120065254254831	1.04913272455533	179
0.046624858946787	0.584020697182573	35
-0.049358406189047	0.77827473102314	31
0.062098747639453	0.954675205672222	309
0.065748685188526	0.33950936019758	309
0.073386569652705	1.36485569515575	129
-0.033033303240559	1.67944896844562	204
0.00145980556292902	1.85682149693475	42
0.0191973858982289	1.14538038819652	42
-0.0693713814089521	0.993419820721107	557
0.06535426997355	0.928491819613137	557
0.044474663107179	1.01681063144304	597
0.110743940195881	0.667140429682839	118
0.112566058041626	0.534718756469326	118
0.112095139723722	0.684741145632095	121
0.100530677643517	0.600805128818723	35
-0.05371336228724	0.694272187627905	179
-0.036802597638379	0.623075447460083	35
-0.042192320580318	0.708661206744227	31
0.070222362191167	0.5122317187371	31
0.077067708496911	0.340120311873882	558
-0.057725096925443	0.704418389792015	309
0.066027875293853	0.722648690382195	129
0.02427121857874	1.34197560993535	204
0.014952153375432	0.942997788428527	282
0.109433366669154	1.03000893233504	960
0.091395632743098	0.599087359058232	536
0.028396921731348	1.43793609175929	42
0.075750884261319	1.51253257918188	555
-0.123556233445214	0.571337960660798	118
-0.121989002521017	0.464116139369085	191
-0.080228888644081	0.384421360106099	191
-0.089228742551723	0.3851854650328	1239
-0.050917320480604	0.833510806578858	309
0.034853240153886	0.666572344509551	129
0.075159008596532	0.9459706653394	204
-0.047280895541833	0.703729868367016	204
0.050654024943572	0.519945555271509	117
0.118086973989596	0.520297270959665	142
0.118381760252918	1.4490450944005	282
-0.050470683801331	0.976833201223124	536
0.063871177725493	0.994002535729979	118
0.080636288109073	0.340851818509334	118
-0.114158933068393	1.11742567289813	118
-0.032056653545145	0.963838520838624	72
0.118573234564262	1.05663410236722	72
0.081453026973867	1.04257502799143	121
-0.05771942898979	0.895603897715265	121
0.019458851773225	0.744220022668262	35
-0.023083926574872	2.19736682437778	129
0.121760569992571	0.671723885651083	204
-0.017134854451317	0.955511652222553	142
-0.062587238455716	0.846198667453221	142
0.068019948185243	0.505382365993325	142
-0.055632903574289	1.44574616889473	282
-0.05366110326944	0.771397328242836	282
0.031475920368665	0.928710803970613	960
0.101067305681927	0.582947337489875	42
0.042925720831056	1.25207818644654	536
0.054707986411059	1.14025999507155	555
0.050939196209527	1.44831284748797	118
0.012886380268309	0.778956665299207	118
-0.108708190776509	0.497345478161913	118
-0.080770904069114	0.377893974093708	118
0.073896222194751	0.346190308351415	118
-0.057338426126916	1.20866514276023	121
-0.0538670268753489	1.07511299813767	121
0.098159838951004	0.599752106184705	2255
-0.107612246642651	0.484625820148756	31
-0.014737784847783	0.545296414757719	31
-0.052780712028757	0.838566467099984	462
0.081594324552388	0.339656972060791	1239
-0.018017491035713	0.978578750514906	558
-0.082498002971289	0.385561529212321	309
-0.097985218014883	1.81366875404696	142
0.080671144186482	1.37921573130847	960
-0.063925369653692	1.09163112820538	557
0.090335412249012	1.07261789908874	557
-0.091339071809784	1.45855142184137	118
0.0310722272971929	0.686664422540064	118
-0.112296562054599	1.24296444918523	118
-0.123434170373439	1.7250485831077	118
-0.00956276190497396	0.895951403490687	118
-0.053769809476065	0.744771699969108	72
0.020327136979307	0.743678438949075	121
0.097737198670369	0.608747203067654	121
-0.047412173858387	0.685997743511429	121
0.038292868550588	0.634460307084531	31
-0.037690516826276	0.636688686280077	1239
-0.0571227972278801	0.830352811502223	282
0.071183276515792	1.34209336836057	555
-0.057768621990513	1.04816924834087	118
-0.049556243123897	0.784291280857319	121
0.064381661671424	0.946108858964088	35
0.12432367963434	0.603643341976758	309
0.123853889083544	0.669662871474589	1237
0.09545729190339	0.922570212403963	142
0.035860497705386	0.980135143635301	142
0.116405907681813	1.20673142951701	282
-0.019503337939672	1.43072917027299	960
0.087200029218181	1.25954134172333	555
0.121597184866816	1.23107759185393	555
0.013117524031478	1.92959776801239	118
0.0792604350091231	1.57463253224046	118
-0.029010324234204	1.30606839708078	118
0.120069922331944	1.07050661228781	1515
0.118896789299643	1.1534953726503	72
-0.058570845999593	0.755085282787612	121
-0.0453455599577231	0.711736697626992	44
0.086463135491601	0.768436449348068	35
0.108049537622538	0.682106255804338	31
0.05417811527824	0.983253577193391	558
0.095837024148187	1.53238262868955	118
0.0000471452738589617	1.81447720625128	118
-0.045315980303039	1.26054798433107	118
0.015617840892858	1.25994027491903	118
-0.121467496279446	0.891177912314219	121
-0.038843441699728	0.642692844291294	121
-0.042516918932652	0.767825159981925	31
-0.036716522223166	0.646194604740864	309
0.041731347240628	1.40509150278719	204
-0.057885534743739	1.30897536199697	117
-0.035995172110293	1.17295923729958	102
0.052365076826058	0.781654698597266	282
-0.058097826543582	1.32367919514596	42
0.049640052459961	0.824827083844244	42
0.111740446924084	0.688076403007153	1032
-0.107943081774389	1.07711607772598	557
-0.111128295562973	1.08271812374319	118
-0.014993126215329	0.943970543784605	118
-0.070092958061349	1.49105656132322	1515
0.0967475103882141	1.30602343481083	1091
0.11212711026058	1.11707695365072	306
0.101159401765991	0.73726357338367	72
0.048381255652287	0.838995893025728	121
-0.026904230035238	0.551418323959264	31
0.083382329289614	0.668002102527271	31
-0.0633217794822351	0.987101609061683	462
-0.02625789650848	1.18189496124996	309
-0.0873697373714551	0.392804477121824	309
0.018678664845859	0.43145122904813	282
-0.054398007471735	0.707208561929901	42
0.00232538950239403	0.774477348274739	555
0.091080841731871	0.297343424335737	1032
0.113806950064288	0.408873177374104	1032
-0.114356905947928	1.16046924681151	118
0.017968581644355	1.22723432641037	306
-0.079839134718963	0.384159360430658	72
-0.01295422290134	0.543643797355402	121
-0.080770904069114	0.377893974093708	121
-0.031482832131695	0.277681836483628	44
0.078392830986749	0.165523015099197	44
0.026708550904133	0.421219920243295	44
-0.030746239989966	0.274031811030507	44
-0.108781780932634	1.0407972388997	33
-0.037865107989623	0.625657842806522	31
-0.018280626731446	1.00538133559355	462
0.016583637686211	0.452443934839671	309
0.0379080549012421	1.19005137464706	204
0.10634343430622	0.57914449807679	117
0.034887887925145	0.828917416789761	117
0.0772877062961021	0.675890068479636	1621
-0.020501026049154	0.548836571179804	282
-0.05163664619286	0.837785832402652	282
0.11982099615108	0.519010337583617	626
0.036261887237374	0.875098183604354	42
0.094406672065023	0.91530796884863	42
0.112570767504332	0.950734134677487	118
0.076011622272007	1.23757547076007	72
0.081229123997387	1.29798238337905	72
-0.03931266838253	0.692255895159161	1091
0.029132770761195	1.15170544543827	72
-0.116476534537293	0.488486093753564	121
-0.00117030692424402	0.847352346740304	121
-0.041981460760443	0.617641772024073	163
0.108294000709767	0.404391477883013	44
-0.077630557808566	0.384384913562466	33
0.072391918031863	0.514124350123199	35
-0.02311159002431	0.550134115626038	35
0.022277728366882	0.719634360873235	462
0.0859320332443611	0.658186900277258	309
0.02371273846388	0.704436870585344	309
0.110721947047314	0.412280972855905	117
0.111697597535399	0.415763621279902	282
0.113701978293518	0.400349556770799	626
-0.113422844840401	1.09502749622254	555
-0.012583912454615	0.545809205343511	555
-0.042400951809081	0.76773898845991	555
-0.0354493733189351	0.271601399611818	557
0.112251929748788	0.973983347064846	1091
0.081706079807492	0.33890626588125	1091
0.02852339557184	0.427080500880974	72
-0.123363463381535	1.10055562071938	72
-0.110963463650275	0.495058315535301	121
-0.105338656194373	0.486327560461884	44
0.0874379233289661	0.632709521260584	33
0.035291331801764	0.643792283184598	35
0.091500079895852	0.601794367270233	35
-0.053963695924129	1.01534473734732	462
0.024578599583866	0.724653809877236	27
-0.00777509798224396	0.887905518370624	117
0.065630887053127	0.340317069163985	626
-0.0462171558053041	0.738411362143371	42
-0.0800553553543431	0.376203243038281	59
0.112897284824037	0.406235774500804	557
-0.025531537318646	0.272888008982412	557
0.077912552920633	0.339429882248354	20
-0.067149400343278	1.35952469397913	118
0.052807415655008	1.05378175012039	118
0.123665238563413	0.742722078995683	1727
0.021978009294686	0.434085444538979	121
-0.024575497593925	0.272380382677949	260
-0.030746239989966	0.274031811030507	33
-0.118942619569624	0.864155432089372	33
-0.116542782833032	0.491071006290757	462
0.121713076190335	0.61927604057779	462
0.054509699497689	0.778141753892392	309
0.072922651903825	0.771612008910283	1621
0.046402264269957	0.576232405699359	282
-0.122899252092184	0.83099378328825	406
-0.000594129466298998	1.27782752494662	118
-0.09847722161517	1.43184743903786	44
0.0228563320258161	0.438942341912719	121
-0.106766127886479	0.484648484768448	33
0.111585518257198	0.66686018212451	1809
-0.00926243047717901	0.888727412013887	309
-0.067650055317339	1.14998903586477	626
0.096530347328363	0.86073278807116	743
0.0826953080983019	0.803217837944267	555
0.102637819250564	0.994956652071947	555
0.0661802045978001	0.730085847717378	59
-0.11670449610378	0.940325743567385	557
0.07363682523024	1.06334729244901	1727
0.0310540999271099	0.938530872863095	1727
0.016553534931269	1.11196594927827	44
-0.019094504495253	1.08991570954134	44
0.113563160508909	0.409641395839377	44
0.111697597535399	0.415763621279902	260
-0.070125398532882	1.03008079003932	1809
-0.0558623395849041	0.933573578640784	1809
-0.055217470363204	0.868459251323027	1809
-0.075612181356424	0.93094061628749	198
0.0286120504442891	0.838851394964039	14
-0.049137588821726	0.713464450010135	1621
0.0836044556600331	0.673604559447124	1621
0.124180026285523	0.536823229471226	626
0.0918905561686289	0.799465212188567	42
0.124168674597417	0.399147293475471	118
-0.066703903606094	1.69033873845074	72
0.028690239304493	1.23930435166452	72
0.024258337643569	0.433935237351585	121
0.00773120709082198	1.10940917151841	44
0.024136659157554	0.432233911910986	44
0.070316880381621	0.487694375222452	33
0.040208818948735	0.569449724796399	462
-0.002084424866445	0.951369358756352	309
-0.009463879568816	0.906404486311885	14
-0.110696876465415	0.477427246892826	14
0.042480509769338	0.574135474258183	1621
-0.038813732128962	0.648332152559945	201
0.010363703857407	0.433271329729913	690
-0.108694784750573	1.39532830574701	42
0.087448401059656	0.604822008417397	42
0.020672210521249	1.43798507033663	42
0.123304338843914	0.39147878009831	557
0.07295478870156	0.319118076234773	557
0.035671381019696	1.80164767938456	1727
0.039816242785124	0.889970012285283	44
0.076213186779454	1.06288405627081	44
-0.0161229175968181	0.535199784682753	44
-0.082438299176642	0.389621996869386	33
-0.05725071987231	0.94809901718651	462
0.00271090862133205	0.723898973196711	462
-0.025041728323818	1.13759099975835	462
0.087844460446278	0.656609173107847	198
0.024592466638621	1.31806487413567	14
0.12494763427917	0.848511550927206	14
0.030431673154934	0.677633246914562	222
0.10687454286798	0.712247011540772	222
-0.036624714472418	0.276789114146224	201
-0.108787917937092	0.490730234054125	201
-0.058250206711061	0.926333860171193	743
0.114645947030826	0.409219530910538	20
0.072370135073853	0.348048430042104	44
-0.0295730373033	0.275541198273677	44
-0.0609510545013861	1.51777310634684	44
-0.028400719510452	0.274228249401465	44
-0.115540540168545	0.946036148397546	44
-0.086514198405181	0.376855235314429	33
-0.036624714472418	0.276789114146224	33
0.038639218094261	0.791533905518791	33
0.053444170963341	0.722691705988388	462
0.02528636914316	1.17128425913457	198
0.05710728420722	0.732384545263963	204
0.000389984611054994	1.76511600234905	204
-0.058143378326889	0.81052246484884	222
0.02353106891667	0.93036338835911	282
0.082775143090511	0.334667134892423	282
-0.035679209103663	0.628416140318818	42
-0.111555277712334	1.48900221308217	743
-0.0382025416965131	0.265874469086155	649
-0.0822639607783881	0.390032438602284	557
-0.02192029236715	0.260246888839651	557
0.00851514585308	0.799821511954622	44
-0.052538631210941	0.918722452385618	44
0.111465495142144	0.672693744881012	44
0.100185383206315	0.596395149004197	44
-0.038763043422595	1.4978347862161	44
-0.114399822346735	0.501138447548834	44
0.08250386886234	0.162323196156365	44
0.078392830986749	0.165523015099197	44
-0.114399822346735	0.501138447548834	33
-0.00472065492856	0.884195747800123	33
-0.093801110102703	1.25950051291164	33
0.053908228075036	1.22179682310423	514
0.075921520823497	0.16531126164446	14
0.072209413926314	0.8939133859911	27
0.015557923968874	0.728298469505253	27
0.00315299341878506	1.65093298300961	282
-0.086263386455813	0.389607921403803	417
0.096202437615784	0.914186291703729	42
0.073896222194751	0.346190308351415	743
0.107701016428501	1.27671654447335	743
0.0697546120845099	0.167030672711168	589
-0.120136706974224	0.568715054625063	589
0.115307342996687	1.45220244600498	118
0.041987746669207	1.98514710898265	118
-0.0185132867576721	1.83319434674601	118
-0.02977896346541	2.19225690944007	967
0.030697318524588	0.926732219834067	44
0.078684817723417	0.871554880517217	44
-0.026703500126008	0.274193996389097	44
-0.036848011892644	0.282428325938181	44
0.077157673025093	0.168800521143936	44
-0.08336938459779	0.391192629663899	33
-0.059064956876926	1.18731563024129	33
0.06150569869277	1.34882527616269	33
-0.115400950082156	0.490303789479075	14
-0.063406253085308	1.79642061240414	14
-0.104345488984933	2.21785661962147	14
0.107868347469239	0.577822227419923	222
0.023912226114257	0.711126394808331	222
0.116679638317741	0.54672653761222	282
0.053038216231763	0.573071630607891	1329
-0.120304480075276	0.985739190894512	1329
0.120397318895721	0.975542671809527	1329
0.030065625051002	1.17295302734687	417
-0.058637906514678	0.847146155750559	417
-0.112805761766037	1.24243768028985	417
-0.069058508456389	1.1154241670352	42
0.093261964552103	0.601465883633848	743
0.107795339655461	0.705410362809515	743
0.106384387175686	0.797393804478145	743
0.119679669506971	0.987433536058309	743
0.12154483401393	0.525543767145621	589
-0.023058622695866	1.61077901876165	118
0.072173561495094	1.32578854357883	118
-0.072448882165703	1.64143895002597	44
-0.071554158000705	1.61945232225897	44
0.075667235966414	1.05888395549699	44
-0.039580347642689	0.750457755570055	44
0.108405873947109	0.411979574127565	44
-0.02269420582727	0.544720745853945	44
0.075928739731121	0.346105576178088	44
-0.077630557808566	0.384384913562466	44
0.048879190375168	0.589585212106487	33
0.011645971622628	0.765891025953693	33
-0.011659732606549	0.831985784440844	33
0.099897502109672	0.58763021170716	514
0.021144333502213	1.23362780717785	282
0.0482475291522581	1.10785222141665	282
0.120515734894873	0.937747144783749	282
0.075967904451216	1.08752020252467	417
0.0231578810648571	1.2592085122477	743
0.103223247838964	0.736493987000781	557
0.061058617433399	0.878123445627587	557
-0.122366940798326	0.991558618562134	589
-0.052074583929752	0.764100116049876	589
0.00540795508629	1.37148737587226	118
-0.017015194818743	1.31875573690627	44
0.101686425154048	0.734042075597542	44
-0.044399712424556	0.771642310638589	44
-0.035986911109537	1.18109749901612	44
0.115870671989958	0.417095637420161	44
0.026718168791198	0.703041772340589	44
-0.0515533699524	0.7872098390985	33
-0.064063464424804	1.0605357992922	33
0.096935246968518	0.670984003926417	33
0.108750566029885	1.10143285551982	33
0.024390668731515	0.923056226637753	514
0.078141079452841	0.701667433778514	514
0.123110419058065	2.41015436477797	204
-0.000406173524117981	0.951169724118331	1329
-0.029283152271443	1.07655781719969	42
-0.07190420186738	1.66389418089153	417
0.106468893069623	1.40740944910352	743
0.034583014520466	0.961846613072973	557
0.123202042605913	1.04539682767349	589
-0.00454368397530403	1.38297198100413	20
-0.065413814423559	1.185864300576	20
-0.062882676976184	1.52789176907862	44
0.106616923341623	1.06500845725354	44
0.029905800592164	0.907730443060269	44
-0.038765670065499	0.597576432067016	44
0.018619359377993	0.71785816014986	44
0.097801394877053	0.57479703349565	44
0.041094766879364	0.805669871292925	33
-0.048771153952538	0.778622301619749	33
0.099483374491158	0.603470762389598	33
0.099504437524468	0.745004186549764	33
-0.058208782812215	0.900921727732638	33
-0.0204644258346069	1.05577414757164	27
-0.08260682657161	1.04375674114544	27
0.048127389374651	0.791935264592306	222
0.069155695534025	0.720703289381256	1798
0.00341878510758398	1.1513396592173	282
-0.094187644035947	1.67114440462967	417
-0.00696184529164701	1.0726968134289	557
-0.094339821433902	1.37676889903332	557
-0.023488385945448	1.06232625144637	589
-0.034774091278113	2.1041082951053	118
0.12211158854555	0.994716822184581	967
0.0212916170259621	0.714717347975041	44
0.090485116537801	0.632754323965549	33
0.014617019036524	0.779938221215652	33
0.021146743210809	0.441756076651499	33
0.096058294280207	0.594672760613486	33
0.055180694300043	0.773592912347801	33
-0.051441710036884	0.622282546418054	309
0.121999596915097	0.406456899863634	514
0.047435953803371	1.18448702470086	213
-0.124311800852323	0.823051012945621	42
-0.00657137449310796	0.516385741830338	557
0.050931632828538	1.30330863547888	20
0.118415033322659	1.32460911822623	118
0.064863322285128	0.513180780937738	72
0.041635683563559	0.586206266573253	44
-0.083539182815259	1.53359835173195	44
-0.069714284380188	1.30815673644274	44
-0.048838842083931	0.724697672805265	33
0.083130057377656	0.322822895790674	33
-0.036499067640426	1.21013174849088	33
0.019571789822162	0.993536040338094	514
-0.010650574873575	0.92070557251537	514
0.093444702012086	0.954784099232818	1798
0.072926734868906	0.982341735353749	997
0.060445959971181	0.976347303243785	423
-0.059143082693968	0.869098656851129	743
0.122509652785686	1.03091759618414	743
-0.048374123271286	0.612053356966615	557
0.016757106131476	0.421479569435959	557
-0.032800977926489	0.669556539295841	20
-0.106832739219711	1.9549341895858	44
-0.123451259537989	0.572918823612435	44
-0.016710606006907	0.552444279106541	44
-0.010996700063069	0.917561330294549	33
0.048397532169315	1.05158332122242	33
0.118278748310385	1.0511559774182	309
-0.024865104085236	1.14406892568639	309
0.048290068316912	0.609653230101686	514
-0.068462750876723	1.08799454632298	222
0.068972339261091	0.721781830922498	997
0.0293165380247949	0.658555208626484	42
0.109522755521771	0.418732715781664	44
-0.000641227540955969	1.33206481852884	44
0.00437399271616901	0.429176656179636	44
0.024136659157554	0.432233911910986	44
0.098073981469094	0.866994625263274	44
0.020913580457802	0.427906363785054	33
0.058666938883799	1.07972804497201	210
0.051426102339873	1.26897225592513	345
-0.075423462712874	1.442273758868	514
-0.014079974300196	0.522359012606163	514
0.018034062962661	0.437010011092538	14
-0.045113504998978	0.670938257359128	42
0.111624971904805	0.799274773870355	42
-0.05347924466274	0.809306488450422	743
0.100185383206315	0.596395149004197	743
0.045397114878901	0.580931142228755	320
-0.048299603381144	0.619134492618356	320
0.116958472569507	0.412798263332116	557
0.073426426063881	0.503223378244544	20
0.047938376139087	2.02919817299726	118
0.046519870506618	1.09567240674936	44
-0.02366560571484	0.543541810447453	44
0.100022431592321	0.731586902798104	161
0.11564545454862	0.419868574648929	161
0.021183733275301	0.437186062937037	44
-0.01918603119329	1.03096382229324	44
0.049002516997897	0.780837198676965	33
0.080636288109073	0.340851818509334	33
0.096033284105674	1.31329334352775	102
0.113863743988887	0.702718777345403	27
0.095937799002408	0.575881040053269	27
0.122861744012526	0.521939033321555	1798
-0.023743325067634	1.13876586876126	997
-0.082376442562255	1.79115595685843	42
-0.055833165814975	1.31829935092946	743
0.076620993366858	0.921008735434122	743
-0.042293301227309	1.13455901935805	59
-0.053927310116228	0.709752223267095	320
0.044000800328718	0.789747663951798	1843
-0.039911046802298	0.633539944095267	118
0.056813692691621	0.805994104074183	880
-0.043297549029508	1.45863742064017	44
-0.110809267704053	0.487943631487967	33
-0.115464463734739	0.452671361066694	33
0.056415812022441	0.709526017798792	14
-0.087192565731701	0.391157775207714	14
-0.114762416205777	1.27040985537795	42
-0.0656723952323171	1.3015590103612	423
-0.113239847539031	1.11234863933519	228
-0.042944391698965	0.969928709467194	743
-0.0404848799340231	0.688979986297869	20
0.03929806808482	0.841947454282892	1753
-0.121214800731434	0.877194020420175	1753
0.017482971156375	1.12413927182433	118
0.11468030517889	1.1016035072552	44
0.039969920256164	0.588070119558766	44
0.076674785816369	0.474645119447811	44
0.00111509343785599	0.816227405420927	210
-0.120922063134549	0.854286453309266	514
0.08183293791939	0.844240057260946	514
-0.023750469415075	1.14647911855864	14
-0.054893991449005	1.05918987913308	42
0.094062690339298	0.927245735538084	743
-0.113495574530842	0.925861465909746	320
0.068387948735726	0.710604628385027	1753
0.0283594262471339	0.663495008400153	118
0.024394014031324	0.723098944814443	118
0.0520570997357041	0.770506821018233	967
0.092638621659427	0.87899440676216	967
-0.000436594704993021	0.478210784155437	44
-0.048753309394917	0.84796258041651	210
-0.065701060298304	0.767393295980365	345
0.00125026311134502	0.832526858553161	345
0.013716346371573	0.745844107369487	14
0.022430854676983	0.747043394207418	14
0.03416613841282	1.07415303013618	102
0.096228563471302	0.908886033300421	102
-0.110368631911188	1.20494743576374	102
0.119043433457298	1.60304226066681	42
-0.010587502658298	0.88397116841296	423
0.057007668294045	0.770505266208353	320
-0.062126688141142	0.990724365325381	20
0.110527572106858	0.959421643000873	118
-0.033963216569985	1.18667500031579	44
-0.05048284122318	0.937320576257775	44
0.077195110360461	0.63834719024962	161
-0.00864882066903105	0.943313143205235	44
0.012274076751414	0.448792027063746	305
-0.046756228439008	0.722173579670535	345
-0.114525585343156	1.21371243128245	345
-0.104805994039291	1.31462711376846	102
-0.041920664670064	1.16449531347438	997
0.06754645863934	0.720002611572607	423
0.111309569364876	0.675252159172301	1753
-0.059772953890479	0.845918249981853	161
0.124429791839732	0.510802162950019	44
0.00345160927583299	0.765924966349753	345
0.021635311671007	0.698310719366127	514
0.054799334498707	1.14021901669627	14
0.113174941312246	1.20472815952591	997
-0.000348265966646055	0.832493564869092	42
0.098215377331926	0.880613802405867	423
0.050084723627509	0.820649584673883	20
-0.12115999584097	1.00997677809906	1753
-0.031917640088828	1.31985989696154	2229
-0.069617939816202	1.1098127861312	118
0.10731272456633	1.26908400560968	118
0.011281412526808	0.709928925138545	1007
-0.048878325238556	0.882867420811452	1007
0.119944885295959	0.50509762063027	161
-0.053857091543387	1.17309086094875	345
0.046291616548425	0.805258593470983	514
0.00136092089170603	1.09649697947874	1012
-0.00302035132789202	0.887328597947288	1012
-0.12301688945876	1.06617557736812	1012
-0.012273306611865	1.06039405495313	1012
0.10395410205686	0.842994046261398	423
-0.122904553121966	1.26114121258732	20
0.072443373392919	0.494085577312803	20
-0.119870553437466	0.915896392712092	20
0.045730606644711	1.08169943892094	2229
-0.022517282961552	1.24641064786314	118
0.075607988024248	0.483410688644433	880
0.119399435597916	0.638715540707004	1007
-0.015427591117758	1.28070889873503	44
0.016129501075247	0.690085617626069	33
0.104564083028229	0.933648485032827	210
-0.00441758808639603	0.931209023935126	345
-0.016181310816597	1.00777870211309	1012
0.076568699993334	1.01635377085847	102
-0.030455394162813	1.50294977216474	42
0.0924401184771449	1.19623965217262	743
0.068606850373748	1.5021151050381	561
0.104673245103748	0.884595428453514	320
0.105378180112258	1.03287481314944	20
0.115258162632239	0.971020934374123	20
0.0132341974497719	0.449897323543903	118
-0.054033308464835	0.706603032219368	2229
0.038548535585528	1.26041142595925	880
0.058600597676306	0.980019929625127	1007
-0.0353101995095	1.29241848023592	519
0.039239409180204	0.926210220129359	161
0.078311487228283	0.696183056235228	161
-0.122995242073196	0.995364366624825	772
0.0183752501447459	0.921533055205708	33
0.020248839922245	0.713767011147265	33
0.116568284004096	0.544180872931601	345
0.030562263505959	0.417091506008841	514
0.011695250387738	0.755283654845778	14
-0.0371206701744	1.44019828299992	997
0.00661199498937404	1.43160482208105	423
0.097514223915541	0.911829695983913	743
0.083676442129613	1.24205634803814	743
0.061685946112205	1.38005237757366	561
0.078130742249102	1.18143760186344	561
0.00564099667570706	1.19511280731745	20
-0.118590408477604	1.03644048347279	20
0.082775143090511	0.334667134892423	118
-0.057524552995079	0.949185778359949	72
0.102998845276034	1.17072044406206	72
0.111383487041132	1.09308366206061	880
-0.077471869405317	1.4101311595201	1007
0.045731370024122	0.795169700636836	161
-0.015778626344923	0.989460892486026	161
0.072204608259695	0.711420157698321	33
0.0259374447372011	0.647132952632578	33
-0.048205083325182	0.823642628610265	345
0.026586411987807	0.710814819087712	514
0.075016091269544	0.991960362847773	1012
-0.050841112337646	0.876818687642972	174
-0.101749697099103	1.3944552673882	174
-0.039702844694363	2.12039156591249	423
0.024165478628958	0.714658186542894	423
-0.107022600793978	1.14069676816677	423
-0.070368509961806	1.2171459760126	20
0.114275371863915	0.936018415351671	20
-0.119654251085244	0.985694435718266	2229
-0.0472307391179601	0.612632730811434	2229
0.062965596319477	0.724510792501964	118
-0.052086460758604	1.64728385170501	880
0.022551365695492	0.692420000222172	72
0.042334992385698	1.03136749459439	72
0.103825710403802	0.714074075028965	161
0.0380410808870451	0.879544011036915	161
0.1153581686222	0.68055645701281	33
-0.027158549483961	0.613369898348728	345
-0.04547215939567	0.910812402579281	345
-0.02192029236715	0.260246888839651	514
-0.051930560737147	1.12585185266875	14
0.077381077022084	0.166429385708503	14
0.099576363273684	1.33580376433296	997
0.019466690738689	0.719498389835136	174
0.102135054356652	1.27327183929538	20
0.111599551407467	0.920545711007447	118
-0.0789000085930081	1.53375019127862	880
0.048132094482745	1.14280199561058	880
-0.060175456356628	1.71741558706089	1007
0.111379675271116	1.04248124037133	1007
-0.00728602559203995	0.888707080959783	33
-0.060184522634974	0.968112486287478	33
0.00472385182096202	0.836302263239117	345
-0.021633419913993	0.560865545231136	345
-0.029355635130681	0.282087595479945	514
-0.022640915149394	0.543487581858483	514
0.015393170021339	0.713945730512961	514
-0.044941483037895	0.753008044558808	14
0.080034112778644	0.162136715873052	14
-0.063998824900193	0.951449674624983	42
0.033659458953568	1.25476354657757	174
0.021239988696376	1.59734125719394	423
0.0991674000705139	0.978780899172937	743
-0.109631349156579	0.476413531113202	118
0.097504093227842	0.599782756746322	118
-0.080770904069114	0.377893974093708	118
-0.024154215609245	1.80232801915109	72
0.068746785966338	1.13882673380692	880
0.023119219471289	0.976784893026498	72
0.046147720281391	0.937769324423705	161
0.088615691428908	0.920439252465475	161
-0.06160076437171	1.18706278333701	161
0.054383674369651	0.770626235371757	33
-0.043358362009844	0.856195876012155	33
-0.005899860594069	0.974179977015707	630
0.078727711060423	0.48624691686113	345
0.036577584475422	0.654587133636541	345
0.016583637686211	0.452443934839671	514
-0.01039326781376	0.92497265774235	14
0.00904853216423795	0.825499741287354	14
-0.04211321400302	1.53534771927032	1012
0.06817091179792	1.4198772600923	997
-0.123189758504518	0.874924641245788	42
0.087832771848985	0.647951388882456	42
0.051931483143377	1.17848712759112	561
0.062375493732604	1.08190212232062	561
-0.074522649211266	1.06599055657505	20
-0.020749093954917	0.259070903794231	98
0.091134396069206	0.783847467132942	118
0.018873897760691	0.442707875763195	118
0.111500379408189	1.08465195649925	880
0.016606444325273	0.958334697624796	161
-0.06324953676306	0.953606833718761	161
-0.013908796851039	1.03473691282593	161
0.114618668372095	0.541756079475867	630
-0.0399892314432631	0.616908309753567	620
-0.038711321714242	0.70539819751149	14
-0.117096094913926	0.923080298809449	14
0.077912552920633	0.339429882248354	14
0.0428495546747451	1.25355020229588	997
0.035570964510336	1.25565236118046	2017
0.109858900298783	1.14446247590503	423
-0.024790889024189	1.22949094332414	20
0.094259671938558	1.11432266632786	921
-0.0991926527115909	1.33301269134584	118
0.121005502497917	0.403614281167423	118
0.117822514697329	0.400396104389883	118
0.063292625916164	1.02481622351731	652
0.0708506687468991	0.995120730117939	1007
-0.080247750247475	1.30933045133852	72
-0.019985388227872	1.45544343354117	161
-0.122402320450964	1.17673352468539	33
-0.121746658248882	1.12287355754559	630
-0.01043285780062	0.535799364935794	14
0.086055690711823	0.818171602669611	14
0.0338152518135451	1.53499398311103	423
0.097618935020198	1.17074429881552	423
0.103820024291102	1.09746338916301	423
-0.118571621304289	2.11381847819847	561
0.060897879033102	0.950637322067866	561
-0.000197572912317034	0.873770965280817	320
-0.070748210320443	1.09337878406365	320
0.120819366537279	0.760127061422414	921
-0.054047896781262	1.01622283185127	20
-0.00175491558153595	1.55787716822321	20
-0.113926382702251	1.09558135852442	118
0.114469065800083	0.801084541746384	118
0.121466768562627	0.884465259790904	72
-0.007084286737296	1.62962565321534	72
0.037228212702042	0.878984647532804	652
-0.056340600688682	0.882105006307344	72
-0.025420766893422	1.34476543373065	161
-0.120681296555803	1.11252534416132	161
0.082897349139762	0.619758527007522	161
-0.0295527566266171	1.18208386042001	1376
0.055709236062645	0.788385990856898	161
-0.124155189656036	0.931151957553552	630
-0.00802697110098705	0.885540363950836	630
-0.065317107543194	1.27714124736473	14
0.015539855927004	1.52884739746891	1012
0.101776535530336	1.21102011522726	13
0.049975978761389	0.605484502666022	997
0.123084042135402	0.971570711380824	2017
0.113505720074695	2.03194287799735	423
0.029456779459712	0.7042400483601	228
-0.055222518032517	0.71975105530408	320
-0.12240517488537	0.59104651841082	921
0.0873599760996689	0.80015087848767	118
0.115043278979247	1.04379762827056	118
-0.091119362441297	1.66880609805601	1277
0.043233979644304	1.52185154037526	880
0.00927658142643695	0.435736160150961	72
0.077993419704681	1.20804870352207	72
0.022265579639035	0.441536621864528	161
-0.066645886924055	1.57678663792253	33
0.118853578902848	0.40810862531331	19
0.035819869646802	1.15918749412127	630
0.097845187277731	0.73387719543599	630
-0.063538920956479	1.15024344911596	210
0.00131491232851999	0.774191600738224	2017
0.090240640091056	0.78965818434035	423
0.000926844687861972	0.783879396868938	108
-0.122915337337867	1.62715567729276	20
-0.073047837373148	1.05156294527015	118
-0.051764925484573	0.832134653276585	118
0.111779624420495	0.682969534411324	72
0.042166300020091	0.847338075524417	880
0.054171829840607	1.15720024082052	880
-0.00987514664459999	1.01152562467522	880
0.048381677469202	0.587679745495371	72
0.053854626826067	0.92177565426665	19
0.118690993491812	0.401154365036532	19
-0.035662037226907	0.607847723817569	210
0.071867840913315	0.71129360306866	630
0.078972554976869	0.646211019144763	210
0.119179891826992	1.45621203125426	102
-0.11632121870124	1.3740479116468	561
0.01650323216495	0.450166949724497	108
-0.019445384198421	1.50064782726089	20
0.07467324595835	0.682118992778889	1735
-0.11566665404135	0.904231410597194	118
0.072391293968246	1.02669384388949	1277
0.103397282858479	0.407110766183143	72
-0.023055254258974	0.546642613814868	161
0.07959694623773	0.330449597364715	745
0.086853388956729	0.646442581458194	19
0.113993976474943	0.547663332779408	19
0.07348967724735	0.489412751057279	210
-0.120322994753606	1.1791444041096	620
0.108314467096743	0.41639849987065	620
0.075561651349039	0.507532642843823	832
0.0275406877322	0.438539716184964	108
-0.11528542041096	0.478776162913069	360
-0.119488919276663	0.881637014171097	98
0.095513557818816	0.782650437431298	118
-0.085676373962739	1.70174484053908	880
-0.0843004126611801	0.382110335283478	652
0.110501558954395	0.421210033921159	72
-0.077630557808566	0.384384913562466	72
0.078073824061323	0.341201446850719	161
-0.03185665318631	0.273371441525479	745
0.086230058410643	0.318736719589547	14
-0.080028145412816	1.46844786818494	14
-0.017942668196234	0.959829573400273	498
0.10916099844477	0.581272920447701	832
0.11676233527197	0.53694761935872	832
0.053861058177707	1.24416264408615	360
-0.00803375323927202	1.49672522358691	20
-0.024919970793959	1.14864818069865	1637
0.101933258996858	0.568710837403282	1735
0.070222957072651	0.348081799725859	565
0.023093307563766	0.434060296640233	745
-0.094391152108829	0.378690591187889	19
-0.049406464539457	0.815239930470828	19
0.115315604494043	0.758142048867305	19
0.119714998128389	0.398502957130655	620
-0.025466441327565	1.05693210618503	14
0.017654603387172	1.03179078265918	1693
0.096952399700498	0.978054090452635	498
0.098811508597122	0.940062001812307	498
0.038937140891546	1.11929913035264	498
0.107123715704178	0.684120652264918	997
0.115466370693162	0.860499041372918	175
0.123947697874294	0.52763289363506	561
0.021491716938702	0.716238920856374	561
-0.113115398087435	0.932004098748241	360
-0.031574418395144	0.582570882464334	1735
0.00735295912813805	0.787858305400166	72
-0.057592626933797	1.04864152514729	72
0.031543187896605	0.650806258936631	1277
-0.072232054249147	1.06677522610342	72
-0.04304765974688	0.629672202034556	565
0.114668714871744	0.421602525336617	988
0.066982845656212	0.490537149333969	161
0.061645347664022	0.502510767205264	19
-0.00352652874711301	0.506526516512843	19
0.035621972956874	0.655384373581365	19
-0.056549976979601	0.986418272685377	19
-0.056847130668378	0.746963030077545	19
0.092384969239119	0.646086538954402	19
0.037155311417205	0.619862244634951	620
0.025853375297365	0.64490905421999	620
-0.0822639607783881	0.390032438602284	620
0.074792696545043	1.04307967117724	498
-0.117587148371841	1.28334070703289	13
0.030686562446621	1.1810617824491	175
-0.123060931042275	0.790024647133721	107
0.122005458725927	0.537888674477707	107
-0.046584765684957	0.695629592300012	107
-0.049796154382093	0.857561830136661	72
-0.083831495870742	1.7022392763904	1277
0.069155695534025	0.720703289381256	72
0.00984119944787498	1.05480652284531	959
0.0693928019332391	0.888567842118142	959
-0.047716030321036	0.777820318802465	565
0.00535936845776797	0.754700629138741	745
-0.061581495805036	0.834284553080864	19
0.022823505436565	0.646514009879911	19
0.094305663191729	0.600292970944544	19
-0.053198782594691	0.707000716679216	19
0.118538020885954	0.664255994287043	620
0.026958646028008	0.692242139278746	360
-0.060538830136206	1.08797469650761	98
0.033618058327602	0.574938862935929	1277
0.064865323972863	1.29119129266891	638
-0.026497019713597	1.07923954213625	638
0.012229764142603	0.716180817885881	959
0.05205661234083	0.571564759959277	565
-0.036574555487574	0.624053171780659	565
-0.03982615755102	0.640828914409859	565
-0.116320854184486	1.0567805208666	19
-0.05903775371465	0.830290562178357	19
0.0788387098496069	0.494917083023491	19
-0.102412711272602	1.38049768232193	19
-0.114816513594952	0.953862952088272	620
0.020517552195608	0.993695185603478	12
0.102052686378358	0.747087631872702	12
0.0490669768051341	1.03492051460863	12
-0.065334939733664	1.09258265555264	12
0.061474330073642	0.723373403555082	84
-0.012462510837529	0.520106680432008	84
0.117305738289342	0.535013546927233	561
0.029811210076495	0.643132957612201	34
0.0406830988311681	0.582953357433329	360
0.114655994006256	0.408552684652766	360
0.121595641783514	1.25341981291979	638
0.117880471399576	0.405819767206315	72
0.069070238203028	0.496759207129926	72
-0.092488615844753	1.45982217167715	72
0.061434685942965	1.00252912781304	72
0.072408739043505	0.513779816069286	565
0.093664907281679	0.845980038500641	19
-0.112516778011115	0.964500090301147	620
-0.00391541401759499	0.841825563677282	620
-0.047285172124922	0.636419457669233	620
0.026238487436719	0.434713644432216	12
0.089336465763762	1.07425158080417	175
-0.021594427022216	1.09443471266075	175
0.027125044729857	0.928616800279841	360
-0.060359674406949	1.12677611403174	360
0.111150162778754	0.66807202098389	595
-0.021668417984717	0.53570100930464	107
-0.11769722661053	1.16162798493312	72
0.00162702818431903	0.917760252618323	72
0.088340528540087	0.657186412558426	565
-0.052289004475767	0.732597312091836	565
-0.045717550753782	0.77143496713062	2279
0.080297387183442	0.820562059830251	620
0.020106178913278	0.441394817567295	620
0.090129413400883	0.642557640973734	12
0.024826947798919	0.704951861785052	175
0.0654002421637761	1.38526735425794	175
0.0918289681690529	1.27636000478813	175
-0.047243340028435	0.743693409841826	175
-0.122533181246116	0.894740495903825	175
0.104655571752015	0.924204468810432	175
0.00743647533248504	1.30508786837317	360
0.00180219168643403	1.38694018419172	360
0.08376186336004	1.08944650478529	360
0.108169725938129	1.36781028960027	360
0.035694481650726	0.633466202971657	595
0.053123203185366	0.582485827509092	98
0.115712425186439	1.06364929547862	710
-0.066779515881092	1.13120927152834	1023
-0.024928687102188	1.0402567618506	1023
0.0954342662662681	0.736867625811509	565
0.00647026559276598	0.983695332000786	19
0.0396423742645871	0.880693022650364	19
0.085796709353963	0.775923516811026	19
-0.054056036519198	0.797782957324244	2279
0.06125187517699	0.718918562288126	2279
0.068099044363386	0.515101593853148	1172
-0.00255114307972604	0.887586065460294	12
0.00833545914600897	1.70402084074197	13
0.066723200621421	1.12273127656566	175
0.106206672916504	0.50730316934251	175
0.045223375582229	1.34607557899038	360
-0.012348963803828	1.01066013720618	595
0.112652743092598	0.799740770369734	595
0.121094071386665	0.52423744758609	107
-0.093136365654811	0.380166594450163	1795
0.112142838149585	0.80611821658152	16
-0.058726724669428	1.04726221578117	19
0.055424800454774	0.71675035487663	2279
0.114402791224663	0.682608011221158	2279
-0.013231015087022	1.92332594714513	13
0.084576546061702	1.51751217705002	498
0.013698472038474	1.54842979364856	175
-0.119208026764812	1.20059492466549	175
-0.110685344878714	1.26174824131475	175
0.065407640620936	1.53741898837752	175
0.0613679348039891	1.17404035873973	360
0.124441204114341	1.00921115824125	360
-0.019564159032306	0.513135141776713	458
-0.00227227090420801	1.50499071058541	710
-0.057842170833751	1.68637780302891	1252
0.086177640998272	1.10223773983159	1023
0.063762222668137	0.883271774023483	19
0.071372015944485	0.854255184252672	19
0.101756911619056	0.597797203907794	2279
0.0389582446776791	0.842927521038816	2279
0.098147474433943	0.589571129451396	498
0.00764625220982595	0.782613505083252	84
-0.047125081773476	0.712676828137006	175
0.077253628166835	1.05188451279067	175
0.117450968774142	0.667310973142345	175
0.109484818171389	0.639542862259725	175
0.032938941375365	1.24541512494234	175
0.085164402554891	0.636534289541204	34
0.106461806065251	0.570068419893641	360
0.053208795664549	0.584277897182423	2107
0.023346651136203	0.443678492688586	1252
0.095486264745731	0.744798255977886	1023
-0.105450081512989	0.46999669534941	565
-0.110963463650275	0.495058315535301	1055
0.00336486326543395	1.05011600495091	498
0.046602232551977	1.17330419578162	175
-0.120896401694487	1.15085325850878	34
0.0862481501380979	1.55962337780487	360
-0.116247877028835	1.17077096607621	710
0.088052217213381	0.979474346363442	2107
0.022334739969304	0.711670425532831	1252
0.120282894889459	0.658645536325797	565
0.0230390599036679	0.689896464496818	19
-0.056370583415388	0.835819715596495	19
-0.123273028956579	0.92226433097072	80
0.051600255496692	2.30988369233054	13
0.079793900493335	0.840017132465358	84
-0.044069683254532	1.25591070286856	175
0.0340621938342101	0.672916407475797	458
0.046831119542119	0.792208489312516	1302
0.010862169074239	0.822574182455815	1252
-0.056906166629999	0.951951551996383	1252
0.082099059320739	0.484905937713207	19
-0.053953209755078	0.893537793361832	974
0.014205136558037	1.82317828632948	498
0.113171536272624	1.15577317766343	498
0.00858434445656797	1.22093882684115	175
-0.060340140242592	0.951400310034004	107
0.0494692309953591	0.566755596727647	1302
-0.0148215188693021	1.22772074456867	26
-0.0482837673676561	1.10173175724342	72
0.105953563710763	0.615474370086125	565
0.025704240128732	1.02269578392763	565
0.062912871968727	0.924252026537301	19
-0.054140290788492	1.16455526101958	19
0.0712360824574561	0.505709470381082	80
0.009870206753816	1.00843199866223	80
0.0121037122266771	0.770730039524427	80
0.065957791270732	0.510667001738009	107
0.025997672499894	0.400746502163753	1302
-0.028270921218954	0.614388626717171	1302
0.06914039386228	0.506291141928847	1302
-0.096966765861963	1.31072530643905	72
0.067986490728369	0.754026070735884	565
0.039504841363992	0.917849483395512	19
0.065771217088153	0.324620518117781	80
0.065864778493087	0.712173136937278	80
-0.087192565731701	0.391157775207714	1831
0.080636288109073	0.340851818509334	107
-0.00523958667200997	0.501346433276576	107
-0.035739788812981	0.616264770386406	107
-0.104095180202118	0.460908407975941	1302
0.091729142068291	0.94321023774435	72
-0.023958354608597	1.10262803152962	16
0.091992651619378	0.764598006650391	2177
-0.108708190776509	0.497345478161913	1831
0.106673041789287	0.397363584165619	107
-0.105700910904112	0.481016393039914	107
0.096519798086233	0.746261399708463	26
0.085648067814082	0.657736742810444	72
0.040902209599995	0.908611716163329	72
-0.031462546542112	0.621041373792028	12
-0.00577880849811796	0.860240320699737	80
-0.108898808387426	0.484302418525731	80
-0.030620405395186	0.540041439795818	1140
0.07559946232615	0.497945569293917	1140
0.00786595203488705	0.433268436431169	1140
-0.029818169504894	1.6464569923652	13
0.049779544376156	1.20436997283087	505
0.022405618006145	0.715529761823909	107
0.00223486874725698	0.424601417497537	107
-0.11432612668739	0.488793444717486	107
0.066729048568824	0.721005310627128	12
-0.039744485211878	0.745940178286753	80
0.069151631352837	0.516535201683014	1140
-0.110735725869548	0.4894745257365	1140
-0.05080335596147	0.792467514668362	452
0.080137145363263	1.17423836703348	505
0.025588405197051	0.626618558835296	107
0.06606506280939	0.723512295853582	107
0.10796634600395	0.774620511819797	710
0.108941383584059	0.949391705359073	72
0.111943749767666	0.663582026846311	19
-0.051011280840554	0.980179466201216	19
0.043235424090818	0.593993492110377	19
0.0365998597068971	0.948124817010541	12
-0.048080595879294	0.921390137325107	12
-0.013016382294136	0.896757443776089	80
-0.00871411891188101	0.89295968100131	80
-0.046994142713264	0.76459631228313	80
-0.065044337315413	1.21058947697049	175
0.049335378337157	0.824345262817941	175
-0.047632068492707	0.918272353215457	175
0.057698406037941	0.768569095905052	175
0.098717225268112	0.769320680715879	433
0.028453083512976	1.44911146364254	2177
0.0692285729814111	0.482996578738858	107
-0.058705851917102	0.772416408065926	107
-0.023365016599783	1.01476899612638	72
-0.050947353710764	0.761334218016098	19
0.032287920535493	0.610079784018254	19
0.00554752743242803	0.782562774217411	12
-0.061458862105199	0.833291530435636	80
0.0996933816215489	0.714350114593582	452
0.062831704376285	0.857405512620612	175
0.081119545184944	1.19717702437881	34
0.02554168427277	0.711644021409683	107
0.0263240764098031	0.979314255666602	107
-0.0484595773080651	0.819712997582633	72
-0.045714240216695	0.850518989926101	72
-0.051959750708801	1.14982506414248	19
-0.051899337181273	0.929235940693125	12
0.11013154237189	0.687629713622017	1139
0.116959467395163	0.402809215802151	1140
-0.057591118874221	0.751431825004272	80
0.122378924739491	0.663793974131332	175
-0.070987969857643	1.1108216769087	1133
-0.04956651855327	0.719975749938895	107
-0.058245499303486	1.14365711404369	107
0.097262128590499	0.771825398917407	107
0.0533875329486641	0.898192180182538	999
0.00577550461312604	0.847855249482673	72
-0.028135791032985	0.927453365491875	1115
-0.028960705771146	0.972052823981907	19
-0.045829585858672	0.773976664927248	12
-0.051621346493329	0.700052634903746	1139
-0.058599380353011	0.774337370375127	1139
0.044470900235098	0.581167560904902	80
0.076710913288422	0.505567300822584	12
0.122769963423967	1.46981657959164	1378
-0.066244573431796	1.13565574977957	84
0.016382345201066	0.791793792104549	98
0.072406529841956	0.334641513001366	107
0.039166513862264	0.630356379352237	107
-0.050309927825673	0.727054445710718	170
-0.113157186640242	0.967488611435542	999
0.112199779529713	0.690296290512652	911
0.017248875934108	0.746120647415971	16
-0.054800818298147	0.935841067771469	19
-0.035122833720604	0.713056438290531	12
0.068626355498998	0.327818880202067	12
0.008735585539285	2.14674653670279	1378
0.111384069420016	0.819152744403888	13
0.078225615440177	0.93195063717069	84
0.096297719747238	0.900805889180557	175
0.106739800630905	0.974742068446153	894
-0.065552170573849	0.988966478647091	107
-0.063612669934715	0.84278045626864	107
-0.04948138121285	0.787402231218013	19
-0.11676039584146	0.937934848209876	1139
-0.017059093474426	0.957451183791952	12
0.113106286933867	0.681043068736297	12
0.025033088612301	0.668260084297964	21
-0.116197287298024	0.914741866491871	505
0.045397323179859	0.58033598474542	894
-0.049250361135578	0.708658254393981	107
-0.0595732981320241	0.879163754153271	107
-0.051512076581318	0.975816741431241	107
-0.020256268916636	1.08972082942653	170
0.111511886393925	0.412704517122614	16
0.072328736023286	0.496648672396585	19
0.083858974584182	0.821323693355848	19
0.110760603957822	0.684548385294658	1139
-0.0564232729565191	0.870681471740853	80
0.100299664769908	0.603291498436816	80
-0.071259642610248	1.31819414038887	84
0.100844569275401	0.875068447054243	84
0.087877303610354	0.917551765633088	1011
-0.00890014995922595	0.979028920071276	98
0.074539671115784	0.888908221928585	98
-0.11317357903269	0.738914485648738	107
-0.070035353618597	1.05404423323525	170
-0.049062635018977	0.813888782240209	1115
0.0699344077420621	0.690695076928143	19
-0.115782204468097	1.23526582859132	19
0.066822193481675	0.706196218352813	12
0.027155511044764	0.677069433807518	12
-0.111716797646117	1.11858752799827	1956
-0.013732538707349	0.893878022549524	175
0.077343186743868	1.03307490582091	1011
-0.107367046422989	1.20376064094295	170
0.025443312492859	0.908921112582114	170
0.0520408323455001	0.806827022751867	999
-0.015579868733771	0.908609074113428	72
0.00614481428594305	0.770643187183215	16
0.087832771848985	0.647951388882456	19
0.096923357807265	0.596246017533428	19
0.03550221729464	0.841094163866764	19
0.106817944892159	0.507009141580677	1139
0.052401791342948	0.537153729967152	551
-0.051137987605136	0.692473698893158	1956
0.052888614259755	0.769143925640384	1956
-0.110849518316544	0.500002131597571	1956
-0.110132255124996	1.27221857971154	175
0.11584180507282	0.942272957718565	98
0.02882567270306	0.696524272462015	763
-0.060257134145804	0.818461751415952	107
0.122599382961159	0.73453205479282	999
0.026369280298314	0.681826801559441	12
0.033328801049654	0.637884202125437	551
-0.010238387142773	0.886675810007569	1956
0.087820928363489	2.32157141861776	1378
0.104083473011068	2.25472236994988	1378
0.0690346386430289	0.902933274970418	175
-0.108588557908725	1.21068894686957	175
0.051713344611947	1.06667792468145	505
0.115635105483804	0.409399459599744	107
-0.0165263661263551	1.04978183326662	26
-0.020870221800095	0.996702431565812	999
-0.0653956056223341	1.197825606863	72
-0.074660501194431	1.07057238247682	1115
0.086385599356979	0.658916391209679	551
-0.031429560043249	0.622372561137585	12
0.054995208655649	0.781541317451521	1074
-0.014526648413515	1.3565094475845	175
0.053123203185366	0.582485827509092	107
0.065460543963769	0.677101722431897	170
0.0666296122743	0.721830847965139	19
-0.120186158570334	1.12194889873681	2042
0.046921577598647	0.904031153524891	19
0.05372226025744	0.574345309688193	19
0.062001529911821	0.710162282439167	19
0.033066884912176	0.659821154856174	1074
0.047356424245109	0.789838630739412	1956
-0.044785357232864	1.26517956461035	175
0.112369332222847	0.677197427749479	175
-0.037808562079078	0.633601106111202	763
-0.118381258737446	0.907302857467596	763
0.027603623141866	0.641055663466746	763
0.1238308961611	0.534949443470345	107
-0.0493523089929639	0.69623855418905	107
0.122609789080241	0.605443846387946	170
0.100944776606728	0.831567461605654	170
0.0121182763566831	0.760875442038574	999
0.0534424969320611	0.784973495941835	999
-0.113101597369659	1.12801356879358	16
0.110914374893651	0.677326889744086	16
-0.105341068558184	0.956899738983084	2261
0.111679690467961	0.401321258574724	12
0.106446400532806	0.415334162304509	1074
-0.11925173664975	0.919054095943972	1074
0.084061050116181	0.971749550985656	34
0.047020075987609	0.815737315228139	107
-0.011113594338603	0.925385095874506	999
0.071663264183374	0.703923286043282	19
-0.057592626933797	1.04864152514729	19
0.112349528898248	0.517646576688801	12
0.089077814758432	0.64813357725189	1074
-0.062943769173165	0.849211625965631	1956
0.052040315599927	1.03394539916396	34
-0.039732114664999	0.630922778003191	107
-0.075951966257809	1.25736529850201	16
-0.030709667571304	1.03202046172309	1074
0.02647393347368	0.955514322438193	1074
0.111368201096878	0.751442839215573	84
0.047645273325467	1.02050912897978	175
-0.0235908743554411	1.04176601208907	175
-0.0606144265484771	1.28673659006997	505
0.078459602909825	0.65036686728491	107
-0.123348817112068	1.44464964358603	170
-0.0328703967558051	1.04319437855704	170
-0.0239323597161381	1.09741641336084	72
0.041243557063565	0.906155755828351	19
0.033447991078159	0.635666792012719	16
-0.042966412129279	1.13339175616622	19
-0.046210834278178	0.858654370934346	828
0.111368688696989	0.715967890567691	1074
0.0579344825629931	0.774801301977735	1074
0.123229653200147	0.671369076052056	1074
-0.00883094793637895	0.890151452360508	84
0.099079737175252	0.588873145366274	175
0.0415652110381109	0.829758778807511	175
-0.071956224701618	1.16646682661661	175
-0.067296207733022	1.39071189502338	485
0.08672547623418	0.961115550842634	34
0.021896356565226	0.452095111699446	1262
-0.037690516826276	0.636688686280077	1262
-0.0462767330553669	0.622711719526557	170
0.072003137736451	0.794290171639845	170
-0.059396034512935	0.977689178997707	170
0.012868716510483	0.994644186042103	999
-0.108683997051809	1.25594716794913	19
0.01250015674573	0.813244245304802	2019
-0.054104966278328	0.891184506639812	19
-0.022640915149394	0.543487581858483	551
0.074030792720907	0.319012825596435	828
0.066707335824436	0.340257140873682	828
0.016857365957499	0.764973401974717	1074
0.118966751981765	0.406666727932103	317
0.10819872587865	0.387440575785704	317
0.06585268515776	2.20742800545215	13
-0.054450315116493	0.842855132665699	87
-0.093700322572257	1.19343430716212	175
0.0794878589092281	0.998639259328502	175
-0.119837558983954	0.948589687825894	394
0.047972646730209	0.586916010342936	107
-0.052902280226615	0.84192665729914	170
0.013541743927163	0.952539500483807	19
-0.069135725781608	1.02830297108278	12
0.00261066908926699	0.757242645705844	12
-0.107046855321321	1.08138454632806	1074
0.115227031056547	2.34193168633186	1179
0.051083393470177	0.901546346737006	175
0.07788337379029	1.15905447529535	34
0.113806950064288	0.408873177374104	394
0.078392830986749	0.165523015099197	1262
-0.11176315264095	0.476128273509926	1262
0.043484988641643	0.565542968147365	90
-0.048907660112225	0.867093141979752	90
0.028544355914924	0.705942150060888	551
-0.0777375770811331	0.361913821576111	828
0.119712660575117	0.544199860273261	317
-0.0409219915239361	0.620879655418662	317
0.091114060293834	0.638813662196099	84
0.07034850551774	0.715028728620259	175
-0.05676659974416	0.935221491315986	175
0.094819193631495	0.613196202692297	175
0.0106897772951901	0.820352736220787	394
-0.029367931836026	0.614128933524604	394
-0.123859010020497	1.25465405752091	170
0.061600260808011	0.735666977009644	26
0.010159867005577	1.3777637704476	19
0.074700967894048	0.851726076886891	16
-0.038843441699728	0.642692844291294	551
0.0000890130758139929	0.839386787663473	12
0.072484867250457	0.343480661462907	12
-0.046964741536367	0.820185318215909	1074
0.076710913288422	0.505567300822584	317
0.066255863634456	0.941024205633648	1015
0.123486677535805	0.536076107886939	1015
-0.064448523959998	0.848837315752462	87
0.114402791224663	0.682608011221158	175
0.00790965637350405	0.77708422473892	175
0.112397361674511	0.805010134833648	175
0.066026069721655	1.10344054350424	34
0.048827343158258	0.571253275040504	394
0.010057767761989	1.01949951760767	19
-0.070014423748595	1.31540041128414	1119
0.076561507379722	0.652840394244523	19
0.058364707804518	0.498896321144183	551
-0.016178091508512	0.530810421651495	551
0.116734907567339	0.419911007678281	12
0.023236583720556	0.431457307648654	317
0.00795419117097596	1.39774140696156	433
0.045406456156671	0.831306561020255	34
0.0904568471375931	0.93836095568464	170
-0.106485637723055	1.3268157357705	26
-0.032324808176568	1.11941973037392	72
0.0647975363030771	0.908663871006562	19
0.021127254467211	0.74091336322959	551
-0.020554701469958	0.558211965989375	19
-0.018022304420758	0.955096695302151	12
0.113578570761861	0.419457249695376	317
0.103843572708488	0.862398618565261	175
0.00205941345595395	0.788165325869609	90
0.010884016577414	0.759045257165226	394
-0.060457391005257	0.769459302875406	26
0.078054888416015	0.645195061272066	551
0.082711571343137	0.644992455697118	12
-0.066231220904974	1.39025725645018	84
0.093907650012112	0.74657473108496	84
0.00483250117775802	0.772381362152993	1015
0.072424059465936	0.802416207209142	1015
0.0247015845397131	0.719256504945193	433
0.002473921407528	1.60039609132802	34
-0.045946370201421	0.713066073567519	394
0.101995814632775	0.605796528226161	26
0.119440724678841	0.541009420218988	19
0.0933732043322441	0.600077409185641	19
-0.046402189802962	0.698908053906512	12
-0.022773380407168	0.943198955392129	1015
0.016978556619429	0.964982941196786	394
0.111933443270961	0.543641561416008	394
0.0545156614275411	0.761594335610508	170
0.077596988402177	0.786664256004069	551
0.079579721384609	0.650411451252327	19
0.06075846959686	0.926776567772645	84
0.075796519646844	1.06910719462399	175
-0.01043285780062	0.535799364935794	394
-0.00291360427034904	0.876478739510198	26
0.029217636136792	1.12153899446502	26
0.001175631768358	1.0950185316188	19
-0.033388285536062	1.11997425502862	16
0.041210713878628	0.809088396453773	19
0.055265040966592	0.830944699502286	19
-0.062819958514875	0.825133279270936	394
-0.05312724651976	0.763036647495284	394
0.073375161872713	0.501423087418432	394
0.068707960455586	0.88825880042327	1054
0.10634748810757	0.811466796567953	1054
0.093433244907624	0.877661154911549	19
0.113917390123966	0.792436835879752	16
-0.059623703896034	1.08179769819115	19
0.108862548886924	0.572652106053767	19
-0.0423376709390561	0.846549295371876	19
0.118515758020508	0.538276233587346	12
-0.015803724550247	1.05059211919715	26
-0.102499296859388	1.11266049077889	26
-0.057951538471341	0.99163349690558	19
-0.067247848550533	0.952775042376689	19
0.057682366129472	0.775717238154833	19
0.092030650056948	0.78209894439611	551
0.057191172621186	0.778306224765448	551
-0.121927821111701	0.996859957868065	34
0.101429138677896	1.01735891691448	394
-0.066144955037611	0.883132926091783	394
0.113554178909096	0.412678034312838	19
-0.00991847078714603	0.880003303891402	12
0.081368172329747	0.814206567876582	12
-0.10482278327481	1.36754963284346	288
0.083041732556836	0.474024039816081	288
0.124104106141723	0.39675106175441	34
0.070226468184916	0.502862644748146	89
-0.026184613845177	0.592017717629819	26
0.075276457601927	1.20117578557283	551
0.014919852658201	0.767908315693068	19
0.108205367311751	0.706752618901562	87
0.032944584497279	0.654810664293447	1015
-0.122405777702072	0.897864097503635	676
0.118969860411878	0.528545126821674	676
0.022143967810254	0.696915915948832	639
-0.024139619049628	1.14036425388429	394
0.095699671183362	0.998442208281676	19
0.021527989121009	1.02463725058546	19
0.0382849084153371	0.595818610650393	12
-0.044674710449918	0.711504198015434	12
0.093773571042137	1.02769139970218	84
0.0462022919616461	1.2024261100734	1647
0.037678131418932	0.802453913736104	676
-0.066197239474587	0.941791486117086	676
-0.060865851559189	1.23759702830126	932
-0.108738495183163	1.19306559424093	19
-0.053508928496478	0.815533964018339	19
-0.035365097662962	0.730034037786471	19
0.020557336057264	0.737729643925802	19
0.106143500176731	0.58583866313666	19
-0.0340050283807321	1.11292917301181	551
-0.072155886496477	1.15522872679899	19
0.015785244228781	1.13821262528672	12
-0.00870670751830005	0.957910769519848	1125
0.016263691952583	1.04288840667426	1389
-0.067453181444972	1.3631752714925	1389
0.00244539042666903	1.19536303299974	676
-0.041337234069148	0.775463077873456	6
0.011682045370502	0.818978139533739	394
-0.10977847702649	0.50021675997031	394
0.040672050627459	1.16249409521117	89
-0.102911834813337	1.27753366369364	19
0.069281159801514	0.893804551783966	19
0.00648651709614301	0.789791988446371	19
0.0387744393645511	0.827180173777371	19
-0.100881155591177	2.01483456614797	84
-0.07167533202967	1.00959923646576	87
0.067866090069295	0.930249005009482	1125
0.114731489509052	0.952404912368525	1389
-0.040442112957124	1.49430086897289	504
0.116741693845745	0.956126206104189	676
0.00458776626610302	1.2031056480997	676
0.072624699890542	1.01323845353377	639
0.119977396150212	1.15685531770534	639
-0.059204933287741	0.902312069951267	394
0.035998469902977	0.849605706471063	394
0.095982143986818	1.22716095998661	89
-0.115756977415204	1.71513964204108	89
-0.017517930724233	1.040290417509	1318
-0.11659697582109	1.72104888070053	1318
-0.107379512613414	1.15384206493596	932
0.113825586237621	0.902850872818888	19
0.023348737951719	0.956430975961226	19
0.086740947450309	0.79448146391385	19
0.013965626841531	0.766717341846378	12
0.074168237223734	1.40471276425129	84
-0.065729394418742	1.35600727799231	84
0.07462392029606	1.0575139040833	1125
-0.068883108164013	1.33970561172267	504
0.006333189972904	1.39018561409877	676
0.066027875293853	0.722648690382195	676
0.072353276091976	1.67316294584459	639
-0.113256969193071	0.930045684126747	394
0.00240640292363203	0.878312463910035	394
-0.027118720546358	0.613486458522965	394
-0.022380375581867	0.909420204695809	394
0.031791716177349	0.765784543547856	394
-0.017545250995405	0.920979176934333	932
-0.015579254204478	1.39061162019329	1301
0.030316530317906	0.653352656323612	19
0.015074230161903	0.760867408491198	19
-0.021172594162858	1.16941802210595	19
0.072988351186094	0.665056130398819	19
0.106789216779684	0.720660532081998	19
0.112786897268792	0.705223801968766	397
0.067039097453517	1.52587818439563	84
-0.030599153375252	1.56501618388659	1125
0.100064241090627	0.804152448878793	504
0.099680995527025	0.769528093887191	676
0.10534487946416	1.76733484981918	639
-0.031894595727168	1.11708068260622	6
-0.038393929835234	1.26623469794667	143
0.122056294869312	0.670764578276783	1301
0.081740712364802	0.661599281739535	12
-0.049174820058458	0.866437535432809	12
-0.060765494408212	1.60670331009402	19
0.124229061626441	0.518553125867187	19
0.117675514162932	1.02489577559926	19
0.042458690665608	0.909080472172612	19
-0.008288473066694	0.982615331333118	84
0.102038380686112	0.581042751301736	676
0.111374955022893	0.525502502622841	676
0.108847951596024	0.675712849718348	639
0.048171825943777	1.05213044844094	394
0.077494827785486	0.840455435536961	143
-0.07128626045564	1.10409747948185	89
0.115827133829672	0.406240193049381	356
0.0770016480275551	0.344940815415454	19
-0.056700326058339	0.879157075499883	19
0.113615892453912	0.960288145839724	397
0.105103643441116	1.61843680802616	504
0.11008349882079	0.922281785662238	676
0.122357691151217	1.06271480144853	676
0.034660315699517	0.656015960343976	143
-0.0471267745430211	1.59944917946962	1301
0.041830760594047	0.774525235392526	12
0.07475945365363	0.69842758062369	12
0.099360283882107	0.856530832815259	19
-0.085406930398281	0.380806850441593	944
0.014091500233732	0.426473202378833	397
0.082664019746805	0.337722104319698	397
-0.015444285468894	0.987183142433757	397
0.115870671989958	0.417095637420161	84
-0.070059712908667	1.36447711853791	288
0.025992597924581	1.15801210554903	504
0.115623116060299	1.06318332832353	639
0.100912303488092	1.22829579984708	639
0.082927275488509	1.40659368834209	89
-0.0266791294550171	1.73378319018281	356
-0.0125489365764579	1.3593174575362	19
-0.026920082272221	0.272192019538872	397
0.0637139563997911	0.332235310694824	352
-0.117241401373209	0.989182854316287	84
0.109278585308251	1.43225743639705	84
0.0658897250986979	0.313148360036785	89
-0.014683208407871	0.545456452459207	89
0.00343426909433997	0.781131495668813	19
0.082108290953005	0.838927835410285	19
0.118801301135616	0.412063309042711	12
0.078872744752404	0.486188553472304	352
0.01821382632044	0.678138259643737	288
0.083478187429785	0.678230064762569	639
0.074514381088174	0.335467732056703	394
0.107425720148238	0.415207149094124	761
-0.0275646160994401	0.553139157400284	761
0.01349419991595	0.441551585993571	641
0.077115244919591	0.34238888347786	89
0.019333956815897	0.697925329361435	1318
0.100177582836969	1.40509730215592	19
-0.113329475505069	0.501353172597264	12
0.120283299538607	1.01917804883565	84
-0.123722608543478	0.970101641116767	394
-0.031482832131695	0.277681836483628	89
0.068072839539248	0.335860050771982	89
0.114605682801566	1.405235217273	356
-0.100493511478996	1.45106175274611	19
-0.030902556122697	0.272869754434239	808
-0.027804545832207	1.20138491505522	397
0.039851383840682	1.27558452205345	397
-0.042847376696714	0.691755895756401	353
-0.03207771182455	0.272857221817593	353
-0.048471164124681	0.704718747479058	352
0.025730801391976	1.15550141470269	84
0.052736453666125	0.778073067419598	84
0.124303040606843	0.64428653528158	399
-0.000679097683357055	1.28534080453923	84
0.055438522697088	1.753959414	676
0.067783047559725	0.337488770699937	761
-0.022533904463852	0.512724447278318	223
-0.033544041097702	0.269582703604296	89
0.081619326518871	1.50190781829152	89
0.099694221276004	0.588351491891793	26
-0.0716631322771461	1.12236463962431	19
-0.0599568113075289	0.786291405524406	19
-0.037968543633726	1.58303874035811	397
-0.045770530052206	0.719876704689422	353
-0.116225054329136	1.00814024176001	84
0.078153713697071	1.7394360280131	399
0.02566416063788	0.686281699005646	84
0.0185304701344809	0.435189394963165	112
-0.115308119049613	0.915020926840566	89
0.016730805132302	1.46601948738833	26
0.078918044717555	0.487702866972931	12
0.118911539114327	0.413515398281447	12
0.0260919615583191	0.406728591859578	12
-0.025747350511211	0.273683389104567	353
0.019848614200532	1.14670202269071	1353
-0.054809460368342	1.0842970490663	394
0.085339090609878	0.915299008406912	394
-0.082438299176642	0.389621996869386	89
-0.122547608943197	1.70629464024661	89
-0.078642323166304	1.79458997224694	12
-0.036624714472418	0.276789114146224	12
0.0559602900827651	0.566133347342984	357
0.123789984491592	0.508457263449941	12
0.0244813634421101	1.26830165906321	89
-0.098436566264215	1.33834920805248	19
0.069338488197585	1.51739013882185	12
0.049052522733866	0.99569599044186	19
-0.12400856037146	0.877644289296537	394
-0.03931266838253	0.692255895159161	112
-0.033467689739286	0.637088100326851	112
0.049827589205851	0.569023721261038	223
0.088890680549223	1.10393051978697	12
0.073740415917703	0.33679369223593	357
-0.032288948586217	0.528525076588539	357
0.079980558542099	0.489648812669238	357
0.036617073313075	1.06703883798212	84
0.020196067835897	0.721743932065376	394
-0.121199359253402	0.835460644796671	112
-0.052209887433246	0.710224592399747	223
0.035665887954591	1.11774504708976	12
-0.123817036364596	1.86348058979472	12
0.00750199042635402	1.23581347379127	84
-0.0633632429893209	1.21646155155984	12
-0.064755815425073	0.830857111708517	352
0.033785945276296	0.652198701085828	352
0.027777186814137	0.940075371068818	84
-0.0556239803033221	1.56561501874859	639
-0.0663873953398561	1.41023478088085	639
0.04274342324526	0.628326552546512	112
0.120893507297993	0.408577696397229	112
0.081829228794286	1.70624402447013	89
0.106677655081629	1.38003869733558	12
0.020065677156086	1.29384852250608	12
0.102900408804109	0.851080881465357	1914
0.037082815056298	0.922299494038415	203
0.0982003461555619	0.860874453647887	1353
0.109719825041518	0.404530808222345	112
0.068087224163887	0.506132431832524	112
-0.071145471597954	2.09640499554311	89
0.04271944414246	1.6504974705165	89
0.097347041578375	1.45058560331361	12
0.123991517872758	0.398370724739514	1914
0.06754645863934	0.720002611572607	352
0.091693719701579	0.748186203611655	352
0.073328563641513	0.344560638118064	436
0.111697597535399	0.415763621279902	436
0.073481183053864	0.327035578353882	112
0.073457760694151	0.507203165354151	112
-0.080435490035188	0.368807463383522	89
0.055223674205467	1.39772142810064	89
0.108517688708935	0.414109891788776	89
0.089223266755929	0.656541277295417	89
0.077800348053256	0.32983978064891	357
0.022225205492966	0.439793239170071	352
0.077960894072915	0.336309800706936	352
-0.105700910904112	0.481016393039914	112
-0.034388738646535	1.16554003517003	89
0.106712481999767	0.690973893256545	12
-0.043816261904591	1.20008133927786	12
-0.013303517727872	1.87158070596162	12
0.109995101219037	1.30773164334295	12
-0.104758582237829	1.14781795046257	503
-0.03185665318631	0.273371441525479	352
-0.123497360983614	1.05224724695163	352
-0.071857294425267	0.357263032371363	313
0.014000411837964	1.51674466252893	89
0.11991046770671	1.33497704410259	89
0.100136015990919	1.35480893505498	89
0.085800867205987	0.660182458960224	12
0.027957189606743	1.2055909755922	12
-0.00534410745976399	0.96603455077078	503
-0.114399822346735	0.501138447548834	203
0.071296913042553	0.349221048286534	203
0.114849689002481	0.409440360374683	203
-0.0165521252058169	1.8641087757807	352
-0.0822639607783881	0.390032438602284	352
-0.080435490035188	0.368807463383522	2
0.069817044667886	0.326786808660019	740
-0.085157783874434	0.380411081038441	740
-0.116907638245954	0.484847561382672	1586
-0.034496852379273	0.276988346480374	89
0.00928267489860102	1.12268072233173	89
0.087042325702933	1.03954946968114	89
0.109014815045241	0.895576555458796	503
-0.0185299532662599	0.546930569284805	503
0.022348503666844	0.433066361164037	203
0.120230661206816	0.538311151950343	203
-0.034646573462804	0.63607818174141	352
0.083758316813324	0.660741042942647	2
-0.105592703629235	0.479001747794441	1586
0.116615037615454	0.405501928232179	89
0.00405307494993801	1.19169608397377	503
0.06160141456237	0.503519504118916	503
0.01874194334268	0.643607455847129	203
0.07487262006269	0.162956142560546	352
0.094295686845007	0.602291568498004	352
0.106500773935456	1.60004860558687	639
0.072599636660618	0.327536636434316	740
0.11260272219324	0.417003992555334	89
0.076579681599758	1.68965517725441	89
0.055237652625554	0.776367859910841	503
0.029147390089092	0.964566626158731	352
-0.048947761818925	0.722968715803348	639
-0.124692111701066	0.585322047077442	740
0.019807934125697	0.763400277562577	89
-0.011888434976809	1.1564005703328	518
0.072593069932318	1.05842892837495	503
0.041927568209306	1.01842626638605	503
0.07898245567455	0.337514861492596	203
0.064319317753727	1.51262927019229	352
-0.0188650769112511	0.557133829133215	250
0.100603958576872	1.78304777353684	84
0.00670932330599905	1.18747164269636	2
0.050054447507475	0.908687763941267	518
0.014751855525597	1.05861962390861	518
0.0579776992029411	1.228125977225	503
-0.097946407459192	1.42408034891201	503
0.014509250492028	1.45812393130493	503
0.076287694658462	1.23094912921414	2
0.107536849708101	1.60195611266776	89
0.00285368875603598	0.878286788360288	89
-0.00180612365853206	0.845228711841911	89
0.108101737152185	0.679784289244328	518
0.123702086218668	1.70833666270077	352
-0.094738230281635	1.66654625480031	1353
0.042706720192519	0.570749756954449	639
-0.062218639148801	0.758024234740756	89
-0.046247614521883	0.632170285803456	89
0.058132994438955	0.561322688431238	518
0.02215394161234	0.651522190735603	503
0.0639124276120771	1.68911789692816	503
0.09966196149006	0.714451224698336	12
-0.057469614925966	0.689054793160291	352
0.095741511029321	1.71430154538601	1353
-0.062184017398924	1.69743507637005	63
-0.019114414918175	1.5704758542597	2
-0.038526667333998	1.09683919195874	313
0.00375497899139199	1.30528877909557	89
0.070567086074981	0.856269051456126	518
-0.037947227164624	1.16119515438216	503
0.0555811525415491	1.66902285521934	503
-0.0699932053947751	2.08714213187518	12
0.041574270938132	1.02033994918757	674
-0.124290455113559	1.57085492894669	674
-0.012298830257148	1.51179377318839	63
0.11862013830683	0.674899038552935	63
0.06850443646373	0.863851679397614	639
0.094178511588053	1.33673091315064	2
0.000648961440979035	1.93161628696127	447
-0.105221567626065	0.985797266178221	447
0.043645841786374	0.582016085737815	89
0.053033433129983	1.07101205687526	503
0.124103181412948	1.23356074004258	12
0.0191557512763491	0.71622458253625	274
0.048295019260582	0.589323653869057	63
-0.045659972542798	0.713757597822472	12
-0.053020954270253	1.74751099335854	12
0.045470016276934	1.00813237964838	674
0.0974774355811821	1.36637286329355	674
0.086274198037027	0.791705339907693	178
0.00457900948896695	0.798962541739671	178
-0.0436571846923191	0.698674554107939	676
0.115874392187854	0.403664398243753	178
0.07141227982775	0.347227267199811	178
0.099818934767479	1.04521734661085	2
-0.086008421101354	1.77845768126847	313
0.00248253442337798	1.60167947775706	261
0.114788562802952	0.402855682700787	447
0.020192825901877	0.439115038447985	447
0.02661294524451	0.420813210716343	89
-0.107502537283531	0.466464506891422	518
-0.05312724651976	0.763036647495284	503
0.00717750840620002	1.21799645868969	674
0.117494267778816	1.71360088396083	674
0.072862031851547	0.664185307672193	674
0.012761222053556	0.756072977072828	1353
0.08719675803012	1.11017455937188	1353
0.099277362979637	0.396130171634277	676
0.113421094425025	1.39475535088113	183
-0.121933187191437	0.47648053708808	183
-0.00270357317178205	1.49428588799526	261
-0.030310185694896	0.276351141311678	89
-0.108787917937092	0.490730234054125	518
0.124422521239996	0.524473044947214	674
0.029439237762697	0.662671286358838	674
0.020890767693666	1.14241845335443	503
-0.065175432973605	1.42426174321737	621
0.053200778591001	1.53445825849906	12
0.067184432094102	2.1760871133065	674
-0.0357379807097969	0.609630259559304	674
0.098967697498335	0.590304166837164	183
0.111260255733985	1.238149290316	2
0.022540436384798	1.36177421449445	261
0.119958106369512	1.42532190949822	89
0.039969920256164	0.588070119558766	89
-0.047197182980037	0.640222023945853	447
0.071260671067466	0.502150867807326	447
0.122959085234095	0.4005617661904	518
-0.023235984265255	1.45340409584764	12
-0.021579240164239	0.554602697072162	503
0.027327376739517	1.04873879129968	503
-0.107844201727028	1.68180423788696	503
0.115707055053566	1.1674682391229	621
0.039281561903695	1.45653739194274	12
0.029128565752371	1.84217145875276	674
0.014020532334846	1.8832218602677	674
0.018993448462717	2.01050506713487	250
0.0827593975134761	1.14476899428676	1353
0.049918660798612	0.574669116616443	676
0.085863008639969	0.59365146058886	178
-0.106766127886479	0.484648484768448	178
-0.00214445261277596	2.08493886452103	2
0.031200967532918	1.45226883231065	2
0.01668640806175	0.769568736084963	518
0.00819131084888203	1.39107834390313	503
0.071421607795593	1.24967012852113	503
0.084423219180545	0.931758913288642	676
0.010398089039362	1.19559547184218	89
0.085539109745874	1.54282047543645	89
-0.110511734386627	1.10994178574263	674
-0.068948451846356	1.65106112584961	503
0.021249647276106	0.978949642168444	674
0.05664605328666	0.950160924865166	250
0.084395148516281	2.07037453966109	99
0.051510026498139	1.07727713338072	89
-0.0199459755196471	1.06026270660203	674
0.105676656871987	0.842650439491844	674
0.0957908156599579	0.988200259422128	621
0.016709401341962	0.45313799170512	2
0.116688211984753	0.918724199811625	503
0.086114794837455	1.15052027533715	674
-0.061485715032367	1.17194180555324	621
0.121165747609058	1.25132995585749	674
-0.103247471345589	0.464408373451339	674
0.020106178913278	0.441394817567295	2
-0.0505005399176171	0.719240090406304	1985
0.074708821992947	1.69594865123234	89
0.072063488837681	0.834447380520853	674
-0.08284808600893	1.61820830208035	674
0.118484980151528	0.756086166369053	674
0.089305344262734	0.605284275783185	674
0.115635105483804	0.409399459599744	674
-0.062283615782081	1.46475284535436	183
0.106429573141456	0.795147927154363	2
-0.108758551256214	0.46136691358762	1985
-0.11357627884082	1.04657283279949	89
0.036590794418892	1.40324696750852	89
0.0952475446937821	1.0660238447157	89
-0.016717582997371	1.26749370466674	674
-0.040679710774854	0.709508526429126	621
0.109608895333237	0.410669443061186	674
-0.082438299176642	0.389621996869386	674
0.05171963418768	0.296706261176066	123
0.099244710925118	0.396531550022353	2
-0.031701484749436	0.281832608089541	261
0.06087702329838	0.72533663299736	261
-0.028646112584962	2.05697763456524	89
-0.058692431708723	0.956565804811672	674
0.11564545454862	0.419868574648929	674
-0.053586128829633	0.877820747463644	250
0.020449490415695	1.63044492687225	178
0.028442808868963	0.897418196540518	261
-0.117981913006893	0.48632761001275	261
-0.028259965757971	1.8166555684901	261
-0.081136821250414	1.79619379650986	89
0.112760072095197	1.09704192542692	674
-0.104463309080372	1.50709522001956	674
0.035300811530821	1.22780781648443	553
0.103163507488072	1.08865118834015	553
0.031939503627326	0.896306567945425	674
-0.00812998808764298	0.867360213889295	674
-0.035028216079092	1.29897006095285	812
0.044109858588989	0.593892499864567	2
-0.11990059651575	0.489878123916896	261
0.10177497618405	0.685433722905958	621
-0.010030851295379	0.824885925596908	674
0.119775500351608	1.10328706430357	674
0.036558681787757	1.37194644656194	178
-0.101921644898595	0.455071780849165	812
-0.089342963574661	0.36921890082066	261
0.025065929970265	0.992933379195776	674
0.072484867250457	0.343480661462907	621
0.034208474704584	0.641985019642041	674
0.00547283820038202	0.429171622974884	674
0.026291279584528	1.40815743901021	1347
0.00836139563475902	1.49557445281244	178
0.019018465091044	0.958495199325298	116
0.0293352049358661	1.23633292795873	594
-0.050024418338334	0.776846974414497	2
0.061292123332555	1.511966642256	261
0.084396203358166	1.07294964795185	89
0.09728540232574	0.975192210661568	674
0.114052673449356	0.831101454229671	674
-0.037924201174192	1.57277623539549	1347
0.10508681136529	1.03540969509175	183
0.068912733684109	1.21968100719402	2
0.10437965276296	0.406984751047121	2
0.00061011284150303	1.8527463502726	261
0.030109574770905	1.49207382752041	261
0.090508697451076	0.918626273541188	732
-0.077267734723078	2.30340284070757	732
0.094502391102671	1.1387698996344	732
0.047081753340248	0.995982076616556	89
-0.00683025541973603	0.979534908255764	89
0.063582635047891	1.07469794266511	553
-0.053753747702547	1.01749346635552	674
0.00701497171688803	0.770004133281208	674
0.118178961631415	1.42773748626051	621
0.029093152136502	0.615272430694785	674
0.122502199348071	0.751510214166694	674
-0.115705429013492	1.3261445239324	183
-0.031729597657004	0.93404736090867	183
0.121208938233971	1.00487263875955	183
0.074320886102868	1.02413777891822	116
0.0959596294207961	1.08457796217427	261
-0.1099335325625	1.23474141153482	732
-0.064066530234729	1.2376524135128	89
0.092273644786275	1.10671766662987	674
-0.015700835733821	1.6522838059089	674
-0.103204584084694	0.486694318846305	1347
-0.082355095123163	0.370640336997677	1347
0.015261084167849	1.61267483542336	261
-0.00136459545446299	2.12540641902978	732
0.112461648428126	0.413779307741253	732
-0.028400719510452	0.274228249401465	89
-0.10687537053924	0.471164319061111	553
-0.014737784847783	0.545296414757719	553
0.024597841059011	1.60803516580645	674
0.080636288109073	0.340851818509334	674
-0.112259882962266	0.498487565867178	674
0.121149086032199	0.540982502780224	1347
0.063732841378197	0.32066021680393	183
-0.035195617508659	1.91450489790728	2
0.114849689002481	0.409440360374683	261
-0.1245317996497	0.579351265165579	732
-0.054699363375269	0.813247709335142	89
0.049800093292764	0.59054653791271	89
0.022225205492966	0.439793239170071	89
0.00793861261232898	0.837914072109644	553
0.035088893623123	1.94168856239359	51
0.10385105397239	0.600097415414435	206
-0.053823372492242	1.12314036987666	261
0.107335794324139	0.414028507212231	89
0.090099066546601	0.803836271025091	553
0.02281370184285	1.18623075834322	674
-0.112099308108063	1.06047199499558	206
-0.12292859061112	0.940004978359407	2
-0.056797114582916	0.968573795920173	261
0.07462893896004	1.10289428972181	261
-0.029357615337818	1.12056917631334	261
0.047329165976252	1.04958086970386	261
-0.012897294127009	0.522354935988428	18
0.0238324039929551	1.11375835432069	674
-0.096476651553235	1.4906398932254	674
0.0882047777619011	0.65943731245214	674
-0.067533283457946	1.05005054700799	261
-0.109263442778779	1.2329023060428	261
0.090379875974782	0.77558680988978	89
-0.048322998118941	0.628295673074494	89
0.070240662939923	0.487071391057408	674
-0.097325193955048	1.59882958323939	674
0.050852014048836	0.843252587834457	168
0.120230661206816	0.538311151950343	178
-0.02723955691331	1.12344887598445	355
-0.058792712751775	0.903166771690075	261
0.044576590886505	0.987726107575218	261
0.096521262379476	1.01578897792237	261
-0.017367060826289	1.21522493849983	261
0.11257855029333	0.64629456306487	261
0.009084716938633	0.776461366097019	51
0.097956383765836	0.594889993328285	51
0.10535373466362	0.414220174065668	206
0.086640732076508	1.34385021851421	261
0.00165306672041099	1.33199570146317	261
0.020571929651966	0.986797726096002	18
0.101194273523217	0.935973524249838	51
0.11716506633741	0.667467492532984	51
-0.0315322495811881	1.38367015513991	51
0.120528607697644	0.538559524741244	168
-0.121956912620093	0.857250319008664	168
-0.093788340261048	1.19195160737575	775
-0.097439300778012	1.29769579332428	261
-0.076153072361468	1.11260556152775	261
0.056004553763699	1.01589832880818	261
-0.105335020790779	1.14234785973586	89
0.0670458028047301	0.511169195285942	89
0.0412594816816499	0.812649749593494	51
0.083942033243993	0.870114932674727	992
-0.02366560571484	0.543541810447453	355
0.094182285404174	0.864932486428165	261
0.121936811414728	1.53047423805799	754
0.0373759714549911	1.33490141072999	89
0.112897284824037	0.406235774500804	89
0.118911539114327	0.413515398281447	89
-0.036624714472418	0.276789114146224	18
-0.0822639607783881	0.390032438602284	51
-0.021562991835552	0.534104087537605	51
0.00762066137354001	0.8132035730466	51
0.047406627360754	0.569756845042509	51
0.00436929516516604	2.37330876253367	369
0.00351673658741503	0.867513370558771	168
-0.042617948095658	0.693307494685891	168
0.034287027643769	0.631737799363696	168
0.00994258082508204	1.1778495930778	355
-0.102064859767796	1.44122331483776	2
0.048670469338951	0.962165222980295	2
0.036029616959986	1.42501908134405	261
-0.122641672872798	1.02280159399515	754
-0.098997044854075	1.4439487671023	89
0.035739704677881	0.655182558870331	89
0.032622754431242	0.654306769645104	89
-0.122111971007731	1.06530760265725	89
0.00057318268949702	0.898184907607294	1002
-0.041305543722075	0.68495056248952	51
0.080636288109073	0.340851818509334	51
0.108066183279792	0.668423516673807	51
0.020393448040286	0.954698908929509	51
0.038151028531151	0.768238556339343	51
-0.053680796945942	1.04615734125975	51
-0.0607105891777811	1.08952010255272	51
0.048864897960754	1.01118295010518	51
-0.110005465060789	0.984182571855964	168
0.121344225507849	1.42707183125341	2
-0.028868824108737	2.20503951490137	261
-0.108708190776509	0.497345478161913	51
-0.0248274062420431	1.45077894509276	51
0.097899930281388	0.853548809599764	51
0.01177831311711	1.63093389907303	51
-0.069269258228323	1.18801680593953	51
-0.056531067151432	1.12918168315526	51
0.09208615838301	1.59327812940663	51
0.110976894659016	1.41061181413013	51
0.02099600149279	0.657404731895536	51
0.057754882355308	1.4983468854952	127
-0.057866751408744	0.756575070923909	113
0.049898779968739	1.02455741647748	178
-0.10516540894657	0.466525468377973	355
-0.057890076673948	0.953411886055759	261
-0.116117463410745	1.03553654782121	754
0.071317247006756	0.491800708932982	367
0.124028099050843	0.618649770691005	89
0.12380660310208	0.525876664040594	51
-0.107912090901862	1.94200679184419	51
0.020100391789972	0.743471517822411	594
-0.117919211436234	1.45646636451189	2
0.050894460173725	0.714154895832481	2
-0.025920799993887	1.0494395518863	2
0.085787347228252	0.64854960007473	675
-0.092210102389476	1.71201769311132	89
0.011462500487688	0.778758324498303	18
-0.019522914846601	0.978605488540812	51
-0.00600075010942902	0.935630947562627	261
0.080493908599774	1.44316866472097	754
0.012188795673503	1.86593133590061	754
0.115251741877118	1.22541843561211	18
-0.056534976449878	1.64980606153744	2
0.072230975064435	0.858380694687367	261
0.08470016168654	1.42051799421461	261
0.115510710387009	0.848957181902793	18
-0.039263089543515	0.68693153329786	51
0.115324652914282	1.35647605581887	51
-0.112259882962266	0.498487565867178	127
0.045984101454747	1.33283045859504	113
0.082428616881539	1.5894195608247	355
0.072255440315213	0.345713929555499	1276
-0.10783209339241	0.485693320520284	1276
0.093736624174186	1.406165294778	754
0.003404973711019	1.43569289467255	18
0.075671233142224	0.498657826103602	18
-0.049556243123897	0.784291280857319	51
0.077912552920633	0.339429882248354	51
0.049474155970628	1.41831149685705	51
-0.029355635130681	0.282087595479945	594
0.048714500768018	0.588877888074475	2
-0.036624714472418	0.276789114146224	675
0.00270629983819704	0.870551634423574	51
-0.117224087303247	1.62607033639306	51
0.077157673025093	0.168800521143936	594
-0.045581543356328	0.890652629662727	2
0.018292113752676	0.704812041118337	51
0.115476265888266	1.24176884462732	51
0.0780391378844399	0.673414799009597	51
0.072370135073853	0.348048430042104	51
0.107969309858303	0.573564112363381	18
0.094358687865607	1.01935526889285	18
0.078029250252539	0.792026846164978	51
-0.065500785855131	1.35569906346125	51
0.070255016464864	0.337450750416314	51
0.039568615735091	0.638227283641175	51
0.092559243346953	1.182964694319	759
-0.026851306303747	1.3742868429218	18
0.118714587477125	0.913180557058184	18
0.101122660386538	1.15914865856228	18
-0.093242229772752	1.52863415171958	51
0.031467857626062	0.92279073649181	1019
0.04254440387485	1.08934085224224	884
0.053727762675167	0.571344417891589	884
0.037164757350501	0.583067840762095	884
0.10455384046204	0.559858403970957	884
-0.024375110083089	0.551521290384822	177
0.013287332752335	1.4009086222437	759
0.033901155740883	0.64622295514919	51
0.017667288736016	0.451348453246584	51
-0.11155171518134	1.26055138922244	1006
0.101248101143866	0.743559785420144	1019
0.116640454634745	0.873872074954363	884
0.094305663191729	0.600292970944544	884
0.022379459842874	1.354915383904	675
0.101547337831119	0.73578803668992	1959
-0.083646693617832	2.20435872417106	18
-0.111457340981461	1.66944630933731	759
0.072359107539741	1.34105090774342	1123
0.112446143319047	1.30160998430561	1123
0.0770145952738121	0.842040297000608	51
0.073510099121729	1.25788111406441	51
0.111987376193151	1.20601009395755	884
-0.0662595339316891	1.0658452909049	884
0.00582721001222597	0.794705671019426	884
0.022871646165425	0.705784008499286	884
0.07029940023043	1.88995462623422	1959
0.035960275047113	1.87253904739194	887
0.045389770381466	1.41324264125427	1123
-0.043146480770231	1.93973209002485	51
0.051153918356149	0.772912001298975	1006
-0.015755437204931	0.856105471934582	1019
0.0699806334325001	1.42222593065311	1019
-0.00109863321124903	0.758395413746113	319
0.032731071287154	1.2620662682668	884
-0.0409444864615	1.58576140745137	759
-0.032099505114162	0.994443645565151	759
0.103106250227526	1.71999295239935	759
0.091520978331734	0.87376842586718	759
0.011213708369844	0.889664878084869	51
0.034921206072709	1.67089538299605	51
0.00508187666439097	1.03262137973074	51
0.066511620922089	1.26674431614757	178
0.017750983613763	1.47110670258101	177
0.026694695650478	1.59388436717123	1123
0.122531147590162	1.505865317258	51
0.045328519386038	1.24846417587081	178
-0.070580473144422	1.48653414866639	178
0.053649278196871	1.06258888155055	178
-0.037893832103799	1.38749195986394	178
0.034265663913938	0.975657895895615	178
-0.019146406705824	0.996384303547655	1355
-0.054721480350286	1.3498143278599	319
0.050629866086078	0.996184971292396	69
0.11313258109881	0.813134142885281	1547
0.055449623616374	0.923852798486153	887
0.037127973101859	0.867876703218589	759
0.035050147993417	0.623870601520063	18
-0.124425555193786	2.46099018714202	1123
0.032571371327045	1.20611451884087	1123
0.029909719889035	2.34853760466673	1006
0.111018415458398	1.9883452499531	1355
0.013545004679599	1.2382471898654	1355
0.053139577958086	1.36661947928657	542
0.076161017274293	2.01655050622392	69
-0.109553532277413	1.57728722890239	51
-0.035485625133337	0.675181682324281	51
0.0652350584370191	0.72102873554789	884
0.102959152747069	1.22860447719013	221
0.113169428571808	1.22009416055822	51
0.09992702106689	1.24663358557617	51
-0.0549198932543	1.96587843397673	51
0.0778611149244131	1.79549055238167	127
0.088772542714838	1.51255593992577	94
0.0608502216853	0.74182483513109	23
0.083871037722365	0.996960789011765	51
-0.097226416924181	1.22797214474142	2217
0.017938481433899	0.445997284219768	2217
0.108433361375972	1.03277607880306	693
0.063105546361381	1.33041603390129	94
0.07492678818387	0.34207322300258	23
-0.042067088419087	0.632014219466114	319
-0.091614825343072	1.84075738069408	51
-0.013052634924407	0.982048233589078	2217
-0.120242376050753	0.580668846146158	2217
-0.119641569524639	1.21958114590749	693
0.106208363505367	1.09220328116591	23
0.0501692900808281	1.25186811251924	23
0.073135638935764	0.662800189585202	319
0.0860641427386391	0.58871075434605	319
-0.00662319752262297	1.27347401970513	18
-0.090608881497556	1.37302308435001	266
0.06810218361334	0.501712529061911	127
0.121524403595552	0.667589117767972	1423
0.116509793749209	1.055785169335	18
-0.0361612671384129	2.21012475621471	266
0.090237180952195	0.746562027008368	266
0.075507423799013	1.00230370885068	127
0.041506923899116	1.41454934261926	127
-0.111532007608535	1.1577304212856	693
-0.113216988776495	0.4970481830494	23
0.0513888659947011	1.79775803843953	887
0.089330121012827	1.0674926024192	18
0.110569305602415	0.785982966610488	266
0.068737774138216	1.13650295496389	266
0.026651166322521	1.18413647666916	788
0.07289843071703	0.332641572715551	266
0.081706079807492	0.33890626588125	266
-0.04956651855327	0.719975749938895	1423
0.077381077022084	0.166429385708503	1423
0.011322462039285	0.444030529532669	1423
0.01228227515126	0.446719668176356	542
0.110399845159961	0.530809875562064	221
0.11411842603778	1.43866815586514	266
0.014669389539678	0.451403113871391	199
-0.117907642960106	0.468099794832931	23
0.052464200293696	0.790027467979247	23
0.011322462039285	0.444030529532669	23
0.042641051532729	0.585313295912167	2190
0.065896603680887	0.510984499423477	1423
0.077381077022084	0.166429385708503	1423
0.103130521551946	0.86551924185387	788
-0.010435421599461	0.870243826317072	1691
-0.103095102553397	0.484627754927694	1691
-0.108002682568325	0.976199268018981	693
0.00607783734337297	0.85740477623554	23
-0.123346350720641	0.564978298685301	2190
0.000732991630765012	2.04294786826927	69
-0.019728795312017	0.994608368789334	1123
0.122067683955755	0.613087772353648	266
0.016869944604347	1.22719327229488	788
0.083114696422803	1.21811560382864	199
0.0467134901735991	1.49810721249529	94
0.092210859351761	0.796580961406478	319
-0.114211501741206	0.473789984035844	23
-0.0614463189860171	2.22951261319449	1123
0.115952492355362	0.907716699895025	1123
-0.122385074985467	0.858926728984362	127
-0.0826837765267841	1.66707553598481	199
0.088684500703952	0.913786997129956	693
0.090661381894069	0.748476861092854	23
-0.110122956877007	0.478162838316003	23
-0.11432612668739	0.488793444717486	242
0.024186903058807	0.432344903634366	69
0.039702564323962	1.84134425346515	1123
0.08516521042004	0.746864811755651	788
0.10943266618269	1.62652074130364	94
-0.00941031251419799	0.530556428139302	23
0.021146743210809	0.441756076651499	23
0.120932307531403	0.384700986862268	62
0.016630271563146	0.443055984851054	310
0.03696031008756	2.04752937338365	69
0.0757364334224589	1.27865581793832	788
0.075997613372089	0.342059532098635	127
0.034066356114256	0.396731889500574	199
0.022298711993848	0.726146212413434	199
-0.102138672412924	0.482999497998018	62
0.028618907903106	0.431408769507749	199
0.101237553567228	0.743597299944124	199
-0.030902556122697	0.272869754434239	510
-0.00167423994681304	0.820580681112219	23
-0.080402424253615	0.377227512437434	23
-0.02366560571484	0.543541810447453	62
-0.112148294506346	0.490596405671902	62
-0.025747350511211	0.273683389104567	62
-0.049707764234444	1.17230477177755	266
0.104545506194095	1.04323621969942	788
-0.053527188956302	0.919576310087363	788
0.063755015046598	0.507489211053696	788
0.048438094588898	1.33626563365729	199
-0.122970962310854	0.78502625761839	199
0.093153164332898	0.629954334498718	694
0.055123600314453	1.50620805387524	94
-0.124532221556821	0.812923834842357	23
-0.037800939812896	0.276768500877037	23
0.081594324552388	0.339656972060791	62
-0.041785246632575	0.265499440917768	62
0.107572219982982	0.978472943223589	788
0.073498800948228	0.497654417528362	788
0.063806813092643	1.29858584427118	199
-0.0617705976933191	2.18402909195175	94
0.082486481094361	1.12813692501789	788
0.0697546120845099	0.167030672711168	788
0.079565767061394	0.340865513692075	199
-0.066594701298734	1.26498438543015	199
-0.124568965048217	0.81461478050719	694
0.114691744970462	1.55536516060416	94
-0.117907642960106	0.468099794832931	69
-0.0320932304832851	1.19479891481227	69
-0.050438226823623	0.996073004251912	694
-0.000395363574856034	0.879781208182859	694
0.068336496013885	0.332360775450777	169
0.073909048430956	0.292430609476344	169
-0.075424961488861	0.370924070503436	62
0.057487387856586	1.10587997049705	788
0.067783047559725	0.337488770699937	62
-0.075716265294978	1.18380082445749	266
-0.00619478962929498	2.35289407156341	94
0.092077441004931	1.7221128234009	94
-0.087192565731701	0.391157775207714	169
0.081992417459986	0.656539039706674	62
0.013243144616704	0.445015758521472	62
0.100410317725109	0.599824933591684	122
-0.072744804523552	2.11552603547977	199
-0.077630557808566	0.384384913562466	62
0.113692797755346	0.419099570967495	62
-0.0586572384708201	1.32220402686753	266
0.077157673025093	0.168800521143936	122
-0.0822639607783881	0.390032438602284	895
0.0697546120845099	0.167030672711168	127
0.00210774557538296	2.22654100524572	266
-0.019877000513759	1.16422018901263	266
-0.00176292324826	0.896747116907011	266
0.044627679978712	1.11194364070804	211
0.022974821212394	1.36970642468023	122
0.119939931083813	0.408980313983815	895
0.070765485705499	0.166131661423598	199
-0.03383078285931	0.270260664886143	199
-0.024575497593925	0.272380382677949	694
-0.115400950082156	0.490303789479075	694
0.119889306056068	0.407854025757899	62
-0.080228888644081	0.384421360106099	62
-0.093136365654811	0.380166594450163	716
0.035551174051257	0.585312079168903	69
0.025241289007251	0.951635258901988	266
-0.088598649225306	1.97449067925638	199
-0.116480883137991	1.11557914460706	694
0.077821234367219	0.733130874925895	62
-0.11432612668739	0.488793444717486	62
0.072370135073853	0.348048430042104	716
0.077381077022084	0.166429385708503	716
0.118194203181915	0.762208458811993	266
0.105895087580373	0.709951397738191	1151
-0.098234456937945	1.2877901421054	319
0.119552850732359	0.724106236703151	62
-0.069826941817052	1.15527193103487	62
0.077381077022084	0.166429385708503	716
0.014453744358553	0.451743553842499	257
0.021209365643624	0.796182950581683	18
0.103564459414607	1.04586169951579	18
0.064097609047102	0.893669992232887	266
0.088129904396856	0.729185411958385	1485
0.089862545756691	0.7866895577982	694
0.00553927988983705	0.863227470309154	694
-0.105338656194373	0.486327560461884	62
0.068719682519568	0.961272336105789	69
0.077115244919591	0.34238888347786	1485
-0.02192029236715	0.260246888839651	1485
-0.0354493733189351	0.271601399611818	1151
-0.00135528937688401	1.57068929654978	211
-0.114636112225228	1.14884754544864	211
-0.106734991375927	1.56485638568557	211
0.065748685188526	0.33950936019758	199
0.069663034670417	1.34595463370691	18
0.108909051095854	1.22123521010236	211
0.100271027541951	0.74527303809761	69
0.018300095627348	0.960684201912667	69
-0.0585786867108961	0.87344160177497	211
0.074043797220978	0.850888094711453	211
-0.024394472323754	0.97051311528925	211
-0.06782349014205	2.45560435893678	69
-0.041732700401693	1.35217480367105	69
-0.07602146976229	1.16214832302638	69
0.111919167371497	0.712819723108901	211
0.034119280192462	0.870854753125695	211
-0.00234860387986402	2.18384274869755	211
0.084511840824028	1.45759371381808	211
0.00827817987821999	1.30523513390215	215
0.072709834892568	1.4777062192342	215
0.0182815353106059	1.61539310012148	199
0.076145680296475	0.169748498828741	1070
-0.049973749136224	0.695496093002432	257
-0.101582104717775	2.23683816963713	215
-0.050867719731736	0.75519497333245	199
-0.00586185591894295	2.12834633601003	199
0.101875949187449	0.604824149030577	445
0.083732986688663	0.33350917433644	1070
0.079572046039776	2.09001815435574	211
-0.026813461770401	1.81499900693967	215
0.101007168045804	1.42330040531357	215
-0.055804245272667	1.26462395855093	215
0.106867685397805	0.864703407824436	601
-0.121858518270856	0.88095689518776	601
0.082875029677175	0.666652405492285	257
-0.105116259027197	0.478167000049284	227
0.095211662376614	1.84777147924875	211
0.087023353482533	1.88608739520867	211
0.00406312631593597	0.773057106794044	211
0.096806572260143	0.606448550984474	215
0.083046222237911	0.726815764150245	601
0.063708973176366	0.501258976723907	215
0.066731347497365	0.323596283649611	215
-0.034496852379273	0.276988346480374	199
0.0803550992966821	0.664971302243177	601
-0.031482832131695	0.277681836483628	227
0.00483127940065398	1.86044108280302	211
0.101035292319383	0.967184192664378	211
0.058983367822971	1.19903837979736	215
0.025908554665005	1.82510538438407	199
-0.032656364084889	0.276141816923875	199
0.096061771104609	1.67806991362477	211
-0.065693438822228	2.44279975781585	211
0.075458807953493	0.975109265105962	211
0.0712176601476861	0.49169464067249	1137
0.121025528690828	0.408106920031979	227
0.118663423851859	0.823435884968884	211
-0.037562196998689	1.44013123302305	215
0.020868575740094	1.52259888262917	215
0.01228227515126	0.446719668176356	925
-0.028184036827746	0.275670569334874	127
0.00171556168523701	0.844322221161466	169
0.018161197480113	0.42843913633589	227
0.076042970088203	0.34615123484214	227
-0.00996688522656897	1.59540400146996	215
-0.062523547734287	1.04443822476663	215
0.072370135073853	0.348048430042104	925
-0.110849518316544	0.500002131597571	1383
0.088583752998879	0.638722908230042	199
-0.057881484683562	0.91499341666726	445
0.017916588031243	0.440061897827952	227
-0.079839134718963	0.384159360430658	199
0.0580422128111709	0.866140287247445	445
-0.06105242954095	1.2346559165242	215
0.010986859503915	0.441292324212089	215
0.092871582986644	1.99792293530443	1383
-0.00719568235215495	1.37144915806901	1686
0.086808621976475	1.39342489460694	211
0.123561694901798	1.00519623859857	257
0.027139528364164	0.707636072917059	535
0.085001453308704	1.16563156947439	211
-0.062105878503112	1.21913595233211	215
0.104770002232582	0.651073401610065	445
-0.048414985559562	0.80441085278141	18
-0.12115999584097	1.00997677809906	211
0.022980529317106	0.44841116770216	535
0.020937430206965	0.456646403929225	211
0.048058266511245	1.31938502672696	211
0.122989427623193	1.909600615391	215
0.111482797128325	0.534294008791916	127
0.077157673025093	0.168800521143936	211
-0.028184036827746	0.275670569334874	254
-0.080985351277766	0.367982426078039	211
0.069641456785656	1.16958299611694	215
-0.032656364084889	0.276141816923875	211
0.084353142139223	1.51156240634115	211
0.020150648739822	0.758736470212685	127
-0.100190010968292	0.342408557305655	969
-0.079942362317565	0.36461303080392	2033
0.032896059021709	0.897517622019972	69
-0.0452757211342501	1.31545188837961	211
-0.040898140823311	1.49635754012464	478
0.038741821801125	1.0218889256093	269
-0.0691305457096541	1.04769586092385	1473
0.025500808133203	1.1539264273044	1473
0.04206195187606	0.59251829276904	2033
-0.105527549036694	1.43792569132512	269
0.112904077109337	0.825605132712319	1473
0.118247412030783	0.753352386913252	211
0.073911732677534	0.836205571045517	211
0.05847845017269	1.03616961606074	478
-0.116379891106961	1.43316328530295	478
0.078385265536564	1.48880496460739	211
0.056031802575477	0.768886136564263	211
0.098254448415375	0.699149767700973	269
0.053668226852605	1.37181280146253	1473
0.106032568057096	0.731063709787646	1473
-0.122032190187456	1.26943437126773	243
-0.101857953757244	0.948992065224011	254
-0.010617920594353	0.903371034060054	187
0.015136075988052	1.13382607808537	211
0.12362256107143	0.989082530166929	478
-0.100890229782286	1.53778451097254	478
0.072251652354693	1.7212715610665	478
0.073447466251898	0.477530852845589	69
0.015670253785794	0.43333561841464	269
0.121757737508684	0.630528863566835	1473
-0.122616003739438	1.00872265300308	243
0.117728002970098	0.387052183878651	243
0.067444796009537	1.11615399602614	211
0.00749177913335497	1.21783860747666	187
-0.116669876791468	1.37874787115035	187
-0.040722825673327	1.70153214097222	478
0.101721039422258	1.05073443269725	69
-0.063168189675237	1.90450596235482	18
0.118433372075324	1.83692615690957	1473
0.119075301247157	0.626070885273696	243
0.05289055668188	0.57689756673851	243
0.041880934997823	0.634057574685536	243
0.097065648190599	0.829318032401593	211
0.054625876038108	0.787081263246289	187
-0.10824148326861	1.10125761805186	187
0.031533748155581	0.891144473590728	187
-0.065922801237007	1.29923432607544	478
0.087391259950767	1.39299324377194	211
0.0291220106561581	1.53009549318846	211
-0.048153265240652	0.698444086102079	269
0.108790376921062	1.65186549948073	211
-0.124476554728996	1.05416490680165	211
0.117663832522154	1.03881710917599	211
0.101677859541958	1.51730590257381	69
0.110290348661549	1.39953140264737	69
0.123949004672736	0.392463184115679	269
-0.0748027120281271	1.96433138480077	1473
0.0828448172206871	1.62026277744329	18
0.08181786803672	0.328434096900563	243
-0.033531990505821	0.627280252689232	243
0.0259233748854339	0.960770821945814	187
-0.11449532756285	1.16316565342786	478
0.041093414523388	1.6288793640739	211
0.00552199649403695	1.98982530869355	211
0.110644226036175	0.817952471134535	69
-0.018241926451373	0.927005361373072	269
0.087643644740286	0.600519675287027	269
-0.058200271806245	0.822129756265267	243
0.124517100948701	0.728255606846938	243
0.043368056785781	0.624900360052379	187
0.110208666975423	0.815504076843853	478
0.00586376980254399	1.28527420793203	478
0.0649766962045461	1.01943936136922	478
0.087449766391061	2.25086630539249	211
0.108502815820779	1.06097255251911	211
0.034724403655625	2.3256718934206	69
0.099725616643761	0.918548785773325	69
0.093240287027175	0.391776729097243	269
0.026998037820277	1.94931878467569	243
-0.115155858234315	0.940056846352292	243
-0.0789073149963711	0.376002935933351	243
-0.110793849590014	0.459734870958731	243
0.080948170944299	0.734742905629214	187
-0.033691151323183	1.33800216552868	211
0.095283129274931	1.61050028148321	478
0.0449700420286649	2.24053089040404	211
0.109808707321114	1.5017963125219	211
0.066930477264618	0.820390112227388	18
0.043399449842347	1.96075231416151	243
-0.081159284688977	0.385952765008185	243
-0.015634429008191	0.545799591420416	243
-0.106657027390882	0.485956022639569	187
0.043580314047122	1.11856973445345	478
0.024426948769298	0.443760853843723	211
-0.07652738756011	0.380410836052899	1044
-0.034645643230384	0.615141078306307	18
-0.074494526871078	0.363399396582746	243
-0.112259882962266	0.498487565867178	243
0.024426948769298	0.443760853843723	243
-0.055614528897225	0.930466988728122	187
0.038478298418239	1.57608976218604	211
0.06908842937119	0.490751834908867	243
0.070338959242869	0.34839266189605	243
-0.102583717678902	1.09973420237585	211
0.0750122535336451	1.45760003179637	211
0.070177646256872	0.498890379489784	18
0.100566398273778	1.17839705137863	18
-0.039579925509316	0.76092991208719	979
0.114866592225525	0.397263495870239	979
-0.0624325904437501	0.921741090993582	211
0.046624770378504	1.51227454487837	211
-0.123945248836461	1.03107252173994	211
0.0605292684604	0.505631944494473	979
0.086958912260384	1.11146918553026	211
0.082332225887591	1.76893526536736	211
-0.048038938544767	0.713473460614799	69
-0.0330320135348779	0.273358018332438	480
-0.106548068533083	0.477731871938817	480
0.070338959242869	0.34839266189605	272
-0.010413930012625	1.72478407598468	211
0.077730835988596	0.641794562573664	69
-0.112145960287541	0.833282517690209	272
0.067783047559725	0.337488770699937	272
-0.09980423914398	1.7830966920902	211
-0.011172089008019	0.978939358497785	69
0.065896603680887	0.510984499423477	388
0.033581233300394	0.652489033787074	388
-0.090595354186227	0.374950279812834	388
-0.11336593541568	0.487201494601198	243
0.106673041789287	0.397363584165619	272
0.116525533708046	0.931901630607187	211
0.031858218449216	2.29318367428593	211
-0.089014146412675	1.58417682413353	211
-0.077630557808566	0.384384913562466	69
0.016979575885797	1.36450247902144	69
-0.117867575608449	0.489739912457517	388
-0.108820333141267	0.498511265517908	243
-0.08336938459779	0.391192629663899	243
0.08010431708593	0.324595776517714	729
-0.036624714472418	0.276789114146224	729
0.040594421111791	0.57945892090723	729
0.098138808786278	1.24356329871972	211
0.020196067835897	0.721743932065376	211
-0.0435032025652879	0.814335953596003	438
0.073355448178799	0.495665575686449	69
-0.055944491179819	0.844937998077382	69
0.078392830986749	0.165523015099197	69
0.076841920427332	0.3394493549601	69
0.039531207557875	0.848545129843262	729
0.048780981588519	1.17426445536925	771
0.016689920955163	2.20241847349354	2137
0.020845454630509	1.11359127802012	771
-0.053739796649095	0.792747124293652	2133
0.07141227982775	0.347227267199811	2215
-0.016710606006907	0.552444279106541	679
0.03715067929585	0.637911638486917	729
0.088427560099392	2.0552404552471	211
-0.102138672412924	0.482999497998018	2215
-0.01810598682294	1.93044699591085	211
-0.03626740567256	1.28818283260506	388
0.114655917989737	1.01333802805432	388
0.070993588313846	0.166828725880842	243
-0.039963515236927	0.630043790083123	771
-0.024227384729838	0.988649296121482	211
-0.082438299176642	0.389621996869386	211
-0.030310185694896	0.276351141311678	438
0.118828122961043	0.409703082589035	171
0.08250386886234	0.162323196156365	171
0.0551892763937371	0.489925496109076	243
0.070765485705499	0.166131661423598	243
-0.118941705988469	0.491246102592218	679
0.020839037196381	0.428534762802727	8
0.020067509294215	0.441684069464547	171
-0.022587481008565	0.534178471578203	554
-0.076699431807621	0.376177503347191	171
0.080748708559078	0.332467628346644	171
0.109531919094171	0.404248694194805	171
-0.109833455544939	0.466091949604525	8
-0.043458074730201	0.770995323997655	8
0.020693501296649	1.59034372596316	211
0.094238981481594	1.2337194603119	211
0.061497048231814	0.968106740725678	211
0.093332287267235	0.773649228536837	438
0.00490839295254197	1.42010769642489	69
-0.06199747083991	1.00474213617096	211
0.109348214290208	1.37619336610243	69
0.106914564408744	0.818651418677804	69
0.098789870147124	1.57333823398736	211
0.118692090313369	0.393193806325589	69
0.050287052392096	1.74276228958	69
0.0142378922986	1.67842806595654	69
0.108410960145245	1.49876539119343	69
-0.00264504187068704	1.84084501987708	69
0.0452192881197671	1.34575286273086	211
0.00135868780154202	1.52337486850617	211
-0.028184265371466	1.94853865953137	69
0.121442913550475	1.16537293663152	69
0.0513643378594441	1.77747183150754	69
0.018626229204048	0.445131915113796	211
0.00675146509512903	1.78350841530985	69
0.029454492715693	0.634637041540833	2286
-0.038843441699728	0.642692844291294	1374
0.099101586304522	1.76123130241933	69
0.09906290031773	1.60296777148056	69
-0.030031639103309	1.21362873589173	69
-0.051184110115348	0.923371710942839	211
-0.04703403042772	1.53892655312009	69
0.0375155586511851	1.79476801381133	69
-0.028093962576909	1.6161049685603	69
-0.00115751561112099	1.86052086954453	69
-0.042724957294627	1.73147594674768	69
0.062235285028166	1.33353630775264	69
0.076157233589807	0.335837745581217	69
0.00113437196247701	1.06012525939244	1455
0.057954281828772	1.79923627961985	211
0.069929785230364	1.55062840018124	69
0.120705141392067	1.8345684094715	69
-0.10592194827263	1.93337694030771	69
-0.053768366383506	1.42056540230456	69
0.035722580422718	1.5532298613191	69
0.00358833727526597	1.70498099001394	69
0.084437592552071	0.881330199125597	69
-0.109263594382417	1.73282590925545	211
-0.115468621031647	1.02294874984651	69
0.111584545340049	1.25106171518816	935
0.114639427227027	1.51642777295983	211
0.110699340980193	0.404384448066767	69
0.093632651455937	1.86805480243337	69
0.00774336821729105	1.63056830760097	69
-0.110146202109625	1.38378239656362	69
0.120930132113633	2.33125838174437	69
-0.010060994695848	1.04581705041248	69
0.089384528152606	0.81075675255199	69
0.07234512849534	1.09176967768833	935
0.090110094964907	1.44009949010987	211
-0.068282191204566	1.9283325440538	935
-0.038143238911527	0.937193177633721	211
0.082352465216143	1.22942453415281	69
-0.075677457393774	1.96952993235046	935
-0.013318124218337	0.876074548800582	935
-0.100719104725212	0.46587261217939	69
-0.113862728535559	0.5262608360914	814
0.031159809865428	1.10510795699451	814
0.036102493096023	2.47536445224873	69
0.034473782486236	1.14856677007438	69
0.121679352335508	0.789437339685347	935
-0.123502626726038	1.06944428111451	69
-0.052646962492893	0.776129548853241	69
0.114756300839934	0.40831411519039	69
-0.061346338849455	0.921045139401067	69
-0.081333220336435	0.388468710375642	599
0.110697988484474	1.35319656052847	69
0.013585435579004	0.450123112592256	69
-0.10783209339241	0.485693320520284	69
-0.123145829727	1.27325041912104	69
0.01228227515126	0.446719668176356	69
0.074644787815778	1.55294537797965	69
0.10997948503843	1.86152661554131	69
0.123082460201707	1.23572576468663	69
0.02832056550122	2.22068716289015	69
0.0999573091460601	1.75937980482959	69
-0.038857197183408	1.73502955440324	69
-0.022978566970321	1.54940528093309	69
0.111809994434709	0.410325689501989	69
0.070203564501849	0.515508664757873	69
0.08989392224285	1.33822011351119	69
0.064445261597929	1.8188136260023	69
0.081326221629569	2.00282887774989	69
0.084190762203052	1.14411785328197	69
0.069543894748338	1.95808067371083	69
0.122708437634779	0.869144944310929	275
0.108114151274341	2.42650724176217	307
0.095723626514167	0.904174672560964	69
0.054880163469358	1.98409164349518	69
-0.039911046802298	0.633539944095267	69
0.122177929333666	0.530989136719756	69
0.092218613051135	0.599667671107611	69
-0.110809267704053	0.487943631487967	176
0.109408395095055	0.420013608197613	176
0.026691335720316	1.80348405882026	69
-0.107722098505722	0.489669707900607	275
0.103457020588604	0.663584482488352	275
0.068087224163887	0.506132431832524	69
-0.048471164124681	0.704718747479058	275
0.115465640314523	0.714717749927414	307
-0.020954499837242	0.550653766334788	275
0.079187921157302	1.90181761432765	275
-0.053092997654708	0.95831940401767	275
0.089074094963543	2.25499622478689	497
-0.108708190776509	0.497345478161913	497
-0.042067088419087	0.632014219466114	497
0.00612919081253205	1.88230131814398	497
0.00181536396556603	2.26971728939622	497
0.124768063464419	2.15548185344619	275
0.051379103405078	1.12985100448935	497
0.084828941805051	2.42494663076559	497
0.047054143092792	0.59391394071215	497
