x	y	clickSelects
-0.006620312434583	1.34098653981014	149
0.060769830080672	0.439057946128322	515
-0.112479019253778	0.15200351819199	515
-0.097129274677039	0.226692117260109	515
0.00881410469792698	0.375588521994558	515
-0.07767820442984	0.319113456301855	515
0.068697625360883	0.756135603529264	515
-0.080778203301101	0.273524016188759	515
-0.046122785844567	0.361072747809537	515
-0.079267791273456	0.214587697329223	515
-0.046672400333093	0.137320501821967	515
-0.034578768492791	0.205917416036165	515
0.030728499305359	0.409837172234782	279
-0.055327093621034	0.149031062258093	279
-0.011069400859521	0.235295219287141	279
-0.032459833953699	0.129076507970578	279
-0.059820667121848	0.134869105133118	111
-0.044075901848645	0.274713861874545	267
0.024956402323071	0.328987674386049	267
-0.030623168543553	0.307401335209227	267
0.04137948959748	0.505012348703398	238
0.062948762064737	0.625679301832151	238
0.097509251869848	0.706823967609519	238
0.068478177010679	0.619628719615267	238
-0.045863197607097	0.3657761718735	238
0.037948933259356	0.433553445100322	238
0.073470805628086	0.589771641056201	238
0.090536934104598	0.605482703613168	58
0.057879773252187	0.618705378057424	58
-0.106688003116476	0.223912579326923	58
-0.094526364196434	0.28568037468062	58
-0.025733082504672	0.3973262456216	58
-0.008157043621457	0.448705112332557	58
-0.086954700344773	0.289486600629929	58
-0.103639782737509	0.232136158274455	58
0.084104803095657	0.504490605106321	58
0.00889746857433699	0.392590320343238	58
-0.072671592999213	0.248664074933811	58
-0.106778657272728	0.206654065812898	58
0.00284258821693401	0.113663204907655	73
0.033111767860882	0.13737131045223	73
-0.055058342785599	0.137429242008249	73
0.097158703218526	0.479222917897819	73
-0.00784794776162601	0.285270321546463	73
0.080713070068748	0.230085788809693	73
0.036220822959848	0.226393726518008	38
-0.058560647764106	0.145354971126487	38
-0.00774328285654999	0.321761703823738	37
-0.043587057737837	0.241253290857703	37
-0.00912661822751101	0.249658821873593	37
0.112722123968183	0.372376016393635	37
-0.088842287876426	0.188045216940444	37
-0.053612298608895	0.221784912048253	730
0.046552901476817	0.392122141723867	730
0.00665631674497602	0.369977767534001	287
-0.038136414417955	0.345751627465707	287
-0.033562101321643	0.125554261536252	182
0.107573585099427	0.399035086962688	182
-0.083698195744146	0.226061733250429	182
0.043923634064329	0.143454347678497	182
0.010620588569556	0.234875496804739	539
0.071268097811635	0.370384855868573	48
-0.06780944267311	0.165181040328579	48
-0.065705491366553	0.158289864581794	48
-0.123603434315881	0.138190989994406	1150
-0.076284047877565	0.161820099252931	1150
-0.014609315091911	0.24763434167442	249
0.107287044969795	0.316944650555647	45
0.00107628822566802	0.227817379136347	24
0.087373641652352	0.325186355263461	24
0.076202855420433	0.233658497898097	24
0.044693749886334	0.227790021763831	24
-0.046344313957183	0.129274784715256	43
0.000986084054881986	0.128868192798358	104
0.010663598997754	0.401619318727991	598
0.004699459662867	0.362288528734908	515
-0.10212720056954	0.231474218012667	515
0.00913599340497701	0.584521508160318	515
-0.073177762560496	0.166698857660069	515
0.001736659051917	0.533632600626516	515
0.021337159133227	0.21939865267071	515
0.076184967972398	0.308664347984369	515
-0.116048153899732	0.232082982129418	515
-0.084685677761773	0.336796097862564	515
-0.065999659959925	0.348374670347556	279
-0.028487757879211	0.373434954090013	279
-0.084839620405735	0.153426143125424	279
-0.056985638718704	0.159513310704661	279
-0.056928262969995	0.185152873465657	111
-0.070888542687282	0.164118710733761	111
-0.074650755934674	0.271792956163356	267
-0.046711349050854	0.338664247702085	267
0.075166630133966	0.543708040142135	238
0.00391622618689202	0.463183117926376	238
-0.115534770689983	0.193268846784332	238
-0.078708656749506	0.27524563497068	238
-0.01378382890636	0.444703811700899	238
-0.102005024084266	0.216779291215222	238
0.00137456609462699	0.408850012232629	238
0.000804138013489997	0.507074378251857	238
0.059472693490477	0.641520860348762	58
-0.07340589819886	0.258882112122777	58
-0.011409220379262	0.432914898187543	58
-0.072203724819176	0.266440030277435	58
-0.04183753015504	0.399322395321969	58
-0.031377699872066	0.436945965409361	58
-0.00938355541437699	0.427775666480154	58
0.00140002864224098	0.246447165537174	58
-0.061491301512782	0.264887817922074	58
-0.098720348673581	0.222113826760717	58
-0.012744063255029	0.295394757009024	58
0.027954873975703	0.374681325314531	73
-0.049812029452249	0.133567353282207	73
-0.00320819279022699	0.217309215542829	73
0.112934785768628	0.329147698799968	73
-0.018016386664352	0.129884584227095	73
0.027715008015611	0.337716953615968	73
-0.083377397945555	0.204417108543183	38
-0.054178723679989	0.152514357021722	38
0.06020942077235	0.29524367413091	38
0.071009436464438	0.397797723836027	37
-0.012372944458281	0.256669480434755	37
0.058714912517696	0.403088428077002	37
-0.014003531744154	0.33520051904013	37
0.117967861821723	0.467654524020422	730
-0.089676266622623	0.172653647831671	730
-0.046267538313781	0.300941618354233	287
-0.024827485904579	0.356542966515071	287
-0.06362619017613	0.283343125356992	287
-0.020252577976836	0.388152880222996	287
-0.070587860204551	0.163674400657877	182
-0.107954728502139	0.152407801261572	182
-0.103480869602598	0.198664233676948	182
-0.053654091336512	0.222233957413267	182
0.018604297233003	0.391677065657657	182
-0.058994462953648	0.134823678376902	412
-0.051286341921059	0.129000757391944	412
-0.042318830724466	0.129402614058854	412
-0.102308622068655	0.189146976733937	265
0.012620935549308	0.228018013622011	2302
0.053357628816633	0.411944064227051	48
0.087138974814299	0.517459695325727	48
0.110467767810805	0.452226880621894	48
0.012298428637779	0.343148416773767	1150
-0.071537309209676	0.204836064635658	249
-0.005536803554438	0.280736412658164	249
0.01884660669494	0.344334952601328	945
0.015419576225783	0.330193849472411	945
-0.04329729692466	0.121445399013016	68
0.100368063318088	0.384175556252903	68
-0.020195014194483	0.1280844622093	545
0.030393464973726	0.134222247355793	45
0.100316574044031	0.234298906163215	43
0.079035587748443	0.150320321141086	43
0.069560101483732	0.142110840898499	105
0.00583728689760599	0.133606080809803	3
-0.00715621597805899	0.124135200999652	3
-0.067740022652638	0.797814176140931	149
-0.07509279752223	0.30854414435996	598
-0.108118671393553	0.314838405203138	515
-0.00913873391801601	0.611810153773975	515
-0.075589408985522	0.28472321916665	515
-0.086598746842926	0.329252345453256	515
-0.111401865195972	0.284014769892706	515
-0.072649002459931	0.385419859844081	515
-0.01981819536799	0.246587919325868	515
0.00372216635961398	0.365007326258217	515
0.024614923122525	0.573851135488218	515
-0.085440382520966	0.302618102276716	515
0.04209450983692	0.64483609700437	515
-0.028587140399045	0.283025850660473	111
0.02074971902958	0.343671402078359	111
0.095709206130906	0.495621431499453	111
-0.101816307444572	0.178735807488432	267
0.117382101972188	0.76218516810032	267
-0.040831883281089	0.352930797319074	267
-0.052562740202783	0.31145870197043	267
0.118563537313354	0.818544186717699	238
-0.010414068290641	0.453704230151321	238
-0.083038635091786	0.249799412768597	238
0.081955785695616	0.688311195311007	238
-0.00416328433423699	0.450038321907146	238
-0.074715483674216	0.290075759996448	238
-0.039479640611824	0.377047057455587	58
0.112588790545987	0.811765395222232	58
-0.070483543074856	0.347610719023563	655
0.084889104239527	0.72447578943231	58
0.082652016004368	0.662362589336856	58
-0.091495243452357	0.26931569584407	58
0.062666801365942	0.655386462624974	58
0.054243275730323	0.574393229952864	58
-0.037824921631919	0.416012118087475	58
0.02855248825214	0.401847194321454	58
-0.00608597348444101	0.315635200348093	58
0.098199590439085	0.222675112933281	73
-0.073143765329747	0.162854549398968	73
-0.061584164582524	0.162696579729917	73
0.02079661236521	0.24813294119204	73
-0.104168816820177	0.175234581042925	73
0.062600518119853	0.308771222138925	38
-0.00924458031216199	0.275905072117536	38
-0.072416281730398	0.260095432171615	38
-0.023433797728125	0.254595847911907	37
0.119563610439777	0.554093728253998	37
-0.044349681688338	0.2388078890322	37
-0.051717246117972	0.252896400658104	37
-0.010425218335453	0.334656413439279	730
-0.062183892506225	0.214068831635769	37
-0.064993989749412	0.161283821859617	2003
-0.072313791500617	0.249438303011199	2003
0.010096810868648	0.477579828234366	287
-0.082215530151274	0.256840082876423	287
-0.071882226602559	0.28079680600192	287
-0.123102160766285	0.190425579599005	287
-0.092058667645644	0.227613180331374	287
-0.00880994544229599	0.400232526937581	287
0.019738073972336	0.228712448952439	182
0.083078983632786	0.320386911586012	182
-0.114176254060626	0.195933234402223	182
-0.017093681044674	0.1313068925415	182
0.062664608215328	0.223879672794992	182
-0.052694057553135	0.301843599647182	539
0.00389684243217903	0.334930662813722	539
0.067070040414273	0.525887011176577	246
0.016916734264668	0.231124928587773	2302
0.047078940346537	0.315143457593528	48
0.018483092198167	0.327216365616271	249
-0.11634342449128	0.13033826835421	249
-0.112363012979309	0.137800801950875	139
0.067583280261413	0.37448848034489	945
-0.07350721522732	0.213781961487209	945
-0.036806425015719	0.128420766080942	669
-0.04603843272888	0.144952570464638	68
0.105640360417804	0.234517808575253	68
0.095526909630928	0.398018612511775	68
-0.048392124445577	0.151705741484738	660
0.115787759897393	0.302543003128741	24
0.115251438323019	0.317814658846352	545
-0.051389017842452	0.148840120658862	545
-0.000490224553877011	0.127482920746252	43
-0.048455689144207	0.126419817494059	104
-0.04729938592104	0.12032912017567	3
-0.091678962837762	0.750312889899895	149
-0.00205877946965499	1.34515625918979	149
-0.103257963677117	0.59868696340265	149
0.039293033406429	0.56797308153166	598
-0.124662875432701	0.191476923123576	515
0.053525376261487	0.502813520848387	515
-0.121986694142516	0.128652509786659	515
0.043983228258689	0.559457010309551	515
0.115934580180898	0.673839762740954	515
-0.02216138978502	0.330338011083585	515
-0.076464244648118	0.376079665995115	515
-0.004128698128602	0.555167611726154	515
-0.11671075111072	0.28452391710661	515
-0.050213934141515	0.422179118341798	515
-0.102259690163832	0.290808578863422	515
-0.00327676062926399	0.516759131876477	515
-0.081835989902543	0.333103489844303	515
0.033297884192588	0.40854351527529	515
0.036741467156245	0.393912641417118	515
0.026931906312619	0.613877205152209	515
-0.090506220336953	0.300600649342709	515
0.017234703764557	0.532879863170646	515
-0.09515381031992	0.285891219647009	515
-0.064733152347291	0.277575003160591	279
-0.080266240160898	0.162143676100201	111
0.103734847304863	0.322975934635628	111
-0.00224456588317401	0.243019551333849	267
0.110298369865329	0.480504102938939	111
0.018584727601797	0.338994585155314	111
-0.094141774325683	0.224837828841352	267
-0.052735844847388	0.253896657483192	238
0.073521908256008	0.642752177282036	238
0.117886812217744	0.633178729116392	238
0.114875802741374	0.639391865068521	238
-0.105810411848186	0.22772337009127	238
-0.046861785864394	0.331866926543417	238
-0.089194914445178	0.256768352984117	238
-0.022515715198734	0.379546291677148	238
0.118890952691033	0.727446932098948	58
0.06832246283171	0.678099175999145	655
-0.088303562830038	0.240220544745665	655
-0.01972652270791	0.41008903218722	58
-0.095577958764805	0.250015847115587	58
-0.043339297552661	0.368386135549739	58
-0.063551965960034	0.306466466657276	58
-0.070460658132237	0.333680129533257	58
0.012455597539058	0.459490106740935	58
0.037104349430121	0.465502877169286	58
0.021245876035025	0.21964909690269	73
0.02460444979178	0.234037959209013	73
-0.121773131386119	0.107134818518865	38
-0.11036371221719	0.205344021584508	38
-0.120844956905989	0.173481376797255	38
-0.041682777843802	0.247699385461032	38
-0.09521256054961	0.218639089065804	37
0.064585863586369	0.468590481539511	37
-0.079826115474284	0.19656960202378	37
-0.057291835873257	0.169993150572593	37
0.040596462764514	0.338488170306995	37
-0.056627835737252	0.229561685120399	37
0.108437088258838	0.472052389371704	37
-0.022606023637754	0.324404880010636	37
0.076510471998249	0.398137235481084	730
0.100210097727318	0.448836094335722	37
-0.017114864640825	0.290559442341364	37
0.08463084166323	0.512517834466221	287
0.010935178022464	0.462551240489556	287
0.024026059445942	0.410708373951414	287
-0.067123445132678	0.160828934522513	287
-0.03794215473564	0.123648380531332	182
0.00238867771664097	0.360839858571097	182
-0.057822207817344	0.139089335865297	182
0.080814566171699	0.232656319513554	412
-0.113660908002804	0.173029599778314	539
0.015212056287079	0.401842432126266	539
-0.010384343230288	0.348387946731737	246
-0.117794086784695	0.16333304551146	246
0.098191285494814	0.544134418172689	246
0.012096435885337	0.230885225993926	48
-0.020635519758919	0.288769647307119	48
0.05065432810692	0.386054255808976	48
0.016857390344403	0.324081738594101	249
-0.056497013180749	0.215317980550175	249
0.018777627221756	0.288255217691259	249
-0.112675865658764	0.133258308836199	249
0.074007733714302	0.389630260667381	249
0.015887229092752	0.321554493170627	1255
0.039241440254807	0.229996056671867	139
0.035276938043416	0.138995214982255	669
0.063574074813948	0.337007392081891	68
0.10663776945042	0.229401969679524	660
-0.113244353488777	0.102832012540484	24
-0.065180114205189	0.141741858551167	24
0.020800235446726	0.23728415339071	24
-0.059656547495864	0.136728349090958	45
-0.049235739549665	0.126584678943278	43
0.095063221557226	0.228303004893661	43
0.100349823028487	0.22681726087905	104
0.076061801261629	0.144558457717012	3
-0.104177156952504	0.402407688455372	515
-0.098248387359712	0.392207927069906	515
0.076776052785113	1.09896398270391	515
-0.02560582912126	0.587575012430737	515
-0.12411290582251	0.220538023484358	515
0.03109063485367	0.580363192645275	515
-0.11332776856329	0.219479184179945	515
0.107451504488575	0.814310994240041	515
-0.011093162026214	0.528162913764457	515
-0.058840064890662	0.326459706654109	515
-0.118959951070418	0.201707760709362	515
-0.017442843240259	0.401102569639361	515
-0.010578398743686	0.41599433737547	515
0.00277268400220199	0.33349893188681	111
-0.103438167008277	0.140290358191739	111
-0.021227285725243	0.2507125792172	111
-0.049326744899561	0.175395739859253	111
-0.020369542889252	0.303084125620261	111
0.093660283811575	0.528188029191013	238
0.063080211156504	0.363012394800104	238
0.007040855921912	0.314085242186638	238
-0.029164472939667	0.304535300106588	238
0.122120400214981	0.568004930471279	238
-0.075020337261725	0.212536507604576	238
-0.054892350206882	0.238644566656896	238
-0.057513402790497	0.216293120056601	238
-0.032213658082958	0.306600350463062	238
-0.094077486421187	0.279890506919803	238
0.015786373895203	0.313176157880461	58
0.098642138580389	0.497885768353262	655
-0.094311489360856	0.200002819645867	655
-0.027499852067493	0.443611508511594	655
0.0142476911421	0.642105746394475	655
-0.083590191090485	0.195744504130348	58
0.105990933976418	0.546247611426824	58
0.050285400420052	0.410734826677585	58
0.095508210995904	0.528967046526933	58
-0.110326665711285	0.235152019647097	58
-0.053436324990098	0.302863904856404	58
0.049343912031664	0.499566565444582	58
0.076711653478783	0.707104327128833	58
-0.114248687952164	0.19486860039107	58
0.12119050143	0.555810645329464	73
0.036288619300564	0.425847873139979	73
-0.123322012967123	0.12756383582797	73
-0.071854087305474	0.190282291822024	73
-0.043997161121956	0.22727194275574	73
-0.094703837803853	0.196374997525392	73
0.100969702820083	0.493078990955687	73
-0.114854027758712	0.169731670914275	38
0.018577262055804	0.33553951606889	38
-0.105154789208775	0.157870612841827	38
-0.123962902375763	0.162422602533267	38
-0.098290172114352	0.18266728900993	37
0.097978410157411	0.422635060405768	37
-0.005603396201668	0.257428358242951	37
0.049302121563549	0.301316121249144	37
-0.00671593462445499	0.32220346591851	37
-0.010409050172082	0.273105154268767	37
-0.010784427585464	0.23921016247872	37
-0.119056949438275	0.127781453866453	37
-0.056106301109154	0.224432893726665	37
-0.081061401163269	0.176829594507719	37
0.059344411657048	0.43820871063268	37
0.100088330840274	0.477174846728083	37
-0.100305426076432	0.167741413540649	37
0.040183900986167	0.410366103492851	37
-0.113148939404905	0.158071566393298	730
-0.122988598477014	0.124596685928794	287
0.060394403724865	0.325362765205706	287
0.082639943806387	0.52430304196022	287
-0.075980324299929	0.192063641103299	287
0.00372499268557203	0.287245173119337	287
-0.016668975628737	0.283585229271824	287
0.010618315541951	0.409710091379245	287
-0.095673818128815	0.192727404927682	287
-0.069714595299906	0.189133341287135	182
0.114014160994652	0.472903866182861	182
-0.10979311071328	0.142661887275746	182
0.005658677931146	0.245002670333914	412
0.031830426757661	0.22192885013436	412
-0.122539839858411	0.127779907377443	246
0.080369891263123	0.538847733155646	246
-0.075239779728524	0.174385706971589	246
0.074477915928392	0.415687568864161	48
-0.060911677020026	0.223281431132967	48
-0.071573577795624	0.150263983622334	1783
-0.011607813219771	0.246550303436689	139
0.019481316846195	0.226203406279358	1774
0.076024945226093	0.385432110856723	1255
0.122216201558912	0.385910479861736	1255
-0.094842112027453	0.163347334497608	139
-0.055416819101831	0.149799242796378	139
-0.024430389191619	0.122606656621979	365
0.031808247357225	0.138989400873924	669
-0.00617955558418401	0.238910369618346	660
-0.052446721801605	0.130951691650223	24
0.00556112661375102	0.135565927989526	24
0.040513286450312	0.226654685708488	552
0.063625392906772	0.216852861768796	552
0.065647334543176	0.222529337847903	1062
0.042985978061644	0.143185425810484	43
0.076451103586192	0.14630929998754	43
0.040815235131778	0.141531894997936	43
0.015664190930353	0.773105812542267	598
0.00178047444514301	0.716611072962057	515
-0.11953046230241	0.306885627744901	515
-0.00320212929584099	0.707428286846525	515
0.017812597916533	0.893594597508371	515
-0.026630884013835	0.537161745440909	515
-0.026841814580734	0.497607554732914	515
-0.050916418392833	0.409727137426662	279
-0.028300526742529	0.482898132794385	279
0.116310942272758	0.672380061596927	279
0.062219423688409	0.719713922508769	515
-0.027939020722987	0.274393524563061	279
-0.102226743935792	0.166173509569143	111
-0.110301012772284	0.152818602025168	267
-0.011136337681675	0.252712502629956	267
0.107297527693535	0.650686279755494	267
0.046033477338379	0.438703381009916	238
0.051638864766096	0.422390500727572	238
0.036592447554956	0.474800431449434	238
0.053825364474745	0.432715619435416	238
0.048315626069178	0.479555137944938	238
-0.0258085452786	0.320613607690049	238
-0.04350648708506	0.396206090865468	238
0.004991500114224	0.458608329442032	655
0.049096323340665	0.592538168775102	655
0.100950371263411	0.555757829860082	58
-0.111881024185828	0.185400806465091	58
0.00883777715994999	0.354324505906258	58
-0.000671171938802007	0.382582272602077	58
-0.038493041805774	0.281503783727292	58
0.00438984541112703	0.3179371029039	58
-0.076248163891571	0.27477844286016	58
-0.033226921932928	0.378457882524315	58
-0.111128858616664	0.134037658890833	58
0.116907590922748	0.477156720426426	73
0.0344642020778	0.324723395940037	73
0.00474785998815602	0.403396739439766	73
-0.0984700932561	0.191957526003749	38
0.038495777865269	0.477054123929426	38
-0.00156159629111299	0.317142094604558	38
0.00903406716963401	0.331360272839308	37
-0.019986318005685	0.271691620834853	37
0.118052847897158	0.4401878455164	37
0.022159849046371	0.308628769296405	37
0.09094388918498	0.37203212618421	37
-0.118100013145615	0.120994885863809	37
0.096478412718146	0.442457250534497	37
-0.060396884672437	0.228424401260856	37
-0.068249262687837	0.217080412841063	125
-0.122877011444471	0.144911717274259	125
0.00191539216889702	0.363164373635067	287
-0.068226290348867	0.221026144257897	287
-0.073594505047467	0.233633092028876	287
0.063302647878621	0.52728596687374	287
0.00316100829003602	0.297066913097084	182
0.030549801055652	0.407994937734658	182
0.1053296731311	0.38552079424433	265
-0.021837793620532	0.342132094411519	246
-0.112897531240962	0.162041957859126	246
-0.124592767566764	0.151622571081049	246
-0.072336080937536	0.244467638748069	246
-0.058402368626589	0.174212396526851	48
-0.057421799184397	0.185210750117307	1783
-0.080745269151245	0.162648489616993	139
0.037365925949826	0.312014619046858	139
0.107779313209935	0.315592992517612	1255
0.094009758035083	0.298845669964998	1255
0.033838060770483	0.140776492418299	139
-0.00874008880816299	0.134144265141996	365
-0.019985655720909	0.129890005910299	669
-0.073746418274145	0.146656546514168	68
0.024098307455374	0.226497318944128	68
-0.054660980121157	0.17067623358144	660
-0.0398373201428	0.139342169012994	24
0.100360582082303	0.23058306744964	24
-0.00286687970737001	0.130250661971432	43
0.072398549199461	0.143620436016474	105
-0.00286687970737001	0.130250661971432	3
-0.046851781972349	0.654926325096747	515
0.112104876628912	0.97618082981105	515
-0.06940630415474	0.512210027837236	515
-0.039780458810388	0.653258595056318	515
-0.092138268889254	0.434804625352213	515
-0.112037720911893	0.224468233210412	515
0.077868250639671	0.596673319534532	515
-0.080032196217581	0.371442757631692	515
-0.032192891085431	0.494326993077028	515
0.112735957626271	0.975281956529869	279
-0.116316934405231	0.25105628272968	279
-0.118769090620916	0.230973677018289	515
-0.080432249881661	0.348041747476752	515
0.057213355209336	0.615764487421418	515
-0.018744101789018	0.411737026254039	515
-0.105430335726802	0.188597457261349	515
0.00485528639258298	0.23974673325252	111
0.063122856825474	0.330374178092205	111
0.036176890740523	0.228783112444181	111
0.098531543238707	0.318816327417765	111
-0.00610739555833201	0.232751492995804	267
0.070434380027879	0.506548204225443	267
0.00208618497478702	0.327503462282819	267
0.115429849482232	0.545011984257734	238
-0.076592702683021	0.250020854626728	238
-0.060192358471567	0.274217291274169	238
-0.123421305813641	0.174602482482809	238
-0.007048389917822	0.382390051782687	238
-0.123022483248816	0.189188930905378	238
-0.122070253172373	0.166031865303929	238
-0.106481200854602	0.207865829735277	238
0.017425075582509	0.457763855175869	238
-0.048673792399633	0.348795987533062	238
0.048056149517578	0.516482558154739	238
0.022371914611749	0.391190240241866	58
-0.073581271995723	0.253663003845349	58
0.112062615980396	0.323061922220343	73
-0.075184783682289	0.198927749299292	73
-0.056630540143206	0.185854807829976	73
-0.077626560620751	0.169463581410621	73
-0.090334021728507	0.251098578589069	73
-0.123217217826799	0.115827870114819	38
-0.025062282139718	0.249155038972187	38
0.0729261796787	0.587019428686845	38
0.050743817837151	0.462446751233864	38
-0.082924418461054	0.160884292349267	37
-0.026171684326042	0.274774202231826	37
-0.060976385907085	0.243034156056894	37
-0.052570816948476	0.273985660530265	37
-0.066482027703647	0.169736422641825	37
0.031679241632762	0.28098839730949	37
-0.097869121586064	0.171347050580513	37
-0.021045814422541	0.256299096890164	37
0.091221119450986	0.411548629538976	125
-0.088472259382473	0.215472485037407	125
-0.110343651890219	0.142131539979281	125
-0.081614908437127	0.215154810544376	287
-0.106089011690011	0.196588574786281	287
0.046877229242833	0.441909041976063	287
-0.01763833020317	0.307416196690442	287
0.085094115384721	0.528798747063947	287
0.095210566662982	0.499163459441995	287
0.082867053602794	0.22840920281297	287
-0.105806865906771	0.194755886421362	182
-0.06154300333716	0.229948469657389	246
0.068215654041086	0.411032714834276	246
-0.052704517720985	0.236755447554115	246
-0.016316977390344	0.226969436035814	48
0.057225487558738	0.411050035371333	2095
-0.013386724753415	0.309537821559103	2095
0.066315837358384	0.388843790790437	48
-0.121447742955895	0.118696888253124	48
-0.121764534604002	0.120381175627262	48
-0.032427945640591	0.25382851120653	1783
0.041198529534296	0.330527653225693	249
-0.123311554600336	0.10478682564048	249
0.038344157644739	0.322537839788865	1774
-0.122332703580261	0.117969630660492	1255
0.099260479788685	0.234105180002588	1255
0.020065156793235	0.23804666837779	825
0.071458769247447	0.138043071258235	833
-0.000804991886239004	0.131316575724229	833
-0.027090516378785	0.219245438122322	68
0.039770768860449	0.217885094874125	68
0.02296304192884	0.128559221996341	24
0.108728343415019	0.306694210293201	24
-0.049536144478592	0.131833543321214	24
-0.028169706312894	0.123053359743928	24
-0.035733925250194	0.129882201754298	24
0.037447998523818	0.141913077778187	43
0.07416459246224	0.145173991037315	224
0.07347847060958	0.144394940990533	224
0.025475119216014	0.12987217877997	105
0.006228786754297	1.08014828868827	515
0.091990111435721	1.00605333804202	515
-0.023130869628546	0.679105465721904	515
-0.079693636743208	0.493524851841875	515
0.095465423275678	0.836276189757809	515
0.010754059681074	0.553848535003705	515
-0.094745203661422	0.338318845725071	515
-0.007431276265224	0.631644074421483	515
0.10611885050308	0.957386543046328	279
0.097322769658664	0.890200371054421	279
0.083427668289852	0.751002157711591	279
-0.050293254150154	0.216807866665716	279
0.020019568648279	0.398870877881998	279
0.089255858652862	0.683112202622724	515
0.032101908606128	0.553159362385937	515
-0.06857953711803	0.254436289745149	279
0.059555830361186	0.351359419841453	111
0.123060704849409	0.391508140545767	111
-0.068929519561906	0.173575545294301	267
-0.072315000975183	0.199576070014369	238
0.097179022316071	0.600583680196003	238
0.066271563333333	0.537069182860659	238
0.094588478445884	0.604779532478584	238
-0.053910204297691	0.320789732210031	238
-0.033773179681999	0.358254657562968	238
0.122882724910165	0.597273707975018	238
-0.10983768324401	0.179075554626505	655
-0.094716755757575	0.261649662714684	655
-0.10862196733075	0.182512884379191	58
-0.086798031901107	0.212382321583227	58
-0.021052091479808	0.351622937051739	58
0.077459929833998	0.529075614865441	58
-0.122022405169645	0.17666229916961	58
-0.013178119192398	0.388530594562374	58
0.0583168463484	0.585633701508085	58
-0.041362491529968	0.3752203465354	58
-0.068989769607031	0.257370897549148	58
-0.00949499700723	0.393154520772229	73
0.019559086233894	0.232605563082208	73
-0.071265389789404	0.1988473323513	73
-0.064076974608361	0.144512247969105	73
-0.053477347934311	0.169332340621093	38
-0.055826631495126	0.16221388124354	38
0.043135494865161	0.313277838666345	38
-0.015761450971499	0.373429871541454	38
-0.018361435237406	0.400400922788913	38
-0.092868367725539	0.231737453720356	38
0.00603311509684601	0.450481591230287	38
-0.02135438513485	0.282097981794273	38
0.113683038627051	0.477225728756031	37
-0.108819995531997	0.155367056761837	37
-0.00730723605879	0.240500521599326	37
0.00208297978834598	0.235466442512044	37
-0.011445101536113	0.268300978114402	37
0.030083889156313	0.228882220516179	37
-0.124647585390568	0.136614968431335	37
-0.110897718694076	0.155729395953845	37
0.084470900434178	0.4981699063176	37
-0.118060243897222	0.130987731457864	37
0.057508290738945	0.404058642025192	37
-0.017744319254288	0.269938434918765	37
0.021875775310948	0.229319942346517	125
0.00777660372794298	0.341410312195623	287
0.00302273635572797	0.378903772686617	287
-0.05727956913781	0.246951094282231	287
0.069455214482273	0.295282314285957	287
-0.052282679345073	0.282577306211876	431
0.059672670684933	0.421239180764413	182
-0.081209675778665	0.214963925153526	246
-0.082879548286236	0.232628754661161	246
-0.058630764212304	0.233632707229326	246
-0.077358871082711	0.172175603541322	48
-0.124679016600213	0.108683505308609	2095
0.010298708419934	0.330361540853795	2095
0.03742968980189	0.320220292710018	48
-0.106129529900681	0.15856244043586	48
-0.002415776140481	0.261393870565116	249
-0.065209751096249	0.188872543480463	139
0.060936380328463	0.305858478306577	139
-0.00617914485134999	0.125470328187502	913
0.092926987274511	0.224916411269198	365
-0.053059695626183	0.16863937276571	68
0.051857962676502	0.224548580167285	68
0.034077905834891	0.23316228954996	45
-0.124275581345152	0.0939140218750792	24
0.0804608178856	0.225962081113421	24
0.124183661953664	0.225674620927049	43
-0.037748706235779	0.122627802805164	43
0.071318552776156	0.144466604873621	105
-0.025111363770763	0.126751164985163	105
0.04292362408184	0.216411752590703	17
-0.033601059187217	0.127577647535248	3
-0.049733624075613	0.132835966525347	3
0.025047330887983	1.94000473573906	149
-0.073928042336973	0.639391227524554	515
-0.110168215351188	0.486978594548124	515
-0.115616947177188	0.357972471088975	515
0.085485450695679	1.3775314553762	515
0.00952105369461997	0.858289161129829	515
-0.026387669613475	0.635880815776215	515
0.110815065751408	1.06793276901945	515
0.081923549460098	0.686755952724848	515
-0.107384166153493	0.232361408844413	515
-0.124877985447902	0.231118104121117	515
0.089157112766755	0.587013910570446	279
-0.01949560093001	0.453594821167917	279
-0.07206063590188	0.175774158757504	279
-0.063358267076674	0.186763143701712	111
0.013569371037815	0.230730689926551	267
-0.015884069789006	0.237737399858493	267
-0.073364391508422	0.196731588642831	267
-0.004794301425631	0.319183704571065	267
0.120903377171269	0.653555146640506	238
0.105475993514248	0.491393423651292	238
0.026140066934936	0.360816823173211	531
-0.115600302750429	0.160637594702868	238
-0.044022561675843	0.255191427430063	238
0.0589100626259	0.438637150961525	238
0.11718663096375	0.475442689039018	238
0.016459070189277	0.330318831219871	58
0.070170379983405	0.510570627689668	655
-0.091985307591109	0.190168344949918	58
0.000128156921894995	0.358433919092387	58
0.016409138999643	0.377660933826853	58
0.105025139312659	0.546802072686667	38
0.033718314338539	0.318219540099747	73
0.083092573611899	0.381691615808962	73
-0.093332760262667	0.176532031440593	73
0.062449220187467	0.308672210138211	73
0.072348324763488	0.320804297303205	73
-0.074639754384262	0.264774681763634	38
-0.112483788684577	0.128264807297556	1100
0.121062634594852	0.400153293174218	1100
-0.07840859578165	0.169138855899244	1100
0.026081508615998	0.24629474273371	1100
-0.102741321246883	0.153393263586252	38
0.060083055390144	0.476079280384854	38
-0.086011936723246	0.188162023869129	37
-0.064532901400789	0.171897265299008	37
0.09805969281785	0.402271835663139	37
0.117693997161157	0.397766455673719	37
-0.118827625052935	0.122537229506167	37
-0.120707019916259	0.123362783448954	37
-0.00136290238497699	0.253866967115738	37
0.010252321246799	0.297198006461022	730
-0.058700066164994	0.18633417092809	37
-0.112318143050497	0.158847709627533	730
0.016428431815661	0.326100067559123	287
-0.104627584930263	0.168726757150041	431
-0.00202523220346801	0.296992464159569	431
0.090836229999397	0.319919563350725	412
0.065777399053678	0.321659615840818	412
0.009876619881796	0.302183799849927	246
0.10322342779899	0.405772968554687	246
0.089700897917154	0.325799957315242	48
-0.042721090396094	0.148203660419157	249
0.068321361981288	0.233852055635501	249
0.098266278006234	0.231042344952211	833
-0.067593103365561	0.13548865587622	669
0.037744423217853	0.141185895842541	669
0.072401463922986	0.145948742719951	669
0.056886806502189	0.231211499198911	68
0.03366682696088	0.217875856631632	68
0.096098317639466	0.229830316381474	24
0.088446387022199	0.238077195838727	24
-0.044187852405238	0.131345173579472	43
-0.031387498096508	0.129941848435201	43
-0.038965532392033	0.125147386365056	43
0.079035587748443	0.150320321141086	43
-0.000804991886239004	0.131316575724229	229
0.12237525099336	0.235829250930679	17
-0.029231650626719	0.131258767485448	17
-0.100049226326283	1.16644174225664	149
-0.003473673971331	1.2490553032559	515
0.068754178236318	1.27659481178449	515
0.11147297556617	1.55429005353101	515
0.054054372724078	1.21339308085056	515
-0.114510237343303	0.375923249587313	515
-0.006329782802489	0.747668544812295	515
-0.032985846511222	0.620669668156783	515
-0.017810630509444	0.45822366561863	515
-0.095489364057346	0.243742508212	515
-0.086379846950899	0.198168490312038	279
0.10378206292478	0.474731412184687	279
-0.026900284998448	0.225009998609481	267
-0.074496471422248	0.178455273764333	267
0.078741810210538	0.423188642791759	238
0.087518817874603	0.329609290168001	238
0.038261485889087	0.411369080309906	655
-0.117592261569785	0.133207383373856	655
0.098078899185471	0.456140146954981	58
0.012742402063259	0.348235861327043	58
0.032490083519627	0.347274423181546	66
-0.01751066106591	0.246755931452389	73
0.033034233384677	0.320924994623649	73
0.017945156504024	0.316574293859911	73
-0.021836451315584	0.245254418469808	556
-0.06652878159605	0.200708172230847	556
-0.050147548595408	0.241579927422173	556
-0.091275225786855	0.221308353126216	38
-0.020800074377156	0.264724139442805	38
0.011727338226233	0.310676394562845	37
-0.123498585994175	0.111701177530584	37
-0.106305932574356	0.143238255996396	37
-0.071407996938492	0.154744546322704	37
0.071518945235113	0.320064842354569	37
-0.021632468426976	0.239309338765339	37
-0.020974568086412	0.270899592386712	37
-0.058698965954391	0.206246864276379	125
0.016919459426543	0.310106208399931	125
0.093633945018175	0.503102752160286	730
-0.00728585560179201	0.308754838166709	287
-0.073816544764065	0.176070660875086	730
-0.011997629781518	0.316504994283027	287
0.107661213336431	0.410686758597757	287
0.066642883518191	0.466802617966641	431
-0.031556111057529	0.25360000167949	431
-0.105980684894769	0.151731937125235	412
-0.044900131488274	0.137620240059206	265
0.027589570568953	0.334342791695355	246
-0.106504992932349	0.155290501178002	1047
0.04631806749423	0.340881833820382	2095
0.023433892188461	0.232549455549919	67
0.044954301161936	0.226838160500474	249
-0.048653418624631	0.132873146345076	249
0.100360582082303	0.23058306744964	139
0.012085122125424	0.243685791312894	139
0.078171243450139	0.231466850518113	833
-0.032391549311642	0.126861699061385	833
0.036888504865868	0.21988979647838	669
0.082051025924076	0.235277866385782	669
0.037596349977728	0.14250575130053	889
0.000157919360353975	0.131328113922167	889
0.072266689561043	0.145834283360513	43
0.119364204035754	0.142166296234223	229
-0.087673094835161	1.3438996836858	515
0.00745485122893702	2.23008319020699	515
-0.098316087364905	0.711820748234909	515
-0.11949116057245	0.375290457538991	515
-0.050693409658499	0.540004850093151	515
-0.01382086213705	0.502609535070938	279
0.083715696153876	0.323401847559427	316
-0.085573526925789	0.190034797270005	279
0.072038467545856	0.475921549892989	111
-0.093922056334157	0.204003073991425	267
-0.120973568751737	0.18364346535229	267
-0.051945118272172	0.249629773512827	267
-0.119621403968792	0.137743024829213	267
-0.00565236870920999	0.241368333258303	267
-0.051132538522308	0.15240378150035	267
0.08754642326046	0.233774240121611	238
-0.051893152536103	0.131282803667665	238
0.062262040347013	0.227863365957288	238
-0.049459187740984	0.139688006059149	238
0.045211653576776	0.222732417722788	655
-0.099119839297591	0.318005674183195	655
-0.061384227090029	0.127373005692053	655
0.00751678140926798	0.222480284510762	58
-0.090005504132733	0.150091011251067	38
-0.075374554218448	0.216847457729049	66
0.016236123120854	0.468764927203417	73
0.108619257824122	0.62890408661691	73
-0.10606709743707	0.159887136639319	73
-0.078396874941057	0.172123476628422	556
-0.052831249909239	0.281380574515988	556
0.120079180948353	0.323487244612104	556
-0.02392463413357	0.260749583273262	1100
-0.00682343714581901	0.427590686612314	38
-0.124121296410458	0.141989167873826	37
-0.032372823673831	0.312623195990752	37
-0.065839465766149	0.191315943202387	37
-0.00915757845909501	0.241674144153745	37
-0.120436875111863	0.112184357259875	37
-0.058306929139424	0.222972140059048	37
-0.021133115009317	0.408620965865383	125
0.015294122434308	0.226912764507241	125
-0.047646114776881	0.160734344801153	730
-0.03678822310027	0.128856752486972	730
-0.115928170619807	0.137863237459842	124
0.044862318626023	0.142625968247744	730
-0.090563635260736	0.232714301451372	287
-0.05566081073355	0.161882252141656	431
-0.017117974916857	0.346673096841704	412
0.015286697301793	0.232498551244821	246
-0.031889373369544	0.11763326304589	246
0.059285647850496	0.385136205654448	48
0.037299367987671	0.139477642318852	67
0.123268651701114	0.231555052542594	825
-0.051494701286738	0.138414712776675	825
0.04607024289419	0.521213253751731	825
-0.020275698489392	0.270660448919154	833
0.030687285354183	0.303602314361674	833
-0.026378824252964	0.273814439139384	139
0.011330797629036	0.26517250495364	669
0.00328133137269199	0.347782226578549	68
0.080361002209841	0.395705493417475	68
0.115039244151117	0.558566868494653	68
0.043272195525434	0.230024403328343	45
0.027970147379839	0.23747729733473	889
-0.049856338730904	0.180130403635529	45
0.098208768405678	0.232180563635321	43
0.119531873895867	0.144418446687302	229
-0.066230369762322	0.164821947439028	105
0.044873656571522	0.288898494456529	1183
-0.014152367532817	0.207012897828614	1183
0.08053460199746	0.145274077243306	17
0.103167056704071	0.320145483557634	3
-0.049377424560743	0.219191413875389	3
0.107402138794689	0.317773501602556	3
0.00743282467971301	1.35589356118373	515
0.099546004012908	0.97249746940511	515
0.032024023467381	0.691358488842584	515
0.105504002861405	0.788762372325961	515
-0.075849442637045	0.182331008278724	605
0.059442012166339	0.506063329988622	279
0.00782049151387398	0.460904492050506	279
-0.063887030857476	0.267948715103371	279
0.087807754039767	0.386445311693126	316
-0.044417938974686	0.158608784721522	316
0.030306249183164	0.343882799502971	267
0.076021803362135	0.364499552630925	267
0.089822940255598	0.31430594001479	267
-0.072939357278394	0.13406785714794	267
0.037902707940729	0.227352602575031	238
0.069392480986902	0.235230779981844	238
0.111006198644057	0.699393660484187	655
0.06119289724388	0.226168046427613	655
0.076493908078234	0.222564396401133	655
-0.040819890423708	0.133390056087043	655
0.075567176029922	0.225002482777893	58
0.00471309120732	0.13098571724832	58
-0.051684870966453	0.13657229709806	58
0.005257241211586	0.332826835897638	58
0.089030766053353	0.340708406605184	66
-0.04558594547482	0.122986310822519	66
-0.111061177702171	0.155082669595836	38
-0.07325749942119	0.162373831733636	556
0.082783100558584	0.326965459701238	556
-0.067486336439997	0.203870452304819	556
-0.055670409349029	0.150902196947137	38
-0.090700112279293	0.180542845098125	37
0.053300973018413	0.277090751309604	37
0.00155960577203002	0.222071857193106	37
0.08643065111329	0.323873628107733	37
0.017163937812429	0.239470662398671	37
0.08385058254242	0.320459457053332	37
-0.019448923660003	0.233198245450192	37
0.092017670186784	0.309051838413843	37
-0.073972580464532	0.163876370914111	37
0.019028126692324	0.217421211722983	37
-0.010382442181298	0.254146985668737	125
-0.014737922597272	0.1327480637598	124
0.123294097961564	0.238532795758856	124
-0.072993638644681	0.14756770419341	124
0.096337624286011	0.46534728569366	287
0.057741297024797	0.226234723306913	431
-0.050381778031067	0.127596221260096	431
-0.009546015642032	0.227235677077492	412
0.054269839352139	0.31399033253454	412
0.044760228579234	0.371452805809209	412
0.096090947099387	0.227447722723153	246
0.006342843878892	0.136367679324886	280
0.053000509592479	0.209820946846714	1047
0.077691609896588	0.142810911464426	67
0.124319677903967	0.151901952192914	249
0.00569928180741103	0.135399449308917	334
0.018950892128409	0.234177727201596	913
-0.063051260075412	0.146906268285879	139
0.117272355916377	0.32895942495076	139
0.124721585050084	0.301155461857401	669
0.108536322614829	0.31670953519249	68
0.050199221061363	0.302131619627342	68
0.033111767860882	0.13737131045223	68
-0.029024211425334	0.12060215823264	68
-0.020195014194483	0.1280844622093	889
0.073211921927821	0.143990186170743	45
-0.047430929753389	0.127777491867506	43
-0.036958812675386	0.132691758707793	229
0.079983440807249	0.150542684518863	592
0.078088278329723	0.148906376779904	105
0.079035587748443	0.150320321141086	105
0.00551896469318203	0.136183883241304	1183
0.010918647153158	0.137044007018312	17
0.048988453625677	0.230194326062818	3
0.014793091814566	1.48171909479401	515
0.09067849442248	0.852404060420154	804
0.03330462170547	0.421089841954144	279
0.105583027611766	0.399036853581135	605
0.122421403994001	0.379918999508146	605
0.093043703329858	0.296630002771173	605
-0.030907505177841	0.426252412091796	279
-0.042647025761823	0.291933653646095	279
-0.051930585671197	0.161925921576501	316
0.035751565790211	0.326986488111597	316
-0.062560412163113	0.20494461967864	316
0.05794938148317	0.436599688567907	316
0.065067975413627	0.439410357685894	316
-0.013363545917157	0.285267779656827	111
-0.070543803492492	0.205092207187834	111
0.025711192404993	0.236243762692914	25
-0.044636888507248	0.146578578698219	25
0.045387600603352	0.2332695345042	267
-0.030343775655923	0.129884855397385	25
-0.036465424151336	0.135982970603278	25
-0.034625444312098	0.125176496294064	238
0.064639661866191	0.229888964531783	238
0.042552399793469	0.235810408581308	238
-0.05223289214239	0.128492880106796	238
0.054157330207678	0.224934634215955	238
-0.049975955252402	0.138578993447178	655
-0.049459187740984	0.139688006059149	655
0.024088112745027	0.520342441091392	655
0.082151425204134	0.224434616161351	655
0.097197926629318	0.231394138696653	655
-0.029953008574581	0.121552101294855	58
-0.032394728790739	0.299136166070699	66
0.049754929355727	0.219979654567138	66
-0.115530265334207	0.127434727837239	66
-0.053418773483112	0.237586983277747	66
-0.119462413309453	0.123565474456614	38
-0.010577250228343	0.245868107300154	73
-0.020283269658857	0.279867515732273	38
-0.019423809185663	0.275774168913304	556
0.042604750631847	0.431733053549312	556
0.024423081111079	0.234633761219406	556
0.019981861239121	0.204600254900819	556
-0.033208780658869	0.217399713851798	556
0.093967373200931	0.236908804648359	38
-0.052658981069539	0.165043584659192	1100
0.013750936435661	0.341211362364496	37
-0.075301618170378	0.165506055665052	37
-0.122352871437543	0.114421967481868	37
0.00986082842272201	0.211045941303773	37
0.080136705251192	0.315879552377308	37
0.017543423219985	0.22978738355166	37
0.032015432720301	0.226440895801801	37
-0.072954740420404	0.176566791730106	37
0.016536206497491	0.230545429707974	125
-0.100179035764469	0.194746968871039	730
0.104831028692235	0.32530172232487	124
0.063253494490178	0.218853354928655	287
-0.017751271653098	0.291366270590748	287
0.043796468768711	0.220077065792659	431
0.078581350956424	0.223698224236714	431
-0.00664394100978299	0.237583536271324	265
-0.018083259380998	0.217736579857637	412
-0.025445663051355	0.283797743148889	412
-0.10500592879345	0.170030143826468	265
0.027181578963118	0.128544132863182	246
-0.048000809291145	0.14011930303459	280
0.114012321376814	0.387722386125713	1047
-0.056992719337762	0.174204051815543	1047
0.124258250345021	0.147101384296932	471
0.031808247357225	0.138989400873924	67
-0.041067347960524	0.121810100470427	139
-0.097338843357359	0.172853211807174	68
0.00640710525823202	0.266430376305642	68
-0.066838240642949	0.183749123913047	68
0.074847169390919	0.142110263291497	68
0.080372076045772	0.225106211634425	475
-0.00190486557493899	0.130867095301149	105
0.073215369429625	0.146065512760963	17
-0.03965878347071	0.150114764044413	17
0.05364352147834	0.658409869306659	1030
-0.090192841813268	0.314787279804482	515
-0.00159809157676699	0.479594093554699	515
-0.06120292534757	0.322313027240572	515
0.0414293834816	0.431638480769243	279
0.022393196277696	0.304841016246477	605
-0.10464085349346	0.159279889150146	279
-0.013709961387747	0.403584245471741	279
-0.078342133065829	0.24208885376319	279
0.108420297425667	0.329273917239311	316
0.022951321448086	0.219198338541352	316
-0.086021158947272	0.196752051857347	267
-0.066948548993718	0.196543912004741	267
0.12234641977289	0.496778832515065	111
0.032160201701628	0.338556402353537	111
0.087982150198472	0.234214505471586	25
0.068668225975724	0.231660159470404	25
0.084908260901797	0.302142335204894	25
-0.040827760581323	0.143038468183799	267
-0.05910242304855	0.136047095556493	238
-0.05006966539077	0.143804967440765	238
-0.052595921517865	0.120810378922815	655
-0.102723426466973	0.132910889887932	655
-0.051081059591254	0.129376948490822	655
0.010376394764086	0.225976419545333	655
-0.016971683045202	0.379860850651619	655
0.058417773465849	0.21402426579768	655
-0.04949420495306	0.127194308129852	655
-0.00396746811679599	0.128986830590475	58
-0.00494354829882501	0.301618676647851	66
0.084873925115839	0.397891219408183	66
-0.094964920042803	0.20472315756346	66
0.025678053434312	0.323265263026201	66
-0.063688558514724	0.200512008199633	66
-0.013811969509874	0.286550051469499	38
-0.020516307346712	0.258504931144731	556
-0.040167911232628	0.158304489323755	556
-0.027326430765778	0.255491462959648	37
0.080683117463844	0.315459160824817	37
-0.056956524383518	0.142798650345717	37
0.119548728075498	0.318197591382595	37
0.046644278128855	0.234154398896842	37
0.011349138832291	0.216353814561403	37
-0.04131225347053	0.152833162927317	37
0.083527309744196	0.416963598953353	125
0.00569928180741103	0.135399449308917	124
0.00126320916347	0.135239995383778	124
0.059978285053677	0.441781727166563	125
-0.121678095946327	0.100706029127859	431
-0.042626695019569	0.137661071881567	431
0.101351712307328	0.2233710338009	431
-0.046751980243763	0.160756597343653	431
-0.068165566275549	0.181702934746964	265
0.018279708890296	0.119030383251662	280
0.02820524740899	0.132691116203329	48
0.00012792162025399	0.130195895845294	471
-0.041117085674357	0.125043904358134	471
0.12185176941707	0.225164150030853	249
-0.070211084699002	0.152410908497821	249
-0.053356843882907	0.155752847500287	249
0.074981334339362	0.142680947462146	334
0.055764022157158	0.225862581609169	139
0.00125707900813599	0.130838735113681	68
-0.055059522050615	0.129093430561546	45
0.07794779363644	0.146035688326124	229
0.034332059693765	0.138007541788465	229
-0.042103329170527	0.120857892124315	602
0.037596349977728	0.14250575130053	105
0.078904022397637	0.149732089823219	17
0.038237225206129	0.138379205047829	3
-0.088186365784522	0.370752562414887	515
-0.012407024306664	0.577715325066237	515
-0.105780944212326	0.223849822472671	515
0.085201323529895	0.422057815879186	804
0.077881232386823	0.306330035115826	605
-0.084157149012279	0.232916624619963	279
-0.035823803259441	0.308546642681801	279
0.014919775491752	0.23160439288185	316
0.118468650571677	0.317939413486227	316
-0.015798723967277	0.265588853188936	267
0.048195495574255	0.314246223486248	267
-0.054979487357052	0.158022910650105	25
-0.050445959111191	0.132311597664773	25
0.09888401739942	0.326903028286776	25
-0.080266240160898	0.162143676100201	25
-0.063229376056668	0.128810149876635	25
-0.041415549670676	0.131784207324333	238
0.034570203290574	0.235548792931632	654
-0.045999263818111	0.15533146015357	654
0.060960014192433	0.223498317586496	238
-0.011783821306701	0.133295213754423	655
0.020770466399916	0.229602723912066	655
-0.070595934513239	0.18317415835121	655
-0.00835563240091999	0.368612473920729	655
-0.055754928332357	0.14991269078347	655
0.057761567718283	0.228708118774906	58
0.071351635002799	0.241042329484866	58
0.015390022315639	0.248868510146384	58
0.053765310337628	0.221531237620915	66
0.104554625937457	0.237487249157602	66
-0.049016144245732	0.143351393346355	66
0.00441894439172902	0.240896716786719	38
0.103432686671663	0.396520792621354	556
-0.00865035911527501	0.326343004646105	556
-0.006421514422884	0.246545754267442	556
-0.045583864342244	0.193404150996208	37
-0.00308371308354899	0.227483826604381	37
-0.055880106098978	0.163058733565615	37
0.068005631735674	0.323972279164462	37
0.060345404912563	0.294205163917042	37
0.074425026658618	0.146058230964505	124
-0.047564715827277	0.112907380494989	124
0.045163167567285	0.238197527850788	125
-0.055992930060801	0.135292052263688	287
0.090143159767687	0.477641866782934	125
-0.104541844184444	0.158582861632452	125
-0.095758973690258	0.176269874163931	431
-0.019577331810675	0.225524503605035	431
0.119634013505026	0.224977997836381	431
-0.043864942910597	0.122108508098269	431
0.034591710860814	0.229048540272963	431
-0.014956352459408	0.239289870673188	265
0.045569221635775	0.317245341953871	265
0.096109670425894	0.229123919311762	265
0.051293407209142	0.301107712256025	280
0.062695211032159	0.23771056902836	280
0.119988242115875	0.378212397956596	48
-0.022333135803964	0.125225985986453	1915
0.00350443873872103	0.13291852682046	249
-0.00218083654676199	0.126911176120669	249
0.078828112697179	0.224906237294696	334
-0.055754273105593	0.131051304940295	139
-0.060557624555648	0.168972601117207	68
0.010287240874109	0.226269411584045	68
-0.038965532392033	0.125147386365056	3
-0.049863294688108	0.831893577276902	515
-0.051345242787567	0.515106682811301	515
-0.047492764692065	0.527400701108719	515
-0.031834924878853	0.57428321296909	515
-0.121652375740047	0.237806051102068	515
-0.088373015950428	0.293392454386762	515
0.070787010324779	0.774467827212351	515
-0.049877047517941	0.289746709774464	279
-0.021368134868904	0.397178679672671	279
-0.042367398741668	0.348813265302168	279
0.032248841420937	0.373096988604273	316
-0.120547074517946	0.110602528690897	316
-0.053487006294197	0.199110230296316	267
-0.115510430655059	0.120611951994406	25
0.029737922030336	0.237206688511657	25
0.030290019630977	0.240707145313998	25
-0.005547693091527	0.218526641879496	238
0.049765188621748	0.240778488986872	654
-0.054503444821532	0.140778390903162	655
0.00702972529796297	0.231457773268791	655
-0.053073706769112	0.144006323181778	655
0.087113173918087	0.229030363761129	655
0.057178109454642	0.241250127989995	58
-0.00282327570066601	0.352519707650526	38
-0.123654227167059	0.125739880483871	66
-0.065979690397882	0.156485124733506	66
0.014148276082959	0.235195753393423	66
-0.019987808598129	0.25658515258558	38
0.106347696933129	0.408127202854691	38
0.084059076005488	0.383486169142029	38
-0.058184482049138	0.191969533991173	38
-0.02192852265164	0.221865735952513	556
-0.026546239342997	0.236368311027166	556
-0.000475436723690992	0.229233742649286	556
0.024702424097122	0.235229863732408	1689
0.040210081533521	0.300673743406302	1100
0.085224685061875	0.32616149630419	1100
-0.053320736952987	0.171088731475995	1100
-0.005826852214117	0.238029368440122	38
-0.00502896421752799	0.245218140950535	37
-0.017186059611685	0.228145254747883	37
-0.067026483070512	0.149708625979651	37
0.00916869378893898	0.238094762628422	37
-0.050805292850054	0.158456957819793	37
0.108713362102951	0.434399342620417	37
0.064475482198514	0.302252537409357	37
0.028222623747959	0.209300976173896	37
-0.071272553272556	0.213949598145799	37
-0.036676579960722	0.253022974462006	37
-0.107090205687682	0.157851133611656	125
0.062984618281667	0.225884534924263	125
0.087982150198472	0.234214505471586	124
0.092894029899343	0.403024183775922	124
-0.064432293107146	0.173297246459827	125
0.042607226710719	0.234393111735318	124
-0.062563814892811	0.123642246984332	125
0.085737893123552	0.233321024246687	287
0.016351127766988	0.319589041044207	125
-0.059393444121236	0.183288943424335	431
0.065559768381282	0.31908726711578	431
-0.01388988264234	0.247051266480324	431
-0.082059905068805	0.221651158075856	431
-0.046761846043554	0.129882148464877	265
0.107789856836197	0.233744331318164	280
-0.052985379209119	0.139180960313112	280
0.010288818228797	0.241041828220779	280
-0.013102168097352	0.246954279759523	48
0.060622632535491	0.221008910704367	1915
-0.049994565368167	0.119149283330086	249
0.079796045598036	0.231339520603614	249
0.00948320746776798	0.136064553321708	334
0.123100762547963	0.322395573986315	139
0.121323562700175	0.331642184600855	139
-0.04437409684516	0.137831280835911	139
-0.043622928361355	0.13729777635361	1475
0.080492747940298	0.312543082486817	1475
-0.078727192026293	0.124650920682831	68
0.124253691806965	0.328219438351242	68
0.029352903585632	0.232095169011333	68
0.03716922002012	0.138789704338555	45
-0.057281592953856	0.156408179266445	45
0.07307862914171	0.13989211771592	45
0.074833142987189	0.140149767628963	138
-0.00258998605226801	0.126978169753027	3
0.023671835055266	0.125059528046188	3
0.073751487150473	0.227850548233055	3
-0.043803537687476	0.1299933611442	3
-0.021611910346375	0.7013836381041	515
-0.079417782246412	0.403572352730656	515
0.08619127747549	0.579463151358597	316
0.11035052417799	0.408832835701194	316
-0.067732497561086	0.195307659031717	267
0.070344339364657	0.371693920340393	25
-0.063919088993539	0.185236089924484	25
0.066082573555185	0.357926002292	25
0.100636902224845	0.39100238251082	25
-0.09937879762059	0.14817134066272	25
-0.060659654654572	0.152152122505943	331
0.048896402950924	0.296820690185744	655
-0.036469980899474	0.179718634449536	58
0.088491718815332	0.414104776347242	284
-0.014892767215581	0.220335808557445	38
-0.018765679756899	0.303355741119737	556
-0.092753030729866	0.208866404499296	556
0.040494070042115	0.395551573803634	556
-0.102848911046847	0.155520049583679	38
-0.006997264743515	0.258075038254621	1100
-0.106138565488131	0.144048221834959	1100
0.056333293286292	0.318925044985688	1100
-0.120480956785796	0.108462785602627	38
-0.05472706739911	0.19974739419144	38
0.034040193003275	0.301238265202874	37
0.092944943271039	0.320410289052951	603
-0.068528538290249	0.170783895898911	37
-0.00985764747684401	0.239520008762072	37
0.040327137760198	0.319004909762885	37
0.039795546898514	0.348377338197626	125
-0.075053584827773	0.164745302321052	125
-0.00791710052219599	0.237580677956223	125
-0.064024874027754	0.16619253824398	431
-0.116843413796492	0.14812480462584	431
-0.00755245944126101	0.316394545481624	431
0.064300658881462	0.314330878976833	431
0.064350797237241	0.306826045893018	431
-0.069964693727457	0.150881005030525	431
-0.049013011155231	0.176882411678661	431
-0.048646061833041	0.219744353172232	431
0.071697115082457	0.229403445056724	471
-0.050377048942781	0.140195855472407	48
-0.044832219190556	0.1446767283505	67
-0.062043396064732	0.15701810098702	249
0.074497879800652	0.221741887941778	139
0.014832176642622	0.231731304259365	1475
0.122104057744483	0.222213616730192	68
0.07416459246224	0.145173991037315	68
-0.063400846617221	0.15313239288962	807
0.036461145009011	0.239496559443954	807
0.062759168287285	0.221207434161138	45
0.074431552992746	0.147374944209395	45
0.062111977903052	0.133334021064521	592
0.073349500609965	0.147341331430607	3
-0.01186525073312	0.133741480918747	3
-0.072590960676649	0.437022868292915	515
-0.116675522729775	0.114560853524038	279
-0.084773913620792	0.377193842033851	279
-0.062172175213345	0.290382612695011	267
0.047703672578208	0.466079247702253	267
0.0047524303225	0.263710802062949	267
0.043645841173827	0.227269379692878	267
-0.020666209541553	0.124221052621663	267
0.070072555325891	0.234381063144648	331
0.030529095389012	0.227622432367166	331
0.084775823357697	0.228407531712444	233
0.041609860747325	0.27947427793534	331
0.055907171657548	0.701583201800084	38
0.095074574305003	0.322554018668932	38
-0.015680592134432	0.366712143073053	284
-0.050064096209027	0.336383336252481	284
-0.104320029132001	0.224552335917266	38
0.075017682031014	0.545228547711322	38
-0.110175285607502	0.199260282856109	556
-0.050469778207304	0.155435313768791	38
0.105936295071901	0.314180810984862	38
-0.058130155046865	0.21665045834479	1100
-0.088457390802674	0.261561824271237	1100
-0.063892057832072	0.152157209339706	435
0.074218022010808	0.424297932728184	38
-0.102499439472112	0.19259753792274	38
-0.060802076649886	0.170360645145618	38
-0.051589436083887	0.160496962272555	37
-0.050076375463537	0.239494430606247	37
0.096070370427223	0.227141687204664	125
-0.110518134334874	0.131886810877663	125
-0.00982722244293099	0.13354971091216	125
0.028737466458491	0.433756221472958	125
0.087018573147893	0.231555023405203	431
-0.045849501595213	0.328911678582739	431
-0.114852247333507	0.151404392688459	280
0.124258250345021	0.147101384296932	48
0.09538381126303	0.414004226367314	249
0.064397709407345	0.407250870925461	139
0.045231862448243	0.308094592192946	139
-0.056160692052179	0.175368941827886	68
0.053298924221397	0.314952232739887	3
-0.036671426101641	0.123720659204339	3
0.015165505424803	0.219225673363874	3
-0.058638461904286	0.154801840082101	3
-0.00074209961525501	1.06146428367224	515
0.00251457826305601	1.01772698755311	515
-0.079085078533806	0.244871849003495	515
-0.028123194458038	0.267858266151312	279
-0.109908715367126	0.24513577885237	279
-0.01724545273459	0.542033584598268	279
-0.00061473169075299	0.32510581557831	316
0.050182079505683	0.387773867095973	316
0.121411728203762	0.319322304583346	267
-0.11281596548209	0.164522738536154	267
-0.095542305640518	0.221433936299656	373
0.026970081115619	0.332316215601473	267
-0.046732579255538	0.241594284492085	267
0.016109769421911	0.295580285416195	25
0.035358984445967	0.240331477832929	25
-0.024110947892579	0.272442740601867	267
-0.043699895696344	0.139394615432745	331
0.01969363423362	0.234009505878725	331
-0.037546519518125	0.13514718769112	331
-0.053511571572549	0.144330477704257	331
-0.037901452247812	0.12512205123273	331
-0.025508902227915	0.474207036008813	233
-0.038575633626658	0.134167266553061	233
-0.056134836930424	0.147198560957126	371
0.038434603751969	0.141123027549428	371
-0.087187811470354	0.212613728597102	284
0.075922689991164	0.570288253548847	284
0.090294802301143	0.458074146179234	38
0.056224478513208	0.308987633043984	38
-0.063235392081004	0.164456886787598	435
-0.034901577237249	0.161214516754945	435
-0.082736055242297	0.261343667289502	435
0.066592091892744	0.492390407246056	435
0.115098883186257	0.319641838317535	38
0.105163116843778	0.377316052912831	37
0.084976688965861	0.308808333903309	37
0.121411728203762	0.319322304583346	603
0.078712563749757	0.492195814214901	730
0.061729276417375	0.499020145120965	125
-0.045636338709097	0.140174344540885	124
0.054263016908445	0.564887343723585	125
0.050334981085712	0.498831346633698	125
0.059836394851078	0.389524695161874	431
-0.017768321856083	0.315716656667031	431
-0.064131796399478	0.150680238399813	431
-0.112141122189188	0.132135307104702	265
-0.102690057490856	0.157731919701077	48
-0.03566651204661	0.124673546146437	48
-0.06907826251667	0.161182538321234	249
0.00365630404425599	0.335326631925898	139
-0.097853053851166	0.180620229514688	139
-0.00756964381709499	0.236267635275893	139
0.072558010992259	0.312109628768087	139
0.04368054664664	0.311596324258831	68
0.104876593982516	0.313577468675734	45
-0.0000122568626680086	0.130079748173759	592
0.07598205813682	0.236691789106712	845
0.020285744980069	0.243034912799059	3
0.017044360025996	0.240260430719364	3
-0.066847503145955	0.172031669775997	3
-0.035742545502777	0.129694607008019	3
0.09228893726823	0.361106324097573	3
-0.119796239348277	0.611141491296717	515
-0.075315560793833	0.414489794174681	515
-0.011869842723017	0.727466357872643	515
-0.008532516975019	0.480897738952679	279
-0.100569262923735	0.226090852064565	279
-0.11370711701079	0.284434610847219	279
-0.050665710790799	0.389639206158152	279
0.07868067380327	0.750952606147816	316
-0.028637745695797	0.393440641636949	316
-0.02180285792933	0.325835193142929	316
-0.068160521334028	0.158036301241369	316
0.060637487142774	0.394542612595764	267
-0.072317067584471	0.186073901295534	267
0.083609999642759	0.405989358865809	373
-0.00176020900040599	0.256658395161507	373
-0.00687342933030299	0.263918695725121	373
0.101467990983512	0.46328179657735	373
-0.054531621696885	0.189032902076031	25
-0.054258997528544	0.22311823292093	25
0.061983273320718	0.320636644283331	331
-0.116157472313825	0.113737419936559	331
-0.057751848657977	0.160613993798972	331
0.00152926168779199	0.22675845320459	331
-0.068038651012842	0.165096178117348	331
-0.063149157963744	0.160569740987258	331
-0.00692893021088101	0.240971219511227	371
-0.00746265931034701	0.223835863049554	371
-0.062925565740882	0.164729082092266	371
-0.109713613906992	0.153615395652561	331
-0.101730946650392	0.195316304489648	331
-0.104769398080204	0.161922902684694	284
0.036169327959152	0.365288848253749	284
-0.017005439674375	0.393466950093253	284
-0.055245940081836	0.215034686620605	284
-0.076462533416464	0.219802023310332	284
0.00754324271371198	0.322167045192243	284
-0.107715781921791	0.18874469815837	284
-0.12099226056853	0.152593370183632	284
-0.004680013814468	0.347959504520466	38
0.020317578617324	0.394381159227226	556
-0.099258451087223	0.190917149599064	556
-0.096429519984762	0.196396391892374	38
0.020123792709296	0.388635494476144	1100
-0.115874468344207	0.131969448916495	1100
-0.01211566975753	0.290849911285699	1100
-0.111161215950625	0.137870002040067	38
-0.00158421585802199	0.236284662054331	38
0.071063899431259	0.321050652223266	38
-0.052332476650399	0.177926728924806	37
0.109168934421459	0.321290027518257	37
0.092727840999896	0.332635411348002	37
0.121296832847285	0.3898568651458	37
-0.079925925435332	0.193978949554404	730
-0.0590416675747	0.20645950404483	125
-0.121647644857663	0.120583681667078	125
-0.063651977906954	0.185133300128283	125
0.105967519226475	0.326031879391053	623
0.000812013898241981	0.207784499777404	125
0.102797539322497	0.605828156632918	125
-0.055784160329588	0.247862027697375	125
0.013267828922728	0.406047273237005	125
-0.069080223626614	0.213651817209094	931
0.010286273840171	0.320978831453264	431
0.042568555268781	0.324012362157589	431
-0.010448792611095	0.233412070818369	431
-0.037392026209381	0.268496300533049	280
0.055444648554701	0.416490890241135	265
0.014575116832769	0.240405419561624	280
-0.03708971897887	0.264290719808832	48
0.045427361361906	0.305906739862403	48
0.077334113998202	0.232968784083481	712
-0.076130820587696	0.156763267763617	249
0.122308494775072	0.328266050640072	249
-0.045419505265895	0.119865659226562	249
0.078182692334677	0.229248666246594	249
0.068434703507393	0.221826482857533	334
-0.054522628430609	0.139030827919109	334
-0.042731446878725	0.172063262944078	139
-0.067511868161639	0.195277996910693	139
0.111208247357603	0.394527580490777	368
0.025835409350192	0.326699324173316	68
-0.040920880108216	0.139466746514551	68
0.116222015083954	0.318209794741346	807
0.120408156149738	0.328221353887638	45
0.034635393881497	0.135952135227223	45
0.124501685616813	0.151295106265293	43
0.00886332374644599	0.135213080495296	845
-0.036730538089834	0.124293668078403	3
-0.014533535104978	1.87832349266233	515
0.020860345395564	1.80349754749382	515
-0.006180718916174	0.492385317294238	279
-0.123419910888312	0.182198911834366	279
0.010276160780748	0.596292408701376	279
-0.110564490852345	0.285689475805954	279
0.018351239153681	0.494186655496921	316
0.018736249772473	0.407854811423896	316
-0.104373504624378	0.15647012533312	373
0.044265867955072	0.306013970558179	25
0.111212871432888	0.412055136191475	25
-0.109688440564949	0.145031548829741	25
-0.117341809097374	0.118440103998955	25
-0.022333041348504	0.227531984581683	25
-0.10888841285815	0.132770933697362	331
-0.123551143948017	0.10868876494088	331
-0.00612757622896701	0.24355665889382	331
-0.061130395779818	0.141976015393095	331
-0.03204036144653	0.212064917612696	331
-0.00621817270688299	0.216886900243452	331
-0.055397041995505	0.158960466230111	331
-0.103143051781618	0.224413621845881	233
-0.061478627872008	0.174631601338823	371
0.105700219269916	0.387985287447578	371
-0.05467814263945	0.159930503084485	371
0.104760836058425	0.315599079195359	371
0.041301396182206	0.496594015559945	331
0.044964593131912	0.646530951920783	38
0.05502635359948	0.499394330991068	38
0.068830874128997	0.457973379213892	284
0.020379655912503	0.384610483889974	284
0.073697343837702	0.3908497802583	38
-0.081058392023306	0.17170656852345	38
-0.066910746938289	0.301618657876098	284
-0.064003316136219	0.246234476407629	284
-0.031699203649619	0.307510295910187	284
-0.090259695425258	0.203156381107409	284
-0.030026615787243	0.375320165353209	38
0.00012439426004901	0.468610448128597	38
-0.035372081729387	0.360060413140144	38
-0.0000321313303159876	0.368354769441181	38
0.116543474160471	0.506721532179319	38
0.024284404343039	0.39706697702391	435
-0.105117925744487	0.173526456137166	38
0.02596782968494	0.412509606738163	435
0.09940438776813	0.382137238605431	1096
0.053236991087353	0.326433663212511	38
0.079968937689438	0.319284650845894	37
0.09909656398165	0.395697341283864	37
-0.018437105547432	0.274062629970667	37
-0.023330984754098	0.230838129508147	37
-0.063874447540514	0.224523783305908	125
0.076473504705071	0.502185518996358	125
-0.079963807223739	0.207900587821395	125
0.074138111060757	0.310854254735679	124
0.09143808794351	0.296722996536786	124
0.045543501213458	0.46885825789904	125
-0.052510208338203	0.295540481389038	125
-0.047579673904416	0.303581013307357	125
-0.065180893856795	0.181613287996321	125
-0.066252648838993	0.193061454679675	431
-0.020404340441796	0.411124134862423	280
0.020807519080084	0.422281671062435	265
-0.055697639034888	0.175578618719633	280
0.108674302030755	0.381790108996696	280
0.062225833171527	0.353691216845951	280
-0.062377644159135	0.130969652016986	48
0.037596349977728	0.14250575130053	712
-0.121547681758166	0.122456320177441	249
-0.051446047397696	0.131935046205258	249
0.038111148203971	0.137474371904932	249
-0.058343509068586	0.137769385153235	334
0.118383798615047	0.379781788893293	368
-0.078328772526976	0.152476953698532	368
-0.040254181887476	0.21965222588246	68
-0.082708717543006	0.239613166245449	68
-0.06126720755646	0.156160232740036	807
0.118363955429	0.318353210232833	807
0.029826442299868	0.135894259867795	43
-0.05342779016004	0.134826226119541	3
-0.031025223117085	0.544680023835732	279
-0.019494024275405	0.59570119045208	515
0.014789738570027	0.85200818163546	515
-0.073061696150213	0.345088670094995	279
-0.06392824803634	0.453587243284199	279
-0.00708986313219401	0.287693787661485	279
-0.072383683135119	0.316094359270754	316
-0.052370808566875	0.37662902262242	316
-0.064115803166837	0.161416548055784	25
-0.061495936465215	0.235847194628332	25
0.0693559968555	0.383273285487794	25
-0.123252204315296	0.120473754941293	267
0.061178520142337	0.407273469053262	25
-0.120420531708735	0.124227055308734	331
0.089752694452682	0.451956018443292	25
-0.061769160814877	0.232930843377044	331
-0.000810270922414008	0.312046401698119	331
0.013535268346542	0.337978447393873	331
-0.11093558527194	0.122278791346236	331
-0.110657297791599	0.147763325203111	331
-0.019684541174855	0.222264450202873	331
-0.109097808369315	0.157609836750067	331
0.118898116809269	0.638572488036996	371
-0.025391525603804	0.252545619434332	371
-0.100501940865411	0.155550441883228	371
-0.082700384981429	0.169066046129412	371
-0.048314829264042	0.189324588369909	371
-0.099803837796619	0.227193640317255	331
-0.105594155055818	0.206499087339798	38
0.07209835111434	0.484045199362169	284
0.028946809627049	0.337723696645994	38
-0.07304052000357	0.212124212837983	556
0.037606416131419	0.451835076493762	38
0.039581312363282	0.224466862414903	1100
-0.065340587621623	0.183955010725175	38
0.093484945172241	0.326392019065552	1096
-0.072597888001204	0.137092926302685	38
0.00604999331824402	0.238833885232042	37
-0.069516027692687	0.163207047104822	37
-0.115606154595736	0.115877395721645	37
-0.066054777713733	0.156050054201644	37
-0.020153670990186	0.230289154097203	37
-0.049913815730307	0.237615164704	730
-0.055230613427242	0.156457143426525	37
0.092175771792516	0.40848188687037	125
-0.118927300843641	0.153257652509912	125
-0.03905401747453	0.324254036975919	37
0.055351944361784	0.333058104022227	125
-0.099328691325047	0.249571213640384	29
-0.005055694999691	0.282664994858632	29
-0.005953840024118	0.268892054261953	125
-0.052421929154132	0.173813653381742	125
-0.116765556517791	0.192633668439417	280
-0.056184999973565	0.164433028921623	431
-0.090806084974448	0.222240730086803	280
-0.111884319316494	0.149796677155652	280
0.042238104738909	0.390154504202901	280
0.072376368193219	0.31237677649051	48
-0.058272551777249	0.159624290355774	48
0.116907444525757	0.39181500673471	249
-0.00954869313790399	0.227466032048088	249
-0.121598519801211	0.126117139183946	249
0.036176890740523	0.228783112444181	334
-0.077472848257831	0.140281956847494	334
0.008958124374427	0.347526181353721	139
0.080830014634866	0.469276380083868	139
0.042572343044909	0.139592445621261	368
0.123204510692662	0.323720600566142	807
0.050056815134926	0.229611242360265	1577
-0.050103870301795	0.13060600048644	50
0.07537213165305	0.146716739668797	50
-0.04001031750094	0.123977958640688	45
0.077398660328377	0.146083792868425	43
0.121595823902388	0.143312133380571	43
0.082431553062253	0.145773659669192	39
0.079586933986333	0.14224216295063	3
0.123309462004421	0.146256585045658	3
-0.073716846204759	0.546306554217734	515
-0.101568428136902	0.388918805253521	515
0.027742145891886	0.688511469828302	279
-0.084641379808287	0.42302867361515	279
0.00106469967219303	0.492571135332664	316
0.023966414677584	0.462289275767018	316
-0.04802203349977	0.404375792016609	316
-0.071793617950759	0.297857182853143	316
-0.121907009763357	0.181655673016185	316
0.102335924828721	0.640934771892716	316
0.124071600209466	0.312502214456352	267
-0.045737618147453	0.152189581302825	25
-0.089135272504641	0.178378334847484	25
-0.040564894511336	0.270124433843367	25
-0.073167804582174	0.179345084997475	267
0.00656641367510502	0.366114126611937	25
0.071079398521704	0.417487990638425	25
-0.122017774189442	0.158106661211097	25
0.00908029254377202	0.344171264133118	331
0.121153895344095	0.54098268843172	331
0.047308415460503	0.350164313007581	331
-0.027624653178529	0.256158312082687	331
-0.03611698356976	0.308535292683733	371
0.022151398877312	0.438796631166685	371
-0.047211773997035	0.327435663692133	331
-0.059410785724871	0.350710140984192	38
0.105203013904711	0.807604300268251	284
-0.104184781665618	0.207714218387513	284
-0.033660089807885	0.308036448573492	284
-0.069650912997076	0.127968240693513	38
-0.063722140044246	0.231640012542042	556
-0.117071273455078	0.20899092402667	38
-0.111247428007032	0.203123210648339	38
-0.095091693648258	0.260108218919861	38
-0.05115633945681	0.129230598216727	1100
-0.057678271294135	0.209105701396938	435
0.00693982913507002	0.309073071888938	38
0.105599925855481	0.517997973259552	1096
0.109226477512463	0.393481163295636	1096
-0.080546905681522	0.160572646115041	1096
-0.063286632033519	0.166749701750955	37
0.031387905691836	0.321094706223004	37
-0.06495817748468	0.166169657972388	37
-0.061410051568998	0.151881736699785	37
-0.065825175128032	0.304676839213025	125
-0.058696972101838	0.283942379874196	125
-0.113168712077746	0.227594461757662	29
0.108487580842224	0.778161621896845	29
-0.054182035633732	0.186255664060493	29
-0.089713276418044	0.192845349367416	125
-0.053110418835798	0.130136531612102	125
0.077681034905433	0.512376565903555	280
0.017037626271279	0.399680942371737	280
0.063958397290037	0.540900356581739	280
0.111787864318099	0.684241681481149	280
0.051961599914113	0.411811374512006	280
-0.080471848488621	0.175699283065137	48
-0.059319215052558	0.178731612955461	48
0.065567899408242	0.320049446088097	48
-0.07397335762359	0.156488672833994	48
0.072449094179646	0.318097299882818	249
-0.0250938170767	0.233888531060155	249
0.088542024015479	0.49878724559352	249
0.048124132427724	0.234328483526653	368
0.119224003419789	0.23044727687303	68
0.015220637765506	0.232675898885876	807
-0.06651450960369	0.157230862352761	807
-0.085136283871024	0.143760998082231	807
0.047334961825953	0.230487562604851	145
0.081980110497087	0.233477353963885	145
-0.043930111567508	0.138808893780667	145
-0.03775770391609	0.139222685758146	43
0.032898102918375	0.140954849876372	43
0.049122258616875	0.293808390629573	7
-0.031004559751072	1.17674743841452	515
0.01051947909236	0.830772510369473	515
-0.119822531136936	0.343897792496194	515
0.09148600298311	1.37649482926706	515
-0.05592343076449	0.666998202411616	515
0.047623684158023	0.898470758307803	279
0.064735886333643	0.611264882141375	316
-0.00775653963794101	0.571514622531638	316
0.123965483426362	0.982249036124404	316
0.014643891377373	0.481523943675407	316
-0.039763921945407	0.297740686518471	267
-0.068120550976567	0.185555482333373	373
0.063253478552478	0.323271649307869	373
0.01346746519763	0.232523101121703	373
-0.061806466465825	0.145786434103419	373
0.099710424102272	0.389738417214225	267
0.071892952476638	0.386835294615995	267
-0.066342399959152	0.207877384806783	25
-0.038403786914404	0.260343925777871	25
0.059782885062839	0.407160202919457	331
0.04673223212129	0.397755115367145	331
-0.040106812827188	0.234015201856999	331
-0.016071730387708	0.322541505676163	331
-0.062580245530789	0.279616499829266	371
0.00146634864561301	0.391040567477819	371
0.077494092639244	0.497827264564965	371
-0.062394061927439	0.192618107807613	371
-0.116575333828438	0.123491551257198	371
-0.054005871690256	0.239237905617157	331
-0.095267794048184	0.249991711319623	38
0.040651220561522	0.598915458878953	284
-0.10206588723206	0.229527363740685	284
0.00112413306961301	0.256581093573331	284
-0.114999409549227	0.115959072918593	284
-0.094088007462432	0.25734102198783	38
-0.026341950521262	0.251769069664974	1250
-0.070255918720537	0.194377830928199	1250
-0.046341775355928	0.318975821040315	1250
-0.072764132407132	0.24453234369867	556
-0.11986215193825	0.205906457087889	38
-0.100267500269324	0.248062795733885	38
-0.081365695043622	0.129626390678602	1100
0.067218880257141	0.231646821386604	1100
-0.01359429662483	0.233108386571055	435
-0.00494762207909599	0.254365932261892	38
0.03156613381916	0.402081699907401	38
0.058640913989478	0.444845584254696	1096
0.04061328023464	0.32486467150339	1096
-0.012556684552513	0.234078389840733	37
0.043018028324581	0.287076342031931	37
-0.102036090824402	0.152449274937661	37
-0.107775052826784	0.129121469530231	37
0.081060759276615	0.412600778180563	37
-0.053557186459177	0.161452294760002	37
0.016341608129188	0.37258928203527	37
-0.082449567976921	0.15472243351462	37
0.078991722793999	0.501279613054981	125
0.066282890324231	0.555275193490395	125
-0.0647594712035	0.201226131486397	29
0.03159864096991	0.348070990100006	29
-0.058003058698581	0.312689734252389	29
-0.046095848285852	0.361746586085104	29
0.112120870274085	0.477347593485934	29
0.023423331710415	0.233040304116101	125
0.109053934187241	0.641225438674111	280
-0.063228505832952	0.308825951768986	280
0.059022975644795	0.325755700436605	280
-0.073253836947891	0.161137520582834	280
0.098126957340108	0.481269349094543	280
0.107552793558092	0.727460000981641	280
0.11051247925955	0.59316679698597	280
0.039286253193083	0.479404416870458	280
-0.088594336705812	0.169956153226324	280
0.09846749654012	0.484446434237125	280
0.068766561348427	0.30677432724111	2301
-0.062879789620366	0.174826644560138	48
-0.07129354291186	0.1513001118935	48
-0.012546692171805	0.235409974114858	249
0.043098352088222	0.329417557227605	249
-0.014616988977777	0.250724863800707	249
-0.008509205426003	0.256430119308756	249
0.037381023087061	0.440537073303382	249
-0.043484358537316	0.127434725581378	249
0.027581388287217	0.42233630544016	68
0.078199233322833	0.31179305767362	139
-0.044900131488274	0.137620240059206	368
-0.000668085865410006	0.130211032899487	368
0.096007442638147	0.385562770440799	807
-0.033580998095923	0.216095274837062	807
-0.052044959442062	0.15317906674882	50
0.124495297691333	0.323184749928316	145
-0.054421102752038	0.15014026591037	145
0.102459617131347	0.237840427968256	1104
-0.05858622515263	0.115813780314741	1104
-0.00286687970737001	0.130250661971432	43
0.034469154156362	0.135604019227245	196
0.00679551834863101	0.135532394965246	196
0.00569928180741103	0.135399449308917	196
0.06874675793242	0.143110747358101	602
0.077956071593319	0.149508802914429	602
0.062972586845466	0.233431277350563	3
-0.101433217137747	0.249345893807157	515
0.086914471562105	0.851589335537685	279
-0.053363607178972	0.462140175657652	515
-0.084476001002064	0.270498487144979	316
0.00713650511567199	0.43751125709027	316
0.043757057504573	0.327945501430238	316
0.066947064272336	0.404935493873817	267
-0.024308597836044	0.299684639451023	267
0.041886068826388	0.353632221907967	267
-0.03202993839881	0.266559790114787	25
-0.089269339814525	0.174601567962185	267
0.082108472924604	0.310483291030427	25
-0.108872805360737	0.11920383888083	267
0.06719862923967	0.337748236589235	25
-0.004568660586343	0.221369136426182	25
0.068766561348427	0.30677432724111	25
-0.057928355146209	0.154957584118152	331
0.047870483396561	0.239463573757124	331
0.064724444561449	0.228809590535725	331
0.022216109317697	0.430322732145199	331
-0.072961472022796	0.161812824232233	331
-0.108399035262833	0.145691336198889	331
-0.107956429567703	0.176084908936362	38
-0.000137537613254995	0.401054450575326	38
-0.121687010621322	0.130092495854817	38
-0.104583338466999	0.199898848016051	284
-0.00178830038612399	0.38153958131452	284
0.109042914340092	0.672126446775609	284
-0.065868756057954	0.267705291800993	284
-0.107428381072717	0.176815161557205	284
-0.077781091471575	0.279821168732135	1250
0.083265137098766	0.715505445299316	1250
-0.02447799672803	0.402779870183164	1250
-0.057974022884788	0.252163841421563	1250
-0.12003306364871	0.164702180552094	1250
0.00134762855562498	0.372527958572699	556
0.028835674445575	0.469975613498094	1100
-0.040779528406615	0.265985305076249	38
-0.08969628122965	0.191137809137374	435
-0.064312544858956	0.142521471666016	37
0.074248724170606	0.412712192221105	37
0.056786788215645	0.479955239071704	37
0.105144098336223	0.700734918419494	37
-0.092134657742749	0.181462465875214	37
0.068321361981288	0.233852055635501	37
-0.12056456292544	0.171296102809872	125
-0.00314906159478301	0.221072058289114	125
-0.060988415353765	0.267198348482022	125
-0.080010735934731	0.232429843731157	125
0.076713353694942	0.509928767197299	125
-0.114763364644154	0.194373035847591	125
-0.023917136381638	0.368051032844318	125
-0.112127867355503	0.14643972775344	280
-0.115189763822507	0.152063284442809	280
0.090344532501758	0.496220841171562	280
-0.085480493850789	0.212567785965536	280
-0.014001945546803	0.328712739795518	280
0.045320248700164	0.415154399827859	280
-0.019251836527574	0.252408956743869	280
-0.093318669790179	0.202380216500525	280
0.096648686540463	0.517186688233569	280
0.070548515196878	0.225364605553267	1927
-0.108808045707615	0.158375118696891	249
0.08707214447786	0.227799582510622	249
0.084703327491337	0.140601624648158	249
-0.108714725343194	0.153161397131257	68
0.087558478306606	0.379989419777116	368
0.054410754997277	0.333481392274672	68
-0.012140985965049	0.263388630544497	68
0.00492942473939201	0.241235430992303	68
-0.123479246681582	0.116381136842012	68
0.029958762109085	0.355550258068362	68
0.024187375676347	0.30313677686414	68
0.01495461392336	0.236099531751758	401
0.070489178557007	0.217730444547226	1104
0.035316113687893	0.139239219571325	196
-0.034365925761676	0.127751980868907	81
0.102354056477992	0.323073647375395	3
0.097115806587801	0.226645094938692	3
0.112453321928539	0.314002296238418	7
0.023796411182017	0.463942007365145	515
-0.115729953650608	0.26164525875389	515
-0.090389620823484	0.308920643892294	316
-0.057589404094026	0.198462647237424	316
-0.067564024332045	0.145986278554065	267
-0.076960862134293	0.250411801334699	267
0.043080748281234	0.381827033711163	25
0.0475117644682	0.220274570328216	25
-0.058887152159438	0.125378122643885	331
-0.052525538010725	0.131402162283487	331
-0.020569740301438	0.128803833341246	371
-0.019904603571091	0.119526678047672	331
-0.031467677726159	0.13599904317091	371
0.011261386941677	0.293207849862085	331
-0.079436081464378	0.199201723549802	284
-0.124584773356537	0.193863782980589	284
0.061312713730902	0.523196304127352	284
-0.118564770573298	0.206885299555475	284
0.038629971051624	0.622488901402592	1250
0.039871928990388	0.455049915705303	1250
0.036552802991393	0.306274371354972	1250
0.040002553769061	0.219871142501264	556
0.039672125546637	0.223664052241342	556
0.059455716258288	0.61102705481862	38
-0.053277661829133	0.209520041040776	38
-0.066752407473365	0.130305372056528	1096
0.003135239514169	0.223734887394199	1096
0.055796931757766	0.349303973298723	1096
-0.053138951802392	0.189641740806554	1096
0.045757138924077	0.316498313049504	37
-0.064383343272096	0.179076151029251	37
-0.064288172813631	0.20469595414905	37
0.096368733313145	0.740868869648226	37
-0.109216609880006	0.210313820972	37
-0.065629909553881	0.22357703035145	37
-0.050096730457507	0.232653314350602	730
0.122885974544469	0.322962501647819	37
0.071318552776156	0.144466604873621	37
-0.00286687970737001	0.130250661971432	29
0.066679464492966	0.603742059496475	125
0.041989116832599	0.359053063241146	280
-0.0440268895013	0.217383793380332	280
0.043182968098641	0.362366613035608	48
0.066716215183327	0.14006214079415	427
-0.023100624856276	0.34197361337148	249
-0.01186525073312	0.133741480918747	249
-0.080201901991548	0.211504842791782	249
-0.092758557036411	0.252013453042715	68
-0.034018561018934	0.356589078770556	68
-0.022073533645412	0.34125474695601	68
0.068085298384509	0.519733003848718	68
-0.02516547457588	0.267900134592159	68
-0.055340174570842	0.139797357851205	807
-0.112178392693605	0.115781523081701	81
0.100354432304985	0.313360733598719	81
-0.07131795123749	0.201478207325358	3
-0.01319002528468	1.50703570844416	515
0.00402851728492898	0.403803936925804	515
-0.070974992976862	0.408378641491426	515
-0.10366548561958	0.185720537502019	515
0.097608462367376	0.884478335826775	515
-0.094468335219654	0.299590908834205	316
0.045537600594453	0.922241514952972	316
-0.033431160938006	0.511474494559765	316
-0.024907649488851	0.30438052567207	316
0.089728241300708	0.751970146147355	267
0.021021012300807	0.386539109603058	25
-0.016199153883328	0.234227930438996	267
-0.050128574946247	0.147966018758612	267
-0.034306316097452	0.154715078308594	25
0.033873769032373	0.242267514701878	331
-0.051868037195153	0.130581286509935	331
-0.031318044355266	0.228779715297435	371
0.03557693584368	0.139535990553412	371
-0.025666326083471	0.119979229402085	371
-0.012952993938489	0.133141252146865	331
0.038434603751969	0.141123027549428	331
-0.061617300576819	0.17347517659543	38
-0.070826753328119	0.145077746346802	38
0.013975427076444	0.397511343291331	38
0.097177343908114	0.223622280160274	284
0.069896242259416	0.228368318577567	284
-0.039313491086002	0.127860519503797	284
-0.071295821403798	0.177577837277549	284
0.015550892507567	0.450956815609306	284
0.021966318055661	0.49486444929585	284
0.096737183047628	0.708063072470884	284
-0.117772821279671	0.209621922122636	38
-0.072024153406814	0.332470800672979	1250
-0.070315227896105	0.252261825956466	1250
-0.051217531663482	0.172707149273507	556
0.012096435885337	0.230885225993926	556
-0.013395100307793	0.465692757503512	38
-0.03851995080403	0.301334626795198	38
0.077698797572366	0.31637912742525	38
-0.025136421141951	0.253406885915537	1096
0.089354058650923	0.429529721042558	1096
0.00667379273633001	0.273932639236488	38
0.119367785456208	0.495521159173625	38
0.024892878984011	0.303838199639024	37
0.033296856872703	0.323345641249656	37
-0.054684702484407	0.270298760782463	37
-0.084653430136085	0.186133854018716	37
-0.014352299011942	0.439068219562819	37
0.015968330352198	0.238172838002055	730
-0.022025384021788	0.354977305129513	37
0.046343251144518	0.140696396518167	37
0.032306107747936	0.135773027986625	37
-0.05574504319685	0.144928453263503	29
0.105748870650303	0.476233525811964	29
0.021290794343876	0.401805050569274	125
-0.12277171639641	0.150728754044693	280
-0.098107340411412	0.167649732884886	280
0.034078344156236	0.400462263032167	280
-0.00608151510060501	0.44049575812299	280
0.050086016814423	0.309487458508913	280
0.079983440807249	0.150542684518863	280
-0.051767382000517	0.122463268178838	280
-0.111308336108448	0.123632605987676	280
0.088487937651978	0.588457204767303	48
0.00982183923534802	0.136913461783054	48
0.077141512457573	0.145330295563523	427
0.074425026658618	0.146058230964505	249
-0.101814772341736	0.167531134801238	249
0.072964233156501	0.588843033329213	249
-0.105224101517745	0.185372423667248	68
0.050959519316654	0.435488604571548	68
0.097505212547947	0.397215611640426	68
-0.001911348414536	0.214111821981405	145
-0.000942034097353994	0.130879528379277	10
-0.012993282938047	0.236991157862669	7
-0.119544394741463	0.112855537111209	7
-0.014786293461361	1.95152686457563	515
0.073436377043108	1.32886048067374	515
-0.069617529655177	0.383050979564148	515
0.023284459557453	0.667709900123349	316
0.021141849548037	0.478561044694773	316
0.063976811388162	0.408158860020518	267
-0.025039384024827	0.229689309181666	267
0.058512591065743	0.335780479333703	25
-0.016766850617189	0.240115068686716	25
-0.00322794096125301	0.248173799993561	25
0.0000751441723200186	0.238897442166918	25
-0.065937438136037	0.190822794766713	25
-0.00667052453432199	0.225783053185604	25
-0.058362826330921	0.202740419676126	25
0.021323037282697	0.29351588744798	25
0.00928546260583002	0.24258041344407	25
0.122472435399424	0.401125654997511	25
0.000692964294539022	0.236535751720522	331
-0.067460600626746	0.155557121850475	331
0.046681630386815	0.381932931837885	371
0.08287830626033	0.380012285244265	371
-0.07276102484657	0.143596451398433	371
-0.065978681923579	0.15635163344884	371
0.08385058254242	0.320459457053332	371
-0.015420584456269	0.243010736676301	371
0.010650057085455	0.334733424069867	331
-0.07784089742887	0.194163142719356	38
-0.00849398807313301	0.234515034367325	284
-0.043986645733686	0.304498963509191	284
0.023116996230706	0.333155688689341	284
-0.098397147365891	0.19411690982225	284
-0.022114480911444	0.327077111020124	38
0.109055404503756	0.58262176072949	38
0.00836653222626399	0.32337363779505	556
-0.038538349552158	0.243944208406631	556
-0.116339416587176	0.138622862345011	38
-0.07889127350802	0.195391864054291	38
0.037629491206048	0.310248555706062	1096
-0.056170033344277	0.187729881739067	1096
-0.063638837396449	0.149467841024184	1096
-0.012183631669859	0.222779596154362	38
0.059089657007598	0.342745043926184	38
0.062994519330162	0.316004452050968	37
-0.057013455123777	0.243282208237453	37
-0.024121344515226	0.253693679574077	730
0.091953972842137	0.487290197056308	730
0.024286651302485	0.315128300392801	37
0.057946867863153	0.310939251388275	29
0.060223876279785	0.368461894383092	29
-0.113213131172437	0.157457432314034	29
0.082956311214597	0.458206543880768	125
-0.07130626752419	0.162858945646025	125
0.094696756123511	0.373942513251503	280
-0.029964456721269	0.246985016445554	280
-0.07918137986812	0.188077762298647	280
0.122470918903599	0.472793927981423	280
0.046302256161864	0.323463153603364	479
-0.038167194309389	0.198689754434505	280
0.097960250981703	0.4365371807691	280
-0.068965955789452	0.156669479553247	280
-0.118797624992355	0.138717155873165	280
0.026541450145936	0.305530786313235	48
-0.023966176388605	0.256356912584701	48
0.027160363355047	0.305299657792117	1503
-0.007038679462889	0.335196040129144	1503
0.063411543433585	0.319087943584632	1503
-0.050282117230772	0.15861956675722	48
0.08386014184866	0.228039618504288	427
0.083426278039128	0.221417445504895	427
0.111515713989137	0.316810218528741	427
0.013735057396383	0.236115818164044	68
0.034183202955011	0.223205214810105	68
-0.048411329973441	0.126776162416115	68
0.023728821533532	0.234032424040135	68
0.051386402067466	0.214951504746905	68
0.021351648336435	0.235589480429477	50
-0.058170877207971	0.148440848683688	50
0.122857360553471	0.226909213974524	43
0.079983440807249	0.150542684518863	39
0.038136102133223	0.14007923145902	3
0.046194568275266	0.141234696651806	3
0.061535963056643	0.222358539655035	7
-0.111099574703378	0.449728966807171	515
-0.048292584935761	0.452364210243399	267
-0.066493963901265	0.316085817007235	316
-0.090566092432844	0.212020431596932	316
-0.117548569374994	0.13745205929495	267
-0.017372061963275	0.268363676926966	25
0.01833527692406	0.302426216833978	25
-0.05914274655138	0.183870267641098	25
-0.103061951904143	0.138683012552504	25
0.02246713431955	0.250572727301401	25
0.100012470567369	0.379420214125098	25
-0.060444010209138	0.185620893839232	25
0.00747758081826699	0.240299767578373	25
-0.054704092091822	0.196608705917508	331
0.00255880955551002	0.251201935502502	25
-0.00917565531315101	0.247733373811479	331
0.00622627162600897	0.253980600787442	371
0.021390651936348	0.359087347550784	371
0.09721335783145	0.369887003829873	371
-0.049050927113308	0.20900697600359	371
-0.042750075551046	0.31180591946449	38
-0.00528512626152899	0.307110679972464	38
0.022417895718282	0.340043279163805	38
-0.057082432185281	0.208839139610626	284
-0.104747519061227	0.188997732291834	284
-0.065383397377113	0.260584657256539	284
-0.095459960880366	0.200475048781966	38
-0.102464275198659	0.1844947805412	38
0.067773728616623	0.532514369053927	38
-0.001684780825675	0.348560063477755	38
-0.07146971590553	0.25423981148463	38
0.049955194407362	0.535683994800764	1250
-0.038753101288759	0.248482411733345	1250
-0.076972315037687	0.206318253770309	38
-0.069477838099149	0.200613590704318	38
0.010677798223553	0.320872698430636	38
0.109014287248327	0.374999748500102	38
-0.119257380722425	0.12038552392765	38
0.098076960611556	0.384943515593397	1096
-0.076118408922747	0.145710379666783	38
0.030413075933076	0.334800488135881	37
0.04234057227555	0.374320242609263	37
0.032283467821891	0.408829571721376	37
-0.023385451071754	0.277721532064123	37
0.103476467879515	0.381188493633439	29
0.077966128939161	0.51827636873644	29
-0.124911985178821	0.120998898911625	125
-0.118495276024111	0.129814901418964	280
-0.055686965445708	0.238509597317454	280
0.088085210358375	0.304932620482059	280
-0.116642085192855	0.164574048995584	280
0.014140016573055	0.280119818728855	280
-0.064373287976468	0.242011904721997	48
-0.060832724655641	0.213554322235085	1503
0.081093125033917	0.310505629739555	1503
0.011896643159936	0.221829924374848	48
-0.05940661843144	0.129824723681835	427
0.019465631335322	0.358391700691598	249
0.089426075472021	0.384103478812356	249
-0.064763523182887	0.159457593541413	68
0.081280837403005	0.324057141640002	68
-0.033574125136764	0.234535898751609	68
0.093005137055505	0.387409418218939	68
-0.062685542589436	0.118545371333304	68
-0.03363984390593	0.124962908872602	807
-0.057744770171777	0.176284527000495	50
0.033102777521407	0.236495550486932	50
0.00346312115726699	0.135132111295307	50
-0.021243047730845	0.126392318805604	1103
-0.00605118653762701	0.12591220141696	43
0.099265854308822	0.234959145197399	39
0.062111080208109	0.215635387221417	3
-0.109425675821471	0.852754632504783	515
-0.029214285539533	0.409474965773851	267
-0.089235765289685	0.17749280925602	267
-0.005195543668358	0.244683444350074	267
-0.074454571534735	0.150592276776499	267
-0.000493903572612003	0.224820266709411	25
0.067846861868759	0.305769122228617	25
0.068185465189679	0.313975827969303	741
-0.040005070337808	0.1640403645974	331
0.024332563256111	0.23612276133577	371
0.084538103545899	0.422335598405296	371
0.065458293522758	0.224644026355313	371
0.094300451423777	0.314629628773604	371
-0.123085140371511	0.191677006271533	371
0.082417261177929	0.230845782280247	331
0.078423873378626	0.548805282716867	38
0.03354224782703	0.488535849037471	284
0.039165682700273	0.43978235781578	284
-0.063215213433484	0.237403708557927	284
0.095716852891994	0.460981416785907	284
0.026174008539991	0.352196463933374	38
0.016864453382291	0.351000951568969	38
0.113534745346603	0.606545829212883	38
-0.077477647386713	0.221502508914965	1250
0.078963406417591	0.38192709205552	1250
0.063818469748458	0.308513323774652	556
-0.008999457577029	0.292033128473049	38
-0.020932926441538	0.323935395159342	1971
-0.067471045381986	0.176858010331028	38
0.075187953454257	0.30719519099508	38
-0.00201573947234701	0.23129818652555	38
-0.070127109446422	0.161241101073127	38
0.119171511702328	0.393744598799777	37
-0.109805722594958	0.126515183425589	37
0.049894913040683	0.310834339034662	37
-0.048910925932298	0.140223891879675	37
-0.07511965993729	0.17084364753034	29
-0.059860508542971	0.155114623584568	29
-0.030162150504901	0.321587977679468	125
-0.049936804312884	0.176756890111362	280
-0.059564518926983	0.204157093089668	479
0.0689346155041	0.315567330856365	479
0.117783086557332	0.39189800484807	479
0.00226088331369001	0.227548767531496	280
-0.009252688289654	0.253931015364755	280
0.017207013794066	0.29302464381565	48
-0.059975540563794	0.148367233803124	48
-0.040687028689655	0.131069852046764	427
0.014917033442389	0.2906092810156	249
0.083596960765589	0.30813965985376	249
-0.033550307465765	0.127968205430245	249
-0.03205725805454	0.119434837080769	139
-0.061552317045352	0.148238048431115	68
0.061881965414848	0.303065704555577	68
-0.058558061532725	0.133564865482986	68
-0.060464539261691	0.185366178980792	68
-0.040136437845541	0.152779530678603	45
0.045886241204392	0.239432905084111	145
0.00886332374644599	0.135213080495296	43
0.079035587748443	0.150320321141086	39
0.012609604876251	0.134659689896393	847
-0.023011672384641	0.129751643813549	81
-0.014998896064849	0.131965125168381	3
0.082460489357416	0.23004883733202	10
0.120852275330288	0.223569185206859	10
-0.107617240582895	0.304660027204413	515
0.092698044079116	0.729201813712336	515
-0.005391383328051	0.356718180823264	515
-0.098792380340834	0.20647167177727	267
-0.016332223779551	0.369623332860798	267
0.026792486129258	0.541638978994283	1147
0.064307642889757	0.461554845641599	267
0.02413494806862	0.306025367971397	25
-0.000555116898348001	0.2443511820878	267
0.00311730923551201	0.247828576870357	25
0.052996339051157	0.333461499581683	25
0.032686872013166	0.313889195940832	25
0.082775261517299	0.413714295080576	25
0.074727082714381	0.399976836197022	25
-0.053120088297164	0.188594384485928	25
0.094963433542204	0.320445231348826	25
0.087464435881722	0.400648173585885	331
0.088926457049679	0.317438376686722	371
-0.00540079456384299	0.237774271488518	371
-0.111137910788173	0.311795864259512	371
0.103805266476709	0.322206030584479	371
0.001507137925365	0.229361442668232	371
-0.004215913637413	0.230319354413622	371
-0.060087513477095	0.150037856147997	331
0.044545073549829	0.306734434399318	331
0.091305399547031	0.492021040192898	331
0.083565243952503	0.391465881185152	38
-0.050467331135387	0.195033849194413	284
0.04062819301777	0.423788395844638	284
-0.099289200726842	0.239470730021227	38
-0.103535106538048	0.156184919238823	1250
0.040770745590125	0.39608486840646	556
-0.006965724679522	0.324254845693888	556
0.033189105401882	0.467383655078277	556
-0.107344863479233	0.183984980315971	38
0.054121467236395	0.604411741485639	38
-0.101643053766326	0.257492233892674	1971
-0.108032626032723	0.203884791857254	1971
0.017267921677567	0.357149718135241	38
0.060173082115439	0.336280891160692	38
-0.085441750913912	0.199612747437034	38
-0.10075758682742	0.14923287197625	38
0.079583494543433	0.413176159186313	38
0.115881867882379	0.475458206483294	37
0.064627667217677	0.485255267066903	37
-0.071164291986465	0.299053036764134	37
-0.101958738956634	0.227672957825041	37
-0.080425745134912	0.198869480905011	730
0.036424292768044	0.430653565812447	730
-0.034628695354162	0.257758024162648	37
-0.057343936059161	0.212931984498746	37
0.091077328620832	0.331375754333122	37
0.099590546170803	0.669119645376172	29
0.113819669465933	0.56700119242509	280
-0.114359454063972	0.13549671766224	280
-0.042820927646605	0.230820570973992	280
-0.057310275154095	0.208459279615961	280
-0.099912294768062	0.16165975467874	280
0.042080496297807	0.393016371237745	479
-0.03236258085513	0.274872467482987	280
-0.066233323796655	0.189179591768022	280
-0.011268280114885	0.438267197860627	280
-0.080029765248994	0.226648638797206	48
-0.094211098808094	0.227885845960596	48
-0.051953803433167	0.135611424004272	427
-0.073462669172954	0.157401472389808	427
-0.089540238158903	0.190689397578195	249
-0.018414963960917	0.256162457310768	249
-0.055349503104792	0.235795743861259	68
-0.110302932051482	0.154231230091294	68
0.034223581585428	0.218524070920843	137
0.085744513252554	0.320656000499322	137
0.111942121891763	0.483191372931256	68
0.115050676847074	0.219501745023443	50
0.070003685623915	0.214526164044683	159
0.079035587748443	0.150320321141086	43
0.056725869181864	0.227518080509372	39
0.087488770148177	0.236962204652973	847
0.07381861272519	0.289190950519812	847
-0.06748088893316	0.489865407393283	515
0.082820052688912	0.530066100562119	515
-0.051264613038313	0.452576157478988	515
-0.08728012364371	0.353786423942383	515
-0.083704235113916	0.270982143714143	515
-0.043003496889406	0.314594795540634	515
0.06343568253524	0.562681850613737	515
-0.107026218410036	0.131162451706845	515
0.091515053786332	0.387525097854098	1147
0.035051735491846	0.224495509395303	267
0.070120269752723	0.366395178451663	1147
0.063927264570251	0.410126671778568	267
0.080170251114179	0.451086379891608	25
-0.056908938440228	0.258183327001341	25
-0.095942655456752	0.209764537638069	25
-0.082984140401353	0.202111175980096	25
0.059156587774069	0.464381195635042	25
0.010124662053874	0.376150414991164	25
0.046530671874316	0.4462577248988	25
0.088523507415996	0.506480277710067	371
0.047676480661147	0.390795423725019	371
-0.04824785982004	0.27195849407381	371
-0.055016087840725	0.269635118556594	371
0.049947507164939	0.495231993354143	371
0.072327430166156	0.483696401457879	371
-0.068554043113037	0.25710921500022	331
0.044220698869739	0.529666426373686	496
-0.01366105735572	0.397273261021888	38
0.022789501539483	0.365139997038822	284
-0.097907486359114	0.208019821947054	284
0.039001003150758	0.324702344392645	38
-0.033021421040526	0.343818030976026	556
0.061012118246501	0.513025352633176	556
-0.110073592280453	0.186455363950055	556
-0.050117106803897	0.269781361700781	556
0.010516609614779	0.418060669081478	1971
0.11670223262975	0.433859534804984	1971
0.077004164524106	0.368942589687056	37
0.02670422957851	0.227929155832866	37
0.046689902019719	0.316620208257009	37
-0.097493645000627	0.155126404668485	37
-0.05804253517439	0.211370295688146	37
-0.017338083459323	0.264979216901967	37
-0.027257284231174	0.225937583725656	37
0.065198426842857	0.384853433652546	37
0.024469266141077	0.35294111541014	37
-0.009363219937289	0.308462767609746	29
-0.120471950138304	0.141926315415474	29
-0.078964776533492	0.249016893677323	29
0.089105476976963	0.232204447854706	280
-0.083839001992596	0.216288383048401	280
-0.078949883052016	0.249317726013053	280
0.108997534449865	0.305833746064416	479
-0.00068926332261901	0.223280070857013	479
0.115960720776224	0.500930527796295	280
-0.080696576565431	0.195476943208771	48
-0.06761500172962	0.179872564304743	48
-0.000653339513788986	0.329894734952683	48
0.122007764495417	0.510991783046068	247
0.048941267501611	0.32764916556531	427
-0.025736184557698	0.265624330283966	427
-0.08913684566801	0.156890396710094	427
0.073844446101505	0.321729668498202	427
-0.051494701286738	0.138414712776675	249
-0.059996787393374	0.150550964370164	249
-0.070300183193355	0.198333474899208	249
-0.073163784916672	0.185191949193061	249
0.092476283834966	0.322429952597973	68
0.027968898533621	0.292466440814914	68
-0.029231650626719	0.131258767485448	68
-0.041075364508366	0.121551476563734	137
0.023440966803693	0.300523449882794	92
0.077398660328377	0.146083792868425	68
0.068188101184794	0.313727208555074	68
-0.048491363747777	0.126675015053362	45
0.082954198178235	0.230653622247052	1103
0.097207977724286	0.225776807935853	244
-0.019065097255479	0.126950044316103	159
0.124934875152264	0.228639699156832	43
0.00968347351687798	0.136770718042295	1068
-0.044343254756779	0.119845687827252	39
0.040964633636332	0.141426719983963	39
-0.000804991886239004	0.131316575724229	3
0.073077945499672	0.207450207809967	7
-0.102886045714568	0.205458115676309	515
0.017222313283124	0.481028285597421	515
0.073414552885691	0.908791456278299	515
-0.038910336472386	0.400219146107111	515
-0.107683239196653	0.163537923567425	515
-0.019289385198781	0.229956021318429	515
0.103352168432071	0.329714645106267	267
-0.102623226944316	0.162994621208811	267
-0.053190940728319	0.279822007091387	267
-0.110383516582572	0.158096899954898	267
-0.03470187830665	0.292590256499718	25
0.093411683763973	0.608098444383204	25
-0.004298571671668	0.392279552042968	25
-0.081035356567295	0.223138571124268	25
0.008026377247979	0.392611827558013	25
-0.106501399828568	0.205049348991133	25
-0.096608002217267	0.220152365291407	25
-0.026570110183154	0.350095823868204	25
-0.078328900244207	0.202146296287246	25
0.021868024525608	0.482148712748333	25
0.023664189659506	0.474665383558903	25
0.027607619468786	0.4491809768016	371
0.054846630390919	0.486709021615001	371
-0.018963067961982	0.338995109707942	371
-0.074207678608632	0.257019032424511	371
-0.113289550318707	0.205768789313101	371
0.014241604570545	0.404399037846277	371
0.024997285505051	0.402155717004771	371
-0.031588770663625	0.362080935298878	496
0.013506310160197	0.238432577831641	284
0.073433161151641	0.646730597431147	556
0.032532802164424	0.236402803992965	556
-0.061590553336418	0.161751923207753	556
-0.060474788693445	0.157353665124364	556
-0.104705058543395	0.169831041141699	1971
0.020037957969171	0.383586650171319	1971
0.115084080123099	0.408868512294751	1971
-0.043748417103072	0.256363102669099	37
-0.01305745876713	0.228919650668037	38
0.121972219391064	0.316838915799833	37
0.01184353395584	0.218619557876587	37
0.006036277107212	0.257779957045005	37
0.077728817868381	0.396877293177929	37
-0.013703780848347	0.277198531980748	37
-0.06389149661313	0.178344871485564	37
-0.010491210477738	0.280946831360145	37
-0.002254643733934	0.402673472975676	29
0.110197698838784	0.605478484458738	29
-0.122330160181531	0.148917263601148	29
-0.00129549818095101	0.427795762004819	29
-0.069514916906231	0.283857213953663	29
0.07951015188038	0.509403472296917	29
-0.033804122512439	0.365809632637253	280
-0.081317906414284	0.255214430350127	280
-0.122489319501686	0.172621641720538	280
0.038572157095066	0.227013357622996	479
0.018963350180398	0.423483775051332	280
0.023966961982323	0.474777366399606	280
-0.060056790365886	0.15902748150793	48
-0.00584414244755099	0.286605592938516	48
0.09839023454508	0.56814584629234	48
0.026314030514189	0.330090563518537	247
-0.065088103344474	0.219431571176202	247
0.024411721745597	0.383916065517254	48
0.000200375043560019	0.325456715836706	427
0.04279793433704	0.31049042066993	427
-0.051615432104705	0.241293942817669	249
0.037561713665092	0.377130060509046	249
0.01984999104834	0.367104490023145	249
0.016433650926085	0.381656690321685	304
-0.103614840017543	0.148109176087113	304
0.00142584379723198	0.130689845279253	1281
0.054795173185648	0.295232860844437	68
-0.00337324332224401	0.246832463107061	92
0.071763500437719	0.308740011755877	68
0.031289197303884	0.239420222615027	736
-0.00701888122859101	0.23571534597629	736
0.026042470871557	0.242278373147338	1103
0.088211427738791	0.320126008263084	244
-0.053472320248411	0.141328080830892	159
0.095010582177861	0.224157987323771	1068
0.075928295271424	0.14612571353375	106
-0.0469991553107	0.135179667245623	7
0.121703606140453	0.229748808842538	7
0.00506319553663898	0.801374681213171	515
-0.020899411788483	0.395827925613928	515
-0.065025980923717	0.374455665398043	515
-0.040547162817278	0.532753759165305	515
0.053285398576219	0.671418577633813	515
-0.103534442499702	0.162226460983496	515
-0.122141085692964	0.140230947423727	515
-0.064226304288686	0.166424651959956	515
0.026742470289637	0.317930597908243	515
-0.000134001488427987	0.240333970381146	1147
0.088250864938485	0.316665382726548	267
-0.063971314067708	0.142838848731621	267
0.010035520024073	0.297740487813584	1147
-0.09430647496	0.211355711500044	267
-0.013160867493478	0.401634208080704	25
0.020085589547114	0.445175458835101	25
-0.105810271363767	0.225647677440903	25
0.063271258562301	0.564064663654443	25
0.04380098769071	0.588911264196538	25
-0.028816101302148	0.387917276048681	25
0.07634430995336	0.602247387262299	25
-0.118857151694058	0.173491290183007	25
-0.091105025458799	0.207520267567322	25
-0.06855072391461	0.282704284015341	25
0.021086029186796	0.46929830822944	25
-0.106921059957054	0.224063437289849	371
-0.092780445584184	0.281680844237085	371
0.050992550332426	0.537298730659341	371
0.024385949477493	0.508376035770584	371
0.047012590386598	0.538973202793166	371
-0.117201099708553	0.196076503231295	371
0.010007858991321	0.454648349122594	371
-0.124514047820212	0.157010193427667	331
0.110032814012766	0.676012042165494	331
-0.041331195918309	0.322916801876457	496
0.00261794273147098	0.470862607722984	496
0.0802982210105	0.613953605923601	284
-0.075936249342971	0.224454427244828	284
-0.055649215843755	0.157999390547429	284
-0.068597773930221	0.115512361586502	38
0.094325675685866	0.318871082566036	38
-0.04654322925621	0.150772632984392	38
-0.113085546883709	0.126455231679651	38
-0.030481054788726	0.377622270357447	556
0.00242150451140299	0.455457753549465	556
-0.111376669691517	0.203990884050515	556
0.026440714182643	0.238925246432767	38
-0.010377435232662	0.298774207443939	37
0.06028187230283	0.509945275782391	37
0.00217295286053798	0.240333587901688	38
0.00699423955261802	0.225086356151999	37
-0.055430142643497	0.197518940694204	37
-0.108317736388391	0.145019220875179	37
0.034331994219977	0.240289126944894	37
0.057699424855693	0.316196632791803	37
0.103977862880349	0.467083403066543	37
-0.11224270914939	0.139020875643659	37
-0.063044625601522	0.229877540892558	730
0.107866405600505	0.44247975945468	37
-0.016264913354088	0.38770510574742	37
-0.0723005122563	0.244132339027593	37
-0.088566342632324	0.250581868947996	29
0.106486607195372	0.602001042267285	29
-0.100979846964672	0.21725689822615	280
-0.012231604553892	0.313528257149125	280
-0.015632219514776	0.374714006759584	280
-0.063356081566145	0.160712816434593	64
0.074903066651461	0.227069718930765	479
0.037583338415057	0.389411662560794	280
-0.044651009348173	0.29469328838409	280
0.056560377739408	0.524867522466169	280
0.042724905558178	0.548609286229904	280
-0.00847024103329899	0.252286891206661	48
0.022041023202094	0.371228417161048	427
0.115521161056353	0.555092552885034	427
0.035513403416944	0.44367121028842	427
-0.096634696946576	0.176601884695484	427
0.028751380855513	0.361682271818654	427
0.014947458156001	0.35201486803866	427
0.00460407543004299	0.221445375507889	427
-0.066484647631761	0.198387956807889	249
0.079035587748443	0.150320321141086	137
0.115709647820186	0.328826039375908	92
0.022452338386609	0.242797491311288	244
-0.060419631378264	0.15443334453768	244
-0.049685047145543	0.157239410703904	244
-0.008387769216367	0.122900915136422	159
-0.039136840584866	0.136369780802286	159
-0.049935447484069	0.149650203253263	159
-0.056744728699962	0.141797343260811	159
-0.037933677697272	0.125576437630416	1068
0.115864625634216	0.324388155710131	1068
0.105640360417804	0.234517808575253	1068
0.078904022397637	0.149732089823219	106
-0.110703951973124	0.356950386784859	515
0.084548327022234	0.525709221690822	515
-0.014344070858934	0.404560201917346	515
0.123299489156026	0.587150454209703	515
-0.055916407889629	0.487021431595969	515
-0.077482555051675	0.35398923221394	515
-0.056152073364665	0.371065890036709	515
-0.081150471188276	0.352098667839982	515
0.000581250078875994	0.506528190692767	515
-0.117462019501115	0.116966712505038	515
0.057216059933752	0.23766711103541	1147
0.086197699026536	0.293415029485804	1147
0.038253166737237	0.311032452253914	1147
0.083039511426091	0.592449442683261	1147
-0.037119683339268	0.31776604975735	1147
-0.114720122707345	0.200483507875979	267
-0.033632590731209	0.317736573309448	25
0.02660438897895	0.500269508786999	25
-0.036853376976237	0.386961282455401	25
-0.034477502039652	0.362594740530433	25
-0.013229511079575	0.380476026064283	25
-0.007689318998747	0.391239109972752	25
-0.019697499783532	0.359135208382105	25
-0.095493107901852	0.250895121147215	331
-0.099467092177352	0.23621606357712	371
-0.071376114734787	0.314199207149731	371
0.09825722364475	0.508847390609034	371
-0.049992266095429	0.346358167028235	371
-0.063638529345656	0.31345280955977	371
-0.123665144106686	0.197996479529982	371
-0.092086791097856	0.252425601662187	371
0.038723858808054	0.553510859220338	371
-0.032042384702084	0.341589158988894	371
0.029677436132076	0.449939391056752	331
0.00111625087338302	0.399092022072624	496
0.115382707064631	0.733827906687766	496
-0.101976550517473	0.238322551076927	496
-0.117424261396443	0.193029077858673	284
0.03468400944245	0.382892245125662	284
0.04420412920431	0.422645299297797	284
0.014905292801922	0.217163639780549	38
0.098220453295181	0.234122489415175	38
0.059377798343301	0.314691880978347	496
-0.096567258918143	0.197176534802772	496
0.08226214903123	0.307258355176081	556
-0.096156802208884	0.210112671764402	556
-0.110345251345198	0.152141731919126	1971
-0.05231150912213	0.246947849370833	37
-0.112280302541974	0.156609347823797	37
0.065063323821725	0.425012211133136	37
-0.067869572531888	0.187194181769892	37
-0.116601990987087	0.134123080896033	37
0.09871097367162	0.37984656413796	37
0.039364276502353	0.340504275213772	37
-0.049569108909849	0.273011817011699	37
-0.10176763970018	0.1608240337465	76
0.058883809941832	0.353420063774939	37
0.045705043981206	0.225815170683761	37
-0.064077380666638	0.286678614457261	37
0.0770574489868	0.523313810262991	37
-0.107017214951691	0.179609192392327	29
0.102003853502273	0.676521047495268	29
-0.034548360466843	0.312486440926535	29
0.059057439538616	0.229141432434861	280
-0.045997532005088	0.128870572902729	280
-0.048719380549402	0.282566044157162	280
0.052959429310647	0.238845318709944	479
-0.043517909582736	0.125722561341415	64
-0.072713207131957	0.276831750001307	280
-0.084915031542855	0.217227250241685	48
-0.110511953887892	0.187325313029073	48
-0.090216210515534	0.221593012164972	427
-0.00955926803783799	0.345040565886257	427
0.110417475562375	0.603000844886898	427
-0.080721651809654	0.201942152790644	427
-0.119275117903235	0.163458784411901	427
-0.054306036734093	0.186154223120497	427
-0.047240502680735	0.124011868905681	427
-0.00509584081042999	0.32369129062596	249
-0.053965465289207	0.246013312615063	304
0.070552054933176	0.294805261462695	1101
-0.06093533437372	0.144232564252514	68
-0.016053422158572	0.130451183191097	137
-0.081492727434907	0.183876039945916	68
-0.026961946850521	0.235632167386156	854
-0.048921263317641	0.15469294228632	736
-0.056161709987054	0.168775345430312	1103
-0.04562857552022	0.124514032486819	159
-0.044016420479008	0.134562241605863	1068
-0.000575080320813992	0.309324776852406	515
-0.123164248512907	0.1705251426364	515
0.051894248932366	0.591600451233611	515
0.101555112842212	1.12142855941481	515
-0.028722260607113	0.52607776735731	515
-0.067442993267376	0.367287086798545	515
0.108385181582101	0.375603439474929	515
-0.124789793785113	0.106715390183905	267
-0.000438543301030991	0.244965149852188	1147
0.032664720240385	0.354817515611748	1147
0.080347879710056	0.553070502464295	1147
0.064057586065662	0.597189952857244	1147
0.030839940004831	0.491330395308295	25
-0.000278143675571996	0.360293593608442	25
-0.029408273286257	0.36077130744856	25
0.069595236161743	0.622499460950615	25
-0.079197247016093	0.25951579945965	25
-0.118902920514526	0.193028627745669	25
-0.015159705192547	0.406900263024681	25
-0.052784875024353	0.304948229254796	25
-0.010504250774937	0.39090557165851	25
-0.087367563696231	0.253272132166066	25
-0.102216277795309	0.251089787793954	331
0.040386379288599	0.584444243791736	371
0.031303276800511	0.569292594959748	371
0.120175804432196	0.779926236160539	371
-0.01380744558195	0.437809494281665	371
0.063938573190413	0.610845112206391	331
-0.107477106795323	0.210509534967182	496
0.00567739479227503	0.533781928551738	496
-0.118691076940795	0.186167134033557	496
-0.015030651327384	0.341475907963313	284
0.099309883550787	0.306277575588361	556
-0.076982356547631	0.249274380531306	556
-0.093775810098231	0.191578243679765	556
-0.064618748628742	0.138368170928197	556
0.065711242870113	0.231251388009706	38
0.061715724491393	0.46730347433038	1971
-0.055380990537717	0.17891306280934	37
0.056209794787953	0.432963078950987	37
-0.075700040277318	0.230847950357972	37
-0.073755555260401	0.186582802457266	37
0.102372062271788	0.392487019538904	37
-0.012649154626709	0.243734759644775	37
-0.057106126802283	0.209954269163716	37
-0.051243788885821	0.2188500059716	37
-0.06934938313258	0.167978286079969	37
0.120757578160487	0.320882570903343	37
-0.057407091016193	0.147770642390905	37
-0.123458018447977	0.18934016142017	37
0.055301632680227	0.480535198858409	37
-0.069123977229753	0.254819735119872	37
-0.079881256089606	0.237021794497936	29
-0.113960795610372	0.201542045141283	29
-0.087307737610757	0.252232132402732	29
0.068219490516086	0.618803590788871	29
0.084274522667135	0.325678076546591	125
-0.025433783857251	0.120207860897674	280
0.110476575362367	0.658558458947921	280
-0.109983163641836	0.221896875037	280
-0.115558307961149	0.178815135522711	280
-0.048889072412983	0.133406011289743	479
-0.01520604917299	0.295854850614895	280
0.00330627538577299	0.415750541657674	280
0.103088655471492	0.662052594765956	280
-0.017319053296352	0.234082722093502	48
-0.052912628430544	0.143081837936905	48
-0.036980588688342	0.342597210943505	180
-0.039285839406757	0.270376993361409	427
0.015965634349042	0.430902708461349	427
0.00777306620815998	0.36722127529626	427
-0.10647289632367	0.143369517137899	427
-0.017512562381242	0.239387127255959	427
-0.083718692647056	0.194191743170733	249
0.077260003076862	0.52079097718536	304
0.013060133336991	0.380832815101374	304
0.051276217673155	0.46475768140706	304
0.100450208064617	0.232185765633388	68
0.014890602969714	0.137203088669034	137
-0.062393977389224	0.147726830821431	92
-0.00469839372386199	0.240376154657135	736
-0.00412329978277501	0.128750072382702	736
-0.071536499749333	0.183418187332627	736
-0.00475429373862499	0.219382023582725	244
0.122562005223932	0.400050096832185	244
0.027304930598998	0.318968303326396	244
-0.058156844355518	0.151821593887737	159
-0.04976830076808	0.134595769432596	159
-0.057144624295397	0.144279245371019	159
-0.058053760053952	0.14820727901632	159
-0.043939040477312	0.148113511152556	159
0.038250909884827	0.138207350534251	1068
0.097197926629318	0.231394138696653	106
0.032306107747936	0.135773027986625	351
-0.112004509942915	0.379736674175833	515
-0.062458479104858	0.378721673538097	515
-0.023676971032386	0.541869940966967	515
0.014762579755339	0.560312763641441	515
0.037604876575797	0.526204881778541	515
-0.090398618309045	0.190973512919166	515
-0.065051231587451	0.17039186893906	515
0.010290023891695	0.29967715107443	1147
-0.119682980516332	0.134550899233665	267
0.064884264720128	0.42006705022763	1147
-0.067033337993497	0.220866375923319	1147
0.02852115940753	0.3634884326011	267
-0.078762755164931	0.214131367388748	267
-0.065627783658086	0.245639824413101	267
0.047603420855606	0.541112667698605	25
-0.034353777771022	0.343909595496094	25
0.12080433762418	0.662622898524293	25
-0.054739823419376	0.247912860565211	25
-0.036093527013066	0.285576198935721	25
-0.019483940280832	0.31036792831591	25
-0.110890002445354	0.197048910153868	331
0.015860413340839	0.378830460808348	331
-0.083541686607725	0.247924503649407	331
-0.078288139485462	0.234476312253756	371
-0.055076133768155	0.252431983621554	371
-0.108012732665971	0.185579058500534	331
-0.120994724835479	0.177363642077768	331
0.025705346563169	0.376942228123217	293
-0.00857476792690601	0.407317027915196	496
-0.097076081359054	0.225807184796008	496
0.111983032658943	0.700403842918708	496
-0.093549746348353	0.245783541183108	284
-0.00973171339550999	0.257453795814501	38
-0.072606907716928	0.160031477484173	38
-0.072139117578418	0.161455591126332	496
-0.113501420223399	0.13559104257007	38
-0.078070269283514	0.209984640686882	556
-0.07512405049313	0.237426313427151	556
-0.025078232368141	0.366217230043098	38
0.115547201292202	0.609104873124405	556
-0.104004449508881	0.145413089015049	1971
0.00238365168474902	0.330410566005778	1971
-0.093831017778571	0.206693708816616	1971
0.015019440384232	0.335571836129029	1971
0.117236674648238	0.500094269286383	37
-0.091721464703622	0.193049055200355	37
-0.122378882602591	0.121350832611028	37
0.087009573246699	0.464569523218265	37
0.027359813614368	0.278803698198611	37
-0.028657048551851	0.224762625990723	37
0.053034840926146	0.416249163975898	37
-0.072241495432776	0.194660365213819	37
0.059256394037897	0.440103304398508	37
-0.088878448390289	0.18016622212912	37
0.035583795004621	0.336658973267378	37
-0.110978079823629	0.164995761257747	37
0.027556877229144	0.376335714078584	37
-0.055827803348117	0.300525639417671	37
0.036221395461674	0.433388503700791	37
0.035780427460047	0.377581754896519	37
0.055407619744063	0.552657722249102	29
-0.077501349263499	0.271613064952655	29
0.0606745424556	0.552420333397792	29
-0.00197419645017199	0.325517663326048	29
0.029755848353646	0.399237000597815	125
0.091918446467716	0.322568961837097	280
-0.077476883476171	0.168237244253759	280
-0.115881348877388	0.16819591556984	280
0.00517815096859803	0.237851624243932	479
0.063966743461439	0.480909232392089	280
-0.046508012292314	0.315436488895729	280
-0.031723184657725	0.352203754018993	280
-0.117212015734191	0.156585838949306	48
-0.065473475025084	0.209591680840513	180
0.024955195499541	0.3080252972096	180
0.068644689101622	0.369383488463235	180
-0.076328603617279	0.19118492252752	427
-0.067974545803337	0.183652393856221	427
0.098483108278731	0.512634341667872	427
-0.057147550465845	0.215851119491241	427
0.060894200661631	0.433050177342182	427
0.112947759584607	0.459401733796542	304
-0.082286647200069	0.213091820579978	304
-0.010737129460741	0.304918280570402	304
-0.114094023479431	0.127322062089827	304
0.063862687092706	0.241346183074574	1101
0.062100806978406	0.22281130510481	137
-0.071258514699932	0.15325753538092	92
-0.069804413850489	0.166721632876062	854
-0.050531459805706	0.175940806643162	854
-0.065535330713242	0.165343259374288	736
-0.070331108548389	0.166333901131131	736
0.0292295475528	0.293946042880515	1103
0.123149484946838	0.324685996383492	244
0.092935677242704	0.22350325980698	159
0.123503317591109	0.318513790402654	159
-0.00300553404327	0.129598229679906	159
-0.042961320202468	0.139770645725656	1068
-0.043375889624972	0.137960955436951	1068
-0.046635343924044	0.146099392824918	296
0.037596349977728	0.14250575130053	411
-0.041240669693569	0.129643032461457	731
0.069560101483732	0.142110840898499	10
-0.052508957061217	0.122491278671267	7
-0.111145766536211	0.296219520408892	515
0.00402144434930102	0.702231382887627	515
0.052221620359853	0.962213716736766	515
-0.032747358193301	0.352197042451048	267
0.053156991523513	0.407238053176839	515
0.116992831809122	0.479869346054364	1147
0.118269682909514	0.488100570875226	1147
-0.00441560268320901	0.244474122698884	267
-0.055457577034814	0.216665745277333	267
-0.028202756068293	0.26365113893462	267
-0.069848051451663	0.156954069471349	267
0.082180893170751	0.503018761005508	1147
-0.037274768780579	0.267280569848451	1147
-0.103930710652707	0.195605047789948	267
-0.104169638993328	0.168256105641411	267
0.104313058491445	0.57841935150454	267
0.101010628656963	0.604959910046335	25
-0.049265121147249	0.267653657578877	331
-0.00159542135320301	0.388304982841787	331
-0.118633419266341	0.174882486041364	331
0.036859911665356	0.539247061231659	331
0.09077671747095	0.545696704973959	293
-0.101647580147693	0.174446370149405	293
0.017214548989181	0.482323678348011	496
-0.017943891755414	0.376536293938479	496
0.05679876358418	0.473774334336065	496
-0.11659786940384	0.201358801056695	38
0.105535687354596	0.704644535893588	38
-0.044538215758336	0.300071330903939	38
-0.080185478312268	0.185754485287213	38
-0.123685292630434	0.103061113433954	38
0.021046541213305	0.390230125272062	38
-0.038161591795567	0.226299715476012	881
-0.038664914614548	0.224404688564253	496
0.00164089863641298	0.411597383594485	496
0.057132625039196	0.425763211006997	496
-0.097711546282395	0.169354375860462	38
0.086041050471556	0.540153722073222	38
-0.04372265501814	0.288799212972093	556
0.12250287764592	0.414618978808708	556
-0.020989870507803	0.306426274548375	1971
-0.103888154648869	0.169934626142425	1971
-0.102131556708421	0.191558599768149	1971
-0.00841187158343901	0.344805961678493	957
0.021338159957356	0.389918742382615	957
-0.00969657656304199	0.323934634813857	957
-0.015693670612797	0.271941813313475	957
-0.105078235094929	0.141353753026093	37
0.070286108171553	0.31921907574954	37
-0.052914191651728	0.217965280408128	37
0.027753735048995	0.230036257118872	37
-0.053640281783137	0.18908404054845	37
-0.026026759842782	0.231842070451396	37
-0.014996514324271	0.238982283800551	37
-0.020893013656176	0.307043149632165	37
-0.099455636110197	0.178144509162002	37
-0.117892988735398	0.178224731699351	37
0.100500469307197	0.567431091602899	37
0.118562672105297	0.568784879914325	125
-0.094798837586322	0.24742228033467	29
0.027202120728112	0.451198564190341	29
0.021367704932619	0.342771818926611	280
0.00112017069665399	0.388763535452783	280
0.033021761986274	0.483546990197246	280
0.02260813722628	0.382970938915916	280
-0.064689457223961	0.240322448663875	280
0.053485009859682	0.421088546080863	184
0.107652723526099	0.410828310395285	184
-0.005261401591693	0.248784194141393	184
0.05431257119095	0.401916239358362	64
-0.109229620232955	0.194431711414994	280
-0.03698514107199	0.356325502335762	280
-0.066265911088772	0.272301204594143	280
0.101034646018445	0.577957885461541	48
0.046775476335923	0.492608441249896	180
-0.070020871350658	0.18424797715037	180
-0.086458766624921	0.19008923730008	180
-0.112603034679265	0.149651856576285	180
0.046392069418623	0.434181743736223	180
0.101483042519773	0.446744510601454	180
0.056316448106581	0.318004275644203	427
0.019776854172978	0.296076221575501	427
0.049116063847239	0.333572236844509	427
-0.055260756338922	0.248183160601588	427
-0.035957304754949	0.300500327754693	427
-0.02081192478456	0.300741361528878	249
0.052406962381306	0.290616903135959	304
-0.04194342532209	0.298464621503961	304
0.102384140102115	0.404630267604278	304
-0.063519874869208	0.129528651313099	137
0.109506491378021	0.318815518041688	137
-0.057501380940553	0.127919098430534	137
-0.067165746390017	0.207669655617968	854
-0.10812316400144	0.164993340643556	736
-0.068955032067466	0.141671264547615	736
0.013150604128498	0.227467413899863	244
-0.011980666993928	0.206487070599071	244
0.074232195208162	0.231989065308526	159
-0.051874646319994	0.131885279385062	159
0.116337196300458	0.317233890298277	159
-0.066818111011112	0.127546763646313	159
-0.044594447276383	0.125660001248583	1068
-0.055167902912265	0.125451617882319	731
-0.036991203146267	0.132858387878702	7
0.075504095763083	0.145656507521306	7
-0.064322055786781	0.882459134562029	515
0.062188515547638	0.699550649953573	515
0.116877474751971	0.606201969780274	515
-0.097078388613562	0.334525728720122	515
-0.086561664334285	0.258618417298324	267
0.048340905279021	0.295548891188302	515
-0.067459132431452	0.162215116427917	515
0.090113697280783	0.324502290162719	1147
-0.067477314209935	0.157861691003917	267
-0.028467301718899	0.302315272402413	267
0.0633162430918	0.517208665141621	25
-0.08767356084942	0.239387723501149	25
-0.117379285260001	0.196075385149099	25
-0.027452076250349	0.33292542603785	331
0.015814503881682	0.406695939643727	273
0.032621680470136	0.400646726355322	273
-0.113417550118948	0.201144463877468	331
-0.084517994874036	0.268727674399964	331
0.010667350028947	0.420765425735325	331
0.111200822032367	0.812074188919509	293
-0.026408685822308	0.363899562512404	293
0.007786290133595	0.424672177146849	293
-0.022840499684073	0.356347541802963	293
0.071927855417824	0.613429842079612	331
0.118666621022435	0.317976399347627	38
-0.00507374234369201	0.491637268704409	496
0.063871683430722	0.13243957764782	496
-0.046058944705572	0.151132415896371	38
-0.101314840826782	0.184367616278838	1971
0.037124664276488	0.234807985151655	957
0.078423923620801	0.312634620601005	37
0.025282589724995	0.226854824107155	37
0.018623668631693	0.234019111170626	37
-0.06772278969098	0.166784953791779	37
-0.078944937955825	0.174297482939509	37
-0.104450967382996	0.139771394957208	37
-0.077804622296494	0.151509468685317	76
0.011510360806115	0.225818732745278	37
0.071979774881259	0.457156888825316	37
0.046224101169295	0.482163514699526	37
-0.025631137395283	0.400135813874762	125
0.00680648623645902	0.411126514621349	29
0.081626740280012	0.2254045698911	280
-0.082488748904191	0.270105700854481	280
-0.05048688843864	0.152810051490067	184
0.018250597123622	0.235362152729157	64
0.079976620910056	0.554074435444157	280
-0.078885019792136	0.22329966875562	280
0.00863847470961998	0.361098229730288	280
-0.118605882715057	0.134194005635236	48
-0.057885536463471	0.275210411727422	48
0.07694350835515	0.525077562644223	48
-0.028957797816634	0.307288869473189	180
-0.071894302598212	0.239244677572189	427
0.001982621710649	0.351577297542653	427
-0.017093681044674	0.1313068925415	427
-0.096448122881344	0.2008492927967	249
-0.038474567927359	0.291651233411118	304
0.007224875021279	0.371376718134941	304
0.028848226205957	0.396540307502336	304
-0.011618556964919	0.224844525832214	92
0.037815048637421	0.231449335023753	92
-0.00449543779672701	0.24376927784853	854
0.034194744645891	0.138608934528959	736
0.031959182097829	0.140245796892034	244
-0.065858355935118	0.162264395657173	244
-0.032449977049767	0.129569909320741	159
0.064555473023437	0.228860237983412	344
0.105654342820916	0.235366498784535	159
0.033741354749884	0.226522615907959	159
0.040121270464558	0.229535495834265	159
0.121010817683686	0.305779404045017	159
0.037447998523818	0.141913077778187	1068
0.071317871490653	0.141737855774132	159
-0.057550849046719	0.116700309328202	411
0.074431552992746	0.147374944209395	10
0.080866139230197	0.230827617650347	7
-0.111506873249109	0.35689479565048	515
-0.01213041621684	0.418910290203367	267
-0.059747957244564	0.205098492117749	515
-0.057188575333672	0.215747551540042	515
0.052556909764294	0.304952085845438	1147
-0.011070092491363	0.25510301742023	1147
-0.029364464822896	0.278865494337164	267
-0.067026517266227	0.217106172047827	267
-0.087089856135891	0.199061898840725	267
-0.009846831206022	0.351755576514097	25
-0.00154496673052401	0.413515509612945	25
-0.012584376374913	0.372193248552386	267
0.059463138168615	0.54348270583307	25
-0.032424301420368	0.273221304532312	25
-0.044413315164357	0.251257100538263	25
0.003378815744282	0.338942376996584	25
-0.057973139181254	0.250375053937996	273
-0.096037312530526	0.289284290765652	273
0.098268557076793	0.544222249623732	273
0.090477831171743	0.496236551257364	273
0.020989811550564	0.363468410290894	293
0.107045547676242	0.588714615612859	293
-0.079184991829428	0.22935005444844	293
-0.043860583274187	0.248050666532853	293
-0.063974255887417	0.273369642080301	293
-0.114130628774236	0.175999835039377	293
-0.088130974609336	0.189205670405191	293
0.04389671535445	0.491068046385108	293
0.030017619093125	0.548124739477938	496
0.04177480444496	0.462048466430866	496
0.066571566922934	0.564217889810931	496
-0.035451385028359	0.413031439602828	496
0.067523128611963	0.312017003438284	38
-0.010555294689541	0.249187449295662	496
0.106494974387187	0.325429108046481	881
-0.045407544418076	0.21227210421421	496
-0.027884300108923	0.255093076094917	556
-0.013911849127361	0.456132190824334	556
-0.041697821458466	0.141873926511711	556
0.035128902462401	0.237364850624351	556
-0.118907628760371	0.182863143062944	1971
-0.062794957515798	0.286072742415872	1971
0.045651665759767	0.429928023908283	957
-0.008649532443258	0.231959029034617	37
0.061342757721213	0.323283457144632	37
-0.06912379414307	0.184252902629689	37
-0.059897986220693	0.202155403815458	37
0.111392092212026	0.475846250101101	37
0.039264944405631	0.430736966668249	37
-0.040223332478942	0.242536766299153	37
-0.067183317330431	0.150085878383707	37
-0.04780294108036	0.19141046039098	37
-0.069965304096559	0.264030064887622	37
-0.100794747767046	0.171129659918372	37
-0.004954312197192	0.423355105610365	37
-0.008965433456471	0.415116081597642	125
-0.041934239244742	0.332903713401597	280
-0.009213021867682	0.353574727462033	280
-0.049048134462384	0.152300644470699	184
0.081743081328293	0.310489411561796	184
0.07977742188922	0.317946089669314	184
-0.06731011754931	0.154979139519844	184
-0.061374871590824	0.15783885745039	64
-0.108839554369937	0.192879098456965	64
0.12048418552978	0.666537920302121	280
-0.097299793068253	0.181625778255751	48
-0.019753736245519	0.324663719865205	48
-0.077930988957221	0.266292157529009	48
-0.066005055056291	0.20993803980858	180
-0.089132039337087	0.185471556629166	146
-0.054759281899684	0.238315688350301	427
-0.047278069595863	0.218071157251765	427
0.027344141315884	0.361784995655671	304
-0.098976800375822	0.178246629261765	304
-0.0346793524936	0.130325893389983	304
-0.032674257716846	0.225685180930927	304
0.070378564339726	0.236051668862457	137
0.07537213165305	0.146716739668797	137
0.03716922002012	0.138789704338555	137
0.048506976684314	0.240542765831581	92
-0.074288088660587	0.191933376687913	92
0.066654430929845	0.387156967720798	854
0.105599185400528	0.231739213377751	244
-0.053216827074662	0.14670477500091	159
-0.053472320248411	0.141328080830892	159
-0.004106998360523	0.127446658354884	159
-0.038953011891568	0.125374533199902	159
-0.04429137651407	0.13735039461993	159
0.122778124075588	0.232173723429665	411
0.065769350060209	0.136597188403035	411
0.054819065040831	0.227995488431998	411
-0.016005133478808	0.131909330423617	731
-0.035771649026544	0.123527146887752	731
-0.100840980117986	0.283479375513713	515
-0.06106494251113	0.48596022970353	515
0.060806665972767	0.796111989157511	515
-0.117704454845881	0.231580064943903	267
0.074964018071886	0.368989923933647	515
0.116773614833627	0.305307426305138	1147
-0.122601954586992	0.115518000326637	267
0.04921971167565	0.313426445730375	267
0.050167140094451	0.33659048647773	267
-0.04282077735468	0.296539595142998	1269
0.102587374724249	0.511213637826597	25
0.019670212311135	0.43574263573316	25
0.00526668048318002	0.414186417575889	25
0.0943106816745	0.589539744868089	25
-0.022115626314758	0.347455531129909	25
-0.065571422397835	0.271416186039568	25
-0.104625215748682	0.201100180742839	273
0.075485928780341	0.540065927025776	273
-0.065081777702065	0.311856158164611	273
0.04707454709055	0.520397795274237	273
-0.027001987937281	0.356716856008471	331
0.043373105877779	0.537993736006395	331
-0.10554262514349	0.205505077604857	293
-0.010634802414583	0.391301866976873	293
-0.052276398244743	0.279548136200714	293
-0.105396023785366	0.198557341428179	293
0.037187079371083	0.436995477908948	293
0.017338320027049	0.455265579319849	293
-0.093520037226805	0.19062271696545	293
0.049953158163046	0.457426968101714	293
-0.120838428422657	0.215941338478443	293
-0.06402205156479	0.213338728435091	496
0.041972432650672	0.586273375319034	496
0.075931135712027	0.694982234078239	496
0.052035764257895	0.488043950105059	496
-0.099077573592062	0.233808694999218	496
-0.04631530782835	0.332167064072645	496
-0.079973732273536	0.282193966748032	496
-0.043130964702351	0.302300502013758	496
-0.025720619222958	0.126208925297313	496
0.061063621691481	0.607076452049893	496
-0.018278699024881	0.241227781758924	496
0.00333230164116599	0.293109824743487	556
-0.00926043811479099	0.282827543246121	556
-0.117671583205493	0.203211690610244	556
-0.011837978155487	0.423717072586078	556
-0.056602072636868	0.322971797040012	556
0.015186160061607	0.234309132654438	556
-0.070270159038372	0.213306779805119	556
-0.00996138349908801	0.21980032021638	37
0.097457415481522	0.35362842304899	37
-0.000424235993876004	0.233452296993851	37
-0.06220340369112	0.15107798356386	37
0.014238824765713	0.317353411484925	37
0.011173324644444	0.323084788313352	37
-0.10635602048972	0.160078763619583	37
0.112707475525475	0.396511078669378	37
-0.108437052547799	0.203070480865685	37
-0.059134147720225	0.27247706052212	37
-0.096763806154206	0.196951068039523	37
-0.124163951355721	0.170962069269852	37
-0.020096759972465	0.326388181948437	37
-0.023825763919567	0.413223231053181	37
-0.116674500001249	0.168971415667872	29
0.066266917477884	0.456237592130566	29
0.072625349339454	0.513812553378567	29
0.04009117336118	0.464366597699737	125
-0.119055742298874	0.135012708137639	29
-0.095480753968057	0.273724601907616	280
-0.036565907820843	0.305119780940414	280
0.123310713094308	0.705922731822575	280
0.056358749144742	0.287444816276117	184
0.00490601873124602	0.231428603923324	184
0.081626263415441	0.478708394146458	280
-0.039706283564001	0.375701396679626	280
-0.085684048886539	0.264076870445701	280
-0.019216366094767	0.247227401960533	48
0.054859327257111	0.415295936041592	48
-0.037392826992912	0.346550172498324	48
-0.088743137062646	0.23083270200803	48
-0.101942758335568	0.16847984680476	180
-0.095335714499178	0.191525338808233	180
-0.016899030084078	0.274661404596754	146
-0.120828224235809	0.138937932620536	146
0.07894231016229	0.402821647017388	427
0.020483256072406	0.337591062540809	427
0.106519780048609	0.456988018705751	249
0.016870176397703	0.376190393645087	304
-0.00374693872779	0.270654317962908	304
0.084826839405711	0.230628979447691	304
0.00580220519757402	0.267420870348588	304
0.099350642815796	0.448972884945605	304
-0.000939883413908993	0.131631807880545	137
0.072579845651208	0.220330528210278	137
-0.03917706131243	0.13153498697948	137
0.079846817000978	0.143103121179959	137
-0.114478259843436	0.144529050657889	137
0.00181574737049101	0.317339538516037	92
-0.025496987970839	0.234452503844199	854
-0.00411128946662201	0.254157388664675	854
0.00321667113186303	0.238159287763668	244
-0.049675051968069	0.16961293505129	244
-0.013433205184816	0.234799243226256	244
-0.017862033122182	0.132323320954149	344
0.078726258113804	0.230940941286318	159
0.042466812128047	0.228779353116558	159
-0.043001829375203	0.137659921558703	159
0.028739818405422	0.136172344877098	159
-0.038670281668974	0.136785341852877	7
0.037689867360851	0.295162274630415	7
-0.122977230972172	0.915372936740574	515
-0.105494677756156	0.818114486712176	515
-0.028210410542789	0.739757564855401	515
0.000578573378235026	0.753843730605892	515
-0.010631572560958	0.550163911692031	515
0.039383854894677	0.582525428910224	515
0.030018951272469	0.511676619473515	515
0.011400164305653	0.348661975928086	515
-0.000621265270001004	0.262200307926927	1147
-0.093360115950808	0.194902101521709	267
0.051833809068045	0.481918598742435	1269
-0.063827807118869	0.20508787000413	25
0.10218127439141	0.554119705696675	25
-0.045950387798568	0.246459843389431	267
0.012262408310835	0.440233332248098	267
-0.030230154898378	0.308972545692594	25
-0.04579084905874	0.295197073608048	25
-0.074589524101793	0.227620061352572	25
0.037670226048871	0.480509950988667	25
0.049127389387831	0.455224769494949	25
0.097539159048958	0.571556167261613	25
-0.11956122788945	0.181087211565951	25
0.064474960431878	0.490686093301905	273
-0.099391618758724	0.189842376635881	273
0.039894068242751	0.446569894246132	273
0.060365127196079	0.416315016285036	273
-0.062394227243285	0.304547441965897	331
0.012064717465144	0.311508927699085	331
0.051112655749224	0.443124726128598	293
0.076770954185729	0.417573993943891	293
-0.068709475192642	0.201476164204014	293
0.027376778222166	0.533414578425816	293
0.043159370309313	0.487334439275664	38
0.025646705305805	0.579298180137437	496
-0.088569153269039	0.26359069713691	496
-0.017203988080816	0.373467334990048	496
0.027683865102854	0.572118486690945	496
-0.068275148636812	0.264116958934085	496
-0.074667836544161	0.156001624353903	496
0.010888881637813	0.341926164818636	496
0.082581411044268	0.364282422149826	556
-0.017220307261081	0.240663507212723	556
-0.055912505361389	0.235579833770988	556
-0.114892344099695	0.153876347785401	556
-0.06881071506361	0.250300978863638	556
0.024644725810009	0.48674085056075	37
0.00692083047207298	0.325388864928208	37
-0.064507135710553	0.204783123899352	37
-0.057058739135057	0.187747665233263	37
0.079645137570639	0.404168535142594	37
-0.060093406359505	0.165346845169041	37
0.033361838769905	0.291889887674486	37
0.030095960888564	0.317765575617838	37
0.038025730046029	0.335890760108646	37
0.00548756738131101	0.244771297623501	37
-0.109002834130477	0.138783368993075	76
-0.04512729136517	0.256073217462763	37
0.021266348442937	0.432171973171042	37
0.066440522952467	0.522892039899799	37
-0.011342094283891	0.329543437654211	29
-0.105384623106504	0.236408100197345	29
0.049027680089893	0.584721453153031	29
0.089427056454885	0.457072275493418	280
0.068113586232243	0.388191576391989	280
-0.044161653863422	0.238371309599353	280
0.04075303865687	0.452145378199417	280
0.076379490123253	0.592266188632581	280
0.03402983999192	0.309878575680443	184
-0.00520811306466401	0.248789396182413	184
0.03707611161628	0.331579653824523	184
-0.061941062042123	0.176781095833642	184
0.040327398001478	0.486293392755882	48
-0.0145237224675	0.393140844283603	48
0.122804588287523	0.567459744732081	48
0.026926563650043	0.338268463360122	180
0.026949941125151	0.3322727529983	180
-0.051092595035135	0.189973616001818	146
-0.064348467450601	0.187804896340263	146
-0.022625857906397	0.256705698587807	146
-0.063678388006472	0.21018797992611	249
-0.116290486769932	0.184108808220037	249
0.03149760898404	0.344374586528928	249
-0.079158928535777	0.22049691306073	527
0.079854707602123	0.289687820779974	304
0.070155238008967	0.445509005000814	304
-0.059234384653989	0.142250746121834	137
0.112074466648462	0.3186442023561	137
0.049061985146378	0.222676731669819	137
-0.050239101156796	0.138642115242246	137
0.039497631112068	0.316834208684482	137
0.023267087839479	0.127445257641966	1969
-0.052558314610656	0.141417118823036	137
0.030200293023988	0.320256428063764	137
-0.090184919280704	0.180501220706378	137
-0.086033008084151	0.192173153959505	137
-0.024941052071957	0.276707205736142	137
-0.113695394212783	0.15437268195405	92
-0.110515421512063	0.157359423421321	854
0.056862657648291	0.31150376583168	854
-0.060503925142935	0.208435361538236	854
-0.048016572461774	0.151501723912563	854
-0.0398373201428	0.139342169012994	244
0.025903630006372	0.229738623058945	244
-0.057503260826834	0.137826232084514	159
0.048510262067335	0.235043274608081	344
-0.046705220852639	0.124020889069928	159
0.052285615568966	0.231303354758767	296
0.001010929018601	0.123141408038506	296
0.099317798872546	0.232946507948437	411
-0.033608899656136	0.12888609496891	411
-0.110691791550792	0.423053087938785	515
0.033269081097106	1.1209407985951	515
-0.090358617029208	0.431899880679539	515
-0.00643850542652699	0.59814159990502	515
-0.050587602739996	0.200633760653482	515
0.084217151422237	0.388976645822427	1269
0.025112346962242	0.323905502680848	1269
0.046436331132302	0.470591423970573	1269
0.037411268956321	0.464178216693623	1269
-0.077462346962369	0.263671266791624	1269
0.020390586419365	0.380060655430367	25
0.083010644129254	0.552444016041339	25
-0.07630315483167	0.214149176737216	267
-0.017223967281008	0.352979624350555	25
0.115524234974687	0.623492286798772	25
-0.083652153424379	0.223660561442833	25
0.101041259149429	0.532812916299157	25
0.073092444305889	0.497032452538223	273
0.06510636541701	0.505074281036788	273
-0.113440021303092	0.177064779155792	273
-0.100628135121508	0.215428521657222	331
0.09082704164408	0.57024257991275	273
-0.084795988442968	0.257968060199457	331
0.012920499678418	0.369311769544418	331
-0.047183387120075	0.264867567973167	331
-0.090252056207844	0.207139642065946	331
-0.116757722951787	0.181957130573962	293
-0.07197602951007	0.215997496684521	293
0.033159270149146	0.512171298083137	293
-0.087514181688416	0.282315914338224	496
0.077209096063504	0.537717100115924	496
-0.114675075188061	0.222754247089075	496
-0.104420633326117	0.209000054690451	496
0.097384238477233	0.684454214603071	496
0.010728537319555	0.409262346976669	496
0.087319164164373	0.232678873631966	301
-0.061477110546275	0.156264225582946	496
-0.120841063408552	0.165073450741782	556
0.087492295459107	0.312425988557721	556
0.097982040367217	0.317394287466765	556
-0.070261600297311	0.142071616248199	556
-0.036707319663671	0.247760631386183	37
0.014367959008541	0.355310163021792	37
-0.058675570331331	0.23104512576713	37
-0.061724623848362	0.177518436447067	37
-0.058203215425833	0.181583369160426	37
-0.001543732371898	0.263553629917715	37
-0.111595746033819	0.118812534352395	37
0.029054875928575	0.305259310526792	37
0.04842766618897	0.316689451833391	37
-0.055637376939597	0.217691131277781	76
-0.04856447872736	0.221650548185535	37
0.101038540685012	0.533273497095653	37
-0.121983095326485	0.128251966232989	37
-0.042731446878725	0.172063262944078	37
0.055715837888302	0.411461136701471	37
0.033566890328186	0.486630984048598	125
0.00109756650451098	0.380274960629698	29
0.047120518288894	0.503106100302383	29
-0.073475120554571	0.25368976746588	29
-0.060252213187065	0.327760002349789	29
-0.016346883378789	0.413219650698439	29
-0.042525292912714	0.340834344037842	280
0.098104561871223	0.605336924507364	280
-0.028112309315788	0.440361357796873	280
-0.024786892604098	0.35015848648133	280
0.07256989769007	0.519100630993995	280
0.03893219382055	0.227766719408635	184
-0.012654404843096	0.240589917507288	280
-0.088101011892688	0.200649858066454	48
-0.106864807730396	0.199399400125037	48
-0.084328165422124	0.237421978572912	180
-0.088943691647359	0.164628412610196	180
0.035289764027107	0.316984934167756	427
0.046588102289664	0.302566873107804	304
0.054019324196308	0.41061316117564	304
0.018084128149101	0.393749630889356	527
0.073287797094893	0.220800183174744	304
-0.115109677171793	0.11373720464974	1101
0.080368878044084	0.221960470721579	137
-0.055534252611107	0.139779204051028	137
-0.027077788804438	0.123934377714052	137
-0.063777355067308	0.202150696359343	92
-0.008442505540247	0.2360922218885	36
-0.118700675233638	0.112877425481245	36
0.012564699793682	0.223695009296406	36
-0.047741828895371	0.155398382835343	244
0.066906976011932	0.294311817090947	244
-0.020784120021146	0.123857694706353	159
0.00885008519987401	0.135791472676437	296
0.079035587748443	0.150320321141086	296
0.037346047605256	0.230051679299655	2264
0.041196544629859	0.234579375658241	7
0.039303345145044	0.231965378352078	7
0.029766604276894	1.34701029991988	515
0.095866993078734	1.4447533785206	515
-0.112222212809471	0.45441271259936	515
-0.01436629314627	1.02276253985169	515
0.089443364850494	1.61173420582641	515
-0.015435785591131	0.435072862878679	515
0.101771993005606	0.577056170597694	515
0.00825121111467397	0.222159725889833	515
0.01912923406666	0.401447039375378	25
-0.042806409800876	0.313988368390845	25
0.00319463947222298	0.405741203499354	267
-0.036508861223987	0.297805468004542	25
-0.097985964029139	0.200542777410968	25
-0.101713611494919	0.183081122395418	25
-0.073577796364387	0.226106805553408	273
0.079025156000796	0.493793111611629	331
-0.00596934925824899	0.359881686424306	331
-0.107625946345898	0.167485286168856	293
0.077356440623939	0.544102903405211	293
0.00758965181868399	0.329853122887319	790
-0.072223479561634	0.290221980855267	496
-0.068312485778999	0.28356357401368	496
0.00942571088656802	0.224948226778787	496
0.058284969976513	0.331956936928868	496
0.051338443458815	0.357126621180799	496
0.022732811997591	0.354825105270814	38
-0.019564647044855	0.436913327637606	556
-0.05100445961259	0.331405203515854	556
0.021443937053314	0.231720793611288	556
-0.058160343244776	0.136178498440592	556
-0.06298332553147	0.216043242652795	957
-0.059907185711024	0.18918770061582	37
0.026731334806405	0.32318008472239	37
-0.103819307556598	0.165379668235156	37
-0.12195469676567	0.150554196732542	37
-0.028958644740986	0.262670592906612	37
0.102166750764024	0.39728664400216	37
-0.000183746892414988	0.22430802328871	37
-0.11383270965254	0.127152096733678	76
0.08242014908491	0.432372429586651	76
-0.057897326908333	0.164740666792191	76
0.01567876326648	0.446296774725362	37
0.088941172886415	0.53296441423341	37
0.054766302476693	0.382875198609924	37
0.111605431016359	0.597945886737834	125
-0.014567868028805	0.254486139915473	29
-0.025500547921609	0.290243862020434	280
-0.059390871227926	0.175734800375647	280
-0.074073947628521	0.175704671248706	280
0.065852519795598	0.320815501221098	280
0.061481571743818	0.681733722529468	280
-0.02401749441664	0.380078880961179	280
-0.064943749848362	0.285588245514695	280
0.051833701141146	0.237039549800375	184
-0.073189793968265	0.160480514745274	184
0.050541956845547	0.235345022652135	184
-0.009691214403379	0.388878050304358	280
0.040440554934582	0.531044802885602	48
0.075669529116617	0.537659276710458	48
0.00343974736742703	0.366747305778507	48
0.043958253202601	0.409828079454892	146
0.07172971866266	0.374351545166128	427
-0.057300447176842	0.168876733667433	427
0.120304055437179	0.550354028101936	249
-0.065909330466164	0.184165407716799	304
0.083402685228837	0.421738915602859	304
-0.117352183865395	0.137486185808974	527
-0.00832102581659	0.230475895989095	304
0.123018574633521	0.228221010779091	304
0.076803761931741	0.222383395233685	137
-0.045864689273415	0.129418591835688	137
0.10751144453884	0.329207775305389	137
0.021283422738052	0.322614785350254	92
0.077751064964861	0.377862327693733	36
0.00306288797117699	0.229471760654643	36
-0.055228389125986	0.154844845691583	1941
0.106410246168177	0.327044229983859	244
0.03132445036192	0.222286545197673	244
0.112860750912557	0.323865786656148	244
-0.038916690673207	0.126961449560747	159
-0.023619127817662	0.126453632969921	159
-0.037870991857362	0.126494003316814	159
0.083757942880895	0.227618033493719	296
-0.066737260407115	0.147694718000896	7
-0.054215500185371	0.151297064423576	7
-0.107935576956101	0.614739560395411	515
-0.024138286227151	0.892886578709784	515
0.037162783728082	0.954320638126252	515
-0.067467682635346	0.400442187909369	515
-0.025332389065836	0.444950975818335	515
0.077589428201704	0.49458757787873	515
-0.051553218222211	0.282907650267899	515
0.085294559206278	0.486917270293679	1269
0.064811089786147	0.471900216649016	1269
0.067195652692842	0.431715734534646	1269
0.031978372928382	0.387496534036918	1269
-0.065286251843031	0.204862663192963	25
0.06229234558136	0.417431475723307	267
-0.089025426271094	0.182092010810568	25
0.060529625383239	0.403866652675186	25
0.075472588927258	0.477800528091916	25
-0.00416100003193901	0.247275893446405	25
0.035225436553928	0.320105619701464	331
-0.045630275043627	0.290933105988371	273
0.058534667527745	0.324550422018199	273
0.097315447975967	0.403802594883527	273
0.06854475403857	0.460189660907427	273
-0.112603034679265	0.149651856576285	331
-0.087428184058721	0.151578422550662	293
0.057025620874888	0.309248819816605	331
-0.000982345122001987	0.239748769161168	293
-0.124236012006562	0.204979011997982	790
0.044352891284361	0.502111234038461	790
0.019519554799805	0.502189356634047	790
-0.030953195247402	0.317659512727639	496
0.066637669582221	0.551301170732499	496
-0.024395892496155	0.340248811094476	496
-0.093379675503317	0.274377377437567	496
0.071250857657235	0.657432557543699	496
-0.101369927368475	0.244191922335866	496
-0.050056935317482	0.311669285766032	496
0.010230002939079	0.41310585396829	496
0.058209446068055	0.447988023647031	496
0.111731247497238	0.506218752275868	496
0.011744554830841	0.432374913437732	301
-0.018609474923849	0.346073186419387	556
-0.098710534206242	0.211714381595204	556
0.025375726461038	0.389962834867584	556
0.050626596377584	0.446986430912315	556
-0.067901411002908	0.193268297070688	556
-0.048119370480143	0.196634181425084	556
-0.00742196983267401	0.31304299655272	957
0.004345127088282	0.39194534834254	37
0.041887309803698	0.306401161425707	37
-0.014577249196824	0.238034380600363	37
0.00563942545069002	0.22269290866874	37
0.086570408610199	0.392913069806164	37
-0.023863511525043	0.225766499543114	37
-0.015343026133444	0.249640756616666	37
0.05926776080506	0.302276923410961	37
0.111088630056619	0.319566414601763	37
0.051392323160144	0.293947515939456	76
0.102760271669668	0.468654501798069	37
-0.071971277656064	0.17567510272911	37
0.02636610971564	0.386285432917878	37
0.00168404074686201	0.374200931102629	37
0.00782964314627599	0.365280374513578	37
0.00107269993317899	0.244510569122307	37
0.002548772591218	0.262702947611829	125
0.036164656974723	0.310022073676956	280
-0.105157704944101	0.143681492088911	280
0.077116201436164	0.399773423661192	29
-0.112180233700341	0.216539531791376	280
0.111930153581289	0.589719932412357	280
-0.00783175700431499	0.337780867098506	280
-0.120500906069575	0.186654818296971	280
-0.051424900781107	0.256144049983006	280
-0.09952990081137	0.19969737274448	184
-0.101055799102635	0.187349318828836	184
-0.067436712007805	0.151869777690836	184
-0.024339419382606	0.285663227827739	280
-0.024436815930281	0.354875098161165	48
0.024029299422425	0.363591300796098	180
0.101274583764145	0.32079071800096	180
0.091537420333206	0.305848511697283	180
-0.064860964952385	0.159209173720797	146
-0.057342415316151	0.155870686374946	146
0.00905041842550097	0.226117841725277	146
-0.072535093220885	0.124352141660605	427
-0.06606192656063	0.245170450062707	427
-0.051814355148626	0.24014477367653	427
0.052636752511385	0.295537018093327	249
-0.118482429318036	0.131426269770098	249
-0.010237500859465	0.208750162975542	1101
-0.058405109395219	0.145793751194699	137
-0.118841758804694	0.123390182187235	137
0.095763653674	0.508324322935783	137
0.022303816368665	0.363620006310546	92
0.100173961324847	0.385363633089652	300
0.124154322411588	0.148580353231889	159
0.07751037389437	0.236018495195897	296
-0.018538901770978	0.128826376239557	296
0.051225717129341	0.231047939613124	411
-0.054000937138025	0.141961423218325	251
0.057687188206779	0.228391466357763	251
-0.055038288786493	0.15230084873786	251
-0.00921831523710501	0.119668514864864	7
0.036118327588678	0.235049406286248	7
-0.068476988554132	0.169343605775044	7
0.030943459875005	0.131341394322432	7
-0.110635363195349	0.604357423027005	515
0.0583563931023	0.594113065703501	515
0.06214708101358	0.395945069872424	515
-0.09669672760169	0.232847196263308	267
0.064583142787931	0.689356479210893	267
-0.017953412342854	0.390342595775173	267
-0.071376315080846	0.263433443331511	267
-0.059909271656581	0.133227022750602	25
-0.053394318329307	0.141034200663212	25
0.00316244200806498	0.130671991547928	25
0.039469985782769	0.143018514366756	331
-0.061902252284514	0.117565689238622	293
0.044200926564452	0.225698622076893	790
0.032257108607603	0.405340608294751	790
-0.020153717159737	0.218728686718212	293
0.101545889559275	0.380503407570731	496
0.074613327356407	0.66630989282261	496
0.011838829364454	0.432175265624804	496
-0.064803594864285	0.325320921412082	496
-0.045055686001867	0.39810568732206	301
-0.054910403941135	0.263696574251632	301
-0.100634358131314	0.274533242150755	496
-0.038026093527032	0.438503929213053	496
0.044092738393921	0.412191127320023	556
0.049465244649234	0.217124482411192	556
-0.056187859436292	0.168778596612382	556
0.018845560231292	0.584417220051457	37
0.021849253997541	0.23128212471559	37
0.034995770759723	0.328288220647231	37
-0.044246589451398	0.279514719004494	37
-0.073254768233378	0.183869635829308	37
0.00291994456675698	0.25866832340233	76
-0.051599116499861	0.217285718500034	76
-0.102297383140769	0.151970788823331	76
-0.072178027535447	0.176167879587725	37
-0.015707168744024	0.441370374467418	37
-0.080957911578284	0.206767899657586	76
0.079064531011431	0.765836867204708	37
0.069301661602848	0.61688972643585	280
-0.042743227697234	0.493823150395694	280
-0.078057804351833	0.295680105016177	280
-0.035017596233983	0.409502059744664	280
-0.050268177808495	0.156326772054555	280
-0.045233909243512	0.160285966382352	280
0.067957521479827	0.712730173868118	184
0.015499403743342	0.471942701675199	184
-0.017626079531082	0.274385691661692	184
-0.051941148856702	0.274496404342804	184
0.042411911503595	0.233445909118554	280
-0.025086273725669	0.3697401747292	48
-0.029369235387716	0.28702020803018	427
0.124139973920219	0.659502049456598	427
-0.075393462017479	0.178830269031782	527
-0.038006894117382	0.314989510665341	304
0.094695013598914	0.308431744791439	249
-0.113025135069097	0.133228820252193	1101
0.063616884318225	0.425947345520336	137
-0.025318136564412	0.299132178334197	137
0.014751308117811	0.320856254971716	137
0.109407196379257	0.493941537617545	137
-0.030522380788554	0.336602362753176	137
-0.124535159621004	0.195685497829607	137
-0.023655900146844	0.380554188372539	137
0.055201073954088	0.558509057688514	137
-0.060546285514716	0.17880658562533	137
-0.059517716534275	0.169638798259398	36
-0.059955643572667	0.150779434603963	1941
0.029992149621133	0.37549738273106	1941
0.078088278329723	0.148906376779904	244
0.044216382545413	0.138627566610622	670
-0.046017523548933	0.133110962537831	296
-0.00840842615794499	0.229924190122718	411
0.039898836917293	0.312879326624722	411
-0.056820671701877	0.17014832275105	251
-0.018483981303895	0.226467443177348	251
-0.102416729847145	0.134227333762513	251
0.076875800050151	0.147494108497111	7
0.023904570191236	0.128834396807279	440
0.00921934900348698	0.986548839694729	515
0.062417878125275	0.977361059846675	515
0.109271541381619	0.830860708979917	515
-0.106123669799507	0.255347795391347	515
0.083330493239485	0.683450545947927	515
-0.035001323752972	0.420557924106798	267
0.057510004903249	0.524954699109089	267
-0.043987494868676	0.269159646337371	267
-0.08960387696438	0.171385149396761	267
-0.06955442419693	0.149235976971818	25
0.075034933511983	0.293608168245626	25
0.011558282450184	0.22509126061975	25
-0.00479687415192201	0.230772013372924	25
-0.057833670185866	0.175925917145476	25
-0.040402725498904	0.144728816197234	25
0.00331506048568198	0.271795710087933	331
0.045861059996004	0.232308583342231	331
0.124460993603485	0.972261754074621	331
0.094383583957286	0.234551942072915	293
0.085191666225356	0.236228870484168	293
-0.100145632580762	0.157304591449878	790
-0.100656806300533	0.184831547805423	790
-0.072917411608541	0.153020380192111	496
0.011179938034457	0.220434392005935	496
0.015696427561387	0.426136522706278	496
0.09320471333742	0.63130052610828	496
-0.109994294972394	0.206617916224082	496
0.068297095459861	0.499289237955418	496
0.088368054994092	0.575561123675674	496
0.027070561836336	0.51853456888798	496
-0.105090246231347	0.249059718675778	496
-0.0472899849347	0.373207752660784	496
-0.049805771239836	0.255988475224515	556
-0.106074820106604	0.206538835204912	556
0.014976350653699	0.247614678489977	556
-0.051515834609094	0.164455487593989	556
-0.038394288712576	0.31292619555911	556
-0.057384059071937	0.225362321493541	556
0.074002866934518	0.493777168072383	957
0.028711830447147	0.332203667799072	957
0.107301686753158	0.4997989781577	37
-0.00586223894784299	0.268221600616262	37
-0.12070898743066	0.128782838341105	37
-0.060879695646445	0.295947250188447	37
-0.117272774891892	0.153858320864393	37
-0.031338785330135	0.240049851174458	37
-0.059242544292387	0.150043901513803	37
0.063067246404698	0.369511036484707	37
0.011754842740112	0.351614301330049	37
-0.057314815097926	0.185007544064129	37
-0.004263880814076	0.24014587595275	37
-0.069131186135679	0.177039178651351	37
0.00239127938498901	0.257527270657438	37
0.026466408249383	0.335809577435745	76
-0.011612300643986	0.423718571490666	37
0.013014790638266	0.47900082445093	37
0.00601466217075403	0.460755976985159	37
0.02643551157453	0.246211069021182	37
0.050290820992959	0.24233401510744	37
-0.124407824197442	0.101116453105538	280
0.065546749923021	0.311586967783865	280
-0.048300094203177	0.138438656251139	280
-0.024661726499038	0.308590502948511	280
0.00310150552948502	0.426515603619735	280
-0.055566644514281	0.15856712486933	64
-0.000663401713061007	0.248660986128736	184
-0.012213935697783	0.370732116873787	184
-0.073883456775207	0.178279972918934	184
0.019157618235394	0.325111057072607	184
0.054187902277443	0.598537820919031	184
-0.055476452326348	0.206494639031239	64
0.035034209247184	0.524631866527285	427
-0.12230919433441	0.12428518676606	137
-0.006570779202593	0.251657939550451	75
0.096013967348112	0.51632974460996	75
-0.00223599956745199	0.306519116346064	75
-0.106233149622564	0.200698826599592	137
0.110159744918123	0.451409467692703	36
0.098981132868499	0.384558613786813	1941
0.099107546410711	0.506704124685621	1941
0.014856959897136	0.229645600342	300
-0.067539326101193	0.151712192097955	670
-0.033573546035702	0.1306474120555	315
0.046608675984087	0.238420694428629	315
0.020599645272678	0.275285712579173	411
0.05110382984219	0.234467023411496	411
-0.114632518107618	0.137017923316595	411
0.06419761374702	0.315094229911056	251
-0.038916690673207	0.126961449560747	440
0.064256408940686	0.302481347708556	440
0.031433774214918	0.34469255106156	7
-0.050719733566504	0.372485478365561	515
-0.038861438284534	0.267489200519962	358
0.08536977553519	0.672868509386281	515
-0.069288303892667	0.28118116449154	515
-0.031260629619775	0.358185180732881	515
0.00553505868024901	0.358806466577492	267
-0.011885793804436	0.31772450538132	267
0.026554716456545	0.383262588222106	446
0.11548062188407	0.584623296997038	267
0.067200038201283	0.406229310123683	267
-0.067348446612061	0.182914586680774	267
-0.00229468889944501	0.236957292401481	267
0.0707451411918	0.314805763081382	267
-0.119570546011334	0.113789697553389	267
0.038963057801312	0.3156647944051	25
-0.044523872794411	0.209129758713402	25
0.029183460657871	0.278619553961814	25
0.005636976182816	0.241145611733619	25
0.090433121163571	0.376273012369077	25
-0.058882468770297	0.167813183346348	25
0.028733978067649	0.241053518673402	25
0.067846861868759	0.305769122228617	25
-0.06178803939883	0.147553952232207	331
-0.00878232387432001	0.229281546669456	293
0.084067065952372	0.235628913187403	293
-0.102619375334151	0.169322399562821	790
0.081043279381324	0.574093308422158	790
-0.124566709948254	0.185355921059228	790
0.058011533544433	0.432792028395773	790
-0.06171362043639	0.184075162199258	293
0.121011600636556	0.395911352848444	496
-0.12208537781869	0.148793132984234	496
0.033388545118901	0.515060674179304	496
0.011404151768018	0.446752521515599	496
0.120607606534416	0.534931990465761	496
-0.111809168599574	0.1377065871525	496
0.079025180985557	0.379871155396311	496
-0.057297615551861	0.26325864880331	301
-0.099768833472145	0.171348601839192	556
-0.077499886438415	0.216866284836018	556
0.019899910816749	0.326332419787924	38
0.05970323174175	0.428319129550828	556
-0.124463775732817	0.115293784408066	556
-0.05072805361064	0.155555757817694	37
-0.056913448860994	0.173556111333457	37
-0.04844019887329	0.158277708568075	37
0.011704744501166	0.245388505441404	37
-0.044341150071991	0.155508661221876	76
-0.061454145053768	0.193185718743483	76
0.012162027950774	0.292537437014196	76
-0.079301584402215	0.140962537977548	76
0.106308897534581	0.37989726695559	76
0.015793717796461	0.30257414669718	76
0.044231107017905	0.310841902095282	37
0.058264211307267	0.235334302085609	37
-0.046924441546649	0.137928931969753	280
0.02050420197115	0.24665417554718	280
-0.002829972682584	0.353716996169779	280
-0.088405378294163	0.212780026939968	64
-0.02430242995863	0.242166178951388	64
0.11338254368104	0.389913310406015	184
-0.119320104704537	0.124842058128009	64
-0.120175395830849	0.150826847763348	64
-0.070712040977196	0.196133326566879	64
0.00878763360704898	0.215544288947707	209
0.008951194790219	0.32377348554537	209
-0.078837621587487	0.228637994573026	48
-0.054584893981766	0.279878929214262	48
-0.073263045909926	0.196074679296621	48
-0.12240294110078	0.109740295601291	48
-0.044234118071913	0.130961521091022	146
-0.015149400104573	0.243993054865924	427
-0.060342659074432	0.230238616437127	249
-0.080126689576754	0.163539413749984	249
-0.06389265338515	0.158486768013954	75
0.073957108070133	0.323035320224822	75
-0.020132973235694	0.220884206355398	75
0.024747268911357	0.317011131624544	36
-0.029810238662198	0.254215280943681	75
-0.054910810806141	0.150637844685481	75
-0.051893152536103	0.131282803667665	75
0.119878432921292	0.330780192971752	1941
0.008578561278964	0.136313979359849	244
-0.0230948474507	0.128778710290488	670
-0.037769816758221	0.121866216307457	670
-0.015745612238832	0.131942239742388	315
0.093988668192383	0.222960680847206	440
0.102374418361605	0.309313812252063	7
-0.016359999389275	0.331689757545457	358
0.096700770793767	0.718257205564505	446
0.06151793508734	0.501329185448429	446
-0.050430932979668	0.229570920025173	267
-0.046372487938692	0.148462403288215	267
-0.057477929320535	0.152365003613314	25
0.084683125743534	0.230626770715234	25
-0.045617138529604	0.134698061882908	25
-0.066387900118942	0.135183408484959	25
0.074027663711641	0.219393625908602	25
-0.022614627957916	0.147339437118684	25
-0.00550109205025301	0.128209223859054	25
0.007802423426095	0.239631978790297	331
0.042262685305935	0.503707855686497	331
-0.049524409267264	0.14209535695675	331
-0.058007472847797	0.146267785228875	38
-0.025405661112883	0.258440992628875	790
-0.06578633636549	0.153282332867002	293
0.107777020102322	0.393420978515063	293
0.034175533779924	0.227826566974376	496
-0.049698929215681	0.278093321800493	496
0.074546068749733	0.391927334378969	496
0.042353174114612	0.538305780475964	496
0.070681975112484	0.506509808977593	496
-0.06315808782897	0.258670201496814	496
0.006968064664509	0.499019308325548	301
0.050274742671659	0.634509382791533	556
-0.099221071494481	0.156629138977065	556
-0.120471328800951	0.173633317698215	556
0.112653477934556	0.776506691027526	556
0.00952438513956699	0.26203712370181	556
-0.060966374891472	0.13978143951672	556
-0.01381757184368	0.425318422368483	957
-0.029744174736932	0.240939593619463	37
0.06695247544572	0.31724909475925	37
0.00568396128492099	0.302256974191538	37
0.123149465823163	0.637608237887683	37
-0.117525600864844	0.137120964370535	76
-0.114216419004746	0.166003814864242	76
0.074056034962074	0.739458268593039	37
-0.03114540282016	0.374307091328714	37
-0.071760209643807	0.170412314000219	76
-0.122489276113993	0.181326377391237	76
-0.057229608211708	0.114322707714262	280
-0.020153670990186	0.230289154097203	280
-0.040869506983946	0.133882096945882	29
0.024079953977595	0.630752475862205	280
0.06853378470437	0.409637036610271	64
-0.038593709285751	0.143000405835572	904
-0.107711298002765	0.15980118878005	64
0.099139001984796	0.313114274425321	209
0.009944828060094	0.133132267874363	180
0.065157956055085	0.218207744103436	180
-0.042219305051449	0.383708612030207	427
0.059644975686682	0.222941767173869	249
0.090818328521256	0.220096326562483	249
0.026572250138522	0.231109989589404	249
-0.04088323078532	0.270252368248233	249
-0.021629794541714	0.249235304751486	75
0.056552675627387	0.304275423643392	75
0.032199907137067	0.334754438400736	75
-0.061182780319045	0.236011741641542	75
-0.043056169148164	0.271087966274135	36
0.045692011852186	0.232297959011368	315
-0.066424414583561	0.165655649259646	411
0.037744423217853	0.141185895842541	296
0.012343505478175	0.227463644370699	563
-0.009135019677876	0.250674289467256	7
0.049332656100026	0.327683792901106	400
0.022296388605575	0.618598361779116	515
0.058768861517051	0.731160411545402	267
-0.068406903872933	0.329654397866215	267
-0.024329327914342	0.434696880467044	446
0.01808915154897	0.496820969221164	446
-0.035939764994774	0.310377455486675	25
-0.092614901058563	0.204689071396364	25
-0.090269454376642	0.213855231286965	25
-0.055443869791481	0.275645097494487	25
-0.118013818465052	0.124346515476385	25
-0.034057027900102	0.240394589689918	25
-0.057047267085191	0.175303154699982	25
-0.061443026841797	0.192792848240552	25
-0.065886490349648	0.178843935126063	25
-0.003068219821005	0.253364365898052	25
0.084292713266694	0.911120078468748	331
-0.076042777921166	0.168769130742983	331
0.121430116348872	0.384883409915387	331
0.033270869710636	0.325763948841349	331
0.000288418495826004	0.276504786593585	331
-0.116585410096028	0.193298619271963	790
0.062611698402375	0.402370949690771	293
-0.026982403804473	0.305205172223862	496
0.106576711802437	0.54047660819236	496
-0.035206922274119	0.270890938127634	496
-0.114395607177786	0.17784866185046	301
-0.032112557987018	0.313967285330592	556
0.052677584959715	0.488823857416682	37
-0.023161951993869	0.276320822141241	37
-0.00409547932055401	0.393472518822808	37
-0.00861149929966201	0.233900937059644	725
-0.044052844528141	0.246470581808142	37
-0.102681762565878	0.158786252825803	76
-0.123028496336768	0.138757176718244	76
0.098907228241307	0.373737715280547	76
-0.102015759347111	0.178118932923209	76
-0.092129786277941	0.227491749985007	76
-0.014244736889861	0.335311022956316	76
-0.020441851664366	0.259552179987859	280
0.113857769064982	0.391152794069025	29
-0.05581270009918	0.199104268888529	29
0.019066886069263	0.243024605197173	29
-0.092592779571468	0.23220602175224	280
-0.047706784170018	0.303003631771737	280
-0.124419845550896	0.145831231605671	64
-0.017238471911578	0.272862625309071	64
0.113836651624925	0.569997089979325	64
-0.074526506834639	0.215606854146232	904
0.037513266900559	0.450818278129283	904
-0.010227191432178	0.417182076881743	904
0.035738496690646	0.335741631807412	64
-0.07181723812475	0.192631012521981	64
-0.017527027695264	0.321087643283896	64
-0.000539067888045003	0.267420933528924	209
-0.053375417425556	0.256821952808751	209
-0.092155138326494	0.19062651035004	48
-0.111141196273112	0.142315972070204	48
0.038074278828034	0.230718872544448	146
0.063712242534472	0.326247807019258	249
-0.070090667302127	0.147852884076381	249
0.00528157437501498	0.230932836120746	249
-0.100471864182603	0.153749087739759	249
-0.010999501230258	0.229472031451553	137
-0.001492717650173	0.241298358376378	75
-0.081496129283686	0.160655436224893	75
-0.00318219394135799	0.348078674187817	36
-0.11285159002539	0.176054286729941	75
-0.091461292556625	0.186165971674658	75
0.017491062163274	0.299312842720103	75
-0.035315366332202	0.254261032981458	75
0.053417426878537	0.363703551407752	75
0.034796190395771	0.303118411013495	1941
-0.083775012258196	0.158414989487562	36
-0.048578744716437	0.125739269302971	49
0.022725761884799	0.236910163088126	296
0.074624842842374	0.235239424513796	440
0.043923634064329	0.143454347678497	7
-0.072922451356408	0.219791495031832	267
0.116687615274436	0.538718300621022	446
0.098136420193511	0.552115031448649	446
0.06458139387789	0.60324429182769	446
0.029883549730974	0.544243170419862	446
0.046721398784272	0.43740155440727	25
-0.089471356061648	0.277188714909275	25
-0.053068993639795	0.347252915528579	25
-0.033504942716746	0.368964779394059	25
-0.029680242732801	0.333154611870468	25
0.025652044375599	0.408076200597438	25
-0.053797432972342	0.295486272377511	25
-0.073613663918769	0.31711749686564	25
-0.045448246616843	0.303775511477271	25
-0.101239593522996	0.191354768675138	25
-0.03068680188871	0.277181809329351	25
0.00719506091907701	0.438427379460775	25
-0.115696519074815	0.224517196644023	331
-0.051421600711354	0.319744265844988	331
-0.072811382037773	0.261832434096293	331
0.048658820378067	0.48095214679405	331
-0.063488611970156	0.256445346093396	331
-0.027441872161492	0.303540206578176	293
0.077716532659891	0.507217133578114	38
0.026960013308911	0.505232586587304	38
-0.099383559687583	0.232029533711058	293
-0.091416492572347	0.278486933305796	293
-0.043155417784408	0.313472851400544	496
-0.111863579314045	0.183956803611873	496
-0.074035779649403	0.162495955563193	496
-0.062818051298013	0.174926001525845	496
-0.041286280761474	0.130603913190701	496
-0.033894333221331	0.242669326596712	496
0.101543061190287	0.400706843831653	301
-0.101793878406235	0.155174214310704	556
-0.025843928432445	0.301082262056473	556
-0.025419302277831	0.250500326444254	556
-0.112155228822756	0.224615731974532	556
-0.098096552876743	0.241875374803092	556
0.060451326021955	0.312067420491448	132
0.002182189780014	0.317180925879919	37
-0.007053756694272	0.352847583414163	37
0.021747625174718	0.333288253000936	37
0.118383145426521	0.594174701459118	37
-0.028987688107067	0.308393669139836	37
-0.063424238331381	0.158980497471097	37
0.06771381957625	0.323272666641393	37
-0.034501390375	0.242453206229736	76
0.108201153860952	0.397532297697205	76
0.00634537246672701	0.240381946639895	703
0.06178300529146	0.311456594760047	703
0.077952419918313	0.367540500027959	703
0.015955358349164	0.339327902726516	703
-0.026751196238631	0.245374676447664	76
-0.123051560904087	0.169536423520614	76
-0.031797308841668	0.335432496158166	280
-0.04812254898792	0.293986318252805	280
-0.00441436781798801	0.400485905375923	280
-0.124882895823609	0.147194359395241	280
-0.023280099382909	0.355672299033811	29
0.059642222880797	0.447278921284295	29
0.054983425044893	0.424812982098981	29
-0.000592909118529994	0.422032125740292	280
-0.055622471457773	0.236258337042303	280
-0.00916808125172999	0.213373085291484	280
0.089822940255598	0.31430594001479	280
0.057788753716337	0.294518800953437	64
0.016012597610367	0.414911360357164	209
0.070739048829469	0.565260176523127	209
0.064034426829141	0.393599561883466	48
0.024909967608565	0.367898696086447	180
-0.084241023887214	0.199141335850692	146
-0.015324546327421	0.281818466801345	146
0.076184967972398	0.308664347984369	427
0.041606299545381	0.323145837342465	249
-0.018661290977803	0.310374099248837	249
0.018544843329337	0.336870494627274	249
-0.020839493270703	0.248908451430672	249
-0.033608899656136	0.12888609496891	249
0.077956071593319	0.149508802914429	75
0.00224766457412601	0.129774597785066	75
0.053932047301162	0.230190781774682	75
0.099158370876179	0.313755414392693	75
-0.026045499347529	0.249181544637272	75
0.084626179091074	0.355530924104923	75
-0.051130203942546	0.136484124160382	49
0.052314948142449	0.22628500724078	49
0.047580373529014	0.234151088283049	300
-0.040746738640214	0.135479673099227	1957
0.097201531521994	0.228601720745958	159
0.039331818082052	0.135720958065815	1009
-0.023339360855282	0.124343359891309	1141
0.01283282882497	0.136023832819794	159
0.084720432250777	0.148485731471077	159
-0.059031757318525	0.130262575981964	315
0.078476781172511	0.143480742893582	315
0.075127144837657	0.525549847941219	446
0.105673226667956	0.482344954946652	446
0.073465083045126	0.481013607014611	446
0.112309240140251	0.719832419706116	446
-0.082604053758925	0.308333454169945	25
-0.080748072237204	0.29644977519134	25
-0.117317633765324	0.199056372224454	25
-0.044692784097741	0.350229254028573	25
0.031353124058622	0.515061751734964	25
-0.112977030270912	0.203419598748023	25
-0.069729619015517	0.306317823085348	25
0.122349909587735	0.695996795201821	25
-0.067724865938681	0.272796437089555	25
-0.06959300727437	0.309909709380668	25
-0.122175472140344	0.176426567451317	25
-0.061213505167275	0.296331206589613	25
0.095926365126025	0.596619842759471	25
0.05767801657669	0.601521661188904	25
0.039424272747933	0.496399670715213	331
0.019281824713712	0.422160586679186	293
0.009127314789941	0.486812657341856	293
0.07284573129401	0.598074854784125	293
-0.038133264994777	0.371588831226987	293
-0.084011351631295	0.305599658848905	293
0.00643601605505501	0.482687371262677	293
-0.035792298005275	0.332208088879776	496
0.04057938180435	0.476986794640102	496
-0.122106445376417	0.201577141713793	496
0.099507060154947	0.398953381789242	556
0.052610720680408	0.574005689791767	556
-0.079155608390912	0.283779836429182	556
-0.018167229877071	0.240092733761825	957
0.00417338091072	0.254692370188716	132
-0.110625669590788	0.149389452280201	132
0.059524467812364	0.537736433375538	37
0.04851035631642	0.33052371050823	37
0.036356038579794	0.352895390527548	37
0.046219797504065	0.231883337525826	37
0.043529842070226	0.29543918167742	37
-0.113085546883709	0.126455231679651	37
-0.122619232639807	0.13830100004363	76
0.06802665946399	0.369105130763031	76
-0.006107107488769	0.303798096977872	703
0.107470432905542	0.596729506764689	703
-0.080277397985375	0.223022491187763	76
-0.055094123722017	0.264145836496403	76
0.054095864511433	0.545683835759631	280
0.049346083027139	0.46373986730033	280
-0.082149183210294	0.233249186965936	280
-0.050645388438926	0.164448751236875	280
-0.097876756141272	0.231228321700692	64
0.056332361885459	0.594815251035298	64
0.018546513839582	0.246722149514553	209
-0.084428313133273	0.255665878221629	209
0.04960971460738	0.451351194133067	209
0.121678221892266	0.760278125472973	209
-0.00354393034249001	0.433376927343721	48
-0.07287167324056	0.242811060501368	48
-0.070524273994881	0.202180020689038	180
-0.052207753509104	0.258425635280146	146
-0.124481226497095	0.150071139279995	249
-0.106830433413446	0.149578073798776	249
-0.059368697817178	0.246529082989736	249
-0.059130259763514	0.228883258908933	249
0.050075839845188	0.233580281432549	588
0.06539947835214	0.235738631152861	137
-0.018976160782264	0.128464094663197	75
0.074818941834506	0.2387892567157	75
0.072398549199461	0.143620436016474	75
-0.119008277072077	0.120461451262051	75
-0.065330557927287	0.155334049044726	36
0.06052969665912	0.301523087851843	49
-0.061152706136662	0.157828590666854	49
0.091848094126286	0.296688043480214	49
0.067503530828918	0.227002667151234	344
0.107730150710843	0.231830829897093	159
0.077213591010653	0.219481092628846	704
-0.036742502127643	0.124066795116098	159
-0.022003411698624	0.130447050657792	7
0.120003578833524	0.821779123666742	446
0.035306501332587	0.477714509108141	446
-0.074139161876413	0.235446385069104	446
-0.060679734585406	0.347391788811715	446
-0.051914764219609	0.297701812993009	25
-0.068392794218816	0.355321094304382	25
-0.103121612316276	0.27559075929301	25
-0.05730948149849	0.394980114528566	25
-0.11302932907366	0.242851017037727	25
-0.025844737482672	0.424484902145476	25
0.073051295301935	0.681871312317063	25
-0.045533964688825	0.345483578109598	25
-0.105720928220992	0.218989760770806	25
-0.032358259212573	0.398541956370295	25
0.056239284812414	0.627630229775072	331
0.00563066186935002	0.485957624441424	331
0.017988058644279	0.444715158956725	293
-0.000180300212710011	0.491626800556737	293
-0.111944640795711	0.206114586292724	293
0.030559246662302	0.542185470638611	293
-0.115422487802396	0.226919328466915	293
-0.073256947886247	0.285687889054252	293
-0.114033233146463	0.19850661526402	496
-0.082839072142012	0.211159913792292	496
0.09535419508996	0.321077908852534	496
0.103519952851098	0.226844659785537	496
-0.014697739978757	0.245086854615638	556
0.051906465062199	0.492771024666411	37
0.05367875611697	0.310998403948744	76
-0.024050243268043	0.244611557101139	76
-0.080152731714102	0.173468331797894	76
-0.003306850542626	0.365266102802042	37
-0.112112551744186	0.136013179168673	37
0.118458841492424	0.394078086294843	37
0.00841301585446802	0.280357881655862	76
0.112211953448018	0.406655377265597	76
-0.112091945464004	0.136008456601816	76
-0.062924998137931	0.23448265157043	76
-0.016397896548207	0.267635688275995	76
0.051722806565072	0.350267932859357	76
-0.077349652892107	0.21948247104866	76
-0.049539401150203	0.279739701569721	280
0.039492648474694	0.549053521496439	280
-0.079816941551927	0.251374791082683	280
-0.033851940307712	0.374717152848118	280
0.00213371847579902	0.432917028215927	280
0.117226079345647	0.651639852555443	280
-0.046197931048977	0.330307558540108	280
0.046790527932854	0.233626932445637	64
0.037454808497242	0.476957212459064	64
0.012693306232595	0.134778203441197	209
0.035449437870474	0.228519490259007	209
-0.06112113006684	0.160623093103774	64
-0.047004547215778	0.140136392953193	209
-0.020309897640341	0.317477638256797	209
-0.119571610967587	0.181919193660982	48
0.057521385097131	0.4362825992166	48
0.085631280962965	0.60319258656764	48
0.050380614896804	0.494998765366013	180
-0.033205439986906	0.31481927492658	180
-0.058368936010978	0.287666922136763	180
-0.092877171235404	0.18754732630854	249
0.094243071325978	0.555371060971042	249
0.074811053504106	0.524141420806368	249
0.018599137897598	0.346300550176924	249
0.048605417896862	0.436356410735332	249
-0.044215012875057	0.282463244044576	249
-0.054770376959302	0.209816663308473	249
0.082463359414082	0.52185573931156	249
0.02403169505669	0.368579272837892	249
0.080114349528604	0.14987528650403	75
0.123282431276524	0.38892184232801	75
0.064244163736476	0.220069490046422	75
0.113282534628638	0.395956982766454	75
-0.096468220156196	0.16777919148133	75
0.096812728247765	0.322714981619171	49
-0.00240171235081801	0.215141288319757	49
0.092253251406877	0.322545360532145	49
0.063131554896962	0.233393398293322	344
-0.038916690673207	0.126961449560747	159
0.031840649819974	0.221969717183114	159
0.033047976459766	0.141080545993463	1141
0.00156385913929402	0.130308503689224	315
-0.015062601010838	0.395928164653309	446
0.090438655574547	0.497904771418585	446
0.124028593370057	0.468045223571311	446
0.109770654485821	0.723709044628414	446
-0.093425734245521	0.317304906179261	25
-0.063720162036422	0.410199343628285	25
0.113550110227522	0.903686637753549	25
-0.036314752004545	0.449905120796595	25
-0.056375304997277	0.407647736586999	25
-0.10111737279656	0.224656442606099	25
0.060655736826087	0.663350217901799	25
-0.046856210694872	0.373486087017376	331
0.031801763786427	0.593135052073624	331
0.041839740185375	0.584411629412633	331
-0.10922775248599	0.224189335697932	331
0.086015091101881	0.637818941001654	331
0.073230350478899	0.643822425144302	331
-0.066998056730268	0.29706335542638	331
0.017387865492976	0.475882340393055	331
-0.018550641028544	0.347117202431802	293
-0.046181260318401	0.160471099118998	293
-0.006989478396181	0.278394890492879	293
-0.088309328190164	0.191204774452925	293
0.015032805163305	0.408957186037521	293
0.097101275535659	0.507422689992325	496
0.053706739594547	0.224136563417467	556
-0.037842245552482	0.127204959445076	556
-0.056044724228267	0.144576961754168	556
-0.049905906831854	0.250460960942237	556
0.096693937954408	0.545311293688875	556
-0.045959886656386	0.256139881621316	37
0.116504296387166	0.529587683153897	37
-0.011982110529244	0.216671658947348	37
-0.120062775151903	0.125060108918299	37
-0.054486434363232	0.204468961887583	76
0.105752902004511	0.449101154037264	76
-0.11965632326791	0.145314582827991	37
-0.040948384068308	0.240242871933787	703
-0.054127911419097	0.145746916767424	76
-0.050218787393359	0.236682356078587	280
0.039393015556155	0.503846050609293	280
-0.12297795572323	0.187406018392857	280
-0.047425747032151	0.322679780752053	280
-0.012042700673497	0.347937208319948	280
-0.053559605266911	0.144997422325975	280
-0.100582871739137	0.162903537573806	64
0.105623533807726	0.600167202360867	64
-0.014073152155533	0.129371322559223	209
-0.043129356568289	0.141633649010398	209
-0.060560125577355	0.138437782241541	209
-0.005567448446467	0.388020357462231	209
-0.062782527090946	0.155412235067295	209
0.118170372409494	0.39797204275431	48
-0.01988804884746	0.37377604007974	180
-0.108143024694503	0.162833443599722	180
-0.114936098122368	0.192206600740691	180
-0.045422940522801	0.292516652438564	180
0.061089001403101	0.416700843539041	249
0.051153161375813	0.325703078834287	249
-0.106413765653785	0.194679380877195	249
-0.049865393335541	0.248837333829132	249
-0.054214421376304	0.230782664105872	249
0.10460183617201	0.234035992281793	249
0.031959182097829	0.140245796892034	249
0.079167137536301	0.148478019190517	249
0.028356867295313	0.134197362793107	75
-0.064693789206018	0.152785795746106	75
-0.053909977222373	0.141733202450438	75
-0.05633135213073	0.153269713634412	75
0.050181027051639	0.319150276228875	75
0.109262387225283	0.381734317078169	49
-0.060332627454358	0.168602683491554	49
0.124352194197571	0.234192876314001	344
-0.047029164620317	0.128233082741021	159
-0.045782048002597	0.14007871154426	1526
0.075329969900476	0.222270698459787	159
0.05669393321415	0.237158895734998	159
0.067527801115159	0.138735614914498	296
0.07537213165305	0.146716739668797	7
0.124695383948061	0.450108950188574	446
0.10106166989872	0.58127897142709	446
0.113643899468254	0.72066331071718	25
0.084553177578236	0.794243639524135	25
0.058219296807795	0.756320814098647	25
-0.114492409325285	0.220369954343367	331
-0.025795775494494	0.340274345680506	331
0.021497101768557	0.490644700185974	331
0.067371512646119	0.58863780646755	331
-0.018626201254228	0.352606896516174	331
0.088506924806186	0.696261425580874	331
0.087939311060913	0.526485574054581	331
-0.072906539765832	0.257804035987019	293
-0.053593447152121	0.133087014704866	293
-0.024800873865787	0.238606467670672	293
0.096478307946131	0.534722895579019	293
-0.044099317007978	0.142270445587781	496
0.084786978340439	0.410185826074908	293
0.101135198557811	0.439821828456342	293
-0.041331347964789	0.13055510712241	556
-0.040671352277861	0.240411843180684	556
-0.034428808457947	0.114188195973626	132
-0.094317252626922	0.198604212657709	76
0.071059404955367	0.309931435763322	37
0.09179771498644	0.31453978859718	37
0.000799779652964017	0.240647910091337	37
-0.052829386998295	0.193433467656569	37
0.056930627146413	0.404913162471033	37
0.096891535546652	0.417566626932026	703
-0.072444360975678	0.130716946454006	76
0.073778242021722	0.31499522611785	76
0.00878297818927498	0.281601697763255	76
-0.081080470690978	0.234666162202722	76
0.084086250254244	0.612145995587061	280
0.107176275528342	0.469967655446791	280
0.119856828093943	0.586002487656368	280
-0.021856872003637	0.349104685823125	280
0.028602529941646	0.421955604742724	280
-0.036412253028789	0.135147087165707	280
-0.015519052546851	0.357916173804155	64
-0.087371593720359	0.235121891756813	64
-0.047244850078693	0.145538963255185	209
-0.035725019821769	0.1287991948383	209
-0.079542357346088	0.127281009680147	209
-0.060578114819772	0.20798170806375	48
-0.067888320178187	0.161493306268194	48
0.112703176599879	0.663184166845655	180
0.098233787360288	0.582384378254339	180
-0.017347157176656	0.341675114586379	180
0.123095998687351	0.5658138692884	180
0.055574270982596	0.476957011499435	180
-0.115271087113976	0.165014243377814	249
-0.12403977796843	0.15095264752355	249
0.058406404158687	0.438117365518202	249
-0.119498622861561	0.155862937954757	249
-0.120692539689657	0.160157999838806	230
0.077008664579247	0.14810492909263	249
0.124501685616813	0.151295106265293	75
0.00565769489461898	0.133931304417246	1131
0.00201706243051702	0.222420329110379	49
-0.05468669025454	0.156339130925443	49
-0.06414377178511	0.172036264141872	49
0.107060159980075	0.398320670780924	49
-0.118168955353751	0.127535995290703	49
0.03046885523677	0.136162792017213	1957
-0.033454876455126	0.125438111239979	1957
-0.048374802143583	0.129015318011165	300
0.074619746727731	0.220459349625167	300
0.100661684242521	0.320225865303314	159
0.073345202438045	0.14527145871932	541
-0.043963567334044	0.129113561539628	600
0.114879659254452	0.579862583343152	446
0.019007613421609	0.621678584556736	25
-0.087192484822591	0.400623819454186	25
0.111169276814938	0.968407795990512	25
0.080763455449966	0.744445411947898	25
-0.00460305847748799	0.539075460788312	25
-0.06212302065801	0.368466939516035	331
0.039938965411593	0.685467879972752	331
-0.064743778915206	0.34768182201055	331
-0.00447921508459701	0.503012409001317	331
0.067313246963778	0.712787371272757	331
-0.078536385618565	0.283890426381908	331
0.000332828872779023	0.48019746792198	331
0.038697013431425	0.60559794079411	331
-0.000753201772308004	0.45210720587621	331
0.00103093668336701	0.443743009947815	331
0.049637135955262	0.573977307004545	331
0.046023585371632	0.387549746323089	331
-0.117127132624354	0.216339099421122	331
0.07462359274294	0.674463777907844	331
-0.096013680532627	0.214175120747018	331
0.045940886498274	0.229748815834932	293
0.093045152097728	0.668840658885505	293
-0.053625928570392	0.135717195518687	556
0.053613214117548	0.226454321538954	556
0.084621873404072	0.319557947369122	556
-0.011949985570053	0.226903174217144	76
-0.006821078850517	0.243730266479137	420
-0.107196183028511	0.180426273076628	37
0.102125376439804	0.519144908665657	37
-0.122942949957189	0.153047666510829	37
-0.017238179743248	0.215414247613024	37
-0.039083391477088	0.128513553686287	37
0.00213101194599802	0.256382258037678	37
-0.110172141613112	0.148156458312574	37
0.055428463173883	0.364167093317933	37
0.088715439322507	0.448492241242236	37
-0.124947355375647	0.149543051697602	37
0.054570392796716	0.435086718268732	37
-0.025463225173699	0.231133053974412	76
-0.077346197983873	0.180609528837167	76
0.072886080214366	0.472526425438764	37
0.06316947614366	0.543905851738274	280
0.0383268797003	0.481980064706817	76
0.108922011385102	0.696186153382292	280
0.076874853785798	0.238420978771873	280
-0.037861695667123	0.127975303126915	64
0.110492419938586	0.375431673372913	64
-0.044148046091942	0.274969675162805	64
-0.054925300113781	0.205083367442513	64
-0.050381778031067	0.127596221260096	209
0.079645182503183	0.227845677047173	209
-0.007659871828885	0.312639491565733	209
0.059280125087005	0.470347072943199	209
-0.070373389833291	0.137374911151777	209
0.043983805933221	0.432210623803333	48
0.01892056631759	0.406481416524419	249
-0.076799579102394	0.236042773353424	249
-0.041520446824622	0.319097077381348	249
-0.096244492319317	0.195326102438522	249
-0.12201625255	0.120872554154862	249
-0.089081682364824	0.208104681198763	249
-0.103854797910974	0.167057732235924	230
0.088243819868002	0.145270972122841	249
0.065402674307123	0.382051619673191	75
-0.058426229552238	0.142497640954595	75
0.083406702457451	0.368635923390328	49
0.024009208139216	0.277564992892151	49
-0.019822768794837	0.131552663888259	49
-0.00323858611347999	0.120647646189847	49
-0.063747402173624	0.133512205044408	1009
-0.025046074573401	0.132894567617604	1009
-0.029223267818551	0.13144022309227	1141
0.121429140060235	0.143707421084512	563
-0.124427449967594	0.485000642168889	515
0.03729933772856	0.521645441620121	446
-0.063142609583912	0.416598081949626	25
-0.035588234166469	0.448235165743248	25
0.114206730168274	0.590673269949023	25
-0.023761078678485	0.441010852114609	331
0.00297327917691997	0.365536768310191	331
-0.053865196070043	0.339431749484948	331
-0.027804002531192	0.391303664163049	331
0.057657249796301	0.522907899730577	331
-0.013000112710507	0.399811583476143	331
-0.105598147218653	0.223774680559893	331
-0.032485459951224	0.340829242310923	331
-0.073843210722812	0.201706302129492	331
-0.118546013228505	0.134020122015028	331
-0.107729569697063	0.203698701781556	331
-0.013166752129071	0.331285184256184	331
-0.037807563732077	0.122663851640613	293
-0.054252228313215	0.12754794280838	293
0.019001927725549	0.35774564213655	293
0.074097998654908	0.429871011656978	293
0.041500677296184	0.311895075346329	293
0.07770669119253	0.228521855407197	492
0.028739818405422	0.136172344877098	556
-0.013876398911612	0.132262797229553	556
-0.0469991553107	0.135179667245623	556
0.056738654110371	0.223275543279481	556
0.101405224898045	0.235527103727087	556
0.041588284543105	0.339618471852014	248
0.05987116741216	0.395582623087108	556
-0.064517507488608	0.175062460686922	556
-0.041125331697902	0.125115852349204	132
-0.064243119529002	0.150387766936276	420
0.00854806482800602	0.24420720702009	420
-0.061994954676392	0.169768208267017	37
0.061146892681874	0.390512845182767	37
-0.078864086347274	0.159117144373248	37
-0.061649768623261	0.151320340604321	76
-0.049127940458534	0.145079593389295	76
0.05955105946814	0.32583882112253	280
0.057351836750137	0.403981959349066	280
-0.096634145775091	0.164396805653956	280
-0.091560293053215	0.17473437340659	280
-0.055693804955751	0.192438952111581	64
-0.112494229518295	0.167448514504498	64
0.00112440339963399	0.134221040490011	209
-0.037823143560318	0.273593334695588	209
-0.042970668715812	0.140725166936137	209
-0.093441677997255	0.195594300118688	180
-0.065157683092902	0.230099462962302	180
-0.058418075549872	0.235130308306149	146
-0.097481314483471	0.1781217102207	249
-0.07580238346616	0.190701393708424	249
-0.084143072288313	0.163082536634713	249
0.018109686212906	0.333257540265471	249
-0.008387769216367	0.122900915136422	249
0.073292797976384	0.234088098775021	249
0.081062105011136	0.150098139787635	75
-0.054886152794609	0.128640380911311	49
0.00696505944687798	0.235276500814722	49
0.049873969711858	0.228945382046716	49
-0.070156764102498	0.168938572978418	49
0.094024906145612	0.226693682545972	159
0.00123197608614101	0.130015395043419	343
0.116539992138788	0.225737973552197	600
0.087641978144832	0.798685229309727	446
0.093116459126672	0.872329100071707	446
0.045552756482502	0.752016160372504	446
0.074771959952508	0.718245714159728	25
0.06513902152148	0.775201639159379	25
-0.036987901057779	0.51441899108799	25
-0.078584498938654	0.370115474596128	25
0.106149022674748	0.63458897462168	25
0.113929717834028	0.909480128796271	25
0.064739579312575	0.683569469723397	25
-0.109064826651386	0.216106903404789	331
0.082697777004121	0.648545201225109	331
0.041682556482657	0.501914669903553	331
-0.122378754039937	0.189365418818305	331
-0.122915386255761	0.179362228543111	331
-0.082773320170514	0.214876327989103	331
0.018674066857457	0.409463842384927	331
-0.113623675577413	0.144045397706949	293
-0.044854608624596	0.251400125720146	293
0.027487291562006	0.31312045213111	851
-0.033587295561424	0.126684029856777	1864
0.051932397266356	0.237948075333999	132
0.021308001095065	0.232521410908187	76
-0.036691180600459	0.155479766206242	420
0.092365474259897	0.319980340577166	420
-0.057579098410942	0.17270674262038	420
0.047620060914344	0.406586123658943	76
-0.065642674980053	0.225083751607132	76
-0.122324131259372	0.103852035847039	37
0.077378388914574	0.379684306046172	37
-0.00407462930781799	0.254952635051567	37
0.01994270735956	0.354523004211565	37
-0.038190682584092	0.143905315486542	37
0.09944211385074	0.397222816571623	37
-0.100651147197254	0.15680269460969	76
0.10878846054371	0.304335886973529	76
0.052861606720902	0.314084479516327	76
-0.101480669736983	0.162071174925223	280
-0.063262794593168	0.263900547083416	463
-0.043702289015323	0.131008712909135	280
-0.048109324141516	0.127988828808751	297
0.104223993089136	0.325719064677781	64
0.023986698611933	0.414696756038502	64
0.016823280689603	0.320656080976081	64
-0.026412400964138	0.288430451629997	209
-0.101942758335568	0.16847984680476	209
-0.068561961960556	0.21623028395078	209
0.066788954612961	0.398857841966118	209
-0.09387152435944	0.185143702651812	209
0.017652221823797	0.221612443814007	48
-0.122617044010438	0.115347406820156	48
-0.054288074738997	0.225190041685938	48
-0.082919067760061	0.212916407606398	180
0.11380011389058	0.526799811905735	146
-0.065152417590892	0.243002827928436	146
0.070913918750944	0.431896444494431	249
-0.085734277920187	0.190924714026826	249
0.077126172282956	0.394816259218312	249
-0.073190203902108	0.18279486740705	249
-0.03117355211774	0.248325395547026	230
-0.050288964994928	0.148899982464019	1131
-0.063638837396449	0.149467841024184	49
0.020578745948616	0.229894522492707	49
0.107962264357105	0.317652085323049	49
-0.040769715016929	0.131708642591487	1009
0.097214086162257	0.227890404001873	343
-0.048217047657298	0.131064891731643	343
0.068881913355287	0.141534938735922	563
-0.004788459106843	0.12697096612789	600
0.061514932979334	0.716332331803714	25
0.117934839116447	0.910997758143268	25
0.107564903281144	1.00068657919571	25
-0.030078985233741	0.58210947914507	25
0.01537895246231	0.615347639366576	25
0.0702879032924	0.564567615942814	25
0.117223294924096	0.772798430171	25
-0.072373725503226	0.306046024829499	331
-0.123965843589373	0.153726591489209	331
-0.049873583531429	0.309409672840166	331
0.023203869511488	0.438417723934667	331
-0.07072941745781	0.224336523660225	331
-0.048926641253684	0.150461596804879	65
-0.00213257590549101	0.293112307943376	293
0.086596261972861	0.501159400310608	293
0.036609247767726	0.378632890461059	293
0.082995245266659	0.390196008501225	293
-0.099162558245427	0.17543464358186	851
-0.100054095955214	0.170905270107543	851
0.045157114478138	0.274798158867507	293
0.110986909582754	0.239082553445616	293
0.012865222089657	0.245332430618298	248
-0.070971541191041	0.1834160931326	556
0.028946176820433	0.238350846179444	132
0.033735878324724	0.243735181702098	132
-0.050786767246849	0.131376925669017	37
-0.123046537220532	0.109432319783575	37
0.10450851030279	0.325621447513387	37
0.041820108463088	0.307493702456856	37
-0.078638401203458	0.174451179877523	37
-0.084538948261067	0.156809715402766	37
-0.063896645059427	0.141902576284925	76
0.060757613275383	0.325265790290606	76
-0.063180155803209	0.217878260926233	76
0.062840418055743	0.401967085358173	463
-0.011779995656125	0.269211664635544	76
-0.124269744244595	0.119892262579866	64
-0.01592295834376	0.131159254079401	209
-0.031302333159404	0.114286286324639	209
-0.072299383853481	0.18780418847859	48
-0.081502966939397	0.204021610075785	209
0.036915350787961	0.230166519010544	249
0.025711192404993	0.236243762692914	230
-0.047734441171314	0.136103229145256	75
0.070293836909028	0.234421498890218	49
0.039436139056151	0.231774993270578	49
0.124017664209062	0.229871022629692	49
0.080114349528604	0.14987528650403	1042
0.044070148913895	0.14255273576314	1042
-0.0005190818993	0.128892738021727	600
0.100537975754972	0.910087859853902	25
0.098573942977925	1.06768845746599	25
-0.070791655631654	0.457149666053634	25
0.110890761619011	1.03469910503879	1955
-0.021713183927035	0.482308213363289	25
-0.094240096118517	0.222355772174195	25
0.112732872937823	0.677595645562174	25
0.010272695529372	0.504454304784417	25
0.016246329631525	0.377483148423649	331
-0.050606151201236	0.251068819555267	331
0.040943282852712	0.228369821681035	65
0.087968579298111	0.456448535281804	851
-0.11562119207192	0.126669332113545	293
0.06355894930182	0.327284440855308	851
-0.044841786041048	0.142236877639966	1864
-0.052003572097382	0.153105438228149	293
0.121045746717994	0.327374922655311	248
0.028893731832791	0.230876562169327	132
-0.058653101297165	0.136560567356267	37
0.123211448507185	0.32081431310945	37
-0.043015865037722	0.162197490423388	37
-0.047780061166861	0.145842863606102	37
0.080382600713003	0.311341320278709	37
-0.119814841513968	0.116870292670431	76
-0.00958668928953499	0.232492636325395	76
-0.062780217077342	0.199601153564619	76
-0.064028756677507	0.205626850457421	463
0.049819405076788	0.332680527416897	463
-0.111169494768621	0.128111685503859	209
-0.079651295607509	0.13749470412901	48
0.043059114413592	0.287621004759617	48
-0.00365891616916	0.234489463403838	180
0.05429921969918	0.259168695064844	721
-0.067596394123355	0.136142771737017	146
0.049017576259831	0.266144066668118	249
0.033644774438817	0.236605291855458	249
-0.068650538721766	0.143837105934699	249
0.117769843477919	0.213202089100239	230
0.045715095226501	0.23552326643539	75
-0.049515753112496	0.135204769313663	36
-0.0181829693298	0.130084633487474	49
0.065230663669056	0.133893555668183	1957
0.036086747428519	0.138404614222838	49
0.067128095623146	0.134354754254901	563
0.07347847060958	0.144394940990533	128
-0.124533863283834	0.848940857833461	515
0.112258827059604	1.9008736419626	25
0.11544920472186	1.92749108583896	25
-0.066941981366055	0.663476371100369	25
-0.019271325638879	0.882210482911618	25
-0.110786746794036	0.407906812874364	25
-0.095491101195571	0.444983369597152	25
0.034636468671188	0.469288625786094	25
-0.096636642772661	0.150187129594333	331
-0.016329714540962	0.225619823750791	331
-0.06163030843456	0.171137138073029	331
-0.067256205583078	0.187390242512051	331
-0.041871119312046	0.169620032566786	192
0.011457870593365	0.240111866283317	293
0.046687839924336	0.41141807423666	851
-0.106141371479816	0.145423656565562	293
0.036503272243437	0.332131930411097	293
-0.055636002226232	0.178533205517974	1864
0.068587801207958	0.317656630042576	1864
-0.11576324120559	0.105097068689245	1864
-0.121473788876142	0.104788768980072	293
-0.010062575289801	0.222305982848463	293
-0.062248031076641	0.147441021477771	293
-0.00725737400621199	0.249500533598739	293
-0.026261924336661	0.256407986915541	248
0.066077555680939	0.394454053409472	719
0.117198452568774	0.395394905314455	719
0.088714857050317	0.311561828279201	132
0.057523918924434	0.442939982345621	132
-0.059925209112195	0.20270054692199	132
-0.00540470336280799	0.266656861221571	132
-0.107975174740183	0.161804812787228	76
0.022576176744214	0.238252361799881	76
-0.117670719160318	0.1395012485991	40
0.023869392943432	0.232855024596381	76
-0.050578465563025	0.170585404201438	463
0.10199936424119	0.499502717232933	297
0.04575183569235	0.501401345713311	297
-0.121953457152868	0.124662179686331	297
0.051380817482759	0.281859869298598	48
0.013279389778952	0.231456054335273	180
0.026269899333744	0.221326738819084	721
0.070791771199197	0.229578892964278	146
0.113644012543915	0.329997255108087	146
-0.052161941961381	0.129306111465263	249
-0.008807382196208	0.248120145237971	249
0.071557098285578	0.218784105880578	249
-0.061794962410512	0.149576269944055	230
-0.020994739418834	0.130504014631649	249
0.099260479788685	0.234105180002588	249
-0.042672277211	0.131648010037584	75
0.00318886488076198	0.135104359865566	75
-0.009352468199989	0.122308590321438	49
0.078088278329723	0.148906376779904	49
-0.032469416539206	0.127497745129409	49
-0.021326496714642	0.125600586089976	343
0.073349500609965	0.147341331430607	140
-0.033566086304556	0.131161292006809	140
-0.038996875886963	0.126254683449783	140
0.022880018869471	0.12518304324312	140
0.074425026658618	0.146058230964505	128
0.062094167027251	0.23005847088977	128
-0.074284547186813	1.33741941107616	359
-0.088318225459976	0.182867069982038	25
-0.111912567071675	0.140139698340448	25
0.030298878946313	0.337642309669129	331
0.00939615198418497	0.30449042087903	331
-0.014780216934392	0.234504801811647	331
-0.025372696847632	0.241974245114173	331
0.024338395469628	0.240699590394715	331
-0.067498768005154	0.134979862672556	331
-0.001491866213708	0.227588940473172	192
-0.042629567002899	0.14164629512236	192
-0.055560352132951	0.146382771536529	192
-0.054302397853779	0.149999111435201	192
-0.078196726591227	0.146526484336633	293
0.047501831111199	0.240523683481116	293
0.016356754304958	0.214326622667224	293
0.011762425731153	0.241613207190783	293
0.112201766659066	0.528424544304145	293
0.048265275760414	0.231364416384797	293
0.034282365838108	0.344248343553577	293
-0.062850425483545	0.162700555970455	293
0.06470491222804	0.321180970556407	1864
0.067951479753016	0.316298852045567	293
-0.057999951481838	0.151923532686317	719
-0.011359839628597	0.272700267997022	719
0.060081249915789	0.305708705492818	719
0.027633645634981	0.239040901359411	132
0.106699596379156	0.317447467679536	76
-0.00860585762983301	0.308483401394155	132
0.025380934884646	0.247215441015124	132
0.00412125878150799	0.219014819012527	1779
0.03368958007098	0.34000293967123	1779
-0.045927493484473	0.142762906066233	76
-0.114314716351158	0.114502137279195	76
-0.029121129601361	0.220706111297952	463
-0.029880390001354	0.218790343454994	297
-0.117595088747542	0.120066483126297	297
0.093956960538102	0.22117427047331	297
-0.041268961041609	0.1439752929979	297
0.102650817584182	0.303561463603305	297
-0.005561332372679	0.244557235963046	297
0.00430671006268402	0.231404375634802	297
0.06756314211207	0.32220936973436	297
-0.120710509491565	0.131593248948637	48
0.107428578382674	0.288866169010809	48
-0.020994739418834	0.130504014631649	48
0.04038793191213	0.136991370390353	721
0.095042521679434	0.228558347567381	721
0.103493473852278	0.230147253245846	721
0.095078013947021	0.228560087638474	146
-0.040266020383468	0.239025340157203	146
-0.080159204945167	0.156639545256748	230
-0.038965532392033	0.125147386365056	75
0.067904521112385	0.324562599628884	75
-0.000942034097353994	0.130879528379277	75
0.00649881865591501	0.131692217430961	75
0.104590153228517	0.232171994940447	36
-0.00617914485134999	0.125470328187502	49
-0.026153595308963	0.125438296023112	343
-0.000939883413908993	0.131631807880545	140
0.037299367987671	0.139477642318852	563
0.06874675793242	0.143110747358101	563
0.027652390664411	0.135370343286205	563
0.076451103586192	0.14630929998754	83
-0.049344803887928	0.35168142723668	25
0.04671723905237	0.497917247435603	25
-0.04681758840703	0.307087431267673	25
-0.112089952727853	0.151691255433189	25
-0.014566736002524	0.227891981337184	95
0.049668562935805	0.321585325716755	331
0.02939793176664	0.227758913106404	95
0.122436479862829	0.315854696476753	331
-0.048694336294562	0.141529860462055	331
-0.03768015976975	0.134619962210368	331
-0.044150053476191	0.178952657573524	331
-0.056514536863556	0.130197912037368	331
-0.033627351877466	0.135032192323098	192
-0.057747541934804	0.16102507064141	192
-0.055623331619957	0.139935786222698	192
0.121762521511059	0.33078523316223	192
-0.062448188176521	0.143858085356881	192
-0.058889188203007	0.148766752506241	192
0.04432579788755	0.223016931904518	192
0.101888301447278	0.549126505015097	65
0.049739689157565	0.322059901892666	293
-0.116470384835135	0.100882596218325	293
0.11644291962915	0.394888781582969	293
0.046994760847581	0.239893588234719	293
-0.00152050822644401	0.246957810541733	293
0.023405323126268	0.233379912541417	293
-0.027233404263182	0.230794028873581	293
-0.089179155612475	0.159079048554362	248
0.00377973741058602	0.21919667143667	719
0.113279488623764	0.469381230153048	719
0.113714525115242	0.325951052824792	719
0.046404160885325	0.228796098262495	719
0.073142953845949	0.401018016370386	132
0.106592689953472	0.468593725336314	132
0.00756606500337698	0.247457630035027	76
-0.051483422135599	0.234067440395325	132
0.070396347156844	0.322364661327632	132
0.070702362390569	0.305578615683216	421
-0.068060161096599	0.159398503226137	421
-0.04563085457874	0.151617668245486	76
-0.061161483117435	0.134517522262294	1683
0.0735912690967	0.324486784532101	40
0.065241513435959	0.297201196227023	40
-0.022128898913355	0.220520203362256	40
0.047169039024497	0.226239937446698	40
-0.05702455661943	0.147790146093077	76
-0.066251291031308	0.160912445786069	463
0.018059863066671	0.287292027919175	297
0.033270067420622	0.414512957679226	297
0.061769027627752	0.218592096328307	297
0.121913795494393	0.331724674556694	297
-0.01635662134614	0.241419450034734	297
0.092811938437613	0.386884198492408	297
-0.10917795176558	0.197201739480471	48
-0.055949093714727	0.142897276970239	209
0.048700732575275	0.234129791609863	209
-0.065146432487197	0.175516021293367	209
-0.036845436900187	0.132260271120862	48
-0.037929962647375	0.122459893620141	146
-0.041868739610656	0.141388185208818	721
-0.029360544147004	0.135596391346764	75
-0.046209071350465	0.132887923434642	230
0.069829127718353	0.143162050426867	75
-0.050524771611327	0.139141575542384	36
-0.115113340816972	0.102990382563885	75
-0.042171764731395	0.129552802134127	49
0.063197754904004	0.134004623958494	49
-0.028177812545841	0.131378516809848	140
0.073211921927821	0.143990186170743	671
0.052107569523469	0.239426164432925	128
0.108782843955311	0.235223914556258	128
-0.014829105927726	0.887693554215054	1351
-0.094807157115669	0.473843831054646	1351
-0.117025243832102	0.315345967295587	1351
-0.088763950038423	0.215195051931312	331
-0.100826267125558	0.158779970543048	331
0.024887625734123	0.358705119519565	95
0.064136582145714	0.364306499119888	95
0.063111161840013	0.316383115270966	95
-0.011504011415415	0.250352866346437	95
-0.00788615614801699	0.228458520178863	95
-0.048704889524782	0.151817288080496	331
-0.00441576343695499	0.255345699518777	331
-0.050271864784916	0.150805695638154	192
0.10146385136348	0.279937207155177	192
0.110076771887199	0.328252660138496	192
-0.108032796600654	0.127071060602346	65
0.025768078299337	0.295514264364869	293
-0.038916690673207	0.126961449560747	293
-0.113986326269904	0.118652458181456	293
-0.077787464506581	0.158012230444276	293
0.059695360709039	0.227292093080001	248
-0.115406980214905	0.132011994164168	248
-0.05287439835064	0.146045688816034	719
0.028160847414069	0.246444608862618	586
0.120593174132662	0.41142197815395	132
0.03054499772215	0.217068055249236	132
0.04345895330969	0.291274847245342	76
-0.052158618048538	0.136126691686228	76
-0.013765444470862	0.252365683233578	421
0.103131177744307	0.436372610703597	1779
-0.00537276543378501	0.274798822038349	40
0.095283056386884	0.309381323069274	40
0.058462656073913	0.395063514870581	40
0.079511060644373	0.311725177024714	40
-0.0623252388124	0.187763489898948	76
0.027910964796941	0.300515865660282	76
0.065388572817211	0.220435438392124	463
-0.056772583006279	0.135551548148249	463
0.098240631998723	0.228474443297652	463
-0.062031202548467	0.155944239055969	297
0.101401278862576	0.23152564501273	297
-0.060280977998928	0.149139724569314	297
0.059543209596006	0.240636399754448	297
0.036176890740523	0.228783112444181	209
0.047041569342453	0.296426822307776	209
0.06035772091151	0.299476821054907	209
0.037661675716807	0.218456501745802	721
0.095204650993349	0.23701598764674	48
0.000162060982471013	0.133908642168027	721
-0.049935447484069	0.149650203253263	146
0.039730567270401	0.3367539545725	146
0.070489178557007	0.217730444547226	75
0.029154600533837	0.234721370052152	230
-0.057751485957937	0.129740827836177	230
0.002385095067716	0.131292599569544	249
0.075452883551163	0.233803899960984	75
0.078726258113804	0.230940941286318	75
0.035003491048606	0.137182167609971	75
-0.058878517005589	0.135580326038322	75
0.037484665308177	0.242009324886827	49
0.082431553062253	0.145773659669192	49
0.080110505659465	0.143811178327552	140
0.038385077519268	0.141731678410218	128
-0.071834888710842	0.660573550629505	1351
-0.081497961761296	0.554059334567871	1351
-0.013334576747311	0.801542956854304	1351
-0.00489078551175201	0.894482940407717	1351
0.106404434115963	0.761517530177142	25
0.02147821654581	0.396555947240193	25
-0.11119736959261	0.197873478297745	25
0.013649907291418	0.346587457895856	331
-0.047950394597185	0.182975839542767	331
0.1234872226691	0.400046135285366	95
0.053628407383992	0.319288552430557	95
-0.063983199318193	0.154506419758566	95
0.039677249515593	0.237007662247318	95
-0.050211744331483	0.132758368319894	95
-0.067548091206562	0.142789862608964	331
-0.048246893870585	0.131991803495438	192
-0.06243910617258	0.138372684701867	192
-0.055547608702492	0.157704478970657	192
0.030078925200005	0.237513935190299	192
-0.033260260940439	0.26232169792864	293
0.00273524362571598	0.257934776785533	293
0.082618716258095	0.317843422151307	293
-0.106634173508783	0.148885723991544	293
0.092566300994976	0.233134612492989	293
-0.057077684569132	0.128514558302068	248
-0.049366622615875	0.132351561214124	248
-0.067509919895506	0.179234401658046	248
-0.023126454369909	0.241542021179279	719
-0.00300264032295899	0.244902632325229	132
-0.058895228198852	0.178034161252792	132
0.013676794805092	0.228588929604812	586
-0.006295995225892	0.231570388591257	132
-0.064106533734476	0.141210948579613	132
0.07102222110069	0.276636960094855	76
0.069872162442547	0.366687438023677	421
0.015927191951353	0.24325856405064	421
-0.06434484905495	0.171096572042375	76
-0.038288817635187	0.187291393034482	76
-0.050150491876108	0.158821298801979	1683
0.053886504254957	0.239738302264238	1683
-0.046614816313484	0.156828274497276	40
0.00776116630185802	0.255285681324823	76
0.018930438348168	0.336034786375018	40
0.100661684242521	0.320225865303314	40
-0.056477926448354	0.1824955129024	76
0.103545300618705	0.231835274200981	463
-0.027188758128974	0.128765459317579	76
-0.122656587496294	0.104388065977893	76
0.07595358663119	0.435252075559127	297
0.103472831442337	0.380681417773921	297
-0.035742545502777	0.129694607008019	836
-0.050253202617645	0.169111346392945	297
0.044629086954265	0.310313119510848	297
0.10454388952835	0.231399480770004	209
0.095010582177861	0.224157987323771	209
-0.048816003725696	0.140286004260002	48
0.080866139230197	0.230827617650347	249
0.052891947722959	0.235681743784813	75
0.106888962644689	0.317287658904821	36
0.050131061313117	0.236592684841082	36
0.065487152744049	0.237612957743938	75
0.031557043546422	0.136963204139605	155
0.013792350477283	0.136341574863835	155
0.078346766110172	0.144889505100202	49
0.073623468465192	0.139454813525547	49
0.082562770609319	0.148109455854123	133
0.037596349977728	0.14250575130053	2270
0.00551896469318203	0.136183883241304	128
0.027501684549389	0.134490762312896	128
-0.117134280413457	0.459261161791058	1351
-0.10581774691221	0.451102005018344	1351
0.106219069286124	0.956179705170672	1351
-0.079645239925345	0.258982132250193	25
0.094325252892943	0.489389738184008	25
-0.071657926705707	0.249899960833292	25
0.007780698512033	0.270073337043163	25
0.105335438860002	0.393346275080369	25
0.112303249129907	0.321460229999417	95
0.052075070626231	0.227281218711182	95
-0.041894336318958	0.141621332656354	95
0.01187410037964	0.134666415228169	331
-0.035437374021519	0.13634871654631	331
0.026090053855226	0.130321748071242	331
0.040793230520741	0.298878835898985	192
0.041673451388967	0.540974381743319	192
0.077857242509011	0.236949576771815	65
-0.05686797245442	0.124051697668524	65
-0.046489260129947	0.135668226802627	65
0.103499673709049	0.232528201964731	192
0.00762585197636101	0.134433230599725	192
0.063012584487259	0.239203542953098	192
-0.038860656671763	0.12199838536922	65
-0.057925530623567	0.251795744441841	65
-0.047572919701374	0.132392442301852	65
0.072370180989536	0.367317612770078	293
0.05840894539783	0.436184430080711	293
0.114526092821404	0.427399251964305	293
-0.038439882474138	0.226627489137937	293
-0.11142790696963	0.143588925942933	293
-0.059948978535526	0.219326832147702	293
0.047829872840825	0.199932406905565	719
0.123294097961564	0.238532795758856	719
-0.031973359583954	0.119240337775477	719
0.120610716583923	0.233127074527694	719
0.098731479086334	0.395094673019542	132
-0.055686999322309	0.143317974503581	132
0.08229063221328	0.394154427031611	132
-0.063333516532786	0.140776834969065	421
-0.052864558010146	0.175662759632453	421
0.095727367103221	0.329861504939925	1779
0.104745716624378	0.405881634781483	40
-0.047083861019434	0.14120396777692	40
-0.00314432671475801	0.127478124669962	40
-0.122353231023022	0.111156484693484	76
-0.037571769698153	0.284837792716615	297
0.055838307969219	0.224600849871515	836
0.037552818292859	0.346507170812553	297
0.058778624533432	0.322984101204868	209
-0.04889463892252	0.133939480412438	48
0.104798195187184	0.317629949075221	48
-0.00108044227038201	0.127895648029494	721
-0.017258924722587	0.127756131494072	721
0.00852098388931299	0.135740266496963	516
-0.015763766243464	0.132869584207282	75
0.046364730276529	0.350040175061197	75
0.00154237824571501	0.23787921825209	230
-0.037911240948651	0.125355164938154	75
0.06887101543891	0.314260269606881	36
-0.041466978181373	0.155403257662713	49
0.050437100744824	0.222010716229232	128
0.067367606893908	0.222063592474123	128
0.021691718696717	1.23785393319981	1351
-0.074780639657454	0.630180382788161	1351
-0.009576827850827	0.883096156144747	1351
0.00445889143050199	0.445325190284363	25
0.093475166561839	0.507423079799097	25
0.108182189239092	0.658040394646443	25
-0.052449608735113	0.159302158204746	95
-0.055416819101831	0.149799242796378	95
0.074817268650295	0.226701697650178	95
0.109784107770858	0.231753495634501	95
0.050655500236957	0.235533270345608	95
-0.038860656671763	0.12199838536922	65
0.070791771199197	0.229578892964278	65
0.103836936293406	0.230177129371219	192
-0.07724527409161	0.139965563181277	65
0.023646823734273	0.324873652012212	293
0.084230061732506	0.231326693243725	719
0.078769286684241	0.323770862989309	132
-0.101883650725054	0.165525758116058	132
0.056495804286438	0.234770689553299	132
0.123208332385358	0.332919368457737	40
0.00378603429913099	0.245197260572478	76
-0.071824860961763	0.21819783826597	40
0.073815483929611	0.356126891982971	40
0.105524367349312	0.478325199849106	40
-0.00986261380543799	0.234270674164479	76
-0.029115728517991	0.134843553250549	76
-0.018400147963796	0.243482161073426	461
-0.095840758885571	0.170519474245673	297
0.00474113317258601	0.133464295122194	297
-0.016518106943544	0.127883954397132	836
-0.00191533379143899	0.129413659284691	836
-0.052223486206513	0.159716249543468	297
-0.072445322954107	0.159340589979953	297
0.018983993875059	0.300654201397918	297
-0.00368882587112401	0.127417502472392	209
-0.01592295834376	0.131159254079401	209
-0.042931582592942	0.131315814092503	48
0.079852517084029	0.148789591280184	721
-0.101083501036448	0.179553856766287	75
-0.056094311987002	0.149249752745786	75
-0.03251090210532	0.131935044215749	75
-0.121771638286132	0.108535421815682	618
0.028225400298378	0.244380851891756	36
0.118384257169498	0.225067101896539	36
0.074920347812355	0.223356881949613	155
-0.056994798901815	0.133246638753544	49
0.012733513046829	0.236230810356925	49
0.029826442299868	0.135894259867795	133
-0.043622928361355	0.13729777635361	128
0.025557959057022	1.6312703294933	1351
0.07555827274236	1.7290672779775	1351
-0.00851870388078099	0.806525365789963	1351
-0.122836918205756	0.137006849391619	331
-0.121865224319296	0.112585277402578	95
0.020310289862325	0.227767032311084	95
0.091016691770345	0.350814241289578	95
-0.047379962770751	0.163564554567157	95
0.034690540818861	0.227998249495938	95
-0.062532473345928	0.150792734033551	95
0.123107441600027	0.321475134295683	95
0.06104245697843	0.220377215695722	95
0.05038914983329	0.231276466729298	331
0.078237298633	0.226933533152385	331
-0.000642401680525012	0.285012147705394	331
0.097167874479522	0.223565706815253	65
0.045139252810208	0.299304508452412	65
-0.017010963739785	0.13122647626564	293
-0.071726513155281	0.159814193184874	851
0.026202874422138	0.2366070647387	293
-0.118017861000938	0.12433905012992	293
0.057656459409844	0.228423812935631	248
-0.068516075968577	0.166804132395169	248
-0.063902281923178	0.145695355288067	248
0.00719607018889701	0.249208500203154	719
-0.063425168864613	0.170578705404627	132
-0.059695298017191	0.161638396840056	132
-0.056839053626726	0.187860927193981	132
0.107634801071071	0.401187983374442	76
-0.00661184874374299	0.262019819303619	76
0.124008974790401	0.392426516843451	421
0.011729105492922	0.233292421818164	40
-0.059329817083477	0.160741722914874	40
-0.114516008540102	0.141977660931454	461
0.102425318596936	0.555356176036103	297
-0.006492624067825	0.244182436868322	297
-0.047468827768079	0.148848115891045	297
0.119389342255729	0.227106943967545	297
-0.038965532392033	0.125147386365056	297
-0.056139197910753	0.145304677975608	836
-0.044540072583349	0.158856927585282	297
-0.010573048618172	0.232556584105913	48
-0.048590077893329	0.142262489198465	48
0.116539992138788	0.225737973552197	48
0.12069098966777	0.23329799407989	2155
-0.043352014550549	0.127700476717011	721
-0.00990902837812299	0.132302080163486	721
-0.020070732912151	0.126063585306258	721
0.024055936752635	0.129890658196272	721
0.060845396314991	0.412830978483176	75
0.00625700012784403	0.236476702246997	75
0.03557693584368	0.139535990553412	75
0.073345202438045	0.14527145871932	75
0.00826792352108302	0.21990430207467	2044
0.097571604023214	0.317552315167582	75
-0.019105329743839	0.129285897444971	75
0.046103576419642	0.22987257856969	75
0.065230663669056	0.133893555668183	75
0.036086747428519	0.138404614222838	136
-0.057496518581583	0.150734382397811	477
-0.045311756709292	0.129656069674872	49
0.029677852387443	0.137162658337725	133
0.028508209138792	0.133666727314392	9
-0.056419630423979	0.131373037516226	83
0.098142778424829	1.68392794168943	1351
0.101888111290415	1.4077071620502	1351
0.071580377663784	0.614865758082827	25
0.090146063135163	0.502391002953645	25
0.120562472281608	0.397323659983181	95
-0.056358193428308	0.197713681445017	95
0.044814635944361	0.232013149621414	95
0.017356837904023	0.224311162606009	95
0.106135239636957	0.385576683703394	95
-0.046957756543938	0.169894800644918	95
0.066405670340881	0.314593606544944	95
0.00457754761880003	0.132294301068382	192
-0.00428612785686699	0.12343743102684	192
-0.05914820699972	0.151796129595636	293
-0.00621849268208	0.236598324275777	293
-0.073364515661199	0.176704533575504	293
-0.05440712295014	0.215274664852342	293
-0.070094468468867	0.15435948517984	248
-0.056957551083483	0.125513067505602	719
-0.097619498706524	0.159747073771778	586
0.038951624626313	0.332381948770093	132
-0.057845353020571	0.168267952436185	76
0.0337601367417	0.238271340349716	421
-0.071074957057366	0.138369373303756	76
0.079796045598036	0.231339520603614	40
-0.065279059541607	0.170447233823101	40
0.041048995138326	0.221005629464633	76
-0.002192149031156	0.128712976297305	76
0.104059002072937	0.330077890096644	297
0.00544087187279402	0.240911784203906	48
-0.050079216004169	0.132330724176316	209
0.107785291554856	0.234708614933186	209
0.095174759580879	0.313731542897397	48
-0.00592837340320601	0.246301152208825	48
0.091188786927123	0.211824169614732	48
-0.039577488865369	0.147176731437746	721
0.07701137213447	0.226038858373195	721
-0.041240669693569	0.129643032461457	75
0.039375108618693	0.141400491767171	75
0.051620820084001	0.225811340445477	36
0.00553777670025601	0.132304648601494	75
-0.000659203249664009	0.132201848026118	49
-0.03461444469377	0.125344574448038	49
0.07213189911985	0.142332150398756	133
0.036661079050467	0.14079899796846	133
-0.000804991886239004	0.131316575724229	133
-0.020110542377269	0.127153335446165	83
-0.054263856897856	0.146792252363917	128
-0.023180487346249	1.16424501158599	1351
-0.052028542911511	0.848771572097768	1351
0.048341717565142	0.542888626870049	25
-0.045690155275555	0.31253619827543	25
0.031682586187558	0.31923957036551	95
0.021539817356447	0.290095319388933	95
-0.017052100312204	0.240117826998259	95
-0.003548942790988	0.231012443992959	95
-0.048816003725696	0.140286004260002	95
-0.048044252370874	0.155494748519218	331
0.090786414346922	0.21817743572099	192
0.043154758886027	0.236957935943599	65
-0.013246037100125	0.223507905531418	65
0.029716246443958	0.231455711444218	65
0.014572089533917	0.229506673632755	65
0.036367852823952	0.231500130668468	65
0.049230102321795	0.324344184825984	293
-0.049524409267264	0.14209535695675	293
-0.037735857035705	0.147423755531776	851
0.065932172445889	0.239497594900127	293
0.06408957206987	0.234270721934454	293
-0.071485787475278	0.176721285483797	293
0.101980240342846	0.378692196383151	719
-0.017272603705379	0.204593057833656	719
0.092995328185423	0.325822996709652	132
0.075703030408982	0.322663713548779	248
-0.121372755436575	0.122390360030972	132
-0.00225622936353501	0.235447866174691	132
0.085948333620986	0.231644109724183	40
-0.00367579507649299	0.246989303722341	40
-0.064197154607528	0.178373581037319	40
0.124658202785501	0.393656218766112	40
-0.047330273734849	0.139154278201824	850
0.036107778906802	0.237463705310503	1787
0.086147817843551	0.40297588653838	526
0.072265781414012	0.218547117974521	297
-0.106679552067461	0.126636330920407	165
-0.056802288410625	0.157395149214396	297
-0.050663111006863	0.134576869806144	48
0.038438877619874	0.231973762268942	48
-0.046379263763179	0.124945663576405	48
0.102710744172016	0.221763860573238	721
0.088446387022199	0.238077195838727	75
0.064782674658148	0.318030373850906	75
0.07972992630613	0.383158992797579	75
0.026918202038449	0.22873133780552	75
0.000162060982471013	0.133908642168027	75
-0.016169293016532	0.129567933417029	75
0.072663932117128	0.30421405880127	75
0.033330607876062	0.224952296653301	75
0.0581323867088	0.23052675209765	75
-0.01809970923936	0.13062452292117	75
0.091840301242804	0.220672300892738	75
0.123375992360659	0.238453596118683	75
-0.023763436728607	0.126621625555112	75
0.070643030889443	0.143551490006458	75
0.013799237970991	0.136593433513523	49
0.065094295636917	0.136088885316346	49
0.00170172975695299	0.128471878936253	133
0.068740352039494	0.13937759879867	9
-0.112422541434798	0.885543885635227	359
0.066289650180708	0.478288115177213	25
0.09679194278803	0.667310646692411	25
0.117028385734131	0.455329631542911	25
0.066374410426597	0.227895164448579	95
-0.053198371030947	0.164919009991734	95
0.066886193119966	0.239872061620206	95
-0.029231650626719	0.131258767485448	331
-0.038926612246332	0.126048177401478	331
-0.047652797495038	0.134125677888304	331
-0.060402172396004	0.121662510568454	331
0.053848911458931	0.329502660610111	192
0.045336687436286	0.490683866522833	192
-0.021326496714642	0.125600586089976	192
0.018380949388412	0.346455813559952	65
-0.028162000121988	0.131808077608338	65
-0.055850840839111	0.153267349166238	65
0.037043984758134	0.349104630338845	293
0.030411069344076	0.315786507066917	293
-0.085436147387334	0.147359049120395	293
-0.063392702326524	0.130201904515016	851
-0.0000972635732859883	0.223263824644585	851
0.1230473214786	0.409816006429159	293
-0.109072467073337	0.147709246066404	293
0.102050660674356	0.301753591376868	293
0.05808793205161	0.304692026954709	132
-0.066351736198404	0.1758144281455	132
-0.049493194960274	0.155579185438091	132
0.062611461777342	0.238614186117551	1343
-0.048156656042627	0.127870420937442	76
-0.057889884646104	0.164032966694639	76
-0.052235531895219	0.167797864101891	76
-0.071966874650913	0.170500911962629	76
-0.069317558848541	0.152188810680223	40
-0.045337040338644	0.154999142856108	40
0.106964673228054	0.325239293093343	40
-0.060059217213244	0.200773613934045	40
-0.119232487654709	0.119736138440275	40
0.029528992175682	0.13661704941247	850
-0.039004461821884	0.131864170191579	76
0.101070301162979	0.407546951043084	297
-0.03788000030582	0.123721288600289	297
0.10673596602806	0.232381908061359	297
0.047144653018841	0.313045852910639	165
-0.0632606137331	0.124299898586481	48
0.00968347351687798	0.136770718042295	721
0.031083547709809	0.134267325418986	721
0.076319785716203	0.146484476819509	75
-0.041900229380237	0.132896181118199	75
0.053469792278013	0.2300844756583	75
-0.063330315975837	0.125471246934842	75
-0.044337108798396	0.129586459504122	75
-0.025986615716444	0.12413742138311	75
-0.058809823747907	0.144934149160296	75
-0.050161347167801	0.133127349364477	668
-0.00811886003537399	0.12078179314091	133
0.074425026658618	0.146058230964505	9
-0.070373481577619	0.244412271365821	25
-0.017466755805825	0.273302129395281	25
0.067934463546559	0.384221102814601	25
-0.119396079421863	0.114849969466406	331
0.103626710227073	0.323559219381613	95
0.035422989805306	0.210441876705926	95
0.031667301370047	0.239172162967076	95
0.057538229821656	0.233514876846717	331
0.078383738296885	0.230813289867098	331
-0.041115525576893	0.129083743392093	192
-0.047406496937343	0.133218496336528	192
-0.044864896461104	0.148450607573287	192
0.022472417154671	0.219120994282484	65
-0.030381209897599	0.130765178781275	192
-0.025144913051675	0.125818375595587	192
-0.091736140760612	0.18008972094888	65
0.104557914167187	0.234787494719075	65
0.051487540359601	0.236770378473966	65
-0.05342779016004	0.134826226119541	65
0.028961289235231	0.236257360284299	293
-0.018784867268828	0.244977143466647	293
-0.055145013918988	0.156121385674181	293
0.013998558400218	0.232976675045241	293
-0.047424820073263	0.139822555462785	293
-0.046114955673319	0.141929570464446	293
0.050554428734714	0.330389871825048	248
-0.052454981680433	0.152443769251988	132
-0.062344511954011	0.145314306716935	132
-0.124891962980868	0.0982653049151464	132
-0.055283880515283	0.133612435091578	76
-0.114906470815625	0.0983198244554026	76
-0.059437505705664	0.155594148514218	76
-0.028170043724639	0.1321976931019	76
0.107060633421098	0.37348331004289	1306
0.077110561246344	0.227332480012678	581
-0.052678919281323	0.151093070391321	581
-0.011111384920569	0.274476122899539	297
0.107231504075598	0.317405271235436	297
0.075132058256017	0.234135624550353	297
-0.121720131304095	0.0977827722024021	165
-0.097974454299668	0.155505555387727	48
0.107875184656058	0.302060597371128	86
-0.047732083652525	0.134816985236146	994
0.076433919726189	0.291297087488436	994
0.080898441176365	0.224013408643849	48
0.07701137213447	0.226038858373195	721
0.051190066266168	0.303862721851567	158
0.071558968871761	0.218523484938908	75
-0.054760202482651	0.138394816463901	75
-0.059062799490939	0.14151078735881	75
0.036086747428519	0.138404614222838	75
0.00638322258475599	0.133838527199328	75
0.074380054765081	0.231856364869661	75
0.054270440225245	0.227390573064872	75
0.103556495224026	0.235333349591798	75
0.000846360656226008	0.126433992150698	668
0.080114349528604	0.14987528650403	668
-0.048578744716437	0.125739269302971	49
0.033987151425074	0.141793329801309	49
0.119687597345242	0.231947176614532	9
-0.02899967543347	0.122254073771068	83
0.015788654001901	0.499626777990067	25
-0.100829459942595	0.157976249204021	25
-0.108118865472402	0.164734104667875	25
0.07232106935037	0.3986193150078	95
-0.060247422863659	0.199592705197939	95
-0.065113050402897	0.171427249176988	95
-0.031649174720526	0.236620547952766	95
-0.060285938113784	0.162091040062449	95
0.055714338363476	0.307354637844955	95
0.045746509681941	0.233248726664212	192
0.112934785768628	0.329147698799968	192
0.097929423738059	0.407694211343942	192
0.056138379261755	0.229707304622909	192
-0.049496632959223	0.136057450654788	65
-0.019498735775696	0.237580877052942	293
0.03201100470369	0.313215317891453	293
-0.052800559670347	0.160941235433697	293
-0.123694015672199	0.132134112648014	293
0.045361700786678	0.32657175818692	293
0.119665596067903	0.309073179365812	424
0.030704998531298	0.297622784854764	424
-0.071917211715166	0.165895588273894	248
-0.017295803209717	0.120571044160554	424
0.088040498221844	0.329258331538092	424
-0.053170504682479	0.141409892435423	424
-0.049683870567277	0.191003226642461	248
-0.11074617274663	0.121215036266413	132
-0.117672215353226	0.133481265058465	132
0.123203276044395	0.384997201052082	117
-0.057361697801414	0.181741351966002	76
-0.114353491601278	0.138885058224765	295
-0.058883716212063	0.150804821303008	76
-0.117255645722971	0.118506949606082	40
-0.075527873871671	0.166984516655934	40
-0.107048063085612	0.142363287681975	40
-0.045164766785791	0.140333831212888	76
0.051431570127876	0.218760996172424	76
0.086785168708063	0.302110831440131	1306
0.066353374054983	0.233385495598846	581
0.047363945216355	0.225584244703267	581
0.081905010875133	0.299237101219263	526
-0.080728603931282	0.139734870275348	76
-0.04420805957013	0.13574459590962	297
0.115203381236781	0.233184466080826	297
-0.121281062348006	0.117976763055105	48
0.06766499505211	0.227431378038644	86
0.11949702093866	0.226572377506262	48
0.101993533781777	0.319429148651905	994
0.025274611631504	0.23774324441371	994
-0.037899950984307	0.213918293653033	994
-0.062762428312985	0.159753889376618	131
0.096050730233208	0.217667078489235	48
0.089807529835783	0.216268717246469	131
0.04358174463229	0.227004606749579	131
-0.035758925004944	0.12568546099313	158
0.05619381027681	0.212506668385827	877
-0.028860098791681	0.122040395489988	75
-0.048025816331804	0.125180464940229	75
0.12392387052659	0.229010216970435	75
0.050062154246821	0.236531012859038	75
0.05607971541959	0.237412736213043	75
0.098220453295181	0.234122489415175	75
0.055878286000664	0.216087629886646	36
-0.039585088130501	0.137746809622392	668
0.072401463922986	0.145948742719951	75
0.079983440807249	0.150542684518863	157
0.079167137536301	0.148478019190517	564
0.067663628718517	0.1416668732898	564
-0.081976394216791	0.250146700979989	25
0.038756727525672	0.44598932851723	25
0.069461136561263	0.459530494676848	25
0.030462622561107	0.393469761910848	25
-0.058620569678479	0.192690970605099	95
0.086592043506877	0.415030289904374	95
0.108899574912724	0.406066433673075	95
0.094555797290436	0.293433533269578	331
0.036963955367082	0.232370826924041	331
0.122100980725191	0.304544587474862	331
0.047240613277414	0.232941446030645	192
-0.061624349909439	0.14191469896019	192
0.037546555933835	0.330430681959079	192
0.00246851888781802	0.402068899863941	192
0.01633732545121	0.221513268194895	65
-0.032384223525361	0.151329944117915	192
0.050867242187507	0.220702085441395	192
-0.018128780817044	0.243926542361439	192
-0.055126592223024	0.164197531736115	65
0.010156775837889	0.215274562044079	293
-0.074993830374155	0.161650768666106	293
0.00114974535231399	0.248226297026963	293
-0.065050390871232	0.154414691497263	424
-0.064276658493073	0.169612079016457	248
0.030151132453279	0.226631266549998	424
0.083515411334997	0.307832739898617	248
0.0129735872258	0.244381299459595	248
0.087798005720584	0.321828337976148	117
0.080320854732351	0.322555532066622	295
0.092780887726752	0.375517601002664	295
-0.056616598389378	0.148250770909142	295
-0.071147838930422	0.158027438674685	295
0.037985923099217	0.22106923119292	76
-0.048371340574246	0.149016197898474	76
0.123181345103305	0.403283823988807	40
-0.069564897194462	0.161282547073769	40
-0.060761084901532	0.154203223042794	40
0.082630837777145	0.299863060025766	40
0.107536127342159	0.398723612559804	40
0.025160613110665	0.342686977542567	40
-0.065845909324627	0.21134261765942	40
0.106906360514499	0.385606597227645	526
0.07454613059293	0.221518998452113	297
0.018298553697272	0.235988997768848	297
0.024680394286543	0.237729376520075	48
0.018768113200201	0.232725748091604	86
-0.057737173642087	0.155836606037488	994
-0.043209571727489	0.137006612977744	131
0.055584694008626	0.219014677390013	131
-0.049891141270194	0.118355606216849	131
0.101353305848488	0.230597497270781	75
-0.057037170213499	0.167318450568233	75
-0.054742668354823	0.131572339752566	75
-0.014594661282826	0.132665284628757	75
0.003316502355522	0.134416121667891	75
0.039469985782769	0.143018514366756	49
0.077137307566207	0.141444802510338	49
0.062250305933305	0.130852503139026	9
0.081062105011136	0.150098139787635	564
-0.016192227380629	0.620525623871265	25
0.00817192360767199	0.429453675736921	25
0.091388889272207	0.532742923428184	25
0.036563187658115	0.495329437794752	25
0.00702889543248503	0.344602359845505	25
-0.111299130399342	0.187204274798399	25
-0.080210992585025	0.189812529680817	878
-0.058910376076344	0.238604394958929	878
-0.115690615515987	0.116203474526798	95
0.105577187865824	0.380765150417831	95
0.086932362212206	0.318959747520269	95
-0.066116164305958	0.145275671995039	331
0.041667225611008	0.304629959140519	192
0.024218598734019	0.35088366512073	192
-0.023696541630648	0.359861537707387	192
0.026159512533174	0.225047577056939	192
0.077056012342274	0.234338169764089	192
-0.00266051218525701	0.226391767084511	65
0.117936113427844	0.330742092683868	192
-0.050314303943525	0.130370265599381	192
0.045600213382571	0.296737081419517	65
-0.053662172695724	0.130786235637507	65
0.042573154264871	0.30992445700245	65
-0.051515834609094	0.164455487593989	293
-0.123081254823013	0.114527738362657	293
0.119618968242127	0.545491972549654	79
-0.073751755040901	0.166101717325866	424
0.03591005280311	0.242901526547266	424
-0.118394271904095	0.124203253307505	248
-0.056357073018861	0.169910524955184	132
-0.057994794439369	0.176264612953144	132
0.00818297994177702	0.242247406011399	117
-0.013868547340667	0.227027351105924	117
-0.116597559686753	0.116560562196965	52
0.046446595666442	0.319617044902304	295
-0.113457568864417	0.129180383455258	295
0.117785542142174	0.387773868104829	295
0.015688685238798	0.29932592557137	295
0.026508517397878	0.237368912711408	76
-0.080575188455813	0.159404587800642	40
-0.015484840524438	0.232763672545395	40
0.119836308371555	0.382831040606569	40
0.00785829485880801	0.240221499652193	40
0.105241501290886	0.324277759674887	76
0.064060000576984	0.236884679675613	76
0.107467840475161	0.388811206189152	526
0.00922315282561897	0.2484367580691	526
0.036768876540602	0.240908489320919	76
0.011481210768364	0.216875710665359	297
-0.051730422090519	0.134032899228581	297
0.055906087389932	0.229044303783113	297
0.040042965117875	0.226009667526803	297
-0.043789264408305	0.168385356830472	297
0.113196260715352	0.327779461635434	86
-0.056194584338656	0.155674375902734	86
0.015642522116295	0.206259725841339	86
0.058749399421394	0.236366752665816	75
-0.022116361088955	0.12352138185347	75
0.114080238192826	0.307543316501957	75
-0.080439927029192	0.156388599005574	75
0.077482559565386	0.311004125897312	75
-0.033487097339009	0.144362835870022	75
-0.042336462156781	0.155949999368592	75
-0.00233076025149201	0.125768298489601	75
0.105640360417804	0.234517808575253	75
-0.052027562615524	0.143237052392466	1
0.060174615054038	0.229179614672699	75
-0.050523240696997	0.160881664181469	36
0.00336453530198599	0.131493902464059	75
-0.00286687970737001	0.130250661971432	668
-0.044783648083337	0.130510212719616	49
0.042838407863183	0.143068705445929	49
0.07213068210521	0.14006918828492	49
-0.023167077097958	0.675419555529797	25
0.053972656199919	0.551611603287079	25
0.06161412938385	0.647914037329903	25
0.100105880616697	0.685101426878784	25
-0.00517206868280801	0.381522156243759	25
0.106088333531039	0.65404710170266	25
-0.03863724133332	0.312370250534701	25
-0.063454913827122	0.257947412466861	878
-0.04276655902023	0.283884507730708	95
-0.066034413336774	0.192236092963676	95
0.031325292998503	0.31932094908942	95
-0.017038840932152	0.285901404653082	95
-0.116575333828438	0.123491551257198	95
0.075205813715611	0.47950203620653	192
-0.103278551814424	0.144077171480258	65
-0.055984163834674	0.134920308662101	65
-0.05914820699972	0.151796129595636	65
-0.041070227598254	0.170109856849184	65
0.041840121759445	0.31974644383084	65
0.050983241551468	0.22118968714463	79
0.02348988916331	0.211636409163021	293
0.121203692974495	0.30624620131254	293
-0.048889072412983	0.133406011289743	293
-0.119991874641209	0.1144082456228	79
0.063973960634714	0.228686584119759	424
0.068937361020539	0.288370094652632	424
0.023213921507054	0.224715075292052	248
0.079282449001689	0.381698357580557	132
-0.062260919668671	0.166158257398032	132
0.056167607452469	0.318370056843918	117
0.09754277088779	0.386547818515621	117
0.097178702533095	0.37935285639198	295
-0.115924492382221	0.128718250267682	295
0.050665908171134	0.31617037666413	52
-0.05550500210225	0.179619095153425	52
0.120066659388366	0.303656626799349	40
0.056825113478952	0.323564219883051	40
0.017206279769153	0.246782610166054	40
0.061775927694537	0.287855206990465	40
-0.065951611662941	0.164958934821218	40
0.088591622320566	0.325928966401534	40
0.068231164160414	0.324714683325733	40
-0.071458429989431	0.173948667701749	76
-0.062262715384192	0.166481950631731	76
0.050906243499727	0.305399519122778	76
-0.013271854034474	0.238021548876552	526
-0.065571756429329	0.150085467656103	76
-0.049121702405678	0.141873871564176	297
0.032126314056306	0.214851278612454	297
-0.056324179577708	0.148323844936309	48
-0.052003572097382	0.153105438228149	48
-0.068286456165774	0.154030260796443	86
-0.00467734649361601	0.230942437565599	86
-0.063643682697717	0.15560205126146	131
-0.049892811492779	0.172895687138953	131
0.015992207230575	0.214965278167837	131
-0.072243823988441	0.14499885050136	131
-0.061693228040203	0.14150630002945	131
-0.00907374142150899	0.225336592522513	158
0.02890438687772	0.234583593560323	75
-0.045409088546462	0.119615446060052	75
0.053392363636525	0.228229835284869	75
0.078080922624294	0.145160209011715	75
0.094184897658424	0.225264120602294	36
-0.044474194584017	0.127403545825087	75
0.089960475325928	0.228958123378149	75
0.041637402899023	0.142754214399993	75
0.029677852387443	0.137162658337725	75
-0.022881282140839	0.125870824029636	49
-0.022291049023605	0.124220197952039	49
-0.00874008880816299	0.134144265141996	49
0.032898102918375	0.140954849876372	157
0.086216166121557	0.144260187050504	133
0.073211921927821	0.143990186170743	564
0.035075393987703	0.141460968655574	70
-0.029711507604084	0.612266318837107	25
0.123520151964325	0.84911026654551	25
0.000566379619749979	0.377920046022963	25
-0.043147744166876	0.282132887969217	878
0.018500328007599	0.391854571425417	95
-0.11890975527591	0.132437237405648	95
-0.012051104299252	0.251208136607863	95
-0.120881416756297	0.118368729923624	95
0.001795762167001	0.272969370619882	95
-0.00898506989092099	0.242429205987787	95
0.041297954679202	0.331746115660779	192
-0.082827216807369	0.164286088831502	65
-0.066386151628421	0.180249033195492	1299
-0.021278392332093	0.248192695268561	1299
-0.018350879222413	0.244383771071562	1299
0.101274583764145	0.32079071800096	1299
-0.065069191914184	0.159091974499454	65
0.034135965253715	0.140754012061693	293
0.08626108682356	0.308509224404301	424
0.02737278769067	0.212702165904747	424
0.079687197400681	0.324719281913795	424
0.112993580684191	0.393991749029031	248
0.115492789087636	0.313523391710502	132
0.073155515055366	0.316086159259912	117
0.103547732675596	0.315703513301429	117
0.073975875048962	0.306187352386518	117
0.013328786115771	0.235114460771691	117
-0.062054948740492	0.193972539700076	117
-0.059144918050203	0.165377390165674	117
0.062668446345497	0.305210854009077	52
-0.060549904452958	0.162903523592433	52
-0.041166026739266	0.150714088585473	52
-0.009252688289654	0.253931015364755	40
0.048546416156072	0.308870411406325	76
-0.119327756621126	0.114927037232321	76
-0.066376959202738	0.174609647109456	526
0.098400873034813	0.319843548338318	526
-0.033136609199004	0.136648459465579	526
-0.045174682723136	0.144371241145741	526
-0.037882284446914	0.126534546919639	297
0.068968995730118	0.240721810319071	297
0.061983297283686	0.226676845383448	297
0.075774147541527	0.334525684328364	86
-0.040486344927038	0.15726106264268	86
-0.058890572774484	0.155822429712261	48
0.08185014569812	0.313984293896901	131
-0.051873077307455	0.180025580376832	131
-0.05540597794333	0.153635327984618	131
0.032575744060488	0.241287465595987	131
-0.069377203067673	0.166323329814339	131
0.010744165777707	0.235676738112515	131
-0.06520911862755	0.140034665619791	131
0.039017535751733	0.233348454974643	131
0.121029364064575	0.311252112038607	131
0.050513649524934	0.222896207473596	75
0.00154038956332703	0.132139162383041	75
-0.037901452247812	0.12512205123273	75
-0.03870938240778	0.134250187163546	75
0.12429584922487	0.238785864198883	75
-0.040008506740237	0.123274469671736	75
0.01091616445511	0.131438793720487	75
-0.048535472344554	0.125298860852306	75
0.024055936752635	0.129890658196272	278
0.073483616230145	0.145988898993538	277
0.081951704490759	1.74594403211724	25
-0.00927542940437101	0.771607963378393	25
-0.116781969216101	0.2604317287219	25
0.038296479530861	0.606177801181763	25
-0.062622095469812	0.317559115576742	878
-0.118591120641701	0.172806547580575	878
0.081917727245044	0.518346503419739	95
0.029158395000109	0.430013250506283	95
-0.028846342769884	0.351156037879307	95
-0.094314012996558	0.191888096927421	95
-0.019464851453304	0.321299094838636	192
0.099325523216406	0.475758943523373	192
0.029748141314011	0.336478370807714	65
-0.025112014751905	0.307366318040236	65
-0.107294730483727	0.17883123533419	65
0.02447383945867	0.339052506931656	1299
0.00147980176547602	0.322203407898626	1299
-0.054577741304411	0.239849047053317	192
0.026590901007544	0.313043011494518	65
-0.011644089365939	0.258448190608878	65
-0.122176708014517	0.103541197184377	634
0.034157821539547	0.231855493501289	79
-0.056415708148019	0.141498180130238	293
-0.051869422403339	0.172450777289671	120
0.028324926926524	0.217761816963081	120
-0.123943435905687	0.106286042863602	424
-0.072673268835249	0.138773050417408	424
-0.015282609555442	0.239146463494239	424
0.064876923493999	0.292974917288281	424
-0.055064723722261	0.197366209345598	424
0.043761079912739	0.222277729540228	424
0.061377841923559	0.232610522075621	248
-0.05302092605009	0.135797775324893	52
0.02129448900393	0.221780858569517	52
-0.014981170151249	0.233573955416438	52
-0.008917546418891	0.24854296229512	52
-0.053873919958214	0.183469827973659	52
0.021772877066307	0.240309776783386	40
0.019081401288474	0.254546401099375	40
-0.11590713811129	0.136551705561127	76
0.066689562886905	0.401034844550915	526
0.071825902098973	0.406378397677773	526
0.106700288450193	0.233223653277841	526
0.044970801136453	0.283997964268469	297
0.0105656849598	0.266214143879611	297
0.11092926719118	0.235161664488398	297
-0.061012519974529	0.159095636638735	86
0.122371306854468	0.491310593301146	86
0.053692316793134	0.228359275096184	86
-0.080213787019514	0.173018356652573	48
-0.04395495830036	0.171062094611712	131
0.120935974139123	0.478552442388	131
-0.072897502149281	0.184458255123193	131
-0.116240981694687	0.136312572419294	131
-0.108663090776672	0.14787873836462	131
-0.070320878118927	0.170621802418747	131
-0.067239679922349	0.153771688589204	131
0.041642112846277	0.240503441869061	131
-0.024741240697467	0.216128774989909	131
-0.008394812794254	0.226472600739855	131
0.064097135962774	0.306960975206942	131
-0.065034321947915	0.172084308741187	75
0.034635393881497	0.135952135227223	299
0.080719127095972	0.226518662028705	1
-0.036518033241168	0.135514751287603	75
-0.057681218376825	0.148998184372255	75
-0.05858097943961	0.13067046939918	75
0.05792115869508	0.231653966344716	75
-0.058925831776536	0.133903006678295	75
-0.04293674417674	0.139172771906064	75
-0.034711236185576	0.122511835293817	75
-0.047460301511541	0.137575548775717	75
0.030616926953188	0.137424854865948	49
-0.03462099891259	0.129693024310383	49
-0.052803233882907	0.121021794728749	278
-0.027161859779495	0.124530848455672	278
0.00551896469318203	0.136183883241304	1238
-0.007352137479469	0.132866119442167	1238
0.074425026658618	0.146058230964505	133
0.124319677903967	0.151901952192914	32
0.072532463380112	0.140782349574412	70
-0.037535579689625	0.883977761985002	25
-0.06191686897697	0.645361229222854	25
-0.018800984339789	0.655797711256025	25
-0.002459029652818	0.605053213414031	25
-0.07018153389471	0.34857478088366	878
0.07186268511037	0.568272258182897	878
0.090980425440321	0.586394409147135	95
-0.023833445204792	0.328515914898349	65
0.038235949370782	0.4557563378857	65
-0.098180645965868	0.22184103209871	95
0.037145724218797	0.475119071479732	95
0.029614597153336	0.327098991259169	192
0.045595053143518	0.386738050629903	65
-0.063687815793303	0.199696782974208	65
0.017318259465572	0.317550420935054	65
-0.113775870898488	0.124709058462371	634
-0.054942877337103	0.140936795085405	79
0.017825947710218	0.241500179995312	79
0.032109837123305	0.139363242287134	293
-0.037872799674011	0.233255701836685	424
-0.046835812139606	0.258771638786559	424
-0.062864590998008	0.139897242861009	424
-0.056389983890065	0.149840919365793	424
-0.015436736886693	0.241162840810419	132
-0.117225706618864	0.128079407796565	132
-0.069954331419847	0.197328660798399	117
0.015892642491339	0.319110766362413	117
-0.062338658158233	0.196408886820907	52
-0.114187852688809	0.12261801510675	52
-0.059402093179117	0.151337549619232	52
0.06291917878281	0.299066356954551	52
-0.070764551191757	0.161873591790476	52
-0.066164638947629	0.18961349068237	52
-0.110797063991911	0.136523443067672	52
0.047448871328939	0.291518649961827	40
-0.00269096134163599	0.266727873882872	40
-0.064790209879046	0.167388999930588	40
0.102266855133497	0.328366450820635	40
0.067285342260018	0.387558089972254	40
-0.014367236424117	0.305908145989673	76
0.099320454886194	0.487724043546225	40
0.037029326171038	0.338217623859443	76
-0.114439230606322	0.13967194234239	76
-0.057742306468625	0.217470874763773	526
0.071603555658451	0.326865464395578	526
-0.045369304208177	0.228771887113569	526
-0.00187313074159001	0.315690545522005	526
0.0195088397319	0.334037780084182	526
0.065305594423756	0.227858288405945	526
-0.040802600601207	0.245728467866485	76
-0.065156821102836	0.191870802104499	76
-0.041817015724249	0.147963215457154	297
0.063514843602821	0.22093622901564	297
0.024137435690847	0.337103096240881	86
-0.00673384103876301	0.266482955980292	86
0.081482844162973	0.323728293982563	48
-0.121982609761226	0.125376304707062	48
-0.060498528798363	0.195109142457331	131
-0.024970467612169	0.244739762252612	131
0.041892246106594	0.327945461175042	131
-0.106187454787058	0.146965390306795	131
-0.118524039032747	0.140310414813833	131
-0.117050233661912	0.125241267923896	131
-0.091594362850291	0.172920437611374	131
-0.120809028182578	0.11064747573519	131
0.082424749474102	0.393225689058879	131
0.096587626721444	0.389587741203829	131
0.021247904428847	0.31956497979683	131
0.097658734974977	0.385012489207542	131
0.124319677903967	0.151901952192914	1
0.038255452488842	0.232577807691273	1
0.063670194050539	0.223972648824597	299
0.084720432250777	0.148485731471077	299
0.089321965677876	0.144926374102601	75
-0.03669302429213	0.118594519655494	75
0.038749844478138	0.237081393851753	75
-0.059523691496557	0.139385994056824	75
-0.038955118814746	0.124440427783902	1
-0.03917706131243	0.13153498697948	75
-0.049078514562672	0.129124063094999	75
0.10454388952835	0.231399480770004	75
0.077141512457573	0.145330295563523	49
-0.0199042504197	0.131432749087889	49
0.113064772606835	0.236400958125343	278
0.074292404771689	0.14592685481026	239
0.077015405792941	1.18616517317633	25
0.029553763935059	0.996226373829267	25
-0.116325747574496	0.22345678648583	878
-0.05077697540668	0.290902423186606	65
-0.088356555125755	0.21138080043936	65
-0.106230606920355	0.179743978167676	65
0.043097302968828	0.432137223220358	65
-0.091293444827105	0.191871775505348	65
0.00787516552192402	0.355283257032611	1299
-0.060076420941562	0.13160256118957	65
0.024242705702349	0.373067656417438	65
-0.108658582238514	0.135016858870307	65
-0.111286219446449	0.14159846704846	65
-0.0000304920175629997	0.341270018570061	65
0.084285810777918	0.366473662394028	65
-0.059226172011002	0.190358641798699	65
0.091874354125319	0.414176637364567	634
0.022869660586211	0.217114656177479	424
0.049979146385614	0.236018854777656	424
-0.121295171822029	0.123487572602169	424
-0.123625000255354	0.120801303508926	132
-0.116234946709212	0.136610414920833	132
0.101676383036807	0.384150811458513	132
0.057761567718283	0.228708118774906	132
-0.019945829193772	0.232722936755117	132
-0.071876748215602	0.189548298241452	117
-0.061934524470127	0.160704200871188	52
-0.073331450636421	0.140439813802689	52
0.075181295026915	0.314761919257089	52
0.015945660394056	0.22125873610757	52
0.061044282444788	0.308839765371105	52
0.050150885877044	0.336146141488976	52
-0.036850433457137	0.139638885142248	40
0.090143499734705	0.362243472713538	40
0.025218094286838	0.297842183148146	40
0.064180218811998	0.237759037955334	40
-0.095839324009119	0.183118886416272	526
0.063198749358004	0.409221478633221	526
0.069889604858068	0.386661397590242	526
0.102459617131347	0.237840427968256	526
-0.071762509313823	0.170693807919072	76
-0.068138334573436	0.190933678326257	165
0.032342043376032	0.227598504570845	165
0.00630020006929299	0.289625280143852	86
-0.070569266984112	0.153150602741962	48
-0.075803979810154	0.199480637269587	131
-0.066549068895763	0.207122665990238	131
0.073364056344249	0.406047029539965	131
0.096715702343677	0.473100698890759	131
-0.101170427367662	0.168081905495047	131
-0.051502014153334	0.208135049393142	131
-0.102594976180513	0.172113723914729	131
0.118789121659444	0.219580981316598	75
-0.013876398911612	0.132262797229553	75
0.085288626700281	0.233535741943501	75
0.035010729788287	0.228948138979511	75
0.045861059996004	0.232308583342231	278
-0.046652762858692	0.134841000621317	277
-0.026812892646609	0.125717364972076	277
-0.067192354784975	0.138722667617227	277
0.033919449816623	0.135058012156868	239
-0.021747013780569	0.80298947747554	25
-0.100678780300613	0.23603435994612	95
0.065560244187689	0.588213063880167	95
-0.06259637777457	0.263959487693128	65
0.111210091727798	0.683986807297596	65
-0.07730329141892	0.237387134758306	65
-0.03651617787127	0.308743393812688	65
0.00709354868089801	0.374673327348318	65
-0.062176690504911	0.185003194427462	65
0.039256453435098	0.234691551397606	424
0.081233813672343	0.231209952814309	424
0.074250909958285	0.305716588921861	424
0.00273656189390398	0.237596229594427	424
-0.012151741306565	0.2364234191924	424
0.00207590698412102	0.218204580596152	132
0.067362188736615	0.40135739245465	117
0.069001145265923	0.417136181898082	117
-0.061602732522893	0.158130009463851	52
0.1202756736612	0.448148167157086	52
-0.104035566352871	0.158492063036888	52
0.068883338960664	0.307177097105388	40
0.068218528095677	0.383977287983756	526
-0.10577505614769	0.183697916777963	834
-0.021496041661335	0.24408926967467	526
-0.061177901609086	0.133220663523839	526
-0.073543434730211	0.221672869731596	86
-0.118815020815744	0.131526086459794	86
-0.050205347472318	0.250358630544467	131
-0.043456174290726	0.253138280764354	131
0.029659931683772	0.350761936511845	131
-0.049154092382453	0.127606669243173	530
-0.016005133478808	0.131909330423617	530
-0.059331818563616	0.149620022988719	1
-0.054586071620722	0.142832395942171	75
-0.06673179629518	0.126338495617078	278
0.087319164164373	0.232678873631966	277
-0.056479276579941	0.138530057401633	573
0.00460225562389599	0.134519684643832	573
0.122935083071299	0.228092204654018	573
0.077008664579247	0.14810492909263	239
0.084276572364564	0.692551542240936	878
-0.045229934817849	0.325718949052642	95
-0.112699107245258	0.192127462142833	65
-0.056793909298097	0.23817919067165	65
-0.011254520326151	0.397629889354382	65
-0.077065793423934	0.245551660443426	65
-0.086831628903776	0.207415721601435	549
-0.048035102285009	0.138990597079822	65
0.081980110497087	0.233477353963885	65
-0.113334963974666	0.145869796051027	65
-0.121933152161728	0.123540100230648	79
-0.123476623193202	0.118687657981943	79
-0.041399750414701	0.131339041215887	120
0.104554625937457	0.237487249157602	79
0.12401017419507	0.385969591434667	120
0.120216899386175	0.330789920833668	120
0.021183390294664	0.222588533310495	88
0.052094744185922	0.313189429770353	52
-0.062281112643985	0.161045303052421	52
0.063567369663374	0.238991600969883	52
0.049385342609875	0.316382198716229	52
0.098303182286386	0.389965793305417	52
-0.00545692538276199	0.250650962453162	52
-0.056459563641648	0.203825692157723	40
0.029486181392953	0.238479008005051	40
0.122770298506677	0.554246849375105	52
0.00935399706012002	0.392180717770641	76
0.103881240081188	0.409360347906546	76
-0.053322591593212	0.238158657108627	526
0.109738911805402	0.621360930206148	1454
-0.050985907772202	0.124265388913362	526
-0.032355019994008	0.260798976081914	834
-0.007781078142854	0.225816436633034	165
-0.035722226353518	0.124660022207876	165
-0.052531698928855	0.133229290582829	165
0.028739818405422	0.136172344877098	165
0.12237525099336	0.235829250930679	165
-0.01545571994786	0.252801955752565	86
0.121481512357593	0.485605527017411	131
-0.095412054376301	0.176032989909193	131
-0.124454915194823	0.110379699765894	131
-0.017924856371417	0.194488241385152	131
0.068815771124618	0.226195146771997	1
0.027802823563523	0.134321210358878	796
0.04055409387718	0.143405775286808	1
-0.020994739418834	0.130504014631649	530
0.078772441521766	0.146816198572792	530
-0.016087245342459	0.131364809326489	1
0.121774541004467	0.231895116048517	278
0.048651368204634	0.219828791190618	278
-0.024019521303109	0.128385680897267	573
-0.035607232242944	0.124615451331129	133
0.002546456042057	0.131039750498122	239
0.034262739019339	0.551146358068982	878
0.11109629202086	0.547252457145168	878
-0.052538630790223	0.246224753531691	878
0.072051978707969	0.414091186735801	878
-0.048990677060584	0.211037211628395	65
-0.00828391488327401	0.23732291137204	65
0.093939733544289	0.390666439151615	65
0.109710808806489	0.389221544024122	549
0.002215635083406	0.252424737183301	65
0.115556539930759	0.376073049985149	65
0.093654190673246	0.399177464208307	65
0.051498024790075	0.331705108797865	846
0.108455141829646	0.327786850207402	846
-0.045369974477727	0.147029273336655	120
-0.049235739549665	0.126584678943278	120
0.047026708831473	0.236697383364381	120
-0.057817157447611	0.145499124867198	120
-0.050043147004062	0.154878018222427	120
0.101080288692339	0.320461431413352	88
-0.017494987127323	0.234077117953671	88
0.068158511403894	0.327587864717765	424
0.003781922189873	0.232490891432883	132
-0.063149157963744	0.160569740987258	132
-0.017346325881563	0.22465827964687	52
-0.101169931245029	0.140212689440983	52
0.110059427684426	0.316284023134294	52
0.05892325077017	0.336949246314244	52
-0.079172184738725	0.154109879119254	52
-0.061823364419969	0.148286278102174	52
0.00933866638304698	0.208680420748824	52
0.010555218705742	0.218346781945865	76
-0.00115105314455799	0.242284825060459	1454
0.06361070422741	0.305797813800323	165
0.058176137244925	0.235411289694002	165
-0.059167960411464	0.188559966577577	86
-0.118676387134245	0.113351586322093	165
-0.05493192063948	0.161247932303345	131
-0.064701351756981	0.162937815448762	131
-0.076957207685312	0.159783729156774	131
-0.077291640710984	0.185705618141135	131
-0.060965421788099	0.165516733155325	131
0.007520867469616	0.228245376615832	131
-0.042793971931299	0.147793032656358	1
0.107785291554856	0.234708614933186	1
-0.011404757244644	0.117915929402988	1
0.030869581058314	0.138293245084149	75
-0.061662234364442	0.135977172906584	1
0.087167290086552	0.228994334372589	585
-0.035733925250194	0.129882201754298	1
-0.022003411698624	0.130447050657792	1
-0.057785078140918	0.129762160472656	1
-0.025002557423306	0.132117637918101	133
-0.046615116590332	0.132452714286772	133
0.083641978243849	0.148893552276933	1883
-0.021579845638949	0.1284183251963	70
0.00120219011046402	0.518808455084594	878
-0.026206652921741	0.470221852116435	878
-0.076609168997975	0.261499279031555	878
0.075769412595878	0.616015870288721	878
-0.107096950060485	0.202922214659283	878
0.00758358398293901	0.400389685609075	878
0.12352978798028	0.613576599682528	95
0.053323975052937	0.438796781097836	65
-0.016962223746708	0.311454809589393	1099
0.016586550531089	0.361469479120916	549
-0.059209248618666	0.220089638147958	549
-0.080128474004535	0.198092591266983	549
-0.069820398250329	0.17593957405133	65
0.012496192472285	0.238234379022966	65
0.01304303006307	0.229124548074519	120
0.042709363534362	0.236866780776661	88
-0.106611885760037	0.128157784073682	88
-0.065692367231293	0.156434357994717	88
-0.075402032595911	0.151309905093115	88
0.056781172869312	0.231329118090346	88
-0.010756940564085	0.25188418494449	117
-0.062667307899276	0.141519742630145	52
0.044702011635389	0.243686781334836	52
0.055543704359085	0.232693125904979	430
-0.064904854064689	0.157807120163397	40
0.053787020128849	0.238832732221685	40
0.098736373534765	0.474031104143156	52
0.090666642212646	0.466669224812447	526
-0.062021890443933	0.174296271593446	526
0.080183673759776	0.391497295135609	526
-0.111164510674989	0.157848591513499	526
-0.024282092860507	0.270281521804857	1454
0.00323601855120398	0.277897251194133	165
0.053675361851768	0.22385339619723	165
0.051391892311885	0.235348554382462	165
-0.109670362460813	0.123139158546939	86
0.08797000553711	0.324942896245903	86
0.097002038344948	0.382633497831389	86
-0.064678849703532	0.163054710757673	86
-0.104083084077358	0.160183899733817	86
-0.100605956229054	0.164453590035564	165
-0.070568837729522	0.190568745055829	165
-0.109642361119537	0.1415259690641	131
-0.122372653951343	0.114629755646589	131
-0.00349483309058901	0.259957894823628	131
-0.071558728681926	0.179156061021896	1132
0.065393369020322	0.239963261559144	1
0.069560101483732	0.142110840898499	1
-0.052018328216763	0.123330666414068	1
0.035276938043416	0.138995214982255	796
-0.030334876650543	0.130379612861844	75
0.029666609453503	0.13143214471843	1
0.066756370142986	0.223149546998929	147
0.074292404771689	0.14592685481026	585
0.053055442974912	0.237102721984055	635
0.0349068732962	0.229187559730274	1
0.047285214946719	0.220568345693568	1
-0.041286280761474	0.130603913190701	278
-0.027051296722549	0.129883377186323	278
-0.00424697074709299	0.12498705232862	1523
-0.021326496714642	0.125600586089976	1523
-0.030316260458627	0.127670997460196	1523
-0.00300553404327	0.129598229679906	133
0.068611590781065	0.14231357731443	4
0.120647611942609	0.143148626704715	82
0.070776890299968	0.143814460101346	82
-0.063300948249956	0.373954027106486	878
0.043306392180532	0.650700610046187	878
-0.074324676761126	0.336345694885224	878
-0.037978105215473	0.344684571894105	878
-0.113271964180341	0.172119601523909	878
-0.073062711585701	0.231554399586109	878
0.076481516366627	0.515339752931436	95
-0.061876125815415	0.257644172265314	65
0.025966575303978	0.352029587994602	65
-0.054195865707124	0.208487084797912	65
0.008982039749176	0.34248527462307	1099
-0.055316175741157	0.240680447796253	65
-0.067999046799022	0.166073964630847	846
0.031827775566397	0.373555063617314	65
0.055823986484091	0.229531068046189	65
0.07984743386879	0.228437043847971	120
0.074504975472684	0.212302704668248	120
0.086359999948739	0.23635091597789	120
0.076461227359011	0.145205296299622	120
0.056581139916138	0.232704842615559	120
0.00125372136086099	0.252455192718961	88
-0.112255012112211	0.114259739640983	88
0.065563292179254	0.325176794378673	88
0.032260213288913	0.135449383941474	88
0.098243001504816	0.231901293499041	88
-0.117515323122861	0.130333369445646	15
-0.042453917440854	0.200917175642664	117
0.049033510872555	0.229487134219386	117
-0.055700506380079	0.130328696997219	117
0.045732178896326	0.238587649827759	117
0.00240201509482602	0.241058218550501	52
0.025241277713917	0.29728314230833	76
-0.0535473974765	0.231946091207553	52
-0.00308777103278099	0.243460199848398	526
-0.106731814539441	0.152344775768887	526
0.110917884503125	0.493097864572946	1454
-0.00967090883263399	0.297231739713348	1454
0.021287725793442	0.131223736537068	165
-0.00301891705027299	0.129598523447884	115
-0.066007533563719	0.144590218927067	165
-0.037627527349244	0.231021381765911	86
0.056550301950584	0.317470883507871	86
-0.00169373620555	0.229488063138033	86
-0.048499496968731	0.124724004357492	86
-0.063684328952714	0.155532322012056	86
0.103680062961676	0.479284749185449	165
-0.010212567699811	0.237805600414822	165
0.103600200056931	0.408389060091984	131
-0.082169308959365	0.195018703269936	131
0.038644422849756	0.300871540137742	131
-0.027476223060084	0.229249841774893	131
-0.029226074033408	0.136524041343481	1
0.07077406498839	0.137926598284004	1
0.072266689561043	0.145834283360513	147
-0.049613096396331	0.124800070780449	147
0.061055146652915	0.232513339914079	147
0.100368603318907	0.230048167051622	147
-0.039561573685512	0.141791519562881	147
0.041373897774787	0.229982825582859	585
0.025502510431979	0.233584398889461	585
0.089779881691922	0.301683410552339	635
0.109016583477664	0.302841224716337	635
0.039597308877848	0.224339006502237	1
0.00652080363249502	0.135870772849942	278
-0.013992251683213	0.131361529900404	278
0.079035587748443	0.150320321141086	573
0.000430121699374009	0.127883841902533	573
0.033250005906943	0.137621518591144	133
0.074298080225556	0.147571021714037	4
-0.03037210255784	0.592685461789032	878
-0.106293241274415	0.267806918983945	878
-0.113874853623303	0.233291562821643	878
0.033608852217504	0.595036517514187	878
0.012971792130834	0.46882135821785	65
-0.121384855713486	0.195819016318864	65
-0.077231504193478	0.275444223572483	65
-0.066461449940842	0.285754421422913	65
0.057948055421317	0.558474793371364	65
-0.067269092013851	0.266375122846188	65
0.11174006280472	0.680599062613893	1099
0.048811451747074	0.496211488811557	1099
0.122763224181677	0.77505952124368	1099
0.077690101307939	0.570210690599516	1099
0.112947080238397	0.581199128068398	549
-0.051604429937295	0.272422023179745	549
0.080723850113481	0.536266178564104	549
-0.102183034429143	0.167994906136929	65
-0.061165097568613	0.214045725385128	846
0.020567743392764	0.31168680221566	846
0.015010612344625	0.307987213964956	65
0.058983325272567	0.314810317018485	120
-0.047845623216386	0.14130795962385	120
0.072793343730508	0.379447478513831	88
0.110853072504976	0.396940539063599	117
0.046811100425954	0.435443337102082	117
0.115990971484042	0.302391045115408	117
-0.065979690397882	0.156485124733506	117
0.024831890178507	0.241890377242857	117
0.021026233836178	0.23888874899884	117
0.093130267084744	0.379701002761732	117
-0.071894369819623	0.169939527674739	117
-0.103592665240852	0.160764659515554	52
-0.011552846653801	0.269898367163274	52
0.048618711247076	0.302116331540863	52
0.00603411216102601	0.252402161237189	52
-0.058809823747907	0.144934149160296	52
0.020895296681966	0.235736628710984	52
0.00451174266075999	0.219515963267769	76
0.112049908909645	0.520738246913763	76
-0.077453880497772	0.209402493293448	52
-0.00922776775728901	0.362052616424296	52
-0.070444085287927	0.199903342894486	52
0.073797465390444	0.527127934871283	526
0.036159889754558	0.500501529129051	1454
0.007374023232956	0.357208026314816	1454
0.041873159503804	0.312583864803786	165
-0.032503776818421	0.131792696730061	165
-0.073848172996106	0.176313617491022	165
0.038029751028865	0.336211129842289	86
0.037036937403807	0.327153880756734	86
0.119764883220926	0.317439176419138	86
-0.036683845717553	0.224801765904641	86
0.108722047942854	0.559937222020715	165
-0.080504852601235	0.214509642742455	165
-0.014248958953529	0.335187255117232	165
-0.057376833834925	0.270763753825856	165
-0.032010873622251	0.273320425123497	165
0.078864122496414	0.477010051705826	131
-0.060586311331121	0.227342391590578	131
0.032815458172618	0.363748485465078	131
0.018241195681589	0.346956375605635	131
0.053386626408063	0.293211186271824	1
0.123385195809825	0.15056809107719	737
-0.022589542029686	0.127319681778569	147
0.085002739242204	0.291630513028454	585
-0.048207756099446	0.182203838472617	1
0.073075624973311	0.233313786743194	278
-0.029338463001882	0.132081820973703	133
0.090263222194945	0.946788772139377	878
0.101464457690827	0.96512616978374	878
0.010858696572938	0.604190270132089	878
-0.04095736805334	0.431362365666008	878
0.089427842736763	0.741359462678893	878
-0.083040549551396	0.302928611039798	878
0.124153092956006	0.818313336194427	878
-0.043574442255692	0.342743254553839	65
-0.054733674050549	0.328272553380551	65
-0.123465178755965	0.179620049514854	65
-0.100984875454196	0.207144462589106	65
0.035597088989037	0.440632345837706	65
-0.012189773009034	0.358273707646015	549
-0.024868100232467	0.270574867751404	846
-0.072139117578418	0.161455591126332	65
-0.110586111256025	0.140258248009123	65
0.080217385997133	0.231865760793529	65
0.076318500063428	0.307077922252255	120
0.109285160760173	0.297490786158702	88
-0.087172999784891	0.181896965750332	88
-0.027161859779495	0.124530848455672	88
-0.037230912462019	0.176198132247807	117
-0.104498814818265	0.158771058827997	117
0.00667491002500198	0.250294414133023	117
0.0748767201784	0.317168212806201	117
-0.015412105546477	0.217507419855056	117
0.091061150838829	0.307476373033648	117
0.102394650231079	0.410218346691702	117
0.117953479538036	0.465236897498774	52
0.033321477910528	0.330689639995127	52
0.055421522433001	0.232842184863269	52
-0.118659072796059	0.117669867054336	52
0.040839608912077	0.303970675786981	52
-0.05940775830453	0.222799676007448	52
-0.00691036915631599	0.360444720981174	52
-0.035332469933113	0.237143339543139	52
-0.081816383955426	0.177012850428254	52
-0.05890251690631	0.239598471466793	526
0.083062226907743	0.532937256414459	526
-0.053396691352885	0.122161209208485	165
0.00718142011922202	0.316303246838147	165
0.110331053020753	0.486968392114574	765
0.048010512807864	0.228673566923538	165
0.088665001724886	0.321868795842235	165
0.068566484269321	0.30307007829564	165
-0.124235082141575	0.124552488793607	86
-0.051320597284485	0.155023310892387	86
0.00333069353934701	0.235606227751649	86
0.036009485693883	0.349955613721182	86
0.02553466034063	0.35970957823768	165
-0.055232401388649	0.219250873283909	131
-0.100302808248423	0.161377496744568	131
0.091174593104389	0.481158059354212	131
0.124319677903967	0.151901952192914	147
0.093972232139508	0.226115030319082	147
-0.065589217835388	0.133359261292364	1
0.00688441404021301	0.236711287322379	585
0.073345202438045	0.14527145871932	585
0.034673439456452	0.21954187311279	750
-0.014952052097749	0.216515738713306	1
0.024599164859407	0.220242943979059	278
0.043718706376086	0.241868254372607	1
-0.051104878978246	0.145980060625989	1
0.056875294107111	0.225053492909819	278
0.085522159095036	0.302046723244553	278
-0.061631532915359	0.127878058303571	278
0.079167137536301	0.148478019190517	277
-0.042150465027951	0.122630740446239	133
0.102462807335098	0.232054600445466	82
-0.050697058290163	0.46819772076547	878
-0.032711022779257	0.461276143191221	878
-0.028520138588198	0.396646599505862	878
-0.085524104210293	0.254286943512034	65
0.00662413641898302	0.411739030517546	65
-0.076980396184624	0.253315562998228	1099
0.010982138941807	0.417155451654294	1099
-0.094619515839389	0.21665742793049	65
-0.004158102605235	0.362366711516224	65
-0.085754482424875	0.209821774249572	65
-0.064228200774971	0.245207812453395	65
-0.094363526325805	0.212148090350242	65
0.045536954998041	0.384872685603997	549
0.063809301220787	0.417954193152702	65
-0.093457897773452	0.17260155151545	846
-0.081491545141795	0.167213529382117	846
0.120942345395094	0.408218604411682	65
-0.050052318666726	0.162536707908748	120
-0.041746031309251	0.136706641992883	120
0.02610712941395	0.229067102525219	120
-0.030285219787648	0.130504012517404	88
0.035058872714846	0.23675012147065	88
-0.05316094128495	0.128354241574846	88
0.090454552134859	0.395608785895054	88
-0.121905811787706	0.151989350146811	88
0.112200016898389	0.447832073502597	88
0.103573401095517	0.320445440711894	88
-0.064079115004891	0.131148055929317	88
-0.00667445437828701	0.279744988220284	117
-0.059477121851384	0.18872477914891	117
0.103553082525131	0.235713606846274	117
0.016964834653721	0.247446523055426	117
-0.069221589965647	0.2484101484582	52
0.023263613552129	0.359591004788722	52
-0.079812429537524	0.215030737940529	526
0.074313930308824	0.45250012320213	834
0.056503387862755	0.467141337702648	834
0.089248863554143	0.390612544702374	165
-0.117026142255907	0.124817566760622	115
0.075424117454665	0.223172964455104	165
-0.045089446938103	0.134043149395571	165
0.00602419748343302	0.333982706010398	86
-0.124581296858646	0.113545961741779	86
0.049758248938579	0.37918071837828	86
-0.058366071545747	0.151287314695382	86
-0.119080435572954	0.128758822256343	86
-0.030298372525155	0.245599912983284	131
0.018793273091689	0.313900320363669	131
-0.114557373158716	0.134999298283052	131
-0.076456874560134	0.202002124119066	131
-0.063743032240512	0.206569688459348	131
0.0285427683109	0.323011431073476	131
0.031850803333859	0.13456283377826	147
0.078078755139466	0.320152300951913	1
-0.057561037157992	0.172879686037518	1
-0.052407454864373	0.143036241343847	585
0.031381908698185	0.220684908526596	750
0.061119546974503	0.214448813774451	750
-0.057609250483907	0.160019930396087	278
0.034958857927199	0.213825354173913	278
0.123375992360659	0.238453596118683	278
0.073009513013055	0.221129480778724	278
-0.019794946540027	0.129714406445039	278
0.03216716893314	0.136396153791587	476
0.066993027439577	0.134940362658184	22
-0.119050096377776	0.905273294616595	878
0.017496052404102	0.808592606020216	878
-0.077245106464466	0.358402445935963	878
-0.096798459968296	0.324681135766628	878
0.103331630036443	0.854275315124275	878
-0.047010303854329	0.400112354870011	65
-0.0316814493503	0.433891326168482	65
-0.062468302298651	0.348052007892036	65
-0.08849633723663	0.267755897475185	1099
0.082013507150348	0.663644949749197	65
0.105639344491272	0.780102541562014	65
-0.021289139653988	0.38815286999577	65
0.061505516413468	0.513850097917975	549
-0.059786008930333	0.303182975297618	549
0.066827347928339	0.479291432733102	549
-0.023536315418526	0.27662742009365	549
0.024643389018401	0.390421069045981	846
-0.035127081452792	0.287062329524952	65
-0.120331115624056	0.14760847233121	65
-0.037404733093208	0.141996036130576	53
0.078676157495052	0.23094198313285	53
-0.007976093809445	0.233264829987942	120
-0.023681175339611	0.126830911342706	120
-0.01645691225285	0.25094112031036	88
-0.053115654361968	0.154953273858554	88
-0.09065435836844	0.182476316844012	88
-0.087032200728938	0.210298352484453	88
-0.042672277211	0.131648010037584	88
-0.020957643338212	0.241865146744265	117
-0.078265689506909	0.174840501197705	15
-0.123884662772605	0.110691600598301	15
0.051995169348734	0.327220084641439	117
0.116315004431659	0.474150442788804	117
-0.010270187334262	0.234550522665076	117
0.038644422849756	0.300871540137742	52
0.00944916691616898	0.238089143625249	76
0.00727909763828	0.40128326136435	52
0.019871196964129	0.447980118853636	526
-0.052770014222907	0.151598817973897	52
0.03359510334143	0.228571889785112	165
-0.092111200704162	0.189972972153339	765
0.101869649652374	0.465898329484747	765
-0.041176201186999	0.121894286079011	165
0.08620598509937	0.544281552074343	86
-0.100303419087378	0.145272968596936	86
-0.057672605190573	0.256834591336496	86
0.053271520112527	0.451451466376463	86
0.00425906449436902	0.396837361587179	165
0.023137003129787	0.473711593588355	165
-0.108305694361306	0.207755747808505	165
-0.1117724566598	0.173819071160456	165
0.124396401352424	0.671156358146373	131
0.02236577822349	0.427319902423708	131
0.054165589597376	0.45617509334707	131
-0.114989734911196	0.159504095149256	131
-0.038208772808143	0.314795521930881	131
0.066032954946966	0.496166367415988	131
-0.022333135803964	0.125225985986453	75
0.008346774034941	0.227250909875675	147
-0.06875080038735	0.184148172058895	1
-0.029580445120787	0.22618084862117	1
0.018900744331332	0.228556944077579	1
0.025676447451254	0.235730358378304	278
0.103502182268524	0.236662389699096	278
0.02473272906174	0.222393326664516	278
-0.081707935289348	0.14476308469742	278
0.100074610844409	0.31797789030907	278
0.097122321978449	0.226568229533835	278
0.011865647368903	0.133062661095877	278
-0.048035102285009	0.138990597079822	278
0.073349500609965	0.147341331430607	4
-0.105285656507792	0.427882474982034	878
-0.108537423000725	0.329065159545709	878
-0.123582642601935	0.25643219949823	878
-0.057069419249943	0.355990891245643	65
0.00453961424785299	0.481354393203137	65
-0.040498216583474	0.340559662758811	65
0.00303900046903999	0.459186238514537	65
0.070795813748725	0.694701304525332	65
-0.108765001181784	0.173988461482667	65
0.028658166003225	0.518926382208477	65
-0.106645896147131	0.199066252183897	65
-0.094598033890054	0.224852976674191	65
-0.119871743227626	0.143005998473435	65
-0.056839299707421	0.189629564576409	65
0.00348171602451097	0.132147509643196	53
-0.019961046617496	0.13027278197664	120
-0.038975661967129	0.124736808928988	88
0.029829890282071	0.335766001489041	88
-0.063008770683914	0.235976253573485	88
-0.047673522459394	0.260131879346797	88
-0.045864689273415	0.129418591835688	88
-0.048403321008203	0.132580820112577	88
-0.063745518608062	0.2223011129135	15
0.036668176817242	0.365423354483554	15
-0.122332422617209	0.144968518381993	15
0.027781283624228	0.341872386734954	15
-0.053745442863564	0.163107059460421	117
-0.071467070505024	0.158570002261256	117
0.100919996932735	0.426269600722786	117
-0.084929627164716	0.195882196470394	76
0.056132963697623	0.517008294898019	52
-0.030118662145869	0.297357942419576	52
0.083663301025636	0.554514534183959	52
0.095411241469629	0.462034792730827	52
-0.047811119482639	0.244888012491103	52
-0.046761988836683	0.123873888373661	52
-0.05465131529834	0.154606210623571	52
-0.069505528682266	0.210958707236572	165
0.068132059095887	0.35874326124765	115
0.05319035120059	0.33099872964414	115
-0.031686391416614	0.119327866960126	422
-0.059663441279871	0.135482328399705	422
-0.040966009311344	0.119250393195695	165
-0.090445561947517	0.184549015826453	86
-0.009847711234583	0.327183765739713	86
0.006991761575108	0.373971942344901	86
0.114608716026004	0.3679535865428	86
0.064479945103459	0.300577860338286	86
0.026362711466992	0.238583671627004	86
-0.11997301070172	0.145743240060772	86
0.08477953276322	0.537418727935821	86
0.033242033910416	0.40750785606944	86
-0.02511750640086	0.326563839470609	165
-0.02179216874633	0.343865579444274	165
0.052737746838752	0.428221230922451	131
-0.00880350309457201	0.383845926000693	131
0.091595709169159	0.487176354949489	131
0.089566738410454	0.309517859427186	131
0.070041662232443	0.424900573040253	131
0.103787552647295	0.496583978474193	131
-0.055667458397889	0.142875733279504	1
-0.039056217230651	0.121073928036132	147
-0.056148488079255	0.147437287566962	1
0.10774350131837	0.234635790259192	1
-0.056855817689659	0.135947385846253	1
0.059537108126093	0.312271565124976	278
0.036784516869381	0.307613127544129	278
0.101957405546183	0.381206164295665	278
-0.054664089899216	0.147144276601055	278
0.059910686156779	0.226180356131655	278
-0.059698722289072	0.17537868071479	278
-0.055534252611107	0.139779204051028	277
-0.042182011061254	0.124114736380542	278
-0.054057895939888	0.766002729975301	878
0.048184595376893	1.1442097939941	878
-0.10750304887561	0.370916435104242	878
-0.048803340275983	0.475645751764104	878
-0.07734847762526	0.342070259746933	65
-0.101575554962433	0.248301795361204	65
-0.071768247179559	0.37148186523981	65
0.000401773033977981	0.573300130550267	65
0.08383244903591	0.718115401004578	65
-0.005734851323977	0.438387379948125	65
0.060046509524569	0.638269590302415	65
-0.087464222612014	0.249286182860644	65
-0.039656635704844	0.350535354715955	65
0.010715036419573	0.238193121087634	65
-0.018956001163981	0.277760218362619	65
0.081029618253414	0.472425107268468	846
0.040490388132995	0.443535045084599	65
-0.017768615386614	0.292968054992702	65
0.096383797330107	0.383046951609454	53
0.098898062972631	0.329133989050915	120
0.092998309355339	0.220817982117424	120
0.037495130703901	0.139753834650311	53
0.079937165592341	0.401972676714795	120
0.061655033314629	0.237278404930541	120
0.117774729213894	0.314144262037279	120
-0.12037856753483	0.127221357292392	88
-0.054172435793103	0.216110305323255	88
-0.112567700266974	0.156429137273954	88
-0.064219944872815	0.146121487219393	88
0.097400296237718	0.490854284803634	15
0.080903423825738	0.454555560590361	117
-0.073577578481091	0.15319255173432	15
0.051900571985331	0.319049462067507	117
-0.00960936649000199	0.237764652560558	117
-0.00272650198970501	0.242482028179278	117
-0.017032995125555	0.285252018042492	1770
0.090249923761839	0.382589780216087	52
-0.111703291101082	0.201483073755069	52
-0.111881875060407	0.184269390528172	52
0.028979652919178	0.45553596469922	52
-0.00173793221912599	0.397791562538733	52
0.068876461523342	0.558932783926012	52
-0.074620453617867	0.236440482014153	52
-0.021755283762246	0.126633317209223	645
0.088786763912412	0.507750240980226	165
0.04932662790708	0.436446293755235	165
-0.029080547952703	0.234552729948159	115
0.078775501839345	0.418851809138542	115
-0.064548332520175	0.164431550464536	115
0.032747950679463	0.138826781737774	115
-0.059162959683553	0.198487176686177	165
0.123433017673767	0.474079497520965	86
-0.00913204930793601	0.267521754869797	165
-0.073744457344224	0.233044900513252	165
0.079268007569984	0.524770755957411	131
-0.088029388255069	0.207557500292201	131
-0.047075313886885	0.276467050039586	131
-0.033788768705322	0.271473616245058	131
0.076926359794617	0.367034852319215	131
0.120821718055728	0.316991670789627	131
-0.094685972333615	0.187934535069074	131
-0.099077667419114	0.198373710873757	131
-0.120832658164546	0.150511823071984	131
0.030798562636459	0.224877069007523	131
-0.052007498045822	0.127381888301912	1
0.123294097961564	0.238532795758856	147
0.016783781488386	0.242281331000704	147
0.11877256888119	0.312862701619058	278
0.095078013947021	0.228560087638474	278
-0.054883400062155	0.145633534145506	278
-0.052784791839499	0.148308179689565	278
0.124363401416875	0.401374519799692	278
0.101348733924012	0.323748736978565	278
0.041038809710067	0.240092534030509	278
-0.04417534534093	0.175299222672177	278
-0.02506208080998	0.126336012736626	278
0.076906449011978	0.228690321488757	133
0.042985978061644	0.143185425810484	133
-0.020110542377269	0.127153335446165	381
0.034927363430186	0.141610077149419	4
0.12034027750059	1.53356685539746	878
-0.095915426119595	0.43357626017637	878
-0.076198910693949	0.420414788433195	878
0.050864579006164	0.869662358834399	878
-0.065559581342261	0.410739075102407	878
0.00429701134514199	0.54104425067462	65
-0.042772723689243	0.387419945209292	65
0.112970092344978	0.810648023021184	65
0.101980145905494	0.753057028753021	65
-0.030207348831172	0.424145326923604	65
-0.119034298385072	0.231649970387362	65
0.099146737823545	0.707478926811974	65
0.053218525131283	0.587242924528162	65
0.065846901722905	0.642785794150095	65
0.055941254662859	0.497315593083925	65
0.033031293210853	0.232025904721648	65
-0.024758526902797	0.326150488089007	846
-0.115557897736092	0.167101436599306	65
-0.039258104396569	0.142019872358312	120
-0.052341399355859	0.185565311761175	120
0.078090971267312	0.22086032732885	120
-0.067800070160702	0.175016018147162	88
-0.114949665329434	0.131921236997932	88
-0.066323240552954	0.222263851599741	88
-0.072210527740164	0.179580966611082	88
-0.093679924850888	0.186680606793233	88
0.050143276137935	0.314742669874267	88
0.064145751437505	0.135477517460049	88
0.098907228241307	0.373737715280547	117
0.056165685289767	0.483655036042621	117
0.052222147607537	0.408648516507503	117
-0.12376737259367	0.113176507094422	117
0.051687204765583	0.376647204312255	117
-0.072444652744864	0.205216902317411	117
0.025578619607405	0.331338024577705	117
0.00337624342177201	0.325506921347687	52
-0.10320485535073	0.158379705786739	1770
0.092357490096559	0.329011350852961	1770
0.026291160376044	0.33170251375081	52
-0.050905172625826	0.291289206298138	76
0.015234906139126	0.371144568736369	52
-0.027099940081434	0.321524560491755	52
-0.066156746605842	0.265557960703342	52
0.077577362120582	0.505624061287957	52
0.118030846983111	0.459453827237833	52
-0.013341875540371	0.228792667444682	165
-0.105787798040995	0.1468579292695	115
0.07071011010778	0.229941883151102	422
-0.0494701599704	0.247164215468314	86
-0.053371072952496	0.247902006886394	165
-0.090261501479241	0.225514128204702	165
-0.098240813716119	0.202670563020954	165
0.096079410225374	0.555485893711896	165
0.018032159940148	0.395436887633155	165
0.039869890428934	0.404998056950903	131
-0.015927422131387	0.3220091838728	131
-0.10426365630137	0.203311161056934	131
-0.070362822529135	0.242679971467987	131
0.071643744024918	0.494805793439543	131
0.011054929949642	0.336569761247081	131
-0.017614922110801	0.212941759002205	131
-0.123843341380418	0.109433072784012	131
0.00413847195162298	0.132801772649412	75
-0.00190486557493899	0.130867095301149	1
0.024222257740405	0.233059016523542	147
0.082010384545009	0.387056395127477	147
0.092289011534102	0.403437642144073	147
-0.00496223348142399	0.247763554207256	1
0.088410749635029	0.352372849371209	278
0.016632713181229	0.234232278463969	278
0.12222048135293	0.321812205659713	278
0.100368603318907	0.230048167051622	278
-0.047228027897113	0.167117534775199	278
0.017789336457258	0.221633108417316	278
0.095393534955387	0.308424010343321	133
-0.053044576078573	0.113799592414782	2294
0.00444186247605799	0.132156680455776	2295
-0.037859513702354	0.842965645837644	878
0.040061252115164	0.622214404525055	65
-0.053365184449739	0.308525223987596	65
0.033275539316112	0.529515604993373	65
-0.030623168543553	0.307401335209227	65
-0.119954939862259	0.146497895442222	65
-0.014500359627692	0.305935501449403	65
0.067584903051974	0.22704738404561	53
-0.024872903016982	0.124663624016264	53
0.111897643025191	0.322548885532151	88
-0.00770330848839901	0.29076238633978	88
-0.052228346762001	0.244505539831268	88
-0.043937366338603	0.134117049989781	88
-0.040893557508829	0.154382726283893	88
-0.00873568461586799	0.23923547511441	15
-0.051651097215373	0.243340249112127	15
0.039648168331151	0.43844328958462	117
0.090126782768357	0.533193271148779	117
0.038341480695172	0.301586160278919	117
0.051044098205121	0.325207249599298	117
-0.068739428037324	0.164857181890208	117
-0.008714487363149	0.224114470450694	117
-0.069957342317968	0.178943177218536	117
-0.017800205993483	0.231317243880339	117
0.079072828441821	0.411410606738953	117
0.069281342374704	0.40730886599655	117
-0.102695867169906	0.211000619914505	76
-0.11809277655499	0.161556531846297	52
-0.100802725052883	0.209622936311166	52
-0.010497737417957	0.355807414231789	52
-0.103583299136534	0.203564035762999	52
-0.120666334978775	0.118013363178097	52
0.032898102918375	0.140954849876372	645
0.056953479489655	0.323426717417584	165
0.037670600096244	0.470334059052303	165
0.057202412306849	0.402625624917389	115
-0.0005190818993	0.128892738021727	115
-0.03659717890547	0.265201550285663	86
-0.092461847056771	0.210333162235028	86
0.058143919082829	0.406278770654992	86
0.056777181372569	0.408858364276459	165
0.107505331079965	0.620984982589584	165
-0.025050259783215	0.347519552172563	131
-0.068358897785165	0.26588349886236	131
0.073042278780291	0.476278181114805	131
0.099544582844589	0.594975163762848	131
0.065349512148327	0.508876189571424	131
0.108400007333122	0.318035064884595	231
0.034194744645891	0.138608934528959	75
0.008585001825409	0.135159253780685	1
-0.06729750747263	0.172023576980482	1
0.044792837787319	0.228796537770426	147
-0.00412329978277501	0.128750072382702	147
0.094016310853539	0.217022874315992	1
-0.119709449401079	0.128139465567245	1
0.085053074262485	0.406807285956584	278
-0.016263180742333	0.264447254865903	278
0.097064984321283	0.36892356867179	278
-0.060073144761019	0.156830434811775	278
0.00467466221497198	0.250697292918742	278
0.010416953826199	0.23140885455352	278
0.00240428763570499	0.240680789530291	278
0.00630543031395298	0.233465318708771	278
-0.064196210730814	0.157809470774241	278
-0.068636500578454	0.148824549788985	133
-0.061465772641182	0.130627299540253	133
-0.051161351715298	0.13153164692716	133
0.070234881767433	0.140800916576549	4
0.027415013520789	0.133521780286834	2294
-0.053967044849988	0.134846494542014	2294
0.015518178453644	0.664904080945707	65
-0.117005438323187	0.225177412774097	65
-0.001834030297902	0.38737045723499	846
-0.093624982016353	0.184139078224306	65
0.091926057381824	0.511447411093926	65
0.071914509612349	0.33539774813187	65
0.030738404812934	0.231849784638573	53
0.054006376013444	0.230100537810447	53
-0.056516108548757	0.116946772879183	53
-0.056753726620749	0.148348496696597	110
-0.053738784765375	0.145382299079755	120
0.064639661866191	0.229888964531783	120
-0.092474370050032	0.209018367515578	88
-0.118837353174588	0.128064615259037	88
0.060419854143306	0.234009339831286	88
0.122359447271359	0.372504805722499	88
-0.121697779635056	0.129404964020619	15
0.0626371497109	0.38541053825245	15
-0.073209590928258	0.193774671998387	117
-0.024677003570792	0.261101240116236	117
0.124932598529174	0.471238318850166	117
0.034547895078631	0.228006673095172	117
-0.054491567660725	0.196310025383212	117
0.020701188196528	0.299365714924307	117
0.07604709849063	0.395663888505507	117
-0.12346425354777	0.138217611352861	52
-0.1022310786315	0.159269043995193	52
-0.066024366785268	0.165822302499412	117
0.033840150303963	0.242097132480849	52
-0.102503451696426	0.152225225060323	52
0.061770092993826	0.291047205755303	76
-0.04307591622781	0.128805570109219	76
-0.068142322650487	0.281268032031761	76
-0.085846638503876	0.193049780950315	52
-0.106622640942958	0.229879291606147	52
-0.108705927715591	0.225802008593798	52
-0.079327528865288	0.200470151326637	52
-0.013193827029949	0.224985528401226	52
0.079996415585514	0.228038935125602	645
-0.022343036031531	0.332125589801261	165
-0.098511199538179	0.188469553246856	165
-0.00285464263700799	0.359333065442718	165
0.078695946534322	0.41577288261775	115
-0.122930874794217	0.16849733835198	86
-0.061063671965506	0.148305679678756	165
-0.010307349735181	0.3169274979944	165
-0.029467018562609	0.327374781260996	165
0.036764602828014	0.470108369589026	291
-0.050428367398573	0.293311050573331	291
0.064387191283979	0.609716445999651	291
-0.085234378580147	0.241929573211178	291
0.09093550521116	0.586126081516266	131
-0.02957826019983	0.328622297163882	131
0.00993510638742301	0.37571992277002	131
-0.064799363360535	0.191074350023837	131
-0.067691735562934	0.14052325108188	131
-0.060411941699135	0.138714183635138	231
0.000189480829065003	0.127433584747305	75
0.065311129379837	0.221205307937243	147
-0.048816003725696	0.140286004260002	147
0.015560855535888	0.314816695894659	1
-0.122669420494164	0.111082916341712	1
0.037118896738448	0.221489448199044	1
-0.033631878767906	0.12879377709024	1
0.084852419160827	0.37681948110556	278
0.066784922146885	0.395168836991877	278
0.078948585712814	0.440218983885675	278
0.02233927750042	0.238393851171251	278
0.040579526061731	0.242551918562881	278
-0.124845121810963	0.110457978746295	61
-0.054240245740158	0.140290365257977	278
-0.052790142863135	0.15069785344845	278
-0.057723611634018	0.16479657855577	133
0.026030641863606	0.241879515323601	133
0.054636358267959	0.223347261403245	133
0.06874675793242	0.143110747358101	133
0.038039844439639	0.222336549226283	2294
0.00556112661375102	0.135565927989526	2294
-0.022080764631619	0.122487861319448	781
-0.086996586847671	0.351079389690758	65
0.117601153504682	0.863828151806552	65
-0.031973338009881	0.36301621754225	1933
0.043089643887797	0.312775440441607	65
0.026705493149036	0.350709451159762	65
-0.018114834834501	0.123004888689805	53
-0.030276222847202	0.130009916048809	53
-0.105032021742943	0.117945539294919	120
-0.100000999113592	0.193780646463291	88
0.109168934421459	0.321290027518257	88
-0.116630243154965	0.126660349040593	15
0.032271030889788	0.307301294802235	117
-0.00639723572645501	0.254559643483955	117
0.01825729665544	0.238459063346496	117
-0.089634535986509	0.172047210071353	52
0.038161687064955	0.305500312306181	52
-0.114949729253495	0.120709035321129	52
0.020966666362954	0.247076025054778	76
0.000751113390302982	0.38914962362823	76
-0.102290424212016	0.174581470451	52
0.041172838870217	0.419600452087988	52
0.00115149595665298	0.394501782831953	52
-0.103719700975414	0.222057394263383	52
-0.0730192736076	0.248725968275017	52
-0.03938540996378	0.137689440074969	645
0.037954078619672	0.312013472878642	645
0.07722515800849	0.403878380206418	165
-0.116856019862969	0.128200791616737	165
0.038162030929956	0.409130192523109	165
-0.06052444096038	0.203152769650851	165
-0.104948010517928	0.165569899254873	422
-0.062914526814679	0.186704989487075	422
0.070463879047254	0.235658738994765	1862
-0.061345463364008	0.217409960308431	165
0.00128549454050397	0.417867078481024	86
0.07624255961376	0.428483029589655	467
-0.107308305413585	0.125075895568227	165
0.017799871154835	0.423245320481617	291
-0.059765442446762	0.256759624600872	291
-0.057315823513361	0.297392864644702	291
-0.052707846118728	0.289698251524327	291
-0.034757225111412	0.328275938881169	291
-0.082265985542533	0.226632254943745	291
-0.10518281649152	0.209490701546657	131
0.04527565363245	0.410808345231184	131
-0.00374451528084599	0.311434668140674	131
-0.089060778086881	0.191097496965382	131
-0.088056807137863	0.181048004525823	131
-0.057226335945263	0.138304754736978	131
0.105651561027678	0.238334543357332	131
-0.068921967182888	0.165705618161697	278
-0.010658177586014	0.248134014608262	278
0.019416328572649	0.320882651152431	278
-0.0292861856379	0.132030519680256	413
-0.072027892244898	0.165896377878524	278
-0.073524962063152	0.153563683944411	278
0.080667092450139	0.144063040299125	82
-0.078774054141941	0.363121609057527	65
0.035282448897688	0.598546447468211	1933
-0.060600468849263	0.342860337475507	1933
0.045713499898855	0.583093488232154	1933
-0.072585667366011	0.154188449806261	65
-0.008161951868769	0.321303544107457	65
0.029750074415648	0.302980251774961	53
-0.026730373860197	0.12488792105814	53
0.08890023569388	0.310648036337135	88
0.078810679411859	0.232354412529188	88
0.027036936123949	0.324367783507338	88
0.049451977095537	0.313685074725064	15
-0.101752755656214	0.145937380289284	15
-0.098991230350537	0.185570871881929	15
-0.04244301183713	0.18509514931751	117
-0.059342525679	0.172769410036521	117
-0.013651293170622	0.278996456212345	117
-0.061445990132836	0.185080262234482	117
0.046971255882948	0.39271193227283	52
0.115496240929963	0.482524257674432	52
-0.0528202809771	0.200657236998147	52
-0.103750552190117	0.15851285030718	76
-0.102047109194203	0.208122423431513	76
0.063885474635437	0.426070238453745	52
0.11389877751131	0.685780581438697	52
-0.107921772446942	0.218642465114852	52
0.027652390664411	0.135370343286205	645
0.064500613745928	0.229241214071403	645
-0.050561879860907	0.128807239322351	645
0.093322391718688	0.369280078977013	645
0.072742107467152	0.411998816383856	645
0.092935677242704	0.22350325980698	1862
-0.058891313886296	0.226737425572748	165
-0.021541020016708	0.333544561181867	86
-0.041718995424276	0.304697193853036	467
0.015838254042851	0.225452291573097	165
0.019536215987817	0.318289720222578	165
-0.063393088031415	0.277780038280081	291
-0.106728730449829	0.194947835808284	291
-0.00261394263920101	0.398992479807477	291
-0.009395228625176	0.390290529880243	291
-0.056985237496251	0.248959623546802	131
0.073079478090327	0.518820917145414	131
0.017282529446771	0.32217133703176	131
-0.014559787855236	0.267345694608405	131
0.019514152943687	0.43985861670724	131
0.098038180949093	0.510065117360602	131
-0.054897654345645	0.293763144828745	131
0.075132058256017	0.234135624550353	1
-0.060615198679378	0.133221187679508	1
0.02733499534816	0.230902826934391	1
0.004306035742556	0.130698854566505	1
0.061769687449133	0.30652552938831	1
0.060602022426025	0.314676222402062	1
-0.031280134568155	0.134637381177651	1
-0.082950310724602	0.183295606732464	1
-0.075982848730924	0.189060136444891	278
0.004494607027131	0.24370005158856	413
0.051926315137968	0.34261403780406	278
-0.109875481178095	0.13394968773371	278
0.020579145035177	0.248766788356116	278
0.024682282794748	0.226447268043602	278
0.119835217798487	0.309927001107397	278
0.082395757499175	0.317279400517582	133
0.008724241196502	0.136034794626299	2207
0.069804057174264	0.228310538357401	2294
-0.090649269108748	0.346140980946031	65
-0.02782028435728	0.558745337534746	65
0.046856575158176	0.693353427282125	1933
0.022240162046973	0.6040972461803	1933
-0.070454923070503	0.342271660824568	1933
-0.120106582218391	0.202933131773664	65
0.040895882511321	0.601077302872629	65
-0.05632468685513	0.143795449086313	65
0.10014322742205	0.494316246969968	65
0.082249974564407	0.59883274903892	1694
-0.07257841035793	0.268095613529227	65
-0.050083116553047	0.282377593091258	65
-0.062749206261801	0.240065419080474	65
-0.121004326698287	0.123971168445152	65
-0.082127751188031	0.173604963322135	65
0.124898141284805	0.226526773972887	53
-0.062992556092824	0.19114889809812	110
-0.058429015706618	0.136807017742289	120
0.094217174221289	0.312132910370832	120
-0.027469132012427	0.281788626282458	88
-0.049993583043049	0.155294461658132	88
0.004418131277791	0.135733853870353	965
0.121434016602994	0.402158111485145	88
-0.063462623960756	0.207888325671111	88
0.085112715827007	0.531131341795303	88
0.069905804541263	0.321821347948828	117
-0.018736844756396	0.22604095974127	117
0.048002272166555	0.324705807152429	117
-0.015222214238549	0.231047403668493	117
0.00435107616323199	0.251536014463824	52
0.017032657129174	0.375366467518023	52
0.010576080646788	0.24351110544075	117
-0.015798402700389	0.267325221333794	52
-0.016994449502396	0.394490306857949	52
0.020763303429729	0.495945280445117	52
0.089071845160132	0.444308251390393	52
-0.054675250084602	0.139370666824399	52
-0.10057450993218	0.194352922857316	165
-0.093472757862116	0.213131901505094	165
-0.08228741831218	0.182884024425637	165
-0.076821966314506	0.211621918044009	422
-0.051430320003206	0.122993980888014	422
0.016430283409848	0.389825891582298	467
-0.00666692438392899	0.393464928890684	467
0.057085795796	0.405190726922417	165
0.021386586383711	0.48456042381004	291
0.01561731720851	0.4926253598252	291
-0.085499317156277	0.254053313733911	291
-0.027418108013249	0.375500584057359	291
-0.086570572778074	0.250471859761438	131
0.024745979571276	0.44216971558202	131
-0.049097771738092	0.316228159240827	131
-0.094260489052003	0.180306926360283	131
0.038793177362335	0.467322484340254	131
-0.105228687657839	0.149378050613271	364
0.03867994877029	0.142893417300482	1
0.083588463147953	0.317173043243901	1
-0.072060680797144	0.152629256924819	909
0.095286917724148	0.386401303862325	909
-0.06422749093374	0.208612066819891	1
0.026091794863234	0.341021686821944	278
0.10308867154942	0.472542830470874	278
-0.000939883413908993	0.131631807880545	413
-0.082366120110625	0.145855793930745	413
0.018754855927175	0.234889776702183	278
-0.058421615224605	0.151470906975712	278
0.054910958016297	0.239744811057751	278
0.00549617368600402	0.211360943372878	278
-0.075589268509965	0.387122980714816	65
0.088801894152085	0.919412413693664	65
-0.114362825876939	0.260277919844607	65
-0.093778447882809	0.286190658045288	1933
-0.044333778710945	0.427625791414631	1933
0.078878751537048	0.756262316438375	1933
-0.047954072548877	0.386126786088355	65
0.090378603251771	0.550233231662189	1694
0.029820842884072	0.213250299529936	53
-0.056209819183723	0.149249825217607	53
-0.061106865718435	0.195720497303448	110
-0.051161351715298	0.13153164692716	110
0.107136597222202	0.320019841363533	120
-0.064140595038707	0.163340727956161	120
0.03743068089618	0.296665332655128	88
0.084122641082489	0.509288739032077	88
0.051426192674113	0.475259984338383	15
-0.058413579429848	0.241429751596594	15
0.078742510929627	0.394620466133348	15
-0.053881291586026	0.145751402591352	15
-0.054211482843096	0.174055192899865	117
0.119685766703367	0.444302175194425	117
0.029761264098627	0.317273788535193	117
-0.076015008447318	0.157844628456278	117
-0.110146020306832	0.142718756453337	117
-0.092583079878836	0.176152787775316	52
-0.007011183961916	0.231657732014054	52
-0.034229466620961	0.390489483491866	52
0.039866289408455	0.519499611953722	52
0.1101549767586	0.487851926094228	52
-0.118405824780886	0.161276399759526	52
-0.11490946241365	0.205851113957373	52
0.073199525353112	0.557267224437336	52
-0.074672716649158	0.168915169759992	52
-0.106989033262144	0.157066503157992	165
-0.036867640455781	0.275750464552496	165
-0.00655239933326901	0.209589134861319	392
0.075836355422627	0.227386913093496	1862
0.096720273438504	0.571818917675663	165
-0.120670440994237	0.172292466328821	467
-0.041008221400966	0.28339299228745	165
0.065370488425846	0.621671262400371	291
-0.072816799797215	0.296355045817873	291
0.002155468312734	0.429027972112043	291
-0.012928718605329	0.375057666488486	291
0.050508562255946	0.503936326038384	291
0.035534031578528	0.46698021374972	131
-0.080869760745487	0.217619540646811	131
-0.055462958003034	0.288763026892929	212
0.090200848626148	0.317955975805034	909
0.044157374041258	0.321120728705804	1
-0.123517288044037	0.111731824650192	1
0.029246628572774	0.307769930052463	278
-0.065292404042513	0.142733964427801	35
-0.063335574970917	0.146692577368314	278
0.069193788805533	0.303426381690994	278
0.113162402311799	0.324159016612709	61
0.058573178241895	0.239641155660044	61
0.055512614308975	0.221074192492775	278
0.027456259967291	0.227657254768303	278
0.044356780880012	0.229279216392673	133
-0.018976160782264	0.128464094663197	791
0.097947398021122	0.310572296155742	791
0.029677852387443	0.137162658337725	5
-0.068750096054906	0.141212495384652	82
-0.061900085599121	0.617817595277222	65
0.120378640952095	1.05876785194849	65
0.00307441060115898	0.590686578316765	65
-0.042028361859925	0.414869088720058	65
-0.120687450680335	0.215408097027509	65
0.123963209062459	0.802934321164975	1933
-0.025026841192661	0.345080349028112	1933
-0.113366804861294	0.198184900472012	65
-0.00283500901047901	0.366588052456642	65
-0.107615600228404	0.137435416829829	65
-0.015828740377338	0.259948128806263	65
0.086442322726563	0.417896869906763	1694
-0.082485861360873	0.196682241301594	1694
-0.115654068076387	0.146238866449504	65
-0.053088483379523	0.1490201836178	53
0.050782195753717	0.227643892811038	120
-0.061026198042833	0.138608876464096	120
0.109972298761193	0.327572425235679	120
-0.065695774468256	0.149441904450367	120
-0.020893496298723	0.270282317073442	88
0.00677864622390301	0.242798689093471	88
0.028590171133035	0.136354292567628	88
-0.064351357992034	0.137100366835247	88
-0.115047715720799	0.126409017402029	15
0.038379080747241	0.330521768260925	15
-0.120361758815625	0.14108891759926	15
0.00913213673398799	0.244050016546499	15
-0.074193010982199	0.162224754769887	15
0.00864151106048	0.226810504255255	117
-0.065602615057501	0.174320735125787	117
-0.059181078752661	0.173415542676838	117
-0.037710133596404	0.274428295963482	117
-0.048490238000247	0.139807014095235	76
0.070918896036194	0.378856881206215	76
-0.08465780080045	0.229714191884228	52
-0.02612264355157	0.259402554818672	52
0.040038313466525	0.451845933564204	52
0.039559624489846	0.417336648289366	52
-0.030640865235222	0.24638679080323	52
0.009944828060094	0.133132267874363	645
0.085660527044748	0.388298113932255	165
0.085483474411765	0.385537437418794	165
0.123233934956369	0.227660898192614	422
-0.065498302900423	0.207187554988849	165
0.084021880435204	0.39251997166806	467
-0.060078472165372	0.203402767886322	467
0.029801549649822	0.223075225080578	165
-0.064276936345113	0.207098538873624	165
0.096353136262753	0.47987677893873	165
0.054041025951334	0.484792022560934	291
-0.00217391847133799	0.344435694588412	291
0.056713489040541	0.414185224079941	291
0.115670462902113	0.627450519848385	291
-0.01387512908404	0.337135165227744	291
0.092120343513932	0.399752694550537	131
0.108165696468326	0.379429996870174	131
-0.107568586445837	0.184783954367794	212
-0.068876995460432	0.154235177667907	909
-0.115654747456896	0.121609870967661	1
-0.007977666393509	0.22217592865152	278
0.078676157495052	0.23094198313285	35
0.035449437870474	0.228519490259007	35
0.013653569469506	0.231967637257983	35
0.074355803203343	0.222376545495551	41
0.022344147574023	0.658160354299083	65
-0.082018514536987	0.293223998613087	1933
0.099726870500891	0.798601214412872	1933
-0.073468572922329	0.288167657282714	1933
0.025688530296809	0.475899443568321	65
0.01855010944158	0.379468605412262	65
-0.073843210722812	0.201706302129492	65
0.11077301606476	0.56311826423698	1694
0.041614592812962	0.414432740720894	1694
-0.115634542806064	0.124649804469741	65
-0.114094023479431	0.127322062089827	65
0.088998138697311	0.233998690185616	53
0.090805225295233	0.220707040025704	53
-0.076592586389439	0.140344936787582	53
-0.037404733093208	0.141996036130576	110
-0.059421747480553	0.140763443478267	110
-0.115063095421141	0.16142602778673	88
-0.066802305467112	0.210625085830192	88
-0.08782549069232	0.202227870015618	88
0.00073266777522002	0.30960450805555	88
0.053886504254957	0.239738302264238	88
0.075932946998866	0.441654980885156	88
-0.069425469846602	0.19061467591453	15
-0.066528385881326	0.18098656250712	117
0.075104579357033	0.353158744842348	117
0.036816677247839	0.228237567721219	76
-0.098874740769619	0.232905051271668	52
-0.030454723734312	0.368710389965367	52
-0.040094009992867	0.318664414918774	52
-0.014549152299372	0.359296458670947	52
-0.061906910546101	0.236262909086552	165
-0.121372952592418	0.164279624104389	165
0.080897595321268	0.358741939136554	392
-0.033523341891717	0.127601137071807	422
-0.074769178347893	0.226398030633908	165
-0.05697714841917	0.214526542675332	467
-0.115067142139636	0.200910856807334	467
0.06065342099748	0.439332269477742	165
-0.103918098549036	0.213149187299223	291
-0.06749954254934	0.293702082421027	291
-0.01255065436874	0.386190673830855	291
0.073602112779768	0.568937866957333	291
-0.00525992255487401	0.360297378453017	165
0.124154322411588	0.148580353231889	212
0.033111767860882	0.13737131045223	1
-0.053802663200214	0.135598707828446	1
0.098849562946229	0.384025574982826	909
-0.073924305149884	0.150839928161002	1
-0.116210020516265	0.12873360367846	278
-0.11128929744866	0.150146333616442	278
-0.074640354907797	0.186267835488499	278
-0.010384785581372	0.255350249377109	278
-0.056217361800857	0.178786712828958	35
-0.046597813505843	0.168436490921221	61
-0.043226464640564	0.115905423758419	278
0.090798650764105	0.221979731746063	278
-0.050223771020818	0.128709299041934	278
-0.079901389643967	0.465329664744687	65
0.024374222102207	0.616121853551028	65
-0.117243738217114	0.262421657891126	65
-0.119678344804187	0.193462592445905	65
-0.042646382912825	0.381254133995242	1933
-0.02374051064392	0.454717908397476	1933
-0.001751067045699	0.492451472405548	1933
0.013520991608152	0.552407314010604	1933
0.100657147142736	0.705692942483337	1933
0.060804671867513	0.518349598171504	65
-0.05158569342339	0.142372922218756	65
-0.031035513951329	0.271146005858971	65
-0.073041830886122	0.166945660371457	65
-0.026153595308963	0.125438296023112	110
-0.046454106526091	0.136297057294277	120
0.080814566171699	0.232656319513554	120
0.117981844007078	0.381039121445262	120
-0.056195130476653	0.1384163231009	88
-0.00784234964379199	0.275945051310285	88
0.086861134156149	0.231227725799505	88
-0.104798155665092	0.142781508272835	88
0.07770669119253	0.228521855407197	88
-0.059239129653566	0.193652031038428	88
-0.073533363979175	0.180943369607954	15
0.029278228683143	0.307249405664459	15
0.116181938300459	0.395798950497168	117
0.10436797290244	0.487719236129813	117
-0.058391850682264	0.231295200389893	117
0.105411421119316	0.497274881200763	117
0.093757413382015	0.393599829520219	117
-0.00348886295127601	0.258174128593865	117
-0.00914119876799999	0.240768738740627	117
0.090885025408126	0.429311326494098	1393
0.062039454061443	0.295220890846798	1393
0.072940696507999	0.561590962103377	52
-0.085562930195808	0.22197365590521	52
-0.088700792112094	0.196115099449322	52
0.120405300382071	0.65040426520235	52
-0.032555022693704	0.129326939067121	425
-0.12036687128184	0.11938367920563	165
0.03126419347201	0.29518865160223	392
0.041614242299488	0.312349400127935	165
0.017785963120894	0.372807734324742	165
0.00753443835414702	0.35843607346877	467
0.106549715779233	0.32834265247973	467
0.04164526078364	0.229972449957617	165
-0.040253760365555	0.336119217001344	165
0.038847702119883	0.457984318231545	291
-0.119694824370511	0.175803820106859	291
0.000685867455611999	0.381488905782827	131
0.07944052278937	0.392568889259961	212
0.073211921927821	0.143990186170743	212
0.047687062462553	0.221810867251266	212
0.089366769169786	0.226470080126877	1
0.082804596226347	0.386347338534202	278
0.074992899796976	0.383990273313028	278
-0.06266964732789	0.150058660029947	35
-0.057484181312783	0.184259061436241	35
0.09299941648076	0.387412946600478	35
0.00779583105155202	0.227377545418431	35
0.07652599347888	0.234728554881489	278
0.048569784348875	0.231132477612938	133
-0.021827203375849	0.129813663241607	278
0.069307884160366	0.234670974096357	41
-0.071469210237988	0.488230735928625	65
-0.098231096210385	0.351780657427525	65
-0.094634796021596	0.29478969496873	65
-0.025971066711455	0.485943717206198	65
-0.036371956565547	0.442233893596129	65
-0.01779868150353	0.306911182857696	65
-0.00827380998309599	0.396753545798898	1933
-0.117394737248993	0.22041733434638	1933
-0.042455833451532	0.366892287870035	1933
-0.00154608200643599	0.250538880177535	65
-0.067230280310149	0.172275339434292	65
0.035086280773733	0.451655718118437	65
-0.05702455661943	0.147790146093077	54
0.032262785238635	0.240287607085028	54
0.097162403296569	0.232334911010872	53
-0.028169706312894	0.123053359743928	110
0.014069486509854	0.135660070572699	110
0.071449523291069	0.23647804007722	110
-0.065603378140998	0.144684100148873	88
0.06915865795203	0.231341663223371	88
0.01615625624824	0.300478181091659	366
0.092946475426388	0.227853080346709	88
0.045940886498274	0.229748815834932	88
0.101416357206753	0.399893730797862	15
-0.057614562363915	0.170610912698476	15
-0.117596588736193	0.0998239068344119	15
0.00544383423057199	0.255615969582014	15
0.116533397819209	0.400138902590657	117
-0.055052789053362	0.196810209547435	117
-0.124528802734943	0.137547717984746	117
-0.065233237336423	0.166466452050386	117
0.00610198194530898	0.312071262506135	117
-0.039488463254338	0.326001700914942	52
0.108129515250118	0.424561196339541	52
-0.096160313070962	0.216758583186202	52
-0.101615663632692	0.196322842499942	52
-0.084528485765194	0.233308921870148	52
-0.069274289053715	0.260713862679754	52
-0.086799782827797	0.211471125840508	52
-0.017176335012566	0.130148939835685	165
-0.06017452327158	0.248311593827953	165
-0.07116416310618	0.157781854189348	392
0.077956071593319	0.149508802914429	392
-0.035384012777994	0.136125113520005	392
-0.043224780948073	0.141373586439357	392
0.00859516096246998	0.24367967003307	392
-0.114092647098647	0.159611864563322	467
0.090670884813704	0.461705909631152	467
-0.115962816386615	0.148285492030956	467
-0.037513096064546	0.233178740271463	467
0.015437360666047	0.285076252942526	165
-0.041073412794219	0.287546103221687	291
0.016383805083486	0.410769289605362	291
-0.12316786678313	0.182367460676864	291
-0.111484987437875	0.196699628411384	291
0.107189817417097	0.623385691814257	131
0.054125062582816	0.469005245016992	131
-0.00299000936916899	0.307102957917259	131
-0.051985360043354	0.258973087900786	131
0.031758699040502	0.23375862103934	131
-0.118276534976655	0.166493284235517	131
-0.075750479307047	0.230219047017286	131
0.021819476163307	0.337030219338901	212
0.120513013230251	0.470824706471928	212
0.124424160056236	0.144957762329123	364
0.087863150745866	0.394916386072207	909
0.059476339924844	0.291603807890476	1
0.00280838890590901	0.218314712508945	1
-0.00456980300080401	0.228141516157747	278
-0.004407884622913	0.240399523895209	278
-0.046102379838	0.177838776940677	278
0.02484730349466	0.3036688333505	278
0.076364312780352	0.300904092557958	35
-0.050288964994928	0.148899982464019	35
0.065870304386692	0.229380276999992	278
-0.049613096396331	0.124800070780449	278
0.031223410594012	0.134575423721845	278
0.095063221557226	0.228303004893661	278
-0.067809968952021	0.135349720107819	278
-0.047372202183503	0.129023570538897	278
-0.026005022123512	0.132185424285575	278
0.086216166121557	0.144260187050504	393
-0.066123596475968	0.133120909648681	41
0.110150160317252	0.894205936938285	65
0.122039076053043	0.897215916013462	1933
0.013762886174148	0.228954781469348	65
-0.014182977061309	0.19956480886467	65
-0.120550957501596	0.148363660121715	65
0.116398306148263	0.523443873604527	1694
0.053818255219381	0.408254507322208	65
-0.071204795246636	0.213579687890965	54
0.03669458386999	0.328228872728517	54
-0.033508763257098	0.124477075868009	110
-0.072431858682296	0.146335285858834	88
-0.046506233829894	0.273708191796234	366
0.103420447113904	0.38918959585813	88
0.024582828303954	0.208628159282866	88
0.030768806160965	0.337272821521568	1568
-0.01912930459528	0.312644517864279	15
-0.000928503308502998	0.374564126514578	15
-0.015124891368989	0.304258333687431	15
-0.049366622615875	0.132351561214124	15
0.109265812310703	0.406001919913027	117
0.055321640429871	0.404364100838414	117
-0.051310037986502	0.26065400239915	117
-0.106736803558851	0.15257474496667	117
-0.056118797871852	0.136708310642784	117
-0.055235183924002	0.191572830152331	117
-0.060268039092692	0.173419503852895	52
0.033358482683127	0.456042863629184	52
-0.110413763350808	0.146111051898148	52
0.101632197874809	0.592295544279244	52
0.00551525381449702	0.456998527389686	52
0.022452393187562	0.230900414112074	52
-0.022080764631619	0.122487861319448	52
0.05443471251665	0.399673504809339	165
-0.026203713915238	0.277731826138955	165
-0.060356752736339	0.217070520685246	392
0.103574090191312	0.460823998219475	392
-0.020230866843059	0.261340490367491	392
-0.026119003560744	0.124623015901944	392
-0.041331347964789	0.13055510712241	392
-0.04112694370299	0.1227899894599	392
-0.109572219742837	0.18283865399567	467
-0.080799133470162	0.233572382671135	467
-0.109963819576675	0.162676854461483	467
0.059054688773402	0.468316716002017	165
-0.036490046834392	0.300995745823829	291
-0.079477681890982	0.244669445750041	291
0.048840595492476	0.502507591088843	291
0.069167298994366	0.497601297755523	291
0.090908472826108	0.620158980079264	165
0.065676380576747	0.229952003914729	131
0.00949639800170499	0.389182494052315	212
-0.032848590029967	0.320906305511179	212
-0.053030393817301	0.12727710852297	364
0.014069486509854	0.135660070572699	109
-0.064514857117978	0.150282832069351	1350
0.051821930789608	0.406282144108995	1
0.089344053068404	0.404662669507273	278
0.100196636311365	0.46335582797089	278
0.014119279937436	0.336218432923566	278
0.09785968858617	0.464780149539707	278
-0.009781808614512	0.292945563583918	278
0.041786706819463	0.359466435854825	278
0.086534557566636	0.313022754667864	35
0.078828937887653	0.309258281765091	278
-0.049813115496918	0.141436361788247	278
-0.030393837983944	0.132674958140499	278
0.056652294240423	0.226432926125654	278
-0.103363531917827	0.382335224370407	65
0.101645245233239	0.686937728711795	1933
0.079166089496661	0.866826448265319	65
-0.090710009579327	0.296574403356583	1933
-0.078684899665721	0.31357709505361	1933
0.11621790241745	0.714683487755156	65
-0.052925195224055	0.165434063722706	65
-0.021174164638759	0.300710584960877	65
-0.060549555007975	0.228867469266188	65
0.037254536215128	0.237575499184124	54
-0.0346793524936	0.130325893389983	54
-0.044833798534327	0.13005751428732	54
-0.050383528657624	0.149388452172131	110
-0.12267086251214	0.115871483940929	110
-0.032762980325121	0.140751046854674	88
-0.029338463001882	0.132081820973703	88
-0.050161347167801	0.133127349364477	88
-0.058189827824447	0.154335010075118	88
-0.044454591357672	0.138462225773933	88
0.058117526937283	0.328519273264942	1568
0.067955637075482	0.314969650224057	117
0.105466956445245	0.413695618999966	117
0.120559944725069	0.400046333158398	117
0.054287410527984	0.338909491447856	117
-0.054535180984869	0.117427626294288	117
-0.043663231651722	0.13458228715096	117
-0.100824636083547	0.149999423592714	52
-0.068754932223563	0.164343027110987	52
-0.030178902865947	0.292449433177938	52
-0.112281591489889	0.214680046165453	52
-0.059802104702265	0.143976579621895	52
0.00142584379723198	0.130689845279253	52
0.002522381841502	0.131542337052499	52
0.069552442027449	0.429705405059722	165
-0.10520469435113	0.151441840457125	392
0.110274117522823	0.563760440451768	467
-0.083467008789408	0.242258086298184	467
0.008399775685352	0.230720230653168	467
0.049320479352097	0.314178394719677	467
0.027920083942072	0.346442590136185	467
-0.010041196698444	0.205642237828758	165
0.063901232975166	0.482781935276934	291
-0.025228682119009	0.40612212517192	291
-0.001764337495301	0.426284906983672	291
-0.083868182069439	0.280335403540067	131
-0.046634345643253	0.272435269526235	131
-0.112386649076159	0.142021345114374	131
-0.092784025765613	0.230050143674772	131
-0.007265148471473	0.36931382609587	131
0.009650942875014	0.389828505513792	212
0.00334515878702402	0.131305473824758	109
0.097488295679113	0.224309933995289	1
-0.05039663642799	0.123621507066651	1350
0.124501685616813	0.151295106265293	1
-0.072551241200533	0.151977734439598	1
0.117768094272578	0.538139311417513	278
0.093241864464279	0.479202224891842	278
-0.10371265698966	0.158557400781853	278
0.113713071506887	0.490153694772133	278
-0.066145912544217	0.173387287575588	35
0.075506854308219	0.388046294947815	35
-0.063559177068626	0.191983059547837	35
0.034093984682119	0.311146377884823	35
-0.121754589261944	0.116513942961543	35
-0.052485531459867	0.14634644482369	278
-0.056728383178644	0.148034629533267	278
0.052009212928994	0.226680146786445	278
-0.045311756709292	0.129656069674872	278
0.063060076481466	0.134797765272672	5
-0.10334016576522	0.386437797634485	65
-0.048388816095745	0.52794854373038	65
-0.099162564837236	0.254601912054595	1933
-0.024416867185677	0.404892854941357	1933
-0.043290406024792	0.357813996506512	65
-0.065195320153187	0.220719038674298	65
-0.048044185121423	0.248402164192882	65
-0.019102757564165	0.369832826013608	65
-0.120886730963496	0.146932192471332	65
-0.062734651805679	0.25883561000519	65
0.01935031637387	0.306598200670517	54
0.051978684008954	0.30237055845963	54
-0.038936246853997	0.123799191229755	110
0.00610265121820902	0.349034140255375	366
-0.052318831309795	0.150107368762629	366
0.085650563572036	0.228716626374135	88
-0.070828974720187	0.150914930099251	88
0.014749227417157	0.247071913448854	88
-0.057671733709984	0.157962064500525	117
-0.057014807605258	0.159516266402347	117
-0.120583256676157	0.109116363982538	117
-0.063744102009006	0.1636641453748	117
0.102399152995001	0.467295449777047	117
0.09985182218767	0.459959614209198	117
-0.106882334188006	0.173499967744287	15
0.041214438644795	0.380908060817032	117
-0.043363438451913	0.216007778189091	117
-0.020280842157597	0.236194298897584	117
-0.075917175647517	0.143795725627891	117
0.035852085109398	0.349186504820789	52
0.00576362075403403	0.220984101102045	52
-0.087498162353695	0.246539047461492	52
0.122315911200482	0.830922503562217	52
-0.057613169029682	0.311830326076448	52
0.029553932146908	0.360770472007822	392
0.028091709375181	0.230791812667177	392
0.047799079519636	0.233275499077513	392
0.099628095730617	0.611316217895495	467
0.102351285693245	0.456312121515227	467
0.01199526502149	0.227488448708499	467
-0.064053026594085	0.246883585607556	165
-0.066721093361295	0.249568872641887	291
0.112690990092775	0.635398677325778	291
-0.034103129943435	0.371480046760841	165
0.033780194973533	0.50627855793212	131
0.024123481756728	0.48776542623183	131
-0.060741455536259	0.27386598630988	131
0.082997282829823	0.233662225420315	212
-0.010832692102402	0.13275934225027	109
0.115796994771756	0.471375180260439	909
-0.045573149182388	0.134335374074429	1
0.04370778076487	0.321019496402977	1
-0.02773537251376	0.227256486418408	1
-0.026850927033715	0.252525573589788	278
0.055193366856405	0.397818532949299	278
-0.092740392343824	0.182922650889295	278
-0.013390071669375	0.348404147534516	278
-0.053630204698945	0.147447863243174	278
-0.05958678672808	0.133584252487747	35
0.106979966839009	0.382349799398074	35
0.016432901614088	0.219879958253722	35
-0.118939895562267	0.104338151829977	35
-0.023080009786786	0.220828138602503	35
-0.066075962437551	0.196698451067674	61
0.00628189417077002	0.230920577098206	278
0.077561668755645	0.22245534089021	278
0.035164102432965	0.138693956505318	278
0.078904022397637	0.149732089823219	5
0.097177343908114	0.223622280160274	984
0.00981000957721501	0.136095621112733	41
-0.118862445090038	0.414086620042257	65
0.057116154054331	0.57505525761509	1933
0.121887555222763	1.0196346903432	1933
0.118316273976695	0.991725225893162	1933
-0.048455973141872	0.41516585413855	1933
-0.062173561317432	0.365711695946262	1933
0.051163512667504	0.577849091393828	65
-0.09862782810699	0.246448495882063	65
0.117013316557699	0.316476416394141	65
-0.105430463058507	0.142395495162943	65
0.067206389299268	0.326661237024954	54
0.07091073909685	0.140909640509279	1756
-0.047546818349742	0.150889679213437	110
-0.060630868142737	0.243096759823753	366
0.018015219768695	0.296594326084997	366
-0.060459731208252	0.14540250283351	88
-0.121396610532411	0.118334512176009	15
0.052607524165563	0.446223927178549	117
-0.067868035389927	0.175282649941696	117
-0.019043577393665	0.240836537218104	117
0.076800693719378	0.319975544299133	117
-0.11942409834244	0.115343429365187	117
-0.121385818278149	0.136002101268204	15
-0.024718183417234	0.253095647311958	15
-0.069000460393032	0.184109412115404	15
-0.111281847802328	0.15822436325141	15
0.013615081806247	0.229262028991692	15
-0.11373066550922	0.137963631038491	117
0.024083824003826	0.308446054635107	117
0.00688664110183401	0.236311571783523	117
0.065603226691546	0.388358225231895	52
-0.106308030651156	0.212757280408006	52
-0.098728151545416	0.194752057515815	52
-0.080969828177892	0.244570363575003	52
0.116171550883634	0.760644821432229	52
0.00797093549473799	0.466074216127939	52
-0.067108399434513	0.198483854464733	52
-0.036730538089834	0.124293668078403	425
-0.025693309450875	0.324921807230844	392
0.010919195834933	0.351460615526642	392
0.0804608178856	0.225962081113421	392
-0.045164766785791	0.140333831212888	392
-0.030002637509712	0.137180478527423	165
-0.041981791870066	0.129380659247661	165
0.120567694659386	0.515359169630434	467
-0.097130636841635	0.193466479296333	467
-0.073988599691613	0.230698563006315	165
0.035734817373911	0.343597021332637	165
-0.048163137761327	0.319581192188227	291
-0.036878108474053	0.377901763041376	291
0.04583225766896	0.616121647379001	291
-0.067050929871253	0.260066949791687	291
0.037225435730987	0.465716068080964	291
0.097766419223249	0.740411227404637	291
-0.00393140381462201	0.375700100551302	165
0.104013874968019	0.555423592877627	131
0.086995730809003	0.642197473935914	47
-0.059450465571886	0.120013356925425	1
0.008585001825409	0.135159253780685	1
-0.029953008574581	0.121552101294855	193
0.075244879350915	0.308214204497838	1350
0.093244254248654	0.324389663430103	1350
0.045069469098005	0.333744819945742	1
0.090982277899786	0.301615667665714	1
0.013366960709539	0.307642214846013	1
-0.068945963911358	0.182661995942339	278
-0.089655395128457	0.179693870174955	278
0.053076891250117	0.211717022066365	278
0.030459957712685	0.240123190660353	35
0.00897724203247202	0.229900219600592	278
-0.044445329290127	0.145654479262499	336
0.000593373576654011	0.220468062056864	278
-0.019147456729154	0.127356863530308	5
-0.00631745825996	0.124704285081569	5
-0.018016386664352	0.129884584227095	41
-0.058427171458396	1.14569712028934	65
-0.086558159266798	0.643832226860601	65
0.023051999108294	0.478776344508635	1933
-0.00145817484795399	0.580619992866921	1933
-0.045031400708081	0.439795556883882	1933
-0.094942581148162	0.318633717561658	1933
-0.080657548253697	0.342300190249817	1933
0.108270511924175	0.888107738211985	1933
-0.00614833070267601	0.48805270079384	1933
-0.113375083692662	0.228767377805482	1933
-0.106349561527408	0.206353998291395	65
0.069432230738115	0.475419225653541	65
-0.079916312865617	0.151522763312538	65
0.039647535195332	0.302324215547581	54
-0.009446169971189	0.133191036184743	53
0.07936570707592	0.238410574384554	88
-0.044569877996833	0.279839829979873	366
0.026267806708794	0.2151776895351	88
0.046566905815652	0.320889757181336	506
-0.056219476953353	0.190246202967228	88
-0.051892939738395	0.136120652921924	15
-0.019481855149214	0.236260389231663	15
0.058349384044717	0.442537491140711	15
0.010156140611329	0.241214576503715	117
-0.069226851729864	0.170124805001626	15
-0.07369613524501	0.148902480926613	15
-0.114690085462592	0.126966475758997	15
0.065596028852761	0.395739638502352	15
-0.056807259056439	0.182529147013556	15
0.076205040514529	0.376078964706496	52
-0.071084531383425	0.28162246246159	52
-0.112434036142902	0.133406489272425	52
-0.022695224278981	0.335918424924222	52
0.02785506172309	0.474087025452323	52
-0.097856993841593	0.231942441155236	52
0.003594554810047	0.39558608093667	52
-0.108214186934681	0.203996443041514	52
-0.080725224959533	0.182697308126679	52
0.033047976459766	0.141080545993463	52
-0.017782407752917	0.264558129701197	52
-0.05508425341311	0.230103828078227	425
-0.023699864158112	0.126979792741107	392
-0.050239101156796	0.138642115242246	165
-0.082345498885088	0.230649478602127	467
-0.058058300568897	0.131503878258246	467
-0.017455913249712	0.255923985745073	467
0.018324013752781	0.488688773021286	291
-0.00337070322754901	0.409758334993585	291
-0.093509898300043	0.210162175299469	291
0.028339400137525	0.430375852803212	131
-0.052345687725563	0.283373044059553	131
0.119423142048393	0.569673538590005	131
-0.063997179304542	0.167878895199031	131
-0.070923239241209	0.199873199054796	131
-0.013952686967191	0.317105595066376	212
0.068593301918013	0.21761067683591	212
0.00140187121148	0.134619891794845	212
0.032313570019092	0.232022893515992	212
0.024997717971281	0.130165279932916	1
0.032747950679463	0.138826781737774	1
0.048510262067335	0.235043274608081	1350
-0.00959234967405501	0.234979807033589	72
-0.069745823748937	0.172974308346569	278
0.082803575888682	0.314019252821243	35
0.124017664209062	0.229871022629692	278
-0.055992930060801	0.135292052263688	41
-0.116291848043795	0.912476882981628	65
-0.051813189486922	1.16207631123709	65
0.01741580312078	0.38656049329185	65
-0.058116421226193	0.249919350566572	65
0.00632766195317402	0.216034968487461	54
-0.051893152536103	0.131282803667665	110
-0.049219684252245	0.14556749421853	110
0.017364202813829	0.240074273211466	110
0.010158294836654	0.230289820641232	88
0.094936518878506	0.520678052041397	366
-0.039789603304316	0.134375026460211	88
-0.071083752427209	0.157416104439111	88
-0.00513289507617201	0.277668626412086	88
0.066725536207333	0.404705608547088	88
-0.034915159097247	0.157522069025412	15
-0.063408773958985	0.187597726454037	15
0.094281105145768	0.489907910005928	15
-0.121925141847497	0.115658295706142	15
-0.069297538813354	0.14262325388524	117
-0.060034873229663	0.126423079998862	117
-0.069651311449446	0.19588426125936	52
-0.077813332218069	0.161525737695036	52
0.013890342390156	0.316734703698665	52
-0.028299966763474	0.328988091902345	52
-0.023680697449954	0.388010162708289	52
-0.091788659066537	0.242263964761677	52
0.00265943542866298	0.346502245469891	52
-0.072084199344743	0.266745115577248	52
-0.099032082587539	0.217558748541297	52
-0.083833459321549	0.247543648147313	52
-0.064186214853524	0.286230515598021	52
0.033929342599162	0.473476245581132	52
0.03635834911407	0.138398008821889	52
0.016889595686691	0.22406026368526	425
-0.051178108692573	0.141554300725679	392
0.086861134156149	0.231227725799505	392
-0.049881739190361	0.139207146913006	165
-0.049243366499362	0.287610496222431	165
0.064721980424495	0.475265301494613	467
0.052447873625074	0.23504181804632	467
-0.09917797787597	0.157778881741929	165
-0.123974401196716	0.182596163315071	165
0.050509167756635	0.502457001845153	291
0.00597774038638799	0.429706187337874	165
-0.019587196891176	0.377110336864186	165
-0.116883563468324	0.195489466435866	131
0.072494775458241	0.634164261978298	131
-0.038740460740145	0.347904321188228	131
0.055442792655888	0.473105230731617	131
0.012645951734684	0.371769969859797	131
-0.122991275737611	0.169545978341511	131
0.00655212115432702	0.262831578334445	131
-0.087232421592171	0.227089128336242	47
-0.085398813410201	0.227438442237101	47
-0.038900344538079	0.341285869993583	47
-0.032509482416713	0.125287784792564	212
-0.06236175459189	0.148505678352874	212
0.074594931972307	0.218755608854027	212
-0.024791720670726	0.126489846100447	1
0.063177480515873	0.2182281389763	193
0.07332344208159	0.316926230553016	1350
-0.0199042504197	0.131432749087889	1350
0.086169861047085	0.314125160263615	72
0.00943458735096497	0.35633345514198	72
0.012844829606199	0.366635224698988	1
0.02823025637891	0.318238623720848	278
-0.066794984827784	0.148488650785104	278
0.055584694008626	0.219014677390013	278
-0.082775393510414	0.157203527335021	35
-0.016583916363194	0.221323749070918	35
0.117571150901404	0.453778201932331	35
-0.06511624370686	0.136899808701326	278
0.055623528584256	0.230883019781148	278
0.083446795999506	0.208772476051271	278
-0.050665196413414	0.141600251335627	278
-0.012824414925389	0.130994444331323	31
-0.053349949709944	0.50056092484511	65
0.00926685417460699	0.491570382048646	65
0.09517597059413	1.00157152727422	1933
-0.019605194903539	0.537494196893824	1933
-0.049326304675224	0.451050253555474	1933
0.028426175561392	0.239063052267911	1933
0.066317676914019	0.430249567321783	1933
-0.050009296630961	0.267203131046574	65
-0.02899967543347	0.122254073771068	110
-0.062092068334249	0.191191190770705	1756
0.037195073262315	0.140890752123654	1756
0.098208768405678	0.232180563635321	110
-0.050690399749135	0.123860701685142	88
-0.066864061731396	0.151566651968534	117
-0.079792986425363	0.136621446680731	15
0.068343030030788	0.311598545471884	15
0.039971912981902	0.310996744285264	15
0.010918070455305	0.332502703589914	15
0.024973119959166	0.338863998595774	15
0.024693664079279	0.31365434941519	117
-0.00877811904260201	0.234806057381778	117
-0.012304859090747	0.221910839836347	52
0.016719783227838	0.320950130489799	52
0.016037982672811	0.386883809100845	52
-0.011374685534623	0.371807810093978	52
-0.016052095368672	0.236668428349974	52
0.067374351756422	0.2089903084461	52
-0.020945162478459	0.281321513437768	425
-0.0152813569574	0.32006029880813	425
0.057305414654359	0.234002313936492	165
-0.118427255999748	0.122434444894905	165
0.088486706720298	0.555940505828316	467
-0.014636939825005	0.27577436946171	467
0.038359280296372	0.319511903810655	467
0.053040475432198	0.446075992538346	467
0.093999141934207	0.229137558542489	467
0.102447728487696	0.504255313096351	165
-0.037098831125653	0.361490046804642	165
-0.055330534721972	0.298209619038333	291
0.082160802528138	0.595037239465494	165
-0.00196421946620201	0.420357594104302	131
-0.067162730186781	0.144181595462936	131
0.015541385839131	0.447440618786082	47
-0.041161105462729	0.32771535707405	47
0.027802823563523	0.134321210358878	1
0.00894381294778201	0.234308676152648	1350
-0.00347835491348	0.245038841554268	72
0.040992153018178	0.347340020788357	1
-0.037931618540136	0.239916068170599	1
-0.048621468914756	0.125184436773329	278
-0.049277966135859	0.172518972327324	35
0.116681091430506	0.373732761405183	35
-0.010101723844798	0.255497263936585	35
0.03493168600241	0.324493716082711	278
0.09508107438601	0.220402239592167	278
0.03720644821911	0.235726744272272	278
0.040714886280654	0.214686190673529	278
-0.014532711154873	0.234018149160271	278
0.11705403111763	0.22370690749327	5
-0.103178928749179	0.399849880419266	65
-0.088027244768478	0.410054225605974	65
-0.065103697371814	0.343841891077371	65
-0.071486305023949	0.461093656009642	1933
0.032853801181199	0.737500604261743	1933
-0.116521570956271	0.297770151576132	1933
0.105822199855218	1.11146244857058	1933
0.09056982659346	0.940069875459123	1933
-0.047055733810958	0.464189831665051	1933
-0.090206942562077	0.289173932254003	1933
-0.081936715801157	0.279155305654677	1933
-0.025031982071544	0.372751021672378	1933
-0.052925195224055	0.165434063722706	1933
-0.060797466856006	0.23915842704533	65
-0.017887364396604	0.344611696034238	65
-0.11091521532472	0.147716756722246	65
0.041924170915828	0.518595933346776	65
-0.056777051384386	0.255622559961157	65
-0.029110831003565	0.239085996794887	54
0.047605920908574	0.306917234122481	54
-0.047332391917254	0.128056236550281	54
0.03866061561441	0.135274999220296	54
0.091900786225912	0.403740489119877	1756
-0.06185909659871	0.139924198714073	88
0.106689898887073	0.235800418527221	88
-0.068900544558928	0.201908319657107	88
0.015674008181293	0.325931251730438	88
-0.028336783034626	0.289376957375458	88
0.101397482808089	0.228951546985888	88
0.038666357886713	0.223547603058758	88
-0.049511500132247	0.168883515347648	15
-0.103067786870557	0.1672460190326	15
-0.050996793703461	0.21316664473767	15
-0.084109337425052	0.203846551886825	15
0.062019743010394	0.376235398411533	15
-0.070985799654508	0.162541273134538	117
-0.067417348013479	0.188675816486628	15
-0.016453709370824	0.250483300398451	15
0.024831292280177	0.322435644046586	15
-0.00340662996612201	0.248170640269867	117
-0.057366996132623	0.223821662901345	117
0.031354383509396	0.241781295410534	117
0.034248201941014	0.321387524418681	117
-0.045055401433684	0.14673936077187	52
-0.065906384936913	0.212074736431653	52
0.054605127032657	0.422205446783754	52
0.024436767504078	0.486828505024243	52
-0.03256500371586	0.321226006634433	52
-0.040060760279137	0.126050660763931	52
0.00492992113179702	0.304925627545339	425
0.00112440339963399	0.134221040490011	392
0.07537213165305	0.146716739668797	165
-0.067118481236018	0.170509232154344	165
-0.056658683886455	0.143350884357677	467
-0.069207196578766	0.173206210412544	165
0.00577209149657898	0.479168340627026	165
0.033468958478632	0.533925085577257	291
0.013039442528824	0.415961806296102	131
0.025240516244929	0.487151842233079	131
0.00839911124821202	0.450090603314066	131
-0.056118020071896	0.306966965866922	131
-0.069190921468701	0.162270630849132	131
0.111769790664615	0.321389835155135	131
0.00717626286828399	0.261105151604221	47
-0.066071779230152	0.282237778840292	47
0.037166372369019	0.539596186088655	47
-0.021440576877381	0.266788807988009	47
0.083641978243849	0.148893552276933	212
0.082693968075819	0.14795921964911	701
0.067044628204101	0.224966997908474	193
0.104823565845887	0.321535095819688	1350
-0.002192149031156	0.128712976297305	1350
-0.103346737571556	0.166197552161482	72
0.04055409387718	0.143405775286808	144
0.065606991093445	0.415540716333149	1
-0.025883461062173	0.219120904082049	35
-0.013468526579445	0.260596381520988	35
-0.016834850308412	0.271904525085445	61
-0.048955734533785	0.140176377915231	278
-0.043192541405402	0.120962724146158	278
0.033250005906943	0.137621518591144	31
0.059649608548482	0.230469916999456	41
-0.113508351039658	0.415170990521489	65
-0.015482820616434	0.625512266240343	1933
0.102485123639347	1.13774415653879	1933
0.109242537403592	1.09459771868502	1933
-0.056842588299401	0.442122447845365	1933
-0.076568042933866	0.347880536786255	1933
0.011586309874364	0.557997795125124	1933
-0.09281597977853	0.302779057165315	1933
-0.042715617113344	0.395987529678368	1933
-0.10665130131776	0.238398438713884	1933
-0.026164835828419	0.27636998638918	1933
0.012849892289526	0.230778799941028	1933
0.100734366112325	0.395616645341126	54
-0.068813589897212	0.166238116469742	54
-0.022831548679539	0.133914110196371	54
-0.00699011009801601	0.123712980229325	1756
0.07889703667984	0.145619327974218	1756
0.09071565780458	0.316377277012562	1756
0.123689896140943	0.437925923691343	1756
-0.038165210059907	0.157391037797618	88
-0.043395424691584	0.14288136598098	88
0.034512827444563	0.22709323738802	88
-0.051388446116896	0.146655196750072	88
-0.062519091967627	0.169523474545262	15
-0.072386723215879	0.171884654832687	15
0.035607632108517	0.423721334192645	15
-0.115971317247164	0.134122060858924	117
0.00586132879990803	0.255438666756467	15
0.064053739637773	0.320528035834855	15
-0.105240206893237	0.143468302295142	15
-0.101529144341971	0.140601098574831	15
0.053371943540268	0.376862162494846	15
-0.0696808284654	0.156834911805199	117
-0.072152985841186	0.157218463995622	52
-0.031139472069369	0.247710928942017	52
-0.118217702427994	0.176050814474332	52
-0.032616797857657	0.360202078023478	52
-0.092117695447886	0.188774380898636	52
0.070985942901133	0.527769616379299	52
0.110675406677297	0.580622098093381	52
-0.12382255515419	0.179878028957531	52
0.076681757137296	0.583186468688156	52
-0.060272741938918	0.201873098952078	425
-0.026320266318358	0.121777305651772	392
-0.085767064705259	0.231298223183189	467
0.099197522483148	0.533402514222487	467
0.00919984919490002	0.315119338091872	165
-0.00763656205142799	0.234793185315837	165
0.014736498646392	0.47990492759261	165
-0.038350866575137	0.328178293002201	165
-0.021225265417005	0.343412264999299	291
0.019251630067237	0.425284801693505	165
-0.036050413561609	0.332422785377078	165
-0.076606037150063	0.251083224491292	131
-0.088511674489815	0.254467411255615	131
-0.029447000101252	0.301387528949162	131
-0.017872704068597	0.395834383523401	47
-0.032537186154803	0.343351111361059	47
0.065073476748978	0.216447692934098	212
0.069824937274181	0.137687172777588	1
-0.028162000121988	0.131808077608338	1350
-0.010597129249252	0.343922146427838	72
-0.013609976810808	0.235439580890637	72
0.019659895657428	0.354325234161978	35
0.048769782786769	0.438343676287536	35
-0.06042024151408	0.149602846516519	35
0.00375864001404602	0.245132603829918	35
-0.113313448206265	0.126036713013717	35
0.036449166560871	0.331715698132789	35
0.036166861229728	0.314062800444379	35
-0.115290337562955	0.11665076830835	35
0.042470465617123	0.228100042513464	278
0.038813812488242	0.23382886623149	278
-0.055126592223024	0.164197531736115	278
0.090471496965386	0.32727328127143	278
-0.00604096182085101	0.124725019299354	795
0.041113746223761	0.138443154256016	41
-0.081933577583193	0.470689571747404	1933
0.076825535382996	1.11735043327591	1933
0.020829592658634	0.799146675793417	1933
-0.103464430568826	0.336006306199623	1933
0.094355655451429	0.954027899718214	1933
0.092454039673916	0.999177280619282	1933
-0.109636105499787	0.207904869806016	915
-0.0302656095731	0.395498212913805	915
0.11363424841662	0.726469894723421	915
-0.069524681781632	0.282250710376456	915
0.021083120777596	0.125992191390469	54
-0.042620612493746	0.1309114379589	1756
0.108502164953995	0.459307233215767	1756
0.026705254063254	0.229935495876339	88
0.00907865845716599	0.386296093209534	88
-0.090473915295111	0.207978483235586	88
-0.084194114753189	0.213647124358041	88
-0.049889844568965	0.133255620567104	88
0.031076985258869	0.337059858603269	15
0.10843661968882	0.477078460819814	117
-0.013672816984491	0.265706246560856	117
0.094620493528571	0.309484379072475	117
0.089646874867323	0.498883589237439	15
-0.101646509503043	0.186476657274158	15
0.07271131305354	0.38483555785189	117
0.064223509629492	0.415148813590326	117
-0.062744665522415	0.187224391915363	52
-0.09392046622309	0.19049660228095	52
-0.074422805213587	0.276985999590422	52
-0.024551619085372	0.406451161080521	454
-0.070961867317794	0.264235419833191	52
0.100218689890564	0.62820707209953	52
0.102574746060232	0.451617032222608	52
0.111187267691738	0.572816643615279	407
0.117889273744675	0.576282891564334	142
-0.069568266288205	0.196851283112889	425
-0.020830623403382	0.130857033608241	392
0.00334515878702402	0.131305473824758	392
-0.014436850029088	0.25390656904547	165
-0.02646867542916	0.329709991863233	467
-0.028931145849281	0.361098102188034	467
-0.022386163465361	0.437195327364428	165
0.015182884074989	0.473431705158487	165
-0.00766207579827	0.421122248568629	165
0.032526159663242	0.519534235763283	165
0.057274241543715	0.619826710001258	165
-0.033565923627062	0.396928646711355	131
-0.101903281247248	0.235856978762199	131
-0.123392258447336	0.15770642115793	1
0.070776890299968	0.143814460101346	1
-0.060167529616543	0.181793116884739	1
0.119933382466641	0.660611733916698	35
0.022691113220576	0.311167831685045	35
0.031886177907764	0.233956723685646	35
0.06865139866836	0.381536102617071	35
0.01866450921522	0.227109240055855	35
-0.006421514422884	0.246545754267442	61
-0.027329772028756	0.121887499714215	61
-0.050383528657624	0.149388452172131	278
0.06922387397136	0.232062103192934	278
0.038434603751969	0.141123027549428	31
-0.035482315857905	0.645021670636845	1933
0.0354621693653	0.867721315547781	1933
-0.063747358155535	0.412842575215146	1933
0.057421538556124	0.87831634220372	1933
0.105830900363422	0.61500959119263	65
-0.022195892385621	0.409813469603446	915
-0.122485576021146	0.197069834074782	915
0.088304916700162	0.462876655048996	54
0.00569928180741103	0.135399449308917	54
0.098601381380611	0.317393678593247	88
0.04065619969392	0.232942466103063	88
-0.041453294737732	0.131806668855629	88
-0.117899520022671	0.166137324125061	88
0.022715386570214	0.220087959596941	15
0.044106936920405	0.333750420231715	15
-0.068558264093303	0.202843172181991	15
0.022714241262696	0.364068662355003	117
0.10837387628094	0.402318152588502	117
0.016229395223238	0.316136759250951	117
0.088839719982275	0.391265997948765	117
-0.018617075831244	0.272933294722247	117
0.076943651480969	0.387952875358692	117
0.012128570644561	0.235559780189179	117
-0.025184625350053	0.278289871469243	117
-0.108950695692956	0.140305925042908	117
0.047280634913245	0.403571437426496	52
-0.088541511100624	0.256327569940511	52
-0.080170548380591	0.241404156647489	52
0.031892519807576	0.561763030187615	52
-0.09068605848509	0.25800404352877	52
0.08048481510298	0.227036665094271	407
0.046325007638946	0.220364240955658	407
0.000792841680767986	0.351513621010202	407
-0.067545065885695	0.124929398025802	392
-0.061395783308474	0.194236291205006	165
-0.067587245857734	0.208524917676763	165
-0.071821250481232	0.176835201482464	165
-0.014278471957844	0.429164129218533	165
-0.025782866172922	0.441321002000697	165
-0.094091648758572	0.265695814083141	165
-0.055907186932358	0.340420809745322	131
-0.05259769655042	0.389518356438764	131
0.013578410870163	0.438268875626111	131
-0.074494611265567	0.336242953606296	47
0.095010582177861	0.224157987323771	1
0.12429584922487	0.238785864198883	72
-0.119352190952759	0.127555155384902	72
-0.00454283679572601	0.371564755213722	35
-0.123521123636203	0.174428727664119	35
0.002978790363035	0.432374027904421	35
-0.01911831544955	0.22434710242595	35
0.09824567944324	0.232852409952807	35
-0.059284494443948	0.182749554353781	35
-0.02221016814173	0.282377415164232	35
0.066396425937475	0.382301401066659	35
-0.107025569468575	0.159584850968802	61
0.098220453295181	0.234122489415175	278
0.013930999321346	0.136885854456173	1752
-0.00234857020396601	0.122623715049068	885
0.009528911996881	0.239791839975144	41
-0.097414184437898	0.692772812227818	65
-0.046343217817143	0.401766399611457	65
-0.079196773349318	0.560005925239579	65
0.010064115811126	0.847783193104164	1933
0.064587803239416	1.04166762033189	1933
-0.100241718392993	0.327589764137086	1933
0.038156887136549	0.734249655794362	1933
0.013511722955797	0.217740129384646	65
0.083398905494278	0.313651105868141	65
0.030235080559252	0.476551894957243	65
0.064750379582592	0.566678454273484	915
-0.099781199328405	0.172144891177945	54
0.121093608280258	0.327214323448827	54
0.037744423217853	0.141185895842541	56
-0.065649315803342	0.220547836922591	71
0.064688060387336	0.38308122979411	71
0.079146126313271	0.229923897636797	71
-0.037278973479738	0.146761198756125	71
0.091882804180775	0.309554116490452	88
0.00262822309099398	0.27478137909346	88
-0.054924163374086	0.159242857278609	88
0.050655500236957	0.235533270345608	88
-0.11441715108976	0.136518203842532	88
0.015072652450275	0.39012622889181	88
0.068782775903108	0.301330772657622	432
-0.073719112444578	0.16734992543727	88
0.062868276879038	0.447933357055721	117
-0.033724376089858	0.276848124803389	15
0.00148113314165499	0.228215567810759	117
0.116282628263706	0.308181305836435	117
0.00142721421032299	0.231656525456357	117
-0.066020463098387	0.173429627780157	15
0.00681193878172498	0.240018776182468	15
-0.013331961282936	0.244394936810613	15
-0.074415663452057	0.209650240785276	15
-0.020322534894044	0.298591951339926	117
0.059917000006794	0.336830818298323	117
0.101074312487161	0.45912351249943	117
0.091437012101723	0.228730868901465	117
-0.083456482305765	0.232845947201636	52
-0.032960589564806	0.38658148569856	454
-0.103381390449599	0.258939118899903	454
-0.031212577319121	0.348145418362166	52
0.064332875446386	0.508473739228763	52
0.055789126259531	0.566685632907432	52
-0.083799528262641	0.303802665582558	52
-0.060984332696374	0.298941539712171	52
0.088413670250358	0.312714151532608	407
0.021170357209186	0.403677845833442	407
0.116469942459322	0.587428846119459	142
-0.039130499177406	0.130547880128036	165
-0.077461783622932	0.218822418421977	165
-0.064206323098792	0.254927895777956	165
0.025312087197225	0.340006054778122	165
-0.065319722811589	0.282708901080983	165
-0.108442010154962	0.236965433008169	165
-0.060923246906023	0.322724448366194	165
-0.090384338900804	0.278432521637169	165
0.064462742658583	0.658612268427743	131
-0.00238495615061199	0.48809614921978	131
0.067442688913777	0.65566698625534	131
-0.038718253385472	0.404371982547154	131
-0.062485207968983	0.145517607395241	131
0.062250305933305	0.130852503139026	1
0.054679015107726	0.288687345061995	1
0.070114454519135	0.226806612921916	841
0.034057208269096	0.137631910944822	72
0.100358646699445	0.235194666886957	144
-0.059948577176118	0.26235689418086	35
-0.05048688843864	0.152810051490067	35
0.014069458064765	0.134345980460835	35
0.081266902137248	0.399548792434447	35
-0.014229328116845	0.259569272321179	35
-0.106631027020284	0.136625193278142	61
-0.02063197086894	0.212838157322577	278
0.02888919433075	0.13406350465929	41
-0.063931364859446	0.351265204370732	65
0.031551184949117	0.483598721087056	915
-0.030620994937569	0.295613456793402	54
0.034518462699645	0.229134400932033	56
0.083202939620642	0.363324658386116	71
-0.070420242933494	0.19176781267393	88
-0.082742272239607	0.171442255530381	88
-0.035557867223884	0.333081346899178	88
-0.120335563993389	0.112168945082736	88
0.00132905828248697	0.329127711158528	117
-0.123537632980796	0.162593046353374	15
-0.079371804716438	0.211426199948052	117
-0.106566015104711	0.159764214541805	117
-0.014500352192441	0.306622983543511	117
-0.06210422918072	0.229351982981044	117
-0.013348749032412	0.285985827630837	117
-0.02797784603551	0.250153925585513	15
-0.019752463357655	0.297172763726056	117
-0.108702277010859	0.186391277650011	117
-0.048364947475719	0.263634293202849	117
-0.122502093074275	0.14320787181209	117
-0.025793724677891	0.316075093729599	117
-0.017623307082714	0.30118179395433	117
0.024682021905172	0.365275733562317	117
-0.036639831500658	0.264882826239104	117
-0.032839145418868	0.256870435738371	52
-0.048890422283363	0.351599853186981	52
0.00825432103074403	0.465833601893987	454
-0.028701560644066	0.403042848432631	52
0.038181838760167	0.591668177697083	52
0.075797341274428	0.671285197627139	52
0.00656096383333099	0.433435959053788	52
-0.035907804287682	0.361804357574018	52
-0.10259326111967	0.17628151350074	52
-0.064293501287738	0.190037391778766	407
-0.093861243021831	0.195932776117411	142
0.082358273762592	0.562603712235967	142
-0.06909524908797	0.157006517100206	425
0.01448999378235	0.47103573013517	165
-0.092080167964657	0.249155607634924	165
-0.112940060293168	0.216272925801532	165
0.019567755868658	0.409123826729294	131
-0.059287358434736	0.2894275798888	131
0.00402332323558502	0.481504623931412	131
-0.025940083031364	0.355546244597985	131
-0.066663199448024	0.300879013327553	131
-0.096861846005772	0.268689700072553	47
0.047760343284258	0.704250286937531	47
-0.112909961738091	0.197569511997032	47
-0.051756272885783	0.328459281017027	1
-0.028848219257191	0.352470792479253	1
-0.065994135261493	0.180197155672422	1
-0.04217313300746	0.123439602698835	1
0.062418448862303	0.232545169049634	1
-0.032478556975525	0.121043308703824	1
-0.034719360801135	0.131988367353465	841
-0.054333607540367	0.139736178532675	841
0.040236787104878	0.312053989918754	1350
0.037247568800998	0.4636291579007	72
0.051095605862525	0.384868232098313	1
-0.103968287065667	0.191244446799659	35
-0.041215756734228	0.2876802855707	35
0.106255522982965	0.382923232777345	35
0.099869947639664	0.456994651433096	35
-0.013287576441857	0.275584483583386	35
-0.111688754681948	0.149460153314593	35
-0.061301177371986	0.173041876135395	197
0.010876520623812	0.217560942558421	197
-0.123436394958913	0.120142832947743	197
-0.045190343714796	0.152362271663546	61
-0.05996495790664	0.157003378284357	197
-0.06864444301719	0.161432087895932	61
0.046921472147003	0.236361205342175	31
0.08460563894177	0.23434572917181	41
-0.073247872201977	0.170894526948404	41
0.113848360236127	0.388010998912142	41
0.072674060565081	0.142437237023838	662
-0.080910953279051	0.479726727941638	1933
-0.024525222449927	0.742187717343824	1933
0.098970477621088	1.31984222768369	1933
0.090200604085784	1.22296967604243	1933
0.110513065684641	1.32914981902274	1933
0.02925494347035	0.759771140755281	1933
-0.042117319039339	0.468958701060094	1933
-0.01948725950582	0.520098331198259	1933
0.041488901891502	0.657751098936156	1933
-0.073275955701392	0.34698736654064	1933
-0.10760682570063	0.241422750523725	1933
0.097267883003489	0.610361836030388	65
-0.014513246834785	0.277496474355191	65
-0.121086768237767	0.118328915386182	54
-0.0469991553107	0.135179667245623	88
-0.10995429941586	0.14395533342464	88
0.092898841220315	0.222250642342576	88
0.034846549920986	0.293136109222166	88
0.075508535629267	0.433198908778952	432
-0.110490659180473	0.151952199675381	15
-0.061767865939833	0.189434605523681	117
-0.068161715029819	0.207197106073244	117
-0.026936160848748	0.306463519002697	117
-0.084728284497997	0.191631617416878	117
0.00959272159431401	0.227853211604891	117
-0.016118849992004	0.379847705299552	52
-0.085094751082265	0.222971426418309	52
-0.059375234544935	0.310258183101628	52
0.079578306281748	0.596087412657596	52
-0.022298570489001	0.279871793418734	407
0.115929778240289	0.374953077873576	142
0.077278858658612	0.38769783160494	165
0.09146549424341	0.525660951392644	165
-0.09602418567473	0.200331112824836	42
-0.068224207270164	0.196229208990032	42
0.116540032720941	0.319118762333183	165
-0.005568634294775	0.336521837293652	165
-0.005895978780838	0.33615113013546	165
0.037833384182093	0.32405452163129	165
-0.054901728184816	0.32485259557025	165
-0.109069350676212	0.211868201852224	165
-0.066633472222088	0.312426988095609	165
0.110930933236301	0.710829571430745	165
0.017972409416737	0.424443293523717	165
0.014176978200359	0.486372191554815	165
-0.11178311223965	0.193168580573834	165
-0.115764333647022	0.206330815728303	131
-0.047347058451379	0.303151512918143	131
-0.068713216605161	0.177522461511362	47
-0.10660660796583	0.213632510343597	47
-0.00604096182085101	0.124725019299354	1
0.00744383576160002	0.13681679786995	963
0.00734443163679999	0.132579705856685	1350
-0.106782458287437	0.169199331165273	72
-0.01638994566896	0.233333548196213	72
-0.011656792239553	0.326250489628151	35
0.049064353662051	0.417358396685086	35
0.019098533411158	0.228808576926646	35
-0.00402954153903001	0.215999888377534	197
0.064775251892988	0.304215596103231	61
0.066495588423366	0.321231585833192	61
0.054789745340033	0.213685263364141	197
-0.047483588292022	0.142413295045395	197
-0.06710068171344	0.166577537630689	41
-0.074380347859249	0.420168042217562	1933
0.093595456052844	1.53673288818976	1933
-0.049791117970059	0.727507782699937	1933
0.058345910599819	1.25023383716635	1933
-0.096387224017034	0.464292211587749	1933
0.121116529919237	1.41517564319045	1933
-0.044451337546553	0.63589247314844	1933
0.028252429565082	0.92487940174196	1933
0.02201802360096	0.786977782386667	1933
0.044725522011316	0.814938554190543	1933
0.05808332959483	0.89388650506653	1933
-0.070462621138885	0.388463581129075	1933
0.021864939190629	0.643817801843366	1933
-0.094639093320787	0.297064662779999	1933
-0.10786406215528	0.276406786289805	1933
-0.015069149790427	0.358773731683283	65
-0.104335575347687	0.211239463027702	65
-0.109355460634345	0.176199615429438	65
-0.017713059748916	0.234963130674751	54
0.007425169364074	0.272272009944113	1638
-0.06392904509639	0.123843568147797	1638
-0.046732193460118	0.134960923525857	71
0.05468035036999	0.311891857940458	88
0.102913899155443	0.367515288422081	88
0.00967504517765	0.136446126626464	88
0.052011025517375	0.401950929316384	432
-0.050445959111191	0.132311597664773	432
0.091314994416309	0.400554517899741	117
-0.103906628899131	0.18211717855544	15
0.056492753381067	0.380647349786652	117
0.06760611158906	0.302099601244663	117
-0.11882695395602	0.125615566463677	234
-0.124105070233509	0.112648317820491	117
0.064384679098	0.370027745796522	117
0.015856895343101	0.371377178086662	117
-0.011281179941977	0.276865211639909	117
-0.054249569177564	0.152061202386795	142
-0.094696343734719	0.271593089988753	52
0.04071028975998	0.401777108697408	52
-0.063952814604686	0.200667918019611	52
-0.039777243071994	0.148548692370299	52
-0.067388754946915	0.188590715570463	407
0.00982412608002098	0.354801030946132	407
-0.108316018250637	0.138194781819864	142
-0.108205649118732	0.206577457737439	42
0.081546866074308	0.490524180980579	42
-0.058014877086191	0.159571577121073	165
0.105637959829282	0.372354862911413	165
-0.070459992822988	0.247270442127436	165
0.0838780147961	0.387673854339077	165
-0.120607362792299	0.207341100625918	165
-0.064167394570475	0.299242393878086	165
0.030864737090718	0.499178298835339	165
0.018800289648596	0.528625378008057	165
-0.077119849745086	0.270411598463549	165
0.054107797967676	0.568309079665072	165
0.119406293040398	0.738674887395075	131
0.074146861782331	0.669621748059188	131
-0.061263329720696	0.277290150166702	131
0.109344668371243	0.563588995730125	131
-0.011721653890362	0.4566485423841	1
0.07706120074132	0.595416950900336	1
0.124214651395938	0.235192538965313	963
0.087643167539623	0.215093277904577	963
0.021572389068735	0.120995425956251	253
0.055873475791415	0.401921312705423	72
0.031408258459507	0.317299238900535	72
0.124017664209062	0.229871022629692	72
-0.005032854679618	0.342625224664179	1
-0.074461838409837	0.24823949923022	35
-0.083059150236675	0.15274607051537	35
0.01207007640209	0.233635750197159	35
0.118669967764544	0.381749095397873	197
0.106119340189552	0.466480883620269	197
0.021182681837587	0.303315143059957	197
-0.053268473811324	0.133992859217592	31
-0.017796246550211	0.776659494119494	1933
0.049977168450319	0.882925253905597	1933
-0.110874350804602	0.480463290904551	1933
0.109321991966797	1.62975742299273	1933
0.101158324497279	1.53613558142461	1933
0.070499424881812	1.22570782500084	1933
0.052963862375754	1.00148687301375	1933
-0.035557315937245	0.557749237880493	1933
-0.046639429708866	0.485961305089197	1933
-0.036679244572059	0.480899058167479	1933
-0.08100362635566	0.372495523270447	1933
-0.074226547953268	0.358052409841833	1933
-0.034595088925929	0.31635185674293	915
-0.018377110950477	0.385725327143352	915
-0.08637582403088	0.253906752296506	65
0.023884175229027	0.238462260913097	54
-0.023263972028439	0.231000062885299	54
0.039762749241902	0.142240369619365	56
0.040195090842676	0.231571261021788	56
0.104445000050134	0.300849568044657	56
0.053048918658635	0.225919896185708	1638
0.105571993060077	0.40462486030407	88
-0.00861149929966201	0.233900937059644	88
-0.115809929646431	0.16465344870392	432
0.016043990649666	0.320605472848327	117
0.064980499422856	0.471927777188182	117
0.028267604673029	0.395956128134061	117
-0.123399903256959	0.119005686279675	117
-0.004513391618514	0.2384393837147	117
0.013026757698021	0.234456164597587	117
-0.103025334280518	0.148379419396269	117
-0.002977334784694	0.336329724925008	117
-0.103663617844843	0.150905842679883	117
-0.062825362025255	0.203244948041873	142
0.075437729723848	0.470209598461916	52
0.064747023614479	0.600869899552884	52
0.024588373798278	0.380852738307085	52
-0.046859215241836	0.33674569870756	52
0.030019911223208	0.57350754671615	52
-0.053980252967284	0.285084096075205	52
-0.06497908897767	0.209291595627469	52
-0.031686391416614	0.119327866960126	142
-0.110614891910343	0.15417777849382	407
-0.110023708594257	0.214975564221739	142
-0.00204528160856901	0.313467754616471	425
-0.123159437119432	0.128221240693767	425
-0.021838066972777	0.129486759022189	425
-0.050331991014157	0.137691293475176	746
0.084583793477544	0.227464027043652	42
-0.085201776656531	0.232828238096658	42
-0.00812935567491399	0.332954649771636	42
-0.016480298230147	0.256650912601837	42
0.099217624223619	0.320576571373902	165
-0.110538721978861	0.139245665719678	165
0.067451858008349	0.312970345456881	165
-0.0489632241585	0.335438302867982	165
0.041773629827601	0.52821576100162	165
0.094687465466904	0.716781611271994	165
0.085039380163697	0.651661649460966	165
0.063638059910387	0.612635512422162	131
0.056709317767826	0.642360576937075	131
-0.03684249123262	0.347280897097345	47
-0.061897828624286	0.20710836304402	47
-0.067682455136496	0.199879850860642	47
0.060829236628445	0.605458747102508	1
-0.019548695136244	0.128033772717477	185
-0.04315616053711	0.131722350778228	185
0.084584277483874	0.207588359843767	963
-0.060272848630394	0.15446159008725	253
0.046355588211922	0.310506442293129	72
0.106115800781929	0.481886998273274	1
-0.109033196777889	0.190089907714531	1
0.124092398370231	0.144184074208135	35
0.119406059733372	0.484947403226004	197
0.122146115155402	0.491686544943779	197
0.082499108579484	0.226580960967434	173
-0.025227667244067	0.124107480738505	41
0.00488421681690798	0.224590818001631	41
0.123569381014255	1.46097987741997	1933
0.035157978218686	1.10598876453647	1933
-0.064773495694318	0.56967498885515	1933
0.00836799231618601	0.771916063252666	1933
-0.111503407144262	0.322548599499949	1933
-0.092091664732339	0.371669922719741	1933
-0.11488446475144	0.183345670016319	65
-0.059891076167753	0.325363518113743	915
-0.00955787280178999	0.422133826676223	915
0.00776580826370399	0.134348048637003	56
0.089165633191138	0.30957544977826	56
0.019461663272436	0.234160822574912	56
-0.097834721357146	0.161149714636666	71
0.027047875438442	0.228537364041865	88
0.00989399787571299	0.389437627927348	432
0.089840440743033	0.494052478702673	88
0.062110719998803	0.219404057535824	88
0.114587552483462	0.403178775691064	117
0.077804267363802	0.501456557234501	117
-0.010051546325597	0.340148338929179	117
0.00799750469753602	0.260008595662519	117
-0.064674286621951	0.214297942854513	234
-0.036156268452223	0.224769174898792	234
0.108749139157092	0.469687825604775	117
-0.015474683811647	0.320135485680922	117
0.037872194568875	0.238682573565707	142
0.096280921139098	0.583515411605169	52
-0.01629525589228	0.33883220073019	52
0.124459760454952	0.622272113189643	52
0.016868907459236	0.436737364601491	52
0.095898594838197	0.446797358543271	52
-0.033644950971614	0.128223209946868	142
-0.050678495557782	0.260293477191641	142
-0.101718477039738	0.16693759129021	425
0.114735713105496	0.134614421759232	42
0.085550350803303	0.212083252309523	42
-0.017380976458498	0.250539651868232	42
0.108829889934933	0.668066220899173	42
-0.083672249819042	0.198569281268697	42
0.048958104345661	0.487753138266843	165
-0.059110596251789	0.229020126187996	165
0.090798029066449	0.768333401383569	165
0.056658320026951	0.592470938024234	131
0.067433150086453	0.559467744676125	131
-0.050612711563951	0.355459266820208	47
-0.111378194650306	0.22863804501115	1
-0.056577401183904	0.15037604129148	185
0.00615603227588701	0.130072631497701	72
0.006905789003466	0.226334837103632	35
-0.112132044586082	0.129735149479349	35
-0.01675721401098	0.242186523239722	197
0.097766292698514	0.401926084713733	197
0.059330900441836	0.312552628368617	61
-0.041375872981282	0.129455487189377	173
0.076451103586192	0.14630929998754	173
0.061403616474848	0.30869226759745	41
0.074824686602329	1.53923305592744	1933
-0.097934130617657	0.422050259686956	1933
0.00593710900082001	0.861482807431491	1933
-0.079613748079902	0.415391561022598	1933
0.07010502228615	0.424075027628188	65
-0.094786007895878	0.227003889835637	65
0.035105384806761	0.597318850962506	65
0.095042521679434	0.228558347567381	56
0.114179007887852	0.445497566467762	71
-0.055241999505783	0.126414275881125	71
0.0331754430044	0.226276676685836	88
-0.065597959539154	0.151544641538956	117
-0.107473687557176	0.173961272712796	117
-0.100718499098933	0.176247552490288	234
-0.029222482247469	0.253035939286794	234
-0.004332661067243	0.24708682373432	117
0.012204181478471	0.344247285371662	117
0.038389716772074	0.324746935205804	117
-0.012034816781747	0.255551410730568	117
0.06335692043896	0.221624989722643	1113
-0.078526220957535	0.147209119043216	52
-0.065840207181492	0.294805217341025	52
0.013588341889468	0.424158268811268	52
-0.061825103590507	0.251439700919113	52
-0.06805350206988	0.206127443783791	52
-0.034866193904309	0.212060719413955	52
-0.021823483534495	0.134175729692688	142
-0.057608985723803	0.243759727541202	407
-0.084843349296254	0.208175659788921	407
0.112288167101807	0.484817632968791	142
0.074048562173963	0.431888464303596	142
-0.036813908005031	0.26941487883039	42
0.00442291828809799	0.407999092264239	42
-0.059724223139264	0.158280192407406	165
0.115108041991436	0.642769006567483	165
-0.017591188875462	0.430254309219713	165
-0.067936613320972	0.271964776728288	131
-0.092624328311365	0.253995469317937	131
-0.037795252688484	0.123396389252484	841
0.066305070589125	0.300238158142989	72
-0.067691735562934	0.14052325108188	72
0.067220987201459	0.483871270508719	72
0.027272000217314	0.332540020853842	1
0.042989697338414	0.347370124516645	1
-0.00990468839266201	0.364046288842967	1
-0.050989146846741	0.132385293963976	35
0.037880236502635	0.30875879474156	197
0.089726661184065	0.381104397199943	197
-0.122083338119548	0.112979274191764	197
-0.040060760279137	0.126050660763931	197
0.123375992360659	0.238453596118683	197
-0.047093310877881	0.132588341294153	197
0.030854286109196	0.22604639697881	197
0.058047750170037	0.231175482347191	197
-0.071278794997795	0.171156621631334	61
-0.046276383278732	0.139243757957008	173
0.01283282882497	0.136023832819794	41
-0.065236691577803	0.149715151366932	41
0.027641736297812	1.40119765851505	665
-0.034623880308276	0.832257170209292	1933
-0.04826079619594	0.246259926370288	65
0.121675606090762	0.891173857412053	65
-0.116678539537652	0.192884567958047	54
-0.121784970218749	0.1204144205758	88
0.001376516419694	0.241006615596174	88
-0.014519198457991	0.269208291521904	88
0.032809891910844	0.234465955069417	88
0.034268258652549	0.517258714925477	432
-0.072595090756144	0.171562804295064	432
-0.051103682137944	0.29431526580144	432
-0.094457018653723	0.19622946745752	234
0.114726217047631	0.511244368602176	234
0.048234174999048	0.230316349702894	234
-0.107978363026373	0.140184720094253	234
-0.0781463983629	0.164322804758772	234
0.11158703593782	0.469502154707763	117
0.103070627388295	0.447654120900898	117
-0.076763763871379	0.214677381826299	117
0.086763947419246	0.518776489249845	117
-0.00919779707816101	0.268089030477197	117
-0.115457232701287	0.120209350266342	117
0.044772985219976	0.316857189004063	117
-0.00366477115595901	0.367424364455264	52
-0.118148526695712	0.208087985474593	52
-0.100525994307413	0.224564111517173	52
-0.105375289162895	0.182303803548562	52
-0.031448942758425	0.132566865110164	142
-0.07246375466442	0.211758880354723	142
-0.022195946196567	0.279355079703432	425
0.054813096601722	0.239726941513151	746
0.020174279120817	0.232156815526351	746
-0.048393333810877	0.139701524054608	42
0.114567922433126	0.326977450568809	42
-0.114650055467332	0.169523867579515	42
0.014310382741297	0.446681407895147	42
0.064083097667805	0.543387403511781	165
0.070069823384326	0.389287482350901	165
-0.110962325604927	0.198386724369705	165
-0.079553243891697	0.266401799565716	131
0.01811088228497	0.418905733175839	131
-0.064583335364712	0.145006274981108	185
-0.00602988925721901	0.12564450439428	185
-0.044115598244768	0.156205393765543	1
0.124319677903967	0.151901952192914	963
0.070702362390569	0.305578615683216	72
-0.046454106526091	0.136297057294277	72
-0.040330781522788	0.27371472589513	72
-0.056075136929026	0.237866695387222	35
-0.014698970606844	0.311362321204215	35
0.010973592529504	0.220186063881287	35
-0.017117258492183	0.260183411026693	35
0.012198539445186	0.23543645963079	197
-0.061143172626662	0.145130053960012	197
0.00741091157347201	0.217766621751457	197
0.06669747214396	0.232576098750921	173
0.077101315419139	0.231908169162971	173
0.04272182058474	0.139656455416582	41
0.058236778302826	0.304150147088142	395
-0.022201987758439	1.1207952086938	665
-0.119710897157246	0.212202241451315	189
-0.103182832392669	0.251464758833825	65
-0.099881420654219	0.263620402460214	65
-0.092381647430505	0.18434028456595	54
0.102574910537373	0.417445869702958	56
-0.120238172596899	0.138126819931441	54
0.002609220542935	0.27075896239479	56
-0.060558461660616	0.162528154580076	56
-0.098019265272076	0.167693372309176	71
-0.01950192030806	0.324181563279524	432
0.075777237843193	0.584947102199239	432
-0.114420223661912	0.171291203852811	234
-0.071334251958834	0.236556397374307	234
0.00897276904734801	0.333126969517001	234
-0.084932883251815	0.182807248474556	117
0.065416356759906	0.393149131543414	117
0.021834005714133	0.364851302370097	117
0.123528930984497	0.556477875523352	142
-0.020120556841555	0.271472875644433	1113
-0.03081313103015	0.352856498067382	52
-0.053114123400053	0.308022140312038	52
-0.012638494266886	0.29162918918668	454
-0.021342276053842	0.302634255368649	454
-0.00864293178103701	0.411139224776972	52
-0.119665078698451	0.212470918895967	52
-0.119735060664334	0.188296044008906	142
-0.00685190623166201	0.252178912349154	746
-0.019895078572462	0.27100745625637	42
-0.114728470521356	0.202380995503893	42
-0.085031224811605	0.234396756176612	165
0.022499452540322	0.330421794764599	165
0.01908061074937	0.330152145316625	165
0.068175222978501	0.397527996916936	165
0.091198082414151	0.404422965166707	165
-0.063776782540532	0.245983371219739	131
-0.033695217038087	0.30136821090206	131
0.068027778881538	0.555023226687024	47
0.07535101289092	0.495137351801755	1
0.044921369485614	0.311155472222153	185
0.039120083582715	0.241302511766899	185
-0.05080300243681	0.187028679145331	1
-0.053645714221213	0.14082837709803	1
-0.018707689583713	0.246446048226304	72
0.015599527684328	0.32605655806829	72
0.028283585208576	0.315490387898589	72
-0.119923016302761	0.163592542241181	72
-0.014427110730836	0.246495149419937	35
0.095993476313728	0.369196474099337	35
0.050497568413819	0.316698853869855	35
-0.115977547890164	0.127195468120057	1
-0.05079949613724	0.153370492613604	1
-0.054312489935984	0.145727353665143	35
0.055118080955033	0.228028097009646	35
-0.062175195508439	0.1636978730049	35
-0.034706544728497	0.128929980406287	35
0.036073331464674	0.231229458986378	35
0.066126136918977	0.313677145280453	197
0.119712840685827	0.291046393653051	173
-0.041827177938611	0.135313905225212	173
0.075472010385681	0.220932965533859	41
0.024698230961144	0.221614992728505	41
0.00258789765404099	1.0762756566238	665
0.120633261932231	0.644203258918052	56
-0.038188701360503	0.298849664878311	56
-0.100556375495446	0.181429778503867	71
-0.001057238170837	0.451819326647945	88
-0.114400097503378	0.180393591188416	88
0.043248868534332	0.582655370227032	88
-0.093703556258704	0.193640274881847	88
0.00462646131981098	0.379061226695724	432
-0.019313121317065	0.340012120092351	88
0.10262148211658	0.777869088928825	432
-0.105480918577998	0.234467728505762	432
-0.045771336938216	0.230677003765266	896
-0.00385477955303701	0.400470418270478	896
-0.119097432603131	0.184413017018145	234
0.084021586181536	0.570031226207859	234
0.044662207306386	0.433023773488445	234
-0.091366203087357	0.172876639766457	117
0.061895477511188	0.619347222811732	117
0.111078941873488	0.636547180529137	142
-0.086654804009562	0.268491163712612	142
-0.013322504570322	0.519630067400859	1113
-0.059038588659065	0.206624109430032	454
-0.087301293138675	0.313291266318056	52
0.00221092451775501	0.318195219328536	142
-0.018958793238329	0.475094589382161	142
-0.034303279526182	0.305643288776731	425
-0.120857181164693	0.147481053837305	425
0.088267084638739	0.65703350763938	425
-0.113246637268007	0.155496246474344	746
-0.09351905629222	0.319030566928998	42
-0.02561148468712	0.349193587362078	42
0.114828603853414	0.675366017235066	42
-0.101350042332085	0.189227371016529	42
-0.059029620534345	0.205270148319347	42
0.00887303402763101	0.353229499232337	42
-0.03971270953288	0.33485655940831	165
-0.068112576322114	0.17040245071196	47
0.00993324763361397	0.425893696362904	1
-0.019420082115018	0.265901196359231	253
0.091333628200072	0.415820142230531	963
-0.084250867421451	0.216934132794322	253
0.107508853102234	0.53559879261737	72
0.032206303420174	0.556987079126696	72
0.106399567285819	0.389128755509949	72
-0.120279592481224	0.161164096118461	72
0.034579058865496	0.233412163024084	72
-0.11417703940897	0.185735489895917	72
-0.022818107051627	0.401726183818853	72
-0.064753979485973	0.134021803030218	1
0.114012429822765	0.320259441123773	35
0.062525690241497	0.222189954455345	35
0.029217470568434	0.451614279598943	35
-0.064527751435328	0.267916671091362	1
-0.104714687274023	0.232435013123748	1
-0.09086590135089	0.176104966032558	35
0.06874675793242	0.143110747358101	35
-0.0181829693298	0.130084633487474	61
0.102704272349288	0.513015103783474	173
0.070255532288698	0.304465625281167	173
-0.059783811308235	0.230446256030183	41
0.064136418496068	0.222916384149997	41
-0.06115997477329	0.212052016717862	395
0.113133774172396	0.387357751827371	395
-0.056562079250712	0.176823473525849	395
-0.050670293675188	0.140431156313373	395
-0.040199238875927	0.385294454939558	332
-0.073289774382308	0.303703449160806	332
0.093954645427959	0.508664662972762	54
-0.04125891518545	0.261695845683192	54
0.03734524430848	0.141436720144086	56
-0.012333238720492	0.269342236849323	71
-0.01218452269556	0.221314241120276	88
-0.038658260293798	0.132494820410574	88
-0.062351983700854	0.247424356091824	896
-0.00510546926626301	0.339604211191685	896
0.040257846638653	0.235971054135346	896
-0.027331110632424	0.287804947568217	234
0.065307435227236	0.337184682046029	234
0.053085322219665	0.320044517405055	234
0.024741406096616	0.335675405170086	142
-0.042351896660718	0.256191251248593	142
-0.047245987738281	0.146115645564343	1113
0.021578539391907	0.45155192911656	454
-0.080224453662884	0.188255368136388	52
0.089460487117116	0.236970221762113	425
0.0149753644088	0.229847288046786	425
0.019201224372712	0.328089571314046	42
-0.085382724892203	0.208548255911646	165
-0.117736015743975	0.211068141153561	165
-0.083105336713705	0.267334739308597	918
-0.071145417374394	0.292386449126067	918
-0.108982196119779	0.20149262912113	918
0.11868460971101	0.229431434588882	1
0.124299662939634	0.393775563750903	1
-0.000804991886239004	0.131316575724229	1
-0.047810779735734	0.134433274826895	72
-0.031625346707468	0.364005808180545	72
-0.082191941225599	0.189615720474449	72
-0.058351054758042	0.241500280375308	72
-0.036894573801362	0.13356782905414	72
0.033333959666543	0.308521365880461	72
0.111694625413723	0.363632202461624	1
-0.121727144172605	0.120993036121321	1
-0.015359401014842	0.236649727052429	35
-0.113488848067062	0.13359181789056	35
-0.053720965185595	0.172099661326864	197
0.111448091052528	0.320445985914911	197
0.043938995911877	0.236276123006195	197
0.042724608970317	0.3062790454207	197
0.040048178083649	0.293869340506326	197
-0.037852113108929	0.128226012282384	173
0.00691508318192802	0.221712440706805	173
-0.036806425015719	0.128420766080942	41
-0.089590656443391	0.259621092950786	332
-0.075720498962463	0.313340852281556	332
0.056974137035983	0.503123906181836	332
0.110378440212181	0.505148610123121	332
-0.040942102068692	0.296090132142693	54
0.024841026683022	0.376053290492201	54
-0.008454401204676	0.235918591608285	54
-0.059915129096506	0.12840554810818	88
-0.071554522482195	0.150338292304149	88
-0.080492422695692	0.170724817339055	88
-0.053559402229915	0.141553895956025	88
0.056085229753997	0.311794577502524	432
0.062753579660627	0.481115560926756	234
0.006527273445183	0.347918724916701	234
0.02723578664783	0.240246687194768	117
0.090528584810058	0.384324586726227	142
-0.067823619440168	0.18636649239792	142
-0.114580595076328	0.117268123378938	52
-0.017129997618408	0.305505250353438	52
-0.03508174625039	0.393286289558643	52
0.05818486748527	0.473865992509284	934
0.032671727335903	0.572179812686219	142
-0.100071608254063	0.218634821765137	142
0.053932047301162	0.230190781774682	142
-0.079313191256013	0.148586957829746	142
-0.058983703446767	0.222834632049236	142
0.026222142839879	0.377767960633425	42
0.123375992360659	0.238453596118683	42
0.096878798085503	0.304214390863831	42
0.094565215950794	0.495403179645265	165
-0.054491944441138	0.176626096261935	165
0.110963749819913	0.737830678666827	59
0.059527469796605	0.551310627144029	165
-0.065314192973833	0.336382745694139	918
-0.074484204879696	0.171663367482635	918
-0.049813115496918	0.141436361788247	1
0.015988064771221	0.13733880008525	1
0.033921875611094	0.229019462073068	1
0.080931837597716	0.149588490486568	253
-0.114328892739112	0.125075935119531	253
-0.045290303988245	0.323408842635915	72
-0.00190133486890801	0.130602144192199	72
0.101456376106299	0.227868122316711	72
0.094655649694387	0.664674967991944	35
0.00583912365914102	0.225137759737326	35
0.02771624906794	0.240938013710228	35
-0.12168190640087	0.114826728720539	61
-0.044686652859308	0.150514132751446	173
-0.032503776818421	0.131792696730061	173
0.093844929504644	0.237868984568626	173
0.072850455565048	0.236125146656727	186
0.082010404075195	0.149161252498167	395
-0.016403189305139	0.394918434290249	332
0.057843251757567	0.648998834346831	332
-0.103941537629831	0.263299549434878	332
-0.094090055814621	0.270314924487385	332
-0.063959673597883	0.307626427824577	332
0.102535900752231	0.447217874580915	54
0.066356112882211	0.236618229450802	54
0.080660510836593	0.222146682620508	56
0.065316525583847	0.235259462588911	88
-0.047160056462594	0.159397531922516	88
-0.015231912290075	0.320690951027431	88
0.05530736509675	0.416826844879097	88
-0.034706544728497	0.128929980406287	88
-0.068685130828	0.208867122622262	432
0.023180012638988	0.298934819129467	234
-0.051896728279712	0.235552339771368	234
0.066351524211615	0.316250170168626	234
0.062543562152615	0.327717757844155	234
-0.072492810631827	0.162679067486923	234
-0.00873135113972001	0.26006034623488	234
-0.09274110014399	0.175369510988776	234
-0.048553819207326	0.166624657763298	52
0.051342778181893	0.550940918354616	934
-0.111485754501162	0.221840252227774	934
-0.020846527460256	0.245344003315926	42
-0.034706544728497	0.128929980406287	42
0.035276938043416	0.138995214982255	42
-0.009683421809177	0.326684280195036	42
-0.083614158649581	0.213584675515433	42
-0.124213435881495	0.210950555859472	165
-0.066786678034195	0.321535886775377	59
-0.0469077091169	0.367343392078895	59
-0.076065977420986	0.286679824935016	59
0.029404682629436	0.509592870913479	918
-0.048462066980132	0.340164674230859	918
-0.055430142643497	0.197518940694204	918
-0.075561076327751	0.204752608731957	47
-0.029281983310604	0.130255327350996	724
0.123457972062101	0.235668102119939	72
-0.115298770482715	0.182712438192896	72
-0.015799472183612	0.250460651100196	72
0.037195073262315	0.140890752123654	72
0.071725201212342	0.143602615787386	72
0.08688479238554	0.652241159733151	35
0.06628099275897	0.392079955695717	35
-0.060526129511746	0.235264048155875	35
-0.052107316141221	0.199927584547409	197
0.032962752945581	0.309103986673191	197
-0.070952416155775	0.293234131583547	332
-0.004260873037569	0.482797762804183	332
-0.111263741681012	0.232515364840969	332
-0.101812236884499	0.236136418722532	332
0.069679075171622	0.588775931818784	332
0.012014666008218	0.136267804859732	56
-0.015763766243464	0.132869584207282	71
0.055679293461699	0.314846884383191	88
-0.037085857216455	0.247164066827755	234
0.119602616860416	0.544042921304755	234
-0.112085217773245	0.179115684016998	234
-0.049965216000133	0.237728377643448	234
0.112362001630775	0.320138523503843	234
-0.042953906559875	0.274246578083924	234
-0.014923687555463	0.260917842726491	117
0.095734191489957	0.41864456025446	117
-0.053511498921325	0.124416883909735	52
-0.1201804810935	0.201061004698809	454
0.095586567188867	0.76110454558893	454
-0.041978420560951	0.26813865949201	934
0.107879984424711	0.71895049122485	934
-0.042633875336536	0.382039336036803	934
-0.025910775750447	0.399515423737279	934
0.023278160017798	0.556152815438521	934
-0.05909145700655	0.339745191718008	934
0.048781722375452	0.513826191795693	1816
0.074766568448332	0.22514603364577	142
-0.105018452670332	0.184487719432655	42
0.099502585131022	0.6099367783278	42
0.096279973784811	0.235945662048073	42
0.124296273600708	0.468648933382453	784
0.105937799839226	0.566865433910232	42
-0.029990187454101	0.266441089907403	42
-0.097366530169758	0.249543632117196	165
-0.031838527257503	0.396293051688479	59
0.063130844956709	0.655623257882338	918
-0.085644579102047	0.284103752676557	918
-0.048797006197417	0.371658272580549	918
-0.05720465810684	0.357775705546078	918
-0.059634856185062	0.325839213228999	918
-0.00386512105152601	0.390047384107157	918
-0.10656178191726	0.217836343719045	47
-0.110428713979575	0.252605166417491	769
-0.051622249038862	0.371282951874154	769
-0.076070786846339	0.283627470218396	769
0.07347847060958	0.144394940990533	906
0.002220887677163	0.130232761207547	72
0.00540282198263298	0.131540027105054	72
0.079917547629616	0.479132420210313	72
-0.088108537199451	0.239284546550704	35
0.034351370459023	0.393005414718198	35
-0.07543352317313	0.183436835251028	1
-0.020821614867612	0.274955780873785	35
-0.112932339526505	0.143207887728798	197
0.083593910677417	0.393892712060676	197
0.06374873506941	0.222910777846792	395
0.115558060966652	0.488653043496484	332
0.04585437083345	0.401169179521297	332
0.081923695142889	0.714743638812364	332
-0.032215771701198	0.386880007593247	332
-0.050157614101172	0.357795099432396	332
-0.100754764342588	0.164000229002844	54
-0.037901452247812	0.12512205123273	56
0.059214714886608	0.2225083566761	56
-0.117065847061074	0.113791965110602	88
-0.064397660785278	0.149218817972769	88
-0.070307838704272	0.223568001463197	88
0.039436139056151	0.231774993270578	977
0.032601078959992	0.246767628215194	977
0.104246537831989	0.376855668170131	432
0.110661757187943	0.383319033266077	432
0.029807960963576	0.39141604983904	234
-0.053226888966592	0.284497477394726	234
0.110477175235919	0.448671670850105	234
-0.019777839506521	0.262513636580224	234
-0.071294241658297	0.18237370848255	234
-0.079536644268335	0.16298510319021	234
-0.019293321410735	0.254035585708033	234
-0.067990377590735	0.159776622011117	117
0.001549317347952	0.314199351353817	117
-0.052405269165086	0.139416422110552	52
-0.026798581594864	0.337972589412548	934
-0.096731504510982	0.19988061388015	934
-0.025740948885808	0.322293385533488	934
0.097092477001756	0.628664134033227	934
-0.061264608859675	0.330767807507107	934
-0.065881698827207	0.291380046612192	934
0.053741565704393	0.530025154167958	1816
-0.00707936985685401	0.237550134449525	42
-0.049666717259466	0.251216361661816	42
-0.114299587044645	0.182076255844946	42
-0.019298046639387	0.296977073345274	42
0.03338389875577	0.370110010138464	42
0.077956071593319	0.149508802914429	784
0.067250522545979	0.231481070296213	42
-0.06229651662407	0.191653231793364	42
-0.100631424508044	0.178001556318682	42
0.028362771489706	0.413617329144318	42
0.038398010372704	0.494149365908642	42
-0.082533172292627	0.253754758955227	42
0.086248683980999	0.558203098138696	165
-0.003917280821299	0.374287648274134	165
-0.071756400905808	0.326636962311815	59
-0.10187328425542	0.23832994306438	918
-0.013548626833035	0.440157046855967	918
0.00516703908331501	0.538753632107003	769
-0.06289314476895	0.292366655777242	769
0.124801792124102	0.299978416055811	47
-0.023011672384641	0.129751643813549	906
0.025929870476844	0.380373672573169	72
-0.047765800029886	0.308570835054354	72
0.031409761760893	0.134869558853097	72
-0.055052351080475	0.275276289846783	35
-0.024992334645659	0.324177040654258	35
0.06717744671389	0.521382386432534	35
0.119954522946088	0.413872756704301	35
0.067396478335225	0.371648007715169	197
-0.061666348580026	0.148461658833377	61
-0.042125100328772	0.131431262699232	1061
-0.074688664445445	0.170751930255539	395
0.031800026303167	0.245853611598887	395
-0.024521906615626	0.399778472870983	332
0.057057440650338	0.41736679016433	54
-0.00656832218827699	0.263107078820976	54
0.072943578469557	0.294152822370516	54
-0.04323446834629	0.128888672828351	54
-0.013648519906575	0.286024359888828	71
-0.056159061907938	0.142179404757767	88
0.00367473070313201	0.233354384866635	88
-0.079451073434005	0.224085400968647	88
-0.05627380735184	0.270230370871366	88
0.072708790161963	0.238416530642619	432
-0.014008564861126	0.31250697033151	432
0.074482335198204	0.535979839617086	234
0.107935839238078	0.57979967576403	234
-0.088154092422688	0.198168555314669	234
-0.11687701591249	0.130641177222646	234
0.08243355431477	0.407309105854549	234
-0.021725061473981	0.298800888469508	234
-0.04248641118559	0.218708079497917	117
0.062956432766257	0.459995368568884	117
-0.013615159006439	0.27520537949403	117
0.014519803110099	0.247943963337626	142
-0.09086689768884	0.199957277710342	934
-0.00934569118812501	0.366140599731102	934
0.008701141898669	0.470132906295216	142
-0.063407698837851	0.17305237567064	142
-0.004788065975151	0.373339971669537	42
0.040408353482571	0.141837804757785	746
-0.056441305658513	0.283855253295456	42
-0.082015101343873	0.267206848736356	59
-0.114582354800609	0.21187069530306	59
0.047146291225577	0.533180266761054	918
0.076549196868808	0.612082995591292	918
-0.121139486993999	0.192992691518381	918
0.092902014947985	0.641710251643012	918
0.044064646419434	0.477108855077595	918
0.069722533730218	0.229542937029589	1
0.122617071291158	0.316990009725109	1
-0.042773906023259	0.129057547357883	906
0.09285096003732	0.31168966863187	72
0.02874080391014	0.222535338445095	72
-0.058537916794766	0.210827803669928	72
0.030926629306906	0.321213440604398	72
0.020282794598193	0.237030006721563	72
-0.096503205240487	0.175635404803026	121
-0.038085247935827	0.307892714434867	35
-0.027310724909907	0.344070841570167	35
0.075492615289545	0.397546652691591	35
-0.013269109767043	0.234753285144261	35
0.083274010280528	0.415462499549856	35
-0.062385448910166	0.206835913449509	35
0.013672891930797	0.248069401469766	197
-0.059767671854592	0.156244208040561	762
-0.066632196984806	0.141829159529796	941
-0.017805827163348	0.130984491966045	173
0.023671835055266	0.125059528046188	31
-0.094798233090049	0.399810726541972	665
0.090198442832654	0.708267834270815	332
0.066629689523749	0.657844573390296	332
0.012560593103755	0.591650987664359	332
0.091950583206163	0.895250830303111	332
0.059041551744184	0.406970961129747	54
-0.052245698477347	0.274790938610905	54
-0.00225131864591999	0.311725004370597	54
-0.10308995527235	0.154422326084399	71
-0.123894145838599	0.165850651961119	88
0.093270399306164	0.323929862177224	977
0.116330070610891	0.485661059589077	432
-0.111858020030236	0.167951261487225	234
0.025962061739562	0.383822902732971	234
-0.121994763534008	0.113798163021695	234
0.028433198897201	0.22829505295097	234
-0.015079651508856	0.267701228308381	117
-0.00640573871625499	0.332215854728909	117
0.00948920682080101	0.354928568963477	117
0.085065566236037	0.410811323792138	117
-0.00706168326068601	0.285570312602762	117
0.113391896990547	0.722383093574665	934
-0.091487426403254	0.220910295739293	934
0.079232826078993	0.681597630984282	934
-0.090233585986537	0.254266203556531	142
0.062289722732733	0.395265713747716	1816
0.049730323377096	0.200134118929287	609
0.048453556416072	0.315144370735482	42
0.016248025892229	0.332516825088702	42
-0.019432687832804	0.282834735438311	42
-0.010167327351296	0.231549232321181	42
0.072761861151966	0.237023784738722	746
-0.079124262772312	0.162541294914183	784
0.052853683795398	0.448108899673244	42
-0.062821719581063	0.229794353322997	42
0.058367376253601	0.483164114917517	42
0.00240231786409401	0.235097254797823	42
0.064635707036183	0.299783075425978	165
-0.088080263468969	0.253373848345945	59
0.081754553620508	0.695602211657886	59
-0.04235421360381	0.373469420185626	59
-0.122385684520574	0.204646448735859	918
0.040538481279037	0.514757999140903	918
0.033613695164999	0.515658791037746	918
-0.122560607864064	0.191024065415924	918
0.067186664189999	0.619846801624559	918
0.060992173702729	0.529075298872419	918
-0.03788874417918	0.334041040781308	918
-0.057475849523286	0.220584219948257	918
-0.108527899602284	0.146067977373334	47
-0.056899563574188	0.141787626761006	1129
-0.014892472166566	0.23752218763898	72
-0.025166514787922	0.276123575775191	72
0.00787777812045498	0.212127617817403	72
-0.02630641337818	0.305063201288467	35
0.085052758240649	0.532874312987081	35
0.080383467605575	0.568515240189644	35
-0.079301031523106	0.208658929248856	35
0.016163968765365	0.3285001153926	35
0.000989976450619989	0.230238737813211	197
-0.041331347964789	0.13055510712241	61
0.00236356219904499	0.135692374864009	61
-0.06519452409853	0.145356166804332	762
0.00358841425249801	0.21549152936277	173
0.004418131277791	0.135733853870353	173
-0.07292145595749	0.307017057403642	332
0.040686514332615	0.666442324374356	332
-0.023861828774168	0.47881735732783	332
-0.113854476042226	0.229016161550627	332
-0.12347077274554	0.1999285595547	332
-0.020994739418834	0.130504014631649	56
-0.044990284106947	0.156941345345601	56
-0.041375872981282	0.129455487189377	56
-0.069372474043469	0.163410351288882	71
-0.052927809920282	0.149828198275599	88
0.00389043902479003	0.233016697316691	88
0.090388009128902	0.537272377499019	88
-0.107934706807863	0.174810513599646	88
0.00905041842550097	0.226117841725277	977
0.117307830863745	0.460248565713524	234
0.116645346988762	0.509468281057751	234
-0.095564885152388	0.207453459032444	234
-0.062970107993079	0.254565428319481	234
-0.046556674830466	0.170792460127731	234
0.069032262668149	0.37476635525358	117
-0.011675430259887	0.257651902608367	117
-0.022048347244864	0.260562857966781	117
0.060559532450587	0.459392696355656	117
0.054763888717661	0.433220443303847	117
-0.060698399812036	0.169903289439318	117
-0.06076253473906	0.166583952074165	117
-0.066554306186411	0.182418994060107	117
0.072311163022721	0.420526842930287	934
-0.055207124440558	0.240062325615488	934
-0.034871247500384	0.342325627224563	142
-0.00740332994863499	0.411520899022088	142
0.123995992676833	0.334575871194382	1816
0.019124170567217	0.135934121944375	609
-0.056261520926035	0.18512000277907	42
0.085700689646263	0.230431020819782	746
0.014961604276423	0.409837308176816	42
0.047785506060619	0.385533782486974	42
0.106788273898588	0.48646103189319	42
0.111255230354298	0.476821629482981	42
0.063957989262469	0.517830955264941	42
-0.081801119251627	0.236261336792469	59
-0.077945856625601	0.269842923304026	59
-0.045075579641533	0.341623660976522	918
-0.122033568010897	0.188930316135119	918
-0.00939788528563401	0.408443443489363	918
-0.021955785773053	0.340184292692976	918
0.041922636094165	0.325446953872581	918
0.005689498233787	0.434115429102009	769
0.023070251869924	0.489341484576994	769
0.050767351386389	0.22789821014464	1129
0.069722533730218	0.229542937029589	398
0.00444186247605799	0.132156680455776	906
-0.060094094975086	0.191871627372141	72
0.01256203877711	0.360406735391951	121
0.102348237648475	0.304388985071915	121
-0.078881886579203	0.159250541725519	121
-0.042603488589702	0.253638265624541	35
-0.007889272126684	0.223634368924306	35
0.029591977969642	0.3080723482643	35
0.011298901217758	0.321004782649739	35
0.028263459638432	0.232993796567055	197
-0.0199042504197	0.131432749087889	61
-0.048567003506073	0.147658915403883	762
-0.121890512816129	0.11429377934192	762
-0.121360879014219	0.120206385213684	61
-0.033551447209183	0.125141895123339	173
-0.04324854015447	0.128291211512211	173
0.07077406498839	0.137926598284004	173
0.024027270545744	0.218546724095834	919
-0.048156863303894	0.131598151809368	919
0.01653787070676	0.225330997369496	378
-0.103848795769043	0.415027163627264	665
0.121678524755212	0.955470308449222	332
0.106247238976627	0.768648176218869	332
-0.112633808464028	0.229622613994874	332
-0.041106674889141	0.358386422890084	332
-0.009064955060201	0.28992032639964	54
0.087926909878301	0.234269915886539	54
0.067396025033196	0.237051003017826	56
-0.052060297212893	0.166107267699489	88
0.038097541729951	0.243708081757337	88
-0.07449027363275	0.192551123983113	204
0.001324177997373	0.321304493344076	88
0.094455853184162	0.321695722586232	234
0.095400468872594	0.463210590166993	234
-0.019478093344861	0.275291317763821	234
-0.053631310763719	0.214045024547728	117
-0.061818169522739	0.225423930089158	117
0.047625550151519	0.32482030678894	117
0.119462149889783	0.405418343373441	117
-0.06212937255172	0.185286127229985	117
0.021420574757814	0.236347812582482	142
-0.059993519560548	0.182294477665581	142
0.022305306773594	0.392189045150756	934
-0.015800077168944	0.362803365021526	142
-0.07611022500527	0.268188071088008	142
0.004904652578959	0.405799444087907	142
0.056349768948207	0.2333574303671	1816
0.071725201212342	0.143602615787386	142
0.058586494163101	0.375828273133273	42
-0.120780261290226	0.140786040045243	42
0.068704311577589	0.386062812684618	42
0.00125707900813599	0.130838735113681	746
0.08053460199746	0.145274077243306	746
-0.050524771611327	0.139141575542384	746
0.018093841290366	0.40053250786801	42
0.038589879541283	0.396086370720825	42
-0.00748331296845301	0.473361522897858	59
-0.119408293740522	0.190981591846132	59
-0.055384704861018	0.27629894045615	59
-0.07465200750253	0.252504083326975	59
-0.047628297509694	0.33210989445104	165
0.116394127178478	0.614199037248417	918
0.109298356625629	0.635303326465071	918
-0.082584478441769	0.204724760409983	918
-0.023898766685939	0.356580876890984	47
-0.008148006282438	0.41770434570104	769
-0.05470751597826	0.118926626928145	1
0.076451103586192	0.14630929998754	398
-0.021920776608848	0.130682184908131	906
0.085014088516404	0.485984858428721	905
0.118106103575027	0.531177963443266	35
0.041231439782039	0.303320730182057	197
0.080114349528604	0.14987528650403	61
0.117784100595918	0.316430179598513	762
-0.03561893873174	0.126049884188648	919
-0.038587522142962	0.137695755912094	919
0.00318886488076198	0.135104359865566	41
-0.070090667302127	0.147852884076381	813
-0.006501639628571	0.544347011775599	332
0.067290991782765	0.674566152489929	332
-0.00129351698713201	0.366552668784501	332
0.100681574549871	0.783255278126079	332
-0.049763166592413	0.339604679807421	332
0.061154185558345	0.434516252757479	54
0.018841089350668	0.303661736568905	54
0.06874675793242	0.143110747358101	56
0.095091763027945	0.218634905366798	56
0.092748114237179	0.319147755811753	88
-0.050441351743071	0.123107958966358	432
-0.062991578439694	0.153786932779082	432
-0.054407761016042	0.132774765860591	117
0.119431400235003	0.378684054142328	117
0.012214540644029	0.34362102993115	117
-0.054263856897856	0.146792252363917	234
0.014504920072111	0.243162666670697	234
0.087034112674755	0.487882928065618	234
0.053781389730005	0.318375968033905	117
-0.123944836403689	0.103613831790347	117
0.11887335737417	0.382741654369327	117
-0.058537916794766	0.210827803669928	117
0.077087705154066	0.416873810605282	117
-0.044641849817675	0.256044510590906	117
-0.084328648911293	0.217347706260152	117
0.027680359933399	0.365677607985802	117
-0.122504804216871	0.120834883549421	117
0.036138504018394	0.334839808330469	142
0.114384666581883	0.718064244999432	934
-0.042429817666828	0.352483775484639	934
0.00255590028632502	0.412514342028	934
-0.057682947066382	0.306581810074687	934
-0.112514926039896	0.209840154147182	142
0.072841872946668	0.565173534470886	142
-0.108678329506074	0.205254623597946	142
-0.078500312498549	0.211015638586976	142
-0.049743320504722	0.113289407197387	142
0.093050469970691	0.321753826051301	42
0.102656746781665	0.383714940161633	42
-0.016873849851331	0.23617045943626	746
-0.016786169693191	0.256142795920007	42
0.119905264523287	0.634624764236163	42
-0.073260795438898	0.157716184731192	42
0.026026604912802	0.3237942803378	42
-0.053407268391926	0.204416657382048	59
-0.109264609783428	0.194022746076968	59
-0.032004953248012	0.337368673912684	59
-0.07257541652029	0.279593021172598	59
-0.049993654916592	0.271236678010439	59
0.055713233517459	0.551967577398336	59
0.003721654213588	0.404756275046842	918
0.097788844694917	0.697701930801441	918
0.072536222159526	0.142503775059494	398
0.096154663750419	0.224486201880607	906
-0.062673292723056	0.14615277751195	72
-0.106751963948101	0.150674403362954	121
-0.00358325077473301	0.223231851089645	35
0.079035587748443	0.150320321141086	528
0.114281377911726	0.455603132823095	35
0.050858279351181	0.316507475136911	35
-0.075824897029779	0.165800816391035	197
0.077267988968862	0.145270077011919	173
0.07537213165305	0.146716739668797	813
0.063048260648088	0.768746598159366	332
-0.044757898889678	0.454651577747544	332
-0.034552332955442	0.507046730644149	332
-0.060809636668397	0.358325503978799	332
-0.083349695184072	0.231374631996959	332
-0.088218736351359	0.280672750220682	332
0.062878788252379	0.429920449796587	88
-0.070099446483213	0.249208653670684	88
-0.044059952973636	0.13003845222442	432
0.014701878223249	0.228713310409614	117
-0.041871418973972	0.161800846015087	234
-0.008664037128331	0.240097763538702	234
0.087504406202356	0.539375218660858	234
-0.056729667790816	0.26427029234056	234
-0.050993725029562	0.271866492791005	234
0.026888535828131	0.31296667687061	117
-0.070736733535446	0.161787127334771	117
-0.00698579623568499	0.235289800307658	117
-0.069333191956979	0.161297109707854	117
0.003181756759431	0.242274789367223	142
-0.104567110268527	0.164322366515808	142
0.067722512604937	0.312676430739289	142
-0.117767579924925	0.195050810063879	934
-0.117148192256597	0.171910835565654	934
0.042120069302247	0.469289354066205	934
-0.00355574884000101	0.411226326866919	934
-0.122604233911619	0.202643965625733	142
-0.111250566883767	0.213883348730254	142
0.036625994371574	0.554010312276843	142
-0.106745884039934	0.21520527366518	142
-0.023502550643368	0.254863916285777	142
-0.048109324141516	0.127988828808751	142
-0.025746724662075	0.121946736157863	142
0.014919141773665	0.412909116111234	42
0.105409853541044	0.602095447714521	42
-0.012797420306962	0.369067726792298	42
0.095365263698494	0.455813756848872	42
-0.001767085979302	0.130700191394719	55
0.123185779876482	0.221738985594213	55
0.091931591748561	0.222286446030949	746
0.041287982703823	0.216973427600699	42
-0.026047354497798	0.358237059175601	42
-0.048231663949494	0.233537971692373	42
-0.015462707042753	0.258519792736445	42
0.020575046762753	0.228096216139871	42
0.066391562392632	0.287456746711609	42
-0.088845994394971	0.212792987543851	42
0.107832453996987	0.460238416882389	59
0.03280330061949	0.503693380392629	59
-0.045374206470076	0.318684163129651	59
-0.112297693741502	0.181147265685714	165
-0.116707950499774	0.198369368534544	165
-0.019268310585543	0.400173755028312	918
0.011849827740714	0.439583143373137	918
0.050199564697258	0.541912085488519	918
0.091143973364148	0.668926586955993	918
0.036502979174576	0.499802612764373	918
-0.089733348764015	0.209642329725799	918
0.02888919433075	0.13406350465929	483
-0.019711789453614	0.126107262850564	483
0.071591990205776	0.142378975873628	398
0.083088217526897	0.146457976284431	906
-0.06920384203065	0.150689980551831	72
0.011801730010699	0.40254442964726	905
0.104207219948402	0.552740072572544	905
0.063611063054604	0.502689759593765	35
-0.07001530989252	0.17900982358584	35
-0.075391013047875	0.159137827506731	35
-0.000489881304080009	0.219073630773282	35
-0.114302437681189	0.115608041669519	35
-0.068249981039473	0.177756804895632	35
-0.060881839463475	0.184892785843797	35
-0.071005750138194	0.170014570386629	173
-0.009049737535999	0.230963376869566	173
0.022312923807632	0.222694596196752	173
-0.069452609794595	0.162155083530051	813
0.02572681104533	0.211629194279258	813
-0.050470294518602	0.351398416806098	665
0.08443928799797	0.916270099885309	332
0.076558842084889	0.674354253929189	332
0.095069918493781	0.690609012198889	332
-0.038465296177129	0.303588620701946	129
0.056539652860784	0.446391488116239	54
0.077607412943545	0.228661127039046	54
0.114911179384182	0.307605288813259	54
-0.043709534603886	0.137136963927817	54
0.019948580692529	0.220142704111463	56
-0.022855516311635	0.262837396701976	88
-0.060826085798477	0.119549656991575	88
-0.043764028452699	0.14254925542877	88
0.054537794079715	0.317301955832836	88
0.058416337399647	0.424693614784768	88
-0.098778157205375	0.158828306630055	88
0.017795062837244	0.248574071630917	117
0.023089341629326	0.38247246760855	234
0.118929915934388	0.407049470676095	117
-0.000439732643582991	0.233638329111304	117
-0.102721080037601	0.150089555941785	142
0.106236588579655	0.464864412718246	117
-0.049162658971468	0.160941965416057	142
-0.123414341617163	0.168832690600329	934
-0.082465563515483	0.238211349583541	934
0.104502927500342	0.645097918077678	934
-0.108180284567831	0.175157369048664	934
-0.039861691050856	0.315368036717281	934
0.102847817932287	0.327085818040343	142
0.059742852993368	0.319525923782369	42
-0.00547502071060599	0.370954905569788	42
0.075480318127612	0.414356062213314	42
-0.101577532039371	0.157221249442115	42
0.120660423533996	0.230504074288035	42
0.000512970440859017	0.22765966061221	784
-0.046841641825328	0.262814551852457	784
-0.030173072037163	0.324038640517556	42
-0.096213981515082	0.203996423492808	42
-0.123389859313169	0.15859052243506	42
-0.026314387726401	0.390322320103158	59
-0.069103981844866	0.279018942463289	59
-0.031933803259254	0.330781054012577	59
0.016474745624704	0.426134085583081	59
-0.002645851014736	0.40641930955619	918
-0.052620611772567	0.336039842821849	918
-0.101129913647932	0.20353312415705	918
-0.075263660213996	0.161553113161033	47
-0.074963208163516	0.253345479445929	47
-0.037852113108929	0.128226012282384	1129
0.067913485304214	0.289086419256863	1129
0.123241795770252	0.399883349709106	72
0.119734553406461	0.535346649472767	905
0.079033117196317	0.52841249054166	905
0.098942048980285	0.561434262133457	35
0.11694411557615	0.480606220275472	35
0.086922531518825	0.319311269191478	35
-0.00517731634148699	0.282185349761226	35
0.028230811289452	0.328451283415387	35
0.087242135192493	0.349117602478059	197
0.018450520530753	0.233363832771777	197
-0.019189195784416	0.129406886370522	197
0.03730110682966	0.231813640360707	35
0.005983238751404	0.223715303661569	35
-0.067868129653156	0.163586667817828	173
0.076319785716203	0.146484476819509	41
0.05696202421533	0.232249900372497	813
0.003328440625531	0.583164244743663	332
0.035358511997599	0.677939108175554	332
-0.111128574047469	0.244228168242128	332
0.038539282554163	0.561764624652203	332
-0.033759313774857	0.291328149479544	129
0.107747373763433	0.235320883129699	129
0.075779647349812	0.407240562364775	88
-0.114281644837476	0.139921375623435	88
0.034759586803993	0.230419166543651	88
-0.052736000400538	0.145718059045042	432
-0.041047256877711	0.131662012188078	117
-0.122456709799074	0.145037407764639	117
-0.048252836208539	0.24420483763482	117
-0.012071687411833	0.246378383321685	234
-0.070602088277029	0.15196546224761	117
0.05487809876839	0.374179724576427	117
-0.08094132942241	0.144043860493342	142
0.10723161658516	0.326534433239835	142
0.089764161054862	0.536323640781486	934
-0.067074095810841	0.211827939540414	934
0.076121235573226	0.476489732212156	934
0.008938034152496	0.394755871548759	934
-0.119692897446618	0.167239076870295	142
-0.034671069762078	0.129817066047434	142
0.094038076635976	0.217455045198602	142
-0.084261232909375	0.212856425722574	42
-0.009876119532197	0.28358980038019	42
-0.115188195710685	0.118013479700813	960
0.087941399392164	0.221886635168457	746
-0.060863681588177	0.174172758104961	784
-0.112250289682585	0.175665909817501	42
-0.052074852618249	0.277859592723649	42
0.040217876481985	0.323273381601529	42
0.086843128231876	0.322114339790515	42
0.028089996764093	0.336376862503959	42
-0.082134334503289	0.240771405169226	59
0.08047058108677	0.597312904340943	59
0.106050670798374	0.600013771347388	59
-0.063448722701253	0.256507132359894	165
-0.043595633370231	0.330364005840153	918
0.011280180301554	0.40852533970428	918
0.016631857322391	0.476006631399859	918
0.00753814429136401	0.372708215884458	918
0.018734357198123	0.339245382837163	918
-0.11060281669739	0.205175067381927	469
-0.054276583928143	0.153463423513814	1129
0.045597903807476	0.229612450855165	483
0.078904022397637	0.149732089823219	802
0.005148237150923	0.218322288338189	72
0.069641587385195	0.229104088982146	72
0.082010404075195	0.149161252498167	72
-0.032789506158394	0.233759498139649	928
0.117745912523119	0.39342885472803	928
0.035316113687893	0.139239219571325	905
-0.041664296720807	0.137018944875733	905
-0.02925644094936	0.314331765049031	35
-0.08034515369234	0.225531217388238	121
0.103576733390088	0.310000782430069	35
-0.065309620789072	0.151467235458914	35
-0.0633672637251	0.124084314068631	35
-0.068516075968577	0.166804132395169	35
-0.0215927941751	0.258202179012084	35
-0.112749711661611	0.118423000179555	197
0.078473925232164	0.314833374749029	197
-0.053143030732143	0.159017534147447	197
0.069058328569743	0.239160369127528	35
-0.048195864600861	0.125958114097037	173
-0.045811875806535	0.132593560082454	459
0.030616926953188	0.137424854865948	35
-0.015745612238832	0.131942239742388	35
-0.007005070333682	0.123549472808558	35
-0.059820667121848	0.134869105133118	813
0.018676879713975	0.578776911543856	332
0.039230578024458	0.718600054474984	332
0.072226476008317	0.71446752882258	332
-0.06577235718931	0.205468476526643	129
0.062526736717941	0.396322806785895	88
-0.066854421587583	0.194871684706574	88
-0.057921608043162	0.157033034114775	88
0.07938229008286	0.505885815804279	88
-0.086451333202553	0.172483547001853	88
0.031021296897214	0.138541866420089	117
0.040327713498833	0.390633093002071	117
-0.01703467053482	0.303450001124366	234
0.034726780447786	0.233336975083683	117
0.114581574409669	0.412691552460688	142
0.03882428938111	0.359596416483829	117
-0.050531855310531	0.247855376215025	117
-0.029918410232834	0.228699863460039	117
-0.048452918524353	0.149603510685462	117
0.021550805301546	0.248065200148563	117
-0.042191235562532	0.121499176650308	142
-0.00617914485134999	0.125470328187502	142
-0.00170273938144699	0.216742306856238	142
-0.063656051875896	0.219239740396919	934
-0.050681672298843	0.253675108466412	934
0.081036777328185	0.613128250030465	142
-0.062948499133326	0.305007849581846	142
0.039477703836619	0.376199331386434	142
-0.022079583440114	0.239100057907119	142
-0.024345171710073	0.122910978135922	142
-0.071840425710176	0.182102045148867	42
0.075428558430328	0.397479834464086	42
-0.085282181764543	0.190198575616743	42
-0.066246951330792	0.204309527556815	42
0.042405922572638	0.230505834968549	42
-0.016865394307624	0.326260092246533	165
0.115003056086013	0.685673297281687	165
-0.104713990279332	0.218734476513698	165
0.013177619335409	0.458367244900892	918
0.124382289118029	0.595188766134994	918
-0.080994118755028	0.152146466524195	918
-0.113220569983821	0.198713571712949	47
-0.029214610967812	0.130380006393693	118
0.034194744645891	0.138608934528959	46
0.011271169417444	0.228105403398555	35
0.027573521303716	0.319034632206666	35
-0.055093502650802	0.194230780347693	35
-0.060794080117931	0.15790813305329	197
0.071318552776156	0.144466604873621	197
-0.040189817762631	0.148268031169574	35
-0.053371557193376	0.156956162087282	173
-0.054649529401334	0.123584959636389	35
-0.042295264184492	0.138200990610792	813
0.059024972494712	1.04573312345368	332
-0.043740464708209	0.538776656722191	332
-0.001451861116153	0.686038351726289	129
-0.043833421562445	0.417644217741913	129
-0.09036692918164	0.255254579351235	129
-0.032535071868639	0.12971525586739	129
0.124501685616813	0.151295106265293	88
0.036255077573176	0.14061301176336	88
-0.053834750099559	0.164363623244232	88
0.029674429399199	0.342456180642435	88
0.00909901235632599	0.235469800146679	88
-0.00638434912626701	0.241689574013639	88
0.00918184320584797	0.386953663946745	88
0.00583728689760599	0.133606080809803	117
-0.046968022450244	0.240887343518169	117
-0.10921003820172	0.140731218343395	234
-0.023262980578648	0.273391204281777	234
0.020284353794579	0.333079144767826	234
0.043344821425257	0.287441728592996	117
-0.081153712708569	0.143059205594225	117
0.052900644983537	0.354436839822128	142
-0.00692215450336001	0.26413259404489	117
0.025382936498894	0.336582927603065	142
-0.053681895419634	0.132515062204976	142
0.102002313684065	0.403876974651729	142
-0.121263724342834	0.184426992287524	934
-0.110113588719941	0.220261238903483	934
-0.09794222309711	0.184630966418053	934
-0.021133829094093	0.349150352275176	934
-0.115111756161007	0.191998837550261	142
-0.069872912028326	0.202152530821684	142
0.045161780768816	0.288467122165728	42
-0.021988822630225	0.307078829635593	42
-0.016687639590539	0.327708111457585	42
0.096113481347151	0.374876715889316	42
-0.060246749289676	0.17458839584641	42
0.009882370541408	0.367627046567459	42
0.045351070949343	0.400433698565911	42
-0.076919403447014	0.240031455707047	42
0.077512850546605	0.224458907946473	42
0.091574354604439	0.319031469432681	42
0.014341283775296	0.357549658843928	59
-0.090409779267021	0.234027316301045	59
-0.11540870478258	0.200260632403705	59
0.097872107929976	0.662580722468354	165
-0.0348979722555	0.307456392765744	165
0.00422454317045201	0.38067430181032	918
-0.123937236858913	0.152322169849827	918
-0.030739874092786	0.373638538245567	47
-0.118950968712813	0.183130912828184	469
0.012424448201717	0.486246959720214	469
-0.042672277211	0.131648010037584	47
0.00551896469318203	0.136183883241304	758
0.066857950056593	0.131680686716072	72
-0.047653363944533	0.147564975439228	72
-0.042396769793831	0.321746626739365	121
-0.010797166433068	0.352118257614241	928
0.083615201569516	0.230228751093711	905
-0.077594751954293	0.216603411091717	929
0.095308877182287	0.523226660236703	121
0.047579328706286	0.399569260551977	121
-0.123016588487138	0.156841959511854	121
0.042372005365594	0.22981523035252	121
-0.018328264889952	0.243113342119776	35
-0.00462668407786801	0.24284514985184	35
0.044824365207879	0.31932203689417	197
-0.020384220324479	0.225590671756613	197
-0.057478535362203	0.160630314961851	35
0.061156981349569	0.307963009687546	35
0.068945855676466	0.312078588882354	173
-0.050968283685198	0.131701418251391	35
0.030764729419478	0.136875242099186	30
-0.063056397127415	0.158985124555497	813
-0.118106955367082	0.349936933694325	665
0.118848934613219	1.71614055440578	332
-0.10101582280123	0.264391338698992	332
-0.119161096967849	0.269951270948576	332
0.051487540359601	0.236770378473966	129
-0.121782680707541	0.138491039386897	129
-0.056144286180745	0.292448841478319	88
-0.014646088584767	0.216922409727376	88
-0.099799687515425	0.203631457344544	88
0.068804172547464	0.23590891513999	117
0.038305739063726	0.240505775302045	117
-0.021120818237153	0.256116864466326	117
-0.074601497159079	0.160301494328351	234
0.023240748393457	0.318243408797086	234
-0.081769712422044	0.207509710111961	234
-0.090681682790376	0.210581180343454	234
0.058910918547262	0.436982336434636	234
0.037810631723627	0.295896863075581	117
0.00597759646427998	0.249199709839778	117
-0.017433540754159	0.239625103915709	142
-0.123882404659751	0.116388021285148	142
-0.076036714730036	0.192581569436071	142
0.067846861868759	0.305769122228617	142
0.105033400454821	0.569501056523122	142
0.105353055094327	0.664818921045668	142
0.104978817399255	0.620722975231369	934
0.079529907926563	0.62034408328214	934
0.00365379519362302	0.393569745602919	142
-0.10386345888256	0.213398176353374	142
-0.058802390870839	0.301177838139663	142
0.029630369692579	0.240007500381074	2187
0.112189688725706	0.316803945526471	2187
-0.013121921188387	0.403509379332282	42
0.031712458750917	0.418224880109619	42
0.010181528670822	0.239071723843471	960
-0.038021336844074	0.132699971721652	42
0.021694728232397	0.238559576765646	42
-0.017480810125177	0.259143220361871	42
0.087142584889006	0.657697641945385	555
-0.110012246098525	0.142983209392052	42
-0.017669313325732	0.243180403004458	42
-0.066435258510481	0.183304137480557	42
-0.007999652933597	0.287405584286547	42
-0.070493630907844	0.260330336580038	42
-0.113402268927829	0.178583726702195	59
-0.08376515391654	0.201228359469185	59
-0.046033456077257	0.302078003613381	165
-0.103110250943383	0.20612924184966	918
0.011989977587899	0.39299795561204	918
-0.024646842358518	0.397320705596381	469
-0.120371801539565	0.11779206989829	597
0.00476170314292501	0.253239549465011	597
-0.052462402758787	0.131818639034767	758
-0.093699134392922	0.210806721687003	121
-0.12061132232098	0.15179878462212	928
0.018297748461231	0.3471132914442	929
-0.103042197585975	0.160951043456192	929
-0.059247655072897	0.188946495605266	35
-0.018432614802097	0.258685652780898	35
-0.069642855915893	0.145234847679223	35
-0.062615487581866	0.163390338185555	35
-0.053266445765002	0.148461344493826	197
-0.062812065669912	0.147416060798692	197
-0.06547838922487	0.141754499134243	35
-0.04298025036974	0.131794034965	197
0.024423081111079	0.234633761219406	35
0.059595091882153	0.290408376357495	813
-0.043560954418722	0.126341273585751	813
0.015279769513402	1.2641108254816	665
0.02110701353366	1.20213560828806	332
0.052201912878551	1.4202076414445	332
-0.105605780079356	0.161272894114223	129
0.120613801789384	0.369673653652686	129
-0.108940509592034	0.167342570198551	88
-0.087453146789398	0.263198266640293	88
-0.071325469429911	0.250037841589475	88
-0.120381876621872	0.150622312677774	88
-0.047289915471369	0.155595835019504	88
-0.043396672490506	0.128659950294068	117
-0.048512054746252	0.144608517133782	117
0.00247730513867001	0.302409378561963	234
0.00154800755394902	0.326496394303315	234
-0.093555663660119	0.178510200990323	234
0.018357278524574	0.246464999053122	117
-0.052296510526756	0.155211855729685	117
-0.001570082649238	0.236850673891494	117
0.105047460402812	0.321662066344897	142
0.020940222356863	0.324471604043703	142
-0.019917001874978	0.245233758012096	142
0.023896705258679	0.351239218648501	102
0.007165486603667	0.289919655554257	142
0.069321002722277	0.319483687087768	142
-0.113077022123338	0.196326404749251	142
-0.110492835637021	0.192692282061537	142
-0.059511543423351	0.245436025753698	934
-0.076650106141958	0.236358679083674	142
-0.046587809301666	0.232338553750606	142
-0.091143620351194	0.20131670884801	42
-0.11367897318323	0.152886321335809	42
-0.026895324232335	0.125101991089379	960
-0.077070198706714	0.160678455704362	42
-0.055739619129118	0.329234391358736	42
-0.049572938152468	0.294501220649172	555
0.011871892306948	0.443626578705248	59
-0.109797779261851	0.162578435638502	165
0.096467005958858	0.473816862418154	165
-0.025683738711831	0.300989425631258	918
0.00742961549112697	0.231531539962558	47
0.049417159625547	0.398389214888377	47
0.049520077970541	0.386049371813219	469
-0.061552560692511	0.236600308452598	469
-0.038944422596143	0.122476803275817	758
0.075424117454665	0.223172964455104	758
-0.049400842711385	0.143427575529545	758
0.066973901717204	0.240453403706601	906
-0.070101404279934	0.139854542887037	906
0.080931837597716	0.149588490486568	906
0.074414477873071	0.136826328101066	72
0.060491671718049	0.126226310832729	72
-0.049363586699649	0.123607854457181	72
0.077888010592756	0.473202406669647	72
0.113238840466259	0.606018614172081	72
-0.076375925081811	0.176971825447582	72
0.060259376768298	0.416638321221897	121
-0.091216862523447	0.202117538474533	928
-0.114674502083327	0.131059618042353	929
0.079747128190906	0.298004285606017	35
0.051583959177614	0.236420302479753	35
0.081614662441525	0.147180655857914	35
-0.029281983310604	0.130255327350996	30
0.022797661289206	1.54514840316493	332
-0.002722078730822	1.15465882083206	332
-0.123183273203472	0.151123505817532	129
-0.116354560869444	0.117838367410652	129
0.107557386779214	0.289599209644168	129
-0.05250005854088	0.335053387804432	88
-0.11419109164571	0.184866254554177	88
-0.111396741892639	0.14768426008756	88
-0.069156406918073	0.142927532467607	117
0.05605213081074	0.409787502226563	117
-0.022864501013797	0.287231529574616	432
0.115174545873589	0.654854696546218	432
-0.018446142078014	0.227933977986404	234
0.056581139916138	0.232704842615559	102
0.033986079573827	0.311255640526914	102
-0.061764066073676	0.185646761473745	142
-0.053932021757112	0.297653291942756	142
-0.072777377267495	0.171790697388959	42
-0.065641756638949	0.161346785832768	42
0.029581638405974	0.500711558797487	42
-0.058543655158504	0.249967604007604	42
-0.09032077640488	0.224468042188208	42
-0.062141959593094	0.204718908643318	555
-0.046940217614492	0.255240521895038	555
0.117718152793915	0.472894189853311	42
-0.002622757309235	0.324478386257824	42
0.015995543692701	0.334896737802263	59
-0.102110735064267	0.206465422573528	59
0.110308276601297	0.482162204474454	59
0.00474238390638299	0.26578167612596	165
0.039487720284894	0.287880684294644	165
-0.019608985991585	0.236176757756858	165
0.042854303959713	0.311549822333959	47
-0.007663836807737	0.253325245237911	469
-0.017903058815725	0.233710683123907	597
-0.046705220852639	0.124020889069928	758
0.076582410764124	0.143047537907774	906
0.025942556355611	0.228556468649363	906
0.096397488395622	0.31319108530917	906
-0.120698751531965	0.116154796043178	72
0.028356867295313	0.134197362793107	72
0.069689582225327	0.139616254796362	72
-0.048257159276508	0.258559456568413	72
0.022101961396434	0.347778539180546	72
-0.090423887931061	0.200941491262732	72
0.038004128639802	0.384931354328021	928
0.024491697122462	0.224541158846576	121
-0.062831023083997	0.158279512828695	929
0.077675383104517	0.310836975248133	929
0.122502904357061	0.384320305623675	121
-0.111637242076431	0.147559486884408	121
-0.046624197292749	0.126954235711653	35
0.073241923111975	0.219632872999736	35
-0.038739513209021	0.149383392825621	35
-0.021873205029757	0.126248365865944	35
-0.044471627094085	0.143281120288819	35
0.037178156866232	0.228191931935297	558
-0.071843884147176	0.231568426577748	129
0.09514822216191	0.769042800768152	129
0.056540269065113	0.527120222450354	129
0.078701057449741	0.584692586140074	129
-0.081418180662046	0.31355940663112	129
-0.08530515178425	0.303978134419807	88
-0.091459018466141	0.190496719047822	88
-0.022802299817467	0.365513906678171	88
-0.060915773772396	0.20082613469667	204
-0.065737988190013	0.163439772978907	204
-0.060351024328241	0.185161840599178	204
0.078272509647826	0.462779540167382	117
0.113608402802265	0.45692640618847	117
-0.00733295918003801	0.233535409707386	432
0.034686330216638	0.532734003456137	234
0.013249284419421	0.464134432547592	234
-0.081056035729756	0.177585678051638	142
0.00311730923551201	0.247828576870357	102
0.024922934958929	0.492192611672016	102
-0.044536072925124	0.299758176213932	102
0.05701315787974	0.33153829425784	142
0.094325675685866	0.318871082566036	142
-0.037085913034944	0.453008720185221	42
0.073744726744983	0.699593613202257	42
-0.110446553011244	0.196696546561152	42
0.025300700487425	0.316993630271924	1053
-0.017933616326224	0.400332532979796	42
-0.119061008199678	0.159531046745084	42
0.014598400198223	0.243364572273895	42
-0.04716764623174	0.155824765928702	42
-0.111137095004389	0.174749369846902	59
0.027952457717755	0.413968202429932	59
-0.067372434851021	0.146447695975872	59
0.035140324856258	0.138868500390874	59
0.124396633166863	0.230956483079559	165
0.00474113317258601	0.133464295122194	469
-0.045670664887177	0.125167244548779	469
0.099293696766853	0.233197041544556	469
0.120165720355941	0.737912284746107	597
0.019556991805359	0.416572166978875	597
-0.117984143582033	0.168597583196561	118
-0.074588825178495	0.177340581538338	118
0.082670791170843	0.521204341315445	906
0.08811915851983	0.482881539561157	72
-0.062605635007637	0.319517281846426	72
0.02386652474054	0.315500496664456	72
-0.09366881337456	0.237126718344372	72
0.046157988963904	0.530995495875722	72
-0.00696498886430699	0.441717736699294	72
-0.00192923775961601	0.565666930006118	72
0.038361286263843	0.232962479271894	72
0.039942627273355	0.227480374451093	72
0.045926038361905	0.400856409433078	121
-0.089493232893532	0.240889956635044	121
-0.077202256539018	0.162154190636017	929
-0.035784460853975	0.124507092204651	929
-0.017132081115499	0.307621185313025	121
0.073345202438045	0.14527145871932	35
0.00236356219904499	0.135692374864009	35
0.029379860844718	0.134324290391476	35
-0.00392228438959799	0.243566815751094	35
0.081264092577484	0.314045912763399	35
0.105650404930738	0.380733249405118	30
-0.098500115719569	0.155578805637044	30
0.063987916462686	0.321321316748117	30
0.100363501413543	0.235671823478264	30
0.00123506117517103	0.333879582245583	813
-0.123864540301181	0.248108480755234	129
-0.012397097931902	0.437175779546237	129
-0.110462805164858	0.284496601882282	88
-0.028209480460351	0.417520509102729	88
0.080044307722139	0.627037863559297	88
-0.086374040681869	0.144003761942262	204
-0.069411066052603	0.175462148369891	204
-0.108020542255443	0.203645917480378	117
0.057624031894352	0.673220026133113	117
-0.015253499519746	0.245325462216553	234
0.039766131976288	0.454493067679175	234
-0.106934022771625	0.201028433756241	234
0.048752500170771	0.29405857149817	234
0.069911996521245	0.391090067968032	117
-0.07833936655511	0.169682917134016	117
-0.092086991478019	0.15622985081981	117
0.049341744810276	0.308466468220312	117
0.041958534704908	0.321747637025545	117
-0.00934118358785599	0.228587089267906	142
0.032537456076442	0.334641487385274	102
-0.010495903387686	0.325768577395743	102
-0.00457041470998401	0.339444800532887	102
0.049802915098169	0.670545276525898	102
-0.06277045960477	0.296838167935885	102
0.055282500751966	0.236250084206933	142
-0.049120745576481	0.158545794321324	142
-0.04534008410768	0.154952672906547	142
0.050657877268767	0.679271644228221	142
0.083361110667734	0.520217826302132	142
-0.004247903995901	0.247087937483796	142
-0.052454981680433	0.152443769251988	142
0.024698723048395	0.672020526988128	42
-0.017710564944719	0.306264640331204	42
0.011323343628704	0.43154448034471	42
0.010014380507761	0.443254580754098	42
-0.014447788076888	0.39791767372542	42
-0.00961304791427101	0.495728458102713	42
0.062638434520057	0.477064092351492	42
0.063131554896962	0.233393398293322	42
-0.064346675025696	0.149604644663994	960
-0.112906607172897	0.14283652837979	42
0.013417709869766	0.297567656564625	42
-0.015749256585386	0.247032004043869	960
-0.120878280907205	0.171854285888307	960
0.095521574232512	0.469991859845774	1053
0.075804549342177	0.425584857922479	1053
0.0500013636449	0.442804354189914	42
0.00877750939685501	0.475603152890941	42
-0.086563118054768	0.262726232764082	42
-0.050303089233667	0.321049015848266	59
-0.04194302064395	0.251081752715911	59
0.084826839405711	0.230628979447691	59
0.042964646848056	0.211707941411295	59
0.047113650807555	0.232566104188501	59
-0.048574658764225	0.111959532024651	59
-0.054910810806141	0.150637844685481	47
-0.011687618686612	0.232204663561647	469
-0.124468286201193	0.186689436211144	469
-0.058835444180901	0.158454115640217	469
0.089738345082228	0.691824578841302	597
-0.117775343022017	0.190275119008166	597
-0.00537156078429399	0.350474362555874	597
0.064420294015304	0.425071949068399	597
-0.032383876385924	0.252946559735807	758
-0.063777393942501	0.24507853195738	906
-0.101543353450746	0.169791974740931	72
-0.122319334556027	0.153720611998234	72
0.020697594546668	0.466874114957115	72
-0.097530437345248	0.229872682597947	72
-0.055097849687872	0.196085789621928	72
0.03541308525113	0.460494564749115	121
0.047026708831473	0.236697383364381	929
0.00981000957721501	0.136095621112733	197
0.089310634474383	0.230850396429207	35
-0.049634453187696	0.161008829904906	35
-0.067612073030723	0.189357837654618	30
0.119481836646482	0.378349162672826	30
-0.061827251527736	0.136143782068019	30
-0.023619127817662	0.126453632969921	30
0.098394788894161	0.319586106688619	813
-0.094062527977159	0.28763621636333	129
-0.01515249116173	0.376549029773394	129
0.116810635923835	0.328161866022325	129
-0.03291129189888	0.226067999433202	88
-0.023827412367293	0.249744389570663	88
0.018720225758858	0.404878429654097	88
-0.092754280041439	0.243389636629433	204
0.092344651663307	0.306870047628535	117
-0.00757050706929899	0.254297385353058	117
-0.12239401424279	0.182653292926742	234
0.027471319385521	0.299416836421821	234
-0.067514658117781	0.173176295153364	234
-0.110827626813007	0.155338280685539	234
-0.055173785058386	0.206029307556969	234
0.032117484935961	0.226720704544226	117
-0.063919838908054	0.175546771963715	117
0.114870295249414	0.457163033875115	102
-0.102430822153767	0.188811043673957	142
0.025909972424901	0.328247633708928	142
-0.020990285020562	0.359198889192765	142
-0.068271484483009	0.272463838001549	142
0.096023358108552	0.466392224107615	142
-0.104392406140624	0.184305834779473	42
0.027329558331245	0.306963573504925	42
-0.11283537044342	0.156823280851464	42
0.03408120655351	0.361616425708865	960
0.07069879505606	0.515860934206825	42
-0.101895902738053	0.158478886206189	59
-0.11644589112364	0.136095391944412	59
-0.092140983971782	0.162178453139078	59
-0.07746340540057	0.165521129977837	59
0.042206449790361	0.324692384979951	469
-0.014137285166945	0.352226526394749	469
-0.035062434207467	0.283099637012819	597
0.046740092988235	0.300621851562829	597
0.068296541391284	0.315033425751959	597
-0.098612651635496	0.180828548458565	597
-0.05215278736461	0.14905764295623	118
0.087539658731021	0.467060691010715	72
-0.050255608910483	0.274879463782305	72
-0.00727013430176399	0.282608058565749	72
-0.056556316430716	0.157658354979471	72
0.046105925279871	0.306403380745836	85
0.017642630587993	0.248847478495314	85
-0.047731909778851	0.19344794984498	85
-0.056165545392051	0.163045812713966	85
-0.06961627293056	0.153546426638429	85
0.006536407383884	0.251285718968256	121
-0.122750751816905	0.11146178803358	121
0.103263650510369	0.323906683890372	35
-0.027217994402421	0.131087242940118	35
0.055369828209298	0.210313965695209	35
0.032494564026798	0.132303433468103	30
-0.108792819677901	0.284841718200644	129
-0.123234666709976	0.112545527230978	129
-0.0579065790773	0.190389263381616	129
0.03476560123291	0.227892245129764	129
-0.093773957647615	0.279528389838398	129
-0.057111865913089	0.166802428141047	88
-0.005665945344006	0.382395147209491	88
-0.06656030290508	0.29985112048818	88
-0.024786636866587	0.330592801538245	204
-0.070123894604316	0.166510577602901	204
-0.056044724228267	0.144576961754168	117
0.014564903946486	0.22869360743672	117
-0.09677527141576	0.180657681540601	117
-0.116243692349478	0.137622075418237	234
0.086176268432725	0.308567026419506	117
0.024427675796203	0.224448570366606	117
0.000133978064352003	0.224384085512194	117
0.061809187332759	0.323269879837174	117
-0.116607464161471	0.12335354117886	102
-0.100101817459181	0.168890677865764	102
0.060151097866288	0.446159703733027	102
0.00324594575133702	0.230625100061985	102
-0.056372252789577	0.282431824654127	142
-0.122955689272088	0.173043069893584	142
0.049046163420887	0.409075170593842	42
0.022356093764935	0.38228742106243	42
-0.054237757476476	0.285423887999901	42
0.060534181972951	0.399663121996861	42
-0.061725122967801	0.153821167051716	42
0.079644215047721	0.300985142248822	42
-0.090217569278378	0.172678706535452	42
-0.014811258178946	0.335622412567119	960
-0.040955538317932	0.307022294200151	960
-0.047629343505522	0.164453510778718	42
0.015603233797545	0.229632962249525	42
-0.118438235404544	0.174696513628679	42
-0.087048867728303	0.252576907561307	42
-0.11383986123342	0.152269947068664	42
0.039730875609808	0.480280964566215	59
-0.024654175935459	0.20698311861296	469
0.083134757770968	0.462627823595893	469
-0.067766186478551	0.25059586920761	469
0.046093697969427	0.420885189558702	597
-0.102184094188352	0.227474918012725	597
-0.080550522063133	0.170628547405046	597
0.030429922806106	0.240635160423922	72
-0.023890907238048	0.13355163017622	72
0.038924996504803	0.244959920242112	72
-0.016323426181289	0.264569699380975	72
-0.069060703992271	0.135617766749021	72
-0.109509166757739	0.177284699293208	72
-0.087171250798075	0.205059701204578	72
0.029333408511125	0.299732398018259	85
0.074332236312868	0.351823560218286	85
0.028804926890953	0.22058308458186	121
-0.051611680754422	0.164783770494857	326
0.023375939457509	0.24052176687956	35
0.026940353366515	0.217956611604299	35
-0.044937772991944	0.133157045390386	35
0.101366624325624	0.231977146113276	35
0.09926399492289	0.225138934386066	387
0.053198504896407	0.229192151152251	387
-0.057291309245526	0.148981888296152	31
0.062415493838162	0.233509173576319	30
-0.049570027383116	0.123825730323277	813
0.044216382545413	0.138627566610622	813
-0.0181829693298	0.130084633487474	558
-0.057974755511769	0.321241886474862	129
0.103530136825492	0.626775374215914	129
-0.056250986524206	0.366896778783725	129
-0.094999523472573	0.214201117272428	129
-0.072014805151512	0.254569463708546	88
-0.06524763452613	0.28699141759634	88
0.124805124010648	0.764112525096143	88
0.06733036158003	0.547668030992588	204
-0.099071228575334	0.159697522609211	117
-0.114877393526281	0.151153467037569	117
0.010487085415395	0.404932464127552	117
0.052322114098916	0.385643569066291	117
0.014103929981091	0.322737923967201	117
0.105946644207477	0.388060581220354	117
-0.122659585095856	0.123767469734029	117
-0.059189697530207	0.175691164603668	117
0.067354290532981	0.421128008737818	117
-0.015090185798188	0.253219309406861	117
-0.071786912310938	0.183152307354783	142
-0.102745178377689	0.166115057065938	102
-0.00806387170956099	0.359032315421636	102
-0.069760625799567	0.232578668335943	42
-0.103711968360938	0.181556776830955	142
-0.100921732666895	0.222130720413907	142
0.026021455896423	0.351656999370921	42
0.025243376342229	0.372914539079202	42
0.050720645502158	0.444975134740489	42
0.00709146107194197	0.440505179752298	42
-0.07686593895876	0.295473457006665	42
0.073707887208628	0.490721221574903	42
-0.042258956689118	0.289465377167151	42
-0.038438654561267	0.347100955388547	42
-0.124939525782855	0.138725583164689	42
-0.122933577362598	0.10946701440447	42
-0.11646067325982	0.126812545751275	42
-0.064184060859482	0.14699352876561	42
-0.066186186859399	0.255879350736282	42
0.119171781480531	0.590427586331663	42
-0.073761269877393	0.240267486235008	42
-0.070631569590438	0.228060974099349	555
-0.015336630614815	0.359376500938688	59
-0.00135501433216301	0.429468430729114	59
0.023426882794026	0.51316088504203	59
-0.104874066235491	0.223831518159736	59
0.020818177273128	0.327049164458875	165
-0.030025379296819	0.25573213146164	165
-0.119480026499754	0.136986156704315	165
-0.01365793029472	0.265265225958279	469
-0.032553681259294	0.247079282567381	469
0.039552209128697	0.357872427561446	469
0.064030981482922	0.477018800410166	469
-0.109732477606332	0.153985895893423	597
0.011331761530691	0.340271596994922	597
-0.058771045860547	0.240101670190315	597
-0.048545882377798	0.322234911503632	597
0.000045290649153984	0.238418245381314	118
0.104017246952842	0.318198400572474	758
0.027824755214776	0.313103211300919	118
0.116083314584923	0.305243369752915	118
-0.082362675991667	0.223078134074487	72
0.024279081308803	0.35817045708107	72
-0.017720360561536	0.253841522123606	72
-0.12273067201244	0.15112623531198	72
0.010470505111412	0.315866550280215	121
-0.052816827438907	0.291881907457762	121
-0.048192922133032	0.277799926092375	121
-0.106883137981977	0.160578647812371	121
0.027927157590518	0.321293257241201	85
-0.030851102462696	0.246060596727172	85
0.099695694592118	0.396754432775232	121
0.069385736707226	0.400236815967168	121
-0.000756805695694002	0.244448764549097	121
-0.069100614709127	0.159844323461291	35
-0.060169761204523	0.145295657176887	35
0.080910202303472	0.230334711447955	35
0.12412748192657	0.332270429127481	35
0.019991573710068	0.23702143356515	35
0.00505047821083299	0.129255024567183	31
-0.059386637599496	0.161464222850086	558
-0.059435853158541	0.152619085988644	558
-0.107835463517077	0.414395270290881	129
0.068703849830063	0.812500016303325	596
0.086857510438417	0.515518154753969	129
0.051171275776341	0.336353734149035	129
0.027259420535538	0.405431669477873	88
-0.083408400996616	0.147076290800513	117
0.12418639411217	0.233076791943292	117
-0.016865460568254	0.287305681865929	117
0.040225575033288	0.36154802537686	117
-0.118052944189052	0.119245850430306	117
0.107095333297047	0.375941949648861	117
0.065651125163862	0.314785033274339	117
-0.011697523625197	0.227534094370815	117
-0.11265523557004	0.132027330656091	142
-0.06125510350326	0.137962092239142	102
-0.000905197888846993	0.237883266640998	102
0.071669376186489	0.395042028488796	102
0.0962004876316	0.315069828585702	102
0.033225962811193	0.31693568423478	102
0.121388184573769	0.597018028831129	102
-0.01135757768291	0.272565843796595	42
-0.12324394975619	0.190965360464568	42
-0.043138969986653	0.328185534327617	142
0.069226447932619	0.603360150883137	42
0.04441919597372	0.229273820784254	42
-0.045234500592633	0.280036563041666	960
-0.02267126947249	0.127929076632845	42
0.091898855540056	0.226032048921336	42
0.102649994524056	0.574712713045334	42
-0.110393138828526	0.202843364425722	42
0.07015697711345	0.498486250413324	42
0.093948642217257	0.607501602071743	59
0.074314201116362	0.593219141446256	59
0.022833449467553	0.333683738209527	165
-0.063868096378479	0.232402853288591	165
-0.116894419198098	0.142410393102642	469
-0.109750206555315	0.147091127930053	469
-0.083232039571073	0.211058805261546	469
-0.019243317274667	0.308533639209454	469
-0.054868705861426	0.169540369054934	469
0.114805854275438	0.468495072489573	597
0.032534620935059	0.418436408556456	597
-0.114184660670317	0.149402114592222	597
0.032325348200288	0.46685887991541	597
0.108954241172112	0.678096741781496	597
0.00126320916347	0.135239995383778	118
0.093409816986855	0.463783868604801	72
0.020767031187522	0.316025022993359	72
-0.030812098572776	0.295689851509905	121
-0.07332553844471	0.160319916063915	121
0.091132927174372	0.457869486565705	85
-0.000906476089089003	0.243912105179062	35
0.00300851251574302	0.230006760225536	35
0.027843960207609	0.242443426771937	35
0.020979353320954	0.230040314235964	1097
-0.052508957061217	0.122491278671267	35
-0.02304470311714	0.126560899448741	35
0.073241923111975	0.219632872999736	31
0.042576279573703	0.141601281724489	309
-0.072105184206379	0.794728604886433	129
0.044345872135554	1.32461242722318	129
0.011869240001794	1.01675166666034	129
-0.029804622455422	0.519088414054617	596
-0.076652792049068	0.263631390159944	596
0.039640308961431	0.353316978124159	596
-0.010366942129792	0.336610319286458	596
0.082952097972894	0.524444078669574	129
0.030888338737005	0.337259945674733	129
-0.117024145133407	0.206659722913535	88
-0.046310747159784	0.129333215011049	117
0.027201909965866	0.230953210317737	117
-0.102543325418175	0.237956247936884	117
-0.063785328483676	0.15800533156642	117
0.023072907690792	0.373988054193919	117
0.058357291981473	0.449405154622262	117
-0.00990805589143101	0.252062314203863	117
-0.03388137914308	0.24357690344032	117
-0.059050852743838	0.14741452789988	117
0.101347412191318	0.375051085331774	117
0.051201434732157	0.312883862700302	117
-0.055786813991224	0.18010603345663	142
0.097353770962291	0.387051595992269	102
-0.055950659244113	0.178848657739383	102
-0.060516290571087	0.194129115956392	42
0.051533036278863	0.587969996471775	42
-0.092890627046725	0.218245522012949	42
-0.059001885464163	0.269567623864904	42
-0.115957855693158	0.189158371140724	42
0.0500498475758	0.471608576095108	42
-0.02038942099876	0.427292922565253	42
-0.064913010117648	0.30462148766359	42
0.058677077325964	0.503986351027773	42
0.029155265152414	0.506885419091983	42
-0.05411015961945	0.295193133026449	42
0.057145145317025	0.552580299002169	42
-0.045219415492737	0.155347369335323	42
-0.020272724894525	0.311440357247364	42
0.048000529249579	0.45824993635307	42
-0.084928456409765	0.235483249757334	42
-0.071316947005299	0.237864015077189	42
-0.11457855277861	0.233054863652511	42
-0.081668904985259	0.171243414450913	555
0.114389926382253	0.576648877269391	165
-0.102019854447918	0.169101687304513	469
0.07369295271002	0.43381577215007	469
0.010960717385175	0.21836947241772	469
-0.030937351541408	0.345929110367676	597
-0.060630645311157	0.174551826372905	597
-0.112697657506693	0.130739704263081	118
-0.098210407438506	0.163707731163313	118
-0.113706840377118	0.189460435992642	72
-0.114796379943877	0.16033041034672	121
0.031428999101371	0.218374598710668	72
-0.051441456924727	0.245479974134909	121
-0.067852088038537	0.220833808123808	85
0.014575487431492	0.340160352467071	85
-0.052525538010725	0.131402162283487	85
0.035387589497937	0.231665845551511	85
0.095095834126485	0.314717910427827	35
0.050804964759472	0.22784778294676	35
-0.068587463647758	0.16430832140241	35
-0.058084246101656	0.170744138405925	35
0.04674808206017	0.231907654242357	35
0.058308268318139	0.241136255603448	35
0.032912685138889	0.229644458846028	35
0.072879501643531	0.312963843764136	309
-0.120956507314033	0.126569761415032	309
-0.072961137318638	0.592169147708166	129
-0.038016179803406	0.861427637584765	129
0.043447600134819	0.670137800862601	596
0.092188891062734	0.325070572456104	596
-0.068399471899431	0.140194884660156	596
-0.077921066049433	0.162977373742972	596
0.022404560305589	0.520517590719459	129
0.122298552556268	0.323202757823337	129
-0.114470681564036	0.141718974786375	88
0.108145824690467	0.408933997451031	88
-0.069654289304497	0.155588692269461	88
-0.071766590442403	0.265941025711848	117
0.073600104707003	0.221005411758336	117
-0.05599645028356	0.162837645173967	117
0.081996237171196	0.328121828099153	117
-0.00990902837812299	0.132302080163486	117
0.110256067994024	0.328610035864139	117
-0.00364895054495301	0.237681455410015	117
-0.00433326952142701	0.234403890786004	142
-0.051877865612459	0.165552704952946	102
-0.074601711645005	0.163534318938109	102
0.091050480331676	0.428534079211049	102
0.0838780147961	0.387673854339077	102
-0.124278633095864	0.150821050708349	42
-0.027126422816362	0.279645591477812	42
-0.101652768997561	0.181326071757103	42
-0.119443145152512	0.160131065532846	42
-0.092067584210724	0.171236502679363	42
-0.018175722435417	0.332333407355018	42
0.019222460012563	0.339650177062746	42
-0.057757246887742	0.137920833973258	42
-0.023710891838623	0.358830528400998	42
0.027831217284677	0.333651893667637	42
-0.020319443747603	0.125466601355455	42
0.119028233009835	0.481882661158875	42
-0.117661272995732	0.18315458254338	42
-0.04981618291492	0.24615084992333	59
0.035487655824329	0.468145949527243	59
-0.088686005909159	0.18813007152661	59
0.046861904494785	0.430160551718572	59
-0.021340440728539	0.256500955768582	59
-0.03119013242852	0.258490052445733	469
0.109617587858572	0.480045219874401	469
-0.11104496315924	0.144648534721977	469
0.019731567429801	0.349417522075898	469
-0.053334809285498	0.243071304324808	469
-0.10634883003717	0.162514137253912	597
-0.093602970227673	0.187016231616728	597
0.043776837102922	0.142241281662513	118
0.00142584379723198	0.130689845279253	767
-0.068729269384739	0.138049408046256	72
-0.072951165548227	0.196237334519031	72
0.019655811521758	0.360225184647058	72
-0.09199606556923	0.17259507690209	72
0.080949656372059	0.400183941729435	72
0.084647307994421	0.39733563889262	85
-0.012121656689949	0.269645777362067	85
-0.118523719843271	0.131398736972468	85
-0.065356316178894	0.179536927588086	85
0.031486817572046	0.300422255756285	85
-0.013836778757847	0.236852555230833	85
0.120389988009357	0.229865758074971	85
0.046604470066314	0.232225466193214	85
-0.055321786746268	0.154078946338848	35
0.08349472639511	0.317741493221141	35
0.07031252832684	0.226074561244773	35
0.116109719352249	0.327249659093583	35
-0.03938540996378	0.137689440074969	35
0.075836355422627	0.227386913093496	35
0.020769386735245	0.218558981357453	35
0.063496484918623	0.22429646999142	35
0.03635834911407	0.138398008821889	35
0.112525916318671	0.216759369589634	31
0.092926987274511	0.224916411269198	31
0.065620001453313	0.134520826507225	30
0.015632253540633	0.700232796205407	596
-0.077721216138219	0.259188572563845	596
0.108655546619957	0.532911578718365	596
0.042641953263605	0.37820136099373	88
-0.056759817717577	0.355060831810208	88
-0.095772788381235	0.219313513191413	117
-0.050809339035996	0.170486040891577	117
-0.087333802800378	0.250623102513393	204
-0.12276739580626	0.119656263912903	117
-0.1217047392796	0.133569111669459	117
-0.069851561100889	0.174796992731674	117
0.04689835075473	0.225457785154701	117
0.060478945538905	0.298084509066146	117
-0.112548631636873	0.141491097529947	142
0.063675392129783	0.400886959527577	142
-0.066282388969825	0.137374675467751	142
0.096686802398074	0.384556324006983	142
-0.025816189941383	0.25457106867804	42
-0.072061522772222	0.168308619223801	42
-0.050665234100789	0.297889894475682	42
-0.0716772228917	0.244819869683851	42
-0.004507449276106	0.375869081360466	42
0.052856112607202	0.458701714754021	42
-0.07324536613844	0.273535374186325	42
-0.072356371501543	0.274776810964821	42
0.015124363759351	0.366550856126211	42
-0.085254781638993	0.210645037953791	42
-0.102580423816044	0.20773437989137	42
-0.064810937545538	0.272116031909381	42
-0.041705252533191	0.290473435226968	42
0.070781028912835	0.412508913279427	42
-0.04207788451629	0.13195065305624	42
-0.024700104579037	0.134567770311576	42
0.05328516083918	0.502487437761442	42
-0.016027859584514	0.297854761958377	42
0.098240631998723	0.228474443297652	786
-0.124124158199434	0.152498153087262	42
0.024249013067675	0.372944361441161	42
-0.124601926323751	0.169627924287203	42
0.060453609416758	0.518063231272283	42
-0.022193458157148	0.243658832496818	42
0.046464921951781	0.397859947990049	59
-0.087034817697463	0.224456743227706	59
0.065680561932208	0.521798255553462	469
0.122557391118619	0.484223077022424	469
0.01831938389497	0.395320379458921	557
-0.049219684252245	0.14556749421853	597
-0.099303514245066	0.158608284275953	118
-0.00190486557493899	0.130867095301149	767
0.03867994877029	0.142893417300482	767
0.119227779635051	0.416033643636343	72
-0.00609422833459	0.274595677797201	72
0.01121815319925	0.387183916537861	72
-0.023631762495287	0.246868918750944	72
0.068929114185404	0.218116336079501	72
-0.115568767280799	0.140375324314813	85
-0.068431616830315	0.181605152885463	85
0.112386217177873	0.319746184072056	85
0.084803236152714	0.319002626832427	35
0.053838742017815	0.220207220930392	1097
-0.043937366338603	0.134117049989781	35
-0.040707448900479	0.136953039274445	35
0.070463879047254	0.235658738994765	35
0.117511751394941	0.321785292817309	35
0.029379860844718	0.134324290391476	35
-0.041746031309251	0.136706641992883	31
-0.049798679393772	0.153437588417323	309
-0.122263060323097	0.107938867049902	309
-0.058966754704628	0.143610497676019	309
0.037332084108996	0.681194516159936	596
-0.017194805455127	0.445221219549969	596
0.118797607213185	0.788993300274526	596
-0.1087399521114	0.204895181758201	596
0.11428341457117	0.629517611496195	596
0.066840752234002	0.550355890269643	596
-0.056783644074995	0.218654614660565	88
-0.071367496660455	0.233015554596775	88
0.108421031254066	0.514384631539831	117
0.122823278691002	0.455788801885348	117
0.11544668336058	0.414419460625609	117
0.021853465189766	0.239442147752939	117
-0.068931883349349	0.180888536596015	117
0.083814361095418	0.492255222414083	204
-0.060598913191705	0.220313610754915	204
-0.010018601752337	0.258520372926567	117
-0.028894444975764	0.260541114446358	142
0.082362750948394	0.395637386211057	142
0.097489273649505	0.425388085340944	142
-0.051281641434979	0.229226195780964	42
-0.062062105429893	0.219438619138254	42
0.123648257046424	0.479440798480648	42
-0.072854708616765	0.172108535527095	42
-0.104722893049689	0.154515419913314	42
-0.020876740275187	0.272031759913742	42
-0.010077050222961	0.219867705108531	786
-0.059601204499526	0.155443923212732	42
0.018670411422158	0.313107085143529	42
0.096184092462788	0.401218214847337	59
-0.065937199381484	0.168590578350409	59
-0.07001530989252	0.17900982358584	59
0.07624416497183	0.326285572392673	557
-0.04341698113679	0.252533013855238	557
0.122499663776002	0.394914742088364	597
0.045611390602458	0.310735588194313	597
-0.077405213647856	0.154268096419192	597
-0.11173663546207	0.150986148894474	597
0.058508245902055	0.292123598704064	597
-0.050154921890232	0.128803351052698	118
0.090215463934078	0.234243998600486	118
0.124017664209062	0.229871022629692	767
-0.050404136439785	0.128114286298787	767
0.036141422711916	0.299654784802061	72
-0.00868319119264099	0.239644153328742	72
-0.103701576097667	0.144510696770019	72
-0.110601520074931	0.135075931865727	72
-0.074473456613531	0.180128372971166	72
-0.058302411834131	0.164071790559055	72
-0.000844116861196009	0.257716189365802	85
-0.064717781669036	0.169681052619002	85
0.086824948872726	0.306279815136858	121
0.082153505582283	0.316010887403477	35
0.031098033935068	0.238080486318511	35
-0.023254690411435	0.124051143386275	35
0.0316303848161	0.22450927492021	35
0.05607971541959	0.237412736213043	35
-0.01809970923936	0.13062452292117	35
-0.044099193124248	0.14087305520513	35
-0.030393837983944	0.132674958140499	31
0.032898102918375	0.140954849876372	30
0.034057208269096	0.137631910944822	30
0.072266689561043	0.145834283360513	30
-0.052421653906508	0.153887055609936	309
0.074431552992746	0.147374944209395	309
-0.107808229875952	0.41085843440428	129
-0.096105556755069	0.366449543902253	129
0.03904925944158	0.780616175134139	596
0.035457332492386	0.449261426746278	596
0.053348456711148	0.31117315879988	129
-0.122611028911953	0.124918729185601	88
0.079557981454982	0.412400669476531	88
-0.043090848505723	0.269809711029536	88
-0.109477295004319	0.1904186814135	88
0.000783719817855022	0.452736879759983	204
-0.123215894270107	0.192555872067711	204
-0.052821782909462	0.201925585807364	117
0.022022936672765	0.428774860635568	204
0.038790041856884	0.40631746101232	117
-0.00934459903171	0.245831580742706	117
-0.11796750290825	0.12023364312837	142
0.115411004271601	0.408525100360489	142
-0.11518540547053	0.11462569497052	142
-0.011457634311472	0.222167397201818	142
-0.122959981807013	0.124129412546199	142
0.072743591271246	0.418055183185932	102
-0.086154220839411	0.152963621575444	142
0.023662726961402	0.379267725649205	42
-0.012882925624647	0.328562806340913	42
0.118119668455706	0.652371305072426	42
-0.054647068235855	0.280913621097212	42
-0.00752457266779699	0.321596180521687	42
0.00225115369034701	0.377200079213921	42
0.111692954394539	0.581507293624643	42
-0.016228238974215	0.344308029927206	282
-0.056412148532087	0.149010204186326	42
-0.043744674094514	0.135247650572702	42
-0.043973536110307	0.283335030853665	42
0.011232756589301	0.349843158978888	42
0.013867468851173	0.23827493129669	42
0.00656228114475899	0.348488663876901	42
0.049474801900607	0.477531800758126	42
0.052276459909306	0.305893126493866	42
-0.117913480186796	0.13401124078729	42
-0.036324950067982	0.28263079886554	165
0.122586225190315	0.560468671076389	165
-0.073742916530221	0.226265333622794	557
-0.049465929246417	0.263575454817124	557
-0.097038860997022	0.174920945828417	557
-0.109987343301729	0.171372077115782	557
0.09822450965301	0.489085215360213	597
-0.027594101542189	0.265129165233392	597
-0.00568700072311301	0.349136658574778	597
0.064054575693213	0.329501556163986	973
0.114030367936173	0.22007281536756	973
0.079745208709072	0.232260019496485	118
0.030616926953188	0.137424854865948	72
0.109046830772599	0.381414421830536	72
-0.047109114092333	0.247248067535447	72
-0.049771894261896	0.244969261782423	72
0.102609370877708	0.448567089789849	72
-0.051904352486276	0.2383040353154	72
0.024264742601127	0.292900109063396	72
-0.073420786453469	0.178301118995537	85
-0.048374726514161	0.203731076081756	85
-0.019180372969055	0.246904426460471	121
-0.065869576961769	0.13516165939505	35
0.074558498225315	0.305530147916918	35
-0.054503444821532	0.140778390903162	35
0.042651208330172	0.224847319191555	35
0.013983966547693	0.234713310143501	35
-0.040966009311344	0.119250393195695	30
0.063060076481466	0.134797765272672	30
-0.00300514462597701	0.881481291723747	129
-0.086008447146998	0.3886354324845	129
0.068330251563679	0.907712317635081	596
-0.027517884352142	0.339148973129535	596
-0.021571553885512	0.25765473111759	596
0.014268519945685	0.340293971760792	596
-0.023324632325067	0.388047809687015	596
0.09186470600341	0.212308508712226	129
-0.093259666479796	0.207403211716534	129
-0.013404620416671	0.447607271065047	129
-0.0581390194333	0.346780794783797	129
0.078214362021492	0.385511970782859	88
-0.056342217744761	0.182487994487715	204
-0.054091114777433	0.141137387762233	204
0.07397438312258	0.405212270083384	117
-0.0511072586847	0.16409374381587	117
0.0289372392021	0.22076199167709	117
0.02234260486178	0.325258413969548	117
-0.057707712145439	0.275042246479884	117
0.094307602683284	0.516863144804612	117
-0.022872012101101	0.242253715543931	117
0.065279814543606	0.297595730272678	117
0.054530360398802	0.300325472155008	142
-0.024050243268043	0.244611557101139	142
0.092165712218396	0.407671407144584	102
0.068397334369311	0.213260601125045	102
-0.124690656261258	0.160699833332457	42
-0.048188190041434	0.287596667550643	42
0.04011243321538	0.455547669183702	42
-0.098515885708153	0.184196515767265	42
0.012931476593501	0.379290792888678	42
-0.079131501114878	0.251657394273148	282
-0.048732560315607	0.134097703342731	42
-0.022881282140839	0.125870824029636	42
0.06560261780787	0.395985317022717	42
-0.12015978099197	0.15438276993167	42
-0.043988648175707	0.29968527340435	42
0.000294088090221023	0.130821558097978	42
0.122111046574016	0.319683967789723	42
-0.112906036797199	0.170434518626465	42
0.068460679251639	0.561083776433833	42
0.083856517267264	0.535822922701097	42
0.032678567810232	0.365319148491984	42
-0.062907673307009	0.221622698663935	59
-0.001162693337382	0.260344838850853	59
0.054569452669355	0.426735923155975	165
-0.087907560873065	0.212331619294445	597
-0.039427617888165	0.12924518613438	597
0.036222657855505	0.139254468380544	1944
0.00112164855025798	0.130704718262483	118
0.121391040130117	0.231563414636241	118
0.071895146992329	0.417050765551948	72
0.084120842879818	0.236357839919688	72
-0.105734431804597	0.194726231578604	72
-0.097869121586064	0.171347050580513	72
-0.052920033439067	0.226140512014029	72
0.107423853104784	0.370346564768553	72
-0.119397110639375	0.126079623520601	72
0.055150845392271	0.3846839967797	85
-0.05659510312579	0.220619071914967	85
0.073406256085883	0.416485018165945	85
-0.040296543864088	0.170085015484176	121
0.00618171866883999	0.240613976368284	35
0.107106207946611	0.389601017664014	35
0.05834323904534	0.234872412289982	35
0.065327658074456	0.226590141737441	35
-0.025195695433114	0.125600699362614	35
-0.00333657487254899	1.07786309641286	129
0.077628692465492	0.512306322799811	596
-0.057428608074181	0.150674039681092	129
-0.107117896615441	0.143204777954597	88
-0.061585601415229	0.18420060654646	204
-0.050890531765552	0.28633117780568	204
0.034134375044252	0.50327224182962	204
-0.12482694662495	0.136056283203598	117
0.111495684940402	0.456658201746565	117
-0.062414505731938	0.151583885165001	142
-0.020432171904033	0.240199773784648	142
-0.063250611133573	0.144781997841152	142
0.043761079912739	0.222277729540228	142
-0.017495637834938	0.264107308862396	102
-0.06509436173894	0.14987138609247	102
0.036810601337894	0.305201442798335	42
-0.061286495833349	0.229488042708424	42
-0.029699491153185	0.305084832185963	42
0.070847400810987	0.392319808006707	42
-0.056900038416236	0.159009957973646	42
-0.027482939724872	0.279455413762867	42
0.069829127718353	0.143162050426867	42
0.091872995286326	0.22309296866498	42
-0.035684343805804	0.128428896011582	42
-0.035127045986448	0.258623204626745	42
-0.087610014882997	0.188278425742154	42
-0.062598109477864	0.218595487641675	59
0.000440894762997024	0.396887336170551	59
-0.120066281761591	0.166716843021121	59
-0.097874445097259	0.188310198431359	59
-0.124243496190578	0.114099761262324	59
-0.029249453704339	0.244663526777287	59
-0.00343415858453799	0.242424646001361	200
-0.112983959306135	0.133485870308917	597
-0.026015872132686	0.266082728933135	597
-0.05040323988651	0.280547737173983	597
0.027718993654209	0.127122770057916	597
0.124258250345021	0.147101384296932	118
0.016980736941875	0.410385086251167	72
-0.049220113304668	0.130112110229205	72
0.082562770609319	0.148109455854123	72
-0.102354520057787	0.165615459135517	72
0.065966064976449	0.215875906476376	72
-0.116680713761476	0.122823223354001	121
-0.00660060651047201	0.232078211555301	121
0.10450851030279	0.325621447513387	1996
-0.037149390515934	0.151742451702283	35
-0.041167724586586	0.121074444251021	35
-0.067097462785271	0.132256733092678	35
-0.050252336975026	0.144767375915316	31
-0.033558339658274	0.13032096317446	30
-0.031398010876087	0.130392052821594	309
-0.123279814463425	0.853782583136948	129
0.091109446797247	0.930856802171111	596
-0.082683510673263	0.371630701909588	596
0.114015947034005	0.724558645267866	596
0.040277005529624	0.492589014700221	129
-0.084753827605145	0.249100218895452	129
-0.088697575495074	0.247981656675899	60
-0.000211459900745004	0.415775707890866	88
0.124562866007993	0.465939922060694	204
0.055787331954148	0.34831821860263	204
-0.01900968120675	0.308822420082985	204
0.111984050225624	0.536092718082328	117
-0.103021829249679	0.160596688552289	142
-0.077431524484768	0.194199512811159	142
-0.01874407316609	0.212221442150981	142
-0.109343292665578	0.153922982075426	102
0.028865983801582	0.317008369482696	102
0.079280557260038	0.376965973355062	102
0.03241585828819	0.367024691775693	142
-0.074681548014936	0.18465016841474	42
0.082969677841783	0.374170430823511	42
-0.054758791489606	0.188476063201332	282
-0.119666873249808	0.159254880010483	42
0.040962113468455	0.319475919147753	42
0.058064082182541	0.382828947036154	42
0.096907803251876	0.606537314125576	207
-0.076646982180514	0.242332156481099	42
0.058127508453494	0.306065387827726	42
-0.124569704554707	0.114165546878337	282
0.032500676227434	0.477469526332068	42
-0.118109680775648	0.129702696029832	42
-0.067441537346323	0.190080884064237	42
0.033574019942817	0.340533584005515	42
0.017992850459408	0.328777890998199	42
-0.052485589753265	0.246638903358688	59
0.051506061676624	0.311228336346489	59
0.124380076945938	0.402495396397316	59
-0.070412294159764	0.157488097448412	59
-0.109053800076911	0.125761675169538	557
-0.070052036282121	0.180605833002631	557
-0.117516733250319	0.127672576048128	557
0.036251978175211	0.296936338862048	597
0.047281593115826	0.393425697315285	597
0.028041064928979	0.231255733621156	72
0.088271543970226	0.443151838217893	72
-0.119922466553249	0.164443772293433	72
-0.072201916611224	0.169673388616356	72
-0.117534272238876	0.13513628019105	72
0.045291923604449	0.305501313540406	455
-0.077496230774812	0.214275099723762	72
0.091433379251391	0.32863114297632	855
-0.064340302716272	0.191504491600692	121
-0.105980684894769	0.151731937125235	121
-0.037911240948651	0.125355164938154	121
-0.037781117590048	0.132764364012742	121
-0.029231650626719	0.131258767485448	35
-0.058062949610679	0.139347019927594	35
-0.05720142260559	0.16107265367816	35
0.079566703574496	0.236328415414146	35
-0.041286280761474	0.130603913190701	35
-0.058685364046079	0.134274393826795	31
-0.054127911419097	0.145746916767424	31
0.095882490991016	0.30784161163025	30
0.073649510556607	0.220375345429991	30
0.036287139523164	0.209701401798461	30
-0.051680376603983	0.161999297226848	309
-0.070405434320548	0.150660398286088	309
-0.057515108867661	0.169860185903827	309
-0.013692376841638	1.2867852615217	596
-0.037308362538428	0.805519032738822	596
0.008468746728576	0.92892601207721	596
-0.060280596212586	0.499002861105756	129
0.02272233348731	0.782996965616188	129
-0.077056659392649	0.420380443887837	129
-0.091788487428244	0.360494707792552	60
-0.037980646488103	0.442319041303573	60
-0.045187294239006	0.430526697593942	60
0.092536282589872	0.785081078152878	204
0.073466291972057	0.561272290321431	204
-0.098718178900905	0.209936359946849	204
0.080377161470513	0.409419039071023	117
0.038549032338767	0.398369932314029	117
-0.039713395979377	0.292093756731927	117
0.07302967451599	0.411680906219297	117
-0.053180878736061	0.2517821349391	142
-0.075116277537982	0.169910711062496	142
-0.053411863548153	0.192205126981743	142
-0.056287904922801	0.216977514735857	102
0.122020648952307	0.551791606151632	102
0.028812991733728	0.229555544534493	207
-0.028135814130198	0.259491076281237	42
0.00556133711518603	0.374011376507683	42
-0.106491455240363	0.16207522854425	42
-0.00348303560816099	0.329527342769737	42
-0.067505500459409	0.182727477835885	42
-0.022309434308006	0.332693756487757	42
-0.068941445068874	0.289989397437062	42
0.021625531415348	0.329581734075213	42
0.041162638004376	0.331442494649216	59
0.010513396280626	0.234862629061676	59
0.04243791049053	0.222018294012718	59
-0.057174372950888	0.149234878387823	59
-0.062950487929573	0.327006004565351	557
0.078698261006335	0.5685430581997	557
-0.068404043952567	0.164133224968674	557
-0.051386136499996	0.150686216208893	597
-0.066108388069677	0.161779065106059	597
-0.012605758934858	0.229436279438942	821
0.00219451633273898	0.339187744718964	821
0.024629689336812	0.427968574478545	821
-0.041942618482796	0.304960270112291	821
-0.087158757514019	0.194894645260629	118
-0.114412046092321	0.134343243126468	118
0.015017167092767	0.330490841775527	72
-0.086047403439794	0.247681660857793	72
0.075852881120759	0.557612299722688	72
0.00782549504701302	0.408883860330501	72
0.04954769902581	0.428063945249887	72
0.089823530618987	0.552495061219644	72
-0.068323370362458	0.202915549848876	72
-0.074676529849716	0.143284310801668	72
-0.022333135803964	0.125225985986453	855
0.062082306898212	0.477830729591076	121
-0.022124753254544	0.337202151814949	121
-0.04639615425502	0.137425754213424	121
0.115196916143232	0.307170649804431	499
-0.02841200993585	0.224955451049178	35
0.066514271600973	0.32603724741522	35
0.068881913355287	0.141534938735922	35
0.114564397341971	0.32250642356912	35
0.101622580670463	0.323016379813291	35
0.024200701770821	0.305186897936982	30
-0.048212150765466	0.167794713995982	309
-0.113685890588333	0.122958572505006	309
0.005377729645546	0.318547143599053	309
0.017332639500966	2.18530534921553	596
0.012470075526004	1.42335143876714	596
0.092562462113644	1.39683779449739	596
0.00553611116856601	0.758319398409598	129
-0.085396569876303	0.272243430894573	129
0.00685926025633699	0.767312853615278	60
0.074808039523602	0.745745296680291	60
-0.018834288805739	0.459582771546926	60
-0.022498520547828	0.360114556477348	204
0.00960173464512698	0.433800676860552	204
0.041624168532955	0.550006295243738	204
-0.027428427930448	0.278233673308898	204
-0.034743211058006	0.293439156950611	117
0.071397402010061	0.424522978463197	117
0.05857440775368	0.409327425835658	117
-0.067587883128733	0.154810408948469	117
0.034596335426112	0.318874443258568	117
-0.00257202679201399	0.236844319969291	117
0.113170480158046	0.410310030960598	142
0.019322482303806	0.234489052431659	117
-0.065569268356948	0.183300645193847	142
0.078473925232164	0.314833374749029	102
-0.10028682050075	0.168395016826374	102
-0.050458325970123	0.266485779617284	102
-0.069218555551449	0.222743114660883	102
-0.020375191005841	0.254855409822179	207
-0.044028061033477	0.293014185910198	282
-0.058192076017048	0.194799557301832	207
0.067041711118633	0.402838284383179	207
-0.09206143443805	0.227880681028381	207
0.086096636610838	0.628072227311529	282
-0.120519910878379	0.146009686671378	282
0.037706405268479	0.335448504312372	42
-0.043536507614638	0.288262446626519	42
-0.08229773604156	0.149405195085867	42
-0.103368360131572	0.19574400686061	59
0.043300617640157	0.300516978383521	59
-0.006195327090983	0.247877633689173	59
0.061420764455059	0.319296521396553	59
-0.034776353635117	0.21194755798229	59
0.084454350063989	0.315178333489784	59
0.051159478395536	0.305546211135978	59
-0.054111288553984	0.170911947661568	59
-0.074696301885583	0.151277421624838	59
0.105221042782194	0.39276363561247	200
0.00709796530219597	0.367684567525702	200
-0.069903027748565	0.174030526571064	597
0.085910949710262	0.49287934690935	821
-0.024815920672499	0.233190689390829	118
-0.123930351708565	0.118963843949771	72
0.015649657979351	0.337149948408417	72
-0.085234519122515	0.215610089471388	72
0.050147884575641	0.608990525812921	72
-0.015670257173496	0.269750073024813	72
0.103008216952879	0.382411560659655	72
-0.060772892205315	0.141351603126389	121
0.108897620817808	0.236507089846834	499
-0.04298025036974	0.131794034965	35
0.041535804251833	0.227479930891438	35
0.103553082525131	0.235713606846274	35
-0.018787759134357	0.13174383036402	35
-0.056022324900974	0.133966426048642	35
-0.119721743327203	0.110493775354836	35
-0.001818230530132	0.230137886709503	30
-0.050792809564771	0.141323351359738	30
-0.071270671746657	0.146358047580737	309
0.010080664314756	0.860634211087353	60
-0.100730663250877	0.38664083152459	60
-0.098998632673187	0.294128725785273	60
0.087912223304961	0.696784814192482	60
0.075588676230849	0.520035344576091	204
0.067060484967011	0.540787041291534	204
0.015360855276634	0.450938157587168	204
-0.123653422941943	0.143310521358608	204
0.046226779391069	0.452350409251345	204
-0.061755129245895	0.232568787521815	204
-0.047872070911787	0.282281608169932	204
-0.054529760970256	0.245914632363174	117
0.102781920356841	0.54101854002083	117
0.022963149667687	0.35533587970076	117
0.098225484181128	0.534329811278652	117
-0.057921206654835	0.241492608527438	117
-0.068415956772126	0.244957209254097	117
0.080738805399077	0.493632286060601	117
0.106847815356662	0.41175126643074	117
-0.118821853793082	0.126557369996479	117
0.093920414032032	0.378879189372776	117
0.016175428530808	0.316170039100749	117
0.00337547510617497	0.235599751601879	117
-0.014459086553089	0.239424404166838	142
0.093246018227096	0.377928960055578	102
0.110674798811201	0.548107916591504	102
-0.028846833886395	0.281909691613593	102
0.012560169501155	0.330390572706903	102
-0.016388360586981	0.215514613863549	207
0.105244999158492	0.320693019759306	207
0.000321609255550026	0.23276333960411	207
0.094634161733281	0.373909066332051	207
0.120550104782052	0.578056252910789	207
-0.079825414832476	0.135774692730913	207
-0.013354727233873	0.357720576924526	207
-0.113952906703583	0.17423500149723	42
-0.088953181956167	0.185084731082705	42
-0.054064879008933	0.240469360017581	42
0.023293015039223	0.321502662730377	42
0.092842215758281	0.493106115734402	42
-0.000260117341092991	0.316066595074461	42
-0.096518013288949	0.173110663093735	42
-0.00396845563261	0.238185844928293	42
0.112513380316467	0.603322278712728	42
-0.031670271817623	0.285125600671005	42
0.043775471397405	0.330521534021474	59
-0.076264480585647	0.200239820209674	59
0.091566973759967	0.506980652337511	59
-0.061934564808681	0.137906837550196	59
0.029391004934613	0.229211468040635	59
-0.058993833523296	0.148023012580028	59
-0.067668833966556	0.141334077835047	59
0.006172681012728	0.326257073804422	200
-0.069632330459046	0.181966274932682	557
-0.06548296510589	0.15495041209358	597
-0.1232900425617	0.127592569104339	118
0.00667491002500198	0.250294414133023	1278
0.015889275561093	0.365226644563123	821
-0.011296735116825	0.292460269933734	821
-0.113164061535422	0.189598419898928	118
0.033990246474367	0.307334053249891	72
-0.077375480199597	0.185861996013032	72
-0.038199894817643	0.361447769929039	72
-0.074519917773773	0.260869373837026	72
0.00629366835834699	0.369103391216644	72
0.00977756747006298	0.302338916042351	72
0.101799241769023	0.499019194737158	72
-0.05690628383645	0.137489680891996	72
0.080907306193851	0.317332951077022	855
-0.01809970923936	0.13062452292117	121
0.050201826864778	0.228178908950156	499
-0.044433276795569	0.146900704220416	499
-0.00866049644548	0.242275291722483	35
0.063651151266595	0.239043919161736	35
-0.028228818576872	0.12952154453242	35
0.027987592384341	0.237850443133411	35
-0.068323886577517	0.137019262917103	35
-0.015090309109561	0.219375233851172	35
0.029639281570626	0.22290528532993	309
-0.067825167956889	0.161016482871203	309
0.02456210998547	0.235666912947469	309
-0.069149279757566	0.174646575868216	309
-0.097714897781346	0.85059961796625	129
0.060523707873058	0.571189873074351	60
-0.075055109455143	0.326028555768277	60
0.058472975343036	0.581982784413809	60
-0.101446269177936	0.154609235372237	204
0.015919130719401	0.29994537502679	117
-0.019990408893094	0.269487106373333	117
0.030135035118542	0.321007274808894	117
-0.00789455460035601	0.24073885135414	117
-0.051373390714734	0.185116351250125	117
-0.052503525850544	0.17588425701276	117
0.00912521748997203	0.236264072272866	117
0.063568294172814	0.228638278750125	117
0.002570966377691	0.232918100944058	102
0.013698583859648	0.230633395284902	102
-0.028135814130198	0.259491076281237	102
-0.086526052671342	0.164632280493111	102
0.056640327214684	0.31025764735762	102
0.122027524399169	0.407130155501001	207
0.115410549871185	0.450598549204802	207
0.00629016262755999	0.255476607158795	207
0.00618171866883999	0.240613976368284	207
0.048045658124564	0.311877880940335	207
-0.068905849840448	0.1326693238304	42
0.075282662599632	0.509254296548858	42
0.028945353463618	0.227454152328475	42
0.075074894875388	0.314176037715079	42
-0.066828025642186	0.164902223706016	42
0.00177732523494101	0.21934552631231	42
-0.118987251315803	0.117926494764533	42
-0.01406787251984	0.247645433660019	42
0.022785674845221	0.351117712531669	42
0.015769570502345	0.332720533325881	42
-0.06152325171168	0.172914196641774	42
-0.072258242358766	0.183558825928967	42
-0.022905601689331	0.263041198047656	59
0.030542928253614	0.309018948096391	59
-0.067962405422089	0.162510332334825	59
-0.049243786542206	0.167819813226136	59
-0.120583256676157	0.109116363982538	59
0.036345600249826	0.239561978541469	59
-0.075569246894889	0.145796400709758	1932
0.108718565800539	0.324015119699284	1932
0.064168495094443	0.298525041733517	59
0.110549240271231	0.400746107462693	59
-0.123166050108991	0.113572152027802	557
0.043874645733096	0.324311102313996	557
0.00402997592089799	0.250659248219617	1285
0.108363993555176	0.477630344779579	1278
0.100099685899536	0.330136807018172	118
-0.055649373618582	0.190195188644172	72
0.097730216915834	0.395840602327926	72
-0.012926039795912	0.129857310405912	72
-0.04740166412121	0.242233776848248	72
0.096974366114367	0.381562009919738	72
0.083161789341876	0.3148432424742	855
-0.061764929018038	0.179806426395796	855
0.07896775624125	0.31437559959061	121
0.097529434881099	0.226038904038533	499
-0.024690671694532	0.12489907463377	260
0.035596449361356	0.237830108131827	198
-0.00609179906514401	0.217105166828398	198
0.113328913830728	0.330017779541846	198
-0.117803471402791	0.127620837406643	309
0.073388889296015	0.716421028198051	60
-0.062851385747497	0.379706080787931	60
-0.083302328664496	0.202081230365886	204
-0.056881620251855	0.213509284704946	204
-0.059858099711935	0.187114683166163	204
0.070567998651375	0.569717476411765	117
-0.109429791422083	0.142393861389691	204
0.023401921565228	0.24412013124505	117
-0.066576660672793	0.22226092548462	117
-0.107608695166848	0.128557636997304	117
0.092811548882358	0.327447801087434	117
-0.017252970438292	0.223350640161039	142
0.07539245876731	0.372721443847093	117
-0.06918301243881	0.171020666906489	117
0.00182922109089301	0.238072167922024	117
0.087498422204589	0.387142232643639	102
-0.067358593827396	0.181791520222704	102
-0.074955847733983	0.235644944883977	102
0.061601762902517	0.226944571518706	282
0.079040348550118	0.321155459619039	207
0.072824405460075	0.224721547441459	207
-0.107023874778334	0.198488419216038	282
-0.082560987077479	0.218231434858159	42
0.064351669748865	0.425025893262563	42
-0.052077612805553	0.136133508841775	42
-0.00944316118128899	0.280920765115625	42
-0.07122579743819	0.185928807352219	42
0.025772832618072	0.35626288913039	42
0.053368470491015	0.412100909052712	42
-0.000712738545066011	0.294238510658714	555
-0.046172316267227	0.138008005164	59
0.00140187121148	0.134619891794845	1932
-0.057915990509675	0.159232507293932	200
0.039015207096155	0.443633881030925	2174
0.020026604297664	0.39375713869089	2174
-0.013260802730699	0.304945001717248	118
-0.00433315680749699	0.267068810823141	118
0.054295160209731	0.320553498776242	72
-0.054579122478488	0.186220666988779	72
0.00952118488079101	0.350889388391896	72
-0.122230661497449	0.139031522627573	72
0.121519240726793	0.680136219268271	72
0.039301154938731	0.130336299713295	455
0.065338355642593	0.40349565026065	72
-0.06879069167579	0.244508693999378	72
-0.067860346006775	0.192266158440725	72
-0.031397012481265	0.13000873547836	855
0.04055409387718	0.143405775286808	855
-0.05153064971258	0.162159452768403	121
0.00772487636962899	0.222566288977334	35
-0.054938942945013	0.145370265558292	33
0.121441905218993	0.400849329198485	35
-0.05700773185409	0.137819600522379	35
-0.051005947382353	0.15423505638715	309
0.087195702380571	0.20469688712749	198
-0.046781343785149	0.530831295845883	60
0.003681618832307	0.645132642076781	60
-0.00521948584054299	0.479568597092287	60
-0.123251593218949	0.201477238732844	60
-0.064140242937289	0.279731970570436	60
-0.098499166445684	0.20541473260285	204
0.050668331386103	0.380327345226739	204
0.099916715609174	0.518646261197828	117
0.049346966134452	0.407067002928689	117
0.049899579797008	0.396006446209737	117
0.079788675956379	0.392554630223136	117
0.094714785335457	0.447618615243214	117
-0.056578951011941	0.14950548450066	117
0.062567254845993	0.311076701374434	117
0.050423038988202	0.31833797722808	117
0.074702071909102	0.36224495669748	117
-0.02262382559001	0.231778886689708	117
0.106932992943556	0.326735555311788	102
0.000406038598873004	0.23440207865121	102
-0.010344053763873	0.229771798451005	102
0.068077449421192	0.306013175374527	102
0.010697587291207	0.321159352877793	102
-0.03462099891259	0.129693024310383	282
0.120241735718261	0.440626688438616	207
0.093314433499924	0.36397766440339	207
0.031215582241841	0.40720592823128	282
-0.048580964601252	0.248991888573799	42
-0.065810896612584	0.205646717616787	42
0.00350744615745202	0.248374982709328	42
-0.063482385789732	0.18233281842434	42
0.021477087849388	0.241571000394777	207
0.038274190827878	0.216012599614337	406
-0.118811163911758	0.132898838519935	42
-0.1231544675276	0.143685596182567	42
0.098248664402281	0.231246265765363	59
0.101361891772845	0.234138197090507	1932
-0.042125100328772	0.131431262699232	1932
-0.055205467077152	0.134203759859788	557
-0.050348817991056	0.239096930402961	200
-0.098292593069428	0.180687145958563	200
0.040708464504405	0.309539594670299	200
0.04017777434821	0.220331195061915	118
-0.082232935430379	0.177324203114999	118
-0.124480823370744	0.0974850253075973	72
-0.121236712017105	0.107471553941029	72
0.065679324210758	0.297550231108861	72
-0.114518648237641	0.113093831962465	72
-0.067038380825226	0.178822672552552	72
0.031784791334617	0.36339987741178	1091
-0.110476652735164	0.137834780581404	1091
0.052433316405973	0.227426203500046	72
0.064034426829141	0.393599561883466	72
-0.076409164354362	0.15637081498718	72
0.035851232629964	0.312680619894379	121
0.00542282125397597	0.13425280456221	163
0.104798195187184	0.317629949075221	163
-0.03735736375578	0.130704018145516	163
0.065127779549855	0.233448398313675	163
0.06562633394758	0.231206711325735	1345
0.031148409160521	0.233430300167969	35
-0.043581197957925	0.132902357103277	35
0.100176471997243	0.321848336593926	309
0.029975875209374	0.230936131968046	198
0.035877685310166	0.755905922691187	60
0.037761256318994	0.761453603359948	60
0.050775458644069	0.73338974828425	60
-0.001739204508339	0.563485764398512	60
0.082423669903996	0.642192050358747	60
0.00950643581593003	0.232968601004586	204
-0.065089461739569	0.14426085254674	204
0.104964592771485	0.494202481769564	117
-0.049277640064439	0.268455298650719	117
-0.007167479111755	0.230220865737375	117
0.116050822819987	0.387564436923552	117
-0.061415704222564	0.139848279978108	102
-0.102826244132921	0.133854088692651	102
0.053978038265156	0.226890036606564	102
0.00910212287210599	0.303532276877097	102
0.00954916854639798	0.431631726928456	102
-0.060070566453441	0.134814614006609	207
0.035822770247781	0.228571049729052	207
0.07261016499026	0.546361149190358	207
0.102584897518819	0.234461896320026	207
-0.030276222847202	0.130009916048809	207
0.065527061069918	0.223283537737683	207
0.086200268909727	0.399553401838594	42
-0.114528340196594	0.135362028344845	42
-0.052752775138074	0.177982946309037	42
-0.077460039808379	0.163515683620996	42
-0.060698405635855	0.158963316757537	42
-0.066503987589924	0.168764233282364	42
0.052083937252186	0.235648737837588	406
0.079645182503183	0.227845677047173	42
0.03635834911407	0.138398008821889	59
-0.015476672976995	0.314638802396807	200
-0.049706756965321	0.288351647422662	2174
-0.00725331092546999	0.245920022027505	72
0.02498829533759	0.458292117017575	72
-0.012889715541732	0.255687906135312	72
-0.038489720140877	0.267089849299126	72
0.079441033585657	0.56226766141361	72
-0.076539597606991	0.258135662712591	72
-0.021349142956601	0.354408859358713	72
-0.115968911879665	0.195764920316129	72
0.00713275292421001	0.298134053332696	72
-0.115343922504086	0.108242127726476	72
0.023115201141352	0.128968642179689	855
0.070209889553121	0.134093985172159	855
-0.061534911852722	0.205254134605862	121
-0.088633240870097	0.194688998754293	121
0.031652562101038	0.220926053327188	121
-0.038985506174677	0.123259777171589	260
-0.047460301511541	0.137575548775717	260
-0.022003411698624	0.130447050657792	14
0.00685677259973	0.240765600451685	198
0.11864418537845	0.554520926451848	309
-0.104920674624429	0.394185562401615	60
-0.00315219392560301	0.66045603140435	60
-0.122563196070401	0.247042220348251	60
-0.108711046628364	0.277863628979031	60
0.073819980282483	0.626655338426602	60
-0.120919606033485	0.122068531186093	204
-0.047542161367153	0.282428923028963	204
-0.105479936701606	0.137962435849573	204
-0.077199832803696	0.221598459521013	117
0.015841092332968	0.366523668172825	117
0.00144265900629198	0.238087664283658	117
0.016388106089941	0.226544002205061	117
-0.057130779606448	0.145932112104462	27
-0.066838240642949	0.183749123913047	117
-0.079881288785376	0.156133554721658	117
0.113446028240974	0.221420615269502	102
-0.062471804861601	0.140443075957936	102
0.123062811321235	0.402487338990479	102
-0.095886040168126	0.167026371659402	282
-0.054691134646424	0.133490335205095	207
0.026648992173944	0.227995439402232	207
-0.039313491086002	0.127860519503797	207
-0.039760910156623	0.143862437282202	207
-0.04799100342385	0.263849468490101	207
-0.013745267703125	0.350437657459627	207
-0.086601234228935	0.190289391523663	207
0.041634231582998	0.476252327761878	207
0.020669071379264	0.426250533057055	207
0.08456099985906	0.37797792824885	207
0.035392511836133	0.227658368627896	207
0.093656332621867	0.395251412307754	42
0.00227902905227101	0.325348955595449	42
0.045802033123179	0.139838613845396	406
-0.030393837983944	0.132674958140499	406
-0.097042752951363	0.156624692672719	42
-0.03870938240778	0.134250187163546	555
-0.038916690673207	0.126961449560747	59
0.00460225562389599	0.134519684643832	59
-0.090523281066107	0.153611643883295	557
-0.065934506303869	0.16806367953672	557
0.076461227359011	0.145205296299622	20
0.080931837597716	0.149588490486568	20
0.087813788204093	0.314589900248557	72
-0.073241133199896	0.172295616784556	72
0.047668115707754	0.300755218941957	72
0.115986537628373	0.326904755902169	757
0.119822142858276	0.650553810591277	72
-0.061674974800264	0.220505085898853	72
-0.115981759624042	0.170661526496816	72
-0.06428843132668	0.169700737749126	72
0.069015310073985	0.224927369289577	72
0.084193640538807	0.227938393285085	72
-0.062878182349298	0.222664951537471	72
0.00224766457412601	0.129774597785066	121
-0.019147456729154	0.127356863530308	121
0.093847954989747	0.321855284766715	121
-0.067025063022683	0.147809116729978	121
0.124319677903967	0.151901952192914	44
0.075928295271424	0.14612571353375	260
0.075181027353296	0.321886875649747	35
-0.067202469349394	0.180137776561896	309
0.0828497628848	0.231781108759366	198
0.00652080363249502	0.135870772849942	198
-0.00345752776177399	0.290115793011318	309
-0.083902070068291	0.707269564396473	129
-0.013958613529346	0.810051229948202	60
0.00536127247052398	0.842064380898493	60
0.099416352037244	1.2257412048822	60
0.005048379033053	0.778302885894265	60
0.029025031146904	0.71434837290407	60
0.085748178069738	1.03982476542066	60
-0.034684574961643	0.501023270763753	60
-0.107989737634866	0.305941189125311	60
0.019442138768867	0.46230410454272	60
-0.010900546179053	0.45272463990644	60
0.004316629581119	0.401655861590986	60
0.044989913795911	0.615952802875446	60
-0.013873766016701	0.25642620959522	60
0.100412028582151	0.415742110107195	60
0.031054370625279	0.326471966009394	117
0.094861368162796	0.399102727157332	117
0.035131575549966	0.467457031358748	117
-0.023430732639186	0.296125289840978	117
-0.051982722783096	0.162339863277059	27
0.043761156919494	0.318399508362621	27
0.120233892687636	0.389784269582035	27
-0.111595746033819	0.118812534352395	27
-0.025907561940521	0.244362228207871	117
0.122342761769456	0.465425357312359	117
-0.07165172714752	0.167913696061171	117
0.063089381025067	0.326083567819332	117
0.079741421610397	0.314466367210606	1621
0.099895132846604	0.454146018090189	102
0.015143449040515	0.243840155760268	222
0.087621041093539	0.387196385703009	102
0.080931837597716	0.149588490486568	207
0.109688047936255	0.408886712065759	207
0.000310954897379978	0.238690968937258	207
0.056868361136917	0.317406381035298	207
-0.065829184729765	0.214955364680757	207
-0.071822333659139	0.232985130666165	207
0.066029742660315	0.521621471544524	207
0.105647145779148	0.604072788794051	207
0.106563431183532	0.664576809210429	207
0.000161701294967009	0.243062362462762	42
-0.055368394529276	0.151205404029236	42
-0.046152161105405	0.133049084817612	207
0.064656186492799	0.314073937891747	207
0.112526457262477	0.453463458857951	42
-0.072197926669012	0.193247836190869	42
-0.09518343508498	0.227204340202937	42
0.097080245064918	0.619487330821259	42
-0.000155353054164004	0.256042561182603	42
-0.048545045541269	0.121841695597735	59
0.08875019706567	0.219768215779845	1932
-0.03365426639223	0.128326782748863	557
0.124377134274789	0.239843614126511	20
0.101397482808089	0.228951546985888	20
-0.071552988339544	0.168368080702478	72
0.063789843503828	0.355496659239219	72
0.00900256350102602	0.249673054347544	72
0.033243651580246	0.35571457075739	757
0.054951804235271	0.436617632663536	72
0.018723228533663	0.411648692050398	72
0.055421522433001	0.232842184863269	72
-0.049281753743065	0.124697021700311	72
0.038714355169817	0.309174395349334	72
-0.085320605018478	0.20258657567685	72
0.077141512457573	0.145330295563523	121
0.069560101483732	0.142110840898499	855
0.029528992175682	0.13661704941247	121
0.102452065011443	0.234731241088848	163
0.078029770381471	0.227925091915864	260
-0.0207543547049	0.243701059016926	309
-0.052828494625907	0.164419318455547	309
-0.064535410347922	0.178712186250583	309
-0.073699445468536	0.162745373255452	309
-0.055901281901004	0.166180529376885	309
0.124237434038265	0.224165822623754	198
-0.011673927094508	0.231021321702201	14
-0.089050478224872	0.983223431590404	129
-0.03011934433268	0.744023109296909	60
-0.02805641702241	0.495846671017382	60
0.079146290689229	0.769591227979551	60
-0.117640667633798	0.205455666256259	60
-0.089702716502645	0.262545696375749	60
0.016198711904786	0.44411818179451	204
-0.100019652448114	0.156137458663519	117
-0.043966966938487	0.252878000007797	117
-0.051896728279712	0.235552339771368	117
0.10479340846077	0.468020899879841	117
0.100760292617542	0.457403939462586	117
-0.051887483606862	0.239081344023389	117
0.063783026063524	0.313813716020679	27
0.089056528780082	0.308133188509994	117
-0.047293511672403	0.156911946002717	102
-0.029817348835662	0.236284532792748	102
-0.055089924927919	0.198413418495544	282
-0.037295382410941	0.224909775765722	282
-0.121442716921566	0.116972522655049	282
0.088129479441634	0.316930725913875	282
-0.113434771695825	0.161645558103213	207
-0.074235589957255	0.1781918384635	207
0.093692513299767	0.54746608674735	207
-0.030523498232928	0.303949493045786	207
-0.101096635649514	0.16985210697187	207
-0.017482981638157	0.293134828273084	42
0.036190854599416	0.292183681395198	42
0.119440370612392	0.594677224007186	42
-0.060827416363556	0.189807466577868	406
0.100284293423532	0.314325627611512	406
-0.107175317737465	0.149647008837269	42
-0.039934043539177	0.2667620405915	42
-0.029327074536228	0.131523192985404	59
-0.039052101339837	0.132002139362484	20
-0.043458156539131	0.136619687665744	20
0.060322561851498	0.316924449191008	20
0.045085930433099	0.30890548737787	20
-0.024017637136874	0.246219158192508	72
-0.095797945108266	0.204757808685314	1727
-0.055545383222788	0.17537847411037	72
0.076977493507475	0.502836271823679	72
0.024982868184463	0.491435224997853	72
0.099888278129933	0.472711245581009	72
0.037035490917909	0.310634418359847	72
0.051505739030487	0.233344774851629	72
-0.033513142162803	0.128636849987543	121
0.038532651751443	0.143209286746589	121
0.00687330452580898	0.231866843783955	260
0.124588965874796	0.306271739124277	260
0.074450177944696	0.219381093962427	33
-0.057144624295397	0.144279245371019	462
0.037428609331996	0.233421045326813	309
-0.063530385576434	0.151854082072226	309
-0.012924265361716	0.25357751499943	309
0.024473128592242	0.234414453877196	309
0.031554630955475	1.30174642839408	164
-0.066090811057752	0.450823782459489	60
-0.10171587207143	0.345609652142682	60
0.047961490738538	0.798483513054278	60
0.01502918075619	0.513915474021928	60
-0.00736700054734199	0.516713307287587	60
0.00074890784354098	0.436868261282587	60
-0.084070265788981	0.238108770950755	60
-0.082245182814747	0.246889534352607	60
0.019494129254856	0.364973726863322	60
-0.098934601873219	0.167500625334784	60
0.00591468122592997	0.334419445736326	204
0.024253953859855	0.334612095573085	117
-0.00184166527968899	0.29713281944387	117
-0.059814141676374	0.238954361569512	117
0.049461026295747	0.413718837315598	117
-0.050808322259759	0.232122618911736	117
0.081967363595649	0.305685169195179	27
0.099622721815392	0.301461057848986	27
-0.051986086952408	0.188281213633368	27
-0.00109352156245299	0.233715223686757	27
-0.061235752766364	0.147673930177032	117
-0.05008525122038	0.150777618158733	117
-0.04061203868331	0.142071454178711	117
-0.052159028544269	0.150432051359889	102
0.078541128558561	0.297266856971774	102
-0.026497116909373	0.254019962980431	102
-0.045612480415557	0.157112561011704	282
0.051042637738655	0.31844282669179	282
-0.048643348442967	0.155576398616528	282
0.083106851081777	0.308812350149151	207
0.00832592441521102	0.261736123850288	207
0.103859132134229	0.393761902729335	207
0.082288548008267	0.542119277492892	207
0.088223726719146	0.416995652617333	207
-0.056742931603014	0.222606504351723	207
0.022049075863571	0.391579806302321	207
-0.049527314071	0.251236816769412	207
0.096341914547149	0.402308709577322	207
-0.05757389804961	0.145450187710684	207
-0.005294745957341	0.23409129436892	207
0.057265398047392	0.346511915230093	207
-0.028462814422324	0.239421119618295	207
-0.01507311037049	0.282625776319554	207
-0.123551065169455	0.114632260148201	207
-0.017925150676329	0.370801570525114	42
0.115153990928319	0.461508570846879	42
-0.058539608931978	0.226924714681547	42
-0.037135663419052	0.135739449430114	42
0.063469011472071	0.38108383270257	59
-0.048315703876185	0.128838796921923	557
-0.020153701862747	0.126983716816683	557
-0.030329992069831	0.130164658288623	20
0.117812134003863	0.330371934383688	20
0.056019789068438	0.481452532430369	20
0.075962394009803	0.399514642673343	72
-0.120135455051738	0.13644844688419	72
-0.004386445021659	0.254956883504593	72
0.03753568267526	0.35211050910425	757
0.050315155006979	0.477654671596518	72
-0.061140234311643	0.259909247035116	44
-0.042138740846284	0.122669426988556	72
0.110520385349287	0.322263977206134	72
0.014171705889038	0.292820318153236	72
-0.110261188578664	0.139374640694793	72
0.090792379979598	0.221114729773805	121
0.033148255470977	0.234766794841704	309
0.0129735872258	0.244381299459595	309
0.032235473015885	0.235576326645463	198
0.118929915934388	0.407049470676095	198
0.024724094425808	0.233498121495858	14
-0.034700416001336	1.13432296786419	164
-0.043767399671898	0.608152011889519	60
0.077799802802972	0.732543645329698	60
0.087933060924858	0.453019711132457	60
-0.00419518450572201	0.289529547708017	60
-0.114247062199994	0.132229963199493	60
0.118390432780388	0.397042170982526	60
-0.119058790917678	0.115762403763789	204
0.087891440071085	0.632414755634323	117
0.097320577950676	0.395866874537715	117
0.000195429766078004	0.346643203232133	117
-0.00467280877878301	0.230929671888332	117
0.124712454017485	0.333399243376222	102
0.112491963857327	0.319657974868239	27
-0.063684328952714	0.155532322012056	27
-0.05870719173655	0.159791230857766	27
-0.124168482499417	0.0988817324365737	117
-0.041589626057484	0.124916075560284	102
-0.06952788745208	0.129349120373511	102
-0.007177858420987	0.259953128640817	222
-0.060597885476955	0.152866258856483	102
-0.021723881767751	0.258371601179478	102
-0.00871075522189299	0.236790560849539	102
0.07947743422928	0.235826668760482	207
-0.066999878819356	0.163720022478752	207
0.00659892944699197	0.131042862702188	207
-0.119880689904157	0.174158855843928	207
0.124348515870919	0.748340257993934	207
0.038408373486736	0.235759989394618	207
-0.019266440038143	0.212361181620759	42
0.050905670336294	0.23615102859252	200
0.05773905911463	0.317266492100712	200
0.102459617131347	0.237840427968256	20
-0.091125932214621	0.185955785253638	20
-0.116438481855482	0.215499227946966	72
-0.069882011421862	0.250452901772627	72
-0.07290248596218	0.18105109677721	72
-0.070762182383019	0.265143215118197	72
0.019696342669292	0.550881023830885	72
0.055199651696628	0.377366893301296	72
-0.054846541905443	0.2124898811129	44
0.030764729419478	0.136875242099186	1859
0.00258633556520399	0.233351257597077	260
0.038117443139715	0.229998562168473	260
-0.121376848098324	0.127076955774238	198
-0.034555087425857	0.126965195152943	14
-0.048734071048317	0.584187211263309	60
-0.023365592638691	0.660414131194988	60
0.060464503373162	0.47817213675974	60
0.088600856699337	0.672710586377645	60
-0.050750448538544	0.167782287982695	60
0.022763113459175	0.223563950095569	60
0.006362141051173	0.259458749316696	117
-0.040644568227052	0.273598659155329	117
-0.047754120106644	0.150221886885059	27
0.029936195821574	0.237016067324964	117
0.107738769428661	0.235989917713701	102
-0.030393837983944	0.132674958140499	102
0.069738756518977	0.232093587700544	102
-0.019279820894626	0.221426995161155	102
-0.079733822244897	0.224331305796365	102
0.028685298558396	0.445884039673078	102
-0.052560450611887	0.137339628891702	282
0.010613876450676	0.24833695934772	282
0.078128650695572	0.229240036341264	207
0.080643143683955	0.139799433613012	207
-0.047865735235003	0.153746337243263	207
-0.036797466943719	0.129249901939301	207
-0.060975485121491	0.157839019151434	42
0.00850576094330602	0.375800039361724	42
0.032113134868216	0.232710433237195	42
-0.03819242689	0.131024360743029	42
0.07537213165305	0.146716739668797	42
-0.087493561187666	0.188949473961949	42
0.013863409046453	0.372367891528105	42
0.013250215532038	0.228257972148997	42
-0.040424469144997	0.132442387383462	42
0.079983440807249	0.150542684518863	59
-0.11505616075361	0.18631727999105	200
0.07306193609034	0.298928258892471	200
-0.00789679516304601	0.347396061617622	72
-0.090738175577946	0.218714799921269	72
0.013468553177937	0.228329573529787	72
-0.123821309974891	0.131262766486919	72
-0.102238779924251	0.154686092453246	72
-0.062688614525451	0.153033694137345	44
-0.022317181134869	0.1233930634517	1859
0.059144188349815	0.233350455227656	260
0.063384666294308	0.310245984951783	309
-0.061445990132836	0.185080262234482	309
-0.053609441610464	0.156016236627446	198
0.068604337698923	0.138918416337686	198
-0.02192125295483	0.288085568171086	14
0.102861322492463	0.587418139595258	14
-0.066305501298723	0.157066809563095	14
-0.060894815594162	0.338549502395366	213
0.020009335333852	0.229851062926921	204
-0.045610084417637	0.138082921278204	60
-0.05113803439965	0.147047791238362	60
-0.023308257526465	0.461129353503502	213
-0.050713757500879	0.164776725473725	213
0.081806623794768	0.309503163649583	117
-0.094719354683431	0.165515509463664	27
-0.054612526412371	0.145188300041581	27
0.12031084518568	0.313870635091647	117
-0.058672351653203	0.112767341753265	102
-0.121356360098969	0.165346093254429	102
0.111225360191594	0.376165913210892	207
0.100363501413543	0.235671823478264	42
0.056725869181864	0.227518080509372	42
-0.122730094970154	0.185095701429946	42
-0.01706559973085	0.365690886802457	42
-0.021579845638949	0.1284183251963	42
0.00341181604019902	0.310450014057917	42
-0.053851240974018	0.16793103715615	42
0.116922820653368	0.394112274499544	42
0.023824866135846	0.125812143035657	20
-0.059102514968783	0.219853830643323	72
0.119231519852853	0.468738300266274	72
-0.067109372136517	0.251127554958291	72
-0.104674101893116	0.244008211116219	72
-0.092864765698818	0.254610187641206	72
-0.057900267941106	0.163785426073585	44
-0.116592128113003	0.133892123016837	72
0.035140324856258	0.138868500390874	2027
0.068892595647134	0.233367719769886	260
-0.036412253028789	0.135147087165707	33
-0.060558461660616	0.162528154580076	309
0.057571303940479	0.213622853701188	309
0.041876642312573	0.476784977804345	309
-0.084023246962024	0.207604837964478	198
-0.00507783229926201	0.385950060461789	198
0.054036280751632	0.474405711181168	198
0.038352996229528	0.485188325707429	14
-0.019896585737167	0.45548620524419	213
-0.092778529574122	0.298157407864527	213
-0.063508958788475	0.15159703055127	60
-0.017685818459265	0.303864548511257	60
-0.109369350768909	0.185517567737341	213
-0.047028599342959	0.145357633618633	27
-0.055348235949037	0.169575042000221	117
0.021498094946966	0.336390105611245	117
0.08797000553711	0.324942896245903	117
0.035480677565772	0.23864257361082	222
-0.040939664805266	0.133952182413499	222
-0.058498639228562	0.17263296035716	102
0.081026818020149	0.588041302229494	102
-0.049121770421722	0.149886981423298	282
0.057466944611831	0.23603295335706	282
-0.022928422686086	0.129305882737702	282
0.033181356185339	0.210607146906674	207
0.028786949245461	0.227721644907597	207
0.00012792162025399	0.130195895845294	42
-0.10760105866449	0.226984064070564	42
-0.008684440758017	0.381998322525053	207
-0.055050398392971	0.134111834484652	417
-0.054157885184397	0.128441950085505	42
-0.049743457837575	0.161153708169487	42
0.059066659369567	0.229001108843819	42
0.033987151425074	0.141793329801309	42
0.07347847060958	0.144394940990533	42
0.121595823902388	0.143312133380571	172
0.036867976607409	0.232988074705643	118
-0.115314390701459	0.119525965249389	118
0.117928558278365	0.594430259009115	72
-0.00312134663335001	0.29952206939068	72
-0.014152704150881	0.228062035864531	72
0.011714530515902	0.424649804607614	72
-0.089627467021014	0.221622126562018	72
0.05770972401872	0.665116006190651	72
0.084067065952372	0.235628913187403	72
0.076451103586192	0.14630929998754	294
-0.040068374382279	0.125568246405425	33
0.099553548723187	0.298193911042125	309
-0.014656170304348	0.132860399523411	198
-0.063055261773299	0.193867054349031	14
0.00201165417978999	1.64643424409753	213
-0.122416554917133	0.141218482054404	213
0.062407062045905	0.317469268476903	27
0.070093757485252	0.309150992746899	117
-0.067426070831048	0.143396449091409	222
0.117193013211649	0.317793199898427	222
-0.057067411195598	0.14275229791448	102
-0.066775305957025	0.168055000240813	102
-0.060853492257931	0.20882587419544	102
-0.116470000412612	0.139019024307427	102
-0.07927258826071	0.159005139514606	282
-0.118144914848633	0.138965593793383	207
0.11863076991493	0.313253168875132	42
-0.04748706873584	0.24972037375064	42
-0.093941031033478	0.198168532135187	42
0.024948822544291	0.365875852131551	42
-0.104044325671669	0.208625432157726	207
0.102867304192028	0.369080211778293	42
-0.020027328485117	0.224340994947713	42
0.038625554991438	0.239530871806189	42
-0.117386481903559	0.127808702240832	42
0.080110505659465	0.143811178327552	20
0.055115870048162	0.227559040980943	20
0.036303629170774	0.469060438981594	118
-0.110186338550734	0.179267617126413	118
-0.065345591148199	0.210093626226519	72
-0.073043242514245	0.209380503300677	72
0.092158638966152	0.401840379310532	72
0.112018248951025	0.316072013455153	44
-0.071945929107972	0.222970054770211	678
-0.044259039686457	0.119786773767426	294
0.048759371683199	0.240320688673909	294
-0.036379108956728	0.173069873077133	260
0.069560101483732	0.142110840898499	33
0.042466812128047	0.228779353116558	309
-0.074075401078975	0.14214508106254	14
-0.00655405422443101	0.237680869684766	14
0.039717611430146	0.241637041534449	14
0.039765041910927	0.291892079473406	14
-0.032509482416713	0.125287784792564	14
-0.075961010843051	1.44941708277822	213
0.076165630217931	0.484312092223786	213
-0.090676426611613	0.232321160607842	27
-0.025148043545288	0.265725467241581	102
-0.111118060746998	0.111173471065068	27
0.016715373077828	0.242101714003524	117
-0.061695976361427	0.144336216661341	117
0.0426568505335	0.31144091339736	117
0.026797370925017	0.239231116528034	102
0.036149407254322	0.327171713515004	102
-0.063210157122062	0.15962816290506	42
-0.036470780116097	0.305153366013189	207
0.110472351958821	0.475151146391285	207
-0.042139652626307	0.30213063964069	42
-0.042881802275422	0.274288726697657	42
0.023126097202732	0.326395021194148	42
-0.00517973770117	0.245425479339775	42
0.099892216039703	0.385780265309277	42
0.011853031839904	0.299058345923383	42
-0.115640193106529	0.178486483961804	228
0.092300104886843	0.235527292595435	687
0.034379954985043	0.2375532791577	20
0.087112781681279	0.384536882093297	20
-0.096505169948596	0.179833034168859	20
-0.022577750544202	0.296666641954041	20
0.035106951083958	0.315887075074755	20
-0.113672805357555	0.177240079298769	1945
-0.065684046781075	0.194367148481638	72
0.067548031966235	0.444730321876879	967
-0.00519693672505101	0.361376508137395	72
-0.090356844959311	0.259315123775078	72
-0.114693064084687	0.138665538573618	678
0.10272603325397	0.323638400724582	44
0.033768308575845	0.232977150572191	294
0.045211653576776	0.222732417722788	519
-0.038965532392033	0.125147386365056	44
-0.055461437860871	0.156864301443186	309
0.011323858842375	0.33106605808834	14
-0.065705491366553	0.158289864581794	14
-0.05202228646721	0.154301962237596	14
0.013452203707079	0.933202442540384	213
-0.107521429163834	0.308851942080746	213
0.072777654466201	0.40487499681703	204
-0.037654965033978	0.275533001149709	102
-0.00748892725575601	0.338293145522606	102
-0.12127360427655	0.127315262856376	27
-0.055284053064259	0.177424580674487	27
0.092252661715698	0.32072088675923	117
-0.119147984286028	0.110448124290382	222
-0.014604227132085	0.236650580798685	102
-0.054531740649745	0.160148327160976	102
-0.107458861603749	0.168535528765004	102
0.035044861726745	0.347460611747426	42
0.090248923716757	0.587282474479876	207
-0.029456268865873	0.259395916758181	207
0.092470589537088	0.643147255518233	42
-0.035693879274226	0.367525384540335	42
0.081406565418937	0.391372640058675	42
0.109355572261264	0.297220052631889	42
0.076798885638887	0.317538497523052	42
-0.086438524660564	0.176936469839084	42
-0.109070955001697	0.211220026867558	228
-0.012117284971641	0.285517226293067	228
-0.065645292013579	0.252099057555288	59
0.027626108008055	0.318100048364092	687
-0.027230581546476	0.244495323581826	20
0.020412747444005	0.359914112930213	20
-0.060587459738864	0.139259846311931	1945
-0.103534990476886	0.255639849002626	1945
-0.11062891913016	0.223823933967744	118
-0.061454678165677	0.151143055752614	72
-0.061655630899395	0.180877959431774	72
0.026339718149069	0.348038767934863	72
-0.080565894779103	0.328355345708237	72
0.110339781759406	0.37056665964711	72
0.089422158083968	0.488286719143758	72
-0.009592965371786	0.278985406802797	72
0.075379190935043	0.502642923670678	72
0.093167455392814	0.490748492904243	678
0.050789207153709	0.220117157706902	678
0.100996954725552	0.494850872951804	678
-0.066221326312055	0.175624565758388	519
0.109274581286057	0.361471665227005	44
-0.021743938423449	0.208400633166534	33
0.03734524430848	0.141436720144086	33
-0.059969097348054	0.12104127527259	309
-0.045970034473978	0.122278940994925	2057
0.111970200352286	0.236830692707865	2057
-0.013611797998232	0.296971747609131	14
-0.027263268522568	0.249179882876489	14
0.016868308168207	0.240340684886926	14
-0.084087287470237	0.918200671255536	213
-0.049395932179702	0.806190205207049	213
-0.010870947734114	0.83436712892883	213
-0.062032536981453	0.595515062327088	213
0.080268330444242	0.885299592343017	213
0.012739350317414	0.734550265302077	213
-0.092157463446904	0.331236252694583	213
0.097749699613956	0.486588654788817	213
-0.117924199943159	0.17985102850073	213
-0.025245367253428	0.308544173356964	102
-0.03209218510609	0.289247597836483	102
-0.100080262491291	0.159756235229904	102
0.041884573971418	0.327841161927464	117
-0.021421293429743	0.235937087164738	117
0.045371428012471	0.324683820821257	102
-0.03826180548056	0.246159823496348	102
-0.114026609409644	0.131551054754318	102
-0.065883052662358	0.230590349878081	42
-0.102291415137734	0.160524720112732	42
-0.0863854778138	0.153865852022904	42
0.033808383804154	0.449740194022405	42
-0.026062084515477	0.276440624284681	42
-0.10783219281088	0.150228999883694	42
-0.020599051847632	0.251259936168713	42
0.037248766182777	0.516113394448135	42
-0.031974399116969	0.254785915679514	42
0.098443852223933	0.533262703224962	42
-0.107225155115082	0.208822807180869	42
0.021153317528911	0.432635928286893	42
-0.110177164980537	0.184715437632292	42
-0.061948633811079	0.156439351133119	42
-0.075571548645508	0.142487832160725	42
-0.10598168264483	0.138454279755779	42
-0.071899261968976	0.176368790682196	42
0.02984858482093	0.347887351058887	42
-0.096477787511694	0.248196251566773	42
-0.088731095716097	0.237226482683361	228
-0.03125569508571	0.274258836133741	228
-0.068465373258436	0.235300274930362	228
0.061720825510215	0.477591994503193	228
0.011350173988098	0.350755221103193	743
-0.019189738261589	0.31162773140868	42
-0.107695202856211	0.175910680138213	42
0.0132964415634	0.240491606257651	687
-0.114978232705201	0.143129141988238	20
-0.119809392261286	0.133648047594773	20
-0.000828825434898012	0.28760499073056	20
0.026094110575301	0.248765983126816	1945
-0.065050390871232	0.154414691497263	72
0.121067306876822	0.541113088391173	967
-0.016761793404322	0.226494667356673	72
0.111589903753294	0.299761742337113	72
0.032922364221941	0.347835828759466	72
-0.097833659163038	0.21396269378379	72
-0.050977535358833	0.148550394997647	72
-0.00156366933573401	0.333757285505683	72
-0.092074088660575	0.197652991798009	72
0.03842338097394	0.238918765292019	678
-0.020077952814594	0.319816959163796	678
-0.028135829478365	0.218798613001962	519
-0.069560698780847	0.186433491471586	519
-0.055662631688627	0.134455710834665	44
-0.05468669025454	0.156339130925443	375
0.00982555513021699	0.234985221754743	44
-0.055447990147379	0.139522712833239	1622
0.079349799062262	0.309517104941291	210
0.058185953722332	0.233962352160363	309
0.06486435425849	0.433332903500659	514
0.055092261413931	0.343885480840631	14
-0.048736643058322	0.194570609776166	14
0.097124082310813	0.294664547069704	14
-0.090293151768954	0.571439016659038	213
-0.049188239952171	0.569086403722886	213
-0.029805835362193	0.511913896967273	213
0.113795719667609	0.529640371156515	213
0.103616340005955	0.558229621506864	213
-0.102965019758152	0.255132760631369	213
-0.11983343869762	0.212004101493399	213
-0.113569305268325	0.175004827456019	213
0.021173342618577	0.231937504533098	102
0.083288802207507	0.354609652013431	27
-0.061558854345716	0.17435850535312	117
0.085840027869895	0.331162659607745	117
-0.057559118933162	0.169599691582573	117
-0.019752311358975	0.235504980816996	117
0.060127337706216	0.279537881985946	102
-0.045016678303575	0.134077122421292	102
0.1036092891091	0.655894205310047	42
0.103263650510369	0.323906683890372	42
-0.04329729692466	0.121445399013016	42
-0.115374059574531	0.130293649790621	42
0.071412916135835	0.628104452223882	42
0.039564729803533	0.486817756170663	42
0.095065966298951	0.570221884936692	42
-0.114650226955766	0.189250013791462	42
0.031608490486046	0.28699911384907	42
-0.064601484247713	0.181734466872659	42
-0.073212910869407	0.172322022594433	42
0.045318035870414	0.35062208297038	228
-0.037953321226095	0.319426080156133	1462
0.091230298269546	0.234034406960655	59
0.096870187851288	0.317350926857737	59
-0.003973716987936	0.123397622732914	687
0.082585728271117	0.73683672332729	20
-0.040420614791077	0.126222961591722	20
0.094056260078036	0.217331959260468	20
-0.059781115900106	0.150587307424539	20
-0.077435293936381	0.305722032683457	20
-0.124316513725805	0.191092022729138	1945
0.042791508117269	0.383451424874531	271
-0.022106960545157	0.335175553771622	271
0.062620411919353	0.448791681262081	967
0.022447286064365	0.337471324296952	967
0.00150107557461199	0.357922310798968	72
0.087124269351552	0.813368589754632	72
-0.000172332189638996	0.420998895217346	72
-0.037066249770887	0.311933869903889	72
-0.124053741244551	0.186224032183565	72
-0.00568089798489399	0.464492926173386	72
-0.047719699445954	0.135763229139711	72
-0.064264172495213	0.214305880354653	72
-0.03202203435936	0.334197315025382	678
-0.123148671290392	0.138973044525864	678
-0.023254690411435	0.124051143386275	519
-0.047113247195027	0.123747703861857	519
0.07416459246224	0.145173991037315	519
0.00761799510637501	0.136756852979372	375
-0.062488381664301	0.195315135114005	309
-0.108897396339581	0.134352163418228	309
-0.00612373873661601	0.292270563773134	514
0.04383071994855	0.415694381531971	14
-0.114834934347032	0.520730703306164	213
-0.086946298482371	0.664933548549323	213
-0.028373724385273	0.788698537821256	213
0.04707042069069	0.566895228300499	213
0.058503687262332	0.49464677716209	213
-0.044895012617338	0.385603205337376	213
-0.065434385706322	0.235270829766502	213
0.104402178898921	0.725899271507218	213
0.029685355965982	0.398592469139745	213
-0.083504491727754	0.159931031620543	213
-0.091063564504704	0.210345827411651	213
-0.020410320764867	0.236265060027691	102
-0.053816063960148	0.219164048962605	117
-0.02769309829537	0.244597465567491	102
0.002943810233206	0.230409922931181	102
-0.058553396744917	0.151166969821644	102
0.033013475886949	0.227998278892863	102
-0.105452528632699	0.173387466688064	1798
0.023746501331086	0.315085971499585	102
0.029051363554755	0.549200783545775	102
-0.077607645678653	0.213590954703367	102
-0.090360579732423	0.167061101578243	102
-0.121409785108973	0.112500522583258	997
0.060698083764595	0.235009870588639	42
0.00628706226938103	0.228038854803638	42
-0.11528967209649	0.15447440756303	42
-0.040864640993838	0.14279308208937	42
0.067019892108794	0.232169275619367	42
0.100304293361982	0.32813414898831	42
0.063226437336394	0.497872320680949	42
-0.006997264743515	0.258075038254621	42
-0.101017994879504	0.216469467084034	42
0.0718575381577	0.484380446544975	42
0.063647035613127	0.533077397047329	42
0.012684866973184	0.318192189382283	228
-0.065840539048005	0.149880223419657	228
-0.033203868713466	0.260091680447488	1462
-0.065087255805216	0.166457495979814	59
0.119606705617677	0.232850796031873	2245
0.070896877609176	0.231219761670676	642
0.123294097961564	0.238532795758856	642
0.033610863825084	0.552481918027976	20
0.090582543147883	0.631671930818429	20
-0.010617811036826	0.233260683233811	20
0.010984735256368	0.399475320939604	20
-0.122054417377961	0.190714786812326	118
0.000891519120644002	0.423278499135573	118
0.091736953630561	0.595850138633552	271
0.00853243686948102	0.519324573624214	72
0.07621366498085	0.589599206400493	72
-0.124681829618509	0.105349082243737	72
0.043090304087621	0.499890802859911	678
0.119141465299483	0.228576242306582	519
-0.062090252502885	0.137650144725594	216
0.076865301286739	0.1445901337385	216
-0.016772168788656	0.133256482473238	216
-0.10931407357079	0.15518393542102	210
-0.066925152383101	0.137693776364593	210
0.067424348327514	0.315752793952398	309
-0.025195795318159	0.266052298512998	309
0.00987465605221	0.332759396336832	514
-0.063490731763643	0.94435842407387	213
-0.105106172389072	0.639002042333016	213
-0.11343794292277	0.329251143563056	213
-0.064291983328267	0.338303919741342	213
-0.093411839952118	0.213682205804147	213
-0.074786423873297	0.230299258556218	213
-0.083001927792491	0.23238545397896	102
-0.0964355847574	0.189557145233951	102
-0.056956186634852	0.16355802526101	102
0.000731084815843996	0.245707539299528	102
-0.058356824140628	0.204206275306218	27
0.111248215415534	0.508931571385124	117
-0.02349028908934	0.21912765688257	222
-0.113531862661657	0.128409895590259	222
0.058107805321577	0.31879849652803	102
-0.072174890929844	0.132177425959015	102
0.059357634811656	0.318001419323637	102
0.074589703603779	0.322765314855625	102
-0.067081514410609	0.168098325359113	102
0.061773687975664	0.474748238463352	997
0.048392819155354	0.223507408220603	997
0.018419674492157	0.327294719586094	42
-0.040266545292832	0.147996693609105	42
-0.056516108548757	0.116946772879183	42
0.094056260078036	0.217331959260468	42
0.04436362006909	0.642278307528472	42
-0.061368286474033	0.33540049513255	42
0.04187692842909	0.405675019876914	42
0.067597971613061	0.230311750831795	42
0.030947060533888	0.236583463647352	42
-0.018989328929403	0.236017684243849	42
-0.097154754219005	0.195324826398281	42
0.055986608425019	0.393839097779378	42
0.119581098414514	0.487518621654092	42
0.120792569364446	0.406609814498901	42
-0.062255563319561	0.326448576858845	423
0.051932397266356	0.237948075333999	228
-0.050239101156796	0.138642115242246	228
-0.013203432361953	0.304470746056053	59
0.069835766749502	0.311753029895869	59
0.088878792208519	0.229091354678945	687
0.05708389586813	0.231166473026247	642
0.082596597269499	0.229428889904709	642
0.00855596459970498	0.129677645985645	1843
-0.120472898054474	0.229377635138146	20
-0.098920520828069	0.260992007896772	20
-0.05400401956417	0.331468307613466	118
0.030657457183424	0.444093226003735	118
0.097652392952884	0.628580311800674	271
0.035683542556081	0.402330435788986	271
-0.053794789714954	0.352751198739638	72
-0.00670359681121599	0.358136914294319	72
-0.119228894947819	0.116801829838119	72
-0.114912507017658	0.171793309754343	678
0.013799237970991	0.136593433513523	519
0.037103550898017	0.138818862081134	519
0.063331460950565	0.228717817854609	519
0.000251777450963997	0.228251814363208	375
-0.011544128271795	0.118250008930778	375
-0.019878032584481	0.130817365608449	44
0.039411176188878	0.307095031690346	44
0.038285494774597	0.141714040592881	33
-0.065925319304603	0.148908485824441	210
-0.063590115646492	0.166117940136566	309
-0.076108802261672	0.204358896116448	309
0.022098749262151	0.340262054587936	514
0.061335563657792	0.48332966878083	1028
0.071197655607047	0.216188004629869	484
0.039282277073049	0.299533831054334	484
0.108614614434276	0.551350429537633	14
-0.117231588915561	0.196211867185687	14
-0.052583321874127	1.45781615590954	213
0.029488772690853	0.467156861187178	213
-0.007796102908042	0.44109108810147	213
-0.010149597543046	0.333264086377344	213
0.074337854511473	0.722648240418955	102
0.034389460874662	0.426107302022515	102
0.072891409725618	0.395664149078894	102
-0.058643544601574	0.204767156357626	102
0.103646848020711	0.699272520876869	102
0.087953178641537	0.467449607151059	102
-0.07002151248296	0.186732289127523	102
0.027752999177192	0.234985375809928	102
0.026706175093355	0.342444986394258	117
-0.062148077077864	0.165436871433642	102
-0.047293511672403	0.156911946002717	1798
0.115409684037832	0.388345268198496	102
0.011100481047922	0.230907360362004	997
0.056267912795113	0.232253430996414	42
-0.000804991886239004	0.131316575724229	42
0.070378564339726	0.236051668862457	42
0.031838321683541	0.37567520528239	42
0.064334800648197	0.429719514362604	42
-0.108211336720016	0.232504307121221	42
-0.124614151871354	0.149668729242503	42
-0.063250096714381	0.16851335726744	42
0.042439801017373	0.312872088871008	42
0.078484737451608	0.390691373964648	42
-0.073554537444568	0.178478476815751	42
0.097461165250453	0.466161543393107	42
-0.021681017517837	0.338473844488573	42
0.028664664588939	0.298327470533221	1462
-0.032785739408283	0.26378244630847	1462
0.043870171442074	0.419386771746139	59
-0.047932545675762	0.142878236750208	59
-0.046299000504079	0.129607680552281	59
0.045008059847029	0.142822073965313	642
0.085137153810597	0.23653374671504	642
0.036251140210963	0.427009736354017	20
-0.045997179986049	0.283165657769215	118
-0.000901858326395999	0.315680808221559	118
-0.02406318238167	0.273772105424579	118
0.045693610924423	0.402033123024586	118
-0.073545867898345	0.260883669506249	72
-0.062082454394643	0.293274365216621	72
-0.113959793228504	0.142939008712461	72
0.069290209248612	0.575156828461746	44
0.021572389068735	0.120995425956251	44
-0.016083791438359	0.296187684257885	44
0.04055409387718	0.143405775286808	33
-0.118740350763464	0.102584067045069	210
0.113162402311799	0.324159016612709	210
-0.062082670732606	0.138769462629419	210
0.055146575991668	0.428588041542426	57
0.034615366559624	0.236978397053783	484
0.104195887184107	0.451587206427439	14
-0.061179635218652	0.236129100339246	14
-0.038867006564252	0.797199627113525	213
-0.068227856845647	0.506928178484084	213
0.030222204020134	0.519085305226947	204
-0.05338950827928	0.233826528917607	213
-0.023586748075038	0.29966947925897	102
-0.021093442311182	0.235674916030449	102
0.05403947275808	0.323038714624515	102
-0.051471742634943	0.193736849274166	117
-0.003909262927482	0.255730327327692	102
-0.038942886280876	0.210099895873893	102
0.022566832563199	0.237367158624608	997
-0.059601204499526	0.155443923212732	42
-0.048618312349446	0.154598989863819	42
-0.060087513477095	0.150037856147997	42
-0.096055203734438	0.164741823448592	42
-0.113086332941406	0.129743575188975	42
0.063920598218369	0.306686231867097	42
0.11870851052923	0.322796867646228	42
0.102821822404348	0.32037460642256	42
0.00787807746255798	0.227714054450526	42
-0.061568128779951	0.156942968079436	228
0.018713751207167	0.311832479959431	1462
0.018988166365558	0.233591743546927	743
0.114852457307888	0.497567048344873	59
0.069307884160366	0.234670974096357	59
0.026066916425572	0.21355712927373	59
-0.044310966024973	0.132896748465746	642
-0.115892902659206	0.131917990214606	20
-0.068107138734476	0.220760454846505	20
0.09189313666416	0.225184704553148	20
-0.04889947241594	0.229852067807427	118
0.000161701294967009	0.243062362462762	271
-0.077707225861852	0.173931138063745	72
-0.07543520013841	0.175464455725436	72
-0.041664296720807	0.137018944875733	519
0.049726556566494	0.233799400589489	519
-0.00286687970737001	0.130250661971432	44
-0.033523341891717	0.127601137071807	210
-0.121642715063568	0.115714690163434	514
-0.060675910251567	0.154341442181278	14
0.03230897450445	0.235278415860224	14
-0.10834513015382	0.527659157630204	213
0.099817109997039	1.3645382206383	213
-0.010157619998623	0.600685018873038	213
-0.089449946268559	0.314815524820862	213
-0.09124691429169	0.300479143635967	213
0.119979025514644	0.742035847411745	213
0.033892533431637	0.511068156911161	213
0.093328936340037	0.660162989338457	213
0.037585081283585	0.564656681760532	213
-0.022642841795803	0.368320942722018	102
0.097264652319136	0.629402938138835	102
-0.050189794900211	0.32193010386448	102
0.089064995953249	0.62858009941892	102
-0.092841151861594	0.178478094365231	102
-0.039943710443042	0.228878785579716	102
-0.068958001181411	0.188224625939904	102
-0.069649735355846	0.153253677548024	102
-0.00515873247881199	0.241001286657704	102
-0.06029239528468	0.202090950171355	102
-0.036470769492879	0.312698526186279	102
0.047230528182269	0.360219850304618	2035
-0.105501364626271	0.143900706872946	2035
0.01171479106428	0.384385264651045	2035
-0.102969954869675	0.168085461847933	2035
-0.068336207863707	0.211191640649491	42
-0.124974294839831	0.119745411274623	42
0.086585332973616	0.312643149389429	42
-0.058952293328886	0.146616566413704	42
0.075659131575135	0.578030483420603	42
0.101978516677909	0.528357047818306	42
0.093130837733887	0.58368287587202	42
-0.025308779091368	0.206606959973641	42
-0.05624577509441	0.248198372750562	42
0.010309225851762	0.336821130959325	228
-0.045793140935819	0.257263036742183	1462
0.014627034466527	0.380438053868192	1462
-0.015986358642263	0.284761240182807	1462
-0.074329804317143	0.225663096245419	59
-0.075647529975196	0.162316792367312	59
0.113423658138653	0.316040364875554	59
0.03662552810637	0.240967835634831	642
-0.043953418374535	0.159963707441763	20
0.07830570703076	0.317176660078194	20
-0.054365247587427	0.197083594841478	20
-0.018036532701866	0.33193187534837	20
-0.073499162131553	0.241945612668515	20
-0.063846733748931	0.163020144071307	20
-0.04637226456554	0.135824864320218	20
0.089721792695861	0.573604351742976	98
-0.075282257471635	0.173332892228298	967
-0.093276021115852	0.162574976718452	967
-0.055986819341279	0.242600628326179	72
-0.090997310870132	0.213942875649552	72
0.042850712497916	0.363382256724761	72
-0.070577801156585	0.153103133936149	72
-0.068153599805561	0.216836723906198	72
0.120295388398229	0.472816006400227	519
0.049792397354125	0.420163984671241	519
-0.00566549545756301	0.268545052350775	519
0.105380939622107	0.327572977015974	161
0.119141465299483	0.228576242306582	772
0.110550486755662	0.32930568573472	772
0.027157605751524	0.240935275215982	210
-0.059788347759063	0.16334581780839	210
-0.050374165267713	0.140318219439899	210
-0.066392893984528	0.172203049016261	309
0.04100884709763	0.220663356583502	57
0.099390626593543	0.326557669211091	514
0.046604470066314	0.232225466193214	484
-0.077794709334876	0.169097512418892	14
-0.046226117181757	0.162870991828237	14
0.064795278925804	0.759395831620762	213
-0.051041568727949	0.30812433585361	213
0.071167349376675	0.513322350780612	213
0.082163485673171	0.601593806539102	213
-0.10569490087933	0.228885157474492	102
0.103155861051143	0.478044866694422	102
0.021610214513729	0.327094414151437	102
0.019621305442398	0.323458503936128	102
0.084371266177491	0.325149521708631	102
-0.065286724053435	0.153398955516288	102
-0.0155143895516	0.25075125171846	102
-0.037439033104865	0.188145909015245	102
0.059418984294087	0.298188435414588	102
0.0473847129187	0.359707070243252	102
-0.014189891968983	0.274486189382985	2035
0.074926791775393	0.402171428210778	2035
0.119456456293098	0.324358346870292	1144
-0.115512406531765	0.144101272961515	42
-0.067282796128006	0.142952712166487	42
0.024702424097122	0.235229863732408	42
0.062766000540148	0.465434896982941	42
0.053196405470841	0.467628084378088	42
0.070053927121194	0.320509044740355	42
-0.05892702493214	0.164914669291949	42
0.030290019630977	0.240707145313998	42
0.102397022818853	0.326146876030769	42
-0.071011439659057	0.194114102562633	42
-0.009094991264578	0.261948492348702	423
-0.107134405200692	0.158798865015539	228
0.055667417900111	0.308585554556543	228
0.084051780822075	0.373121060129565	228
0.10029665787472	0.438599660155096	1462
0.079001298926949	0.310861379934135	59
-0.04240801296403	0.129282717344937	320
-0.060068019208534	0.139514985427126	642
-0.10297396883888	0.15035519291973	20
0.019314239220274	0.228346616736557	20
-0.051867103864333	0.145823710639992	20
0.068375347358178	0.288624653980696	20
-0.098272772712051	0.169497648858146	118
0.020009335333852	0.229851062926921	271
0.049630153677852	0.235878102197108	271
0.060204092293701	0.224872754555368	271
0.115394969723072	0.307254362327585	271
-0.061235752766364	0.147673930177032	967
-0.084646031833474	0.164992904743171	118
-0.05872511946735	0.212252197121585	72
-0.036747540318601	0.28980886620081	72
0.014819883126423	0.246926844680124	72
-0.000681415947578007	0.257804918907172	72
0.0706350488007	0.316564275066153	72
0.043592948949536	0.307390543938408	72
0.091486860306978	0.228160756234842	72
0.00250334346106801	0.223720233316943	519
0.029372392425461	0.248373940861561	519
-0.048486881633356	0.142735872700788	519
-0.066611472877359	0.132452142457289	519
-0.043016749447013	0.134529034824088	216
-0.04136948613712	0.144836185205751	772
0.037015164011226	0.230460861875752	772
-0.055133369273506	0.145857182636513	772
0.017044360025996	0.240260430719364	772
0.063253494490178	0.218853354928655	772
-0.04926815369008	0.138568364883917	33
-0.056370102256588	0.139247443552282	210
-0.052182637050981	0.137145931062801	210
-0.016251275577468	0.126446206199143	210
0.03721013491131	0.239709959827754	309
0.098220453295181	0.234122489415175	514
0.079745208709072	0.232260019496485	514
-0.051479172852191	0.173993094287084	514
-0.02607014359528	0.125423410432921	14
0.039349941989238	0.309358400341972	14
-0.000346023537629997	0.9524146991978	213
0.035350624355034	0.83798151590991	213
-0.04966421786964	0.374823046972229	213
0.036684474031348	0.568037026211988	213
0.051634662115447	0.628736201068328	213
0.046386386601601	0.548351223656234	213
0.107281834078933	0.534880547534297	102
-0.120562599869482	0.18653865764293	102
-0.011338943334687	0.46319793524334	102
0.015339181028627	0.336110237862286	102
0.057257806787397	0.380476923493116	102
0.010661791070691	0.301738573715122	102
-0.121028724135648	0.127000405793824	102
-0.073617984936622	0.172039142783779	102
-0.073482526745922	0.180990026185875	102
0.03352343760922	0.321192328716639	102
-0.120337470996288	0.114621666951707	102
0.00523080960746303	0.239741803726159	102
-0.061729441400647	0.199808243449868	102
-0.10884710498971	0.15720956363733	102
-0.105476443575756	0.171016737159788	102
-0.005463528598941	0.304860476946735	2035
0.123626943873686	0.326853027902435	1144
-0.000822973392194004	0.322651043392216	42
-0.023566667833006	0.25375806212209	42
0.031692064763217	0.232297038154041	42
-0.058132788921973	0.194218247115841	42
0.087581971834557	0.559164332621997	42
-0.063031347355015	0.236987552435144	42
-0.108016451928918	0.176118968361048	42
-0.000273652730893997	0.246369692284685	42
0.027831445511822	0.334961518625487	42
0.121984798181456	0.452767461638545	42
-0.026557419049045	0.251134245091132	42
-0.015621504380619	0.229467121539692	228
-0.02227942169677	0.273338835601616	228
0.046433734014814	0.42721975312247	1462
-0.105727670677025	0.158268703641303	1462
-0.049490279639909	0.267577255008145	1462
0.051828427559364	0.327445260798628	1462
0.055690495073602	0.225564922143453	59
0.0614899328425	0.235186120734988	59
-0.057174372950888	0.149234878387823	20
-0.059244591811531	0.138912529492551	20
-0.064290745242739	0.174360877628793	20
0.039075850841485	0.384093339352851	98
-0.103423521551222	0.127458870818729	271
-0.115965554983243	0.137269277179893	967
0.080183693817906	0.314723340565858	880
0.010420204083643	0.317794981216868	72
-0.117522502088369	0.141871677708329	72
0.024318321213208	0.32976007244078	72
-0.056064825212391	0.138823169477662	519
-0.024872903016982	0.124663624016264	519
-0.058719811512596	0.179918474936139	519
0.029143348532894	0.234479249023186	161
0.056346093882597	0.231748338807335	772
0.030702520073566	0.224743066992684	772
0.099292606326681	0.220817862577735	772
0.108019658709482	0.319472399537262	210
0.113207922016129	0.322263567618802	57
-0.053323624178105	0.141856922372298	57
0.082790892741123	0.31659649748551	57
-0.021248917752947	0.24421327206344	514
-0.040999290422708	0.131629877487153	484
0.053522869190147	0.304404136471198	484
-0.041077036788307	0.222235231296799	14
-0.062890931807529	0.158418945149086	14
0.0000223792567929926	0.131945610563102	14
0.070510137493517	1.43470601131802	213
0.097148778392911	1.44351577065765	213
-0.031736501327454	0.405287602193391	213
0.10159782985259	0.474668678590332	102
0.012070338481403	0.358779376821308	102
0.031977503860171	0.300639495534653	102
-0.018686807932933	0.233789447900384	102
0.065166590183463	0.367367515155454	102
-0.000617454646168997	0.241266391191591	102
0.057676427921001	0.298399767247013	102
-0.033632551549264	0.301486964570598	997
0.080208824748133	0.365375768778924	1144
-0.102804456356363	0.164490877283004	42
-0.05376988616942	0.167842746558267	42
-0.060112382017499	0.230158282389807	42
-0.057052654480509	0.161597396692793	42
-0.121420619015145	0.136477339145487	42
-0.00723706739434299	0.321407216819626	42
-0.055185675218757	0.268017461422154	42
-0.119265464300553	0.118507808364236	42
-0.063019085626469	0.171377649658224	42
0.00059559614629201	0.365593410715398	423
-0.085577702226564	0.170397645750923	228
-0.019667342103361	0.317875896854606	743
0.069752205329184	0.417245179404902	59
-0.07484362196185	0.182983989309505	59
-0.072373998542386	0.167205455394265	59
-0.057904283975321	0.196493643491626	59
0.112267530352893	0.37069272143269	20
0.063512402686339	0.303170381102768	20
0.104597402705217	0.390379736854894	20
-0.067129329776869	0.181717437705947	20
-0.072055497418304	0.169522135995682	20
-0.000812548930328005	0.1273258347432	98
-0.033040732086761	0.2884999374437	118
0.085636002957529	0.207038343780469	1033
0.054636358267959	0.223347261403245	271
0.043990410032459	0.238506730860219	271
0.060545661441722	0.221562700051007	271
0.046151041667113	0.450260886029967	72
-0.066496637378802	0.136578978842591	72
-0.052119194491143	0.186199808813622	880
-0.114382631193396	0.129774783543017	72
-0.072177561411183	0.142132067257464	72
-0.120344794938798	0.151353173870958	519
-0.124506118927903	0.107673857428811	519
-0.023809325546152	0.229065129395115	519
-0.067896753114459	0.146134764306612	161
-0.060806364514374	0.132141790358562	161
0.01877036851513	0.223955482441299	772
-0.04517355656453	0.129050499654393	210
0.017766581928143	0.218723218434496	309
-0.03181265889074	0.238269414860951	484
0.058973584877731	0.876678735284858	213
-0.103467856225276	0.291085101933596	213
0.084010034795311	0.745244530972939	213
-0.072878148440548	0.317757345964998	213
0.090778457979139	0.69440698632345	213
0.042126945868109	0.60147188588006	213
-0.092298719714065	0.30233393097628	213
0.092285468081963	0.6621034731021	102
-0.044546682727004	0.361321170744322	102
0.045069748049438	0.341271701124686	102
-0.058283853847629	0.191076503725395	102
0.115439996083212	0.48417013737881	102
-0.015560729698828	0.262951770178138	102
0.011457362525119	0.235045349471738	102
-0.067601176352609	0.185622499158734	102
0.115660948118539	0.326707106695739	102
-0.025971290743964	0.219678148956474	102
0.031887327076716	0.241109816824665	102
0.000024906743383013	0.278859840178503	102
-0.007065816408723	0.253349415265663	102
0.00719024822305098	0.258213134349601	102
-0.054368883328636	0.280725564970686	102
-0.099691318625143	0.148005986190678	997
-0.025780499603297	0.268397129993431	42
-0.119718023005814	0.115452136896383	42
0.102606066989022	0.309599216821968	42
0.013136917623727	0.363455737017457	42
0.024605728953932	0.43289894738931	42
-0.07364930216479	0.247785335709408	42
0.107137833522063	0.542967783723988	42
-0.00899232904392999	0.444143704523598	42
-0.037103548275142	0.246137122355318	42
-0.00950543201508899	0.249407906704974	42
0.072382882892627	0.393102671195689	42
-0.00815537119127899	0.262882518548103	42
-0.087238445787344	0.207327659127465	423
0.043210412057732	0.596648331662973	228
-0.062498133414979	0.155035803503083	228
0.00814995732519003	0.391035277467367	228
-0.015436736886693	0.241162840810419	228
-0.10362661896276	0.214395122558799	1462
0.09085058462013	0.538103449404168	59
-0.048256058549995	0.127814051174249	59
-0.109197940293141	0.138296882686206	20
0.106694499180354	0.629640532550161	20
0.108456384925354	0.494836206980135	1033
0.017275917871178	0.243377627057849	271
0.100323531607507	0.397032911642437	271
0.073271104399098	0.40123735302792	72
-0.110322638391903	0.17373122461254	72
-0.014597275143755	0.369969393828459	72
-0.00122770327677499	0.35844130700447	72
0.07889703667984	0.145619327974218	625
-0.046289825792985	0.134241518495929	161
0.033645916385672	0.226733893686995	772
-0.10410084816972	0.123798563265213	772
-0.06562938262481	0.158420935141316	210
0.09798541663386	0.296033203064039	210
-0.044517560082827	0.126747576916627	210
0.073964413150767	0.316353670222862	210
0.116996857318085	0.393072499014234	57
-0.027589232812769	0.241213756206491	14
0.123459247435716	1.8813983595474	213
-0.099939455954081	0.404751086317895	213
0.099910985263079	0.878614454581041	213
0.00639967831509902	0.608761310480706	460
0.074667112536167	0.676456129934661	213
-0.119030052879465	0.222852422817647	213
-0.016067546575836	0.332598240487143	102
0.071855566783696	0.558322948548166	102
-0.115053922362095	0.21934958939313	102
0.062566912552488	0.570012076466969	102
-0.122650062394509	0.126838071718038	102
-0.049968931757252	0.173883265178106	102
-0.085876081244173	0.189453741486665	102
-0.047737737364045	0.208858128523467	102
0.000989976450619989	0.230238737813211	102
-0.046919632859153	0.153217302565537	102
-0.068493575150549	0.194067978016272	102
-0.019827369324123	0.276293552629304	102
-0.010049048679589	0.259699661698985	102
-0.091734065976782	0.233938793081644	102
0.027326527087583	0.406072023496722	102
0.119240316130977	0.327599024751644	1018
0.103446588871143	0.221352936371786	1018
0.118432555109619	0.326301362558209	42
-0.049115742760529	0.13014236735101	42
0.061575317556604	0.241503546199878	42
-0.064196210730814	0.157809470774241	42
-0.00961452357189799	0.419731615757758	42
-0.106811125100416	0.170147355685505	42
-0.111682748188395	0.170025510089404	42
-0.045151493891349	0.148915062947703	42
0.059603758530152	0.314754956949483	42
0.06390697397249	0.437578725660063	42
0.122378619835614	0.460708838078557	42
-0.00581948468708601	0.226545563765561	42
0.017744391854521	0.323760298992417	228
0.00949247137584802	0.305411709185739	743
-0.060139967610745	0.205660320167425	1462
0.070547228538621	0.372444668860429	59
0.016590619440148	0.417239733596611	59
-0.023991169269017	0.132585995107269	20
-0.017823914484882	0.265599769306522	98
-0.009313638394914	0.270763132882643	98
-0.050424990464749	0.210516787603922	1033
-0.120775165826612	0.129081358347025	118
0.011575997138924	0.309068743663102	271
-0.078594041252946	0.166913523786802	271
0.00918955760522699	0.309980877515118	72
0.098811489363629	0.481094685055964	72
0.020788118904627	0.395466776449888	72
0.051431570127876	0.218760996172424	880
-0.032509482416713	0.125287784792564	519
-0.047596626894844	0.275200448105401	519
0.100358646699445	0.235194666886957	161
0.035943851845965	0.135896734129013	161
-0.051517224639987	0.141856941614617	772
-0.060262473382143	0.144001694847947	210
0.05792115869508	0.231653966344716	57
0.070378564339726	0.236051668862457	57
0.103796791350413	0.39477553289222	2194
0.063535284088764	0.597785117391535	460
0.077194671033119	0.496140905852723	460
0.051129474149515	0.651273269734591	213
-0.043331050728009	0.268870568351033	102
0.116936726122092	0.731037501683684	102
-0.033537578479379	0.290422391083321	102
0.043491715807084	0.287213161351813	102
-0.119444487012176	0.130961028694932	102
0.00537099277244602	0.238484785438508	102
-0.048233999427566	0.223844541598701	1012
-0.012044711578329	0.245329778731225	1012
-0.05588610637295	0.240052974948575	102
-0.045548300137735	0.276730821363438	42
0.09797378555029	0.409117804632508	42
-0.055609540335275	0.275838125402343	42
0.030378787905855	0.227404145768178	42
-0.100084809683974	0.159130812885711	42
0.056098650801418	0.484946120190112	42
0.000162060982471013	0.133908642168027	423
-0.062678164544671	0.156067472429663	423
-0.056669935721638	0.154633151975638	42
-0.062349607898803	0.138657650363753	423
-0.099724787083092	0.208203488276627	228
0.10020857187608	0.469754553874644	228
0.040653495817165	0.425693778044682	59
0.083356214516366	0.412766775761104	59
0.037118629711073	0.322618044495745	59
-0.012630718634835	0.251761226204494	561
-0.00543070516424299	0.254220258226848	20
0.05875319162302	0.373373924504358	20
0.092555140628555	0.403943414120207	20
-0.121904458944597	0.110796388258308	98
0.00152776414242001	0.222211754030289	98
-0.020830623403382	0.130857033608241	98
-0.049446456317574	0.132012895331602	98
0.015757328422026	0.338383823454238	1033
-0.100371665466773	0.163880038105091	1033
0.068876351481592	0.136469075205029	271
0.080416430094567	0.21962517886766	271
-0.062013930125436	0.210857794236863	72
-0.114622114101696	0.127708636201813	1007
0.037130655717676	0.303406518152713	519
-0.120363957828691	0.127685245489741	519
-0.117539992216468	0.11982674579033	519
-0.00502241877183701	0.272537947275034	519
-0.076035929701497	0.154022452942357	519
0.044712650006668	0.318617251300233	772
-0.053587273489488	0.121559229561032	210
-0.03688361738214	0.123813016634094	345
0.034194744645891	0.138608934528959	57
0.067655004863291	0.138679126199873	2194
-0.123581587857813	0.117965675761426	14
-0.067454028813647	0.60424453911139	213
-0.081280943105033	0.206837861382902	102
-0.002826955717186	0.403572099968522	102
-0.053515526193996	0.284173932394624	102
0.038140065360388	0.470828905131149	102
0.020997281843582	0.317600529954308	102
-0.010212609703744	0.289320483392221	102
-0.04773867226244	0.161582874951666	102
0.038283030560098	0.314081131725455	102
-0.120138868183815	0.122967080126385	102
-0.01316500910763	0.266591106659815	1012
0.121119696378845	0.475338219921205	102
-0.011248884789259	0.278848466062695	102
-0.060392995337455	0.147683195196376	102
0.111644725129139	0.321369062276569	102
0.107895958770979	0.572032209570858	102
-0.016076231527168	0.365096383650339	102
0.102601942626111	0.560298932765319	42
0.025445744685694	0.44853352843896	42
-0.052772827762027	0.149360175710179	42
0.094009103246318	0.305456393480107	42
0.071717113536334	0.562630810666142	1435
0.00798568404295802	0.325904913085639	1435
-0.034080210598021	0.327567340519105	423
-0.054054219349966	0.157684216368198	423
0.082924714548795	0.535490571139362	228
0.024143684084838	0.303317390541124	228
-0.019613676448129	0.251945653820175	20
-0.052367474368611	0.213385940394166	20
0.034674932748432	0.366059831656805	20
0.116623978550299	0.540788792577864	20
-0.020153701862747	0.126983716816683	98
-0.049267139682562	0.13502803122649	118
-0.016005133478808	0.131909330423617	271
-0.048654147844371	0.147234238683972	271
0.124275176540027	0.315665988581837	271
0.011673833959871	0.226972801423804	118
0.065703890841525	0.398533093479899	880
0.060522325252767	0.408715685653433	519
0.084564736261751	0.393082144389639	519
-0.044864896461104	0.148450607573287	519
-0.009648082303615	0.226231267901067	519
0.074624201451868	0.302787079728765	161
0.012636765726015	0.229679212688024	210
-0.042342108058034	0.155146095155121	57
-0.01935693773445	0.896380095795437	213
0.0226020614402	1.15282851180551	213
-0.063112732715801	0.545397227322228	213
0.021272672222954	0.426760632446995	102
-0.038662161441702	0.458220473893989	102
-0.029910900887977	0.537048149238347	102
0.117587148244228	1.07059664259184	102
-0.058744015188713	0.437306792128404	102
-0.080515338657915	0.23046505824739	102
0.065475733829082	0.615937760717889	102
-0.043744742447486	0.236255336178806	102
-0.032211233839156	0.246480450224449	102
-0.032426318976936	0.24622505101846	1012
-0.106025210714937	0.140311747253828	102
-0.020635731269526	0.297804957656544	102
0.103514959633537	0.379162257556697	102
-0.07586177678308	0.22335175101302	102
0.00743968781933502	0.246974107196446	102
0.116933086391789	0.542408138288768	102
-0.11851193547747	0.174151150195921	42
-0.100764021385002	0.201917774743182	42
-0.024740443507214	0.362073552179178	42
-0.040744700654871	0.327129498088937	42
-0.071154157366795	0.151977495365818	42
0.113051333013591	0.564935198625772	42
0.087492295459107	0.312425988557721	42
-0.079199505836091	0.228220296699653	1435
0.063029223878373	0.542381582803177	228
-0.014331232346017	0.333268602922646	228
-0.036539360756618	0.302686624094056	228
0.041966448495586	0.38475522430369	561
-0.04972590642877	0.230280738771454	561
-0.063846076034509	0.23491569679509	561
-0.0443443746651	0.257934203254516	561
0.046438067871452	0.407340568377406	561
0.016551066241084	0.364866212909169	108
-0.036722889347637	0.269076613320822	20
-0.026140298257397	0.293932112309773	20
0.045898140404946	0.3632234277894	20
-0.121207629818609	0.149585325488105	20
0.058159936488521	0.423651772543287	20
0.108855155601054	0.30807459149839	98
0.123583520200371	0.147763112975799	98
-0.052343537209947	0.127930019385777	118
-0.033502668863444	0.128569947627059	271
0.011193169676501	0.128799470346799	271
-0.091825029797481	0.204684885945169	72
-0.050563546304174	0.191390002023922	72
-0.003322303927705	0.240650676559872	72
-0.091791059433523	0.190504241866373	880
-0.084720525876205	0.198669664372757	72
0.00947089673644103	0.243648368151677	72
0.077870707249832	0.407221203350555	519
0.103907391385999	0.411090140490907	519
-0.024481206826879	0.229368029771021	161
0.019838348396041	0.247543130877692	161
-0.056141243964789	0.143230625578478	772
0.00807333730458099	0.243733402142508	772
0.071469563082672	0.300374449260984	210
-0.043716517770336	0.153863388699665	14
-0.015451057597627	0.252993648818144	14
0.074425026658618	0.146058230964505	14
0.019681919786941	1.24634017773794	213
-0.01313390116644	0.818985822372481	213
0.028413301493232	0.676771638683437	213
0.00295111005278698	0.629994113100347	102
0.094311994668285	1.12287768733594	102
0.046070213477227	0.489427207435069	102
0.067755821948834	0.644844777153846	102
0.021038137663804	0.512467269299185	102
-0.086027167183251	0.213025397888325	102
-0.036674932444514	0.282153435544279	102
0.031028999808034	0.327821107415129	102
0.02767714024476	0.354855644393708	102
-0.090172592369174	0.165601642087699	102
0.120860682114045	0.534946890967059	102
0.043430196184444	0.411065184761874	102
0.088845194158438	0.497945582917014	102
-0.053568060309819	0.188557932872454	102
0.019561082311752	0.234722182361873	102
0.102261674685994	0.499382953608967	102
-0.028504615419189	0.267313373660478	102
-0.021752140017815	0.28814255033076	102
0.070379693271712	0.467247675055916	102
-0.114191255060515	0.144157400894824	997
0.091194282729882	0.317814232391317	997
-0.047872070911787	0.282281608169932	42
0.082186494643616	0.52509355702312	42
-0.075981748204989	0.225237961299883	42
-0.119720175951085	0.170853958596447	42
-0.111190638707397	0.221026415496101	42
0.044537340665462	0.421024423232831	42
-0.116159953275393	0.117527315160074	42
0.09789469458376	0.715093799156868	42
-0.037145607181806	0.298203112807727	423
-0.095755344496133	0.214250258619773	1435
-0.061344703261687	0.234771602900339	423
-0.066692082507949	0.176963067076173	423
-0.031296644928301	0.246599252371467	228
0.065632570994057	0.597008492767789	228
-0.075865152450164	0.255270904805384	228
-0.070534532830363	0.19396401693763	228
0.090872892414138	0.514353722014286	561
-0.116649488160924	0.143532786126354	108
-0.012088930422083	0.315441061431459	108
-0.103269079480649	0.167177475529142	20
-0.116302239241347	0.12680713816145	20
0.039865692394992	0.450829635861124	20
-0.032236902073713	0.278074806689605	20
-0.058679692284983	0.236191982384856	20
0.00817928610931201	0.231779888039736	98
0.035003491048606	0.137182167609971	98
0.107738769428661	0.235989917713701	271
0.099260479788685	0.234105180002588	271
-0.025638636933401	0.124470879755736	118
0.102817396738593	0.589153926129242	72
-0.104627246162108	0.162930790725395	880
-0.110210377782152	0.148450406299451	72
0.01299700186628	0.360863666328236	1007
-0.118383011828633	0.164905648572115	1007
0.00679812921834	0.230824635175358	519
0.078205071896438	0.419894876428284	519
-0.070962933802453	0.186485127242497	519
-0.112452596942042	0.136148236181876	161
-0.00934118358785599	0.228587089267906	161
0.087289312267794	0.324454291088811	210
0.058575494456874	0.23265227944746	14
-0.02607014359528	0.125423410432921	14
0.035128902462401	0.237364850624351	14
-0.019761320096277	0.531166565852134	102
0.100798461826004	1.37247682359991	460
0.120697976430077	1.10625268163319	460
-0.089999369040024	0.46729290100972	102
0.030716553170889	0.951314721632791	102
0.03051476165472	0.925610557813833	102
0.017064726122523	0.520905655288637	102
-0.033977148056016	0.401836056227855	102
0.064663583451407	0.414443736466686	102
0.051041070606262	0.438034923727007	102
0.062707257930992	0.445577482718856	102
0.053726090964066	0.411574195479489	102
0.111103562530595	0.590492521212518	102
-0.074202315258961	0.184714913968085	102
0.102964813834696	0.514969063082277	102
0.045124204514139	0.571119204501755	997
0.00901179370692401	0.407434426801255	102
0.024285387467019	0.396033833440291	997
-0.011455745545114	0.360022175322727	42
0.046406782264378	0.476697666712351	42
-0.011831274535982	0.332886867166882	42
0.048939192476765	0.415969428598141	42
0.00591708799094798	0.361091493991548	42
-0.097225635905606	0.196317102867604	42
-0.073300861170446	0.186664280555301	42
-0.124369812027752	0.113203391555052	42
0.035453403417294	0.490020326831407	42
-0.021394326130521	0.323068728810192	42
0.057830329540048	0.447616013282732	1435
0.111409844927776	0.663765897204708	1435
0.020145743278807	0.318620597520838	228
-0.114116137114569	0.171885915305189	228
0.042070973151768	0.433355430591811	561
0.024671375774856	0.333523375231302	108
0.028377289130005	0.375165702259855	108
-0.059188326815999	0.237992988187362	320
-0.10517837862737	0.157640936878898	20
0.107860188065737	0.541737431119454	20
0.065805200404051	0.518661792425217	20
-0.079657255557331	0.215555954802663	20
-0.05876994232409	0.223893682186182	20
0.062950194108086	0.412178477723931	20
0.016492898012015	0.370491910777435	20
0.036661079050467	0.14079899796846	98
-0.026086535669366	0.256352859814665	98
-0.094065726441886	0.188041042608115	98
-0.062138110195093	0.143905002747954	118
0.008578561278964	0.136313979359849	118
0.120647611942609	0.143148626704715	118
-0.045653314090323	0.134986599562265	118
0.0686951059268	0.240290536003034	118
-0.025026958282087	0.126209912516246	72
0.103111160461885	0.627330700091268	72
-0.120795654515319	0.121624573418897	72
0.03753944729553	0.358076480892929	72
-0.11055874616623	0.139137628778961	72
0.082596597269499	0.229428889904709	519
-0.070551484708026	0.163130525315664	772
-0.031387498096508	0.129941848435201	2194
0.037705653636484	0.319776889400127	14
-0.112006496316338	0.336987531513144	102
-0.096169070900703	0.296899062330507	102
-0.028088050889937	0.684340236938183	102
-0.104982168667158	0.374466603113812	102
0.069367659967044	0.666380833660397	102
-0.022562021060316	0.415547532324362	102
0.035532287481614	0.614685127379065	102
0.110481449025909	0.805172902446814	102
0.07891387288269	0.60603018521152	102
0.042937533268586	0.419837802944961	102
0.047839439567954	0.401242036011023	102
0.120734838054793	0.546496545147803	102
-0.074035779649403	0.162495955563193	102
0.061267868137762	0.431172890179114	102
-0.080550522063133	0.170628547405046	1012
0.09540435207267	0.399086332772176	102
-0.022807582267482	0.251458461970693	102
-0.068132869173319	0.192916794083618	102
0.111134697101708	0.465405410133977	102
0.00159748014727001	0.225850711684587	102
-0.032611802996017	0.248417533417521	102
0.035021990814742	0.378487585433791	102
0.01129204644475	0.392752473795111	102
-0.087539980415747	0.264626192520275	997
0.09252653447663	0.48228537735443	102
-0.083066339229956	0.214971804314048	42
-0.044029951084238	0.239845490867052	42
0.086002819440565	0.411760713625011	42
-0.115351248089772	0.174237038843538	42
-0.04614669913513	0.304387171682074	42
-0.015278835884787	0.264319618804976	42
0.088484338343687	0.484073933866145	42
-0.060638811856288	0.254985609224064	42
-0.061795828524606	0.237899151804613	42
-0.058249558145182	0.242501284471391	1435
0.043491792401986	0.427868777691788	1435
0.083030689394913	0.306090463918309	1935
-0.053878652321537	0.152005880927001	1935
-0.086863943644688	0.205662758099901	228
0.077393659213849	0.539982047409575	228
0.017367364415369	0.406474720023782	228
-0.015633984245936	0.240881003238509	561
-0.070526849733113	0.154086230221427	561
-0.116771091750438	0.166095820664741	561
0.033301815491275	0.40740183852639	561
-0.074091456922925	0.194382780252743	108
-0.044096446078545	0.269027267305441	20
-0.11690616223677	0.132397115455631	20
-0.020076244428816	0.256987490051376	20
-0.075900355642423	0.230344007638383	20
0.038532651751443	0.143209286746589	98
-0.100286395525941	0.151315548136579	98
-0.051518796817888	0.122181128967855	118
0.08386014184866	0.228039618504288	98
-0.051242743004817	0.131759227994569	118
0.101455976614906	0.230262625114332	72
-0.054316626012829	0.146325620944377	72
0.059939983833054	0.229096196368624	72
-0.059616562455264	0.221688470083197	72
-0.070687366559156	0.200724900447132	72
0.043094615798941	0.2380071471149	519
-0.066680335852833	0.164379281683288	465
0.018528652394244	0.242001975986358	161
0.113636203673052	0.397374573555201	161
-0.069735458948847	0.150559065783025	772
-0.050112485747034	0.153517052292909	210
-0.058039584600601	0.164764134771206	210
-0.055067296793467	0.192170720253618	210
0.073142605224042	0.297724036158845	210
0.113714525115242	0.325951052824792	210
0.06119289724388	0.226168046427613	210
-0.044187852405238	0.131345173579472	210
-0.085562838571111	0.156957714466885	14
0.046606303862829	0.336356719079649	14
0.119551741121998	1.53487757904428	102
-0.00374712456019899	0.761851344834055	102
0.063475728211617	1.28718371586456	102
0.034973934399916	0.547930487082257	102
-0.10956477050209	0.254371421020924	102
-0.116608233676552	0.181749088842527	1012
-0.052705057187152	0.28644394051606	102
-0.0892378186711	0.16610840801093	1012
0.078365092231422	0.415215856312922	102
0.012448851821844	0.327136287394106	102
0.037623481881168	0.304659676661166	102
0.023120225466845	0.353892002193848	13
0.080117340886725	0.416884533735688	102
0.012714384775833	0.227130732882366	102
0.019450389123078	0.413896465465089	102
-0.070578646873076	0.248117454753284	997
0.010508429175967	0.337442542219889	42
-0.036357756305356	0.332733141195764	42
0.088211427738791	0.320126008263084	42
-0.00833704821268999	0.244971858913538	42
-0.00568920686987501	0.260497556547253	42
-0.115274869914814	0.168233825322376	42
-0.073539956512885	0.287583567122339	1435
-0.072654601632979	0.254294120001837	1435
0.030991646719308	0.475820857024759	1435
0.089495221212298	0.344674778353705	228
0.089559873688331	0.491857646753831	228
-0.072911084271686	0.216040046217581	228
0.017470512976497	0.461379480955526	561
-0.099240889847304	0.197294512221917	561
-0.088766499468677	0.150029681352037	561
-0.089316809997433	0.186252748895075	561
-0.0197394806929	0.352189269872641	561
-0.062885720124909	0.206213893707376	561
-0.074459977342926	0.202548859043736	561
-0.04596981173764	0.270316971765542	108
0.104165614878494	0.508623113472753	20
-0.060057023852929	0.227847859593974	118
0.101418830854453	0.232991916384824	118
-0.04367954266563	0.141764300457678	72
-0.078440598751174	0.200230289138256	72
-0.064886275211233	0.271019230745651	72
-0.117968229642887	0.166446306460573	72
-0.120154789868981	0.152390725859599	72
-0.066868732377584	0.175532611834931	72
-0.079283618919505	0.186289623443294	72
-0.019384678261215	0.258598018826946	72
-0.030507892376006	0.22322783298003	72
0.088745113382752	0.369185681592919	519
-0.074332149612228	0.157567489771567	465
0.055073120089797	0.290977503093198	465
-0.057178455344374	0.179844308534259	210
-0.059741604387663	0.137924034626257	210
0.048825605153672	0.321455445104458	210
-0.1205842551809	0.114373113163532	14
-0.012517400689157	0.776313740653543	102
-0.071310361528635	0.487767540168993	102
0.088636125435926	0.890490236233909	102
-0.075779105636445	0.345572578480475	102
0.108653930287677	0.832916607556293	102
-0.071205295827383	0.301470868818385	102
-0.026405361668961	0.35359125085101	102
-0.094059096761534	0.220008623494336	1012
-0.110132595443099	0.17872738908704	1012
-0.051431554813853	0.241468300838665	1012
-0.122839580997044	0.124914756235865	102
-0.063913684370956	0.203097682943078	13
-0.019850710725355	0.311486329522847	13
0.066322665450291	0.539763913428745	102
0.040448811526861	0.308709552996127	42
-0.00906687772280901	0.350138456667609	42
-0.091027443947687	0.208449116936833	42
-0.117872200109224	0.12714040044766	175
-0.020238784346826	0.293119482284945	228
-0.075674822992464	0.1896585802765	472
-0.065986616891663	0.153048293070127	561
0.068685512077563	0.315921996626419	108
-0.00337500206431299	0.232990687391075	921
0.033811372253641	0.243702473024096	20
-0.116960561650646	0.144531373112942	20
-0.079043837259649	0.166412238159214	20
-0.064219167537376	0.172608015191952	118
0.066982422968793	0.329939542791618	98
-0.081634926994669	0.127732443117099	72
0.068514524520594	0.464007212062743	72
0.046202047685494	0.305794690658651	72
0.085432191557564	0.383808008482814	72
-0.056094433531177	0.169575183821449	72
-0.034244300164038	0.235075893677179	465
0.071938648789951	0.218983982951724	657
0.028009916882283	0.237349597754987	630
0.054386201900758	0.307096677553543	210
-0.058672032695815	0.140602350307503	210
-0.0594944596919	0.140147558395659	14
-0.054149945409189	0.147072738149214	14
-0.025759939065127	0.244664723573341	14
-0.078551043460713	0.149002081808266	14
0.091472999553873	0.31698956002284	1478
-0.043271101544765	0.145189096634543	14
0.064789986741965	2.4702598672809	213
0.094896317498457	1.65795480386656	102
0.021014850458902	1.16173461448865	102
0.051907861509537	0.719854960511961	102
-0.076255361940198	0.391407718242639	102
0.094608532746266	0.893308754690337	102
0.07402901330552	0.673044610577045	102
0.065036757326145	0.479291035163218	102
-0.09850746797155	0.178824256323131	102
0.056211984788999	0.419823839209684	102
0.093458745552992	0.62600506913944	102
-0.054438346375655	0.248810309789313	1012
-0.099409343296586	0.231746888196074	1012
0.092796638599778	0.507562496267565	1012
0.010972991372913	0.378442063423884	102
-0.056947482095339	0.188984393202893	102
-0.114186525606434	0.144909044096345	102
0.04870096619352	0.36625857819416	13
0.01661914649484	0.368009885522508	102
0.12429584922487	0.238785864198883	102
-0.111742572112581	0.129516723221253	102
-0.05476038921561	0.127142193171753	42
0.07818990902789	0.615636076811867	42
-0.018356675797931	0.227258036697206	42
-0.124530339892913	0.154323001917468	42
0.00509489978406102	0.379880057388071	42
-0.118160417589947	0.186655395377515	42
-0.10360106961494	0.202206784267961	42
0.107981664046	0.737344095781418	42
-0.118745429748967	0.118928957004036	423
-0.015066887156026	0.321668845889093	175
-0.065501119090634	0.172457485856159	175
0.107781008981104	0.233312901318828	228
0.079527920908336	0.235742127164482	228
-0.045599778256938	0.271854955730552	472
0.102506570191591	0.233425414118007	108
0.077512850546605	0.224458907946473	108
0.067019892108794	0.232169275619367	108
-0.054646492950884	0.170442777998117	108
-0.044307471115591	0.300187927995893	108
-0.106339481057412	0.181409967228369	108
-0.045569512453537	0.144660558706947	108
0.101361891772845	0.234138197090507	108
-0.066514542288125	0.147779630118619	20
0.027633604592496	0.407977544257979	98
-0.053468237920283	0.255976131600338	98
-0.078171209823031	0.154751605642478	98
0.027533950803205	0.352193226244092	72
0.10208274026221	0.396848628705346	72
0.034214091468648	0.397627510412088	72
-0.124271967492749	0.151781151496001	72
-0.092218791614568	0.187722985075403	72
-0.116607464161471	0.12335354117886	72
0.03127654799498	0.310527947398407	72
0.07552238886046	0.529550116727959	72
-0.00190486557493899	0.130867095301149	72
-0.018373061425221	0.224964427989638	465
0.068881913355287	0.141534938735922	657
-0.001558605153823	0.253459371700143	210
0.058829244779768	0.219236177048849	210
0.033987151425074	0.141793329801309	210
-0.070656141739003	0.160829938697627	210
0.053817446616096	0.387112659243626	14
-0.116907525802998	0.230174902718371	102
-0.077275064586676	0.33695108502403	102
0.107866077108066	0.546786026765136	102
-0.103945594750731	0.176891565150626	102
0.081425601055844	0.4376037897529	13
-0.027171415037165	0.270242599379676	13
-0.014181781910322	0.335974318486341	102
0.109346480402689	0.467166741146746	102
-0.069856127489563	0.174793290457394	102
-0.049390519309619	0.15180988745759	102
-0.019555911088338	0.267015834072945	102
-0.052128294632464	0.146918254499794	423
0.011310666415792	0.239312519638479	663
0.03948452146259	0.23999809969039	663
0.059533532657725	0.313729147554875	663
0.0587547194469	0.373887500839305	175
-0.062475160036515	0.17803837732884	175
0.038405610953849	0.315982527529084	175
0.032691361973649	0.308623089826101	175
-0.056808229386033	0.148400372193608	175
-0.029156531960486	0.234290683268434	561
0.101150038119527	0.411509406820079	561
-0.056658683886455	0.143350884357677	108
0.082547583420547	0.228951344821304	108
-0.121524758167551	0.150125801443846	20
0.115425152692086	0.470394084464665	108
-0.045814729501734	0.129212568632992	108
-0.018059048614232	0.127322363548978	108
-0.046875787927146	0.141791651580494	20
-0.010029998352565	0.320819268278304	20
-0.110231513552396	0.126506491256034	20
0.091245123600909	0.307251330437882	98
-0.043465338012478	0.158400971047272	98
0.055470093739978	0.232140933195988	98
-0.005076031895029	0.125324204581164	98
-0.043437037401534	0.157938618505556	98
-0.046045481706501	0.161414398868614	118
-0.123720383554725	0.1042966314817	72
-0.120960438155199	0.120634345245998	72
-0.067306323231419	0.16771905037119	72
-0.055026032730239	0.160417624869117	72
-0.072281332386295	0.123710859555669	72
0.07339423154972	0.22972091851516	72
0.033694586318366	0.243258243520592	72
-0.115923228773426	0.119997619747378	72
-0.055523712348489	0.120404980971549	210
-0.014746424206588	0.217717688752244	210
0.057091376446148	0.239831655725878	210
-0.036943161989821	0.133779697813927	210
-0.053799599912982	0.150176652656044	210
-0.044430286103448	0.126964757484031	210
-0.079760815525171	0.140438153832648	14
0.067527410231104	0.226443376947873	14
-0.046534468717306	0.152941135236742	14
-0.050928742980966	0.126839366640926	14
0.046494857798334	1.30973401246483	102
-0.070152673173101	0.44426333918717	102
-0.115151833652298	0.176200179433938	102
0.044678917341569	0.386969643713212	102
-0.069555684635851	0.26163971075793	102
-0.089204111941996	0.205885544678653	102
-0.065374629976423	0.199275765584656	13
0.123369304003392	0.461941242920504	102
0.083405523462656	0.580349570208351	102
-0.117195575437486	0.139512442264641	102
0.090589785390275	0.237683804243533	102
0.022817967160815	0.357653917011161	102
0.043726624328309	0.304761298990635	102
-0.12365545662239	0.108068321263192	102
0.070879700396929	0.229276295115617	42
0.002220887677163	0.130232761207547	42
-0.016997009939682	0.229474388546238	42
0.0681775575618	0.413058468803084	42
0.045026832927589	0.215185440199985	423
0.053694572451356	0.307400089174556	228
0.103505493683845	0.238168099084871	228
-0.024187027331263	0.126274843057324	561
0.095025203171842	0.226791356035654	108
0.079086763529946	0.236264764570008	108
-0.025666326083471	0.119979229402085	108
0.100376903150875	0.227363655173843	108
-0.084028991313364	0.204154438007134	108
0.032135009507793	0.432161336272986	108
-0.054529293948984	0.217761173764826	108
-0.073797274535756	0.193821953794832	20
0.080295896035075	0.372344349631599	98
0.040262000329341	0.312491904460107	98
-0.066856613875373	0.143140297794447	98
0.112860750912557	0.323865786656148	118
-0.047140623751828	0.287450666736393	72
-0.017862033122182	0.132323320954149	72
0.071656713393735	0.364457269301716	72
-0.012546559126434	0.317806924750202	72
-0.02166095428014	0.128315381158564	72
0.102463834237013	0.235690576010447	72
-0.107129359141523	0.130319376829509	72
-0.055991973746393	0.233615349875743	72
0.108192117247935	0.395152016357193	210
-0.048287996830698	0.155036806564699	210
-0.020598863679269	0.298510137853575	102
-0.098203512440977	0.248147454433066	102
-0.065845975663751	0.182461317799778	102
-0.086598698242815	0.196028363130046	102
0.039271934550061	0.359163545492591	102
0.092687342688012	0.500825866525283	102
-0.064372255783116	0.21794847763994	13
-0.0658833874239	0.166455387360621	498
-0.077015425328518	0.265984952793392	102
0.032930320480679	0.223147195788686	102
-0.052369300941865	0.135796591164888	42
-0.041117085674357	0.125043904358134	42
-0.113262960396087	0.202899157345202	175
-0.090109944713447	0.25846607728701	175
-0.076157163081501	0.172496789283414	175
0.053499053508971	0.208937008573251	175
-0.050858291980491	0.268997005221107	175
0.019860540976498	0.421475683497765	175
0.019104618216167	0.236536057924394	175
0.044447726604134	0.238477576374008	228
-0.044427147237318	0.211074293436731	228
0.044991467067968	0.239792269677048	228
0.075512847728316	0.144973589171985	561
-0.032710430829191	0.297118467776806	108
-0.057693512565856	0.296094437522257	98
-0.074819180319262	0.158219442151053	98
-0.054463880238254	0.223588270474078	72
-0.100882603349721	0.207492076960129	72
-0.062474091238528	0.170490730189394	72
-0.012003704769793	0.130507530450232	465
0.066043387605014	0.135936878627479	988
0.006068605102935	0.227465790818214	19
0.037447998523818	0.141913077778187	210
-0.013030680597215	0.25131257128839	210
-0.121070976365454	0.113615051595867	210
0.082541251564036	0.142579937584235	14
-0.066007533563719	0.144590218927067	14
-0.060563077098264	0.21642823016766	12
0.024474990399203	0.311270990122098	12
0.053539747651076	1.37775358923128	363
0.058705150690286	1.16888926119693	363
0.045784227180012	0.856517588380111	363
-0.096591760141433	0.320189805379639	13
-0.121848742924132	0.235094925586379	13
0.090855399054623	0.529941560594908	102
-0.06255003286074	0.282787943114122	102
-0.092729288989922	0.185912879484924	102
0.076970414861515	0.493027722290575	102
-0.082220809420723	0.187067081334932	102
0.052009574854424	0.282067484595168	13
0.079147143936489	0.569154632377594	102
-0.040217907162422	0.264137636329693	102
-0.072648230637677	0.251931706144068	102
0.036146980155935	0.30164515600107	13
-0.073122084059957	0.217553388616661	175
-0.122065319406113	0.110232649648056	175
0.042375771519421	0.228336540814125	175
-0.041191318200063	0.141660886931075	175
-0.121706241751284	0.101309532372592	175
-0.053904427373237	0.131191565923101	175
0.105302112776394	0.360094302564739	175
0.020275362176591	0.307115000812322	228
0.022119868171256	0.321843705418108	561
-0.055437333265944	0.145345264130322	561
0.078383759732001	0.236606763007651	561
0.107738769428661	0.235989917713701	108
-0.045703479651171	0.135777063392494	108
0.063758218998927	0.222351136169006	108
-0.000942034097353994	0.130879528379277	108
-0.041591040655257	0.131547052580693	108
-0.018733559753573	0.130805405521371	108
0.041958726331711	0.466476841085037	108
-0.117833815057034	0.168229891958935	108
-0.017862033122182	0.132323320954149	108
0.108864868219035	0.32451170711834	508
0.031166009942427	0.357513347051262	72
-0.118950129437581	0.160557778540058	72
0.084024471885182	0.228114062851893	1277
-0.053198971283672	0.149085858073506	1277
0.066306622506732	0.321950769583736	72
-0.019710703696321	0.214724563483573	72
0.090686399760565	0.388408449322114	72
0.00222563123032399	0.135551391233222	652
-0.06090307748015	0.176823452686706	72
-0.04970520845626	0.131642811166921	988
0.068254996463671	0.227059331821349	988
0.100345380663925	0.225547876219049	19
-0.046299000504079	0.129607680552281	210
0.00948320746776798	0.136064553321708	210
0.050075839845188	0.233580281432549	210
0.101930369006507	0.310590656683616	210
-0.033502668863444	0.128569947627059	14
-0.089552883730001	0.145955593442176	12
0.027971581359211	0.351817968465718	12
0.00303529549789899	0.24391604943261	12
-0.092161380153935	0.301121611846336	13
0.03877140377804	0.567080365005531	13
0.07434607508139	0.480948589720319	102
-0.030801153466034	0.291936376952237	102
-0.116993073986468	0.129799313292199	13
-0.070393348533986	0.189811892632165	13
0.039649554598696	0.326090578301527	13
0.031234158733398	0.387292515683686	102
0.016236459434549	0.340258279220378	102
-0.070215582929738	0.157761641870582	102
-0.064947858104337	0.154122231852709	102
0.025733301556046	0.326747374163596	13
-0.06858866076672	0.125072467797116	42
0.104977263046939	0.314813666400349	42
0.027709960577721	0.346796970322797	42
0.026746207494873	0.355892122415179	175
-0.029474105684462	0.241383134807916	175
-0.048608515539002	0.145646018064898	175
0.084621873404072	0.319557947369122	175
-0.0145110051106	0.255964370603333	228
0.097564607269444	0.322234682767699	228
0.107796395906375	0.324102855842927	228
-0.100640461956961	0.146958235430419	228
-0.066323820001636	0.147572093061287	561
-0.031481023225402	0.128942968409518	108
0.118139384682255	0.227846750198703	108
-0.055606924225617	0.216112385176928	108
0.053439269328378	0.349053912859877	108
0.098917571906765	0.233909477693338	508
0.042709363534362	0.236866780776661	98
0.085207451970243	0.310407942968297	72
0.087816517326194	0.311167175693102	72
-0.063561021606481	0.169581342767758	72
-0.050826132490769	0.136219193551021	72
-0.059320082145029	0.162289605977775	72
0.082162136402372	0.297053784830843	465
-0.02716476748532	0.133932735310731	988
0.113132704561664	0.312465241822443	1172
0.09508107438601	0.220402239592167	210
-0.043179908095148	0.119191735735395	210
0.107154347903409	0.291987791432132	12
-0.004788459106843	0.12697096612789	12
-0.069216186075722	0.157080521886579	12
0.012306174013667	0.234506694202477	12
-0.037844098589988	0.453536128210022	363
0.10027454412897	0.631939349996977	102
0.027620390357019	0.390062542319305	102
-0.075858883592703	0.239099608333876	102
-0.123568774822509	0.112488055984406	13
0.013180618902823	0.359842105642389	13
0.115731646453483	0.521598305333519	13
0.123987274619198	0.321655101044966	997
0.096048016830215	0.408538764816092	42
-0.009785667549355	0.278775433235735	42
-0.00261052114779201	0.212669714900003	175
-0.107999991206375	0.134933165991796	175
0.014685321358304	0.302680738089143	175
0.096070164263452	0.375280519202656	175
-0.111446609598414	0.149198739667725	175
-0.016516764068609	0.307674498042479	175
0.052299346965577	0.40584377530752	228
0.103727443743589	0.366512985410943	832
0.025978839039496	0.38174143767572	228
-0.058671469228333	0.229507610251446	228
-0.090823774710474	0.180518766559741	228
-0.11332573011015	0.139993952344759	228
0.013840731331182	0.24214325617651	108
0.000730159688231979	0.250757883586462	108
-0.052582393382677	0.163382468844455	360
-0.068525119060819	0.204287775881593	108
0.121646188609393	0.441123643970312	98
0.038380465975072	0.22102539695055	98
-0.038937729707448	0.147723960020726	98
0.033058562061702	0.231288812216881	72
0.09179274592784	0.363769559724171	72
0.103590021399931	0.231436850731575	72
-0.044716490355526	0.172332534197587	1277
-0.065731251032252	0.175425107133953	72
-0.061425541277174	0.167208129684646	72
-0.056259730920921	0.166297944837231	72
-0.01675721401098	0.242186523239722	72
-0.048776243650894	0.120308005269894	465
-0.051680376603983	0.161999297226848	988
0.120014708483398	0.326731519603185	988
0.072921919641	0.309649394184716	988
0.033098158368268	0.220846257204401	19
-0.016087245342459	0.131364809326489	19
-0.039004461821884	0.131864170191579	19
-0.0492492889741	0.140486011862339	210
0.123464218801842	0.321608882374407	1172
0.04997715529664	0.234410809606006	210
-0.046908525006307	0.147043024883646	12
-0.015600574811129	1.1256723208384	13
-0.060238114300319	0.574007630676464	13
-0.121677104883377	0.399969660374248	13
0.112420477636487	0.923071653802117	363
-0.02863675157565	0.305400813191071	102
-0.060797358483465	0.317092373608004	102
0.037348595182832	0.442805691408904	13
-0.073450764755323	0.22682294022279	13
0.068068897967969	0.582848832964411	13
0.051665008939175	0.454704960527809	13
-0.0349605959252	0.299719130561765	13
0.114512136473926	0.467495525214292	13
-0.048273521337348	0.150155002059663	42
0.040389343254466	0.312810813384886	42
0.097819606739191	0.445199468002481	42
-0.036041364236626	0.328545815201402	42
-0.058065654628639	0.271338168282861	42
-0.028781428401129	0.2420177198039	175
0.074255799390579	0.444046783641208	175
-0.00284115779005001	0.241066113098756	228
0.062065483987189	0.295798975350148	228
-0.057291309245526	0.148981888296152	108
0.052457005755276	0.231166164747982	360
-0.048109035678059	0.162089017376251	360
-0.081814312383417	0.156727706123906	108
-0.034671909725951	0.259441995281057	108
0.054837784080488	0.233833946272653	360
-0.024019166007624	0.284089429654667	98
0.061835357015729	0.317070928397832	72
0.072273133783833	0.396549435052738	72
-0.046635098847775	0.222164573409162	26
0.013810734249123	0.236280443849329	26
-0.077807407123458	0.150845890077584	72
0.086297453034459	0.229010130998035	72
-0.00173158076968699	0.286467408430355	72
-0.110239509165541	0.140397216061115	72
-0.124356596699842	0.157968778903742	72
0.040399731209641	0.438337982656116	72
-0.033533266724385	0.125472395857391	72
0.00184169769468401	0.230580915390698	72
-0.069468664453823	0.133906688683258	988
-0.030355778391496	0.119233364284696	16
0.071858402196286	0.141542550719801	16
-0.055013929288584	0.153895510816705	16
0.057553911381297	0.389521476453572	19
0.118468650571677	0.317939413486227	12
-0.118160636478004	0.120019424966508	12
-0.078481794154434	1.00319105564549	13
0.101247477719683	1.87073009810284	13
-0.077944023544381	0.490895486656314	13
0.044619220454764	1.10775495209694	363
0.068446063900768	0.927934631585447	363
0.012984274244351	0.580337162098658	102
0.075224506943879	0.572846853782778	13
0.120309589984954	0.619005396719889	13
0.091518041163773	0.321130152674426	13
0.024911746268106	0.403837813445097	13
-0.087823341975336	0.23506389432039	13
-0.073197848351404	0.329105044337439	13
-0.035837829574674	0.312700532140947	13
0.041750457257565	0.509541094950128	13
-0.092015144121497	0.288288570349012	13
-0.068837062001583	0.172146731859242	13
0.118244751343016	0.327859025950364	13
-0.106461612456198	0.172085708777927	42
0.068671776321896	0.402199621690822	42
-0.050491353500024	0.250222156535452	42
-0.119544512554051	0.188658669604336	175
0.089105476976963	0.232204447854706	509
-0.010615114140785	0.132495352449895	175
0.067124918422657	0.492758903021585	966
-0.061359483231362	0.223519569540674	262
-0.063508958788475	0.15159703055127	228
-0.013502291148754	0.333851456312086	228
-0.123939681738157	0.116866647128582	561
0.06490922440248	0.472982511169251	561
-0.056375827380103	0.124855626315482	108
0.014992248839609	0.518176751134467	108
0.106417920152907	0.724744908330238	108
0.000945239132627007	0.456558772025066	98
-0.108399582637197	0.182462068782573	98
0.040028503350915	0.40693554760439	98
0.077049604181653	0.498929077281538	98
-0.106369480649233	0.137615520257493	98
0.013659266284026	0.283553591387061	98
0.047029257399195	0.310392432714985	98
-0.002335634009966	0.352832225440928	72
0.048794249210257	0.413786969266314	72
-0.053371202234758	0.188101943606895	72
-0.011992396608032	0.342618495933515	26
0.013289000139969	0.402837619684002	26
-0.045290308723647	0.136072867666305	26
-0.092419994492888	0.203367234152469	638
-0.054344899628552	0.282063243652714	72
-0.04926815369008	0.138568364883917	19
-0.048016572461774	0.151501723912563	19
0.030608553010821	0.207088771720794	19
-0.040383348417363	0.136718101402872	1172
-0.123790042281474	0.106238197164897	1172
0.058832329559188	0.325987578694088	1172
-0.062523541569495	0.12129100200895	12
-0.062599942152485	0.200088127294445	12
-0.107286835788974	0.151733516727537	12
-0.072929156095024	1.10161263076718	13
-0.067615267684897	0.755998162136089	13
0.018304069196358	0.817904153885062	363
-0.101105909264453	0.301620911913104	13
-0.057306382555767	0.390140790388894	13
0.071274979215804	0.624440688571663	102
0.052162504617554	0.601912555543011	102
0.018591351185508	0.401880943004302	102
0.069444893746955	0.557848202208423	102
0.057730334451788	0.510478762406398	13
-0.054586479916443	0.320307877974196	13
0.068635946353359	0.453646636367215	13
0.029577810568817	0.396192517440784	13
0.087058212385146	0.515801392504953	13
-0.068484386937436	0.153677798019421	13
-0.06689516487442	0.171192870863979	13
-0.094681477503729	0.178233349277841	13
-0.113397068999238	0.13452518259148	42
0.06933476097622	0.413277643926814	175
-0.017741388116344	0.282312695709029	966
-0.073462694911307	0.150661717639385	262
0.095334467292555	0.458525984966182	175
-0.114916433477619	0.152332009240836	175
0.047919800686811	0.390621121633663	228
-0.07274052583437	0.196797767442272	228
-0.020907938598601	0.24552510049339	34
0.078225138642133	0.309439492841426	34
0.062818383160786	0.330435048609642	34
0.115803432772304	0.450135317017725	34
-0.124818758408003	0.1099966634834	34
0.00645560544023199	0.21816250784912	360
0.110256067994024	0.328610035864139	108
0.055950417121866	0.372234414471508	108
-0.083389358476244	0.193788079811358	360
-0.078735606145772	0.157382231167429	360
0.108816244125278	0.450219405016133	360
-0.060489290968238	0.152467810784901	98
0.047061049544168	0.322961310334586	98
0.081366894469406	0.31686634751114	72
0.054130404546369	0.332944951148107	26
-0.048869365314473	0.141538528169223	26
-0.00947273608381799	0.225880749169477	72
0.041777146826362	0.312052854296761	72
-0.063250096714381	0.16851335726744	72
0.017827519877627	0.224071658240179	72
0.116434258506626	0.369260477774272	72
-0.067799027931893	0.159575159375169	19
-0.046511424363398	0.144574150839292	16
0.00516795540076098	0.243827138139103	19
0.097867328758203	0.324992482315865	19
-0.048096128919234	0.131155262546651	1172
-0.048329270662416	0.173112122125687	1172
-0.021075955423502	0.124620625167893	12
0.042045707521906	0.236814123661899	12
-0.01440331556199	0.235277377497197	12
-0.117050015595008	0.355860673154585	13
-0.089224710386146	0.477794963576442	13
-0.108579418941708	0.400541358254397	13
-0.062331193095627	0.275903635386176	102
0.03764793853061	0.588079921508861	102
-0.084078163961352	0.256108048259612	102
0.011663817669461	0.416173813176396	13
0.038714094912651	0.474793071454738	13
0.072275228211846	0.424339578127606	13
0.082767697487334	0.565841973140784	13
-0.014699667065159	0.306985762268642	13
-0.119892515608435	0.15185147701629	13
-0.051389516420575	0.263052459428141	13
-0.104385665951507	0.212139639476525	13
-0.106043163495956	0.198934044409682	13
0.032813524890203	0.41854797969771	13
0.086503016234461	0.508500349391943	13
-0.104433687625572	0.166319022332768	84
-0.038963304365707	0.253853324354793	84
-0.100566903324015	0.168548795952642	84
0.023217480858875	0.429201071173546	84
-0.084049366454289	0.226460652530803	509
-0.09669862340791	0.196870737574804	509
0.049308544330685	0.45597519698561	509
0.089913921240049	0.516713129153582	966
0.084790434773189	0.322128513730974	262
-0.110660127092187	0.182836103868387	175
0.030461735596007	0.374434421118872	228
-0.000868978178258012	0.24366516721186	228
-0.018986667474097	0.253816199816393	561
-0.089790883756293	0.204248913292496	561
-0.079860258459545	0.206366757307881	34
-0.065819380916864	0.23157014124152	34
-0.042968697805426	0.252891222562026	34
-0.113792190833641	0.155666054223642	34
0.021424123684584	0.353677394591427	360
-0.049590851401374	0.280443138054798	108
0.071625559160677	0.412770081945941	360
-0.062746168976295	0.278688934454559	98
0.122991286390048	0.30734439267522	98
-0.034076664897558	0.23355985269296	98
-0.111416357005767	0.144107467525986	98
-0.00860644706220401	0.130056500628137	98
0.033287605283092	0.236894430008004	72
0.100694641739952	0.508376381771004	72
0.064833772190201	0.302435162813	26
-0.051951843733128	0.146397925032605	26
-0.12456001722277	0.112579364514194	26
-0.08920700839761	0.199719001014821	72
-0.076949390886798	0.177009910427321	72
0.080756815917066	0.37893920466398	72
0.058257673092399	0.331844783727029	1001
0.061045428461707	0.303475656949671	16
-0.120326394152655	0.116182398412671	19
0.054081469631639	0.228335899976285	12
-0.020994739418834	0.130504014631649	1172
0.048651368204634	0.219828791190618	1172
-0.053593152584768	0.136649184700417	620
0.055366084410135	1.24176810555562	13
-0.109514992268937	0.264256235749807	13
-0.067689513261698	0.306503633406974	102
0.124741792498571	0.696826380722535	13
0.052730055582792	0.518932230009289	13
-0.076082305158874	0.170707324217374	13
-0.019500696816192	0.292313159320777	13
-0.05540962392107	0.277130247842172	13
-0.006629430424484	0.259821933318636	13
0.095226955339589	0.496459824755672	13
-0.11071597997244	0.15449527954758	13
0.054796502646654	0.49999532933473	13
0.058877556248013	0.461438447367649	13
0.108655421274704	0.63418745825867	13
0.099165360149685	0.40820124657773	84
0.043433810628756	0.2113647824832	509
0.024545786388336	0.312447524523854	509
-0.120834982561171	0.168118742995632	509
0.01905524487685	0.420212132980086	509
0.096729130667828	0.50305705030636	175
-0.103474818037877	0.198341557720981	175
0.055281617480691	0.399090848744462	175
-0.056341057649828	0.260298708569942	175
0.077397595764244	0.225503692410401	175
0.064258944612513	0.326810632829753	262
-0.055147630659075	0.137868399325814	262
0.096116304232185	0.231503439683389	262
-0.034205413870014	0.266564544705023	228
0.00546022753813102	0.40008078879293	228
-0.124404768636024	0.162784790275426	228
-0.029127369596911	0.264160866069043	34
0.00964222676932602	0.314747733817948	34
-0.05713040662983	0.217429578056836	34
0.103753321098105	0.454728146300963	34
-0.113988862955748	0.142914400095003	34
0.063614190278895	0.452590537158171	34
-0.102667634909035	0.169186134977503	108
-0.020248298946925	0.303397991209094	360
-0.018937413675935	0.123955395756885	98
0.102470173013043	0.229286015837116	98
0.000301597923065999	0.134167981221337	98
-0.044088399771026	0.134012394838308	98
0.080217385997133	0.231865760793529	26
0.063514843602821	0.22093622901564	72
0.111720831954285	0.545450797517466	72
-0.051579157348537	0.159409886514855	26
-0.041949093026227	0.132773771713571	26
-0.115295499111971	0.13848595824161	26
0.123713189495901	0.494697663333185	72
-0.040959502302915	0.218597032989857	72
-0.058030691818646	0.238914553679106	72
-0.065287401774011	0.202655775289055	72
0.00367257187701497	0.211519571421199	565
-0.057518482173538	0.160710128792333	16
-0.061300125329152	0.179319535913612	19
0.071778913802155	0.229977326239839	80
0.074292404771689	0.14592685481026	1172
0.033838060770483	0.140776492418299	1172
-0.05636018083418	0.171291390878841	12
0.082884252223007	0.402525082789196	12
-0.059275944121427	0.167843305039056	12
-0.10958822124336	0.770830262195312	13
-0.060079453020567	1.05709826084492	13
0.108173151206258	1.94766125083842	13
0.095111018762803	1.72746124093486	13
-0.109372287566475	0.422647865526843	13
-0.11964766254103	0.233973794715463	102
0.070325341796496	0.624311723884527	13
0.090760019897641	0.65205145147936	13
-0.047886489930332	0.293176942999673	13
-0.00627237514290099	0.328391485303084	13
0.034945924814768	0.39281569879102	13
-0.106604803848424	0.186954524561877	13
-0.01371539309117	0.360437094162901	84
0.08655854146841	0.501571566960438	84
-0.067792459485631	0.279404710146688	84
0.060934511508259	0.305311330644292	509
-0.00879537634588001	0.346831431728663	509
0.00396817022205598	0.248666266865214	509
0.016825253185065	0.224927907585806	509
0.015905635999323	0.459073091374432	509
-0.118155712380148	0.185980542467918	175
-0.00979582930157799	0.266106472763008	262
0.105421008083974	0.306169868867064	262
-0.117550970154933	0.129491355891827	175
-0.022974055981086	0.334087777111497	228
-0.047169164646774	0.275896502378693	228
-0.005562302321029	0.344289290626445	228
0.019749409202363	0.362702994730416	34
-0.104951595078618	0.186291546241874	34
-0.024879670935582	0.288229244736026	34
0.096091298487819	0.568124221614545	1088
0.03635834911407	0.138398008821889	98
0.011985199602641	0.328686809541173	98
-0.058424538156803	0.134060288092528	98
-0.057043477386571	0.187719643882368	26
-0.000189580744618001	0.289659722845515	72
0.102043279546083	0.517073455893049	72
0.059107028649472	0.299349526883123	72
-0.00685689473293699	0.247329764857003	1023
0.072747913303963	0.326519584195892	1001
0.065124354573329	0.326734029077918	16
0.095433472179759	0.325765795283878	80
0.046817375280952	0.234493579523806	1172
-0.054698762553784	0.178731412067339	12
-0.041497054640221	1.86711152132766	13
-0.076022391165857	0.691351951940537	13
-0.094947577837126	0.501809904701699	13
-0.063853458651878	0.485144235685914	13
-0.020992838617625	0.378842605246215	13
-0.08368489963115	0.273716670353964	13
-0.005416481798344	0.243920456152974	84
-0.039444877212888	0.295525100582684	509
-0.059208128043243	0.32911455507851	509
-0.073999145238524	0.227081101525941	509
-0.108881965199846	0.144660808335303	262
-0.01498593786268	0.26596101085257	175
-0.00308667514623301	0.387834622877947	228
-0.05188429764895	0.162476263090729	34
0.035145451500785	0.318229408027673	34
0.123882330595783	0.235191834797941	34
0.04035432590331	0.222162288677343	34
-0.030373081267865	0.140628249037034	34
-0.04147421007753	0.138923837147602	34
-0.064370070761494	0.138546869536089	360
-0.100829212433918	0.265656785619753	360
-0.047343626592283	0.145083258457668	1088
-0.050660365452473	0.144772241764919	360
-0.056078287828964	0.153819623847342	360
-0.046329847824522	0.38981642020384	98
-0.095601764304988	0.181054952380746	98
-0.011966065327684	0.258779219924782	98
-0.06579379249753	0.180541783751472	98
-0.066026627552796	0.242226992293568	98
-0.068043855248331	0.174091334662405	98
-0.035622994119874	0.245643314371195	98
-0.047151954902309	0.231535805497379	98
-0.059102964396403	0.165536925303934	98
-0.124192575034794	0.0997067731634463	107
0.104519425810855	0.454998209340506	26
0.100281763344427	0.497453674595744	26
0.066618335834636	0.462361091699379	26
-0.093312998637063	0.218765278649397	26
-0.016328951490753	0.346220946030247	26
-0.113404973801503	0.210936218035358	26
-0.120803948940816	0.104433899395843	26
-0.041296210658511	0.274323256131353	26
-0.044973724506679	0.250739535174373	26
-0.105578131184553	0.194922931146664	26
-0.051525004530845	0.131780134933574	72
-0.084715031571399	0.195992650130868	72
0.029528992175682	0.13661704941247	1023
0.054728540159639	0.228392176640525	565
0.123737946170376	0.325005758386915	16
-0.064815520206659	0.210891661621339	12
-0.123935897842303	0.113798051579872	12
0.056581139916138	0.232704842615559	12
0.034308555129933	0.422239373843392	12
-0.105382827480249	0.15694281131012	12
0.108612274855413	0.478834988096423	80
-0.061781460345923	0.157931129040805	1172
0.051488805234501	0.312244473204771	1172
-0.054532445722945	0.190745602420258	1172
0.059695415964896	0.419273312616246	1172
0.120861140933786	0.465015756624102	1172
0.081070747638323	0.417619404351904	1172
-0.087312454231835	0.170868129932669	12
-0.101774373552015	0.139973683397869	12
-0.106102183472745	0.157684426837414	12
-0.084375157862989	0.490157900067826	13
-0.085487250229355	0.486396497401819	13
-0.106765132782516	0.26496557552164	13
0.048965337705094	0.516992175261175	13
0.121510862571733	0.639877365239594	13
-0.00605328274019001	0.36426551259579	13
0.051118388643952	0.435165501677992	13
0.096680302603466	0.562051948034772	13
0.029658485597574	0.501683534805449	13
-0.122644462220889	0.217943680666307	13
0.038877928412888	0.552971292899416	13
-0.057846878429031	0.283446410276064	13
-0.02638890051707	0.363027032159049	13
0.086007017968425	0.482556288715567	13
-0.110926048795201	0.128280718909294	13
0.060890185155648	0.31790117201616	13
-0.121707503929565	0.112432857336603	13
-0.055791092663471	0.183342836691997	523
0.115658364192749	0.384429869543081	523
-0.084301705959658	0.184466663252864	509
-0.064728875714368	0.240338582081446	509
0.024114221148931	0.318430089284669	262
0.047154811271842	0.311949286290324	262
-0.061844107320256	0.172911457353095	228
0.068688834238584	0.398129448563002	228
-0.016585907654694	0.323939711000652	175
-0.02003866395817	0.236697391330564	34
-0.064123994882308	0.169988980961686	34
-0.066698239508312	0.1530331783276	34
0.012980216162239	0.234989928662661	34
-0.078554586802847	0.216086660698571	360
-0.062831016272265	0.152847995650021	360
0.079966278008638	0.316492856979644	360
0.034175717730199	0.363875700429037	98
-0.123622503901965	0.115803141975426	98
-0.071114321096867	0.194534674189033	98
0.00715547000606298	0.22837896411558	98
-0.069655397210842	0.17898748884308	26
-0.019765791952496	0.273504366578814	26
0.087306093036629	0.481772628727735	26
0.098270335198491	0.396359373733461	26
-0.062047635159737	0.221642152723034	26
0.020655936554164	0.316184253004492	72
0.083067669736739	0.403976476218964	72
0.084547723175454	0.232161694713979	16
-0.063424004377703	0.169855107977951	16
0.087371045695237	0.319502628655487	16
-0.070351087071958	0.157015222445414	12
-0.050428681112545	0.138962281052342	12
0.112678603601302	0.331662703034682	80
-0.063040539545441	0.176100975173982	80
-0.065433474877527	0.162620444392801	80
0.022133814151788	0.236494463573377	1172
-0.054298275282627	0.181101585308457	1172
0.053716532634999	0.233767543817447	1172
-0.005662399413045	0.237833467185695	1172
-0.062022460818286	0.144372577955252	12
-0.055885317010393	0.139383557030032	12
-0.06179031068986	0.15780472636536	12
0.028481327440113	0.236951805884586	12
-0.116079584539458	0.928736829109956	13
0.0711676779729	0.658200992491578	13
-0.116372991880716	0.189408417647804	13
0.09331112599642	0.710287154635254	13
0.092887547843297	0.611224003182346	13
-0.032325194710869	0.430488065825575	13
0.082886363781861	0.547295527723345	13
0.053487087059826	0.489802311058978	13
0.113238382373916	0.402279667574275	13
-0.000777093268574003	0.324221947243918	13
-0.120144388745347	0.115374064574481	13
-0.110617430032045	0.121500571773051	523
0.051608974243021	0.296856611647721	523
-0.082225638676378	0.2230217770631	84
-0.087069365034391	0.192005639508303	84
-0.055989634566677	0.239181980952873	509
0.095037852932668	0.38950834592969	509
0.087770123838846	0.37136014039685	175
0.12476845501796	0.492536069441412	262
0.022783937396522	0.335257123935483	262
-0.013460340492735	0.312210271324077	262
0.019631885726584	0.337842658136905	228
-0.056417980067646	0.263689054697093	433
-0.043446938033237	0.167653228866331	34
-0.067877739579537	0.162470505385556	34
0.016696947911234	0.235491421112404	34
0.122089018383825	0.397643095274776	34
-0.00631440517564399	0.300376040340924	1088
-0.021452324905898	0.260641954933523	1088
0.042744157420652	0.232905921335399	360
-0.00535848070957501	0.39505405204954	98
-0.037067634357915	0.233224019289895	98
0.043164318477447	0.329150185297367	98
-0.000859631419827006	0.228004786894856	98
-0.070359667635314	0.176395777905525	98
-0.06104387381223	0.144470717928346	98
0.102883942121402	0.382034201034518	26
0.027024838255569	0.32465230685835	26
-0.052577431686763	0.164649364961857	26
-0.077140302858611	0.183514199159091	26
-0.003842703118489	0.277253565719946	26
-0.105338139184494	0.166936938807342	72
-0.077850368129051	0.133063140757263	72
0.024085101959987	0.350518942426794	72
-0.042339411165594	0.248032635821268	72
0.011571843879553	0.130070945588808	16
0.08623707345795	0.427581099128134	16
-0.05736881420925	0.221043926696657	16
0.041000330054921	0.226013853115302	16
0.104183975006248	0.391705216832753	19
0.102994533918721	0.303372121969292	12
-0.098398712968387	0.183706153986396	12
-0.073315860887534	0.170876111284432	12
-0.062991422200554	0.176771924054436	80
0.108653537732404	0.326065250632614	1172
0.037104051858813	0.299448861568999	12
0.11312706544737	0.31642016466697	12
0.065717626614227	0.321411029682442	12
-0.00404295485386699	0.222091472216721	12
0.124803846416448	0.390864043143474	12
-0.117677262476596	0.760024766074095	13
-0.000667620991963991	0.485910583468319	13
-0.024515676444772	0.392021053504236	13
0.10215953776142	0.550624901273394	13
-0.115109504578413	0.166003796480484	13
-0.065913548710114	0.21678657687159	13
-0.114356307933642	0.163827545944661	13
0.007239318968566	0.308362983545291	13
0.106247655748364	0.485643521273126	523
-0.114772991370393	0.160906347621028	523
0.020503795838413	0.410774183968335	523
-0.076552270483097	0.197173268098767	84
0.031553447179586	0.340861297910678	84
0.108197293236557	0.446686026454187	509
-0.103851949790381	0.169116261162581	509
0.070704872605677	0.397627605503505	175
0.10329793719028	0.410167572258398	672
0.106335755990173	0.395338842564964	262
0.077206014664024	0.40295823845178	262
-0.123588579771171	0.119060920220123	262
0.0214817360046	0.241809295105806	262
-0.068623316032585	0.187240548856712	262
0.100745360836032	0.465950646018947	262
-0.042687388026705	0.263991487446005	175
0.057830664292782	0.390674536752256	175
-0.121692337490539	0.146416559147222	175
0.021921243112557	0.282434828651018	228
0.11641258511743	0.487775255493815	228
-0.052173204620163	0.230226850505238	175
0.022047379460158	0.3711141275442	433
-0.102954557541567	0.154444232430064	34
-0.083215763379828	0.158206133646006	433
-0.113982149413057	0.123029943671796	34
0.072034794324754	0.402807360682035	1088
-0.000659927584549996	0.340209468852692	1088
-0.00284115779005001	0.241066113098756	360
-0.094490200353124	0.176425565563022	360
0.050338338634459	0.373039704319633	98
0.10753665135624	0.322319439513615	98
0.111860839622216	0.330146297987128	98
0.045339124382702	0.238444421424456	98
-0.074428467367555	0.14530770406054	26
0.123755478143043	0.37691664615239	26
0.086610288794689	0.47599331847729	710
-0.081744374812305	0.165734218812463	26
-0.00822522342744	0.273800038203565	26
0.038528998355212	0.385399617659185	26
-0.017683709183698	0.22657701387741	72
-0.022163037563366	0.204937014514842	72
0.094629530259917	0.388148948659673	72
0.092822088312318	0.376569368018011	72
0.121002086201477	0.394219644296547	72
-0.006603960561815	0.267840960727892	72
-0.000538978051965011	0.261903591767469	72
0.081886289419293	0.324013086730173	72
-0.013489049181242	0.268850208129757	72
-0.000961937420681014	0.237991000581126	16
-0.071862675155618	0.175048239613156	16
-0.065268115932195	0.1357423020972	16
0.027137250086799	0.224008840945061	16
0.091645233072879	0.40383662267133	12
-0.078970345688649	0.133712680943585	12
-0.061327654678747	0.13978121387522	80
-0.039011139602386	0.125469965933226	80
0.119841270674093	0.317578529565716	12
-0.052018328216763	0.123330666414068	12
-0.06097795392787	0.33956621905465	13
-0.019736175902806	0.468572684597439	13
-0.006010239883944	0.393582164413585	13
-0.00662016227147999	0.378635664501031	13
-0.085452099362985	0.176645075250297	13
-0.089627099946864	0.21921485775473	13
-0.091230726368382	0.205860649969419	13
0.020921140618322	0.409874574109148	13
-0.117506377309464	0.178590911372252	13
0.035375046585099	0.372963867014671	13
-0.119923016302761	0.163592542241181	523
-0.021218310521333	0.280892392647356	523
0.021990600111016	0.40944675864757	523
-0.056015650065679	0.150552247796079	509
-0.066419077647107	0.149637082927522	262
-0.061478086970165	0.142707947111698	262
-0.122653466021047	0.147749523201754	175
-0.119664334465266	0.142572824817341	175
0.078138368643358	0.381986312956283	433
-0.051869488512285	0.247283191219867	175
-0.083845996978157	0.199441671534684	34
0.116161523046668	0.473594479919499	433
0.040645961783189	0.334825788055923	433
0.08881403150016	0.443352852781341	34
-0.120623825741817	0.117251360332579	34
-0.049661295767037	0.225630408896669	34
0.01691807542813	0.344452917643085	1088
-0.026234856629259	0.283731998768274	1088
0.059405556309562	0.414037200202114	1088
0.121097712475077	0.46317537743052	1088
-0.087087739273977	0.185976189369072	360
-0.123085157314924	0.129374780477661	360
0.035628344186108	0.223541558654847	98
0.043175011162916	0.229658624964164	98
0.080413266836689	0.223534880376315	98
0.007754554709901	0.136581409315178	98
-0.043905791456004	0.133382822668932	26
0.061260972618095	0.33000178321367	26
-0.053891830275057	0.209336633357491	26
0.043327259913686	0.226720008520411	710
0.03370444936842	0.319367865471952	26
0.091678510344257	0.389671655712801	26
-0.019660244601586	0.231314047056873	26
-0.107428285690605	0.149489243801152	26
-0.071626576363981	0.170093954351388	72
0.017900873659809	0.306275318000368	72
-0.117847042714737	0.133253611542455	72
-0.048493740668738	0.1628670521084	72
0.066423355107459	0.314806130490395	16
-0.069573006381507	0.17474427110931	16
-0.054635969749949	0.186048156038945	16
0.083760378490204	0.312746339346282	16
-0.06693625013176	0.160620883175608	16
-0.062448188176521	0.143858085356881	12
-0.059287804006591	0.136761702739744	12
-0.052114699735648	0.122499253388403	801
-0.115495795995826	0.28993277792014	13
-0.1232432173405	0.318894405490773	13
0.018539390217675	0.704492731031116	13
-0.083608686654173	0.301727565823763	13
0.022473237500854	0.441493769507595	13
-0.043342732928392	0.264625610216264	13
-0.069501522627944	0.270114149492984	13
0.010945856616916	0.493670838816242	13
-0.079279826850619	0.297518366503617	13
-0.08995608835324	0.276073512429085	13
-0.103546027246669	0.238361031227647	13
0.056040852975368	0.546121999041092	13
-0.02483484399448	0.310692017912362	13
-0.080965989019748	0.260273120641243	13
-0.023401774079701	0.277926988383666	13
-0.118685224652354	0.165048779509519	13
0.05268456573828	0.454231457050906	13
0.022078745246641	0.362809615492032	13
-0.063300494141604	0.246424562254705	13
0.058765080295964	0.46209479163425	523
-0.052700975981744	0.280353215006346	523
-0.006138043686991	0.378781391066063	523
-0.074723194638186	0.181136363048644	509
0.006374723725938	0.22132687965883	509
0.027440645138288	0.376987164161861	509
-0.024078415331194	0.305114418005233	509
-0.056151941959453	0.254372698847206	509
0.099418635771134	0.511177882205748	509
-0.100781791827559	0.134727334341948	262
0.080162988781387	0.229288602768876	262
-0.074119983058537	0.246090022220666	175
0.057528826321647	0.426057427397302	175
-0.091747193636578	0.186560956818692	175
-0.094086030601378	0.199888305875112	175
0.107546100890257	0.462439964794034	433
0.100622138232916	0.457399948916951	433
-0.08531308287474	0.23016488194139	433
-0.093604471893282	0.204831070770754	433
-0.085186195520861	0.216356256367077	433
-0.037694098326414	0.303931580504101	433
0.100358133442365	0.477167638961003	433
0.100337964289258	0.461751413926972	433
-0.074379892351997	0.253131767019085	433
0.038207787370745	0.383424001495382	34
-0.106689482863451	0.183815903982909	34
0.056662360243044	0.434837545894371	34
0.10848258024481	0.594488948822568	34
-0.095671192667414	0.179536101162433	34
-0.091526535290426	0.191582036502961	1088
-0.012361498163941	0.33528238860694	1088
-0.092069171885859	0.150889684208002	1088
-0.111963906061059	0.172129810993401	1088
-0.095973982189084	0.194765861488932	360
-0.051835473693368	0.231479584633	98
-0.029473378477225	0.141541999719058	98
-0.112297616463109	0.122389044312931	98
-0.005542374407314	0.132061929716989	98
-0.055887879903823	0.151714981113932	26
-0.034653651915752	0.123678701455854	26
-0.038019238274135	0.137821912993759	26
0.039748318031285	0.240274408867095	710
0.064851678261724	0.420555052291426	72
0.11551861349092	0.488563883413063	72
0.020817384595519	0.347705565761817	72
-0.017837781303993	0.24177008583213	72
0.083322080875003	0.31915053130434	16
-0.009817922146452	0.254563988371411	16
-0.062982938017023	0.204225685418942	16
0.031977670670851	0.220886752159721	12
-0.046731678519072	0.150232199654083	12
0.00871439673535701	0.136885251186522	801
-0.041469413435237	0.144490995305036	80
0.024055936752635	0.129890658196272	12
-0.066660380239847	0.157905483671131	12
-0.105563557964435	0.40097964186279	13
-0.070783036689618	0.44370312195855	13
-0.039297675118191	0.505302120540247	13
-0.018200528638054	0.580677762356788	13
-0.014262155832828	0.586335388010158	13
0.030807401235345	0.609957231127707	608
-0.01160200420523	0.415916737810925	13
-0.08108793054818	0.292537704092456	13
0.0000226811042889907	0.459281243922633	13
-0.100441614768898	0.208992035066816	13
0.040109871532617	0.442357505435743	13
-0.032064811138296	0.350440985775218	13
-0.066133780404896	0.269865925019066	13
0.098203943176491	0.464589285062528	13
-0.103623477179385	0.192278415148116	523
0.074731510102476	0.465455509416285	523
-0.110444302874305	0.131115683422516	509
-0.100110413644646	0.16463521224082	84
-0.11919475980983	0.161967165604081	509
0.114515235294077	0.554915864624223	672
-0.075710939415182	0.201831361903548	262
-0.051194522890987	0.143986813911679	262
0.121762521511059	0.33078523316223	262
0.068867017472978	0.52726323827798	1733
-0.08594689619957	0.19871693437815	175
0.00200609240523503	0.353503887373566	1733
0.056104660977945	0.362547286246235	433
-0.046739321689496	0.279626683085178	505
-0.09552125711375	0.173228216815434	433
-0.055291908805368	0.228969510239545	433
-0.111721023096441	0.183443436791272	433
-0.032625029950061	0.296143099026762	433
0.00321201738336102	0.351426926258996	433
0.07779530671713	0.494314388159383	433
-0.019168543204655	0.282305484254979	433
-0.03302811541852	0.292558710213076	433
0.036888973380892	0.449912544641211	433
-0.10498278147805	0.212129896594991	34
-0.033257906293945	0.313988680165288	34
0.030073205376134	0.309300376338541	1088
-0.00287729744812301	0.279982035162322	1088
0.108264526610054	0.499547674393997	360
0.106256806553003	0.617008706292907	98
0.068060983257455	0.510301792822343	98
0.062250305933305	0.130852503139026	98
-0.030440422661039	0.136146796358721	107
0.033197572157496	0.139056216513823	26
-0.043603460216122	0.126038880583604	26
0.044494838715296	0.390737482815702	26
0.111829757812026	0.4752134112943	26
0.010790709941564	0.306501405326885	26
-0.078373176286431	0.173072585023981	26
0.052991965259897	0.341899598410362	26
0.048312929758623	0.467001630603319	72
-0.123770728183273	0.155698055862664	72
-0.1227993470803	0.1489158242617	72
0.074035001039638	0.388226978300412	72
0.02397131523445	0.32952639099243	72
-0.021845364428808	0.245024320361095	16
0.017017244387428	0.349215717209998	16
0.107686231820575	0.408814443749014	16
-0.017932741835828	0.238136761152269	16
0.00374438211446099	0.249528748892776	16
0.029520451734034	0.230390183259718	12
-0.064803159897673	0.162733378791152	80
0.096145667655937	0.302600808295684	801
-0.068516075968577	0.166804132395169	80
-0.063427496932583	0.582709078610973	13
-0.051958998884225	0.513875354191605	13
-0.022891748575581	0.517058725094436	13
-0.046143946861384	0.452978440178942	13
0.075377648491783	0.794299084454038	608
0.00244388044913002	0.427492786433259	608
-0.00678433618379101	0.413916268331171	608
0.107117960083656	0.682375665784547	608
0.079206653892489	0.444081441599762	13
-0.100573735352077	0.226833859318395	13
0.114652326119403	0.682110370426572	13
-0.069990840830464	0.269405689720987	13
0.085339202976121	0.503193390183947	13
-0.00282880756947901	0.350411711740996	13
0.061034604037662	0.471669919029974	523
-0.098394221082581	0.180366177537144	84
-0.052031014781256	0.178232545834453	84
0.019194229074569	0.351918148753023	509
-0.096381564762636	0.170765126483107	509
0.112450131035405	0.414238282301016	672
-0.043293028541534	0.138070958944794	262
0.099960007686551	0.500699899095456	1733
0.109801909385703	0.459795551708779	1733
-0.057667941102643	0.256253777108825	1733
0.112208017329037	0.400741681210706	433
0.047633000037329	0.287918999205065	433
-0.010827624971919	0.255582100353615	433
0.124493714175715	0.509235894608765	433
0.033974684156316	0.364233490951425	433
-0.017912833201456	0.304817146317332	505
0.019938909293221	0.359409398728694	433
-0.077959593508229	0.193856458875097	34
-0.035504178979803	0.275350959342868	34
0.05258949910217	0.428819978246156	1088
0.090849414580237	0.30074732430576	1088
0.025919968801118	0.341189609284883	1088
0.076016763249	0.497716746490398	98
0.044052162650485	0.433860539833095	98
0.000744744303313005	0.124899988408828	98
-0.041088556350678	0.144293113324831	98
-0.004224163608605	0.241135050774414	26
0.034704333071441	0.297345423088521	26
-0.026353792178524	0.26116192539152	26
0.025048287227819	0.302996311351387	26
0.074180496647463	0.379064032856801	26
0.097792667659348	0.465994423734524	72
-0.026889489600556	0.303477163688848	72
-0.106931398240941	0.152345299415112	72
-0.02575695260414	0.276696486256535	72
0.07936199249785	0.490347683761477	72
-0.061098453281109	0.193711538454108	72
0.07138072941444	0.394347972810314	16
-0.00227086844955099	0.25192079359729	16
0.114341150424556	0.396099242408235	16
-0.003402190472968	0.226679769549781	16
0.079035587748443	0.150320321141086	898
-0.00609179906514401	0.217105166828398	801
-0.106065209348467	0.60189598898785	13
-0.089753606746845	0.527996450536289	13
0.028987927924348	1.29240050564126	13
-0.010541505249225	1.03078645775739	13
-0.062389496038529	0.669204615818091	13
0.078242700950658	1.2183476155602	13
-0.014698992259716	0.764576006490076	13
-0.04730883032533	0.483367307637733	13
-0.085759046203093	0.345286216505883	13
-0.02401057714512	0.470938340688955	608
0.067031371857848	0.759032695332377	608
0.105332986184146	0.806853352895573	608
-0.049811274543515	0.383331853466593	608
-0.091468287369498	0.26712711593887	608
-0.023328340167749	0.383971465308653	608
-0.018479727577196	0.397918955126612	608
0.00581052241261898	0.407202223599937	608
-0.104354996887257	0.215395354686717	13
-0.100233945425893	0.200120852376086	13
-0.112651832411793	0.160096945650589	13
0.079983651483761	0.518390445013535	13
0.00569500809170798	0.311447531071164	13
0.062605241832467	0.329950286133957	509
-0.059937680329696	0.215825203846667	84
0.117373136936327	0.462536270001891	509
-0.034240063185391	0.239370405889907	175
-0.021324317855196	0.255109381982253	175
0.104930935455963	0.486240327156437	175
-0.065007309390763	0.143770727777795	262
-0.012067866708068	0.25336095184078	262
-0.072958134991698	0.168791115026707	262
-0.027436031738974	0.230174570817628	262
-0.114668899758072	0.119203845619869	262
-0.05559998562752	0.137569806753748	262
-0.078321069213641	0.191758984332729	175
-0.030788532666211	0.276491669402689	1733
0.01851798645214	0.346859303194725	1733
0.108311980450292	0.362970446834112	433
-0.096355980432274	0.182987891854665	505
0.011879668691827	0.291875085451798	433
-0.103991582785184	0.168505032920239	505
0.07219466870852	0.498202891675185	433
0.041031110751289	0.385295395796994	1088
0.046679009901673	0.422480414960582	98
0.015704729095154	0.310149209257233	98
-0.04045815676937	0.269574545355446	98
0.050367474104577	0.311777321148253	98
-0.028170043724639	0.1321976931019	98
0.081680490206958	0.219549639441233	98
-0.044324996927367	0.126462187275194	107
0.00570193950984699	0.230140897551807	26
0.074209854577602	0.414424864093512	26
-0.105362262736815	0.160807163948545	26
0.021337159133227	0.21939865267071	26
0.05175298001215	0.32925654167528	72
0.040737336124014	0.350338903205361	72
0.123350757974066	0.458660749061528	16
-0.069539358493159	0.160049194996639	16
-0.034207363125539	0.220388424110804	16
-0.00801887604830601	0.212124693323317	19
0.022907675680089	0.239848257342706	80
0.092615648855976	0.233939590258978	898
0.063893607791	0.228786615188648	12
0.054813096601722	0.239726941513151	12
-0.022968669093449	0.966079896989117	13
0.00740880737998001	1.06144669379745	13
0.068572051309358	0.77670129793993	13
-0.104553213123123	0.271560715082	13
0.071425807268612	0.676665336030499	608
-0.024438148707408	0.41153977404103	608
-0.022234973366128	0.384116961194593	608
0.098242138584567	0.683137654214379	608
0.044322358757831	0.497769378423205	608
-0.014673005314667	0.350948759407838	13
0.097006838349514	0.407435155812403	13
-0.00489979803264701	0.261106732703301	13
-0.054855952633297	0.220539989363428	523
0.05071071030375	0.380733546783038	523
-0.013022726041515	0.270241596418142	523
-0.046476994144309	0.18940155315686	523
-0.072010457051484	0.166593677626608	175
-0.057597675499583	0.152800541419121	175
-0.070938501022355	0.158874068316988	262
0.105466619887321	0.332712835668652	262
-0.069281628229501	0.222454695551617	262
-0.065301039952645	0.180008214436206	175
-0.063702898012996	0.168321586019803	1733
-0.107178625453851	0.159129530650962	1733
-0.024972082211412	0.253662842665911	1733
-0.026523367625901	0.209907887590189	505
0.063049229972494	0.312396451295597	433
0.068895069415618	0.401332470810949	433
-0.005528861865222	0.24513731239348	433
-0.085285789938701	0.163935052231172	505
-0.10095856619713	0.159964976791659	505
-0.052494790459263	0.201061010442522	505
-0.077913050032257	0.140131569784076	34
-0.119150364016636	0.110923755865129	34
0.065369907161785	0.301010701336404	34
-0.065679517051676	0.184493471370301	34
-0.119177849851422	0.112183943551613	98
0.037226214735544	0.237178521149999	1133
0.048049036246714	0.321853049277305	98
0.060859610261419	0.237822065669334	98
-0.068365822669626	0.187805226366445	26
0.052132055222751	0.314097706426313	26
0.051518790715554	0.308191058933614	26
-0.078455884571573	0.154684915961385	26
0.124680314364243	0.311354920052208	26
0.05828559056237	0.311516991501389	26
0.0000320422568059753	0.238379996408402	72
-0.049163781425252	0.174849039470593	72
0.101239373870057	0.402284826324019	72
0.109249654928909	0.316354135976825	16
-0.05111833158377	0.137458568662621	16
0.123971792999282	0.301634945521134	16
0.059002624614142	0.273749649895463	16
0.017101785835709	0.225484461973978	16
-0.053413027276522	0.153292127327052	12
-0.057077684569132	0.128514558302068	80
0.056581139916138	0.232704842615559	80
-0.017698227057809	0.131916653564037	898
-0.050821871994884	0.86804396404315	13
-0.085526159896194	0.658978351587505	13
-0.081185682775395	0.656928552037928	13
-0.024730301723254	0.829034495500388	13
-0.038614038207623	0.648199840842678	13
-0.057491843218042	0.584309548809428	13
0.108825319471866	0.739517444734397	608
-0.028919905097733	0.370087752416663	608
0.101293505379575	0.642406734037509	608
-0.069804692487837	0.335375005731762	13
-0.073789090027146	0.198920925957373	13
-0.062622932573091	0.15557200113892	523
-0.124116529284704	0.131422131908762	523
-0.114119027426634	0.139719348006838	84
-0.121861991606977	0.116474338404757	84
-0.112462037037695	0.138298070409983	84
0.018814519931762	0.243477438081522	509
-0.055851634594163	0.150561158014381	175
0.114939106310092	0.390223514027654	175
0.07799083525458	0.303819406236839	1733
0.035588707732168	0.228858751577708	1733
0.09390104405075	0.322592274807595	433
-0.061614962493831	0.184505254005201	505
0.00520452931524301	0.245838573508723	433
0.104307734462601	0.302863801851811	433
-0.011731686003444	0.224579579102455	34
0.118416733619004	0.373613428452125	34
-0.062583289144287	0.135687402110756	98
-0.050366265412705	0.131975661998208	98
-0.119063590382982	0.114287241949259	1133
0.033856702859576	0.213132275743108	98
0.015262052072204	0.296868012150267	98
0.062286439343365	0.290237049960781	98
-0.117956275013642	0.113759880117261	98
0.020488712373661	0.229800784872963	98
0.04703063474129	0.310115384544764	98
0.098220453295181	0.234122489415175	98
0.037585250857982	0.233325175648427	582
-0.059214943685045	0.156865706923759	582
0.034533698743066	0.313260513745386	26
0.018481155278643	0.226351076551822	26
-0.107905760340406	0.14167028953152	72
-0.065831216569818	0.182463777219834	72
0.08701949132329	0.313641564226142	16
-0.10950666429396	0.145245557174444	16
0.026450445780539	0.22358402414957	19
0.112017694215174	0.235145309237205	16
-0.061602732522893	0.158130009463851	12
0.034797951458411	0.216886085639157	898
-0.053999975704915	0.15147802990768	898
0.084683125743534	0.230626770715234	898
0.104312034516816	0.312595477118862	801
-0.058196038136047	0.146140761371368	801
-0.055635183774212	0.147226503299687	12
-0.115362428823958	0.111831834216027	12
0.024752940187738	0.237265993949988	12
-0.108273244586764	0.619913421426127	13
-0.087787289535445	0.546856248760499	13
0.032720522355111	0.637933612868129	608
0.038302765662653	0.564966052810679	608
-0.018958785391669	0.402331806705106	608
-0.094902183867432	0.202497986074672	13
-0.0597689799875	0.275425272151808	13
-0.064495659711761	0.248511723549286	13
0.080520916890936	0.501453008634712	21
0.00616841424459502	0.326737966656364	13
0.064299184158656	0.433403710966129	13
-0.065515248865481	0.217508618100224	13
-0.108283120911587	0.18307930221912	13
0.049145953803216	0.403481940255363	21
0.068882907067699	0.392961987071478	21
0.107080645794211	0.452373030659702	523
0.086640463062743	0.323658424833217	523
0.081801637060347	0.306679017005556	523
-0.102956351263247	0.153300424622001	509
-0.026335558062577	0.237024541314104	509
0.00318231676757602	0.229704559765681	175
0.101186661517892	0.323939697136577	175
0.00500167443597899	0.225524572543854	175
-0.000622229352129994	0.231731711463822	175
-0.056342217744761	0.182487994487715	175
-0.050683449619236	0.18042660038515	1011
0.00935973730082201	0.317358018490049	1011
-0.123777432641182	0.118551512496181	433
-0.051751029866329	0.176141320610696	433
-0.108081182080842	0.133178440365773	505
0.083997792542771	0.310339040702066	865
-0.060676422303628	0.185355875262469	505
0.11552808130529	0.39906049961335	433
0.107467840475161	0.388811206189152	433
-0.116916991241213	0.132550798772566	34
-0.067741144379252	0.152142984304445	34
-0.0630679611286	0.202086519752309	98
0.08857140625786	0.320754342878381	98
0.105823136551002	0.389992056873325	98
-0.075982172987403	0.178993769481344	98
-0.057999770455909	0.19167677525563	98
-0.00494695746434801	0.126739116830752	98
0.027442933346837	0.218832142311014	582
-0.068376121565577	0.165333978737879	26
0.021276942592625	0.317080582514613	26
-0.089728739737671	0.146948058091253	26
-0.068814013896778	0.158315730343911	26
-0.074418712671929	0.140733892816782	16
0.040539308806413	0.317309671156163	16
0.020285744980069	0.243034912799059	16
-0.075132374545194	0.159359150658015	19
0.021684640591623	0.208484085506484	898
-0.047243983962021	0.13979949525108	12
0.094184897658424	0.225264120602294	12
0.094764758255722	0.312204294918366	801
0.110882598285771	0.3201922550629	12
-0.046839723440762	0.147128767427944	12
0.12175065365947	0.323268694762245	12
-0.056802288410625	0.157395149214396	12
-0.08986215186441	0.726195817261252	13
-0.036263772957984	1.16288039803816	13
-0.12326058037225	0.515653545136039	13
-0.091605001705005	0.597288616386517	13
-0.043772563698903	0.553113529521113	13
0.04780548619452	0.641434531892138	608
-0.046265550858184	0.324293891073571	608
-0.066547442294837	0.249271533503656	13
-0.022182512366013	0.283973854362886	13
-0.094523142157986	0.167636659622228	13
-0.079274150604003	0.177471470857238	13
0.055305406299094	0.321779938294361	523
0.110910406095444	0.451776640003002	523
-0.063971835688988	0.186519778725421	523
-0.050805292850054	0.158456957819793	523
-0.067862451505289	0.151420981344882	84
-0.053439866231538	0.155140919877689	175
0.0619146198711	0.224222877289976	262
-0.057308255626027	0.157926354944487	175
0.096368553725375	0.326527916922599	865
0.082646151747352	0.228087586358969	865
-0.078249836433871	0.177324270789707	505
-0.057174372950888	0.149234878387823	505
-0.124911793719755	0.104312122247982	433
0.0618120999519	0.346764006110452	433
0.014621966263201	0.24290700703798	433
0.000214503483323025	0.261226285610921	34
0.055636696684472	0.303221937855822	34
0.031626121089185	0.319752122793941	98
0.03276840238764	0.232993636224282	98
0.00640091374262097	0.217165892047634	98
0.00371217524552198	0.232658895303233	98
0.016888301895165	0.284892144035167	98
0.041254044517987	0.327100523163043	98
-0.062090252502885	0.137650144725594	98
-0.042626695019569	0.137661071881567	98
0.075836355422627	0.227386913093496	98
0.069652751724662	0.228978859891394	98
0.108842600882789	0.322260645553328	26
-0.064435099070767	0.140676843366116	26
-0.066992816510468	0.174385748689017	26
0.07805255698978	0.30865060515539	26
0.070570471257628	0.307169770401061	26
0.070843462388994	0.309612931263639	72
0.070378564339726	0.236051668862457	72
0.118786522781422	0.331769395448842	72
0.024900867475642	0.220345088286075	72
-0.056209819183723	0.149249825217607	16
0.1117407469439	0.302415513058134	16
-0.049638228670591	0.134259607026485	16
-0.047312250907409	0.145372310498448	19
-0.037305979306444	0.139306632664583	12
-0.055534252611107	0.139779204051028	801
-0.039017821353321	0.123179946553278	12
-0.116676342746495	0.886318899088603	13
-0.05738792078694	1.37557203254607	13
-0.046707401063007	0.825436020626171	13
-0.123408517494004	0.259792567995633	13
0.113521075248809	0.971642180280924	13
0.000665898084840022	0.583428578782683	608
0.094049562858544	0.788338852682156	608
-0.094147495442291	0.25167261591175	13
0.024938046851841	0.420628227898153	13
-0.029784359353609	0.346328984329652	21
0.119788678433834	0.395019260303386	21
0.070379251584045	0.319895217320516	21
0.019064336474302	0.231102589095784	509
0.113723058331375	0.306597286456854	509
-0.060455034648451	0.158940158885538	509
-0.067465693705173	0.187568034580845	175
-0.011716487676713	0.216217064795005	175
0.087996533593304	0.383594452573049	262
0.111568090704635	0.395183774679675	175
0.047742018946881	0.322871682575393	1733
-0.059955643572667	0.150779434603963	1011
0.040459358124201	0.300436766367887	865
0.00335941877566798	0.220858915693154	865
0.094404462952337	0.402189274292848	505
-0.12408389094475	0.139646333001549	505
0.023907398322863	0.242225295690985	505
0.042985268682836	0.315409477777267	433
-0.056789226748745	0.161422830682527	433
0.058604124621332	0.304076071280214	433
0.025995263267584	0.227892282618031	433
-0.015137172694317	0.268292661720507	98
-0.064649082865124	0.24714720965009	98
-0.012036153681574	0.230921012998521	98
0.059046198391566	0.307837901227063	98
0.00576283165783798	0.294252536810858	98
0.015259106963302	0.236659465918721	98
-0.05477048486595	0.17118242933465	98
-0.068449473376414	0.151107951602591	107
-0.056995712689415	0.135198171083091	107
-0.063497491673966	0.159320832200118	582
0.012191990797002	0.228235055149454	582
0.01485450084357	0.2897034477772	26
0.124510212390646	0.485203476244221	26
-0.056802288410625	0.157395149214396	26
-0.069888622532325	0.165776817579044	26
0.08202826685986	0.367093845630187	72
-0.00441554407757899	0.213767784371279	72
0.00333551782421399	0.238084767895709	16
-0.051388446116896	0.146655196750072	16
-0.036894573801362	0.13356782905414	16
-0.114007888509206	0.134699382275044	16
-0.055590456673054	0.17078646187925	16
-0.045814729501734	0.129212568632992	16
-0.030285219787648	0.130504012517404	12
0.060053288220364	0.219136952950718	80
0.061906890820922	0.315111086683097	12
-0.044734169985677	0.13311599022266	12
-0.123559895202884	0.101166564273853	12
-0.040626620797637	0.610029409737753	13
0.101410605207204	0.960566163102598	608
0.042360888815923	0.645733821315296	608
-0.034757978017535	0.321467120036947	608
0.120406593769946	0.718498499509158	608
-0.049497653645596	0.454479824822392	13
0.020417801271424	0.382530974396045	13
-0.111341197666366	0.142195073390908	21
-0.120356942522102	0.114896730944092	21
0.096081636933861	0.313207415224816	21
0.012525157224013	0.232298452760461	21
0.104312034516816	0.312595477118862	21
-0.057206394419898	0.147526591105858	21
-0.12413460548504	0.116071678680082	84
-0.012380564197262	0.362584211015856	84
-0.048493294210682	0.141225631692115	509
-0.052215001941674	0.265196843071076	262
0.065285396081331	0.382357772411506	1011
-0.054120136825469	0.149931094605498	1011
0.073347701701653	0.457048322147217	865
0.113570154316081	0.470838865213219	865
-0.106012013621892	0.16910008184664	505
-0.068429509617286	0.13949967694067	505
0.105594151910019	0.222572491900961	505
0.025356181500444	0.227036306285624	433
-0.025046074573401	0.132894567617604	98
0.051129606552601	0.227529809555691	98
0.077123034678433	0.237959617446374	98
0.093220023177705	0.229333516842264	98
0.039762749241902	0.142240369619365	98
-0.028177812545841	0.131378516809848	98
0.00707218694849598	0.228301158261545	98
-0.040456178337569	0.267960145959499	98
-0.021575493558669	0.243575608152335	98
0.052897371117472	0.228163617493289	107
-0.061432369223663	0.187482486570617	582
-0.033502668863444	0.128569947627059	26
0.088690136657556	0.218225272480893	26
0.115207827963323	0.484961280924309	26
-0.034671069762078	0.129817066047434	999
-0.039221450477174	0.135972088820949	72
-0.065898213412065	0.14171650796679	72
-0.005666379100048	0.29980444843006	16
0.00578928357471098	0.30150827523196	16
-0.038355977523692	0.134854762924113	19
-0.111111606897356	0.116882056237166	12
-0.057092820785428	0.170629980279295	12
0.008055043959312	0.241170600106386	12
-0.060511969568318	0.150753742073906	12
0.042236630331554	0.3109790829596	12
-0.015047022562892	0.260007955349258	12
-0.059811725083315	0.157602376698527	12
-0.122101544524111	0.296439159752322	13
-0.05452777935605	0.440832792232813	608
0.099310593158558	0.870248960895685	608
0.052462794897704	0.800754757024159	608
-0.119956053963649	0.234164011380066	608
-0.000880898083266995	0.49079595133029	608
-0.00541360960721199	0.454864452545622	608
-0.009261484625425	0.356643489996623	13
-0.008896668459697	0.330262406476781	21
-0.031006075820888	0.260211846407731	21
0.027795437767222	0.32300229291324	21
-0.084302607718591	0.203417357963208	21
-0.037735101272302	0.288122070362833	21
-0.066681657998598	0.159965782342116	21
0.078949201382255	0.320892766917084	21
0.101072727116289	0.453423085006654	21
-0.107691779944972	0.120969840688445	509
0.064923847935049	0.395478072437932	509
0.046691018432577	0.327213692128656	509
0.031911570605919	0.322344667116883	175
-0.010718462042862	0.244040090086732	1011
0.027571322460808	0.326344908265257	865
-0.0773090731408	0.179104549733544	1011
0.117780046762177	0.383822101577303	505
-0.006366723873554	0.252611650574209	433
-0.123912162592398	0.0967591126977472	34
0.022784141527846	0.308492543412758	34
0.048236383858143	0.332180420209216	98
-0.020280842157597	0.236194298897584	98
0.051436769500754	0.313472106571951	98
0.111243722498926	0.618153175427808	98
-0.123843341380418	0.109433072784012	98
-0.119502347845704	0.0947402489470625	98
0.076349995391869	0.233523145641223	98
-0.045653314090323	0.134986599562265	107
-0.04976830076808	0.134595769432596	107
-0.046871918766284	0.133779861083035	582
-0.046182077195455	0.141861330051052	582
-0.061888047041475	0.155678508335324	582
-0.0725073537689	0.189876836783876	582
-0.116098551068621	0.107949665544258	26
-0.054667073718695	0.179575822026409	26
-0.1105313596781	0.151908662249558	26
-0.062210363036006	0.15567820005837	26
-0.066302181203036	0.139865776588713	72
-0.111452997923895	0.142002911426594	72
-0.069758208411143	0.149270375910791	16
-0.069768744884668	0.180897236349799	16
-0.058299994014593	0.152588160637515	16
0.027365071250749	0.240958399689545	19
-0.053149689959058	0.141039576240732	12
0.029178865642797	0.233355521052492	12
-0.058429015706618	0.136807017742289	12
-0.038739513209021	0.149383392825621	12
0.060545661441722	0.221562700051007	12
0.099265854308822	0.234959145197399	12
-0.061675441390493	0.154949486162994	12
0.017649320963277	1.49282052207843	13
-0.086093544017964	0.440350820764153	13
-0.026480242449377	0.689658196870112	13
-0.090101591611983	0.39251627643851	13
0.092679329572953	1.06523514708912	608
0.070668360062281	0.903234671420879	608
0.070266116932092	0.808798998549418	608
-0.062818327023298	0.381399979007114	608
0.00747768209691302	0.493919567298802	608
0.061836022857807	0.566414424906902	21
-0.00878839749447399	0.374592303910013	21
-0.040250572192784	0.265263027736805	21
0.033434328084988	0.328471058106292	21
-0.02661625367693	0.291855508618271	21
0.119059668712689	0.581202459906726	21
-0.091422849141922	0.188241504610019	21
-0.119514211881588	0.118183451988164	21
-0.10863848671277	0.144165520148207	84
-0.00854782237405299	0.259331880627587	673
-0.017818539905935	0.260579409022313	84
-0.073724365796497	0.17024056724065	509
0.048952911792296	0.324175335931963	509
0.047217194083914	0.305901145255513	509
-0.045701737349565	0.173285341492243	175
0.010996055204353	0.255651889198302	175
-0.124344261225715	0.108019190788768	175
0.00414225391936701	0.23868611039404	175
-0.109334172314928	0.130905849134481	175
-0.028529267661443	0.239519081238308	865
0.058122481034442	0.315509787919595	865
0.037342678898943	0.32466332180725	505
-0.071856779938523	0.167823012652591	433
-0.063040539545441	0.176100975173982	34
0.027564535471777	0.308076407126265	98
-0.010951397790882	0.237418375405293	98
0.062520797075519	0.367348292757344	98
-0.041827177938611	0.135313905225212	98
-0.032555022693704	0.129326939067121	107
-0.010615114140785	0.132495352449895	107
-0.067188671920166	0.146785968526097	107
-0.036705797860108	0.121697770000825	582
0.014821642300071	0.226397760582614	582
-0.058041464508534	0.150425390869719	582
0.047006108539108	0.316279692752997	582
0.010626210593193	0.231903232211598	582
0.011994586956758	0.247209847666395	26
0.124625021718428	0.377754334573222	26
-0.118165342923121	0.11417665458246	72
-0.062879891319571	0.176111426645541	1115
0.119761334776646	0.332137144073891	16
-0.067071158295931	0.162771252242891	16
0.013974151184786	0.229407350708448	19
0.00959167486420398	0.234531835167967	19
0.07751037389437	0.236018495195897	12
0.047911983191255	0.219952279834364	12
0.086692606391929	0.234075898606331	12
0.097360811151493	0.30739320190343	12
-0.026011669173434	0.131139955142712	12
0.057912604715462	0.224791960369307	12
0.050935889235349	2.00144672666949	13
0.075196282598972	1.43543067241431	13
-0.068079223314742	0.514320489975105	13
0.072190904591944	1.02127692024761	608
0.026183187697515	0.733646863303855	608
-0.085103734611914	0.361440911364529	13
0.00135173879799	0.622044470615104	608
0.0698507961186	0.704176371913229	608
0.118154798486288	0.895494739407058	608
0.077923364369424	0.696527798992412	608
0.11840958251204	0.787674741798136	608
-0.075959063709146	0.317633751267272	13
-0.075370871301694	0.257754402426458	21
-0.08034303685174	0.209332023966645	21
-0.016545310492708	0.288929760202432	21
0.064187890624673	0.37850152587993	21
0.00561503280628101	0.288889192988371	21
-0.068987301325875	0.199320690452611	21
0.074981182987424	0.362955859707852	21
0.037419517041832	0.306137996340525	21
-0.02821134676317	0.245345887711115	84
-0.00773721472638	0.231329614994058	84
0.11204035465171	0.396272432501562	673
0.053675326982432	0.31108032351856	509
-0.121634086942758	0.109848530792938	175
0.095174759580879	0.313731542897397	87
0.075392705948312	0.387361262994898	865
0.045645366048019	0.325386028457995	865
0.089086131709538	0.326622294620413	865
0.039543091437357	0.233081739313799	865
0.066036498990755	0.301363603754146	865
0.07976633336658	0.318496579985273	865
-0.05813452053089	0.167381013525162	505
-0.001505653171228	0.264611522367943	505
-0.014105753863505	0.229227488413066	433
0.014770651609671	0.24976982182701	433
0.075488230344144	0.3942928465232	98
0.040889111860034	0.30783090452832	98
-0.122840665563545	0.112680449014784	98
0.094741595078882	0.377630334217355	98
-0.054801834063451	0.150332791129891	98
0.060844902311072	0.221699260223187	98
-0.050441351743071	0.123107958966358	107
-0.018787759134357	0.13174383036402	107
0.067513401476094	0.225425747012738	107
-0.058661095423957	0.153115810049377	1365
-0.115827908129297	0.121273086583411	1365
-0.107880914162075	0.133019369744616	26
0.064148647475046	0.300845162593697	72
0.093797783942969	0.31023577402211	72
0.061809854244777	0.325387421984319	72
-0.057030005711749	0.177648877763301	72
-0.12198638173758	0.107871832910152	72
-0.051492393865972	0.145551745674946	72
-0.074549836544202	0.136229787333732	1115
0.04106138069487	0.228981630006052	1115
-0.054299930541737	0.166842463980457	1115
-0.048493059633183	0.154730712470366	16
-0.063787020417909	0.148928574838287	16
-0.015628961104186	0.127739703039566	12
-0.041900229380237	0.132896181118199	12
0.123300816014133	0.318614933966686	12
0.012205202358589	0.250021187756429	12
0.095091763027945	0.218634905366798	12
-0.059493499847631	0.129611228826103	12
-0.046881791399591	0.178817762025308	12
-0.066588015742564	0.167828784674579	1956
-0.117000944918546	0.925476982020328	13
-0.118957111756109	0.447027768955037	13
-0.060706372866214	0.510962792479736	13
-0.072623944511779	0.373369223786038	608
-0.055801280141713	0.402359061558919	608
0.048549644520485	0.771944500800291	608
0.080894702841811	0.83497732535853	608
0.038301582142567	0.693936155458121	608
0.099766781395813	0.766889371927387	608
0.039004990297319	0.48372487484286	13
0.020037957969171	0.383586650171319	21
0.046435408713892	0.380581838906889	21
-0.06907255629361	0.205594123235558	21
0.099960400352851	0.470033147611036	21
-0.050117089861559	0.216982017575879	21
0.110676312535014	0.387351032979942	673
0.102510549791764	0.390721273518594	673
-0.026414395286961	0.224254264522262	509
-0.0640399076469	0.162120882476027	87
-0.00806866468894801	0.268703450525987	87
0.025781088666863	0.339004627024206	865
0.10752932887419	0.458204463168489	865
-0.00918050996796699	0.248518980044822	865
-0.123989363728202	0.117256776978152	505
0.099232804929572	0.399702847553383	433
-0.076824507321352	0.196266206229792	433
0.116352240272702	0.403352882144181	433
-0.110301343202345	0.140257572469451	98
0.051200754373347	0.33149001938662	98
-0.013786538561284	0.274643030329216	98
-0.036328350305465	0.232480970690664	98
0.085355603841376	0.388947590000368	98
-0.11555643374957	0.11801777362755	98
-0.117066029181703	0.133742728181009	98
0.029123104351035	0.336360485003213	98
-0.070260876763612	0.149484943452655	98
0.070934564554909	0.22968642182381	98
0.069799056819991	0.213981448984395	90
-0.044792083479154	0.135982207753678	107
0.026362711466992	0.238583671627004	582
-0.017415013383569	0.279417123685696	582
-0.120117163327918	0.127992165716378	170
-0.059825531740093	0.138351710550579	72
-0.068426643198841	0.181691582252295	72
0.011848329767551	0.227912042222909	72
0.00978058688436101	0.242672915490317	72
0.082678637242742	0.326420190984815	1115
0.01788682584903	0.285827561519006	1115
0.075373493524009	0.324661775263876	16
-0.065503117955097	0.136982961405999	16
0.100966572018444	0.32518595327762	16
-0.074511400139873	0.154748877304655	16
0.062173013980083	0.231709295769711	19
0.092185528722478	0.310529556213652	12
0.107742683920625	0.236653621136568	12
-0.032555022693704	0.129326939067121	12
-0.016166064909357	1.05756262674289	13
-0.117076839559479	0.345943639061201	13
-0.075756097640483	0.449002759549924	13
-0.090090095674386	0.370425544098808	13
-0.117218911500364	0.326359654740988	13
0.022428430225134	0.637942014866188	608
0.035919469262061	0.5013240329937	13
-0.064691954397258	0.269355092105553	21
-0.0733368847759	0.172710365044555	21
-0.057241116935001	0.231331669099094	21
-0.058524058688085	0.199696026615712	21
0.032137206652865	0.40196602413428	673
-0.121536542840282	0.112764103485878	673
0.084861994867681	0.403732551000678	673
-0.057794843780746	0.203403709919284	673
-0.109325761395267	0.158629589990603	84
-0.068440131890662	0.201935825883206	84
0.05298455215049	0.291233951628398	509
-0.00106057095244599	0.21705569628396	509
0.121668711306006	0.459277371642987	87
-0.070217250877244	0.160786214660185	87
-0.12265542481911	0.126694953709722	87
-0.00334127179975299	0.25136722758663	175
0.055249282917058	0.295384722175678	865
-0.061116308084437	0.163838433011281	505
-0.041842662517422	0.200812313414948	505
-0.064413091025623	0.184025703115637	505
0.123645512628015	0.467849529418422	433
0.057069635607317	0.311132239638463	433
0.034277264613221	0.310469176063274	433
0.06278436905711	0.314846775711721	433
0.084735361278898	0.421812600398927	433
-0.109435031439493	0.156786837256933	98
-0.102141135598599	0.136401887900536	98
-0.077024716120805	0.150332422970365	98
0.055086845024976	0.306243091169837	98
0.0414560741347	0.204737285188092	98
-0.061944570723098	0.159179629158047	170
0.122761686934037	0.330482323689234	26
0.033926841319966	0.341377825186814	26
0.096509593312886	0.388260660316489	873
-0.053310403936105	0.169434201524442	873
0.114531245676826	0.32141190135335	873
-0.059110926536658	0.151297167171879	72
0.00882904208046698	0.223833911273637	72
0.076773143045256	0.316502173434298	16
0.028483164218783	0.238931961060783	16
-0.122362535584898	0.107851310829966	16
0.060938395537994	0.235015292535541	16
-0.063261489049808	0.17924682771865	19
0.013450423539429	0.22924494577731	12
-0.043886928483148	0.12853197202084	12
-0.059050852743838	0.14741452789988	12
0.117403196994608	0.327163720896032	12
-0.052823603714701	0.156872514708866	12
-0.020793357755699	1.37839379073096	13
0.006902709548263	1.06894280395398	13
0.022109350960893	0.943010755560421	13
0.026498981579981	0.835735186761543	13
0.089666615165782	1.13445051375757	608
0.021320817982943	0.666839426964185	608
-0.043473471171939	0.451714100966606	608
0.029355135492432	0.572561153270822	608
0.00317918306623899	0.492222321216827	608
0.00844854144273999	0.329646441214923	21
-0.059244544295831	0.211508292051222	21
-0.11251971610345	0.17028422460469	21
0.08288369253304	0.423184253179377	21
0.013027412456999	0.308417173461179	21
-0.065379595446824	0.164458319724573	84
-0.065695774468256	0.149441904450367	84
-0.042450375902887	0.158865734699527	87
-0.122839680878763	0.103112212311961	87
0.091898971097255	0.384795112424943	175
0.124134623822564	0.384593586672656	175
0.02504144864618	0.323972200626415	175
-0.056736985147311	0.204690014176773	175
-0.0321789074261	0.243714016421775	433
-0.026417631643798	0.248778678547623	433
0.033339463114348	0.334058096313268	433
-0.00393347287114901	0.274650135639914	34
-0.065220095688643	0.16791119758247	98
0.0919057285436	0.404575070318952	98
-0.120444352954252	0.122473427384179	98
-0.07015380406364	0.203275329536261	98
-0.067240856250113	0.160770767002112	98
0.040515299611193	0.311119333739092	98
-0.079503425388649	0.163824325414049	98
0.00156385913929402	0.130308503689224	90
-0.010697354965584	0.132374112586524	107
0.10351291452158	0.231063972587197	1365
0.058108464238808	0.230689579443789	582
0.024270403763768	0.29658119877121	170
0.10745736515629	0.3278697999115	26
0.084248346090231	0.39478217217709	26
0.00107272114496798	0.252833932381263	26
-0.060974053604823	0.170113705991208	72
0.046928874582726	0.277868002803876	72
0.08066960020528	0.313032561351598	16
-0.050821944153478	0.145227477487867	16
0.103095990698681	0.30475455496762	16
-0.048211399187835	0.149931818715961	12
-0.044974630633156	0.153396421612299	12
0.062173344840029	0.234165670596498	12
0.079551221659524	0.223732971602093	12
-0.011341700498705	1.83038944020058	13
0.025629572034616	1.35727193401689	13
0.062016335149168	1.29825381314968	13
0.098288048980925	1.04351059353712	608
-0.076633817310344	0.245891870255079	13
-0.039177603220448	0.351652948359453	13
-0.093588111070999	0.19025513745469	21
0.115192060626478	0.566624401152226	21
0.01829285921828	0.36455646523275	21
-0.096867683085228	0.165602367471616	21
0.068452306827165	0.393808128186817	21
-0.107115839736772	0.154673166960323	21
0.066077555677954	0.402223993874762	21
0.018330974319159	0.370919001409043	21
-0.118996309751192	0.120753351201388	84
-0.05112891269057	0.158494338968339	87
0.103013950567289	0.309717244366503	87
-0.062300115004375	0.215593116150565	175
-0.015231586265418	0.225513948330243	175
0.118560330914739	0.377199697058791	485
0.090874423532419	0.374538462905368	485
0.101399535744465	0.377103123367288	175
-0.111732112446562	0.127520600924388	175
0.068892736249862	0.320155758025616	175
-0.075119443604594	0.174973974143235	433
0.074623398766655	0.401245842242182	433
-0.025850908124161	0.208415533157743	34
0.026574124030013	0.392869021808183	98
-0.00756916080245301	0.236285067165789	98
-0.063670349714657	0.163799180002739	98
0.034413116397857	0.310561901361835	98
-0.067160931577741	0.148009036905219	394
0.04583105987571	0.233859576789913	90
0.089758825518158	0.218677465269314	90
0.054566818306475	0.209404038799309	107
0.118561417760588	0.302276523977181	1365
-0.043650813068894	0.129626022857393	582
0.02072802879742	0.240916181111362	90
0.045707297037958	0.288418995698759	90
-0.058806002074529	0.17985541892447	26
-0.112879450502713	0.138960735950142	26
0.088317143779819	0.325613889938467	999
-0.062720330895679	0.163260597186665	72
-0.013476979233292	0.221926319427605	72
0.079819564734522	0.366710427773283	72
-0.016317462326847	0.221650534969336	72
0.039763490805635	0.218526173314653	19
-0.058455908222491	0.175590920180233	16
0.118569859365324	0.324554633065972	16
0.023403061558713	0.241879065675286	16
-0.066209082634433	0.149657579598241	16
0.062089441512387	0.296052185355284	16
0.085065437309832	0.31077813949678	16
0.114346539440667	0.406758860543715	19
0.058859143778074	0.235097510445077	16
-0.052884305217427	0.11889572572095	551
0.073287797094893	0.220800183174744	12
0.03801550186741	0.232033662201049	12
-0.043926034488914	0.148699821687602	12
-0.053713377952082	0.160964615865206	12
0.081703868561696	0.316290790284136	12
-0.118840277389483	0.962122399558822	13
0.014088433960656	1.19610801137482	13
-0.065520104939033	0.538254285189086	13
0.027242784329822	0.822027453867944	13
-0.00786613935803099	0.754470107218898	13
-0.088524898279184	0.402386190162171	13
-0.122308864045133	0.297024692311568	13
-0.038723084892644	0.35717709788364	21
-0.026496680389837	0.403348905470817	21
-0.079339008064505	0.298394415639254	21
-0.042183932105476	0.303763405363165	21
-0.099584536159694	0.222127278238943	21
-0.040797811216103	0.332334880099565	21
0.036547858772518	0.424327008638346	21
0.068640394357891	0.432018160593077	21
-0.035548200422406	0.251007733708589	84
0.110173676362604	0.469818647970732	87
-0.024325466955446	0.256020273031827	175
-0.065232875311456	0.189131025231946	87
-0.03966157268593	0.225923923809704	87
0.014329486443785	0.234701718533472	87
0.037532676707407	0.281136019270345	87
-0.105756026565818	0.181157567270645	175
0.00539633517246102	0.267397592998771	175
0.112663065438651	0.494799297023485	485
-0.062977515708956	0.205508244494413	175
-0.014752579051565	0.234866853362136	175
-0.081399235889104	0.185849368191144	175
-0.108886794778638	0.154689826740141	175
-0.010787880508243	0.306516982404274	433
0.113991491405659	0.597882875442222	433
0.03132867328203	0.383610964295127	433
0.080320108352855	0.427538424501184	433
-0.104415087416629	0.192169856983228	34
0.025602917600742	0.291912250811888	34
-0.100256261322017	0.158382911642712	34
0.094548813540414	0.472100350400558	98
-0.110277913768389	0.145477287834648	98
-0.076879200275814	0.203322319259007	34
-0.049490285444525	0.233445242708181	98
-0.002611951926665	0.290601473642752	34
0.000157714754568994	0.250991318044506	98
0.09846462945932	0.31821866997685	394
-0.045372888284498	0.137107984546083	98
-0.052243195117994	0.130183819988043	90
-0.048576241881732	0.141492156174454	90
0.099896256732981	0.295609393056705	1365
0.070629025269992	0.22857051808005	1365
0.012662077394465	0.25106166948642	90
-0.114376999937279	0.136092385096105	26
-0.040611120116621	0.223791825284321	26
0.076299309695539	0.389793259403647	26
-0.013309502710062	0.285805672179074	72
0.045513475569038	0.318262035124998	72
-0.057307721675999	0.196972907559338	16
-0.121982609761226	0.125376304707062	16
-0.067092075750067	0.201484229590102	16
-0.0618577436701	0.171075516231409	16
-0.115203070327301	0.124872872459884	16
0.052011865010397	0.304847009721956	16
-0.065289364401228	0.177396806182055	19
0.10993583512167	0.374645192552502	19
-0.052780837971457	0.139672712040032	12
0.098429298858399	0.327561831656689	12
0.026816085637086	1.31772194859222	13
-0.122040234763804	0.359638597537298	13
-0.043307998253344	0.641246240851667	13
-0.057224564142324	0.512167321008286	13
-0.048119560098177	0.557915706923246	13
0.064295328121848	0.630007730209247	13
0.085340313079022	0.657123674619529	21
-0.112153266976993	0.210328821026619	21
0.113116882283964	0.572557066828396	21
0.080468099596664	0.576985632089893	21
-0.077337431991314	0.166469527390734	84
-0.058005208245819	0.203358686392389	87
-0.071650159871841	0.179371048214404	87
0.065711242870113	0.231251388009706	87
-0.05780170951795	0.135192482108114	175
0.1234872226691	0.400046135285366	87
-0.047898541061047	0.240617145997109	485
-0.092940402013356	0.188499087081144	175
-0.079016374587099	0.191608406507983	485
-0.106830433413446	0.149578073798776	175
-0.077370149648523	0.170362370396858	433
0.115284232106824	0.452163878823704	433
0.018695576087972	0.310780829436196	433
-0.108901955876757	0.163039843690162	34
-0.065973244634339	0.180113142220599	34
0.052095136918185	0.402860611205696	34
0.121399184460163	0.530085900747404	34
-0.066744991713399	0.240731834804276	98
0.120400077396319	0.397771969880809	34
-0.065368482743092	0.192188182368407	34
-0.035422218503373	0.2341047805946	34
0.00233697221812002	0.236994200049962	394
0.029456332868104	0.24014051580121	2305
-0.047065493950992	0.138277876702421	98
0.017203398080351	0.249047844368948	848
-0.047535030728293	0.134905201723044	90
0.038560025768132	0.228410242953189	1365
0.067119846998814	0.407413650649448	170
0.089983275845996	0.400303685048009	26
-0.015153069509661	0.279045251074877	26
-0.121900169924721	0.12393734598105	72
-0.094587913641088	0.172856461813536	72
-0.078112266659661	0.168025487436252	72
-0.103450796305794	0.137580809794652	72
0.090398874111407	0.317310294811807	72
-0.119797786007605	0.123195575768137	16
0.06584731711102	0.323794707772017	16
0.066597851240656	0.311355986226792	16
0.105020000190178	0.402569529118996	16
0.061179665364155	0.313173364853437	16
-0.070055387993702	0.167519799533582	19
0.027415013520789	0.133521780286834	12
-0.053669084184385	0.145428333745326	12
-0.044792083479154	0.135982207753678	12
0.046754201520555	0.221287507857656	12
-0.043776802936855	0.142240589252784	12
-0.039318495159612	0.151554246772458	1074
-0.052577431686763	0.164649364961857	12
-0.047823986543086	0.927580171188464	13
-0.112092246734614	0.469352542057395	13
-0.00431301773680901	0.921626082720161	13
0.038278725812015	0.827577442541188	13
-0.08836962381613	0.418541701543822	13
0.100151132173181	1.09591947003081	13
-0.084656189464564	0.389712238238902	13
-0.119929122212905	0.279879369930608	13
0.090018131165825	0.560121162442602	13
-0.042949418308691	0.354120141904855	21
0.017631097643313	0.385473848858189	21
0.023482165268914	0.340781120222257	21
0.054353161444414	0.442003822728247	21
-0.119642075254981	0.156262540364216	84
-0.064104066680187	0.208347053392063	84
-0.075180876380621	0.161924662428933	84
-0.110800824485365	0.110826314048778	84
0.121717923899926	0.467827062582521	87
0.08712087667843	0.316050337143985	87
0.017650119146566	0.240955795441631	87
0.10597097323886	0.31283309563932	87
-0.057594916602193	0.136378243833491	87
0.017338012585994	0.233796062580294	485
-0.111495760489742	0.124311455159514	485
0.094205723800305	0.382604873842041	485
0.012242473404126	0.232045294968472	485
-0.07680748059189	0.171013447556337	485
-0.007462891001075	0.236868830588628	485
-0.104744993557069	0.140503031110758	175
0.096629974842553	0.403290365922574	433
-0.094782029752214	0.162757867818747	433
-0.018658720273053	0.273082751850215	433
0.111208247357603	0.394527580490777	433
-0.02224200578096	0.25510888597595	433
-0.027338274849774	0.225297669722374	34
0.036126567898958	0.327938381021907	34
-0.113668266597805	0.131860842956443	98
0.02319990184268	0.31970418907442	98
-0.118807403564472	0.129196138863963	34
0.00638248767426802	0.255887003725227	34
-0.031455806624125	0.241811132345601	34
-0.031477689429306	0.130162579084613	394
0.00334515878702402	0.131305473824758	848
0.00125707900813599	0.130838735113681	90
0.027802823563523	0.134321210358878	90
-0.041828531517734	0.144729888698353	170
-0.051393359783611	0.136534973752319	170
0.059032657676978	0.230779776556129	170
-0.059365550433716	0.154774965989987	170
-0.068169677080091	0.149959088500369	26
0.065755460979688	0.312361184710164	26
0.00400654596134498	0.231501882773021	26
0.034695267114735	0.310279981930164	26
-0.118581346931496	0.124087172389402	72
-0.061142448557015	0.155944142432362	72
0.11642531387792	0.326251223921161	16
-0.062542315924447	0.180075728851361	16
0.081576927583441	0.329911999479672	16
-0.124001570756318	0.114072115709818	16
-0.12433929643639	0.111382038698512	19
0.066396839557598	0.301298228568417	16
-0.027175382951299	0.128031601904314	12
-0.032542690914701	0.127311503594531	12
0.080814566171699	0.232656319513554	12
-0.046328749532169	0.144097861611391	12
-0.041691310338749	1.37065588163139	13
0.00999122511594103	1.42098725795703	13
-0.121942863992483	0.471759862297231	13
-0.073423499696357	0.578180916394028	13
0.092444352117643	1.29351628054649	13
-0.082216434953314	0.514889641974703	13
0.059454663858747	1.1137160471207	13
-0.102686994441208	0.24102204102428	13
-0.059862810722408	0.323551573720409	21
0.061399188770778	0.526136079777322	21
0.110624880571434	0.72261133930595	21
-0.11289334255483	0.189313038030755	21
-0.00877863981332799	0.334730233523483	21
-0.105624669445323	0.17985880367202	21
-0.108203097834077	0.179288199733221	84
0.063009876648383	0.495847954853199	21
-0.096685227306894	0.210046038657985	84
-0.05915002839563	0.196728336501372	84
0.073098954100236	0.317646412128359	21
0.010925047800606	0.22685562560301	21
-0.120236409942669	0.104890764832407	84
-0.00604754322944001	0.256231569290878	84
0.06643378681951	0.322828079931587	84
-0.075732754951552	0.191543717940431	87
0.039077135043164	0.330428864383049	87
-0.097564428735979	0.1496449362367	87
-0.07458492594478	0.171562288733311	87
-0.070472459392025	0.156178693870056	87
-0.049788249714205	0.138926560523828	87
0.081950793928077	0.421060346570299	485
-0.0591430768556	0.214251965727993	485
0.022778681822056	0.302740450450739	485
0.000405747246293997	0.255696552652991	485
-0.065576249153839	0.190067205142067	433
0.014809166576041	0.327012476179905	433
0.045224883558429	0.413683703277471	34
0.010077502386313	0.355467366559497	34
0.099556466108096	0.456961165219258	34
-0.124264195236594	0.137770137982705	34
-0.061692343326254	0.189253805834005	34
-0.065674276210086	0.203688421149013	34
0.07126665814796	0.401645017457002	34
-0.089680705733561	0.185390594694802	34
0.095091763027945	0.218634905366798	394
-0.066185198234597	0.126177421620329	394
-0.045536261181455	0.135764697295769	394
0.101397482808089	0.228951546985888	848
-0.045432781214348	0.119603230698313	848
0.117764251830771	0.217360348823862	90
-0.059690857141744	0.145424698872762	90
-0.071315550956398	0.191689985217756	26
0.040676273139966	0.234000148021725	26
-0.057561037157992	0.172879686037518	26
-0.060916568822432	0.210852516921367	26
-0.012812013913392	0.247260915751549	16
-0.062685832719994	0.194443779182852	16
0.102422654194534	0.402677891584284	16
0.046318964731314	0.318796199856751	16
0.112883939314966	0.395614087084845	16
-0.057100788035213	0.16926854674818	16
0.088047757301174	0.307808011783315	16
0.00707432988315498	0.227376121321054	19
-0.037483782072854	0.149115390970631	12
-0.049726011933801	0.141421529157294	12
-0.121494744433704	0.107577687157536	12
0.011229759886355	0.240633739294326	12
0.021416031638142	0.236442888168483	12
-0.052508081454961	0.131565951436179	12
0.107738769428661	0.235989917713701	12
-0.023327801334984	0.719292532863533	13
0.016646627140535	0.475070021911826	13
0.090983361588289	0.731903387700811	21
0.101247020006311	0.75119049827374	21
-0.068646002009805	0.24017147866584	21
-0.071374884710874	0.23445920334693	21
0.070062416885525	0.474699339443812	21
0.100999878811824	0.3241801624834	21
-0.014946794401125	0.220162135020621	21
0.070851677389193	0.226745239226843	21
0.113103771745099	0.480596357492052	87
-0.071084775937005	0.20398825900163	87
0.051701284300066	0.242761545905897	87
-0.062732227983147	0.156451225104036	87
-0.086706759173555	0.158127229684302	175
-0.062088576432189	0.218460246702985	175
-0.113404239269342	0.138808136654381	175
0.071884082356206	0.450515188920898	34
-0.119030115432277	0.148611150239264	34
0.025366125455544	0.359776429761373	34
-0.107194150585086	0.166046847160791	34
-0.115068953609462	0.17327553637634	34
0.040340183633165	0.306025453021943	34
0.117046204229753	0.393554872238621	34
0.120670449571272	0.448132262209331	34
0.050021482518114	0.417669725411969	34
0.105651561027678	0.238334543357332	848
-0.054572333001848	0.126121911392413	90
0.065230663669056	0.133893555668183	90
0.124323668075992	0.332095457640136	90
-0.056603893079136	0.142720717051818	26
-0.124101957980927	0.11755499384073	26
-0.047732083652525	0.134816985236146	26
0.048120192109526	0.323073436449856	26
-0.029468176400984	0.267695659583098	26
-0.00345510540007399	0.299319371042049	26
-0.102610856736609	0.165380330368131	26
0.020427127805939	0.329816344342809	26
0.021101543949291	0.33472078651263	16
-0.112316445694523	0.157601483791644	16
-0.106900414791129	0.159898697399283	16
0.053932047301162	0.230190781774682	338
0.061420764455059	0.319296521396553	338
0.103446588871143	0.221352936371786	12
-0.032539032874504	0.129229165365499	12
0.076418051944039	0.331952268863701	12
0.090810085683745	0.321777081346088	12
-0.025485768291887	1.00676314879043	13
-0.055272043185814	0.781221563488329	13
-0.093297575308495	0.302623417676842	13
0.016490684315639	0.379147216897833	21
0.030230318173266	0.221511906809565	84
-0.021846506716326	0.269285626021932	84
-0.053171610985773	0.141075936681444	84
0.067225129899031	0.444946132787553	84
-0.102957194942402	0.160124769498646	84
0.00525241725474401	0.326998426269137	87
-0.045270388514908	0.147409411746346	87
-0.046152161105405	0.133049084817612	87
-0.014937554076017	0.26804628199341	175
-0.090880080215538	0.185414678365471	175
-0.024382592606963	0.251348194968812	433
-0.026644523674967	0.313256098792924	34
-0.00974505152832	0.317270059473937	433
0.067298498464575	0.427965382386395	433
0.046226005000389	0.473147756804427	433
0.115731889150065	0.668691408283342	34
0.019864706798755	0.388828217156324	34
-0.083022082008428	0.2305671073532	34
-0.112775082593321	0.181664671210343	34
0.031729687260527	0.357695075652022	470
-0.066992526312732	0.166424044449782	34
-0.107400627454746	0.193936219509179	34
0.087373641652352	0.325186355263461	34
-0.071241577714719	0.137871366913692	848
0.108689985473091	0.211199334207438	848
0.030764729419478	0.136875242099186	848
0.034194744645891	0.138608934528959	394
0.03216716893314	0.136396153791587	90
0.066843517840999	0.135003121484549	90
-0.019630211239281	0.12753495410641	90
-0.000531316038690999	0.126701086428535	90
0.078577601383143	0.224558604554416	90
0.076582410764124	0.143047537907774	90
-0.030559271935595	0.140238325410964	90
-0.062193345457535	0.173797616969934	90
-0.042723374479283	0.131078214654622	26
-0.063412360272881	0.204545521962064	26
-0.109954468424804	0.129675523342969	26
0.00549197210044999	0.351387213145971	26
0.028789274488193	0.229627973677538	26
-0.00545055769603001	0.253777192958994	26
0.110949181399642	0.395515657433382	16
-0.070777049970902	0.193838310297149	16
-0.065350492441179	0.148322708195873	16
-0.06480850639853	0.149759593574969	16
0.091509846058305	0.327985091529559	338
0.068999693403343	0.23237248825861	338
0.069829127718353	0.143162050426867	12
0.079214383639115	0.309499948187119	12
0.025052764440408	0.235518869253813	12
-0.055792604189447	0.126262710047289	12
0.016414957975851	1.51115981843459	13
0.084609013179012	1.79151233235993	13
-0.021644663734954	1.15937886017684	13
-0.059294206003225	0.809976839530327	13
0.091311413730177	0.693869393765409	13
-0.058826287633841	0.318168551087546	21
-0.039907293450042	0.357924452002222	21
-0.046657404382819	0.316810985907495	21
0.017817066062202	0.404483679450736	21
-0.072408901675563	0.265193971753264	21
0.083907910955146	0.49549777701904	21
-0.076024707104703	0.220231088893749	21
0.037226198829557	0.314060634730232	21
0.00792412681864901	0.244956341350755	21
0.069044998998582	0.401723707504701	84
-0.117285990945096	0.124946399922619	84
-0.047438614536854	0.260356633678745	84
-0.00311933915043799	0.228011640919455	87
0.086927525568506	0.317866869159666	87
-0.035027146681024	0.160265216270092	87
-0.067564024332045	0.145986278554065	87
-0.03776623242254	0.243711738145408	87
0.038126761194252	0.360305441309182	87
-0.024539259018319	0.267343277528411	87
-0.079063883772243	0.181776610924036	87
0.082188786024302	0.359363777370221	87
0.071744518513748	0.408213408155575	433
0.019412642496174	0.351013682150951	433
-0.118184062983353	0.12470154576411	34
-0.073861957101945	0.204766767991309	34
0.120508938657726	0.470036627473727	34
0.083855273977	0.409743326068462	34
-0.004381961214212	0.261005150888835	34
-0.022333135803964	0.125225985986453	34
-0.05347608908245	0.139731522442952	34
0.092388136009777	0.30680797763856	848
0.066612436997712	0.231387573203085	394
-0.052875184791447	0.125381421474143	90
-0.043497071911141	0.146091965999253	90
0.120649490549653	0.31958518867205	26
0.10978775604772	0.322100251900404	26
-0.036906858206357	0.15120179486538	26
-0.00719691771032399	0.240650158140123	26
-0.110986842758687	0.139029941842709	26
0.107795324870228	0.48016867098004	26
-0.110470662270142	0.135204161866056	26
0.0871320694049	0.307572797307331	26
-0.121657654190207	0.123871826316898	16
-0.058555831301273	0.219882136169413	16
-0.062272965697756	0.173425321481947	16
-0.052226155011533	0.173747933177149	16
0.100892853774819	0.330176952038414	12
-0.034701108983022	0.127468246814826	12
-0.035785761041978	0.131159405140627	12
0.064989429334546	0.226764701673992	12
-0.047653363944533	0.147564975439228	12
-0.060387601477144	1.67076649626624	13
-0.05220526894377	1.41973515522425	13
-0.054542349919147	1.1671175882287	13
-0.077405356137358	0.388127628060687	13
-0.030265498999786	0.392861120618557	21
0.03861084448566	0.456469926513097	21
-0.077461471912007	0.245829974729606	21
0.03281564692554	0.48337699522938	21
-0.098418353437587	0.219538377444508	21
0.087672051809548	0.562033168212162	21
-0.08694294299467	0.202775429201746	21
0.052874029714553	0.433537894219544	21
0.067862199584391	0.542827351642665	21
0.021984380130739	0.416765578038233	21
0.050826205698553	0.407108078832949	21
0.110982427895054	0.415233205849891	21
-0.048343206568097	0.199285629225566	21
-0.096934215052864	0.169263303205372	84
-0.117677955990262	0.138549460893167	84
0.086751405838574	0.453866755320742	87
0.084335108559854	0.326716880177635	87
-0.066843260327849	0.143750415682167	87
-0.124024743523964	0.145316720250307	87
0.03378601597372	0.419256289238555	87
0.028513098924359	0.317305015529943	87
0.124220338314184	0.53920706210133	87
-0.044302923166335	0.22386432504646	87
0.086790380098382	0.404704662633423	87
-0.014325398954344	0.247560463852036	433
0.072713037414524	0.383471541935901	433
-0.00461370457008201	0.284149928634836	34
0.062040448930338	0.334624907311637	34
0.080935634536426	0.438746968284892	470
0.052066364682202	0.403282359051828	470
0.07402617184188	0.445148102102737	470
-0.058037584344366	0.205293370533631	34
-0.052789411035617	0.196492095571833	34
0.028591861410804	0.327966666478964	34
-0.068250264692065	0.192616452912884	34
0.028962178136159	0.224791792990256	34
-0.049072986313213	0.149523285508096	394
-0.064226304288686	0.166424651959956	394
-0.056306261072425	0.172892035561453	90
0.0928909599961	0.32716642039855	90
0.096691506144263	0.311908932822968	90
0.09754277088779	0.386547818515621	26
0.116163894068108	0.532090324389293	26
0.027883537495678	0.311344006245451	26
0.025334906111568	0.298053064730457	26
-0.064940557784181	0.189858712886557	26
0.020185222467926	0.383001389727068	26
0.109328204973591	0.519518074639293	26
0.081377408209488	0.398175185638884	26
-0.01848172068508	0.253931077549744	19
-0.073524962063152	0.153563683944411	16
0.071859471165707	0.366901201616947	16
-0.038758559653544	0.248299981432181	16
-0.055967008827565	0.174975336590399	16
0.10272603325397	0.323638400724582	16
-0.063056397127415	0.158985124555497	338
-0.060272228952603	0.204612401727552	338
-0.059398112200323	0.159831408290838	338
-0.00440644169403101	0.237749217664975	551
-0.061780015117975	0.163523540326875	12
-0.072828307938378	0.139116369094272	12
-0.049005255868229	0.13906446799826	12
0.031306020965385	0.23067848884289	12
-0.070549146337921	0.386600028585751	13
-0.021707541182623	0.51666659636173	13
-0.084079659824505	0.360243473922741	13
-0.08608442840497	0.274203083405847	13
-0.050073430177639	0.247775660214411	21
-0.061718310863339	0.293873348023513	21
-0.058629066323504	0.237919800833976	21
0.00836528896240402	0.300806267602362	21
0.031534148011114	0.302682719270216	21
0.001555870515694	0.362138545833245	21
0.083103220928036	0.474771382870374	21
-0.021283842318757	0.255529961653984	21
0.037648428687261	0.243870916959457	87
0.000268468150738999	0.233627391067477	87
-0.067310299276195	0.155798108295543	87
0.087273872671229	0.302765343575659	87
0.080427221347184	0.31349196587104	87
0.12419557107078	0.324553766304838	87
-0.067982821809973	0.205735292148129	87
-0.10854842012556	0.148219319746195	87
0.07265596737423	0.324012856760843	87
-0.073419568766415	0.164241184684052	175
0.068664807979667	0.31567213245574	175
-0.072776924735957	0.172141732624939	433
0.061604922429136	0.307887539173163	433
-0.112637457612412	0.13049656432424	433
0.00146215649049097	0.234817535309953	433
-0.07414036489868	0.17099289776081	433
0.036864884587817	0.306866563201388	433
-0.070240137234737	0.146320986027396	470
-0.069021296573934	0.155588647308117	34
0.026766608388392	0.315284688126587	470
-0.080157649895401	0.210449851543565	470
0.11434859731053	0.313627650148923	34
0.015547852131328	0.220817469053567	34
-0.065473745895222	0.180457671872389	34
-0.055601952116342	0.17066186439727	34
-0.007056257187291	0.239350298493337	34
0.068052968943108	0.330584703852545	34
-0.019822768794837	0.131552663888259	90
0.111432981150563	0.296696661795096	90
-0.055309593416232	0.153684654917034	26
-0.011634743240956	0.248505379280302	26
-0.11927534040905	0.115423363950248	26
0.118446073985913	0.322356421098836	26
0.065470217873892	0.308692799928427	26
-0.065773453431388	0.148758792437603	26
0.086159147646004	0.324471642446724	26
0.08166739785669	0.315494976440467	26
0.038978758101747	0.323081216875808	26
-0.062931598524178	0.168758895872281	19
-0.055038288786493	0.15230084873786	16
0.045575973726524	0.312608055870218	16
0.029897751000662	0.222383155030042	16
-0.070693347747403	0.152541169510109	338
-0.00597655557188601	0.312331336292658	338
0.028999726422158	0.238594417367364	338
-0.071976028596906	0.147929225560502	12
0.073583050198828	0.306267459963407	12
-0.040146837774417	0.137746064860763	12
-0.062332583230218	0.146308485072878	12
0.028208730856551	0.234744225894807	12
-0.04967378956799	0.164577325420347	12
-0.053380822674441	0.158503481902468	12
0.042917844651015	0.231606101654345	12
-0.072171890798288	0.161722069915415	12
0.031126064832154	0.64831219362191	13
-0.118595757559682	0.131654786642478	21
-0.050663296270669	0.18887356275347	21
0.094925537704908	0.542216315015614	21
-0.000943219314595012	0.338595651581401	84
0.114189852363657	0.580844685246527	84
0.088226066944506	0.323411297613738	87
-0.069182233547749	0.210626456355525	1015
0.023263293568042	0.233331671035911	87
-0.091675234426747	0.163290513390835	87
-0.004586432871444	0.349080645801778	175
0.035603603986409	0.311154771907597	175
-0.053633751033273	0.179571123356075	433
-0.083757994151448	0.197563046766779	433
0.104934154677843	0.328898157038073	433
-0.052398691271068	0.146108710357591	433
0.043772738886358	0.506157306404552	470
0.102634736244806	0.320750229987983	34
-0.071529500195855	0.184731462189019	394
0.00400654596134498	0.231501882773021	394
0.037014610103779	0.234917723281624	394
0.10777378789932	0.387612345378148	90
0.107415576519236	0.374807830121637	90
0.090834840956054	0.396599455163197	90
-0.079424547655786	0.204417333348508	26
0.048657406540864	0.317007700385418	26
-0.050550229444847	0.200021320297855	26
0.102614644377262	0.398304865130507	26
-0.014889727194369	0.249095888530601	26
0.074699996743917	0.430274004628015	26
-0.011966686945504	0.234130698575401	26
-0.122018892301792	0.123142339138146	26
-0.038424393575522	0.307632535144441	26
-0.074505765487498	0.165389204195248	19
0.049534523644708	0.236312024961409	16
-0.06233689758827	0.157446553365996	16
0.040151193463323	0.235562448562269	16
0.086598948802843	0.214030498266063	338
0.116539992138788	0.225737973552197	12
-0.053868968091865	0.158145594371877	19
0.008159350035992	0.230153246105436	12
-0.05226372844546	0.192395683252434	12
-0.048720896853947	0.144059421776021	12
-0.070938657530198	0.131798128326489	12
-0.062418297065602	0.184429313387725	12
-0.094697848588691	0.379207311893908	13
-0.045347149836477	0.404227093085653	21
0.051232869724498	0.569973052400773	21
0.012120112519931	0.412587793200455	21
0.070288223552274	0.521112631966566	21
0.018349887731994	0.431883460047717	21
-0.049523393544664	0.277782007681087	21
-0.110110908545722	0.206786807751769	21
-0.087130395922464	0.176748014020192	21
0.00546971337410002	0.321435637759586	21
-0.108128811174489	0.150090881851934	84
-0.016575539630945	0.245844425872567	87
0.085853759986311	0.397017027702019	87
-0.060316157301458	0.170835362590146	1015
0.00146215649049097	0.234817535309953	1015
0.00382809526400901	0.240990023759008	1015
-0.072464607125392	0.188344780855473	87
0.087975131858271	0.391823056242884	87
0.043970618955459	0.314726452649441	87
-0.062011896195567	0.190309074348576	175
-0.00804257173129799	0.226517851818503	175
0.09090792590099	0.411034568922089	175
-0.000264774373433002	0.325456234342798	433
0.054062250896071	0.329123530544195	433
0.05701315787974	0.33153829425784	433
0.015702186980925	0.232456642561419	34
-0.063085677720391	0.203421624030843	34
0.104118684119921	0.391858716435807	34
0.094168901954358	0.321949918802406	34
0.016410876459338	0.34163016046543	34
0.106307803429012	0.372048688314048	34
-0.051873923565036	0.139035393086249	394
0.02412846040731	0.232719743145227	394
0.102507620356404	0.230151502617625	90
-0.068052656493376	0.156779336993128	26
0.052818220374264	0.376569128183381	26
-0.067285731695056	0.174666071519322	26
0.055987269223402	0.323492479077029	26
0.096111865192488	0.383536357716438	26
0.046164871425473	0.298178969528731	26
0.123861354641751	0.472391446975277	26
-0.075776519692145	0.148900567856288	19
-0.119112202625108	0.125182953099824	19
-0.058951633044141	0.148852592803819	19
0.033626732679388	0.309790860526006	19
0.054872940218777	0.322621144632967	338
-0.06245284001654	0.160017151649646	12
-0.066452889798581	0.144158618654282	12
-0.073058106220097	0.157321207925442	12
-0.114466953354396	0.115890437619988	12
0.082032968960608	0.234119495682696	12
0.00529624687268199	0.221810981533458	12
0.123659034934799	1.20867388824013	21
-0.076914687483746	0.39318318498213	13
0.084365270926594	0.836369241289864	21
-0.089675456396507	0.260525064061339	21
0.103242028190769	0.737000659925618	21
-0.111548905980775	0.218496035035668	21
-0.022792986888214	0.336526163932953	21
-0.11568919913789	0.177019917288263	21
0.035431102993425	0.354191019194236	21
-0.124074178052415	0.105971637443116	84
-0.062403067258661	0.189345878200094	84
-0.076858984264711	0.16381667630534	87
-0.114888945815349	0.158135718564558	87
0.047962330495694	0.3102991389435	87
0.00167799567758098	0.262383003546879	1015
-0.027246721757158	0.256125376272607	175
-0.025585780450772	0.261959486177495	175
0.00451577717824903	0.237860296420767	175
-0.11492792954935	0.131333805993113	175
-0.121250290780512	0.130838791607676	288
0.100626156205066	0.467155851822494	433
0.000730716073901017	0.315840969763814	433
-0.084922044636161	0.158782900265917	470
-0.093737736445883	0.160303600498926	34
0.032952411348837	0.32667917173968	34
-0.025402694690749	0.227118772072203	6
-0.047271321670487	0.16714143128077	394
0.046531415776645	0.216972380719924	90
-0.047333645354768	0.126269282647237	90
-0.04307591622781	0.128805570109219	394
0.045528360835393	0.317461218978183	26
0.01553369402772	0.300255978886722	26
-0.060597589449394	0.170987615638905	26
-0.049622801295516	0.182175649759146	26
0.122253868333701	0.402402413366596	26
-0.064058751971401	0.205821991521048	26
-0.10261023545363	0.14832661995168	26
-0.016176227055461	0.261338118189856	19
-0.00164180066157299	0.243770645718941	16
0.059442156268473	0.293215693970476	338
-0.061126385795435	0.147462369083701	338
-0.065056459520582	0.161508601966588	338
0.12130955368644	0.232438761320452	12
-0.058435993815252	0.178376331492073	12
0.109581126867718	0.310245500274908	12
0.047980255109222	0.229338600799796	12
-0.117121035935788	0.280341359817343	13
0.108223543134536	0.76436782297113	21
-0.112209632185557	0.221620522181821	21
0.00701231784072998	0.431824861287885	21
-0.00110730278815799	0.345195867307619	21
-0.081557558517295	0.22143992337652	21
-0.045343636247753	0.301504663909898	21
0.120574158726526	0.650495190683692	21
-0.05295312759336	0.270374006165664	84
-0.111505287016952	0.135372248556058	84
0.066486975679415	0.385445739014545	84
-0.040233229223069	0.237808664176284	84
-0.014028856013207	0.310806415584048	87
-0.028430954116476	0.27892823447134	87
-0.099430884845282	0.17026344968596	87
0.026656110883707	0.349402411070463	87
0.028723858558039	0.348462060090657	87
-0.11817178194228	0.135876457600688	87
-0.015753427413616	0.28338465067135	87
0.07160019380112	0.318507406745774	87
-0.117533619803804	0.113064463565243	1015
-0.111923153886456	0.137945807101589	1015
0.091109720467434	0.530122406637666	288
-0.118833529312839	0.124204436636471	175
0.063639557028588	0.431604201574597	433
0.102921329611569	0.45618691497183	433
-0.054372684874088	0.198793075520416	433
-0.022158407396869	0.259747962482	34
0.110445225381087	0.474554118403876	470
-0.00947173652962999	0.314235489712124	34
-0.115481530725109	0.113721666121107	34
-0.041078733027404	0.157609841928284	34
-0.047515842869297	0.149328146576054	394
0.075518736697508	0.22404167468055	394
0.095966962501936	0.407668712542611	90
-0.09387152435944	0.185143702651812	26
-0.053037437025663	0.176659920487769	26
0.053227308957873	0.403989012124117	26
-0.00349626278836401	0.242080081634943	1054
0.045461490235984	0.317564662209109	26
0.00345911800632298	0.224534146334216	26
0.049019879261701	0.376348677787155	26
-0.11688614049594	0.131407606396663	26
-0.116916451138976	0.136435726154268	19
-0.009239764831728	0.238614043963807	19
0.064847135635121	0.363017186258605	16
-0.109444334877531	0.132116272028499	16
0.066826006551603	0.313967504505074	16
0.066705815098829	0.322156249902143	696
0.00872926639378602	0.243565788005049	338
-0.055373911120436	0.133349966029863	12
-0.071069920524009	0.165611081468977	12
-0.00475011157135899	0.493659159957228	21
-0.028278748172493	0.366339311056936	21
-0.111220375047822	0.161466884488722	21
0.06189882606578	0.584452492452534	21
-0.072561169013625	0.195164168315222	84
0.016226228956843	0.227781172805487	84
0.107295176742285	0.531394805158852	87
0.00480491075051198	0.339401433069537	87
0.012463504341043	0.331611863317522	87
-0.00293707809552099	0.227384486928053	87
0.059520496530342	0.307069075262034	1015
-0.067025063022683	0.147809116729978	1015
-0.076093780827582	0.158933838001828	288
-0.059887448216619	0.20737701264051	288
-0.055997156759989	0.235808170365549	1015
-0.038656203070627	0.280703441106522	288
-0.075911341592983	0.227143239721557	175
0.068431372236171	0.435911910142594	433
-0.041468729658181	0.272800253877204	288
-0.062266493558806	0.231535014068784	288
-0.062437498819916	0.18963234133657	288
-0.06293617605107	0.231886780234539	433
0.072859645934797	0.324292296032633	433
-0.121264240746385	0.115819315370152	470
0.017601123461727	0.333166730427984	34
-0.026485615927304	0.252403250362008	34
0.07480313273927	0.524076034481757	34
0.12181160125269	0.463313312314128	34
-0.022083498784325	0.23390412651411	34
0.028374450087646	0.230507976292573	34
-0.12105570215151	0.128833172058629	394
0.039060994457951	0.292127538543511	394
-0.055642359747074	0.15843459536922	394
-0.054366931233065	0.125740912696977	394
0.073017830570587	0.388089584754606	90
-0.053119592555665	0.245453967625847	26
-0.068471797566892	0.184853619436543	26
-0.05716335111964	0.143123693152901	26
-0.020898675999479	0.292129321537795	26
0.042832984040643	0.360021668830557	26
-0.06907826251667	0.161182538321234	26
-0.047465954172593	0.263322147040276	26
-0.036198571822624	0.256520460613253	26
-0.084998537935343	0.14856650344677	1054
-0.072108439270227	0.161132489731818	26
-0.116266034343754	0.129110414307913	26
-0.054527432029826	0.266616773005916	26
-0.06771257977254	0.178680978150145	26
-0.056855670802713	0.181125366603763	16
0.055192416788345	0.237742328966061	16
0.091414237769974	0.328587151037002	696
-0.025670502531332	0.215675519158166	696
-0.060928529503472	0.144689055066414	696
-0.023221614843694	0.20590817851872	695
-0.122175615808521	0.0983178032931371	19
-0.043699895696344	0.139394615432745	19
-0.053744942297263	0.142931732301487	12
0.00948320746776798	0.136064553321708	12
-0.061092369017197	0.140206471607604	12
0.075469498112113	1.2893574004328	13
0.062928352281343	0.952851259179809	21
-0.03322816296118	0.285319782929418	21
-0.069325509107218	0.248377125263557	21
-0.00860435390893699	0.430331636030885	21
-0.089790023686924	0.240856749255873	21
-0.019771031101964	0.281164346697365	21
-0.019721395165414	0.263939292059359	21
-0.086055429653797	0.154600855650574	21
-0.018922253516891	0.272232377633803	21
0.106509400406428	0.53802607818542	21
-0.026674774964211	0.396954657303261	84
0.079002536026402	0.553131758788574	87
-0.122959542054979	0.155025406081125	87
0.108156649928041	0.662326461360438	87
0.046761192540751	0.423028619397928	87
-0.109226148490599	0.135936407564266	87
-0.016882701414528	0.23430841170086	87
0.048830875439441	0.392140182868008	87
-0.055383147512115	0.181218151203596	87
0.094946293500922	0.498466631382247	87
0.052184204831621	0.352406164783058	87
-0.067211645832972	0.197758820708587	288
0.01602524003952	0.371284447221478	288
-0.071791059660533	0.173689211152417	288
-0.052973419066838	0.173112612430142	288
-0.00850658466166601	0.261146361861115	288
0.114132008969176	0.40983722513015	288
-0.106663372182021	0.197231859623818	288
-0.02942242229238	0.320088125435131	288
0.072319335848444	0.406466694759897	288
-0.114376705447959	0.171126883970221	288
0.030754858297355	0.426460640349548	288
-0.062606966699186	0.152739362445667	288
-0.070623313777043	0.17014523691834	433
0.033864353739749	0.306598247985164	433
0.109908731895662	0.320260074433722	470
-0.058368560885946	0.161554773505647	470
0.011237750032304	0.303093380614562	34
-0.08807594696399	0.243903963429056	34
0.118482363704633	0.520635441712896	34
0.09493128434781	0.310191503856155	34
0.032438099235441	0.301485616604885	34
-0.058994748647773	0.17225513466802	34
0.098611584377666	0.552009332227055	34
0.080552968130511	0.323570801314081	6
-0.052236452494524	0.156533240299787	394
0.066612436997712	0.231387573203085	90
-0.064301728438621	0.135054818508077	90
0.094963433542204	0.320445231348826	90
0.122568099561205	0.410293425632858	90
-0.02694843968445	0.314072204480707	26
-0.082605778450718	0.221628412759271	26
-0.109692347764832	0.161926644655155	26
0.107299035986982	0.397982130698358	26
-0.069082270494742	0.21169631231459	26
-0.055480011634326	0.154006086939395	26
0.089682166951056	0.309555163721748	26
0.100407477970992	0.475999970350415	26
0.027949432757492	0.452195155410228	26
0.094204377125132	0.389624049508688	26
0.11099786607729	0.325877924851162	26
-0.057660853583117	0.141708950153919	19
0.054492790839417	0.231587342323474	19
0.084972515146204	0.217719268700268	695
-0.046301710014732	0.1873117530719	695
0.074999373351648	0.351505891198575	695
-0.061674924436592	0.142086658187457	19
-0.07441177314214	0.162558452741034	12
0.048950255739474	0.231696101320121	12
-0.093666712253349	0.178920604029723	12
-0.00586069856181501	0.297069744373786	12
-0.107408673030033	0.145496938171029	12
-0.113813402788212	1.12710344305944	13
-0.060364074019623	0.189086191060559	21
-0.026831745945061	0.315238669754425	21
0.122610871381419	0.822805134438971	21
-0.100690724372069	0.21144173823164	21
0.065566989639931	0.794772052241425	21
-0.018053286412859	0.572394352388723	84
0.068788627872295	0.466991992987536	87
-0.068677471347737	0.346564659526061	87
-0.068299519093812	0.263534832231949	84
0.043910937226332	0.233931896261669	87
-0.074220998604733	0.167319816995865	87
0.122319715545604	0.663404904233009	87
0.025751668754206	0.233889467968906	288
0.010660367604978	0.429022277616013	288
0.086503132881699	0.60549374839897	288
-0.115126378419048	0.204648821048869	288
-0.048996788504235	0.132592558714972	288
0.064802335457679	0.226782129334375	433
0.00364228488808099	0.593430718748397	34
-0.048369226864348	0.428002139193341	34
0.112946075296706	0.758667997493319	6
-0.00689509299466801	0.457724082117059	6
-0.046242386933837	0.218456791356218	6
0.063100475107858	0.487670931343242	6
-0.106159515701798	0.140806505369493	394
-0.013658296526539	0.300869145859748	90
0.018252491641725	0.240553098109111	90
0.00451372571675102	0.371496841567258	394
-0.095420499244102	0.182213684039434	394
0.014872104434919	0.483065858191074	90
-0.009909018350097	0.233573212104431	90
0.113313907394243	0.324079472017357	26
0.105481127410077	0.387009005212439	26
0.025919746913518	0.482675930920954	26
-0.013992251683213	0.131361529900404	26
0.016398917479033	0.543868613819736	26
-0.062887537065716	0.177435414733604	19
0.073215369429625	0.146065512760963	12
0.108838194527068	0.233941260143603	696
0.123428270755191	0.387034179764082	696
-0.020294804420256	0.327122800415086	695
-0.023961706684793	0.312165189890125	695
-0.051839142287612	0.272239446253986	12
0.024198443105679	0.352922549533982	12
-0.063341435429738	0.199004659757607	12
-0.090788455816202	0.198465436013299	12
-0.074210183752734	0.274576090714627	12
-0.043423490457937	0.279286361302309	12
0.017661443614699	0.413758494542999	12
-0.056994798901815	0.133246638753544	12
-0.018622007928251	0.286941028945496	12
-0.033616845164677	0.130259513433531	12
0.088713945944472	0.645802843015049	12
-0.115306319889568	0.699294080932014	13
-0.093483184592454	0.198373973880382	21
-0.009292154426884	0.389619522269483	21
-0.043093952674003	0.308645598184064	21
0.021188433758239	0.486689941641856	87
0.058831921399001	0.620860225447359	87
-0.027242906014862	0.128248160273637	87
0.035577862954415	0.221716214985936	87
-0.118831949809453	0.195220244685091	87
0.121822920256764	0.470088194347895	87
-0.00211329489666201	0.29167031116997	288
-0.111643961491043	0.243312344718273	288
0.00335715504490602	0.228336487783638	288
0.110105097382142	0.367995471013978	288
-0.047654349309635	0.126747698289297	288
0.00887624304016199	0.616423725822254	34
-0.022013767038386	0.44555281358132	34
-0.053910539350879	0.133153820280317	34
-0.034537433142908	0.369702702494379	6
0.064229778656269	0.500740189391547	6
0.012637246973647	0.237893358441111	6
-0.00728357886394701	0.230315704478457	394
-0.039332430561468	0.226585785523101	90
0.017599584934566	0.224443715593503	394
-0.099984394681357	0.145807377246451	394
0.118536290694903	0.647082255300704	90
-0.012433199217794	0.336450028384047	90
-0.10601380775603	0.233321212385031	26
-0.062492979072809	0.130257928052026	26
0.070072555325891	0.234381063144648	26
-0.054316626012829	0.146325620944377	26
0.038641283233404	0.135314891324321	12
0.071535555644637	0.235138008829036	19
0.038385077519268	0.141731678410218	696
-0.021259989961666	0.253829962413	695
0.009634092506072	0.243585147208208	19
0.017374613018141	0.359681062388435	12
0.108453570981432	0.525854169846924	12
0.106853151579212	0.453758948040774	19
-0.098951240286631	0.160779011153774	19
-0.038411530775524	0.309759650155449	12
0.080599414418364	0.610113899932518	12
0.03046885523677	0.136162792017213	352
0.017586995475584	0.502881927510609	21
0.059810472607853	0.851648440209317	21
-0.069917155975972	0.261821189699451	21
-0.022855516311635	0.262837396701976	21
-0.020425997042478	0.266722277035735	21
0.081145335112901	0.59535363918752	87
0.031264265699586	0.521892816542105	87
0.093109909443133	0.390323499064829	87
0.018409138976041	0.356745404484216	87
0.025748772223142	0.33261645464814	288
0.039431917	0.428651427814414	288
0.111593059117065	0.483503037897133	288
0.024745457952336	0.322012282208267	288
-0.000756143565986994	0.249619715147955	470
-0.063705688649233	0.190143048012309	34
-0.01491232909052	0.248505459721621	34
0.025971691658205	0.459257348687657	34
-0.016177235920762	0.418813029806324	34
0.0888002278214	0.317224376720878	34
0.119361537105436	0.669781590232248	6
0.02021815567043	0.30009359780922	6
0.104285712650532	0.322491827204277	394
0.062625029056465	0.305728609118072	394
0.124440936128345	0.513172644190151	90
0.112298838141867	0.550575661693621	90
0.077139374401452	0.425082035728987	26
-0.04972323106413	0.261179321764911	26
-0.05401603334141	0.225046816894798	26
-0.071102165445198	0.16409368971511	26
-0.079352732804811	0.149293533304964	19
0.105241501290886	0.324277759674887	12
0.022844121923328	0.231432654086901	695
0.094032030706082	0.390817940167535	695
0.063267408175814	0.323803577453822	19
0.044782593262747	0.302015603774433	12
0.110568345123109	0.307638644912032	12
-0.067990377590735	0.159776622011117	12
0.00599723099913502	0.240265716637248	12
0.084094911269087	0.338084173621483	12
-0.071632490025421	0.157625292303166	12
-0.085636716052697	0.141308888106962	12
-0.099753058919373	0.161678453590541	12
0.019915776783761	0.342382048941033	12
0.123078788719838	0.470710756497958	12
-0.096565008934515	1.18681957284246	13
0.041534867976138	2.4454462203552	13
-0.110828910220559	0.59313283254782	13
-0.103018295152498	0.618543704625018	13
-0.076873891773248	0.680865488359659	13
-0.068637510674447	0.850079664374195	13
0.026504966309969	1.10883575744109	21
0.114860623695134	1.32854858204808	21
0.105146268329062	0.957395756200216	21
-0.050560106842247	0.465882593971664	21
0.073782022888876	0.63826047247102	21
0.038804927740673	0.534557556177224	21
0.095105216828767	0.652753501471764	21
-0.058754380231023	0.284096474488692	84
0.09681079814125	0.515473093362107	87
0.078773513205689	0.356075233933578	87
0.01216575889836	0.397602022794259	84
-0.00508948286773101	0.34609730885182	84
0.038439860429734	0.427745790701389	87
-0.069882088757598	0.252649266165526	87
0.052486540704053	0.312770045935936	87
0.057632382700847	0.32014910721943	87
0.00668218490646	0.370588084742636	288
0.073012937322266	0.595136634488203	288
-0.067418992426239	0.225047337266457	288
0.052319409444515	0.518457320754984	288
-0.095791092259321	0.19295040448937	288
-0.123808710931821	0.148811964518602	288
-0.062097365376751	0.197072969602622	288
-0.109479490679548	0.143637893144124	676
-0.031958788664581	0.257140688930653	676
-0.05297170719607	0.258770743174181	34
0.067928039713056	0.327884148551675	639
-0.106919941304092	0.14889519847212	639
0.052856725273951	0.292510233077878	6
0.070018422412593	0.377544506191903	6
0.033287605283092	0.236894430008004	6
-0.055276580112084	0.137500586217553	394
0.034134332976607	0.217510415918433	394
0.040412368111651	0.317483403519579	89
-0.080986405219078	0.209114025583639	89
-0.049802146325201	0.176932979387557	26
-0.108934323122476	0.139670898666277	89
0.015548235909786	0.337572885381524	89
0.053387575863142	0.323788507282549	26
-0.020511784017294	0.266060340734175	26
-0.011041557402848	0.233281538325919	19
-0.060678098924221	0.125515869100021	695
0.074878288131242	0.224994732946508	695
-0.067421757283993	0.138940044538828	695
0.057849566319216	0.325262204919285	12
0.090531602958625	0.237355964394651	12
0.057986668131723	0.230839173869826	12
-0.012662608781087	0.243830313509452	12
0.037591895123329	0.282057284441744	12
-0.074114170513733	0.960530796702757	13
-0.06314832565774	0.40620186477815	21
-0.043089343899335	0.556488095443511	21
-0.00689457705128499	0.398443951924518	21
-0.065921838342109	0.248787264181253	84
0.007011956065682	0.390500991091642	84
-0.063275331154071	0.317251543410511	84
-0.11286288327006	0.153693523206451	84
-0.000160833099380003	0.362303089473373	87
-0.05373304522958	0.171458411152595	87
-0.112095170491595	0.127908505021205	87
0.113192212919452	0.402851813620872	87
-0.118175333269233	0.172956127506867	288
0.026421628469988	0.353889614153122	288
0.107589585975974	0.567545561362369	504
0.039095172550968	0.43199296844182	288
-0.062280573682978	0.21600336326429	676
-0.082729549438805	0.169821420398306	34
-0.071126072623218	0.213488552102924	34
0.055268283160236	0.410188864391848	6
-0.07183612929564	0.15495691036012	6
0.117705433577595	0.224185046565764	394
-0.037911240948651	0.125355164938154	143
0.07794779363644	0.146035688326124	143
-0.011774624036519	0.268548295665858	89
0.015362262140541	0.401875320734126	89
0.043419143812778	0.300503290244583	26
0.00786813966078498	0.248638950303011	26
0.069368263146704	0.365492298939161	12
-0.002393182544602	0.227240264196627	12
0.07071011010778	0.229941883151102	12
-0.054344356350884	0.158546260261252	12
-0.052756497443791	0.132883488464922	12
0.099227047814674	0.325543817532426	12
0.055927188653644	0.231807586807248	12
0.06722615675824	0.61742136242941	13
-0.105495033831289	0.187716967907598	21
-0.11832878753053	0.155798907765548	84
-0.060134705976346	0.279441692261335	84
-0.088100696094147	0.192700181375503	84
0.012474985192203	0.391016355897258	84
-0.018385522664763	0.274824205100378	84
-0.052245520145107	0.242733264895504	87
0.102924609023606	0.510226698737245	87
0.028010794517239	0.417653217645915	288
-0.103557607526012	0.155882392778558	288
0.09747551274305	0.585687963996569	288
-0.038903109835512	0.310185174062502	288
0.111256402959111	0.331362747060737	34
-0.04634843945064	0.168961280004731	34
0.088727102832488	0.312422490455859	34
0.071191761582442	0.322786417773473	6
-0.00662666638589501	0.264209684108144	6
0.00135963224331098	0.221831206580236	394
0.064472723012954	0.299628803682413	143
-0.011880490815529	0.233139207744457	143
-0.053197386442529	0.208085229838317	143
0.026720736578546	0.209592310812055	143
0.118260398111505	0.31660843607684	143
-0.065893350289285	0.165709746131282	89
-0.019108700273127	0.22584346558685	89
-0.017071694793974	0.253225780132033	89
-0.12246137790211	0.145216477041536	89
-0.028358671983205	0.247799511237872	89
-0.010395299881477	0.258896874304853	89
-0.038054730096372	0.259862551578217	89
-0.002784518374953	0.244109663143448	26
-0.064684016980444	0.145408503145513	26
-0.059431520838838	0.217588158066093	26
0.016201640913874	0.370078943430844	26
0.004494607027131	0.24370005158856	26
0.119411471132511	0.326675802879483	12
0.049399110947347	0.241843960128541	12
-0.122560740760476	0.115394994964112	666
0.037456040262428	0.327253877525983	12
-0.060743610399894	0.162542324443434	12
-0.113657657094328	0.126482230939585	12
-0.048512729660529	0.172935222818513	12
-0.066622996586837	0.158041274702479	12
0.046900262436874	0.326391514070438	12
0.042231434472528	0.333659522966011	12
-0.105693277802462	0.322544951754092	13
-0.112478775033465	0.253674909172374	13
-0.115197843120409	0.17016389640984	21
0.037405094040228	0.386769113460877	13
-0.06673086138353	0.214038208633037	13
-0.101962378791463	0.164395163564398	84
-0.00282933512769001	0.305739249639145	87
-0.056635444099595	0.252643581916755	87
-0.123870082196363	0.174008707978918	87
0.02714389297239	0.368551949169879	288
0.035152613842798	0.550723992232152	288
0.090967862179886	0.598714186932403	288
-0.087975686673803	0.213612767040631	288
-0.117578246201383	0.136834626361472	288
-0.099920482538262	0.214865632150383	504
-0.110167075083802	0.206828896044703	288
-0.116694257823591	0.169772639549957	288
-0.122886338702715	0.16523535891061	288
0.063684326017826	0.602073032502955	288
-0.012308375720268	0.237713093538925	288
0.0154661125257	0.237478969277202	288
-0.027337474927895	0.272902657578217	34
-0.085002118328356	0.267010357569338	34
0.00879617303438801	0.249160698873689	639
0.036728963619251	0.220994643671407	639
0.093902537543532	0.442921914477919	34
-0.027962694267542	0.297264818125664	6
0.116873023787611	0.40195933773668	6
-0.013652062130874	0.280250797777778	6
0.062200881803155	0.365785607376472	6
-0.018782945370473	0.255037186186245	394
-0.111581401694813	0.120094260296702	143
0.103552615826419	0.441091630757329	143
-0.069187985229809	0.153506787929487	143
-0.067421703743242	0.175286171655434	143
-0.109656105768682	0.151712968298828	89
-0.087469176012548	0.235068095367064	89
0.045090618915656	0.32509985729383	89
0.00465485033504498	0.262109140451599	89
-0.124813288899248	0.0971935749915422	1318
-0.036954556706472	0.280903267981715	1301
0.025745120029147	0.241002744284741	26
-0.056254364091545	0.143002046516443	12
0.05577912242268	0.226337063739872	12
0.120970382339068	0.458284870089618	666
0.108368890818948	0.323022039273738	12
-0.015418572331517	0.309562326193637	12
0.022291663161786	0.349013889534246	12
0.031768048951642	0.335781448054151	12
0.039269224910136	2.38782970667444	13
-0.053278536010539	0.328691837332194	13
-0.115690272766062	0.184248511265595	13
0.090061007805996	0.839986478367342	13
-0.075473831480188	0.318839460477742	13
-0.00176061720413501	0.244092926573115	13
0.023227965053954	0.244348657189669	13
-0.077524606585229	0.212598257557371	13
0.00739088508154301	0.45776675393774	399
0.014356816351377	0.222604756769716	84
0.088389999883692	0.403254710681349	84
-0.00444142404286299	0.259277285799607	87
0.070053927121194	0.320509044740355	87
-0.121133958480386	0.172660878008083	288
-0.045474025510714	0.281216219040469	288
0.079817425826853	0.497721131517561	288
-0.093329608731383	0.191967048756974	504
0.043996714830767	0.623143442051237	288
-0.101787507174049	0.172368929441487	288
-0.054802349115295	0.126579489820449	288
0.096124340489466	0.222406231786723	676
0.037151862892337	0.707498775862951	639
0.020765411507752	0.490229917369915	34
0.00908901480372198	0.452440353186874	6
-0.090023353826844	0.227647606958997	6
0.051254555732894	0.472220966284799	394
-0.079620328652379	0.202923101881266	143
0.041186484019733	0.302402618996406	143
-0.055256589577216	0.162992578500378	143
-0.086350037467047	0.208945719751176	143
-0.034565465975723	0.308765572489943	143
-0.064472556587404	0.279292259382491	89
0.057690622813843	0.515240358573753	223
-0.056497561984125	0.295092603203947	89
-0.100754948700388	0.262634979385322	89
-0.060802076649886	0.170360645145618	89
-0.0611927473721	0.119789592224898	89
-0.025354382358888	0.308100718120961	26
-0.063589736817128	0.308100021303159	26
0.05446364546923	0.234335282074455	1318
-0.063080964305302	0.327390742382327	26
-0.057612200041567	0.141924815772453	19
-0.080430961456422	0.207973504088323	12
-0.096798487018393	0.230265264756815	12
-0.010683085595934	0.353728123460935	12
-0.115764753479879	0.965031846858251	13
-0.015437674409909	0.675689577174119	13
0.072334559215621	1.07142837148664	13
-0.055216375886061	0.501137764579065	13
-0.004865007109181	0.490273421521247	84
0.059170553186012	0.539462411504612	84
-0.014661008678542	0.389804554714914	84
-0.056123838003861	0.222459999479834	399
-0.104169041575625	0.196702312655818	84
0.01862761387915	0.473336435923724	84
-0.034694454714491	0.336101853872977	84
0.065273345961968	0.316732778672753	87
0.076301981113655	0.315112902336393	87
-0.066025589340741	0.205675419279174	288
-0.082394744889993	0.245405802588923	288
-0.075665362555808	0.230819554932484	288
0.092741770513401	0.576017952681031	288
0.033285995897234	0.465004225162022	288
0.032872418923	0.419100156271489	288
0.099099357605541	0.555340150850792	676
0.094569572721927	0.507974892284245	63
-0.036883433344265	0.29009331750208	63
-0.113741134971353	0.150092303417767	639
-0.067892985592233	0.267454791100988	639
-0.015623897393899	0.303433694186652	639
-0.065786522250758	0.186035421564546	6
0.088379877218466	0.478236167391503	394
0.085779440996044	0.227987730014838	143
-0.061368873952946	0.14330614983998	143
-0.035865478584701	0.270727258367484	89
0.047626495524807	0.328154599819634	223
-0.045134176262078	0.275981707724916	89
-0.101615668791702	0.194375598386226	89
-0.1119299368022	0.12272154291199	26
0.122343204450296	0.516933487753524	26
-0.016370407614794	0.322357116966537	26
-0.053216827074662	0.14670477500091	26
-0.000482536898320007	0.236134007953084	19
0.094009693516092	0.372018650782806	19
0.021620041454773	0.303032359428723	666
0.102893017488233	0.31292304808443	666
0.082783100558584	0.326965459701238	19
0.00312589976212702	0.22954012297283	12
0.012198539445186	0.23543645963079	12
0.00761799510637501	0.136756852979372	12
-0.042793971931299	0.147793032656358	12
-0.106438693593659	0.156252571779452	12
-0.061333291622032	0.168049423572332	12
-0.084721750740987	0.99544718005345	13
-0.035874716194043	1.04423890762243	13
-0.082786353543716	0.508365633543401	13
-0.113146097430078	0.340011680241587	13
0.053162862057095	0.853598828020734	13
-0.092131263476637	0.364085478987502	13
-0.095719657365836	0.28013680747971	13
-0.010766718150008	0.540377010023364	84
-0.011530306280373	0.349635783891973	84
-0.027939623677761	0.264709854408188	84
0.042187778924441	0.483364834676372	84
-0.066229401378519	0.297665966395804	84
-0.071294323604066	0.279424588582619	84
0.086713679723804	0.329155558598028	87
0.010458773630574	0.442857707999905	288
-0.109946331906011	0.224527765895262	504
-0.047928153529849	0.329187331764269	288
0.025738099198175	0.428785760909448	676
-0.054627862482715	0.278822042604155	676
-0.012588974830513	0.360344272640809	63
-0.101159558717623	0.210498234216684	63
0.035590797771066	0.407931626366537	63
-0.043886563287626	0.347872560523728	190
-0.048565377237073	0.330202290395492	190
0.108400007333122	0.318035064884595	6
-0.015184605471365	0.234251694306446	394
-0.024135813159714	0.125670582374562	394
0.077607412943545	0.228661127039046	143
-0.035684343805804	0.128428896011582	143
0.029901092518805	0.228477382427345	143
-0.061081408535482	0.256239447716606	89
-0.027551736081876	0.290613667418332	89
0.105975583788781	0.384971184682505	26
-0.030450257636937	0.312759743127671	1318
0.025631412643917	0.35513624776258	26
-0.109933125900432	0.18253809290016	26
-0.096510430177721	0.198230576063066	26
-0.071819903621752	0.205511179261328	26
-0.116071187449712	0.117097261382805	19
0.117419504846611	0.522484247815158	19
0.04444320392273	0.231917072329976	19
-0.056126423008481	0.186417025995088	12
0.031704057132524	0.137137733982035	12
-0.052454981680433	0.152443769251988	12
0.04165058697599	0.215868659359529	12
-0.016169293016532	0.129567933417029	12
-0.065572716313606	0.224953166125818	12
-0.113879361146121	0.160157205047	12
-0.00836785509381499	0.243395540184177	12
-0.117498367125661	0.346556439946937	13
-0.099849380338156	0.337498611017389	13
-0.124644152334326	0.112466306909191	84
0.089106429813097	0.644657649827906	399
-0.00621168555582799	0.489078942769288	84
-0.043581197957925	0.132902357103277	288
-0.04844753839345	0.13086243421912	288
0.041544452527078	0.439219419639945	288
0.052757576792495	0.567672166376949	288
-0.051936241848427	0.339747058189026	288
-0.048979572652081	0.265761238502671	288
0.00583363237544599	0.44390884875116	288
0.04870198824047	0.523703108415572	288
-0.107780056555836	0.225587743255964	676
-0.072930789816301	0.29562990611496	63
0.027364328904119	0.514206941951794	63
0.00495715908639899	0.462010326402593	63
0.00751243345656399	0.419573949687779	63
0.025887533055705	0.495516392401446	63
0.07135778874255	0.571018559397386	63
-0.102920034546567	0.167219883876053	639
-0.047698651835118	0.313641392652699	639
0.052454002617164	0.631824157905254	639
-0.00796835823011199	0.121672403910575	190
-0.050524280372313	0.171937802741627	394
0.097529434881099	0.226038904038533	1995
0.067057729578913	0.558752604487202	89
-0.113821035934079	0.146399711843475	26
-0.041240669693569	0.129643032461457	26
-0.124365260985465	0.177139238565543	26
0.071039618738183	0.454056970259957	26
0.00537099277244602	0.238484785438508	26
-0.119878662888795	0.152715193959767	26
-0.03711530159901	0.222495989551688	12
-0.113130986023136	0.143999185331471	12
-0.031578933800585	0.266707326954273	12
0.00523017327515501	0.224267405438161	19
0.095730416093414	0.3095312983288	352
0.099265854308822	0.234959145197399	399
-0.076365396743057	0.259126832964118	399
-0.097760122663863	0.204915811424435	84
0.029358919384411	0.469628951858709	84
0.076686507257322	0.224947780153298	288
0.03277535815619	0.211609546905659	288
0.123897560256282	0.569463063226494	288
-0.06662417224298	0.329249585941618	288
-0.06807683931953	0.239736811474494	288
0.022707774145404	0.342535941856917	288
0.112003936923647	0.650496170585487	288
-0.076977460615805	0.208773579652323	288
-0.029189339738068	0.417408890144424	676
-0.023795826471642	0.440822096075963	63
-0.010905533903858	0.424859289054241	63
0.10865709142036	0.723321051643264	63
-0.101607087628488	0.25550377185001	63
-0.108898428140536	0.202970066937403	63
0.066501543423844	0.64804951728252	63
0.0771756824467	0.642253988711638	63
0.00774744977789299	0.464640704254516	63
-0.024310876040276	0.275605210273819	639
-0.032231082496502	0.368601686255985	639
-0.074183203781787	0.304179084334191	639
0.045277872445513	0.418029727894798	190
0.03867994877029	0.142893417300482	190
-0.120615577192299	0.178823934890812	26
0.052466990702752	0.302029911380941	26
-0.026602389360233	0.291201228566807	26
-0.075362082176649	0.160175241818993	26
-0.025620576944507	0.339161376934866	12
-0.09990443143496	0.203228358076667	12
-0.010425370567176	0.399634356920245	12
0.091545700774776	0.559024389157823	19
-0.067144355598506	0.183396366727395	12
0.01185539302832	0.395049962429172	12
0.00288029947664897	0.235671475192721	12
0.03490833001915	0.336933745978763	12
0.07685482679794	0.226767902555517	12
0.026090053855226	0.130321748071242	12
-0.121180261955736	0.265004251326606	13
0.00555122373470002	0.690298351059396	13
0.08060408863426	0.825173274686837	84
-0.068519921602196	0.358047529035885	84
-0.102082159851925	0.182097755054283	84
-0.11123910943367	0.142501507311288	399
0.030670886185665	0.473934674970983	399
0.053174673962533	0.547109714392737	399
0.087672041437804	0.461028781684874	399
-0.007149615444942	0.350557570798279	84
-0.030880036777647	0.119726981686644	288
0.06874675793242	0.143110747358101	288
-0.004359286904633	0.268869317159836	288
0.061450484279345	0.395559180628194	288
0.024433470164824	0.455519191135096	288
-0.054431172458089	0.159114083183119	288
-0.119949188674689	0.152676676463987	288
0.065058094560568	0.595225216827597	63
-0.067971899591239	0.280948407945294	63
0.000698993832293993	0.431780393056155	63
-0.073081515847904	0.243634272261394	63
-0.044366867711115	0.306282802892569	639
0.103288952149582	0.382315552776498	639
-0.02068533264411	0.235766868575321	639
-0.115453412574531	0.200627489809974	639
-0.0328796708401	0.389195425963129	639
0.05714974527532	0.231272051419168	190
-0.022691877110063	0.258075868150142	223
0.044515574807561	0.214885388450932	89
0.073483616230145	0.145988898993538	26
0.015803217640622	0.244885590510607	26
-0.013405515645788	0.361882297396373	356
0.105299635680739	0.484683171576762	12
-0.107197206069289	0.159641567028365	12
-0.067893307355298	0.256937649319115	12
-0.00587269395634901	0.366551619771613	12
0.051476909381549	0.44054129325518	12
-0.050696097032842	0.151588620732904	12
-0.055860845772877	0.178307003268908	12
0.024094121966254	0.376171284566868	12
0.031358857032841	0.326749351253123	19
0.052356696808585	0.224534377994532	12
0.102455720411714	0.232672490188258	12
0.058521191792959	0.331715175905964	12
-0.04207788451629	0.13195065305624	12
-0.047643642542295	0.137537594328927	399
0.00537243937972898	0.344963167109124	399
-0.098347169935434	0.210141823720612	399
-0.103735713172219	0.212616481719963	399
-0.026556949315594	0.303480233705833	84
-0.042017664581687	0.13390242332899	288
-0.034884382915368	0.133467398347656	288
-0.00913048620621401	0.344200953540381	288
-0.020820745057558	0.363295333175394	288
0.022468321984686	0.428329856037864	288
-0.069776340224526	0.283753611185569	288
-0.065472004993709	0.147907645628064	288
-0.027894660256072	0.33712263264302	288
-0.105878763247388	0.246651750180325	676
-0.00746911372863601	0.439618274259077	63
0.014654089487153	0.494695939887991	63
-0.00517408891104401	0.422075789430452	63
-0.115973150635173	0.243214360599907	63
0.069673598588705	0.574204776815477	63
0.038500814455008	0.527754486258741	639
0.088456970089881	0.410088743925335	639
-0.084286292201199	0.259029577656316	639
-0.097438516371163	0.247069420349328	639
0.029887688721712	0.51121350400474	639
0.073065057035039	0.399290468701413	190
-0.00144300871025699	0.132342341333384	1973
0.031557043546422	0.136963204139605	143
-0.091046110284794	0.18518176948461	89
-0.122188034875778	0.192058054676649	26
0.04217520855344	0.222249607888921	12
0.124501685616813	0.151295106265293	12
0.075504095763083	0.145656507521306	12
-0.045703711369922	0.277105067397278	12
-0.097975787631629	0.350730790226875	84
-0.010854511507864	0.331044237406832	84
-0.059409499687505	0.189760563661998	84
-0.029964588285672	0.269526878448909	399
0.00323328526922301	0.435536628948667	399
-0.046747558868992	0.150445203541266	288
-0.017922394402444	0.391121720080033	288
-0.072046386077165	0.28104837699363	288
-0.102715147939903	0.193082119284037	288
-0.114707347399927	0.202170161072639	288
0.062066029043007	0.550590466409289	288
-0.084068824732255	0.290974375398143	288
-0.071347529401227	0.325708358939026	676
-0.06404269930819	0.349588157720899	676
-0.104023115137888	0.239996022166552	63
0.00922120265373699	0.52550583259873	63
-0.090181088556383	0.277627671399227	63
-0.055639021071242	0.345863355362086	63
-0.123133901230524	0.230302011441605	63
0.094401549233734	0.602398645010171	639
0.035015668021429	0.224987751445441	190
-0.059395815043092	0.14387348314938	394
0.033741329824484	0.134489650553271	143
0.025148020056336	0.130047297222517	223
-0.090495270625857	0.200072751515812	89
0.043857166199951	0.324903229731869	26
0.060817358388081	0.329067858880242	26
0.032858323025276	0.527822599593181	26
-0.072536353767649	0.162478250496307	26
-0.041981252604134	0.303855579246385	26
0.089725125172809	0.583150746449923	12
-0.096308770236741	0.225533892902749	12
0.074679224358955	0.450677830171999	12
0.038677112031725	0.470691549754213	12
0.030144047426542	0.328435752654038	12
-0.113804653042651	0.148385795188286	12
-0.008323581505532	0.246939455325784	12
-0.121557842499819	0.386408046051142	13
0.00815557400179301	0.311183885760387	84
-0.120193836092179	0.119140109132807	399
-0.019728269517813	0.415759167245008	399
0.025951493382927	0.56820940408644	84
0.124017664209062	0.229871022629692	288
0.030031264819329	0.303792761078407	288
-0.038920305323094	0.31583602752944	288
-0.047634181173029	0.365293611736478	288
-0.115589917466049	0.224302751214559	288
0.045111283270715	0.479479102759043	1353
-0.032956492177042	0.44545453018691	288
-0.023404492667642	0.418537566359267	63
0.024439493475302	0.525316674359717	63
-0.097669433930063	0.269853212726565	63
-0.037695532323182	0.374310289711914	63
-0.092224598968793	0.267213512820309	63
0.118275191408216	0.849962439762401	63
-0.110646957989033	0.170776686654958	639
-0.089061715464104	0.289515725509427	639
-0.079550517281915	0.286629435889998	639
0.00317611400552698	0.509272360506015	639
0.062616268194122	0.310584264054419	190
0.049158599750331	0.231099035297638	394
-0.078287883835166	0.161849828207636	394
-0.03564246688882	0.120827411540568	223
-0.052301808818953	0.12692949787167	223
0.098022686303927	0.217929587094096	223
0.08119235794493	0.147100256739691	223
0.051011006364663	0.358814465683577	223
0.00930813972410299	0.435948201956612	89
0.037262111625557	0.296100530461724	26
0.123918071080566	0.861804805226766	26
-0.018459739317826	0.319399282112925	26
-0.063679273545793	0.182863948999585	26
-0.051005627020269	0.290098281390228	12
0.102673425787365	0.556948425186379	12
0.108072593481372	0.454761208673468	12
-0.065319731805447	0.180642109408756	12
0.097707277366192	0.324027760884336	12
0.00715547000606298	0.22837896411558	12
0.041035733965181	0.5820597496598	399
0.019153098499187	0.599840209415378	399
0.114783532314856	0.92867438857977	399
0.035040338618642	0.598809980539605	399
0.028032615403596	0.48457417310909	84
0.087081193644601	0.660085684705166	84
-0.10737052222336	0.157320211865529	288
-0.120578761176796	0.154017123668298	288
0.097880735536309	0.842170011537468	288
-0.088198179870654	0.274081527145492	288
-0.04574092343476	0.323625102585541	288
0.032943958816597	0.371764895001339	288
-0.085778261535183	0.242043166714677	288
-0.063224141350688	0.270803757158336	288
0.048310593874659	0.6915875066894	288
-0.047123623202326	0.376982032073127	1353
-0.083363716032289	0.247971130864869	288
-0.040757341898301	0.287588194638436	63
-0.023249778677724	0.275091073961963	63
0.017714667667171	0.349698629550986	63
-0.110218944764687	0.143380938032958	63
-0.052231117605242	0.232775665000758	63
-0.027822586647989	0.308852306389407	63
-0.027757971081585	0.262378861187726	639
-0.00575853240857799	0.461587033961586	190
-0.03660151825988	0.319104231904039	190
0.094851428548662	0.443866448249395	190
-0.123555269762798	0.117591058424883	394
0.015229221838543	0.344812441141233	394
-0.065832563908699	0.186375004806986	143
0.085235944506224	0.388267400604959	143
0.079009931291488	0.327910145140955	223
0.109011164818317	0.303841292161493	223
-0.012749938932673	0.270285037372147	223
-0.001454271388455	0.387598644137757	223
-0.012395583855847	0.418871157206954	26
-0.106914403519076	0.225280153092601	26
-0.089030710247219	0.233216211333948	26
0.08288821507328	0.596190016515657	26
-0.065529925473516	0.191270722743977	26
-0.029044626003688	0.291920370205094	26
-0.043267402228953	0.255729687498736	26
0.05640391452699	0.413548824055679	26
0.104634084182368	0.504361833920377	26
0.034509637425534	0.623547753543432	26
0.108749139157092	0.469687825604775	26
-0.120052487527688	0.125209492040725	12
-0.119581728264782	0.147823177425018	12
0.069866022272643	0.430985803130426	12
-0.06536143448891	0.262563733206683	12
-0.055906511491061	0.246631378324723	12
-0.120311941578468	0.178684489812871	12
0.062632883127812	0.326399889110939	12
-0.028850008366326	0.25449771585407	12
-0.063621431232137	0.219623986620681	12
-0.00695900985829601	0.395608969893506	12
0.00700157786914901	0.235959859501058	288
0.092307776662415	0.790503415881188	288
-0.099353352396595	0.238310611333901	288
0.027823883795152	0.498896739529788	288
0.120012640390749	0.668813857746167	288
-0.09189565192952	0.26793086680616	288
0.046507873878517	0.568822425795071	288
-0.071876396324831	0.312922145294991	288
-0.070082364502324	0.304196997163608	288
0.0228068253175	0.519875965266092	288
0.00555707061034699	0.430691374935047	288
0.03026228557508	0.435267960771455	63
-0.055578822676531	0.268228225727369	63
-0.043705563792288	0.329154012328949	63
-0.06920812492579	0.285672681677771	63
-0.095584087780857	0.209125677066012	63
-0.121187571204241	0.191749393515712	63
-0.043333097315248	0.321162342825867	63
0.011795137901097	0.348271627544662	63
0.064597189840318	0.586498660475557	190
0.097427854607838	0.717664413328159	190
-0.076615032634505	0.188576120162807	190
-0.05828683842059	0.147734786814351	394
-0.055320857153864	0.145302427561276	112
-0.0615455431587	0.134461509561201	223
-0.053235337799543	0.128316847386383	223
0.056762362263983	0.379134628497324	223
-0.09232621039506	0.25258871674761	89
-0.051160927848084	0.315266466295532	26
-0.066963107978755	0.266993290247576	26
-0.123716530957013	0.185554264251461	26
0.05527551664837	0.421028390770239	26
-0.021707599704938	0.309962941906849	26
-0.02505798873393	0.34289044912729	12
0.088776646659729	0.580982040033421	12
0.070121022614747	0.508943500417184	12
0.04089768130658	0.370586009481701	12
-0.106606939156052	0.183996726140193	12
-0.091816832763374	0.219338949343418	12
0.044166074828878	0.364101038710485	12
-0.054503444821532	0.140778390903162	12
0.049227564683806	0.297721565409924	12
0.097182212550042	0.228639428695512	12
-0.067230352843631	0.139129696359975	12
-0.11513954749882	0.242861568413525	84
0.012303261641031	0.497029941740654	399
0.096993939347768	0.951514100819496	399
0.014592661904558	0.553227261848895	399
0.033274059118432	0.599959254988264	399
0.048347997925324	0.612367676054664	399
-0.085037197692352	0.272019731349918	399
0.031300635552112	0.372665696830139	288
-0.022637227925235	0.264598320143904	288
-0.113945780025079	0.149650668774428	84
-0.01960359261914	0.312368124842743	288
0.094930683585679	0.656954641550095	288
-0.108319323795996	0.212755856922782	288
-0.083076793139195	0.250412566919548	288
-0.061162989524707	0.320232483108271	288
-0.00895222390624101	0.434634999412793	288
-0.08654374580771	0.291753839093953	288
-0.021336151565702	0.382596402137233	288
-0.079104029973168	0.250837331206162	676
-0.111253167629622	0.181168380074118	63
-0.085637235102346	0.208421577234461	63
-0.065930726463848	0.261998772096319	63
-0.01827202270072	0.305792454306242	63
0.083412534673634	0.584457248241043	63
0.00509244999333602	0.379393064798118	190
-0.021518142580837	0.374886446555425	190
0.040268283619453	0.448325131809777	190
0.069421326832984	0.414191428027599	190
0.057466944611831	0.23603295335706	453
0.097973702212216	0.316936952249569	394
-0.06549151579734	0.151160931951343	143
0.047486274996289	0.227229528015314	223
-0.043083342798887	0.146851194878067	223
-0.037730916827556	0.134430667774154	223
0.0000863605763429809	0.377998601914727	89
-0.053665171858253	0.273140634527367	223
-0.102870320892196	0.144111617447807	223
-0.08280135476905	0.240030336352056	26
0.00613938444637202	0.38451678942261	26
-0.046519423921	0.273342169401693	89
0.00537505027124802	0.387961126656457	26
-0.067162934857357	0.297639132753687	12
-0.061393863638468	0.227428076232717	26
-0.102989216867967	0.161901608075219	12
-0.060936865869518	0.208414532469861	12
0.055023229911626	0.401024006065578	12
-0.081745483512654	0.182261126481032	12
0.094312334317495	0.400772891729887	12
-0.058771745597079	0.206185371331803	12
-0.024602174409391	0.274102121825892	12
0.057112244089229	0.392537513481125	12
-0.085024149910084	0.190598370252792	12
0.074306369996108	0.392747576417588	12
-0.045972047911819	0.227822908097402	12
-0.024331659856051	0.280930277184123	12
-0.047047551824455	0.255330146381434	12
0.10978775604772	0.322100251900404	12
-0.093047029024157	0.190759505860396	12
-0.051954614750831	0.139778410865547	12
-0.055227689379657	0.146080091103186	12
0.060609085909753	0.720314551345242	399
-0.055531623871304	0.368006127212637	399
-0.113070634117705	0.195380245114444	399
0.078980235014529	0.710343981509248	399
-0.002123859431097	0.282417754524239	288
0.086079837928881	0.612167097907491	288
0.072286412564636	0.599763888492338	288
0.067376871134134	0.520426464377724	288
-0.046209279944524	0.344601484187532	288
0.011340539968288	0.387397672229788	288
-0.122419518936292	0.170311920380076	676
-0.099555539335469	0.198378434232362	676
0.024605355099997	0.404075079898023	63
0.08559717930341	0.567069910690342	63
-0.062155430119905	0.292440525869779	63
-0.019524725395678	0.371444108147262	639
-0.063883176678412	0.28232438120533	639
-0.039722627327479	0.303733848521368	190
0.036276587329835	0.472631462606486	190
-0.070269608642162	0.160307566216754	453
0.054851918219867	0.387434759955602	453
0.013398530640816	0.220615784271614	143
0.097700639413473	0.312338617585618	112
-0.05450507027342	0.155007275069332	223
-0.023687361898683	0.247061523293201	89
-0.057207456920187	0.252391079160315	89
0.045321317480996	0.425295669553413	26
-0.01889378331411	0.357713893029584	26
-0.023715853411779	0.399334174193277	26
-0.084790039739017	0.214243061985094	26
-0.095340867558497	0.216027613541797	89
0.040522014816169	0.457589601449848	89
-0.072704066949775	0.243977295461074	89
-0.037344785446273	0.304819364804633	89
-0.1203356936516	0.203017702152648	12
-0.061967843930704	0.216890972251295	12
0.085857896636457	0.456489410741507	12
0.052724889738724	0.358380890916482	12
0.052062425435573	0.4424482571904	12
-0.050018173510939	0.261755692625343	12
0.038813812488242	0.23382886623149	12
-0.055574828762629	0.153384128889274	12
-0.007467724384363	0.254770942586471	12
-0.10701078483457	0.129865566995947	12
-0.079544241419164	0.343511249284519	399
-0.086479831218133	0.303220201994209	399
0.111274893025586	0.828664298797105	399
-0.001907136647398	0.475339410372548	84
0.062668773975784	0.546250504376308	288
-0.100051934872942	0.243385720626086	288
-0.11033425675586	0.24247833519483	1353
0.048583011088718	0.395206718884742	288
-0.034460821176854	0.287651763031709	288
-0.048938152909042	0.315580041455075	288
-0.109251406079853	0.23824687851008	676
-0.073844158227426	0.28513221140029	676
0.00706790927021	0.468556087686948	676
0.027526826447808	0.546971204101105	63
0.043298470776107	0.543138962604402	63
-0.071841830135086	0.298021287138628	190
-0.059123370850012	0.186958184141299	453
-0.074641303768189	0.192907896017122	453
0.047904505949803	0.309467038442313	453
-0.048527128811387	0.150404799101378	112
0.031704057132524	0.137137733982035	223
-0.070733725439152	0.15542369471022	89
0.00296378817923898	0.395636079088386	89
-0.079737795653269	0.249411140554998	89
0.068893983451253	0.560317940800162	26
-0.061529725319449	0.201867530423498	26
-0.049922204512216	0.298448305777458	89
0.014791297172639	0.506619903121623	89
-0.052921372325075	0.315147813284059	12
-0.026935025178305	0.2743137261992	12
-0.104227493881071	0.206376122083702	19
0.091904844437966	0.492431355146052	12
-0.054506156046487	0.208803414948634	12
-0.060369389431467	0.225352128447475	12
0.00147411092512401	0.362570349209891	12
0.104115257611728	0.485032359563275	12
-0.018016386664352	0.129884584227095	12
0.013190724285914	0.235266538162555	399
-0.048539923558468	0.352092450737207	399
-0.106729253124834	0.17404979731416	288
-0.110264295675511	0.227751231828671	288
0.100052650982539	0.730582593321918	288
-0.00296592001646001	0.430555424616172	288
-0.10776518035487	0.197569916053816	288
0.029223169538622	0.499462385756428	288
-0.090896816817561	0.220136767971796	288
0.097815603167132	0.75399304582837	676
-0.044964392423317	0.368735939878324	288
-0.0206989885882	0.438840605730958	676
-0.054215662146312	0.361863357025413	676
-0.106999525073546	0.227590794792116	676
-0.000999462988665989	0.483798679265724	63
-0.093672174356884	0.253879131201531	639
0.027710190235257	0.244446343075073	453
-0.03465609764357	0.13433684014821	89
-0.033449156471104	0.299735092019898	89
-0.039586467779311	0.296792965219863	26
-0.005569856388314	0.405673141590475	89
0.051785445560144	0.573312286326029	12
0.020107759754371	0.488279717179514	12
-0.07891032542643	0.198478124833268	12
-0.025451747571851	0.322699934526404	12
0.029037012128235	0.376010166711148	12
0.080545809436304	0.594715437158934	12
0.039066181604303	0.459762062630747	12
-0.092848759107386	0.225395234371424	12
0.029371726191145	0.347452805482102	12
0.026042159941453	0.335901395169669	12
-0.092588541673251	0.194907839839029	12
-0.119781974530732	0.173337836529041	12
-0.044371658490064	0.265440606806353	13
-0.053468344586224	0.206004170402113	399
0.033013475886949	0.227998278892863	399
0.037865555616823	0.502281084281623	399
0.024030082539074	0.502281852616453	399
0.00885008519987401	0.135791472676437	84
0.025775569504233	0.228976377196897	84
-0.014637658387962	0.298768600462148	288
-0.062243042067221	0.336295212766004	288
-0.010375983216414	0.437056767628816	288
-0.093542800345913	0.232565352093976	288
0.033600683072776	0.394253167978167	288
-0.093882123798925	0.250947977786181	288
0.015385357541508	0.336281667906023	288
-0.09546268439267	0.219228496285667	288
-0.04576503083207	0.374188534358709	288
0.098985110804581	0.754822067713746	676
0.077196521734247	0.666425630798729	63
0.047858498630405	0.547384859061809	63
-0.104209118452068	0.240069737092031	676
0.094755296111896	0.726326106772279	676
0.114055101805903	0.825997338954419	63
0.01178583996885	0.345769058443177	639
0.00446722995172599	0.442255011876567	639
0.099440159310668	0.695026064414803	190
0.039846746534494	0.575524362879347	639
0.065632225673342	0.136592610073156	453
0.095080114842465	0.290536489613454	453
-0.023699864158112	0.126979792741107	143
-0.09934752081304	0.171583496388386	89
0.027239515602323	0.243539058223506	26
0.074282802480959	0.604012232656294	12
-0.038448731967304	0.37947522937127	12
-0.005507416976194	0.476409812786516	12
-0.10685023751389	0.232368665314816	12
-0.106802033787093	0.224909311741572	12
-0.104518557561846	0.148179737949288	12
-0.06371679762297	0.157290654804598	12
-0.059630060405869	0.261248117763588	12
-0.057435634456328	0.281141846501695	12
-0.079791643026616	0.22477052036385	12
-0.087446072836823	0.258789009263282	12
0.061089194018778	0.428632256521626	12
-0.013094722544866	0.227408783767272	12
-0.112525327160628	0.147754561668051	12
0.100168077360041	0.623466670988927	13
-0.053625928570392	0.135717195518687	399
0.062495816304062	0.678533384648874	399
-0.07919274338224	0.277979380890572	399
-0.052198412059607	0.323989213630282	399
-0.029186121473126	0.30800782630387	84
-0.06505962923857	0.139673221906718	84
0.109973317646551	0.322341110842826	481
-0.020156190052286	0.327389696311731	288
0.039716201073259	0.564489178590513	288
-0.115441144243534	0.21278564215771	288
0.019455232512387	0.440530742317266	288
0.039051511798958	0.311469882057223	288
-0.016031910744985	0.225163147180512	288
0.049236795619763	0.327621603658693	288
0.01513057292049	0.342581681009019	288
0.119906646482234	0.706296065340187	288
-0.094403824640412	0.241160188766415	288
-0.019837263402986	0.302464489712586	288
-0.04944469877783	0.37019560051778	288
-0.05447614095359	0.361556711282753	288
-0.045461391114888	0.376592196001484	288
0.038546828197135	0.594849884919703	676
0.013318057856393	0.523434714397857	676
0.054293567747693	0.589529623070209	63
0.082796656764058	0.731860935746757	63
-0.08483737003382	0.284661757053228	676
0.115174238881477	0.497290330503985	63
0.121554274968964	0.220461316017399	313
-0.048617062544581	0.115092458912704	89
0.079091650705829	0.726181687542682	12
0.047683444052658	0.599481904421601	12
0.015604046559877	0.399007950349342	12
-0.056979792043758	0.316619576479601	12
-0.021680562848699	0.384720049975717	12
0.031719121020854	0.502714572733009	12
-0.119718695791098	0.165674311386503	12
-0.02256477295245	0.376421919006157	12
-0.114535032432771	0.194736020283764	12
-0.010512613625201	0.249554122278496	12
-0.00942079781779501	0.330834230547727	12
-0.089741281720601	0.243049157863258	12
0.081777535985273	0.290077950108808	12
0.089404837945981	0.315522131939622	12
0.008927865596428	0.355030431149592	352
-0.000976932663438013	0.129353896439686	352
0.096640750142759	0.660477661578591	13
0.039909049428453	0.33092639273728	399
0.026355340675408	0.661365540831666	399
-0.018739869956601	0.53020265835619	399
0.013268921030178	0.462496834238721	399
-0.085329641239147	0.271556343023886	399
-0.050135248717603	0.298666975528115	84
0.110367657412724	0.379936549626524	84
0.021340484668506	0.530723328284527	288
0.068854935893694	0.705200919011003	288
-0.096852669466847	0.255645586047732	1353
-0.00693180520848899	0.268141415241465	288
-0.067971521300423	0.174392599910758	288
-0.10610199715393	0.262754565342042	288
0.077752679597109	0.692375246212802	676
-0.116005771489295	0.20573527476872	676
-0.037397953053813	0.390045400700973	676
-0.032644428973635	0.385043217471263	676
0.11496590456941	0.907080079334417	63
0.028802017711611	0.589458353351933	63
-0.028043363231798	0.380872843951618	63
-0.076334603844786	0.294926506646169	639
-0.044807122971306	0.33511756002518	639
-0.032496365220879	0.130258184863538	2
0.117258318808295	0.224635461341713	313
0.003435388076653	0.223808531006525	313
-0.094990529886466	0.232630759814196	89
0.024479936454057	0.448158303751804	89
-0.010448792611095	0.233412070818369	447
-0.07102562930176	0.163787124861898	447
-0.079187500372966	0.287860013280589	12
-0.122919694437873	0.146399562835146	12
-0.071758591436645	0.249134713704186	12
0.120509338245842	0.671086147650403	12
0.024688416357569	0.488444929708854	12
-0.113910036021907	0.14142100999212	12
0.110119060246356	0.497623246657822	12
-0.110762307304553	0.177148126635239	12
-0.093645984566629	0.141125875113287	12
0.033218574367711	0.341762605461717	12
0.07518171876291	1.1473926098408	13
-0.055589890654227	0.357983219321085	13
-0.019227940525112	0.47593222176501	399
-0.068950554623785	0.346212187188014	399
0.091652297126529	0.868422605749871	399
0.019766182680222	0.630229035906841	399
-0.032819486112846	0.334257844954587	399
-0.119901268189141	0.196301536254744	399
-0.048372518017801	0.159484569485763	84
-0.061086485099177	0.139619692189224	84
-0.046389076039879	0.127755032544016	84
-0.046042523641184	0.388772995522789	288
0.117235371527559	0.758444846444731	288
0.112898118490991	0.78480553575749	288
0.107904845425948	0.753979523018196	288
0.07798455864109	0.324794148262755	288
0.03459369987342	0.482386205642127	288
-0.015443681041894	0.253070332911678	288
-0.016574118771749	0.38309175983859	288
-0.091019546683044	0.257822068656643	288
-0.100714959167521	0.253282090849806	288
0.114858276034047	0.867391740968087	288
-0.002275507455231	0.487665347555702	288
-0.066685234467767	0.294934872798983	676
-0.04706198334809	0.343209312352351	676
0.012469856215397	0.478938587271942	63
-0.051648108131103	0.157667292510918	63
0.04055409387718	0.143405775286808	313
0.075512847728316	0.144973589171985	313
0.084695203166368	0.347457587929999	447
0.097575180696539	0.679183409020912	89
-0.035291552518098	0.264017400660642	12
-0.012547038768647	0.35553724425036	12
-0.003924267286366	0.273374366569645	12
-0.111222267916131	0.152125044842861	12
-0.023138826533598	0.306282153074824	12
0.102370817027088	0.563439835306032	12
-0.043601974023576	0.142211872672825	12
0.025413609804471	0.334813043203109	352
0.04385172152985	0.242585280942942	13
-0.011723469041125	0.251012879255358	399
-0.11519303014469	0.234859219679854	399
-0.086854753488832	0.321339383312759	399
0.00282493595239502	0.346506676753753	288
-0.037089372684242	0.357659103247321	288
0.022572767640025	0.555975635559127	288
-0.106550189792207	0.209794719881433	288
0.123816923982498	0.802546529500508	288
-0.07018748804759	0.258907236198894	288
0.045298527735186	0.635495069642454	288
-0.031803808665947	0.408816220993365	288
0.037600873743686	0.538209744157787	288
0.065677349013278	0.610337951517178	288
0.050889404082029	0.542479451019939	676
-0.117843213814862	0.217235782676721	676
-0.029611749179095	0.408296442522146	63
-0.089574766224833	0.16380306135779	63
-0.053690006064024	0.316607195249323	639
0.036222657855505	0.139254468380544	2
0.079983440807249	0.150542684518863	313
0.036162831714453	0.138968906729954	313
0.105823136551002	0.389992056873325	313
0.103839657831424	0.627594653610441	447
0.038496199319	0.409007697578229	447
0.09979115779152	0.409267084575574	447
-0.083571999533479	0.250486248864683	89
-0.011344805578191	0.400558950793661	89
0.00488880625932703	0.479884514997371	89
0.088509500539783	0.632023597498583	12
0.112198561361558	0.600560345268272	12
-0.065852622279691	0.205507394554058	12
0.08015538716463	0.524665742644525	12
-0.083716885061955	0.25719038375245	12
0.00285401077091901	0.415281769968104	12
0.080697543094761	0.597797139760285	12
-0.121236984895887	0.16875766791278	12
-0.01917832689675	0.354421860485353	12
0.020851106627022	0.310601064865507	12
0.010775058298715	0.230700667650807	12
-0.071883783032486	0.249896326254679	12
-0.077677504091622	0.220914283552267	12
-0.053143347083882	0.27751425863423	12
0.00269677246767902	0.236139968744057	12
-0.063391925155462	0.177025449347836	12
0.096115848794868	0.323692020390836	12
-0.075947635325617	0.244286012055234	352
0.045256422443881	0.453186956034385	352
0.028941283463821	0.909513306165739	13
0.022682428604027	0.899867654944012	13
-0.087847284266122	0.308488147663632	13
-0.110499036247009	0.185356612560183	13
0.017650367848937	0.341859838886877	399
0.071382793317712	0.704690133802081	399
0.091690003293293	0.948331032983711	399
0.012576379954948	0.612044173596203	399
-0.069053808602306	0.401304586710046	399
0.046598483496818	0.565821725694277	399
-0.040967840874061	0.380291960499183	399
0.021719653192756	0.226120166200202	84
0.087982150198472	0.234214505471586	84
-0.00274237697667701	0.409098595650857	288
0.00833448702823603	0.51708555652849	288
-0.110086428395405	0.215395671943272	288
-0.077338521554306	0.261917297022699	288
-0.111492586782546	0.216306632854017	288
-0.106753566725288	0.232891936313803	288
-0.071756532105132	0.189435430558544	288
0.115822256259765	0.390486564931951	288
-0.106962867912396	0.17485783268681	288
-0.023515402817435	0.370535820524509	288
0.102144034322766	0.588849070610961	288
-0.104097586472063	0.241780047199174	288
0.118579153124263	0.757320901068331	288
0.107659870406136	0.735473651434228	288
-0.111786843514318	0.196797871935865	676
0.010342224325208	0.470825384329453	63
0.008483032430605	0.257951099976331	63
-0.063583620562156	0.288328389612328	639
0.028582001569182	0.534828388835748	639
0.095838438475166	0.477990625843643	453
0.018879673824548	0.348459614410944	89
-0.065489756523699	0.2359129713513	447
0.117409062680136	0.396311948508216	447
-0.093224392685509	0.184440783713078	89
-0.00751090113048	0.390746611934928	89
-0.065165875093594	0.254687636355968	12
0.113841034932937	0.620696339075952	12
0.101504579446384	0.508023919501102	12
-0.073097529333058	0.152192320125962	12
0.081392152632276	0.389942288752354	12
-0.032654767466351	0.272238538948486	12
-0.084723001673042	0.213001540667945	12
-0.053022387287167	0.174503042552699	12
0.074957040720967	0.28414993875412	12
-0.12108433429252	0.132612132943505	503
0.072264622086736	0.143346336174076	12
0.00318886488076198	0.135104359865566	12
-0.039060756108423	0.137181478921478	12
0.082895210595443	2.04515821710043	13
-0.058473886791639	0.353038397651349	399
0.048860391107888	1.02724364913507	399
0.010805314533551	0.663196858002976	399
0.08610633611864	0.88490174950514	399
-0.068115818247382	0.158918450879601	84
-0.110582494018127	0.14073162262883	399
-0.037719083194421	0.428197695456628	288
0.059051613657099	0.683196154959324	288
-0.090151842151408	0.234997989774215	288
-0.00499673397648501	0.373220953177519	288
-0.060394204323526	0.274812995458874	288
-0.069103204609067	0.279004687717657	288
0.093506810845156	0.628311787499431	288
0.011711885124291	0.451019982660506	288
-0.056868880237332	0.304446164559021	63
-0.119588315230473	0.184042957423315	63
-0.074189065155027	0.258547879595305	639
-0.029226316226792	0.303411165369141	63
0.061342955877934	0.613861607607071	453
-0.070419976050176	0.1772504184809	453
0.029602856612796	0.341337110378918	453
0.00469718908706701	0.130391338799771	453
-0.031634394756195	0.260681050801827	453
-0.100093059747893	0.167359442149552	453
-0.076353060036466	0.180508467015603	2
-0.050239101156796	0.138642115242246	740
0.042044565283124	0.220114324003644	313
-0.002670395826912	0.347294825528991	89
-0.069717760927166	0.275462175839224	447
-0.124849486574701	0.166434499188792	447
-0.00729209294539401	0.303145770444335	447
0.093901342437667	0.539008998438838	89
-0.06038176228575	0.160200738141384	12
-0.051868113036932	0.270717269441143	12
-0.070910005245572	0.213427737226049	12
-0.090985352384892	0.181000985383659	12
-0.099864790178131	0.18071211099378	12
-0.060252612093438	0.239195400759255	518
-0.029959828409041	0.248303498062985	12
0.123724653993033	0.462544798062247	12
0.097460400403244	0.467752954006938	12
0.066395867300497	0.409769043240821	12
-0.119320739978746	0.126356669155743	503
-0.06860048204306	0.169789421130423	503
0.00798856051790098	0.247823109711482	12
-0.117517218444604	0.140372796987469	12
0.076875800050151	0.147494108497111	250
-0.111573914950658	0.306481688624138	399
-0.123087679378938	0.362481819036385	399
-0.080691745688257	0.515411299956041	399
0.084990683878199	0.818055594484869	399
0.003735085521613	0.387679666206518	399
-0.021806873470641	0.305297347032233	399
0.078153991400039	0.794864568587477	178
0.058691238043291	0.523803592584439	288
0.021290203726027	0.576416239673491	288
0.029524928960222	0.56658640384104	288
0.017441588699493	0.527078391506113	288
-0.093458159537879	0.27953206107887	1353
-0.062219252339112	0.377023601043023	288
0.105799366380873	0.527837616610225	288
0.060937642858963	0.41795210351046	274
-0.055403592203945	0.247219053552816	676
-0.1113698031437	0.180703709981425	63
0.043049252218801	0.434823580947263	63
-0.011076665107441	0.421392723648287	63
-0.050464104413681	0.302231330825765	63
-0.119633142223857	0.162886208010827	63
0.064575610156551	0.384091029085939	639
0.037632248173804	0.428495291263111	63
0.029992149621133	0.37549738273106	63
-0.110581690276823	0.21124616393303	639
-0.013670261738526	0.355818241143502	453
-0.09262392629846	0.2174390073055	261
-0.016854068129631	0.313138980298033	261
-0.050366316557982	0.340652957979638	447
-0.062568872798602	0.329743232487237	89
-0.109628663673934	0.150715393999355	89
-0.039638989333515	0.377758879430992	12
-0.026781598995821	0.231049275302747	12
0.071937632054308	0.533580464431733	12
-0.070907411169574	0.180449277951925	12
0.018826391580674	0.393126272289571	12
0.022076480814737	0.352193338014045	12
-0.067099328961383	0.163081867428181	2015
0.111644725129139	0.321369062276569	12
-0.042248032864878	0.160592131875571	12
-0.055775692716505	0.158330191802233	250
0.000415356614739015	0.282228468328863	250
0.098961508737097	1.64685563788764	399
-0.028416571829252	0.784083277800588	399
-0.0231929294208	0.865713796489441	399
-0.065418596602292	0.544291341987957	399
0.038160272850458	0.594495425510532	399
-0.010418182120827	0.365067385313876	399
0.092557524790524	0.727459644294913	399
0.093298088902922	0.761612607147614	399
0.059193558849628	0.567500115095813	399
-0.031569289037248	0.340998054589901	399
-0.056801047465131	0.300240388018886	399
0.115303663033003	1.03664373885782	399
-0.120085717075282	0.261467354796841	178
-0.110174253046643	0.319284647421887	178
0.033145726087959	0.503117739451065	178
0.051334825556338	0.444451558619116	288
-0.040870185309006	0.428841732353387	288
0.09289356137965	0.320206460828773	288
-0.056633012357452	0.148406408704044	274
0.07582455658926	0.312294940610623	274
0.018650370728778	0.234760624116827	676
0.062182873892768	0.2935086003524	63
-0.118519139084547	0.287435722798697	63
0.030988016902455	0.597012554907593	63
-0.058491108000465	0.141777918856357	63
0.108822396650375	0.328040837097888	639
-0.038662098030356	0.360715104039109	453
0.045370092960627	0.507948062142555	453
0.091192270672182	0.488854138018454	313
-0.067797954502823	0.216951619666687	313
-0.032273608416597	0.294430481304589	1146
-0.00230615606204401	0.394366282581442	1146
-0.015826577675191	0.445002532447077	261
-0.110231817926888	0.243577434596362	261
0.024426334164182	0.241544528498786	447
-0.036005736029106	0.499587600479933	447
0.033499049799187	0.454532150456179	89
-0.043437037401534	0.157938618505556	447
-0.040419643741828	0.4353109210347	12
0.117319115591316	0.322969339014446	12
-0.069082532906682	0.149796345815857	12
0.07208913876983	0.232023514381025	449
0.04550822975748	0.569267169969479	12
0.098654240425428	0.445605401566841	12
0.094263725199521	0.468225479015793	2015
-0.055627500812795	0.353285673088896	12
-0.101973124263833	0.245156948294689	12
-0.093925679333171	0.212603437530904	12
-0.062691395497901	0.301904527385725	12
-0.096666857143607	0.234619974431514	250
0.034056738127324	1.49328484545504	399
-0.010467888124511	1.09620547331986	399
0.052032863847707	0.40738473417746	399
0.067544972330371	0.483606080614645	399
-0.114545749608414	0.200548762671412	399
-0.04955644263159	0.560097349814	399
-0.105971560631292	0.215889472861119	399
0.067935582228006	0.698286091059535	399
-0.00894227655043201	0.530996513831576	399
-0.03233381158949	0.235471668534825	1353
0.038538698399845	0.527174971366723	288
-0.030363440250759	0.128775287887695	274
0.115155605489211	0.236922568350435	63
0.08719415040999	0.32429754752043	63
-0.090540301771503	0.348529954975222	63
-0.038068631048003	0.131150005531487	63
-0.021767562950086	0.132136885736305	63
-0.018754805923142	0.24101945380751	63
-0.043228553135875	0.434041695407229	639
-0.072086032853903	0.311760391334694	453
-0.116785472402387	0.174704508879388	453
-0.06095542353318	0.20219158564509	453
0.022957766672393	0.409897185796731	453
-0.015998935243319	0.387983526420156	2
0.054884168162929	0.431192313115187	313
-0.067176275147078	0.297117357385906	313
-0.059940404971449	0.270163526152062	313
0.063315863864796	0.572591800813729	313
0.087792904932301	0.739371379023442	1146
0.00172946596683199	0.547670770755136	1146
0.054182849500715	0.728985824084268	1146
-0.104866966963206	0.180047216227218	447
-0.094793217222852	0.285852878552337	447
0.062262040347013	0.227863365957288	447
0.122392498466307	0.23229990047975	447
-0.031531817528882	0.127847337004656	12
-0.026676514074871	0.119594358428709	12
-0.044460511144479	0.392049568442964	12
-0.001767085979302	0.130700191394719	12
-0.11425331654608	0.121985366933769	12
-0.10978211952759	0.251950984539068	12
-0.111354864829015	0.228960419162955	12
-0.016022584849318	0.395086188137101	12
-0.091441077767724	0.296975559362234	12
-0.048365728254649	0.323345195470575	12
-0.005221182437538	0.329270949407571	250
-0.121555358475044	0.266508775101848	250
-0.096932811222394	0.289733143508275	250
-0.088577900869158	0.298223450181035	250
-0.102098767643865	0.268283106865453	250
-0.096575340787935	0.212224132372232	250
-0.014956797100168	1.52919699538145	13
0.124826138258061	1.70978557301124	399
0.024805420017722	1.20516270947473	399
-0.065162213760377	0.515726959780442	399
0.105402204765464	1.07036307033656	399
0.04448303369349	0.753257480549795	399
0.00931652423467899	0.671802122878729	399
0.03622718838891	0.717242849397708	399
0.064924750225494	0.910433203325658	399
-0.012813561897414	0.568296371630977	399
0.120052246491946	0.679356378851769	399
0.100999139886866	0.627234285639552	399
-0.119161989210978	0.177561445997516	399
-0.043729759646437	0.286876900692505	399
-0.019147367679653	0.475087562359469	178
-0.002221960436598	0.480979049423324	178
0.111947550479579	0.626437563347623	178
0.00369529635566201	0.475312073449659	1353
0.033949605800331	0.558426700537419	1353
-0.110288713790018	0.210087392662633	288
-0.096801619233799	0.251724601965729	288
0.018890298053706	0.435398081050052	288
0.041384367738831	0.408256121542038	288
-0.09708597253375	0.151814822058631	274
0.026948682962729	0.312071961699317	274
-0.108211362668109	0.148262110984067	676
0.077704251483222	0.327498824505526	63
-0.103525139489288	0.155987376810802	63
-0.120387503803454	0.118130907578415	63
0.122973198830357	0.584819304715919	63
-0.122736500091628	0.177623720119202	63
0.03709508437219	0.319303943684695	63
-0.013010864688839	0.235887296421429	63
-0.101762228510295	0.178850235327053	453
0.045630049031709	0.301270403756775	453
0.016132969329937	0.323474973651252	2
-0.093112647398784	0.239001232292073	313
0.039672125546637	0.223664052241342	313
0.116913472728234	0.383980154323153	1146
-0.018961194486727	0.303557146969114	261
0.051724401108958	0.553790130764723	447
0.079527561846361	0.391256145687532	447
0.088199903079249	0.426877623326642	447
-0.035134195415512	0.236376280438695	447
-0.00733601499761	0.237105459508066	12
-0.056630540143206	0.185854807829976	449
-0.113407429305921	0.117831653953747	12
-0.08840783087704	0.189200307186923	12
0.011488535806974	0.340810326453857	12
-0.021095008972812	0.214320948199666	2015
-0.063812653980921	0.347692635915057	12
0.010676447472902	0.234406333164806	12
-0.051227121697423	0.221650089126023	12
-0.037111474615512	0.396450362948136	12
-0.00266399153666799	0.319391704814002	12
-0.096584622573157	0.24911736178207	250
0.038506725260379	0.464439916589996	250
-0.061753616512669	0.960799496207864	399
0.02678970903883	1.37653335592149	399
0.097868320151298	0.659473826661829	399
0.095680032100903	0.741785510003144	399
-0.05283257318424	0.358819381385964	399
-0.086435333814513	0.280300496184089	399
0.105115585250999	0.781693001964377	399
0.114496338852676	0.981898144756953	399
-0.043356257740484	0.432020528452894	178
-0.086013108193577	0.229228477358971	178
-0.047148036202419	0.224289053583833	178
0.060568645244995	0.606123721993171	288
-0.106893618113045	0.16555396852273	1353
-0.113211916776539	0.174534116419682	1353
0.08429748790528	0.534691341798659	288
0.011606776924291	0.423099549470794	288
0.099691866735248	0.523627379631545	288
0.077303074350733	0.621385637157911	288
-0.054073762246882	0.17527009327655	288
-0.062190545485377	0.133104519858468	178
0.048101984761259	0.244929324813248	63
-0.04746105142692	0.149070124134864	63
0.043415007931793	0.513246848651671	63
-0.045794220068231	0.145179173236062	63
0.031021845051143	0.521519905128596	63
-0.069207091397424	0.286699703314602	453
-0.01945738090373	0.269337550102508	453
-0.090744707527052	0.231860713109883	453
0.081600624406938	0.488255708296132	2
-0.025678256955285	0.378140696044753	261
-0.026819223434823	0.405036971517694	261
0.064009664509852	0.234283139266975	447
-0.021765233895787	0.304568854760613	447
-0.046669238073649	0.328233208727513	447
-0.052301534792184	0.148284476469443	447
0.025139481071365	0.237918893093034	447
0.050437100744824	0.222010716229232	447
0.108833949731282	0.235981751308333	89
-0.022246042550053	0.25759150010777	89
0.051129606552601	0.227529809555691	449
0.029305967191688	0.249028087221931	449
0.081288950672937	0.232769558511261	12
0.093542627249634	0.318648388479798	12
0.059080632166823	0.408520447027274	12
-0.00494326579993101	0.233079059678341	12
-0.033988705701457	0.35277826608889	674
0.106787749463585	1.14759975921778	399
0.119581356185414	0.72829659974387	399
0.040573695644075	0.832983748244019	399
-0.025558679057941	0.533072106151908	399
0.063374797095302	0.664761991813177	399
0.112340307143991	0.788408277874618	399
-0.100084136789047	0.290693514791675	178
-0.089851148146377	0.377500744427767	178
0.097093400372604	0.578994573788572	178
-0.048779160375575	0.162859633069698	178
-0.00545865505780799	0.383850550805935	288
0.11999837813472	0.560909005419004	288
0.10260964364828	0.629690560907512	288
0.10322793744539	0.664030458601315	288
0.028225400298378	0.244380851891756	288
-0.0319125102396	0.133586769293872	676
0.042989746267911	0.2363756324115	274
-0.01881976878657	0.335333803624045	63
-0.059072054074194	0.322855436986146	63
-0.060012808447984	0.289050502709385	63
-0.038099440476513	0.131237934851762	63
-0.000976932663438013	0.129353896439686	63
0.075376771173531	0.223636427109952	63
0.074333640390688	0.32702558651386	63
0.079079773404834	0.567637743795901	63
0.061086751885284	0.356000260481111	453
-0.099328770177283	0.198559117456434	453
0.054184255045223	0.55290092610368	453
-0.107692636008902	0.196131649780005	313
0.061267051380434	0.424234626735249	313
0.089483080818346	0.55260471531746	313
0.042898752827135	0.42245987374373	313
-0.022764248310037	0.35378982439619	313
0.050223537243725	0.491088921198304	313
0.079682773404782	0.441876272753768	313
0.124704596266031	0.845628629290394	261
0.014285691680905	0.234205216435064	447
-0.053932839266764	0.155808768729917	447
0.099592736700845	0.573960190258919	447
-0.094476344856716	0.226117135761512	447
0.053409725362164	0.67730275787931	447
-0.044447683298439	0.12222683763066	447
0.071364078851348	0.23579362642317	447
-0.053645714221213	0.14082837709803	447
-0.11680660037948	0.175491209452524	89
0.05849479881124	0.233258606326383	449
-0.109749807559994	0.169322493111816	12
0.05518017172305	0.316093002971806	2015
-0.054302583316177	0.163777507109804	2015
-0.105476284705998	0.184291652623351	12
-0.071040152187534	0.280326321875201	12
0.020793338387776	0.452253186957783	12
-0.044433276795569	0.146900704220416	12
-0.047574956382745	0.138698194884627	12
-0.045653314090323	0.134986599562265	250
0.019849414247231	1.2988192542634	399
-0.087656184514814	0.232232553210048	399
0.013827234490073	0.451995834542613	399
0.091828685809482	0.626923825447149	399
0.05229040566133	0.561026159674541	399
-0.097035909332146	0.217615938572122	399
-0.084391264833365	0.46271444049806	399
-0.083349540954367	0.307533315043374	178
-0.106255566785415	0.259339140347813	178
-0.115116854721863	0.269268304322789	178
0.027908760983481	0.928965227765752	178
0.014494968443546	0.216033053372858	178
0.096691506144263	0.311908932822968	178
0.122136484435259	0.581194461908606	288
0.077354934020869	0.396145183891322	288
-0.03461444469377	0.125344574448038	676
0.067588366553092	0.232437525404352	274
0.00460225562389599	0.134519684643832	274
-0.016087245342459	0.131364809326489	274
-0.040052847846971	0.125251952404024	178
-0.110775430898952	0.246853337223426	63
-0.037940626726154	0.126705090954949	183
-0.08505651265722	0.270970671678846	453
-0.0789300428437	0.224185784974897	313
-0.105533496213777	0.182316202673929	313
-0.079931114930449	0.170361183980361	313
-0.038950826974217	0.424299133953687	261
0.060890179602664	0.40911983158913	261
0.053949493387106	0.551485572085401	261
0.075306776155868	0.544201836314068	89
-0.057585976045252	0.15187736406887	2015
-0.0707972464664	0.235451237098807	12
0.045213150286251	0.213811470366158	12
-0.058277732762446	0.173084662111363	12
0.101896065161212	0.745320996408033	250
0.026760373295902	1.96459629079136	399
-0.120485840570433	0.300062668268691	399
-0.022108333158205	0.373384665416813	399
-0.040588528569162	0.306412871016899	399
0.00226509013072401	0.558651000536146	178
-0.057073487181351	0.323097940936687	178
-0.079288565964797	0.226197327690333	178
0.111513251777296	0.544680320200177	178
0.046513590073465	0.405697261933629	63
-0.039268555593064	0.130287193493763	63
0.059421216313584	0.67132288398823	453
-0.102344821623845	0.179204352778231	453
-0.054215500185371	0.151297064423576	453
-0.0516762817636	0.168741731709334	453
0.036708096583455	0.52890331218271	313
-0.054355862397993	0.314887499733188	313
0.0196383159893	0.315621220579871	313
0.067576740960715	0.407678547048569	313
-0.0795214121811	0.309780881727399	261
0.03352581662916	0.132075877258102	447
0.013525741371944	0.211846210617373	447
-0.070622720554112	0.260547544623571	89
0.029677852387443	0.137162658337725	89
0.041901007167091	0.142799596238992	12
-0.015387046847913	0.282638166752505	12
0.041781817060243	0.140216322782527	12
0.099388534186044	0.314096652351224	674
0.08276997024407	0.307695071526408	12
0.027281663557552	0.307133694389083	12
0.058871462903879	0.607509471970385	399
0.039141544581957	0.59474673383953	399
0.023819704865162	0.535782751120734	399
0.020474355060668	0.567490830871692	399
-0.117046055994609	0.290837554056365	99
-0.044816400911645	0.305915006002939	178
0.097781969486319	0.38521184860536	178
-0.095884565369119	0.171256995418215	178
-0.047927696047324	0.282065323356173	178
0.112245133392671	0.399192633821252	178
-0.060760483268983	0.191847663520337	178
-0.058470195245751	0.191400455061934	178
0.03867994877029	0.142893417300482	178
0.021895481729366	0.236274678181946	63
-0.028759422928903	0.377819600258558	183
-0.116404673839606	0.14809128538837	313
-0.010528002398608	0.350315923154658	313
-0.033975572926412	0.290795086202372	261
0.035487627069719	0.431829734811766	261
-0.094906224321632	0.244166885438614	261
0.097287488698963	0.417769210120682	89
0.071725201212342	0.143602615787386	447
0.074817268650295	0.226701697650178	449
-0.026530672080494	0.121923527681782	449
0.111218854640532	0.319793267046112	12
0.101409466486118	0.237152440717425	449
0.012486440964944	0.305971940286153	12
-0.113747514306507	0.138879621912247	674
-0.048678620983953	0.200540619387064	674
-0.11501396765826	0.119943141776729	674
-0.11440706176354	0.18278450576273	12
0.045207295702578	0.507664359990385	12
0.085310055427278	0.582448252562909	250
-0.12326545380493	0.107911911434231	178
-0.122062641543699	0.243366428825851	178
-0.050150040611415	0.137671412958555	178
-0.029263061496846	0.458504309624703	183
0.062297553371658	0.21874426237054	183
-0.023787850869463	0.370052412985679	116
-0.075870993589843	0.265467829116531	116
-0.098215141522667	0.223273495958386	116
-0.114672814026455	0.185243611984227	453
-0.024175696313891	0.250190165520009	453
0.021715330953198	0.352896029938101	2
-0.109837707688184	0.181671573219528	261
0.014556969574406	0.453028589313832	261
-0.032449977049767	0.129569909320741	447
0.084878399136584	0.230763667596816	447
0.002522381841502	0.131542337052499	447
-0.048061428890086	0.126957308953354	447
-0.054298275282627	0.181101585308457	89
0.117517867771169	0.229451087240461	89
-0.012871025320044	0.133372039866766	518
-0.079375582197892	0.231716833098535	12
-0.055288242170395	0.320431493006744	12
-0.124550173676409	0.171677040940756	674
0.036682091128533	0.419325754132111	674
0.124711591994367	0.459045491880906	674
0.048675630780032	0.427888999197474	12
-0.085542863984281	0.223121598681562	12
-0.013483414417375	0.40958367945106	12
-0.051327629368285	0.354374197585209	250
-0.124687241890397	0.163584724089126	250
-0.057064525704654	0.271962931209525	250
-0.00590878040658099	0.420848622286283	250
0.02682003309431	0.3606965379368	250
0.11171332796486	0.685704174747674	250
-0.083742599126122	0.357174335152979	99
0.047403391468104	0.795822652104498	99
0.00245096056903799	0.671474366938393	178
-0.115748737702704	0.226681682589477	178
-0.064801753519526	0.337730245991975	178
-0.046597550758659	0.359638517799145	178
-0.071409657605742	0.311355029972372	178
-0.104870061621281	0.262806973612158	178
0.043522453417079	0.336099100046128	63
-0.116734694213021	0.181212135753697	183
-0.02005284524943	0.256146434383698	183
-0.072969425552425	0.175917104738302	183
0.095347313680202	0.412804278433435	116
-0.051065286896279	0.246688803943365	2
0.104862367338864	0.453465873264526	313
-0.025152224548532	0.24761985806105	261
-0.086901278948677	0.197070870614624	261
-0.106765645614686	0.226475763155761	261
-0.00686411130463699	0.484862099055324	261
-0.06129583919964	0.240245740224802	261
-0.04456108537194	0.292071026305314	261
0.105131387395077	0.497217942947271	447
-0.088428787451954	0.182896636271721	447
0.022614032144838	0.410172787270962	447
0.046411249604977	0.299747687482574	447
0.058355278258599	0.361816345570742	447
0.060910676192702	0.52075244995333	1465
0.00528157437501498	0.230932836120746	447
-0.103294517064783	0.189002409011112	89
-0.063805416219943	0.142148618770869	449
0.095089696320617	0.394722936037133	674
0.082378840106676	0.317853678400342	1106
-0.010382442181298	0.254146985668737	12
-0.059373289558491	0.136321730793862	250
-0.044615409425079	0.156690783929153	250
0.061061761997902	0.971743754561921	178
-0.097726337365748	0.288042503735549	178
-0.080530102981399	0.330462554847395	178
0.036958135858915	0.701185616330178	178
0.101853364018617	0.710286150409145	178
-0.113516747390076	0.233134792952953	178
-0.103342987043151	0.277957657010776	178
-0.103016653901045	0.252851859304947	178
-0.06394713018733	0.272761104852755	63
0.076827838595377	0.469878613312895	63
0.044007466813744	0.483428670631018	63
-0.054218456666168	0.254807442774013	63
-0.118903739204017	0.170346359420481	183
-0.042962022913901	0.314033428979252	183
0.064493294294905	0.516848293530676	183
0.034257747786539	0.477417838558119	183
-0.053259835605078	0.140825138841654	116
-0.062908320638879	0.172600150615657	313
0.00665823553372102	0.136452761254591	313
-0.123291923984748	0.0952284048803197	313
0.104627878021548	0.323713146825091	261
0.066566802644169	0.350150895134797	261
0.06724527231224	0.559578445010452	261
0.066373463078554	0.483039090615219	447
-0.110488649500105	0.209552645969091	447
-0.119774896925511	0.212191665908531	447
-0.046384993637729	0.268932933897729	1465
0.087547708054333	0.507548119984413	447
-0.035630525189486	0.297537403159703	447
-0.041971415216191	0.31447974806413	89
-0.00456867946348499	0.383765040538661	89
-0.015547533338776	0.281062489874699	89
0.113397149220359	0.465393625143732	449
-0.045228850523348	0.209707163192327	449
-0.115230964138824	0.144639616693027	449
0.099332575689304	0.385220159650656	449
-0.115371622256555	0.13457363971155	449
-0.034581308739051	0.243874712703378	12
-0.082261211055358	0.160575283212848	12
0.083093177004187	0.377545100495943	674
0.100128770416636	0.480939250694097	1106
0.06678297175063	0.322410118170324	674
-0.074091875352748	0.17901847152429	674
0.000875538786329011	0.439671245811521	674
-0.027077788804438	0.123934377714052	250
-0.062427758906309	0.276959937892318	250
-0.123379052770882	0.146182315586665	99
0.10258027061929	0.756582137040145	611
-0.0679912971969	0.26815094627824	178
0.07981500024206	0.90869185101389	178
0.124896244245937	1.12578338145073	178
0.083820800896456	0.541707985284151	178
0.101052559521021	0.519241487363129	178
-0.01418219176493	0.493901379069544	178
-0.044453714732546	0.326337887400453	178
-0.062890198893032	0.313055831106297	178
0.115061377458061	0.691173229221499	178
-0.00106054766545999	0.4227799053416	178
0.036311768965954	0.420557394924283	178
-0.005419492147513	0.403425990553115	178
-0.031223194829825	0.302931682337593	178
-0.069043945000532	0.283668488246833	63
-0.089692221553218	0.223649734216412	63
-0.00736846841783101	0.289980192397041	183
-0.089360110464905	0.200622656467945	183
-0.065842270174642	0.19778164124393	2
0.077421951046741	0.235480148104325	1391
0.096106908887749	0.220187047378645	2
0.104083665167476	0.322658932468117	313
0.074298080225556	0.147571021714037	261
0.099842215624164	0.461085093289447	261
-0.017932626946305	0.348402047050613	447
0.090620236042475	0.375322744276421	1465
0.097689152968205	0.325888492830038	1465
-0.115983969182865	0.189068760430089	1465
-0.108166184559049	0.209065232207704	1465
0.053138298493657	0.462128024763534	447
0.050962331025682	0.488488818115791	89
0.00721028678631902	0.345038847143255	89
-0.085406564478355	0.185755026901791	89
-0.049435792731388	0.2131676007329	449
-0.077278408268635	0.201524521382706	449
0.00961870764036099	0.331379889620028	674
-0.027535440767044	0.27348432217983	1106
-0.089595825831943	0.20612407338304	1106
0.074431552992746	0.147374944209395	12
0.092201673906585	0.37928796714727	250
-0.090487365543256	0.565532730380443	799
-0.026048261930955	0.402173385456095	611
-0.022213584874641	0.467646415699632	178
0.052965105049204	0.839272474431367	178
-0.00522937754358699	0.569165858347259	178
-0.02525492411141	0.427116305431358	178
0.082893183030379	0.889788116672198	178
-0.031497959303278	0.409519868762137	178
-0.116510792567679	0.183288517010999	178
0.047570880483255	0.618638050528498	178
-0.080413933078884	0.266543250537502	178
-0.077109057428623	0.28128073153499	178
0.023402221385742	0.457081627128482	178
-0.000149073960980989	0.458959622705869	178
0.124223660096365	0.704625186178795	63
0.021588461915958	0.454939925408731	183
0.016146384182969	0.230175917581632	1391
0.038944025176469	0.136866562949524	2
-0.040052847846971	0.125251952404024	261
0.038434603751969	0.141123027549428	261
-0.112448512779191	0.177625083466708	1465
-0.110443747963757	0.187376417943062	1465
0.051198565662736	0.56353026082489	1465
-0.097868556195489	0.196555648487702	89
0.040201877345845	0.416442778665524	449
-0.072332157772323	0.214390274358491	449
0.072914398458976	0.444147363242199	449
-0.035159112110641	0.260413927148225	449
-0.109377277267277	0.151036181690694	449
-0.066371790797589	0.161640167050018	449
-0.029728825733184	0.220759909964355	674
-0.121998184323572	0.100192928529879	674
-0.084968380380797	0.202198235222566	674
-0.119696543674784	0.447164710157766	799
-0.036890982416016	0.764683839933749	799
0.051190894402723	0.500936179228748	611
-0.051303036344018	0.28240437231047	178
-0.063553086734577	0.407328125256812	178
0.03646318216093	0.749707991145844	178
-0.093094232312266	0.360611909912478	178
-0.023898670483638	0.519984220099313	178
-0.112323516041149	0.271944701242956	178
0.028317393586644	0.372429419633829	178
-0.109516852562164	0.190797418210101	178
-0.037082981026037	0.321472643523604	178
0.120571230368621	0.847219697805121	178
0.056117385054317	0.54981223887848	178
0.106857953467047	0.672740854591314	63
0.060084401625591	0.514211634255971	183
0.06288636791815	0.475190393381803	116
0.08119235794493	0.147100256739691	1488
-0.059184161361611	0.121095146912755	261
0.00551896469318203	0.136183883241304	261
-0.060587796777346	0.272760419082299	447
0.11658501834524	0.725551194610239	1465
-0.047868037575311	0.321495267279694	89
0.047183417120955	0.447408247912499	449
0.099880979280122	0.556634166449424	449
-0.069275868482361	0.224736586803823	449
-0.076550483133742	0.224853385695248	449
0.048672236809497	0.302725733059045	449
-0.071305638498687	0.147440954787285	449
-0.119676684114038	0.125718499520032	449
0.048959728011318	0.320916729189463	674
-0.079484430618018	0.17271923934006	674
-0.041430825334975	0.169825790931316	674
-0.054531740649745	0.160148327160976	12
-0.04224398019295	0.121852155332045	12
0.012856222737716	1.33483280630204	799
-0.092649341479359	0.282417956343571	611
0.049403040108352	0.717948640236845	611
-0.011091950877936	0.549422243059318	611
-0.071262771863282	0.275224378463061	178
-0.112672941814089	0.309502171386062	178
-0.121062157463721	0.271820681580499	178
-0.029463604654293	0.340518458483233	178
0.026817001418923	0.648894726855246	178
-0.075056565211394	0.284203021995975	178
0.063323364059412	0.689502576953853	178
-0.124248336939167	0.200270850958413	178
-0.118936633398437	0.215574489830875	178
-0.11652340664719	0.199799978624657	178
0.052570476242352	0.579851967439344	63
0.045255369437218	0.584562180586833	183
0.123269096234065	0.705290831725441	116
-0.060698399812036	0.169903289439318	594
0.092904471356574	0.220198868050474	1488
-0.047861344701401	0.138531043622844	261
0.078220468940964	0.144948312249582	261
0.115873470268868	0.324804651660828	261
-0.068119628825833	0.161227692859879	261
-0.068331938367954	0.286689640985664	261
-0.033190681411294	0.37505271663716	261
0.043458420398551	0.525424167943426	261
-0.009316237964238	0.376571888111155	1465
-0.109692775955262	0.148140341164903	1465
0.097773611396656	0.756558087231635	154
-0.115649738694169	0.200768415585254	89
-0.07919788212779	0.296059543646471	154
-0.027865128010568	0.403195461780961	154
-0.116802829773251	0.144225153492145	154
0.04154018473949	0.347615525844378	154
-0.10906229390791	0.204111587842092	154
-0.119986328586639	0.170082499486556	89
-0.110695991950632	0.18310762272438	89
-0.11405422449297	0.176792576865602	89
-0.032115795766686	0.303660227384557	449
0.011227941576264	0.326867078673636	449
-0.026612880606	0.352589335517469	449
0.1234972999522	0.603065703560235	449
-0.121115891615304	0.167152176686976	449
0.046387773600058	0.344140554010496	449
-0.050803003758139	0.235467849686007	674
0.055464657603839	0.232637851006476	12
-0.040424469144997	0.132442387383462	12
-0.014963339981459	0.336789771993567	674
0.122114194507168	0.321593271519982	674
-0.016785619237285	0.275250931947583	250
0.011878044116217	0.137781122353666	250
0.00378936648399603	1.32458747869353	799
0.045145499631827	0.742337714655301	611
-0.107466077294743	0.305626191905868	611
-0.095048967331304	0.33057678672612	611
-0.033691925535302	0.438835230959397	611
-0.108810126695437	0.264883804292236	178
0.044473134503652	0.711270388577714	178
0.115495024370768	1.06133642661687	206
0.042023736003933	0.699739849217997	178
-0.00391984787006799	0.559187976657106	178
-0.071421542092309	0.379689941113694	178
0.091324876410592	0.582485614927662	178
0.035954128689632	0.507480622426284	178
-0.116134484373445	0.236424800646243	178
-0.088270526806183	0.278280835811003	178
-0.016149549885301	0.397671179671986	178
0.095377003300907	0.581919954509163	178
-0.086432281994582	0.216031387761608	178
-0.064584265137838	0.282007437179115	178
0.038690861221186	0.481915961222238	63
-0.047886037530665	0.302679294058385	178
0.107415224467171	0.581299062551732	178
0.068086774873569	0.494327542244319	183
-0.051580188859418	0.334416921757766	116
0.092329703462217	0.388589022725654	116
0.066313514747921	0.232726504270467	594
0.051203940159363	0.227936344455094	261
0.123018748163566	0.334764192770011	261
0.024203554977576	0.368221164218789	261
0.081591645959702	0.491775262702848	261
0.021707363332752	0.401561953395898	154
-0.098971849761729	0.205577260231929	154
0.067555122424954	0.536457113744584	89
-0.059594525715376	0.148098800977395	154
-0.09173945707837	0.195186158878429	154
0.020591299773691	0.361288653725267	154
-0.08562257172654	0.203960958301409	89
0.00851040356885302	0.367650736666385	449
-0.075372649954205	0.222386245915854	449
-0.100686135953677	0.164131439061733	449
0.095680846406441	0.384663934292876	449
-0.104585437909712	0.179243071129057	674
0.066520666059652	0.302747718327133	12
-0.083152123921406	0.208567148133262	674
0.03635834911407	0.138398008821889	674
0.071689019120418	0.234996279133379	250
-0.053987492835947	0.135359565513857	250
-0.018220948811432	0.260103944907381	250
-0.119181673803757	0.273871676827494	178
-0.050476833811261	0.454084977657343	206
0.059259086486229	0.75726291078638	206
-0.093151094907217	0.29181309208787	178
-0.023478309423461	0.435514435749567	178
0.022880125910473	0.550042983968225	178
-0.081885441633323	0.234092478616313	178
0.071254509379006	0.525126180957296	178
0.050830783287479	0.425905259190134	178
0.00883915062085999	0.395559475470219	116
-0.121761891746414	0.156743261025117	116
0.056114171775259	0.504374921632324	116
-0.05780170951795	0.135192482108114	594
0.029706489394818	0.222224026563848	261
-0.021821187801889	0.133240543983532	261
-0.044044825372596	0.146098276389386	261
-0.056264242868634	0.215514930771968	261
-0.107794524960854	0.204648758949971	261
0.105748870650303	0.476233525811964	261
-0.117702937834375	0.162257322919775	732
-0.073777707927402	0.200791982658806	154
-0.073277868158434	0.217398550423335	154
-0.019128220146104	0.315509703545711	154
-0.011404329695387	0.32639336261579	154
0.040841973338794	0.392914713824958	89
0.079686358354696	0.370521132725275	449
0.077104330149632	0.305722729350377	449
-0.120446588236316	0.114480757326665	18
-0.123821135019599	0.123196225535247	674
-0.00933064935035199	0.11705560522229	674
-0.08180073991063	0.457308463379929	799
-0.090955808074163	0.454774327629525	799
0.02300784146951	0.739972722619724	178
-0.10059319964684	0.425427295734688	178
0.010647259329254	0.835985402286663	178
-0.027157339400645	0.530552489534753	206
-0.023878074361508	0.593134081201531	206
0.090156359621563	0.97437073768271	206
-0.054764809810069	0.408718275958497	178
-0.042452667643926	0.341629350802796	178
0.060920146672664	0.484198875037204	178
0.087203135297667	0.814429615982147	178
-0.025969069612868	0.361693574971622	178
0.045811716003147	0.533276146164774	206
-0.021701765622231	0.31672739003687	178
-0.120606404201361	0.162223909240902	178
0.01515233137206	0.420435408553138	178
0.05663346768795	0.414054728664253	178
-0.10701872521964	0.169113979988528	178
0.01911395207197	0.418806656525059	178
-0.118028753350756	0.184136121856231	178
0.06269615743449	0.425915582947482	178
-0.05459736427484	0.283863009906597	178
-0.104525574718288	0.180720538626689	594
0.071167488827728	0.238780629500483	594
0.084175174257969	0.234902590775258	261
0.105805980021812	0.232521411740927	261
-0.011702331417672	0.131294493182444	327
0.00778032784215299	0.349695689096403	261
-0.082413452149994	0.229064077997105	261
-0.075600015757882	0.232921352627125	261
-0.121894458213348	0.163301158820941	261
-0.00153811764182199	0.409657073142505	261
0.12091446660125	0.379496485740455	653
-0.079768466894132	0.218460526311413	154
-0.049706779254627	0.290154393922221	154
-0.018202956023542	0.309464654830539	154
-0.123670926714803	0.134411497136842	89
-0.01161447418648	0.257430170264031	449
-0.072636256088996	0.201614786029409	449
0.072770882834007	0.379837301446214	449
0.026435125259069	0.322221302374104	18
0.049957487919247	0.227165566568699	674
-0.056616542963941	0.162303874886189	674
-0.00198697291518801	0.119394603622223	674
-0.08983041910091	0.194210924613872	674
0.090250895530423	1.41183213952015	799
0.016532601539591	1.01025012434427	799
-0.010830331343534	0.864350405429081	799
-0.044592797496518	0.76362352580755	799
-0.124927884082322	0.298850865256654	178
-0.04386555037933	0.356063130857389	178
-0.082828939728332	0.278727670208788	178
0.074946897816726	0.808327187921961	178
0.04160239594131	0.478379766833074	206
-0.026072071791123	0.28572748728786	178
-0.120809397883901	0.164436724385236	178
0.081828493036384	0.419377132413439	178
-0.076521017532514	0.212289206999175	116
-0.008793815379567	0.32390413002771	594
0.018014321570952	0.234394759811568	261
0.095564816057278	0.49276490362841	261
-0.043823789114509	0.278335025966727	261
-0.062182228555517	0.238840077866376	653
-0.066464042533782	0.242055974089787	154
-0.025960220943948	0.269945835399034	154
-0.043563698961622	0.282006303318629	154
-0.071332076509969	0.213355430847859	154
0.068900077659242	0.435788134834531	154
-0.085567601946444	0.176142453322862	154
-0.026701919201918	0.328699904841624	154
-0.064544398986957	0.231624502777691	154
-0.068471414917647	0.190199898521962	89
0.05895919536586	0.397330939247215	449
0.014940984089585	0.334396451671299	18
-0.042590178142724	0.256455294516629	18
0.019737492252979	0.325940302425695	674
0.037539098101688	0.231465108478603	674
0.04688709968768	0.239894233095167	674
0.065003093340225	0.558597048700023	674
0.00311240209422098	0.293755119567438	674
0.061459429665659	0.220297632242537	674
-0.080293319228224	1.40245838698692	799
-0.107784622588993	0.916705339555384	799
0.00598208132260703	1.14208625044608	799
-0.089560298469829	0.57773797309851	799
0.084876818332253	1.50543947190998	799
-0.068696834664717	0.598271620270153	178
-0.07930801476448	0.471143908881216	178
-0.00138233823832501	0.724363816474019	206
-0.118154861473294	0.272784096060152	178
-0.09653840099188	0.282548423972295	178
-0.015558557215618	0.339833095263162	206
0.113772064489231	0.503840074550643	178
0.120344863042224	0.559350496345257	178
0.113203449518134	0.49443557414746	116
-0.03834280494186	0.373342669326208	116
0.066549606435324	0.332597530261392	116
0.012751261018332	0.226066207783993	594
-0.09202538323838	0.181922531041688	594
0.087497917969268	0.364814900299109	775
-0.00768367642818099	0.235799041127803	775
-0.082694199692088	0.147591229898571	261
0.04103479563846	0.540912684831473	261
0.018760332777917	0.413282268941031	261
-0.094900755432645	0.204241458782967	261
0.07235380634945	0.546960439969942	653
-0.054281636297628	0.24783066645523	154
-0.06472400409331	0.205722356646499	154
0.055201338390683	0.325791367282767	89
-0.021989220595031	0.25542260737882	89
0.031573802034377	0.275437434377754	18
-0.001717519330312	0.248720318166796	674
-0.057225974318876	0.181686634468061	674
0.091122833051074	0.312636641818977	674
0.104636217393535	0.384298929119614	674
-0.038302893651591	0.13882857645437	590
0.071192759115188	0.398192794431513	590
0.042934954512116	0.421011261134419	674
-0.109098322810894	0.623159402770599	799
-0.067740651721783	0.640473472798759	178
-0.025159329245267	0.759558894499852	206
-0.042278263607524	0.516120073865328	206
0.10307461862901	0.962242071103665	206
-0.066171151460616	0.370489621401979	206
-0.099571311766682	0.259227764237068	178
-0.021213158996663	0.400734772319811	206
0.044653176955514	0.385261778879822	178
-0.123943899832602	0.110686809151335	178
-0.053554446792569	0.22181686261208	178
-0.05085134592234	0.263637440403737	178
-0.066646825453196	0.204278868493502	116
0.050771287395469	0.305521563988812	116
-0.085772356389518	0.249239486408718	116
0.06692670012117	0.407786052377317	116
0.00274289702325597	0.344415082658477	594
-0.058401646528267	0.146068071897572	261
0.095650833238257	0.322247343100183	261
-0.111561395022366	0.111426807862698	261
-0.053053570466098	0.141507569322264	327
-0.00126878083044801	0.223955421264713	261
0.070930793323723	0.594770757068543	261
-0.00295284645659	0.347744953912221	261
0.064941866345599	0.543038735415218	653
-0.111270315746901	0.139852905118823	154
-0.075701271123935	0.177250823452103	89
-0.060893387623408	0.172386442475864	89
-0.120203778774255	0.117791643802033	18
-0.021928328161318	0.253889962328059	18
-0.060983636658354	0.202506226081581	18
-0.059683953253909	0.187051901312972	674
-0.061586163720123	0.141220408021374	674
-0.122837145655403	0.114447337815249	674
0.101810940198027	0.317306786271497	674
0.086445402806829	0.319953343062874	590
-0.0116439761426	0.235100162298645	674
-0.010697354965584	0.132374112586524	674
0.033301315204621	0.221661860424729	674
0.107235662463499	0.321297087013347	674
0.082240251034358	0.402826297002414	206
-0.052066274075089	0.172407526371529	206
-0.013268962037001	0.479512492238771	206
0.067784119292696	0.748038194807106	178
0.027085359218026	0.468479837663394	206
0.071704355006004	0.630940511732743	206
0.078904022397637	0.149732089823219	206
-0.047449204716063	0.12790828710942	206
-0.002879838149139	0.128402286536592	178
-0.017547361051526	0.465259126415236	178
-0.065790483307904	0.256466438044952	178
0.030450697627459	0.623829122214647	594
-0.119240393448632	0.118582403761984	2
0.081686926289008	0.644195127178729	2
-0.065667620319358	0.267421570254384	775
0.035229755659815	0.424379011078673	261
-0.056889663868844	0.201051887983912	327
0.116281552771401	0.708334863984425	327
-0.084414860354336	0.279307532375286	327
-0.090180045314202	0.340024416774891	261
0.119273743079773	0.461404816758727	653
-0.030619019545948	0.25964023751552	653
0.020448971198956	0.308670170272582	653
0.022585526623845	0.448489145973253	653
-0.0389064835074	0.126578607607133	77
-0.020912719128543	0.131380306222787	732
0.104850282343479	0.594251884119567	154
-0.09073806248971	0.255894335277015	89
0.082547583420547	0.228951344821304	18
0.084703327491337	0.140601624648158	18
-0.07845602195251	0.247557088211942	18
0.111082055677606	0.482275729800011	18
0.051719683347619	0.553151012262487	674
0.083772529713905	0.558623306559509	590
-0.087472536532568	0.290888055912826	674
0.063712777655291	0.773760725440724	674
-0.073701123352361	0.198653608473137	206
0.051598475073109	0.659459724907812	206
-0.060866001308245	0.280386010967004	178
0.053399428799017	0.66493785292966	178
-0.032756617564427	0.435573454371002	178
0.112995139986108	0.294571220814221	206
-0.043295858004802	0.120058402790141	206
0.084335095269168	0.22404441066677	206
0.074292404771689	0.14592685481026	206
-0.038916690673207	0.126961449560747	206
0.034737963349921	0.222793368700315	178
0.053524086113053	0.52336041271896	178
0.103800069632048	0.296990596787178	511
0.10460183617201	0.234035992281793	116
-0.063088308798743	0.12351736002621	116
-0.050009296630961	0.267203131046574	116
-0.083867603737602	0.216528573708373	594
-0.116704258766188	0.201214594557383	594
0.090502463315786	0.300500044970342	594
-0.010902164990937	0.243724534060135	2
0.014920823744934	0.347842045196547	261
-0.034061273366537	0.274545768991456	261
-0.012667204441777	0.396438867806313	261
-0.05920960367638	0.360568424840642	261
0.123882330595783	0.235191834797941	653
-0.075438572887096	0.18215821402361	653
0.00744383576160002	0.13681679786995	732
0.034927363430186	0.141610077149419	89
-0.064119698333654	0.167913638988786	674
0.015957012212162	0.330724200742544	674
-0.049612561902333	0.269361859968354	674
0.013460143671867	0.318046526675648	590
-0.06667732923011	0.279319629189024	590
-0.09869373421622	0.189834174676807	674
-0.117559733275666	0.129789847855891	674
-0.044642288227281	0.290123218937242	674
0.008585001825409	0.135159253780685	674
0.110310629201653	1.80953484171529	178
0.024650154016511	0.385827672292133	206
0.120930971961824	0.75743279639869	206
0.037260088310015	0.501945706537111	206
-0.024337608365878	0.245477291002958	178
-0.05245600921118	0.189757012840571	206
0.107253137770337	0.323596889318891	206
-0.03003564898283	0.120701725531214	1347
0.037142632324218	0.232406900881731	206
-0.043129356568289	0.141633649010398	178
0.11537053699358	0.237263899797837	178
-0.018814503322437	0.131606052508804	511
0.075928295271424	0.14612571353375	511
-0.038339413202029	0.136512796129196	116
0.056264102027427	0.221918604776706	116
0.102678009775208	0.446635192250008	594
0.059903624108758	0.315919384534968	2
-0.047458437198727	0.164153175762453	775
-0.072047742266491	0.170975067891631	775
-0.081651689325398	0.151427618808806	261
0.02071698713486	0.357236347514047	261
0.090273209489653	0.493697006726972	261
-0.077713511091862	0.167117149256661	261
0.063545547408585	0.412999337074783	261
-0.025649348570762	0.277472123582719	261
0.090856349002847	0.365690256755578	653
-0.065864829363216	0.254109394255934	261
-0.050548502375094	0.260420874668822	261
-0.062005806215154	0.146136023578065	77
-0.053962840653547	0.145234708780617	77
-0.052123070146214	0.149791779194546	77
0.057365075358329	0.221136690277311	77
0.051715970197626	0.448725005884478	77
-0.058435788572507	0.166886042516945	89
0.041812458575517	0.23636479218096	89
-0.05354371213588	0.121272756783546	2205
-0.035729528079627	0.25432839085474	18
0.098214464325055	0.234271510781842	18
-0.058642318568779	0.140858847541529	674
-0.060549904452958	0.162903523592433	674
0.071191761582442	0.322786417773473	674
0.082051624611522	0.394645350516212	590
-0.018923811150292	0.248764845437797	674
0.040551365872601	0.314819326337746	674
-0.064558347391337	0.148229561401622	685
0.038844682192282	0.301664656914571	685
-0.051446047397696	0.131935046205258	674
-0.02798887964614	0.122924514715401	674
0.099767651323273	1.05807645518711	74
0.00497400939544701	0.303062505789656	74
0.032814152791974	0.512578387694399	206
0.120313584240864	0.686323309756661	206
0.094673653651482	0.65114479625765	206
-0.077860883121259	0.244275027526606	178
-0.062746554905469	0.135172658010441	206
0.00890978437575801	0.221420608449112	206
0.014211253246999	0.312824706126998	178
0.048173248053919	0.222951664369627	511
-0.001767085979302	0.130700191394719	511
-0.036806425015719	0.128420766080942	511
0.087833515410942	0.54950164995984	594
-0.090855481591226	0.196717640739461	594
0.035262572884758	0.360948277138303	594
0.063484344339142	0.36269734067344	2
-0.007161933932093	0.238776130982981	775
-0.00421218743073001	0.230478668732685	261
-0.061300125329152	0.179319535913612	261
-0.015768294015996	0.262269000185404	261
0.00134208276614001	0.235379130875656	261
-0.110228151184008	0.143521198238957	261
-0.058698922241491	0.136633330910966	261
0.048358631235222	0.229123775271036	261
-0.055324268991798	0.164398068087828	261
0.053964028317251	0.228040667145084	77
-0.034884382915368	0.133467398347656	77
0.111651437629306	0.486772966830301	77
-0.075687794781483	0.13745384509637	89
0.013525698014264	0.291661019257493	674
-0.05169233405067	0.210764583498979	674
-0.067157231300219	0.151650522579188	685
-0.060899141790811	0.139553832360362	674
0.015427022049758	0.376460481302783	674
-0.117350004499576	1.01995171016712	799
-0.006895773572826	1.15324108323338	74
-0.118705274810801	0.18476296063034	74
0.088673667639759	0.554512778332487	206
0.112392052211835	0.820815570080809	206
-0.065500196039166	0.227742305649779	178
0.113424781748897	0.725836022963427	206
0.058858716560638	0.587946002949868	206
0.098535890079527	0.52639279344514	206
0.071689019120418	0.234996279133379	178
0.056427606755602	0.212788335853088	178
-0.114475659736651	0.115715095186289	594
0.081486852823741	0.399276873331545	594
-0.00467525570449601	0.240876271382822	261
-0.019659424558309	0.255480122523236	261
0.057985885670041	0.328004641325139	675
-0.04876261753763	0.279535641941908	261
0.059031470599873	0.313972870190359	77
-0.050383528657624	0.149388452172131	77
-0.055894779758137	0.22585246778628	77
0.100052522382358	0.389670239271845	77
-0.121012266792274	0.104641960211632	89
-0.044841786041048	0.142236877639966	89
-0.116279556359465	0.130156460085796	803
0.076828001165625	0.479782094576363	18
-0.06693625013176	0.160620883175608	18
0.033365524872836	0.238748371770844	674
0.079687197400681	0.324719281913795	674
-0.097785801437943	0.157861456623272	674
0.102219637695811	0.326555188139617	992
0.069732685929363	0.297992780850766	674
0.042119052993826	0.306915352066138	685
-0.016550233867617	0.264638136208904	685
0.113955463020096	0.321516457272998	685
-0.027873387993974	0.401302887152852	206
-0.072467602494895	0.21612544027612	178
0.061754897661804	0.430214683155517	206
0.103753383538547	0.477595847444725	206
-0.072787722715706	0.134388375780703	206
0.08471761376386	0.31974940374776	206
0.00112531484294498	0.219121897595558	178
0.006209812473355	0.246546905918415	443
0.022803423572735	0.328361716256029	443
0.088061248203385	0.325055052878831	511
-0.098714320873057	0.145140635887537	594
-0.071198413386757	0.129595044229591	594
-0.123944836403689	0.103613831790347	775
-0.089072882566731	0.182406071289299	261
-0.119292311010884	0.110353403813533	261
-0.054126070361539	0.152663207633903	261
0.061003448863311	0.305534568841226	653
-0.059659604421027	0.225288983030309	261
-0.059659941561972	0.206601981693613	261
0.107223670038793	0.309527258313341	77
0.04972647587318	0.294169496744761	77
0.066374410426597	0.227895164448579	77
-0.048926641253684	0.150461596804879	89
-0.018891842750114	0.220349794057203	18
-0.064717781669036	0.169681052619002	18
0.022119804724834	0.23017084599053	532
0.094892114524262	0.457361065229235	674
0.090564831860047	0.323273072845505	674
-0.104232076190976	0.14822111718943	674
0.042599981800747	0.300459158520302	992
0.084685985212035	0.319238007856927	992
-0.11988312123395	0.11967603535518	685
-0.108967873349047	0.125043063770669	51
0.081716700176831	0.387076577420914	674
-0.057137666957696	0.226015853575039	127
-0.034186913907675	0.253663099941868	127
0.113361603629912	1.03430588572357	206
0.096277182440281	0.691171925189502	206
-0.110403988159894	0.152585135058357	206
-0.009737377419825	0.362474264538627	178
-0.069353858685901	0.187211421591315	206
0.119883923298361	0.392396491599876	206
-0.052462539967456	0.142439043722021	206
0.090075587014079	0.235055099279607	178
-0.055804719016178	0.125636298662102	443
0.046595607835097	0.429339392189804	594
-0.061260287595724	0.142208271450593	594
-0.039600444163966	0.201258771339176	775
-0.112753759507969	0.13478237882037	261
0.077721886023033	0.46113701914971	675
0.05100436059955	0.236191186474879	261
-0.024725548761412	0.256232932895537	261
-0.061263345398362	0.133828119299511	261
0.039241440254807	0.229996056671867	89
-0.051788406701874	0.139898460738286	89
0.055148178545401	0.294285961813566	803
-0.05111833158377	0.137458568662621	18
0.05696202421533	0.232249900372497	18
-0.031406253124473	0.128959713187082	18
-0.028225135498901	0.133307020630509	674
0.028908464587773	0.231124852540692	532
0.026871473795507	0.305545046174963	992
0.00684247383373798	0.247055593203765	127
-0.11052512187395	1.08562004898475	799
-0.040566212867348	1.78992387700736	799
-0.017733371072431	0.323944320237652	206
-0.042975649996812	0.229407212607029	206
-0.045435043944392	0.212700369723541	206
0.061954945000024	0.393443051041058	206
-0.07118540871396	0.300705560577563	206
-0.059802682112422	0.316409531560657	178
-0.063611432910766	0.146546891732613	206
0.000328515434539989	0.12915718072106	206
-0.043109143201607	0.131574393955123	168
-0.05116059849469	0.124796272292953	178
-0.001767085979302	0.130700191394719	443
-0.019272999277062	0.12823183842322	443
-0.119334732973982	0.199435475198099	178
0.102514812865141	0.227309309271803	178
-0.043109143201607	0.131574393955123	178
0.063567369663374	0.238991600969883	178
0.066706214268708	0.137428211023896	178
0.039310930661036	0.415424917836969	594
-0.050191237924312	0.232122126637056	594
-0.084889750098362	0.18466963815261	594
0.102643213202343	0.399758492156129	594
-0.105763514112242	0.140948310438127	775
-0.00660988765090001	0.224111626845002	775
0.012711496269731	0.242929748338393	775
-0.025921655034583	0.319598267659828	261
0.075674057472952	0.504063064503871	675
-0.049885990125525	0.255064428183356	261
-0.036699449445265	0.297737065923109	261
0.078726258113804	0.230940941286318	261
0.00638322258475599	0.133838527199328	261
0.010316538543226	0.28192859784554	261
-0.022721082237532	0.242993789879525	261
-0.052555451731069	0.260106189498294	261
0.080866139230197	0.230827617650347	18
0.067698941726875	0.437308176885724	18
-0.011289093620419	0.305134243416372	18
-0.00739232875713	0.234019895114731	18
-0.037852113108929	0.128226012282384	18
0.093972232139508	0.226115030319082	674
-0.002356695662387	0.380601384944848	51
-0.051194108697888	0.19697378269995	992
-0.120573921435623	0.125123219298118	685
-0.046827449662784	0.130553471889728	51
-0.105673719506698	0.165984154355261	127
0.028888216913862	0.4720400561576	127
0.042051133096071	0.428257814121466	206
-0.120270122117396	0.240943699345992	178
0.113325785057503	0.627484754475583	178
0.086717639067207	0.229115982749589	206
-0.071645889671655	0.179760892307231	594
-0.123950262176387	0.187610534449849	594
0.110950702066163	0.620449487645062	775
0.100793677027266	0.386496039924567	775
0.057440659181262	0.402789452699425	775
0.123454167131098	0.403694706763338	775
-0.122139657394444	0.144176271158543	261
0.040647813662508	0.558573726302897	261
-0.079621035892308	0.257166613802163	261
0.030391066122342	0.605694968068122	261
0.07091073909685	0.140909640509279	18
-0.0181829693298	0.130084633487474	89
-0.032439847150192	0.12894359351697	18
0.076188457215982	0.144499051635259	18
-0.085779214305185	0.201589203565361	992
-0.019448902158384	0.350878182983874	992
0.060929534432988	0.40421904514723	992
-0.093720955092948	0.212429137957646	992
-0.100016173383515	0.218260091142791	685
0.022640734963579	0.410437524950715	685
-0.000591418139399003	0.393087075224687	127
-0.071268461993494	0.333271628575001	127
-0.080945301945739	0.20821367728941	127
-0.041493328156633	0.963133248139406	369
-0.11255847809957	0.221528719740339	178
0.043103088770167	0.213739547991554	178
-0.077946260016551	0.131747406751995	355
-0.115509641900494	0.148732626412935	355
0.123498920489842	0.397933195168251	594
-0.040063337662854	0.123297807781506	775
-0.044400849446988	0.116279149458374	675
-0.043848793702817	0.16356009103264	675
-0.00882191726728601	0.246503597333559	675
-0.062072246313138	0.191975088639139	261
0.02812742606208	0.231845786742211	18
-0.063902315711714	0.15327898782787	51
-0.023089959272317	0.240944637279607	51
-0.053948466903806	0.128606257213698	992
0.070454909851112	0.310616217944299	127
0.044659251275521	1.1899578099579	206
-0.047645244738575	0.481060092299167	206
-0.093043910304181	0.246189089221921	369
0.123977970099425	0.962410824956825	178
0.025234883160929	0.484538289197065	178
-0.051034568796603	0.123737112007443	594
0.035925377995622	0.333276722543009	775
-0.114460305260767	0.164440250728194	261
0.083616189251352	0.586467768744685	675
0.041268972042243	0.38404056913	261
0.078144237617117	0.217930980460727	18
-0.053573435747779	0.147964230063709	18
-0.077662307245795	0.177363952264708	89
0.101409466486118	0.237152440717425	89
0.00524105629923699	0.135051581015553	89
-0.022198137426234	0.281225189046968	51
0.094436913524968	0.636314390702093	992
-0.121192749465459	0.138117711709353	992
0.00719477941156399	0.368903557279327	992
0.051194776916244	0.998665329390998	206
-0.096811979856539	0.327713859364429	206
0.010279112461305	0.584083256245013	369
-0.039011814965502	0.520781302581939	178
-0.063761049675383	0.323021353180023	178
-0.079976132446236	0.226150073923803	178
0.112957642893327	0.307769108737724	178
0.083561959663706	0.308138272475261	178
-0.00761708441219	0.424715396086974	594
0.027229538927701	0.337896516706367	675
0.018536613920877	0.424924290299944	675
0.093803160144639	0.733243771499192	675
-0.12408071404882	0.217563963632527	675
-0.06888163181258	0.318974446784439	675
0.00596864957260401	0.601981053292003	675
0.118905829196957	0.378188157996141	261
0.070293836909028	0.234421498890218	18
-0.047988482151254	0.150982184745897	18
-0.044719727314379	0.123413506109263	18
-0.042460674528571	0.135235004026194	51
-0.054537357942088	0.149731673730843	18
-0.00661818940533199	0.246415853652046	18
0.00903182412833497	0.446429267454347	992
0.000220319634364974	0.364427567985154	992
-0.121396919471616	0.1787914444496	51
-0.016902036793622	0.361137461282652	127
0.089870816771458	0.792504333546589	127
-0.044380733046894	0.150367515891415	113
-0.061861547579843	0.679836385473593	206
-0.12036313719331	0.275289999583774	178
-0.057827334896758	0.395997797257161	178
-0.05723893634041	0.421135751291039	178
-0.080328231403831	0.262440715507499	178
0.113754092754803	0.633370662500481	178
-0.123360690962526	0.163557183151804	178
-0.081026304034599	0.213555163560222	178
0.016868326529259	0.324414453661963	888
0.120285261406935	0.502524742274205	888
-0.073084835958734	0.203137333148595	888
-0.037466038385	0.257919212343996	594
-0.057395156150086	0.261191730873972	2
-0.070247969206278	0.172090997479363	675
-0.033028236822283	0.205261271156192	675
-0.037673444117221	0.135330873410927	675
0.045311546833146	0.512577002615102	675
0.085123676563146	0.455583187280415	261
-0.092944264561959	0.200536504102067	18
0.014605571893242	0.473762258865928	18
0.096939794486193	0.475467988134164	18
0.053205944699793	0.384875976045774	18
-0.029025411456949	0.286342925906222	51
-0.102837175310852	0.161178073708692	18
-0.115634542806064	0.124649804469741	51
-0.053038932448242	1.45893524845032	369
-0.100117371657507	0.228721214623617	178
-0.106804773266756	0.189870456705963	178
0.048416461407043	0.404139142183631	178
0.109927679294673	0.569515556712789	178
-0.093294312771235	0.180214626726132	178
0.00787458241812999	0.366388316208493	178
-0.097262258362605	0.18727241110189	888
-0.039859689692011	0.143310914286319	594
0.078072120490367	0.32566336644948	594
0.00248870385212202	0.224312627781187	675
0.077330856536266	0.353156673931174	675
-0.037267742231185	0.356325528101839	675
0.058612376205646	0.417984352340397	675
-0.013168679279239	0.313648121465791	675
-0.113872752947581	0.212399042221882	261
-0.02790387398549	0.298517990588909	261
0.016371171460682	0.374199500374171	18
-0.07248788387404	0.223863601093014	18
-0.037947558637736	0.268677678742617	18
0.000490584309772002	0.288431337505061	18
0.053049256337392	0.401555546684267	18
0.045698241613969	0.338420474429378	18
0.020985627163531	0.393918777195116	18
-0.08468195833516	0.210079202911641	18
-0.011947104587699	0.247555934872534	18
-0.082920155992444	0.181930154313575	18
0.062933046846535	0.226059589495502	127
-0.044092986530273	0.276065676804559	127
-0.068435320618192	0.408436152289472	178
-0.098724685702978	0.277562849124409	178
-0.097722644200605	0.233302149942124	314
0.044033729681846	0.603424260440644	314
0.070686709256587	0.657684779736356	178
0.093595073324587	0.698072176205476	178
-0.014142690267512	0.410948587082367	888
0.032214077779755	0.519993620587357	594
-0.108799673903166	0.193200698936511	594
-0.047971496485883	0.378702193988319	594
-0.120591671839624	0.117029812912188	2
0.092998309355339	0.220817982117424	675
-0.043905791456004	0.133382822668932	675
0.093664531879234	0.30868889464495	675
0.064828042176181	0.220787542595701	675
-0.041073279214081	0.123287266652951	675
0.073349500609965	0.147341331430607	675
-0.0055076253129	0.403033800800698	261
-0.078425019206131	0.279856829528159	18
0.112054489311823	0.562907811011527	18
-0.112581953868755	0.146469260678973	18
-0.079500268065949	0.232147149709443	18
-0.025888917184265	0.276112541865696	18
0.012153505127136	0.325153154918304	51
-0.020907525346485	0.235277387772903	18
-0.067248303447917	0.1559123591842	18
-0.11646067325982	0.126812545751275	51
-0.00463880491972099	0.23427932860347	51
0.036797361153579	0.337336826391189	992
0.061808475261987	0.236071001524971	51
-0.063530006916552	0.270739280510135	127
0.050638315689619	0.687121805002235	314
0.078968665429675	1.02327886219485	178
-0.048006054015777	0.376509321790554	178
0.089885682959194	0.858395762099334	314
-0.00366727670137401	0.573781399423275	314
-0.039497707754036	0.392779677454853	314
-0.088473431236784	0.27126877400936	178
-0.098849899871651	0.233986764246537	178
-0.084909798980134	0.247791630003575	178
0.04605545960595	0.489153339208938	594
-0.069674508340152	0.167558844894772	594
0.00236356219904499	0.135692374864009	2
-0.040060760279137	0.126050660763931	675
0.047280917177362	0.141617220204619	675
0.01506536267968	0.364843146254371	675
-0.059466041421007	0.180624409464606	675
0.085114719184977	0.32614221159967	675
0.123309388914537	0.322982617644726	675
-0.097732661625556	0.234745862752579	261
0.054079472917389	0.590700054863887	261
-0.058219496244204	0.284120699615182	261
-0.118821311897095	0.126482957083988	18
-0.011350160009456	0.403557368154542	18
0.011598534493525	0.417687850837728	18
-0.08245145274661	0.264518289671516	18
-0.101951278823698	0.212944405002577	18
0.063450964831358	0.308080145919823	51
-0.049532171063841	0.170431684745956	18
-0.05437180945372	0.150631717335638	51
0.095085846967625	0.224807165487398	51
-0.108543134413844	0.165122693275897	127
0.045011086434606	0.226605963597481	127
0.022060202291766	0.60518042034132	314
0.080492278187701	0.781605548695091	314
0.049797604087989	0.633395217421577	314
-0.050589805152346	0.330645855749451	178
0.012507994529972	0.480356515509674	178
0.072468494111943	0.661543688092363	178
-0.096861185088732	0.248310534483883	178
0.017427354528104	0.422799823947233	178
-0.07957370877588	0.27963117666054	178
0.094036257935165	0.551425601649404	178
0.039387849213088	0.576425672309221	178
0.083707658524343	0.223991755899077	594
0.029450316090824	0.134340433127992	594
-0.000460543129600005	0.287132179081776	594
-0.086229046364106	0.1674597877262	594
-0.013246701775492	0.128397369225763	675
0.063179505253178	0.128047755111967	675
0.090316399439756	0.379874212595595	675
-0.04060345325725	0.251662981970714	675
-0.043348003283286	0.315291763169957	261
-0.062196651644556	0.166766176934058	18
0.102330276285482	0.576154925433959	18
0.068271068069148	0.640318189799847	18
-0.059777973957636	0.339779451638091	18
0.028748566239643	0.400665587593339	18
-0.09017977416034	0.197899935884495	18
-0.024069030214391	0.247137597185092	18
-0.079510434174287	0.244518811428204	18
0.117218065317364	0.633928119098583	18
0.072427614762099	0.604737717946585	18
0.018877441332856	0.432595925572076	18
-0.112392218935758	0.167302410974692	18
-0.067797744163027	0.260768752157937	18
-0.018019047019191	0.326885654518317	18
-0.046286448600409	0.160652720883147	18
-0.046907270651347	0.130541036735345	992
-0.042138740846284	0.122669426988556	992
-0.094365836575399	0.667567767832119	369
0.094644138093538	0.861211933061629	314
0.072236543974269	0.810574369832525	314
-0.116796768872134	0.321821269099577	178
-0.017991312591903	0.687110021721967	314
-0.096406533762777	0.368584307845785	314
-0.016264149679149	0.597282048164281	314
-0.027875827407864	0.517998675780865	314
0.065454843564949	0.772163118788462	314
-0.022427618918692	0.469493956073358	314
0.106336731366902	0.883327691269198	314
0.0991674555917	0.834966613258476	314
0.02079347132239	0.62180781882385	314
0.00772613651423199	0.547992219547898	314
-0.066407743854669	0.315575049570975	178
-0.083963630767385	0.311479772981232	178
0.048037431165746	0.672348148162113	178
0.037806489161248	0.636864532487099	178
0.026547422586875	0.547523147187797	178
-0.024923376300197	0.366989980831141	178
-0.057030604942112	0.231847525848895	178
-0.066500124266036	0.156288813306572	178
0.097637673813793	0.786283479291891	178
-0.082722432377225	0.308710856364799	178
0.091717907702584	0.721794755223834	594
-0.059093255976263	0.160078860231554	594
0.034236120809005	0.300271390891543	594
0.026256200709721	0.216261104068714	675
-0.053035136566996	0.211408753047658	675
0.096725266862056	0.398609301980217	675
-0.045766962473416	0.319044037038744	261
-0.120643739520636	0.123430719244848	18
0.07980608494498	0.320726796435199	18
-0.085306832297055	0.246525117829495	18
-0.041630956720402	0.365464267989823	18
-0.027759518057867	0.319092550633447	18
0.032639174216046	0.449092798157206	18
-0.086011714171681	0.171727443346723	18
-0.116470261558936	0.198015919413567	18
0.023393344274803	0.387132593348017	18
-0.06441505746646	0.268156236148797	18
0.051307667118264	0.492588810995824	18
-0.035820590607691	0.329094099717878	18
-0.082665627243096	0.201879855305106	18
0.108744734270883	0.721855139110366	18
-0.046773216186239	0.157593508053253	18
-0.00208258784392501	0.127524391174803	51
0.10049352625992	2.04408909342151	369
0.054811785680172	0.745345717901586	314
0.123734834562945	1.34721546710657	314
-0.024488372918492	0.609223150960868	314
0.011997355847596	0.646217554763105	314
-0.040258056415958	0.563919298565182	314
0.024511905920243	0.768230323558643	314
0.033503030993049	0.713381373916806	314
-0.021669248060739	0.42058003903694	178
0.0424343971307	0.506222076072059	178
-0.041986035558633	0.370094224759828	178
0.019737725128278	0.419494723621713	178
-0.118361069050759	0.155355510509923	178
-0.044082853029406	0.362349810699351	178
0.105927664159632	0.636047315233649	178
-0.094776282178063	0.239622881359708	594
-0.048037084528293	0.341640878127646	594
-0.071198262258187	0.330966335941085	594
-0.025015300112341	0.129688103292359	594
-0.113932290644084	0.13276868868784	594
-0.067702110278275	0.135816157840151	675
0.107491294278136	0.634059188107156	675
0.026668674565905	0.22237827235969	675
-0.086820766628102	0.2230623974992	18
-0.112457768934236	0.148704267981921	18
-0.09809899748165	0.23510704545043	18
0.061134784845999	0.581216431334038	18
-0.032733936600331	0.392762401345025	18
-0.062508816886123	0.296055823636236	18
0.113532347779145	0.673116812281032	18
-0.013526135737497	0.3485523457003	18
-0.038407777966682	0.297046591827169	18
0.106751956677167	0.447605002829891	18
-0.01377646950097	0.299644645004884	18
-0.092011596156383	0.188593256134046	18
-0.117730018337592	0.160202842424098	18
-0.069757557911038	0.250471357469172	18
-0.086416263037032	0.175785510271692	18
0.057358956738226	0.320140488916904	51
0.043923634064329	0.143454347678497	51
-0.02932815787937	0.305738294929665	51
-0.086158287266255	1.35397704940473	369
-0.099503141136448	0.660919265542377	369
-0.06815158894511	0.615933558806062	369
-0.017905377415011	0.827769045607442	314
-0.111384457954048	0.365095857499462	178
-0.084423310613376	0.498683359257181	178
0.077578097086212	1.07221894481616	314
-0.038418557417177	0.460842327846946	314
0.104831516404653	0.7664699359592	314
0.092097536852905	0.801479838034318	314
0.057443486980055	0.607329756719978	314
-0.069724453621677	0.280716791184769	178
0.069667474085294	0.500145030775477	314
-0.019591087453326	0.382269788785647	178
0.090257723937093	0.607122997117694	178
0.074908866562625	0.582472551504346	178
0.045606650107493	0.661279191183865	178
0.090648530049414	0.505365530499123	178
-0.054640382635316	0.22904919096985	594
0.100449180741132	0.713892830237728	594
-0.066939721077093	0.211314623784193	594
-0.109772530829725	0.146981891062147	594
-0.099209730838568	0.161042610252292	675
-0.12197550181137	0.123198522722455	884
-0.012054966563493	0.306219118352964	675
-0.052216343790692	0.280858398520427	675
0.110679029862369	0.844181450856199	675
0.06225519176129	0.508435902962079	675
-0.016842998062987	0.336626090325284	675
-0.090856088348132	0.289168075162261	675
-0.100313759987593	0.246232483037733	18
-0.033922140411566	0.328740550921326	18
-0.088556934368632	0.206325294939462	18
-0.12432337310811	0.159516723208677	18
0.095449321285149	0.619566847065625	18
0.118414079985566	0.824318327844756	18
-0.00586740082012299	0.39826263518936	18
-0.032101427442358	0.391011843554496	18
0.092265536743287	0.388506727699253	18
0.096648696274775	0.50995170407433	18
0.082084539256278	0.501653823528461	18
-0.023604394717021	0.253963938362457	18
0.092921601884007	0.556375037698929	18
0.00695537429625698	0.261980152974931	18
-0.02798273264325	0.244710579791123	18
-0.011278711104868	0.3980068559273	18
-0.063405509373031	0.213925486269738	18
-0.006945288971653	0.296399211635587	18
-0.101370508703691	0.151815469411415	18
-0.0402154581733	0.273664216332143	18
0.109825533038367	0.503790613108654	992
0.051465801269659	0.471541905391726	992
-0.028460708690505	0.231755327532097	992
0.01956627057937	0.299924298350862	127
-0.036868354002482	0.356242386858658	127
0.05624008357158	0.340882641650299	127
0.097898666045738	0.415693749775592	127
0.032347659257835	0.322203332539238	127
-0.101944239108708	0.449753897154097	369
0.083885464374978	1.35544571053191	314
0.015715734003798	1.01065293317543	314
0.066663074827851	1.4702016042523	314
-0.020068729908692	0.811510099465622	178
0.059174881292204	0.895957549179657	314
-0.121567054776154	0.28815377639875	178
-0.033050389281091	0.493346866043824	178
-0.059565786648092	0.389472527070934	178
-0.098522501771075	0.291285853084647	178
-0.057410305573128	0.375030076397027	178
-0.043807707437931	0.407082717388526	178
0.123157515776045	0.857586060305421	178
-0.009760964491311	0.503198153167682	178
-0.016083919688151	0.481869337626977	594
0.08214001602006	0.147325905252904	594
-0.02617474063524	0.253351160025763	594
-0.05265952004415	0.145727398261994	675
-0.059343006498767	0.15285107651976	675
0.106549653062887	0.810327964563961	675
-0.116005779789693	0.218543021732799	675
0.124796449658073	0.483339387595568	18
-0.114462597604306	0.223019137562745	18
0.025619178914052	0.574010988363872	18
0.107832341174673	0.385452040054556	18
-0.07796753449928	0.19519280998718	18
-0.105485540631301	0.192141304943814	18
-0.044142416739732	0.306117289053695	18
-0.016802218297786	0.343069535836621	18
-0.023074917955494	0.34277416107388	18
0.094039610678903	0.589391342494524	18
0.089867981108447	0.466316339992198	18
0.024327212685213	0.387078331106232	18
-0.117461299138055	0.130321589967426	992
0.111304762143829	2.25972849705998	369
0.023994632263478	1.32106144556089	369
0.114186961294277	1.88077911662758	314
0.043514478274633	1.41645506182972	314
-0.083366776446106	0.581822351978233	178
-0.124673536412769	0.374436335291083	178
-0.00950387787235901	0.721635426876609	314
-0.012041466992426	0.588384657516611	314
-0.00721960899552501	0.598116310174947	314
-0.11643483350258	0.248220804553832	178
-0.014291499358335	0.47460430427154	178
-0.067608690236153	0.340524504859843	178
-0.039017194616365	0.39677686510193	178
0.021034750164131	0.589910796406802	319
-0.050579419237001	0.141268484518244	319
0.117511751394941	0.321785292817309	675
0.000301597923065999	0.134167981221337	675
0.046598701239581	0.448620854032121	675
0.025705886547871	0.470650570644926	675
-0.044838744796481	0.361077025866745	18
0.034852642551658	0.561321963091556	18
-0.053359550569493	0.333633757588173	18
-0.026881966818037	0.400867469197921	18
-0.051474069573336	0.354605060278583	18
0.076085867442877	0.562625656725485	18
-0.122953263423912	0.183374707874326	18
-0.092073763458008	0.215830600837393	759
-0.053965817122321	0.283111083264987	18
0.076752590434039	0.501711715474964	18
0.00841475299321898	0.242355870677865	266
0.111031977233186	0.380244434332118	992
-0.119465730018782	0.119098186150372	992
0.07713285418858	0.142091650440787	992
0.097168714545373	0.233434834772715	127
-0.048925607248745	0.128697917003913	127
-0.025746708106367	0.282901475839683	127
-0.031769612745744	1.63113864429481	369
-0.108666698611921	0.623760292408548	369
0.115359468529937	2.20140343889585	314
0.055478373387326	1.45525433667925	178
-0.032884830823179	0.51204586185191	314
-0.069526359936523	0.350581721721379	314
0.082594773378591	0.861782112042888	314
-0.094365601805794	0.268229574148666	178
-0.051949464096724	0.333636188007225	178
-0.09837721206848	0.210785900897966	178
-0.094269733869796	0.260829034268646	178
0.025280455077244	0.457571143715428	594
0.049525574896396	0.484492490729393	594
-0.018424262569992	0.434058090130671	319
0.032037267969282	0.363289503854985	594
-0.070412294159764	0.157488097448412	319
0.109694245740758	0.390959422330531	675
0.026068349705319	0.236353830089799	319
0.060434579344019	0.374796578975223	675
-0.103055825678942	0.162200543608586	675
-0.098133679507971	0.224341788741469	18
-0.026660052183841	0.326595939848424	18
0.064755773586689	0.540330297151792	18
-0.075518599955504	0.291507626424887	18
0.000581563287798015	0.351403567413317	18
-0.045045178561323	0.22541743706463	18
-0.115983406326096	0.17525476742091	18
0.077397741269547	0.37017815151368	18
-0.090030077665851	0.225282855580069	759
-0.028229478727883	0.263381019214519	266
0.05174031861511	0.47097067216588	51
-0.050524771611327	0.139141575542384	992
-0.092954403905374	0.164454036845361	127
0.052591275104117	0.2432479419308	127
-0.068202829775376	0.148245385634948	127
0.116681091430506	0.373732761405183	127
-0.0603729896589	0.236795927817775	127
-0.037781117590048	0.132764364012742	127
0.027998094522993	1.9311017113414	314
-0.070540450072961	0.305149442313227	314
-0.022639159368794	0.35669312662193	314
0.029119167714714	0.524925133624742	314
0.123471651321146	0.742367226130825	314
0.065841465156377	0.533176595096234	178
-0.077439605369506	0.329519883324728	178
-0.051888545282381	0.413791936639598	319
-0.096741918796534	0.216585479593145	319
0.027197325036488	0.38440530593685	319
-0.118862163140218	0.133739637369332	319
-0.043690507070605	0.178758423446214	135
0.095532290774324	0.363773415326662	135
0.086784847535213	0.368003437796789	135
-0.065598653938091	0.178457940774945	177
-0.055998035008098	0.260084661140166	675
-0.027401159793627	0.365282025091482	675
0.120784023536961	0.640264600735346	675
-0.091690930965457	0.253853652945332	69
0.122903972203238	0.445158925688197	18
-0.054753849501352	0.192024088853418	18
0.030948247237611	0.308010314409876	18
-0.033604273551331	0.279349207424126	221
-0.113771478056422	0.125733479045529	759
-0.062718985618421	0.141869212839427	18
-0.117203310429956	0.168859173893057	759
0.06600424446217	0.391260314239235	759
0.103525601502513	0.511297299643548	18
-0.103216267895152	0.163598112430413	51
0.114086502004714	0.639365744805276	127
-0.075451150219801	0.197753546978421	127
0.045388631592449	0.489519884412027	127
0.057970102872763	2.44867390173147	314
0.102809765380168	2.30139410735408	314
-0.00472608123374499	0.493024202418776	178
-0.09672983532487	0.236322243737083	178
-0.10550031464803	0.233112911743359	178
0.086540781869965	0.640136489062279	178
0.088571687095106	0.466688859936256	178
0.012187592341488	0.317051005428313	178
0.078714068694944	0.396043007613504	178
0.024521876986423	0.357141404376728	178
-0.00832111763177601	0.628580993220343	594
-0.095089229110875	0.284790430436818	594
-0.078608479560114	0.171248907347182	594
-0.06329345243906	0.174003757899417	594
0.094064887810284	0.493161512793094	319
0.063151905975905	0.510131736074688	319
0.02419894602997	0.342674687961407	135
0.073296739804232	0.369586349773064	135
0.045999950362401	0.452692788815005	135
-0.012415219047128	0.372787716449941	675
0.095005626077031	0.629346356509752	675
-0.049004341896917	0.371024005445553	675
0.026490594226669	0.512328261817039	675
0.106261705393755	0.798746837054717	18
0.024051082951588	0.24153804675855	18
-0.032552472524518	0.23132259707955	18
-0.115554211410856	0.179068937332385	221
-0.032435744340301	0.325472748912903	221
0.035945485297208	0.295601990801692	759
0.101097270133246	0.327231525227787	759
-0.045140590723754	0.387126113430025	759
0.116268034571065	0.474033123291783	51
0.030005755258351	0.436583181699628	51
-0.021447738598714	0.350724780196212	127
-0.04516896154073	0.313232704616101	127
-0.051297985890968	0.338182007494972	178
0.073456282228633	0.319565887160841	178
-0.087571368944437	0.172205898281325	178
-0.070729391604236	0.172673232776623	594
-0.044894694678042	0.163358694337909	594
-0.100570941299922	0.210531419704364	319
-0.00762289271810701	0.375094708138388	319
-0.115380127677185	0.170255907511405	135
0.043485075603723	0.503357781501691	675
0.100920448003205	0.565926192369815	675
-0.044584770762312	0.36747074906514	675
-0.119020315797766	0.211619483689859	675
-0.04778270197863	0.434619206724436	1084
-0.03212009283449	0.249080987889796	18
-0.068678835579847	0.348008528334287	18
0.078235076628937	0.385287525358882	18
-0.11799255446916	0.116838364530633	887
0.054624974964796	0.313293535529617	887
0.000494254123168003	0.519895269783087	18
-0.056348485736664	0.128359575738458	759
-0.045789213321654	0.135615046104768	18
0.02380070790035	0.441541387869289	51
0.034129542492943	0.395488991009814	127
0.07861770430759	0.404391604979812	127
-0.090715749996539	0.202580107057366	127
-0.102516712657069	0.204195721317545	127
-0.00392785284602201	0.342193199607055	127
0.083916976320715	0.400760704051399	127
-0.026310732322158	0.352788248437335	127
-0.116303195193397	0.134803720294522	127
-0.04893143883956	0.311577151552732	178
0.09775883575827	0.685014459751364	178
0.032506596645581	0.355702670594646	594
-0.01565545855637	0.36525960260553	594
-0.09848020757029	0.284795303737371	594
0.043270246653403	0.233696366689038	319
-0.020314093754855	0.345979129058622	319
-0.069076379738724	0.235701227897456	319
-0.00757775580883599	0.224931499809266	135
0.00593911702559302	0.232155047199918	135
0.063343066521288	0.363371668341185	135
0.022416061911677	0.2281027356719	177
-0.100905984648688	0.183811743977577	542
-0.040093207669843	0.281234584956369	1084
-0.095429763270276	0.210889444192077	18
-0.026649611814584	0.342964433283959	18
-0.028224631454515	0.265750493318193	18
-0.030702800948627	0.250682734082016	18
-0.124169322111945	0.191695178633148	887
-0.015598554548031	0.281063192805845	221
0.091536610887251	0.471480116675682	221
0.121190283431614	0.491537307486534	221
0.071263802768722	0.482875761532551	18
-0.020779236845449	0.231537053750025	18
-0.086270517669018	0.196258851186582	18
-0.068717493613664	0.171658395034567	266
-0.05548653675908	0.164688935796132	127
-0.023549727775876	0.265167170237679	127
-0.0520178443534	0.245615306993842	127
-0.00837414911287199	0.299708138421403	127
-0.108983220110014	0.140725862707696	127
0.062878189837106	0.43856238456212	127
-0.046915221758037	0.304453309832386	127
-0.090771818627098	0.368067548563898	178
0.100739792363297	0.987215741616273	178
-0.075340562102481	0.366962935357069	178
-0.124746456754578	0.247056396958451	178
0.025379512371973	0.697371053427831	178
-0.073176395004024	0.295716673520798	178
0.064338394022591	0.533490287899571	178
-0.020618866659905	0.332678018181652	178
-0.011447603678253	0.386968922755502	178
-0.069410502182545	0.385058743123677	178
0.074058381788181	0.493787450613536	594
-0.05794725231521	0.248561843005445	594
-0.005115408358941	0.347719004581848	594
-0.029401007283	0.449809139620493	594
-0.062740895643839	0.181936687307623	319
-0.116133742021671	0.144746762895379	319
-0.00974613989357401	0.217801889110996	135
0.11138354469693	0.373239476965493	135
-0.081352945675688	0.160693760179076	135
0.024438791599235	0.345694528190482	135
-0.04602344355241	0.30665677458688	1084
0.014621159498934	0.460687687007087	1084
0.025357176068932	0.438315253679103	1547
0.112350956380551	0.716915265531103	18
0.120506106474326	0.566934802955681	18
0.067157021908119	0.46478109412588	18
-0.00749752601949799	0.304152838376252	18
-0.076850291790473	0.286234377253912	221
0.072985802730948	0.370689759309377	221
-0.063782762547339	0.213132543590081	18
-0.073716796150533	0.168875080290058	18
-0.064993542939789	0.183933593649761	18
-0.019571352306006	0.286306011997939	18
-0.011966699539834	0.27663385235684	18
-0.05299495193449	0.245793859430747	18
-0.117510401105554	0.180886700613738	18
0.059201110295431	0.318359673369662	18
0.069051302445311	0.394573827095708	51
0.069916561592338	0.448284879101397	127
-0.118470892462011	0.152529773938951	127
-0.014273515475853	0.263974418197017	127
-0.079083419778476	0.228965122946318	127
-0.112715887474815	0.127215108308507	127
0.082334795133559	1.36338418053278	178
0.055159675678292	0.960707043805303	178
-0.013222466506389	0.638787250805707	178
0.115344743948703	1.06622726333527	178
0.059526208517018	0.66335649386414	178
0.055765117910969	0.68189708152522	178
0.000161792023991025	0.484270812793471	178
-0.047092756438091	0.350608224711967	594
0.071032348782092	0.308157927039072	319
-0.033855936886496	0.132207596414758	135
0.101404616139425	0.231397674636433	135
-0.049788802153727	0.131304372239627	135
0.07752932158345	0.143678598583366	135
0.096163452070909	0.631613023085765	1084
0.018318037530625	0.326412560475094	1084
0.076846924562315	0.377132907447577	1084
-0.01783781356832	0.38583022373561	18
-0.061856827435006	0.269987636779662	18
-0.030614193395644	0.362946383027825	18
0.010018982825295	0.298108996331301	18
-0.069407909280849	0.264898380838987	18
0.00602347990869701	0.427544701065509	18
-0.087731586763842	0.263614972356682	18
-0.033611932554442	0.327874769296838	221
0.01236193401932	0.234503316428001	221
0.075587800678539	0.503578323049713	221
0.005709323385793	0.362546643953901	887
-0.052652752342304	0.291402488830888	221
0.060155732597659	0.411793541354811	221
-0.099662870506777	0.219455100358576	18
0.021336903850424	0.387731848858212	18
0.067185916881733	0.511391085329199	18
-0.048994945325604	0.24702662195392	18
-0.046329467251026	0.27481077475408	266
0.022979290290368	0.223707097012888	266
-0.00584485158050499	0.240181036842467	266
0.039523254682937	0.424288984382408	266
0.100354086780965	0.232279467608527	127
-0.021825010253103	0.360264623675817	127
-0.025466545700687	0.289683544946687	127
-0.030599897597627	1.18008267507065	178
0.082673683648219	1.2524003180069	178
0.050873514744762	1.02475620392664	178
0.076181496131925	0.988504957108541	178
-0.052190894373219	0.455929104155931	178
0.068974159702398	0.812374142985677	178
0.116738390497834	0.835492225586664	178
0.074120475881862	0.757929493293008	178
-0.075030243127484	0.320207656083061	178
0.039573626801674	0.637677338056832	178
-0.068824708504834	0.327103959286525	178
0.000171313109690985	0.468437496603192	178
0.037931251400289	0.600721555422401	594
-0.022309434070993	0.458971624489283	594
-0.003598736615574	0.406491918118195	594
-0.030577152051202	0.443932308936675	319
-0.041777857347412	0.132609093881803	319
0.042153178604955	0.23730811364551	135
-0.041538793759177	0.124580008088919	542
0.00322316557061297	0.439961494311291	18
-0.104765524277379	0.213917867824171	18
-0.040296546728356	0.361243278262726	18
0.094005923312742	0.322585670763843	18
0.056217518988533	0.588011878410769	18
-0.118640612962934	0.200413910565298	18
-0.080487121149287	0.255004948750242	18
-0.087772826944992	0.250915446700133	221
-0.025128981850006	0.31426343934731	221
-0.080473723320471	0.232761451413109	221
0.022590260305178	0.424265454054251	221
-0.032437318243495	0.329496203596332	18
-0.042402298897854	0.295865884285915	18
-0.075769250785497	0.230126531716074	18
0.085247888799446	0.435427018425785	266
-0.065428755016373	0.210336544239104	266
0.052619719995074	0.278665183072378	266
0.074414477873071	0.136826328101066	266
0.074309193026235	0.222050646952099	127
0.038411489121919	0.230693225697438	127
-0.060583088742299	0.1974307973929	127
0.074690234940961	0.138092667413236	127
-0.03608191771845	0.159389925364511	127
0.042207892487302	1.27771408764239	178
0.00563008934385201	0.911629731670971	178
-0.093365282143652	0.430062522152456	178
-0.059553304549377	0.534338729503617	178
-0.083551895999983	0.429717602935841	178
-0.085365809397172	0.313239701035468	178
0.030155844909465	0.516262796569165	178
-0.118571943027214	0.217258107098611	178
0.075157979688063	0.73950756145295	178
0.031013412305055	0.614693310598086	178
-0.063756097072226	0.373528551472238	178
0.028637065486626	0.551825953015968	594
-0.011292768853798	0.441208812963414	594
0.075521345009969	0.696833191288812	594
0.11184462692691	0.902144827256058	594
0.11527052088738	0.812511368596134	319
-0.061394846739025	0.374068150383434	319
-0.056133130171007	0.248830546442166	1953
-0.026052426749706	0.132754667192542	135
0.066383958302023	0.31535156022361	135
0.058647979753712	0.228449074144852	135
-0.104802853061344	0.211087205967358	18
-0.031438432537217	0.391286594621991	18
-0.002096842469372	0.471422657804959	18
0.013898395545819	0.338713806449053	18
-0.029354603885417	0.337816219300811	18
-0.023754515906521	0.415325291285261	18
-0.093557883990141	0.254242209113775	18
0.108438759185351	0.709430494469908	18
-0.103236394641607	0.159149546015892	221
-0.032490898411109	0.378421645723303	221
-0.088843463257528	0.248166385097477	221
0.0612089623483	0.591771264753902	221
-0.0346508040554	0.294612635196518	221
-0.070793987873975	0.240118129619596	221
0.056874248150096	0.434911648555583	221
0.119412620081095	0.563722751182767	221
-0.111214433355517	0.188478008985598	18
0.030180664863373	0.355707221962802	18
-0.117379708904889	0.127412083459033	266
0.01356234072581	0.23307890634456	127
-0.044021693353507	0.147835782733048	127
0.033358392721016	0.430420381822195	127
-0.115288291196803	0.74924924518667	178
0.066231096217377	1.48051578080231	178
-0.064831781018159	0.514186308347812	178
-0.095110880058955	0.301634207282802	178
-0.072276139438761	0.271458350370407	178
0.011758105202796	0.363747519485312	594
-0.088077905343563	0.229894240960477	594
-0.094990789506035	0.225770377591485	319
-0.064298838326691	0.337350551513791	319
-0.081539417867734	0.250447047959045	1953
0.115225256738903	0.391966453187747	135
-0.093192244584457	0.141028838891214	135
0.10090211236546	0.387726099975162	135
0.089215718246236	0.465003750639998	542
-0.113930030640452	0.169889539667013	542
0.091883138108696	0.681800999609072	1084
0.120024471921642	0.745221067941994	1084
0.082096666945996	0.682852705826685	1084
0.012211807086765	0.432431254908609	18
-0.012998345093509	0.285552072451529	18
-0.092857241141023	0.324140887815814	18
0.00650400874539497	0.476005364742545	18
-0.098128639704705	0.171903573131716	18
-0.11271201116133	0.189263131879561	18
-0.054069470586334	0.408858031267148	221
0.020320593308694	0.553877318175911	221
-0.055677552176167	0.338920040035943	221
-0.078760793323465	0.338372623250321	221
0.024427907542993	0.30810463563812	221
0.06482893878457	0.504595191360627	18
-0.063467024367694	0.196551329261413	18
0.011787242583914	0.342990558201952	266
-0.012160886321895	0.265868890774199	266
0.021685020762891	0.472654714876078	266
0.10193644184241	0.514259246079714	266
0.053309119546706	0.422050489735211	127
-0.120371801539565	0.11779206989829	127
-0.108476454712888	0.182046936865105	127
0.037080253688302	0.410050552660528	127
0.03191167545098	0.349333606912149	127
-0.032323496969144	0.458208287098608	319
-0.055607812052274	0.132237565775252	319
0.119069577914419	0.529026385518878	1084
0.047501831111199	0.240523683481116	1084
-0.049359872700919	0.337308252590103	18
0.00255104195774702	0.480717316712204	18
0.080580044965815	0.712279487659476	18
0.068380131446906	0.77492405977885	1547
-0.046797057150134	0.390018789766047	18
-0.053975683065582	0.393822303929556	18
-0.040781951949011	0.44895151899616	18
0.024873170155494	0.521062826461457	221
0.02080426651789	0.571100909141195	221
-0.058875099245275	0.303728583180289	221
-0.017816547607805	0.431349539698547	221
-0.026017340211406	0.36786781493006	221
-0.10832451684217	0.229906763783428	18
-0.067097962040399	0.312899335812422	18
-0.120203049866875	0.175237311847844	18
-0.067255030380312	0.256759540592063	18
0.000157919360353975	0.131328113922167	127
0.033250005906943	0.137621518591144	127
-0.115429055183321	0.185132370585716	127
0.114450538531142	0.738794692041721	127
0.102459617131347	0.237840427968256	127
-0.036797466943719	0.129249901939301	127
-0.085449311603863	0.371332687145321	319
-0.054868752380125	0.419378343806822	319
0.05642951999755	0.235956254359662	169
0.079167137536301	0.148478019190517	135
-0.101932281184363	0.14823968655066	542
-0.052046980883329	0.144863200587385	542
-0.023011672384641	0.129751643813549	1084
-0.089734431983436	0.249731328537181	18
-0.104591294053566	0.194640625336104	18
0.049011002356937	0.317030456490823	18
-0.00991455591436399	0.363060913950299	221
0.00730835484735398	0.382150995567351	221
0.075614508051283	0.634070971406078	221
-0.058075027135571	0.327227341772433	221
-0.124168873551096	0.20049702714875	18
-0.076332537709746	0.329817465052661	18
-0.114169283839356	0.198783382861093	18
-0.00757167334525299	0.261460437286512	18
-0.042788629142019	0.330260371374545	266
-0.072444652744864	0.205216902317411	266
-0.050239101156796	0.138642115242246	127
-0.113801580115301	0.313093538852601	319
-0.121590805529078	0.289115212198288	319
0.064008142046773	0.866563616704482	319
0.105908239937454	0.397149393899461	542
-0.06885476483634	0.158139195075473	542
-0.050982777454701	0.474731340522163	18
0.064800489709625	0.582057775603624	221
0.121737101811765	0.571907731045537	221
-0.122860794791955	0.121732901893885	221
-0.052070939191273	0.353004840248562	221
-0.083220747228121	0.238819404719562	221
0.09004260847132	0.716536292573683	221
-0.120272059059672	0.223538503240425	221
-0.1059243143794	0.257701725385927	221
-0.047003433656536	0.432380821775103	221
-0.085536318776717	0.155095571595854	18
-0.065074374868891	0.29098196750762	266
0.097244801925971	0.653748502289663	266
-0.088214004185454	0.278086597604631	266
0.042974526682353	0.356540793863975	266
-0.053189210000494	0.135731247839643	788
0.12327958402182	0.392333062794409	266
0.036255077573176	0.14061301176336	127
-0.017805827163348	0.130984491966045	199
-0.087795631259747	0.214619649037853	199
0.020160682776321	0.736977513235381	319
-0.050787857003797	0.48589151571741	319
0.029075987115336	0.703690696242628	319
-0.023971310069569	0.126529544391399	169
0.124501685616813	0.151295106265293	135
0.085288626700281	0.233535741943501	1084
0.039762749241902	0.142240369619365	1084
-0.092684106906586	0.258523127712495	18
0.05516894950853	0.451820784721414	18
-0.104481948370495	0.205659355836633	18
0.010213351209127	0.231373172463495	18
-0.00368882587112401	0.127417502472392	18
-0.060218021830033	0.23485422873726	221
-0.048592438110756	0.300394139115824	221
0.092053919488786	0.706385947974975	221
0.053264822746346	0.448795637244279	221
-0.058354255366535	0.331562393865778	221
-0.07567897894291	0.312467122455018	18
-0.018387452659715	0.454333555973076	18
-0.038182341422053	0.344282034868608	18
0.06366213670931	0.6513635682581	18
-0.076690202532223	0.285608221516881	266
-0.043440786592416	0.128588676844925	127
0.061199804837044	0.386521901294576	199
0.081746495933834	0.144816567635928	127
-0.123060159022612	0.206509636799815	319
0.00216398634423098	0.674560090700881	319
-0.028130210821309	0.508076798608815	319
-0.121334874539771	0.28902245323337	319
-0.004938723707795	0.122813309595462	169
0.112103885187756	0.315753718244353	169
-0.065569872175428	0.160775474153692	169
0.089321965677876	0.144926374102601	78
0.040240057296136	0.241830244471817	1084
-0.048951473654714	0.361081051110574	18
0.115627447356767	0.69341504796123	18
-0.120389009483712	0.127760121559553	18
-0.088893387013229	0.321355533369893	18
0.122226795000565	1.07329232210805	221
0.053888054233115	0.832881215079991	221
0.019272299862064	0.498157158980592	221
-0.098908513412193	0.169635299295274	221
0.016398939921496	0.491109278723649	221
-0.058139065681222	0.36178530459991	18
0.055371533956092	0.578359011676388	18
0.00314513343366402	0.448729522163244	18
-0.061167175756243	0.211269739528369	18
-0.043680454134418	0.265527401412345	18
-0.10074944960742	0.184598283678639	18
-0.003484858092308	0.352864271586763	18
-0.065338215601192	0.286180648091973	18
0.029627015309967	0.567794639131988	266
-0.032237511674452	0.250434634309163	127
0.111769790664615	0.321389835155135	127
-0.058884130013879	0.402128553572659	319
-0.095691507030387	0.240316165447498	319
0.037744423217853	0.141185895842541	169
0.00885008519987401	0.135791472676437	169
0.037195073262315	0.140890752123654	62
0.050349953840702	0.49221302421385	69
-0.071787090574283	0.31076998862558	18
-0.043521416856527	0.360949445367605	18
-0.061711570154257	0.135679749472503	18
-0.117742910435426	0.246304015400368	18
-0.083176276799822	0.350368855397107	18
0.034133122000952	0.299446673365577	221
-0.028051672839863	0.335966666889016	221
0.022434414815753	0.499905932717874	221
-0.040659871545166	0.389936764597949	221
-0.00693931967167599	0.405850785915685	221
-0.084274989093088	0.293620977046017	221
0.118152968063981	0.727351704266435	18
0.114510390855949	0.812653109720606	18
-0.049709519600856	0.277180808319127	18
-0.061221970426553	0.169622162487927	18
0.097846170083542	0.489671061240667	18
0.071853826218632	0.583981460625381	18
0.08423903571444	0.574770322882897	18
-0.054987944968401	0.31523151118603	266
0.075380032529146	0.147604537019174	127
-0.045454871915396	0.137019888828628	127
0.033305622892986	0.416194657984921	127
0.082911287590422	0.310427419636163	127
-0.044744686337361	0.164368444383211	127
0.102384943255967	0.385245552880229	169
0.033966096069703	0.302108130964926	169
0.076451103586192	0.14630929998754	169
0.00232628581111799	0.237345014627079	169
-0.019065097255479	0.126950044316103	78
-0.014193144616199	0.291906511887429	1084
-0.063651560026773	0.151839911376121	1084
-0.066552507804671	0.276073441891607	18
0.088093676806287	0.749486124957408	18
-0.12035963764233	0.179880518602524	18
0.038622099669498	0.459001531455384	18
-0.016854794771017	0.247736688850586	18
0.062013800782459	0.714656007949948	18
-0.018473430272295	0.431134530417979	221
-0.034686096967093	0.367346667771013	221
0.08901168725176	0.649826092288385	221
0.055672059708656	0.652596328852483	18
0.014381337638867	0.475806006385658	18
0.079023555307643	0.500472919171754	18
-0.011489977817491	0.419824810196444	18
0.068671776321896	0.402199621690822	245
-0.06245800169082	0.15252245702036	127
-0.011027899079241	0.36314997299906	127
-0.122020661771055	0.310972828565305	319
0.050242529299678	0.745674366995692	319
-0.06004647557666	0.410305929813255	319
-0.124289588536137	0.110424640295003	169
0.06675293507999	0.311220586028239	169
0.089566420220537	0.312941344812673	169
0.029820902574241	0.129721091858206	237
0.035223149587117	0.138285021150656	62
0.057880842069392	0.225725968963945	62
0.035223149587117	0.138285021150656	78
0.00168515796412499	0.223718612423799	1084
-0.044744785675035	0.233231031102648	1084
0.120641442471639	0.549939629876754	69
-0.075810925242959	0.319431651244136	18
-0.114819473093925	0.120891491609382	18
-0.010602702704146	0.482938600610742	18
0.101814358526474	0.884985600692975	18
0.058764749372108	0.753851406017042	221
-0.042969007827303	0.425094902968249	221
-0.013939136722947	0.476452005868863	221
-0.095063273832407	0.215254531586449	221
0.028251011478124	0.480240170087435	221
0.015749526188419	0.48766222037901	221
0.091235079142062	0.667279443565503	221
-0.036192964064942	0.404632453371812	221
0.052024219602036	0.61400420687028	221
-0.017649646671181	0.403674928991371	18
-0.065119918419854	0.207922599572482	18
-0.050360493449751	0.268219473678285	18
0.112567422484132	0.637697432546568	18
0.107297649247556	0.583307620938605	18
-0.086532327298656	0.217434863316849	18
-0.113741063463257	0.139979656688559	266
-0.05874156110225	0.241018459507345	127
-0.039053496186773	0.145977993211919	127
-0.112672798843604	0.342475488749508	319
-0.096174604372844	0.307274233992725	319
0.00673722555421802	0.576155825693819	319
0.041113746223761	0.138443154256016	23
0.014069486509854	0.135660070572699	1952
-0.044932403984884	0.124944446172861	237
-0.010662016448351	0.251857633821502	1084
0.048683638304199	0.235298574564931	1084
-0.124608116623138	0.19740531174895	69
0.100973300482807	0.537347803236352	18
-0.00569653751772001	0.352853065116458	18
-0.058078277680191	0.369951407658079	221
0.084526377878916	0.784349429053151	221
-0.016319523897504	0.477867127235287	221
-0.010366740884603	0.400389478830772	221
-0.051290960499541	0.274156661168525	221
-0.057841025577377	0.211524568100013	221
0.029780177283108	0.404915957162779	221
-0.085338455601809	0.224899507251652	221
0.04740095124324	0.570191634782955	221
-0.038596066774869	0.355358748884379	221
0.011960603322217	0.486803836642434	221
-0.054546851506781	0.322378050501102	18
-0.059435741879344	0.172003427733509	266
0.124499273168068	0.402149556650468	266
0.030616926953188	0.137424854865948	199
-0.111755894363538	0.158099588614387	199
-0.034074248924718	0.268570516216778	199
0.123212289882618	0.236027393600126	127
-0.11308359814238	0.3663865257326	319
-0.00704060285413799	0.551221856139293	319
0.020296572759529	0.670729803382049	319
-0.109212007456857	0.286273958271777	319
-0.050359761527234	0.122138708269635	1952
0.00885008519987401	0.135791472676437	237
-0.018538901770978	0.128826376239557	62
0.071430103276487	0.311660464123337	1084
-0.121386256437872	0.197752789944781	69
-0.093238122510603	0.273440065248236	69
0.046230732176908	0.532949702773971	18
-0.120574967802959	0.162639591729457	18
-0.007688072004497	0.357842178511734	18
0.093135579098654	0.223250291707809	18
-0.108104662194873	0.160709041195105	18
-0.064845802061877	0.33475179805426	18
-0.042187418495935	0.328186435886294	221
-0.039275558992261	0.244552726424356	221
-0.10861355062229	0.1355645520061	221
-0.04419450103651	0.141095472394403	221
-0.055673056337323	0.272532202665103	221
0.020301233130436	0.542006848563291	221
0.000448604979626011	0.244992955878733	18
0.08299964155678	0.49456106862725	18
-0.054779386542247	0.302986309089011	18
-0.091535288373624	0.239770606545543	266
-0.028184285573806	0.247009402417312	266
0.028345311320452	0.237565786929149	266
-0.023577825387931	0.701085752426744	319
-0.085888924314887	0.371330936145806	319
-0.071865246606192	0.371832464549351	319
-0.046354089237462	0.450456291549654	319
-0.109792875019707	0.272241170251093	169
-0.063161125538989	0.267236993782109	169
0.114935417385796	0.385108753398507	169
-0.121994763534008	0.113798163021695	169
-0.015161843527346	0.128204252540118	1952
0.015988064771221	0.13733880008525	62
-0.062826805842955	0.141375994483046	69
-0.051831684088268	0.317013917118674	69
-0.072726377024684	0.281973792108928	18
0.096005902698306	0.481378378141963	18
0.001013747001752	0.228494404537696	18
-0.00359108439535399	0.394469757735794	18
-0.01167185149833	0.498916230381145	18
0.073344673156621	0.739881005699386	18
0.123118711318315	0.678005685892119	221
0.013163354056516	0.376962630494424	221
0.00555965237315298	0.410463283988032	221
0.074377435143512	0.679197545984366	18
0.058189312815982	0.565911746032425	18
0.020366375462595	0.479595993008047	18
-0.022244404368112	0.232979400504221	18
-0.00331695410760499	0.239027496175874	18
-0.096852172310597	0.229875767527763	18
0.039995924340758	0.448577361179646	18
-0.00630166116448	0.263607387246015	266
0.123228986035446	0.531440714343745	788
-0.055913588529822	0.220169671526565	788
0.113005826501463	0.470461887103886	122
0.075567176029922	0.225002482777893	122
-0.04296063686311	0.139555608235333	122
0.00236356219904499	0.135692374864009	199
-0.014737922597272	0.1327480637598	127
-0.0429665263119	0.159290005390558	127
0.078216741529303	0.142185752796841	127
-0.086982898993279	0.54878361130464	319
-0.043060153681323	0.699862634980315	319
-0.10605483440677	0.350994320772501	319
-0.093291536217446	0.379879330729301	319
0.11198533739034	1.04033674602517	319
0.104657264785339	0.396941362685287	169
-0.048331170102294	0.122797472025194	169
0.077956071593319	0.149508802914429	237
-0.035634499356944	0.132210110597531	69
-0.075267059290947	0.151132101141605	69
0.044885775568806	0.238155980248939	69
-0.105309352417884	0.257568402460609	18
-0.02415430626569	0.334519991880266	18
-0.043340577329302	0.457199504020282	18
-0.064314878200602	0.155736695019404	221
0.11881262413975	0.777421404188213	2143
0.064611825115451	0.672066001008232	221
-0.000477621595313005	0.492727223398661	18
0.124864992225675	0.873600914058522	18
0.018167864826781	0.446226159266415	18
0.021861719647307	0.339163266741446	18
0.119410108570047	0.479088295199821	18
-0.093496708638402	0.182812374897664	18
-0.104627435500263	0.206166170145021	18
-0.064792417073264	0.205202034956273	266
0.056883711962018	0.340015076554557	266
0.111254382300892	0.31668561589527	266
0.09249837659561	0.525543244926798	788
-0.010976101165184	0.290933710010964	122
-0.037494101496238	0.135000060718705	122
-0.080913950041176	0.546317241070435	319
-0.119300883195594	0.32827463749339	319
-0.026357265522844	0.502555524317556	319
0.00363591800244201	0.247136092813414	169
0.039377779496412	0.225098413351168	169
0.07091073909685	0.140909640509279	169
-0.040502760706137	0.143711885194972	631
0.088373407248938	0.144655162113963	237
0.101412030120759	0.231855443955102	69
-0.079275819157593	0.273192970277277	18
0.00522038276723702	0.361118219253137	18
-0.019067421418836	0.488148986049823	18
-0.098347566735915	0.211381952586997	18
0.019094623624587	0.324937563111	221
-0.06415095112955	0.314910120612003	18
0.105788819111154	0.789980428136121	18
-0.06427077884308	0.329379432457489	18
0.098405613520793	0.61037024549982	18
-0.042652045766134	0.340014603746752	266
-0.122462396397495	0.188987379268074	266
0.070393730698476	0.30401588319885	18
-0.093581938968768	0.17902630173946	18
-0.109623443458236	0.195411499009453	18
0.034285038314447	0.52217853162724	266
0.017580651501897	0.461183405371949	266
0.106382330163359	0.45495281453204	266
0.073062356856375	0.222506241421022	122
-0.051603366691082	0.130473006121852	122
0.015069565291352	0.232793868548032	122
0.022770143999195	0.410555396185027	127
-0.069685568815416	0.153386104572017	694
-0.120928121651241	0.477773427469368	319
-0.092053170176906	0.543276268678597	319
0.025665925494271	0.837110308933026	319
0.095032335326058	0.63264392074224	319
0.069829127718353	0.143162050426867	169
0.076875800050151	0.147494108497111	169
0.122953488053895	0.391469823853606	169
0.032798170830566	0.134201278791923	631
0.059086318300447	0.230700885418288	631
0.067663628718517	0.1416668732898	631
-0.03561893873174	0.126049884188648	237
0.035718769219532	0.137154313637534	257
0.082697426866965	0.555271203527978	18
-0.110764739745343	0.263531945556102	18
0.083500771986378	0.84388292915984	18
-0.104560789074108	0.15130999308512	221
0.00660159720142101	0.492139059534287	18
-0.091545580624254	0.244055148498061	18
0.032384511773251	0.572269497789195	18
-0.061053397740558	0.246073338555658	266
0.089942988175845	0.572127520768121	266
-0.113079880474586	0.210377585303529	266
0.00142727924115998	0.23863275276369	122
-0.030334876650543	0.130379612861844	122
-0.123309186939332	0.114816153046378	122
0.026530959028062	0.469559491813674	127
0.078017575801342	1.01589590651777	319
-0.121182184630169	0.274764912183021	319
0.049507020724831	0.230197136036735	169
0.092363220497027	0.305778139235993	169
0.080778319780053	0.228135991570548	631
0.016246534031809	0.233574326492214	257
0.096810567067381	0.43857114202282	257
-0.037880423378904	0.396170913661558	69
0.105445238849544	0.785328726004391	18
0.052134137137503	0.567824548877336	18
0.00612700776437303	0.36828582493512	18
0.021102620827719	0.611861625386703	18
0.010083065535992	0.546481107525763	18
0.07244125429904	0.8326880029056	18
-0.023018974148824	0.448570084245192	18
0.058638678063253	0.428998910019887	221
0.097124001918867	0.629904485910554	18
-0.011290969199964	0.465512331421979	18
-0.114539082919193	0.224109899157379	266
0.03955934453018	0.38250318586729	266
-0.018551552025488	0.31828494335672	266
-0.050222810973828	0.174511724060069	266
0.00648099792273799	0.136937770602233	122
-0.109298791361783	0.159103481307212	127
-0.031398010876087	0.130392052821594	127
0.063937897368959	1.10410565917639	319
-0.036439488813757	0.604564552145941	319
0.059902782415418	0.287086756628014	257
0.07685482679794	0.226767902555517	1658
-0.106345588293403	0.24998323742422	69
-0.050850283788454	0.301223826654641	69
-0.10630675913892	0.16063155618751	69
-0.119533705090209	0.264178526121855	18
0.091685264407935	0.833975708543721	18
0.072921698924688	0.446014149050152	221
-0.108794161640246	0.146778503185786	18
0.010183370922923	0.462378610354821	18
-0.098064779538674	0.262706123489341	18
-0.124355210584113	0.193752945768532	18
0.083749020059602	0.705659376244217	18
-0.104650672270861	0.254732844498297	18
0.116743917677538	0.720908809354216	18
-0.076895423214944	0.261081852486301	18
-0.00544803634161401	0.444975032532116	18
-0.029875678256655	0.37497072567561	18
-0.108172388543582	0.192316484168776	266
-0.041197308266119	0.320500164746155	266
0.086543412301559	0.32477728999055	266
0.123073810029797	0.3305324368494	122
-0.021954336169043	0.126755343157904	122
0.015819491679259	0.233878108338693	127
-0.098840324329595	0.467292891471121	319
-0.057776891191961	0.64941673003869	319
-0.109172957450399	0.411026614669574	319
-0.087291276129408	0.418302768440161	319
-0.032902071379269	0.614547896165222	319
-0.06906701723557	0.155345637502892	169
-0.045347218734257	0.127135700731749	62
0.029528992175682	0.13661704941247	62
0.066852678464066	0.137940512360117	62
-0.058692560744362	0.24329245645014	257
-0.02312629578693	0.12495083382283	1658
-0.076626545403679	0.333870258603384	69
-0.028074693718615	0.52659161695079	18
0.030935241091851	0.696528223166264	18
-0.024145992182084	0.534338983521925	18
-0.018312306505607	0.543873854556701	18
0.083421464739102	0.632766091790107	18
-0.043016749447013	0.134529034824088	18
-0.115629146325441	0.137460384771495	18
0.078504589069681	0.715460203465583	18
-0.024839492374936	0.446668316773311	18
-0.036392017920077	0.326509895570783	18
-0.018231657540099	0.258144373355782	266
-0.00126065808793199	0.462305032575921	266
-0.044639815338232	0.13727281806155	266
-0.034559954274012	0.891579736280111	319
-0.026664467278738	0.893857495726236	319
-0.024346612655109	0.761434249520231	319
-0.057645163907917	0.590357487419353	319
0.102455720411714	0.232672490188258	169
0.032109837123305	0.139363242287134	169
-0.06299198546908	0.203139541718308	169
-0.023699864158112	0.126979792741107	62
-0.012788996164975	0.132194332835785	62
0.060811995690409	0.220387786114676	62
0.019062267016143	0.224421077613291	78
-0.124970892338635	0.101627608380797	257
-0.023477840446362	0.48868024510145	18
0.066722885885795	0.865998738553357	18
-0.011373131456974	0.591361499112957	18
0.087427664049056	0.73752766155827	18
0.00770418045520799	0.496073060347315	18
-0.037882176169163	0.431119836238406	18
0.099014323828583	0.812585524791396	18
0.064275077019479	0.746223599468363	18
-0.095662947169341	0.294641085811795	18
0.036413525867698	0.676730134054229	18
-0.124283259957493	0.188858815793545	18
0.00378396616501803	0.512708997552591	18
-0.054652167591383	0.346215114304551	18
-0.069470435162443	0.295331071528637	266
0.119999843195425	0.861985088464586	266
0.013622643787795	0.369462306917162	122
-0.018009652076039	0.277507846339202	122
0.067418605364539	0.230520690819465	122
-0.083972500837359	0.192276443291858	122
0.068611590781065	0.14231357731443	199
-0.039939094937747	0.18590935222489	127
-0.018985124842835	0.983281256283917	319
0.027006822053348	1.12164538396539	319
-0.01872528775693	0.845772682305621	319
0.026940448402907	0.97478577607371	319
-0.042822105521415	0.628423708565342	169
-0.069498341950699	0.177558805255813	169
0.046343251144518	0.140696396518167	62
0.024055936752635	0.129890658196272	62
0.065370316206096	0.21673315986128	257
0.030709421820162	0.207197065045498	78
-0.040254363945018	0.13130191660278	257
0.107054355432702	0.978663365258899	69
-0.077688771655281	0.260998845162568	69
0.033116516321457	0.227552749983082	69
-0.073491820476571	0.382925624928623	18
-0.016023757470333	0.550538321362703	18
0.022057007222121	0.625004616911599	18
-0.025284561189118	0.528036290450346	18
0.032119986239746	0.682119161848224	18
-0.00548256570621	0.614163834850855	18
-0.021408117721922	0.601628975160344	18
-0.110397525471821	0.224175941070205	18
-0.059874027482083	0.220299955411775	18
0.035581335270909	0.607119729700379	18
-0.01936002171737	0.423074184673834	18
-0.046766830056482	0.346942658744863	18
-0.073590457173195	0.30453625162864	18
0.110358861923755	0.457330628840082	18
0.121063564372972	0.873377002174497	266
0.067447076010692	0.299667122732151	266
0.031465028504069	0.354122814358119	211
0.096098317639466	0.229830316381474	199
-0.015694637597196	0.111590520787314	127
-0.089181060103821	0.48754153644315	319
-0.020602094295988	1.05834271106351	319
0.016938970938331	1.21951083583474	319
0.088330944875194	1.47627371767937	319
-0.088252223611768	0.489562045576711	319
0.070495234607778	1.1997892735244	319
0.079983440807249	0.150542684518863	169
0.07537213165305	0.146716739668797	169
0.07456501071695	0.143645032010568	62
0.040921918948339	0.226579323750522	257
0.049897290594075	0.23361582070348	257
0.082239248614418	0.495787765135169	1658
-0.042696257080234	0.45966533035845	257
-0.063121482199473	0.236020650214457	797
0.103976529107618	0.940169121212862	18
0.020841350162617	0.706046675880334	18
0.001085484096081	0.597936548563558	18
-0.045406230149138	0.474053388785743	18
-0.109641425654991	0.245558651697384	18
0.118470333463988	0.920035257455221	18
0.027144408294362	0.528333372077372	18
-0.014067080799646	0.436673515654263	18
-0.052039518392359	0.340259501199113	18
-0.101603019477181	0.26820554136875	18
0.088349335550793	0.653901622193007	18
-0.123657313262344	0.18355490783308	18
-0.054741499662337	0.261808177385952	18
0.018936158158206	0.396154057479234	18
-0.00202780525860799	0.388997714858323	18
-0.089132692013046	0.264317568559198	266
-0.102903316803882	0.140806271777415	266
0.121893169547674	0.395990787022353	266
-0.055227689379657	0.146080091103186	122
-0.044099117640118	0.351635444957731	127
0.00187427599388801	0.996264616223878	319
0.113994623172463	1.41682207069707	319
-0.101652144990357	0.37191354009844	319
-0.046180467963954	0.257414875744602	319
0.106217992952981	0.401155582839411	169
-0.025082034216812	0.24801899467505	62
0.081288950672937	0.232769558511261	257
0.037438978916465	0.135867045278075	78
0.109899394431569	0.238725389830431	78
0.083103919137169	0.235024105889135	257
-0.038768424010591	0.464738389423039	257
-0.092225881522784	0.294666640865854	257
-0.096282856260309	0.284994339524296	257
0.074567639961456	0.783322915460454	257
-0.062781281571343	0.314978003212525	18
-0.053158448344655	0.405695661821591	18
-0.042192798409666	0.440717076833154	18
0.05304085258585	0.777820739644253	18
-0.095779532985886	0.306678731817242	18
0.080013303550684	0.521482561514418	18
0.058547805645752	0.43243673300519	18
0.030767117708221	0.471622126078493	18
0.032033854046013	0.465623918691242	18
0.025301056555126	0.478565683629234	18
0.063698595405715	0.552364281315609	266
-0.050482335180045	0.333172263341385	266
-0.055182998094024	0.259673326292746	266
0.081344651446875	0.231980398505318	211
-0.020830623403382	0.130857033608241	199
-0.040350391044492	0.368445019336338	199
-0.124052792786697	0.2979166361139	319
0.070645350236548	0.577047176647473	169
0.04631931337165	0.315597152539246	169
0.00851951881352597	0.33807891271154	62
0.063372677695698	0.385242055309655	257
0.116998138232316	0.311681706272176	257
-0.054091114777433	0.141137387762233	257
0.063197754904004	0.134004623958494	257
0.051935733535966	0.226867000689238	257
0.054800054131301	0.401788439538928	257
0.115200319169819	0.842113095388824	257
0.064111307812173	0.701229785337409	797
-0.116875372726064	0.229289107986816	797
-0.028345960055393	0.391269056196469	797
0.092653691755702	0.815732948751904	18
0.073221840540126	0.762633676748241	18
-0.042347485980731	0.435183003928933	18
0.044660440685138	0.50814369950974	18
-0.10192486864342	0.212521350386192	18
0.075115185266325	0.673408574027351	18
0.009537068106582	0.489159878321909	18
0.10551348821573	0.699234925223517	18
-0.041982888851945	0.361878970353607	18
-0.00850545254188001	0.405252206006657	18
0.097952496827261	0.649156352900454	18
-0.084859732275779	0.270122479862061	18
-0.103902608645505	0.207359487391794	18
0.061746949158475	0.540854937652478	18
0.036918770774451	0.465484392031138	18
-0.043583976868332	0.36865258913327	211
0.051613048730247	0.382590367254261	266
-0.074496013400904	0.191006838253525	211
-0.029262369191692	0.121516980782451	122
-0.014784234457271	0.423021283751229	127
-0.00284149871530301	0.28410250345013	1151
0.068479507222315	0.836869195961841	720
-0.010554108184128	0.485509430845289	720
0.010173114370976	0.918922432704012	319
-0.113683228956944	0.367778550102568	319
0.117157753628715	0.600361129300013	169
-0.067703599310336	0.239065069754945	169
0.038490437000492	0.485702050209444	169
-0.035493393731814	0.284827831872645	257
-0.105294666918054	0.159545866647765	257
0.00980088908893301	0.247616747731371	257
0.083966170352941	0.393877527204407	257
0.021855302631962	0.358180667132321	257
-0.064487136647335	0.192833145813116	257
-0.030570326609649	0.260483150478126	257
0.045654368855373	0.426587836240835	257
-0.106628738736224	0.184877019894901	257
-0.08494066206798	0.275788418523586	257
0.053396200558347	0.578559352994162	257
-0.017390816384654	0.34384272587865	257
-0.089810161924951	0.264190812904022	257
0.115139911754265	0.488740119282432	257
-0.012676574193516	0.534156461939672	797
0.050502130282373	0.67793043247913	797
-0.104667888592266	0.257419346467611	69
0.011467120880776	0.388776501559422	18
-0.103648654747255	0.20096825271592	18
0.053887679892344	0.691507328578188	18
-0.051846239372245	0.415792850249552	18
0.106381472680954	0.86915326492555	18
0.051767431412449	0.542270790506289	18
-0.053133689026902	0.242709012409483	18
-0.068846134731089	0.188726260301027	18
0.063961515116005	0.396443712479572	18
0.04902734132804	0.438218812998717	18
-0.008979621025306	0.293103275669465	18
-0.067209092016694	0.20140480661996	18
-0.00715276373150101	0.51833338020782	18
0.033536179569494	0.363460822880685	211
0.068233845751108	0.576470769373779	122
-0.077962421315205	0.214017568477467	199
-0.124360435075125	0.143016322391445	127
0.015875353003345	0.374213706903044	720
-0.084549275592463	0.602885391778949	319
-0.104974820264165	0.301868122106812	169
-0.046424820990279	0.308431070873891	169
0.069483068547059	0.449394660500884	257
-0.081296465177327	0.219583130382938	257
0.059907713055116	0.598971076738333	257
0.022571597653537	0.469495029012538	257
-0.041762495458576	0.326761973107278	257
0.09557808732477	0.542082581657878	257
-0.098777550415786	0.212590104601348	257
-0.041234799077303	0.262209979635899	257
-0.083910739994192	0.261129151982166	257
0.115438235709886	0.856883150387328	257
0.117239821689043	0.557282161419316	1658
-0.048606873219482	0.428043354996125	257
0.026541947542197	0.773230337605896	257
-0.045517320807115	0.429681331292218	257
-0.119930179164613	0.125086794388246	257
-0.063402811456545	0.158363176161633	797
-0.05556014463805	0.388270745616607	797
0.074819428584633	0.726437109172687	797
0.11924321510296	0.386563514208471	18
-0.058430211958907	0.168342397813096	18
-0.000493903572612003	0.224820266709411	18
0.08116087472713	0.325030246272128	18
-0.011654834035084	0.217667435984553	18
0.044047283411466	0.236932052995786	18
0.119141184577545	0.311632452608298	18
0.00864333751416702	0.238439417332224	211
0.103506154370746	0.232869677266117	211
0.014258730300616	0.550476247482922	211
-0.098078893004128	0.167242611366936	211
-0.092659775235834	0.287807313440325	122
0.062852537489422	0.621672205804092	122
0.121053841590516	0.747421855325045	122
-0.063769737213871	0.182599310187876	127
0.046827260601192	0.667637851621292	127
-0.095381933574694	0.254071559972091	127
0.020265364268683	0.401888933591643	127
-0.032002726423731	2.18777617714367	319
-0.061962334759201	0.477195913985813	319
0.07251776909999	0.573708428110708	720
-0.084446745422732	0.446681218435231	319
0.024043391893221	0.558261536610115	169
-0.117411837307594	0.218034443544286	169
0.11463244685598	0.546339550499405	257
-0.124534420077651	0.169941560485599	257
-0.010967209563248	0.383588952477288	257
-0.021820918611579	0.278282388889978	257
-0.042124060300358	0.263996935295297	257
-0.055722355659551	0.366299060660434	257
0.045317270711669	0.64761601107639	257
-0.042663369316401	0.399620965414045	257
0.120335210424796	1.23827836940063	257
-0.029029746267557	0.221184964090126	69
0.017229416532643	0.526008678566431	69
-0.080715996252802	0.356112342318433	69
-0.108764931599012	0.147603878488597	18
0.08345455481733	0.408043276049108	18
-0.119664220055119	0.117941531090988	18
-0.035187771084221	0.251634965108501	18
0.066703937180486	0.932793589591866	18
-0.053293947972817	0.176339233668971	211
0.00141092219475603	0.241636048005039	18
0.025349526078292	0.751638015121771	18
0.050677610106495	0.427905017004835	211
-0.114313478413641	0.206046905864552	211
-0.047264550501821	0.334383721286735	122
-0.020912341035831	0.38252554118173	122
-0.031235034101956	0.34357010327244	122
-0.057663904230812	0.280364488908152	122
-0.021741434226913	0.435356097648529	330
-0.00317649807825299	0.449767458807059	330
0.109282988960561	0.753999123044258	127
0.070403214950648	0.312622370312464	127
-0.096420054929339	0.819769490674462	319
0.023138155988901	1.12451301298044	319
0.09984974344996	0.642241072390223	169
-0.122079106981309	0.185342552019834	62
-0.080275701801812	0.232896374820904	257
-0.024490569610297	0.235237128175084	257
0.00675893036298297	0.314114781784249	257
-0.00740938718509701	0.247370358630911	257
-0.079717734364275	0.176630646678076	257
-0.102259158254115	0.165760260382894	257
-0.119322797080036	0.143473348075647	257
-0.048650215927202	0.268525487552036	257
0.084184248250399	0.572907004875769	257
-0.066683240471152	0.288602434311304	257
0.068212740128802	0.660103339850024	257
-0.111248656207342	0.268234545541692	376
-0.031874489186672	0.296924454722181	69
-0.037012904738002	0.342214877594327	69
-0.113111323514765	0.126747196439744	211
-0.068893618561314	0.184972061525037	211
0.072949925672936	0.3842127303852	18
0.040065067037735	0.313202310489376	18
-0.113340906713979	0.238986427887023	18
-0.107131302907888	0.199582048839475	211
-0.115060237925371	0.134707436806749	211
0.020224199129779	0.238188425808735	122
-0.119669723424928	0.114963131271326	122
0.122502392803436	0.585966591870081	330
0.01436598348711	0.402895963400712	199
0.017983917593971	0.38902479152974	62
-0.08556536276751	0.207103337838983	62
-0.056093737706347	0.143740416970911	257
-0.086534430103494	0.162598867052987	257
-0.029273425639026	0.130124203521288	257
0.028508209138792	0.133666727314392	257
-0.031051279172928	0.248982599799066	257
0.08501747979766	0.405811443921213	257
-0.03149923359055	0.473268228964707	257
-0.035233825281983	0.373315085419197	18
-0.049272888660572	0.150709396236291	18
-0.116462561793192	0.195968164617838	18
-0.051250929469759	0.361768640310267	18
0.040699411278174	0.470787974999777	211
0.114367940373193	0.486648708998217	1077
-0.040920880108216	0.139466746514551	122
0.02865598369518	0.238357105820886	122
0.050721138715854	0.295265982618604	330
0.099212768012727	0.224726739561944	199
-0.036825690276857	0.127968084845354	257
0.081341419892132	0.222552397344341	257
-0.07549060181103	0.217926520135414	257
0.067618619207388	0.434942482325633	376
-0.10118021912754	0.169048667697628	376
-0.01952679344534	0.59857086204257	69
-0.00732519329363801	0.363482306145305	18
-0.019366110078629	0.352521372180437	18
0.00562626041322201	0.43584247773841	18
0.102315103820385	0.832771685480642	18
0.044652726992294	0.577990856190741	18
0.076319053133492	0.720083494339153	18
-0.112804408299895	0.231594803744823	18
-0.100878149008704	0.261457459918645	18
-0.020232302245278	0.274189016329219	1087
-0.085411816879402	0.267567370848223	211
-0.013778620396308	0.452815200579057	211
-0.019120760052246	0.286721308625737	1077
-0.059711900919686	0.155011913702568	330
-0.030381209897599	0.130765178781275	199
-0.047167581562275	0.298404013514881	319
-0.048910925932298	0.140223891879675	169
0.102469279107287	0.465137093721823	257
0.091904778462556	0.220718005578421	257
-0.057594916602193	0.136378243833491	257
0.040699559924944	0.142935775289841	257
0.038250909884827	0.138207350534251	985
-0.065073233015409	0.234694412956298	257
-0.054836844868518	0.15828500353603	257
-0.103899659431117	0.190000371573815	18
-0.018068067419778	0.282446536416622	18
0.085481278251945	0.6596228544748	18
-0.078112050107758	0.312206348197881	18
-0.013071429889795	0.457236088926445	18
0.09606706232852	0.407919083403044	1087
0.029558949241783	0.438275361845195	211
-0.110740150681974	0.185810592074826	1077
0.027261913528641	0.327773886131212	1077
-0.072807899084836	0.160837847996935	211
0.072673859683659	0.235809173579046	330
0.073552884187542	0.407564202213618	257
0.097149288709809	0.227973973923745	257
-0.074930939926577	0.36526322344067	69
-0.01592295834376	0.131159254079401	376
-0.088646077944402	0.413402901346819	18
-0.091754993317064	0.384727044016123	69
-0.017725612338517	0.336000778883478	18
0.016038449186208	0.33427572223747	18
-0.051833200375576	0.356835390211465	211
0.082115632797413	0.606276691119806	18
0.065842622019293	0.645029378005272	18
-0.057466761267689	0.37543078706007	211
0.115406904072288	0.689065385842973	211
-0.026715432918273	0.341783130674015	211
-0.064064599385931	0.192552416913682	211
0.073054090106012	0.485245291605036	1077
-0.078409415482807	0.306991240558004	127
0.041603798063416	0.234355288627358	127
0.078998892790425	0.134111629358268	127
0.04159019656575	0.388873989935721	257
-0.059073184322845	0.130755872497933	257
0.09719711397478	0.218060882665856	983
-0.054085066223864	0.119278469452884	257
0.022223779308669	0.346948722506772	257
-0.038292618873336	0.412629851776938	257
-0.015397223120926	0.35582914877398	376
-0.08081856023725	0.426001443591314	18
-0.110563804729648	0.241159875335118	18
0.009511539484652	0.389996983910326	18
0.013767790114678	0.540340605207407	18
-0.116886821220044	0.234957881645119	211
-0.090842317685615	0.24778529299276	211
0.112057536654874	0.749166032344617	211
-0.055113343385564	0.175461270107803	1087
-0.111747168331188	0.174226110721087	1087
0.108270365057485	0.642909093409775	1077
-0.062446031273509	0.249697180484123	215
-0.067691735562934	0.14052325108188	215
-0.053394318329307	0.141034200663212	127
0.079164442696568	0.21681111336411	127
0.077733257130734	1.00453143476333	169
-0.01150429347727	0.353408812864841	257
-0.00410441681705101	0.210396827697332	257
-0.014894549420663	0.233359175700416	257
0.055615577592267	0.315855305032899	257
-0.050691942681576	0.15392068734013	257
-0.077920896231796	0.155514104090067	257
0.098441284537634	0.647290322428768	257
0.11275916084436	0.384525557667061	257
-0.095040561297666	0.318389858616483	69
-0.054502789793794	0.472969464364254	18
-0.084890271545858	0.245698912242043	18
-0.032814441009065	0.393424632981392	18
0.047069756847473	0.544843361058764	18
0.052910893403409	0.575297585705418	211
0.012068060480161	0.515257949763453	211
-0.000540905439637002	0.448304191494419	211
-0.042004918494934	0.332330610459882	1087
-0.043425400878515	0.323043973812961	211
0.10673555818886	0.723673291770634	211
-0.119978691615822	0.204497879544037	211
-0.048695432632338	0.130764217402092	330
-0.043735623346165	0.157629229890688	330
0.067562825268614	0.380219077001301	330
-0.040502760706137	0.143711885194972	330
-0.083831422022676	0.149032452667868	127
-0.036781158251134	0.367711878140667	127
-0.052895814462591	0.147937031844273	127
-0.039585088130501	0.137746809622392	257
0.036556688098826	0.136413417863001	983
0.111609690454877	0.390073070676921	257
-0.041298082821993	0.137663574548217	257
0.105094993225883	0.742821998273219	69
-0.05802634966583	0.184963126716849	69
0.065477681760031	0.63942874359478	69
-0.08196699084978	0.378388608528825	18
0.073833491612319	0.64259506005765	18
0.06804545661625	0.6409900635913	18
0.086388015747866	0.490021232130731	18
-0.042554622312801	0.325187556286972	18
-0.000198540271718006	0.43850517294108	18
0.029651597763829	0.498002714314825	211
0.018589893684669	0.516588873085052	2135
0.085872619059875	0.648648174718228	2135
-0.023576029778933	0.298088816687793	1087
-0.012107560464245	0.336112687753937	211
0.065477625744977	0.236533730904835	330
-0.055565542622845	0.155823717299666	330
0.082646151747352	0.228087586358969	127
0.00734702301681001	0.621503370202277	169
0.113098144889039	0.325379751835272	169
0.088691105346205	0.426352892315847	169
0.097191636977926	0.229194019165292	257
0.082386720924797	0.300365939989545	257
-0.117555116004863	0.114432903174744	1137
0.065844818684222	0.227365748236183	983
0.069366188696499	0.362902899114556	257
-0.00397574556459901	0.666300780297464	18
-0.1196955041667	0.279019574738687	18
0.077542356374325	0.389760074029303	18
-0.070337929804568	0.27662381225424	2135
-0.10278836321704	0.222777014009046	2135
-0.068136433432597	0.168576501833308	211
0.124325250376293	1.22850301919584	169
0.083351643669484	0.473056899216448	257
0.035184111926563	0.230700221464841	257
0.102503806520919	0.229204891138297	257
-0.00789336110060501	0.228780936879382	257
0.068930773127697	0.846728295920246	69
0.070202593871781	0.986402546578366	18
-0.014654534891647	0.468928367075674	18
-0.061708457999956	0.303284203139499	18
0.021882867228028	0.374247423238898	18
-0.057501180041948	0.168776568368134	18
-0.120554922597893	0.146924316601711	18
-0.113200880131952	0.218600261343882	18
-0.084511150183137	0.233538016520452	18
0.084566652919995	0.569094842157216	18
0.038376457580737	0.538159231265949	18
0.062036833678829	0.541471614560301	2135
-0.068160362922888	0.319640132346943	2135
0.080580902749854	0.70854131756275	2135
0.106655872966397	0.473104882821612	2135
0.027884756024972	0.487328907939104	211
-0.124948687893493	0.201363129079119	211
0.00865911849763901	0.225998396342221	211
-0.00617914485134999	0.125470328187502	127
-0.01096935966128	0.463946920655732	257
-0.00536668176034599	0.24081645054512	1137
0.058242169106421	0.328081085204523	257
-0.063161673169926	0.178639967018917	257
0.072401463922986	0.145948742719951	257
-0.085819910395898	0.259026403910203	257
-0.075239779728524	0.174385706971589	257
0.070747806160119	0.315241931864112	257
0.074547377675156	0.624728339903012	2202
0.077925190124455	0.497725589870725	2202
-0.038619901299817	0.310074271108828	2202
-0.022851377680829	0.584384486970965	18
-0.031341820863846	0.424906354470073	18
-0.058135301949821	0.333144131113221	18
0.056639850039468	0.559245597510886	18
-0.06692681944323	0.314161730300011	18
-0.084188184807317	0.240350783252875	2135
-0.072980462616274	0.250997785602734	2135
0.10603334324753	0.734354499912152	211
0.069129919389257	0.552919627399732	211
-0.055773938000549	0.248826926328817	211
0.041189942482376	0.306349261713596	211
-0.09489320887369	0.169322153813364	215
0.00887314812887202	0.223961039946241	330
-0.060452777629047	0.198422365204667	127
-0.109855477796418	0.155158704810186	127
0.077141512457573	0.145330295563523	127
-0.090122925075174	0.205084253571882	127
0.015709004881648	0.871809220395537	257
-0.032858515085998	0.325081834679595	257
0.021316578918156	0.497160236853203	257
-0.086086909109436	0.217200176602733	257
0.088153979970492	0.631423182884207	257
-0.121983764573738	0.179257395046842	257
-0.098575274010611	0.242006104985377	257
0.037476801346637	0.314737717898777	257
-0.073281154820028	0.176132221644189	257
0.088788491306982	0.951128530862591	257
-0.107954113059816	0.227805158679058	257
0.089037285751728	0.968193042207378	2202
-0.11410113572795	0.201289510325796	18
-0.075830964661552	0.271580577857441	18
-0.098593482410698	0.241501838108542	18
-0.01505489439403	0.559376004318847	18
0.021152046743822	0.384793188764924	18
0.107477786860652	0.557867946827291	18
-0.02818146960675	0.268220727856403	18
0.072644410978746	0.368099390945636	254
0.019393045139623	0.471551589275595	127
-0.040498540125169	0.414389520580095	127
-0.099915393686533	0.253315599978949	127
-0.048954697289173	0.378407072900573	127
0.0946843205521	0.487422727572324	127
0.086787691707536	1.66753577052511	257
-0.104668999882614	0.371461788452403	257
-0.031622456525083	0.608679887700568	257
0.01379066019101	0.565678790221994	257
-0.08152809712116	0.335399611518018	1137
0.028417509763893	0.645033451898235	257
-0.119202041789275	0.249507199318998	257
-0.048219485852087	0.356456307872684	257
0.119687318599464	1.1412847966898	257
-0.004100286214755	0.799863757200253	257
-0.06792879219805	0.137659511233228	257
0.035896673259303	0.634295505502041	257
-0.072284302735539	0.139947907510136	69
-0.067936670038984	0.155178589939138	18
0.045597903807476	0.229612450855165	18
0.120760184236258	0.777223977602061	18
0.017447882744093	0.214071231880446	18
-0.052394103775338	0.147808554633607	18
-0.045789213321654	0.135615046104768	18
-0.047561662566929	0.148666338111778	525
-0.049817435987726	0.457402905148044	215
-0.061331270105916	0.37312600579655	215
-0.020068314474543	0.504463158949222	127
0.00404380948355698	0.404991911378154	127
0.00257400750363901	0.571181911839127	127
-0.036119479841293	0.447342791341238	127
-0.043628218079417	0.960384075072094	257
0.049037784616557	1.33568432700907	257
-0.036585317915203	0.742443289162445	257
-0.025573892606217	0.665333358734983	257
-0.109329449912054	0.301442575594214	257
-0.065607803888194	0.464828502723553	257
-0.081103048336037	0.327343703327645	257
0.118696776447594	0.458994988245601	257
-0.097170344478069	0.160116129429315	257
-0.111763970620811	0.206531899933801	257
-0.011329496191283	0.667131575460079	69
-0.117803471402791	0.127620837406643	69
-0.046653615630532	0.17294977052157	69
-0.061454678165677	0.151143055752614	18
-0.116518056004382	0.123587921182912	18
-0.115005495895884	0.143829209880782	18
-0.071600564902188	0.165768692866506	18
-0.043411803439651	0.145449869256048	211
-0.039004157307571	0.126502290046275	211
0.114865342763435	0.749668339316659	211
0.04487992061439	0.426531199878185	127
-0.03248610696103	0.489345622484173	127
0.00368692760065498	0.594373634397916	257
-0.061668510213446	0.430973948996045	257
-0.023242033351303	0.479608946281141	257
0.044790761817803	0.637393119023113	257
-0.047473407324709	0.429180510569293	257
-0.076603904452966	0.329822566886508	257
-0.021905792775156	0.304257010672338	257
-0.098122350790475	0.206699178418638	257
-0.084730970990503	0.207054094844461	257
0.00402086431716497	0.47426770671985	2203
0.033250005906943	0.137621518591144	18
0.124501685616813	0.151295106265293	923
-0.036809598052695	0.149040452787497	254
-0.055352116573725	0.132970444992757	525
-0.123001574537259	0.1095532938738	127
-0.030429893208176	0.32111382312291	127
0.037485231962524	0.2206509302234	127
0.049061985146378	0.222676731669819	127
-0.113420234828375	0.121515253805596	127
0.113753871817999	1.68771780605501	377
-0.121021493030011	0.443446948778525	257
0.011898399900079	0.77844646188567	257
-0.068557753266592	0.4588005176981	257
0.022936096078588	0.630958570768277	257
-0.012037227217831	0.740035498048292	257
-0.030964604312191	0.513412968781426	257
0.013704619169204	0.407661938439374	257
0.058847594798595	0.792723076416081	257
0.045559505345066	0.625997884436148	257
0.031540382013942	0.915450665544231	257
0.043102059284891	0.303441135052233	257
-0.090091565545564	0.317658208898035	257
-0.044318865189792	0.306932175131855	257
-0.099063194814704	0.223736853176331	2203
0.012408633523477	0.222773391591122	2203
-0.036754193689822	0.12288308493729	18
-0.016540734306373	0.33309939861991	18
-0.095124117839373	0.245656358266091	18
-0.10250917216201	0.332757012724155	18
0.124501685616813	0.151295106265293	254
0.024342538384023	0.388621735344004	254
0.067607882372479	0.212803513518812	211
-0.053634553657273	0.152841327732806	525
-0.096896252426017	0.281280649157269	127
-0.024825564451767	0.203277110605777	127
0.002826278926093	0.295769795911662	127
-0.031474053307476	0.129907904217326	127
-0.057260627163035	0.149668704417912	127
-0.010509121491583	0.51740486819089	127
-0.07369152455453	0.41429766678955	127
-0.043668067091079	0.307765087090251	127
0.095272835576463	2.21103649357881	377
-0.100539188026361	0.575803776993694	257
0.00602561859506401	1.38637949819627	257
-0.108290898436766	0.420597480827805	257
0.111963444363877	1.34701492686223	257
-0.124355740866951	0.373653388238795	257
-0.102883463070599	0.413442743652195	257
-0.010295826152379	0.640419739633521	257
-0.041771703956237	0.384265144303726	257
0.029630607482603	0.501102921572516	257
0.049241160116114	0.817974852294346	257
-0.022467006416308	0.444678492102185	69
0.00956529942421203	0.782027941686041	257
-0.050469862475091	0.495195130521908	257
-0.00758034674140201	0.234997423023216	257
0.00910426306081003	0.205793297133878	18
0.040070509845103	0.331878965804557	254
0.018734368036883	0.319329410422143	211
-0.045146584958589	0.142040346141064	127
0.020713174005026	0.558391780615496	127
-0.047050436157762	0.424544905943984	127
-0.123142159539869	0.274135582661073	127
-0.103349039781643	0.666732445202151	257
-0.085118217758624	0.611071008809964	257
0.028598771063149	1.00898065724364	257
0.044694195322136	0.954689173520315	257
-0.031732802955372	0.511776101496449	257
0.00457112212173499	0.52998296324851	257
-0.094221363875115	0.348422155657658	257
0.042614274392482	0.46014801323313	257
-0.078018910928007	0.347764528175233	257
0.104696507403387	0.319161200900725	257
-0.041900229380237	0.132896181118199	257
0.011946281523476	0.279255278326324	257
-0.030387667174987	0.132486805644824	257
0.050704100637812	0.454078771833333	257
-0.021734899523049	0.346058502661558	257
-0.052529924521797	0.321721082362807	18
0.068628706145627	0.21274733684781	18
0.011732277784509	0.134403529889848	254
-0.066339067453143	0.230838104071233	254
0.106882108122658	0.517358003230885	254
-0.123930934432443	0.124101507316043	254
0.057276209955011	0.278526439810213	127
-0.119782355874649	0.156291232094613	127
-0.063143550322882	0.263828125679179	127
0.083965996184254	0.769374578492471	127
-0.049127940458534	0.145079593389295	127
-0.049197002883021	0.294502944251801	127
-0.102984206560045	0.799096186419974	257
-0.014963467291418	1.10577773208491	257
0.045011490777067	0.955697279699752	257
-0.099586377695706	0.379337915148617	257
-0.046661495029246	0.566819160741696	257
0.022614640199975	0.752881476054604	257
-0.084916645936709	0.426565197759485	257
-0.108675047866559	0.276045997084329	257
-0.074369879389957	0.203237459654695	257
0.046107917367746	0.707680278973317	257
-0.050812976568346	0.260068038984956	18
0.00327954727142399	0.407004917852582	18
0.083805306494799	0.310041467912338	18
0.034965964755402	0.289611072552986	18
-0.070362261806895	0.230837033853682	18
0.084621873404072	0.319557947369122	18
0.100693460483038	0.383733355916133	18
0.076397120684862	0.223851864342056	254
0.093656842741313	0.450428628336519	254
-0.075481648514618	0.172331793406929	211
-0.033723001613859	0.236260356966046	127
-0.049884479175602	0.17089825083744	127
-0.090229155759505	1.06399259799331	257
-0.074525504104051	1.10693537427118	257
-0.095775210107931	0.645133965795906	257
0.025629010305078	1.25208372526909	257
-0.067096135675175	0.47652272760924	257
0.060029934844193	0.897334803002761	257
-0.076847396704495	0.367803953700191	257
0.09671894707743	1.07260961963136	257
0.002682444315739	0.471763329167576	257
0.060175182337113	0.49495354042579	257
-0.047863808295272	0.315997196500608	257
0.109606386363919	0.676258341951885	18
-0.060394103164256	0.159298090839754	18
-0.044433276795569	0.146900704220416	18
-0.048811111057377	0.13428773782409	254
0.016814405893216	0.359861385353487	254
0.094373343370041	0.375158208869493	254
0.116592938607019	0.334016827060528	217
0.012024305815068	0.219716653525512	217
0.083766327411743	0.443153847938124	211
-0.091198865145306	0.175551553253888	127
0.116515026555663	0.404607889531745	127
-0.100401261055837	0.182395643818209	127
0.00767183786860598	0.437780284864636	127
-0.10283868034902	0.139064535686907	127
-0.00729030592361599	0.257263339197928	211
0.026723989686476	1.37189612590421	257
-0.02643525113632	0.866854768232346	257
-0.05396491568838	0.574569876137633	257
0.087475059235601	1.05147910313979	257
0.038162299255213	0.823571230305334	257
0.00831088056675799	0.684025668695397	257
-0.00472599702339399	0.463334454976805	257
0.070734782245721	0.32489350007123	257
0.124932770723841	0.661098735635368	257
-0.056248208101473	0.159316916158984	18
-0.118796119049083	0.124213088195686	18
0.00734269306275998	0.24223326006348	18
0.035760538411542	0.22760742844728	254
0.00412508847024601	0.230644871382914	254
0.063599663321919	0.291511536295528	217
-0.106768816453188	0.214242044389936	211
-0.006041306159631	0.247324737286756	127
0.070692167126783	0.425329288847276	211
-0.028704954943755	1.58883955876477	257
-0.0200263065791	1.28680182396841	257
-0.077003895236498	0.822667810954016	257
0.080513527912897	1.63391260320258	257
-0.076881118040373	0.455263631899409	257
-0.114353070952847	0.332516242855259	257
-0.04738177872315	0.439650086046165	257
-0.121487892885998	0.307570320413523	257
0.011563885794257	0.356809067324902	257
-0.074135195160727	0.202358179101936	257
0.00454197438058701	0.308884180463544	257
0.016120519409059	0.488220513697611	257
0.08427870090808	0.629658453324163	69
-0.003186014196845	0.23390114711719	18
0.073419212898497	0.301345557763276	18
-0.03717237090468	0.371480495691626	1473
-0.053998173206528	0.13041479505884	254
-0.065013573829661	0.141688591657348	254
0.016633712129498	0.220350929525184	217
0.105555791341305	0.323359161245352	217
-0.041831673345094	0.328969045399586	211
0.102625388901082	0.389078981308732	127
0.053553148170956	0.325851257688168	127
-0.053475590150989	0.211060760835658	127
-0.124675738770231	0.798845176035317	257
-0.021389103848334	1.62673830684093	257
-0.00475058989775101	0.877315177604802	644
0.05261443655202	0.997815566564622	257
-0.040565424067739	0.568950232350708	257
0.104312183898593	1.10163579839259	257
-0.031553434224895	0.626435628345346	257
0.052436810549416	0.929111465483288	257
-0.024830265083626	0.73084808010968	257
-0.03776420450423	0.602298150881608	257
-0.121958648396882	0.159287096997381	257
-0.1016413475852	0.211039110156583	69
-0.11871808735896	0.199338456222007	18
-0.049818224641985	0.124020847605843	1930
-0.001777129831115	0.12635156053513	254
0.071432106675266	0.13482169951708	254
-0.062307956276244	0.248813152264238	211
-0.064439570086775	0.244044759083729	211
-0.09282714107802	1.01722375859524	257
-0.077408027768482	0.697667704386264	257
-0.103551046936958	0.46955450229017	257
0.05550861798982	1.26605734418625	257
-0.112079735275457	0.225400103651742	257
-0.074474860507144	0.258847930864627	257
-0.010682759437609	0.416080378346798	257
-0.081675368578516	0.360099021083962	69
0.07488970388455	0.572078736521014	69
0.122044000917038	0.688852805463632	18
-0.058660731333177	0.178410432542939	18
-0.053802663200214	0.135598707828446	211
-0.046788427966964	0.164073669998181	187
0.047244125470325	0.403922054027688	478
-0.07116978669996	1.2257590582788	257
-0.015919896476893	0.978118024635559	257
-0.083663895290969	0.43058197908771	257
0.037317992587429	0.921951445082809	257
-0.114230973065062	0.276023346452904	257
0.072810010418978	0.959397286460789	257
0.111491569474788	0.32405320782914	69
0.000899550577718011	0.239536943851743	257
-0.042498257818978	0.250797082849597	69
-0.040208549234056	0.13083946610762	269
0.103750957102185	0.228835111067453	18
0.039375108618693	0.141400491767171	243
-0.073929644481212	0.270846098243253	211
0.111872989390498	0.781882877007094	211
-0.105745542313572	0.229703625220633	211
0.109094820772264	2.2103632792441	644
-0.000348883938313005	0.550911278635552	257
-0.105363924652838	0.161560008880013	69
0.012253854166783	0.440796495085353	69
-0.00143096909626	0.13186661194737	18
0.028499733711132	0.309508855697158	18
0.041354511252954	0.22679133599266	211
0.015111858394438	0.324155035251823	211
-0.032864867807077	0.22020554056135	211
-0.114599671960983	0.191723283113203	211
-0.063602969350493	0.157122464217087	211
0.064136418496068	0.222916384149997	211
0.030601269015949	1.48341935626543	257
-0.092283376214166	0.459917435655762	257
0.009444799890369	0.734494787163596	257
0.076356813552016	0.637123809128765	257
-0.078399830986653	0.289039831494015	69
0.058735777550025	0.598233100247575	69
-0.122372653951343	0.114629755646589	1044
-0.070108467125117	0.202870103882747	1044
-0.0732731637502	0.143591153808026	18
-0.060693166440414	0.148842557815357	18
-0.031507574333633	0.129365520226933	254
-0.11919160686982	0.133059873302988	211
-0.025381133640484	0.316966237719574	211
0.021625531415348	0.329581734075213	211
0.103908680661333	0.60852288808802	211
-0.02672172185749	1.3215719355547	257
-0.102932727493144	0.673104638867764	257
-0.073207606030485	0.593696032724228	257
-0.059182318187575	0.168329276303114	1044
0.080763543664938	0.232447868176967	1044
0.00375440263034998	0.129778229180754	18
-0.073974483962639	0.195015325095739	18
-0.0589826519399	0.141647890320084	211
0.034057208269096	0.137631910944822	490
0.065244762099043	0.388301725905684	211
-0.120909604594437	0.212218325019604	211
0.043094615798941	0.2380071471149	211
-0.067875261306043	1.31100683385105	257
0.053018525438999	1.47225057250502	257
0.080053742668518	1.39150668143293	257
0.044564868894303	1.21428114677043	257
-0.101876989785656	0.42025827149792	257
0.032106281025873	1.17474377894038	257
-0.026183618569972	0.723295170204923	257
0.012547200170599	0.292621655164447	1044
-0.062325909436825	0.150606495625785	18
0.032798170830566	0.134201278791923	18
-0.060813550604989	0.232690341613493	18
0.116148774230847	0.215925986809727	490
0.054428350676134	0.230894676902787	490
0.00505047821083299	0.129255024567183	187
-0.000753921690537007	0.306310053567557	211
-0.057597712800296	0.177510580935401	211
0.00498240606634598	0.437425639830293	1799
0.03892665624646	0.6293639290891	211
0.094061756375568	1.98960712876088	257
0.049771071284976	1.31534411488421	257
-0.076914705189676	0.520266202665774	257
-0.115426038460333	0.373380990229761	257
0.047262674450979	1.30035802364857	257
0.044756757578341	1.01917574457324	257
-0.072337592565635	0.457556851092019	257
-0.082714386458203	0.382060222977788	257
-0.00674868147624999	0.395773511783426	69
-0.066227796931804	0.152917521480459	18
-0.096103091713877	0.175686348627152	18
-0.084237210859148	0.209481215908413	18
-0.120129888347819	0.167661151305465	18
-0.00166913619827899	0.431256363886953	18
-0.098568990205554	0.177125408437965	18
0.123864396094613	0.235675034248659	490
0.112950827682168	0.39922709213851	211
-0.053987366721039	0.1327364170489	211
-0.004042299906199	0.308664736393481	211
-0.118992482555519	0.119934137744351	1799
0.034321951898428	0.501659865999712	211
-0.033674416788404	0.931268340134354	257
-0.02497797018005	0.73256991753243	257
0.037765400608984	1.432901956785	257
0.044311346726354	0.94445714314988	257
-0.036898823009208	0.553999884370689	257
-0.034031636241436	0.529321709070848	257
0.054749835265069	0.686793161546116	69
-0.1047545610775	0.270729600252376	69
-0.005732751278718	0.486089939158179	69
-0.051525004530845	0.131780134933574	1044
0.028667046923404	0.452352629906791	18
0.014693429608685	0.399457182396436	18
-0.032636280465419	0.116203551662539	18
-0.00301891705027299	0.129598523447884	18
-0.024942479942333	0.12322972104222	18
0.075916494952782	0.143678939425235	18
-0.045146584958589	0.142040346141064	18
0.045008059847029	0.142822073965313	243
-0.022865520135596	0.24337407801797	211
0.005729716277389	0.249372711668885	211
0.101572618140596	0.325042310553976	211
-0.027259257467732	0.213962512308225	211
-0.000774565611538991	0.377063364575899	211
0.093995538178399	0.492991009376779	211
0.090022032615625	0.529046492771875	1799
-0.082568415802509	0.450919153246472	257
-0.035775083388078	0.64876124644437	257
-0.116119801728031	0.237090138848196	69
0.072627617926925	0.511366779448961	1044
0.100315641780625	0.225358526171222	1044
0.095852235214076	0.45641541020435	18
0.00953993480361698	0.134996225350723	18
0.069694620168287	0.143765555744688	252
0.035413331353827	0.137423847119388	126
-0.110014282091713	0.146472856435473	211
0.029462230922933	0.459648712607073	211
-0.064353084237515	0.142584276543467	1799
0.023727163709387	0.328982886999657	1799
-0.034701317366642	0.390699480712127	211
-0.096372325765338	0.219493675974392	211
-0.040035495345515	1.59340316519147	257
-0.024860714261962	1.04137164014757	257
-0.018811344034643	0.557888783118091	257
-0.10488944418812	0.326620423810953	257
-0.022535069376351	0.554070550675718	257
0.00463214626318098	0.222597948254392	1044
-0.110806227810342	0.132903551030609	69
-0.00172873156043901	0.290036816273716	69
-0.0658924535288	0.162572032180727	69
-0.07160946783418	0.222809466710105	18
-0.112654769347873	0.157342965791081	18
0.037642974405292	0.239882189011056	18
-0.056078287828964	0.153819623847342	18
-0.03638978323954	0.108959698243305	18
-0.047164841487902	0.134172070635082	18
0.065716829367225	0.304523746866369	211
0.063715900194674	0.222410028107151	272
-0.055609620417278	0.153386171655888	211
-0.010450446881203	0.246975417294977	211
0.063231505709283	0.530684373345631	211
-0.100506917668584	0.162179441678935	211
0.00349721594477498	0.400484492142597	211
0.014807697029899	0.31101311500221	1799
0.00601036232831698	1.05158374990376	257
-0.121866783797043	0.363761084543724	257
-0.082546075488593	0.234136432578694	257
-0.10203738466184	0.279051343496336	69
-0.082632669040983	0.248000613217777	69
0.082693968075819	0.14795921964911	166
-0.0530528922617	0.145484165779127	211
-0.065183731960514	0.262706390802527	211
-0.003140754445981	0.259568923206111	211
-0.072685756549438	0.211407098980009	211
-0.013743784491506	0.370157706621763	211
0.00843546054765398	1.96674403192368	629
0.040216257986428	1.05160445707132	257
-0.00211470262623301	0.734855568268685	257
-0.110272881808875	0.345104262755473	257
-0.072339355730209	0.299046905183888	69
0.105499798583308	0.438814333017609	1044
-0.034356399125612	0.136490149344254	69
-0.00333391039305	0.333432263465105	18
-0.053566154808164	0.150257363746379	18
0.069829127718353	0.143162050426867	243
0.013863566608918	0.222868986754315	272
0.033047976459766	0.141080545993463	272
0.025681221935466	0.216739082225222	272
-0.000129388910629996	0.246521652076246	272
-0.102608800810572	0.187800858478594	211
-0.100778941578507	0.2377720022566	2137
-0.035015233942288	0.282641520069752	438
-0.02955071048776	0.320443409990345	211
-0.079938150042141	0.222034117218005	211
-0.02828749227151	1.48714894282165	257
-0.080086088991755	0.407271801838222	257
0.054430453212557	0.854850884010855	257
0.050195692093698	0.907820572640241	257
-0.088689681934356	0.254568104516345	69
0.014952416630577	0.221843231958761	1044
0.077873608316617	0.298915536717484	1044
0.12052300115373	0.462988099629634	1044
0.106358585573823	0.473123695817037	1044
0.114585727634692	0.577636415974824	69
-0.107299831471893	0.190024443608144	69
0.021070767114626	0.218096124891975	69
0.00598088724505202	0.331267273857394	18
0.09416927040661	0.433938297400871	18
0.029826442299868	0.135894259867795	243
0.011100481047922	0.230907360362004	272
-0.01077349410826	0.219523799837928	272
0.072627916007455	0.217265934617934	272
0.00187027332370399	0.220344157654646	272
0.073993121824097	0.294776208109722	272
-0.056217361800857	0.178786712828958	272
-0.075444076063356	0.162053023409785	272
-0.065902666346632	0.188064871677349	272
-0.039448381985403	0.334783269400887	2137
-0.051921642677217	0.232864527514477	2137
0.022025592564162	0.322990936482978	2137
-0.113426900468845	0.142328545887158	438
-0.083168999802124	0.150872754735015	438
0.012921246151146	0.335425210362916	438
-0.122862334985934	1.05302752944622	257
0.051069826804864	0.948527148948036	257
0.081309932729191	0.792832209153584	69
-0.077110723346782	0.242007283739237	69
-0.030413716518723	0.129205348040067	69
-0.04427983234666	0.129385470702966	69
0.043984408929519	0.494581512418771	18
0.063247799057727	0.477351673979722	18
0.080928350291474	0.143165858332	166
-0.066974796000356	0.154603317420254	272
-0.00735847848561599	0.271270280413099	272
0.017809155310059	0.512160537464065	2137
-0.090489362755142	0.239617166071099	2137
-0.112080370408907	0.218512540274021	2137
-0.012128018688107	0.412488584297617	2137
-0.066697544647303	0.182638419240416	438
-0.067439518504453	0.172117639751957	438
-0.075476279080748	0.256351313876118	438
-0.068560401248693	0.279958930863918	438
0.09843090319709	1.91434706402731	629
-0.054958472226608	0.75508122034066	257
-0.087466485798837	0.444190411301588	257
-0.042730425745393	0.556852137527688	257
-0.052049779533904	0.34214350682368	69
-0.08226985951541	0.298368149907847	69
0.077823848769564	0.14771958856279	69
-0.107561511158213	0.247174740011265	1527
-0.104575259198795	0.181870237942019	18
0.019845554106221	0.281428424536854	272
0.124039533185878	0.449052071918755	272
-0.066490741326889	0.259183359578054	272
-0.05684239053581	0.303179247566082	2137
-0.00443585537261701	0.374082301506909	438
0.00889149820025598	0.195856752384854	438
0.035698884561723	0.225992466893928	438
0.120122883930952	0.642274071340506	438
0.017560551348262	0.504142156170153	438
-0.072476330123123	1.01132675647937	257
-0.071172006375239	0.590461056644592	257
-0.119174738170641	0.113963280993234	69
-0.050465825274986	0.166074670109237	69
0.110869634406876	0.321426548563165	69
0.064278481747174	0.414715822950073	69
-0.029029902959779	0.293540961934006	18
-0.03461444469377	0.125344574448038	166
0.081880778208198	0.146549329286408	166
-0.022881282140839	0.125870824029636	166
0.071398901452917	0.230438789000803	166
-0.038597834031123	0.138101273642097	272
-0.05048551038859	0.121388482792839	272
0.118603099551675	0.231499152486247	272
0.047639860789145	0.209945709740359	272
-0.033175226387809	0.272942804726924	272
0.11923179082199	0.594969166795946	2137
0.000666617759251975	0.487189047913721	2137
0.104235583414185	0.634768138936882	438
0.027511574378718	0.243206989561855	438
0.074204878208642	0.36047588673021	438
0.089043426865254	0.584589222340529	438
-0.05661240436855	0.261864953812286	211
-0.094496659489025	0.84484827368586	257
-0.098098940262956	0.618515915894472	257
-0.037555478990017	0.735995409779541	257
0.034089084456315	0.874486675345355	69
-0.114728390940912	0.270782764428911	69
-0.117072416769939	0.124754052781851	69
-0.043283212746141	0.151820780158362	69
-0.079357814989484	0.228141565755594	18
-0.048098094644879	0.191619356858992	388
-0.00132795434659799	0.228253968397887	272
-0.123212348039549	0.128073437885858	771
0.028363344544148	0.358620473366742	272
-0.048919178919594	0.323105825945147	2137
0.065565360400839	0.49242589897312	257
0.071725201212342	0.143602615787386	225
-0.109911612349273	0.136020150489528	272
0.075504095763083	0.145656507521306	438
-0.031560737128534	0.49366229051788	438
-0.08333001073096	0.151652916933101	211
0.059700770202598	1.75347277334367	257
-0.112406924822694	0.30602234013555	69
-0.089676636111981	0.406525779955954	69
-0.062412198027228	0.171689510720153	225
0.068344922144473	0.370814861095593	225
-0.00707310291786101	0.349627282359398	225
0.109886074493804	0.37408373321874	272
0.101414002259341	0.236358354726434	386
-0.094508186308133	0.222741267517417	2137
0.086085320820841	0.671720168535986	2137
-0.114414846849402	0.208936417220987	211
-0.082057752822111	0.33234291681459	438
-0.108385175565575	0.303148186725758	438
-0.05304535091629	0.396241822986714	438
-0.00292428215107801	0.888794913108949	69
-0.024544465945151	0.221571198574516	225
-0.068713642424268	0.175269336634965	225
-0.057986045101842	0.366144499578323	225
0.00479744574942198	0.676478002693057	225
-0.013442380758497	0.221405643788382	225
0.029299763001388	0.13407760428029	225
-0.103303605001621	0.153237231421138	171
-0.011832883306119	0.307547124501563	171
0.011585676105812	0.240538841290599	8
-0.030374467515531	0.126632903923443	8
0.118819928466751	0.324721022493474	8
0.092465537687603	0.482160440693669	8
-0.048472652974313	0.246396214134232	386
0.033199334428881	0.530868116815793	2137
-0.04844329953556	0.179639815846103	438
0.00614331032090398	0.719154956686607	438
-0.09200979818657	0.193257538036298	438
-0.122504185963323	0.280349428455376	438
-0.105059963097134	0.603654392125353	69
-0.065133732199122	0.377726585449956	225
-0.06018102405956	0.322865225164795	225
-0.012824414925389	0.130994444331323	171
-0.014712155390444	0.387322367486609	171
-0.03451410707234	0.358577297263758	171
0.06874675793242	0.143110747358101	243
-0.111061222916004	0.133253305377735	8
0.035368509339847	0.407122994379539	386
-0.074504631878499	0.192524397561527	386
0.099957225662838	0.615210694068048	438
0.023728821533532	0.234032424040135	438
-0.093233126388618	0.308128277672867	438
0.033596945197948	0.567620392227309	225
0.07134088730364	0.88351073252942	225
-0.073504079813369	0.397636059737614	225
0.044639148890676	0.776197699940182	225
0.100532335136372	1.18756924292713	225
-0.042188587572806	0.432332560238385	225
-0.058160343244776	0.136178498440592	171
-0.060902908713237	0.45068705602495	171
0.081014999662856	0.231667592748506	171
0.124843601618436	0.320408818861236	554
0.033111767860882	0.13737131045223	333
0.061572094833333	0.237214371609493	333
-0.048863501775706	0.1458120507582	333
0.07794779363644	0.146035688326124	243
0.074242075374242	0.301030081685581	8
-0.012944977819475	0.295487127407632	8
-0.122468216148149	0.109873891134979	8
-0.087399670241973	0.236160205222988	8
-0.041924851128824	0.333021238885969	211
-0.088891226897595	0.332671295831047	438
-0.11504679685082	0.268458230935497	438
-0.097107849614367	0.298418333428483	438
-0.090475021924817	0.330583640255917	438
-0.008849457596837	0.247611976335758	438
0.013074237786026	0.24876903320161	438
0.037669452842798	0.709618357557537	438
-0.079453972884172	0.583697789140053	225
0.09011642318435	1.02599231287456	225
-0.121354893269303	0.159405115282298	225
-0.00897003847289901	0.469077621270819	225
-0.023765085088016	0.316438077557127	171
0.092109812629104	0.49613986189372	171
0.076250936546246	0.520040765812458	171
-0.023447905137386	0.319241648508239	171
-0.067405931741473	0.225012778225943	171
-0.013599922384082	0.255082310004872	171
-0.101779400451657	0.158589910271489	8
-0.05658454321986	0.173649979896383	8
-0.00270162212073899	0.217068316336263	8
0.086725477271931	0.388698881268123	8
-0.060435002674459	0.182672090952023	211
-0.104661997821147	0.220440421012231	438
-0.1176376028832	0.245874523695225	438
0.100249862339369	0.3052913161857	438
0.114397518959927	2.11106297530631	225
0.04974046850024	1.01821516898172	225
0.020550089959271	0.778348759127588	225
0.010877190549285	0.671965387429016	225
-0.022035987801426	0.510068783425499	225
0.123698934993775	0.802834190174739	225
-0.081635703864045	0.238675198029142	171
0.111563341110365	0.692683209504857	171
-0.025420995748746	0.342285412204022	171
-0.100379295127784	0.24382190654821	171
-0.029173370502206	0.324976324014475	171
-0.124471899450335	0.122542152536046	171
-0.004314782277962	0.327700086507548	333
-0.00671570188408399	0.282118727158851	8
0.08471808694171	0.486042012929134	8
-0.038736361787974	0.353734354389048	69
-0.053550784614744	0.176812166042266	211
-0.041912832031288	0.282218193116456	438
-0.027530607234207	0.446510828924705	438
-0.00249586682896799	0.473864983706088	438
-0.01975357383843	0.458812701572618	438
0.025214869962602	0.250058759703902	438
0.112107339027678	0.484074690942341	211
-0.073953232707815	0.75379344416341	225
-0.02027926212757	0.695074014548038	225
0.122131223420957	1.20779582440626	225
0.119575935937535	0.910850084083548	225
-0.095842245383155	0.18304076954491	225
-0.00994478902505999	0.26892199724774	171
0.092893633371599	0.465253050303948	171
0.034903993585176	0.330920761739223	171
-0.087916025685171	0.33620681504148	171
0.115888133725606	0.977758921933432	171
-0.00429042250733899	0.291991384348097	171
-0.05188429764895	0.162476263090729	333
0.047967881642574	0.298465307929279	333
-0.068930610646533	0.158203250355729	69
-0.089401961841867	0.232464780535139	69
0.025405950000716	0.225990916976898	955
0.07601566851506	0.333812479731592	8
-0.031798881720757	0.330919867644245	8
0.015674008181293	0.325931251730438	8
0.103994876969905	0.493931429886157	69
-0.062951740842432	0.222370773176227	69
-0.063156046026245	0.33866896666565	438
-0.118477038087812	0.208495660426741	211
0.00490818117562503	0.528691444599116	211
-0.063550525102746	0.19458566801192	211
-0.052319292581838	0.521549097758246	225
-0.049344233293553	0.441188213380756	171
-0.095042843672257	0.348344181075077	171
0.077741713707284	0.871667038253836	171
-0.123387676132077	0.103122642252847	171
0.058185953722332	0.233962352160363	171
-0.055574828762629	0.153384128889274	69
0.029177040211818	0.47640848126679	69
-0.053409245400591	0.248127337317395	8
0.025414658400051	0.413900231855077	69
-0.034696317013578	0.351671431355094	69
-0.09875422138194	0.270197532285181	438
0.048961637857491	0.443881553528155	438
-0.057712363666786	0.520073806501749	225
0.118791522293458	0.393075935938326	225
0.019314929735381	0.227514802003322	171
0.105478484574811	0.320308037829947	171
0.083671616924788	0.805268566522438	171
-0.020070732912151	0.126063585306258	69
0.053692628865132	0.322036134633581	955
0.072752876005786	0.223655528117577	955
0.069392480986902	0.235230779981844	8
0.00179676427984499	0.423970034387562	69
0.102131152303322	0.459144972210289	69
-0.106560355546038	0.274599500110456	438
0.09889007877047	0.57044717740772	438
-0.03741142935159	0.489498721402749	211
0.089454575235317	0.786714269881203	211
-0.083885391960429	1.16992909165203	69
0.010787432852745	0.891230331956112	990
-0.029630852359794	0.695620328297834	225
-0.050416818268683	0.647977232418834	225
-0.086088739402881	0.499364134108913	225
0.00354659831277798	1.0603688445554	225
0.075618427073151	0.631578464012514	225
0.111644725129139	0.321369062276569	225
0.104724428043302	0.297541902438487	225
0.100284293423532	0.314325627611512	171
-0.068323886577517	0.137019262917103	69
-0.046535912935608	0.150854001328582	171
0.020640783968256	0.660657165430803	171
-0.061512742239884	0.426475908192976	171
-0.022359330939743	0.322545079821366	171
0.092832867943755	0.238957374313386	171
-0.037730916827556	0.134430667774154	69
0.03867994877029	0.142893417300482	69
0.10294155507859	0.407480487030562	69
0.054347772864179	0.226869872306549	69
0.000440990098535987	0.132652073374181	69
0.11511692990059	0.927120850885417	69
0.075065752709911	0.234296208715653	955
-0.047367756239505	0.13623754828264	955
-0.028241669300628	0.354291176309036	69
-0.050506515735332	0.214311941921275	69
0.075268131263862	0.746070466675632	69
-0.022429166055738	0.386674295956058	69
-0.008854489313005	0.355346828560667	69
-0.012881849856562	0.585759567724376	438
0.046762628041256	0.51827253861517	438
-0.082604711333341	0.206917450635249	211
-0.058813901850612	1.30288355332082	69
-0.016036963577223	1.33461953632623	69
-0.046419625427929	0.972758857531564	69
-0.103606258614567	0.42101235573232	69
-0.111839391068195	0.316388690711741	69
-0.035546053040576	0.304290674113895	171
-0.121834682955784	0.167799053773763	211
-0.058570902118933	1.14941838118895	69
-0.120688180493777	0.652503392740995	69
-0.055938821100881	0.373743246821454	2106
-0.055270039546524	0.677040541573477	69
-0.118653421986324	0.242166990216414	171
-0.077543745183112	0.314899167029688	171
0.080118565285129	0.227184341096991	1374
-0.039971409543296	0.125335624721913	1374
0.00538008517496103	0.136487664546232	1374
0.093368098244415	0.319643534865938	1374
-0.093317416414094	0.986753279739957	69
0.028357972120244	2.10459394566508	69
-0.054286612485408	0.448920059323651	2106
-0.007060206109855	0.358007620460488	2106
-0.017935059311086	0.835285892397079	69
-0.112267982393223	0.212233211234067	171
0.069612785941123	0.680624460959894	171
-0.04845408348835	0.388841383392407	171
-0.099523737429294	0.288446619383749	171
-0.048341937241246	0.351422301040985	69
0.012909598787378	0.237117208471365	1374
-0.008949679734435	0.475536744355841	211
0.103994827321353	0.487123157583166	211
0.086112989359228	1.13800406852011	2106
0.052988132753199	0.715705002810251	2106
0.050091958871637	0.83850479769965	69
0.104926854598336	0.799504418238135	171
0.035273664983493	0.490926502228107	69
-0.04461974265914	0.136303461902104	1374
-0.045151493891349	0.148915062947703	1374
-0.065090750129578	0.159136538250368	211
-0.108863567409517	0.508677054812795	69
0.07152561677877	1.52635185958833	782
-0.042997719832632	0.707613581263678	69
-0.124231909430603	0.21014602583765	171
0.030822127595757	0.634468241285437	171
-0.064462468604116	0.391508880645976	171
-0.065611068279474	0.385725239537418	171
-0.106979100797917	0.271200219069981	171
0.016396660841214	0.502536929611929	69
-0.10175375955858	0.271506017481341	69
-0.097547864722878	0.248352114233943	69
-0.104283188648449	0.147474947006457	69
-0.072769981853621	0.160443014214686	69
0.00846042818648801	0.251819562748496	69
0.07456501071695	0.143645032010568	1374
0.09915184182518	0.380307455375843	599
0.05927329148942	0.325327186174205	211
-0.00440392428856301	0.503903563574585	2106
0.027902885972293	1.16910631958029	782
-0.072857630934882	0.628325026239422	782
-0.071103606386349	0.592499189250944	782
0.061580355579081	1.32325254518236	782
-0.123758723899726	0.381274590757367	69
-0.100153818843793	0.257343705785376	171
0.045752765225619	0.326156044265078	171
0.048089675288407	0.753348054949785	171
-0.068948021556562	0.383619036703289	171
-0.053801886845508	0.417011897436514	171
-0.105531257303968	0.252207982019285	69
-0.079537090206229	0.188281604710768	69
0.10272603325397	0.323638400724582	69
-0.00323569567575899	0.526365278294986	599
0.124424160056236	0.144957762329123	599
-0.070539487954128	0.154769693431408	211
0.021894393223732	1.84439814716718	69
-0.005915441587068	0.929962257228773	782
-0.021372480084944	0.765869939543661	782
0.113529722249152	1.68833073277132	782
0.060029719025808	1.24352882742831	782
0.096807858523638	1.47685608451644	782
0.077137135143754	1.20054759419227	782
0.038710693295928	1.06410554119457	782
-0.095638637679708	0.422460578458911	782
-0.033735907812615	0.6221945554312	171
0.056398161390661	0.78845745853037	171
-0.122266660355032	0.250376524090828	171
-0.000153925941730998	0.50708879817036	171
0.042389104125155	0.626051483871709	171
-0.070629961855749	0.33748992546708	171
0.079555919205122	0.68774009694224	69
-0.00878080966795799	0.447617076663349	69
-0.050642426808634	0.350714030898883	69
-0.00737025668913699	0.491935715262672	69
0.000887518128747988	0.460801344559045	69
-0.069371990155895	0.299488479630375	69
-0.00963130074894899	0.28478188610203	1374
0.010363538116187	0.30239495955621	1374
-0.019381087360343	0.278355020100471	1143
-0.09062768532312	0.322416063821021	599
-0.073481350384562	0.213529341301631	599
-0.055086415661407	0.313724747107764	599
-0.087233137128489	0.197649867182741	211
-0.091824454072385	1.0381720381298	69
-0.097560686087489	0.789986615987067	69
-0.021422722180482	1.31269022665691	69
-0.030575685038613	1.03934414676107	69
-0.046205003872713	0.79341825945171	782
-0.017128124907168	0.774336819691987	782
0.071038662362547	1.12210299390836	782
0.030147670195631	0.937842599762858	782
-0.019467816754	0.692933361527328	782
-0.03212575580661	0.580333149876553	782
-0.102433937332736	0.424510289789652	171
-0.010285691464169	0.732672269198342	171
-0.03839278070716	0.446480462152624	69
0.109003392856488	0.68235513408777	171
-0.092427396803058	0.235280625979867	171
0.050711232034915	0.621364928249375	69
-0.06341487801415	0.304439160314655	69
-0.058279578773629	0.316318008548173	1374
0.043163688905914	0.313855545656648	1374
0.00913055409944002	0.306655682903475	1143
0.071517271183488	0.786804022749322	599
0.031167297229103	0.772822629229501	599
-0.115379286970446	0.210951463514219	599
-0.044833498614364	0.874462356195431	782
-0.071849560823894	0.660850083844702	782
0.043399225267632	1.2967215301149	782
-0.087037318819891	0.523917725038174	782
-0.09143636299877	0.45912471867089	782
-0.110443462075433	0.365360470388465	782
-0.117789785141859	0.346588165577292	782
-0.035154266196973	0.62469241240836	782
-0.036064599744518	0.47098961208714	171
-0.100685552142529	0.214675584720174	171
0.079601139528346	0.629170539101577	171
0.108301912700321	0.655879860068851	69
-0.095937282613134	0.229744555216943	69
-0.109814963300789	0.198388938433501	69
-0.10085286722871	0.198721201166795	69
-0.124456064254889	0.121482279703851	69
-0.055677821421912	0.221332378919924	1143
-0.049437156713244	0.221740533907583	599
0.075786590409059	0.406525801710836	599
-0.014774089964587	1.3355438309432	69
-0.042100589250922	1.01626554696811	782
0.097856891004415	1.21306029525063	782
0.082617837954341	1.08821919726274	782
0.04546781727632	0.906583412232273	782
-0.086183955009817	0.37442415492538	782
-0.054971941137529	0.422661562854508	782
-0.025050465603301	0.494715574239254	782
0.101082045485603	0.916562977844401	782
0.00332024966398797	0.744424878669656	171
-0.112679301201967	0.368054235057229	171
-0.11272564353094	0.254034456347141	171
-0.0000320659843980053	0.459147660706078	171
0.020412264096327	0.354801300255238	171
-0.017584832929898	0.321979582951249	171
0.019331870745955	0.342608906933437	171
-0.095587125957315	0.271078603025838	69
0.027553633150302	0.375007836525471	1111
-0.076555107649947	0.224352379426728	69
0.088237976569032	0.597561641378244	69
0.023703144692174	0.376357984628196	69
-0.049695009194039	0.33336196282135	1143
-0.066490173355613	0.354657489631862	211
-0.044226184662853	0.438066278818529	211
-0.113168833624925	0.260561163581527	599
0.057895482768526	0.521027865285039	599
0.111653380495607	0.960078277977371	782
0.031287252212708	1.03827340098349	171
0.093902226282831	0.567336340634629	2005
0.102846183176406	0.497228672445039	171
0.119363612296063	0.540026994037536	171
0.029557521259782	0.309604675790279	69
0.035574753661206	0.338611287277599	1111
-0.111744850995286	0.22362514475357	69
0.00644824367289998	0.311774964001071	69
0.079146846647712	0.636647804711557	69
-0.006602585762924	0.386285595698333	1143
-0.104719243541096	0.214821655323154	1143
-0.088145987088958	0.32328629334886	211
0.072354490277073	0.557242769943098	211
0.105399521707593	0.820662613819713	599
-0.023263699258064	0.539657916358325	782
0.00463444529601298	0.516947941980745	782
-0.019116540253003	0.27671826426857	2005
-0.003737375367759	0.298938997053789	2005
-0.00784996922231501	0.361980136583247	2005
0.050540843458065	0.327807642241098	171
-0.027734365009784	0.287362011157093	171
0.000789498742868988	0.597593527278456	69
-0.118951542037664	0.203390584391582	69
0.032236411618664	0.240980383536751	69
0.107165720365545	0.909201247507952	69
-0.094674677507177	0.162210953558848	211
-0.012816755003572	0.311758162319632	782
-0.070670445964337	0.270508082359976	782
0.012597379051551	0.402823563244973	2005
0.101025858307828	0.322429682713494	2005
-0.114395808303225	0.132593687464669	2005
0.078034138906347	0.691237810592569	2005
0.034182564601461	0.240105573215787	171
-0.031997280539792	0.135857058788473	171
0.09788770659612	0.311214235941106	171
-0.045997532005088	0.128870572902729	171
0.103512347106327	0.31374260778872	1111
-0.106026861736814	0.223734569371373	69
0.046129601806873	0.241040736214461	69
-0.064222518406306	0.22106092151519	69
0.122549136187544	0.392651007667589	69
-0.089570800777673	0.318948402637794	69
-0.078819881377278	0.185582608246503	69
-0.080137157210118	0.43852192197682	599
-0.076669370157279	0.22768033515409	171
0.073419677046955	0.38479610397481	69
-0.111504390635372	0.165842995984123	1143
0.00737923927236001	0.459599137681624	1143
-0.121444214886467	0.209080588388767	1143
-0.089875148979839	0.228247909579065	1143
-0.066056695688639	0.289003503739589	599
-0.064407961895862	0.310347665655818	599
0.079363356403051	0.39619134126897	599
0.030674757715882	0.62298432223635	69
-0.042653761735715	0.396280955339403	69
-0.12339467207115	0.220466131941912	307
0.082859494091071	0.58809084719332	69
-0.090742049354418	0.257032407884502	69
-0.116015813443944	0.242862138537364	307
-0.040247433482656	0.392327435592616	69
-0.115267579122249	0.13159096056304	1143
0.022291702120196	0.232144228021781	599
-0.113348505289228	0.163110451433707	202
-0.004284964858881	0.598943785763789	307
-0.06912092332016	0.380736086270097	307
0.051939277576423	0.665302145729923	307
-0.104330384965277	0.276555495486367	307
-0.117334622113482	0.213273643624159	69
-0.06081353339537	0.200251446117169	69
-0.039227812305212	0.149979123664631	1143
0.073686236917446	0.3915680530308	599
-0.114914363412254	0.295791229014821	69
-0.09081756184173	0.398523577275716	202
-0.099613714616239	0.311516221600225	202
-0.121510478839972	0.293869280809042	202
0.102263829666674	0.589119379278611	307
-0.121228476598809	0.204497483721462	69
-0.013911286239054	0.131896471774473	1143
0.016485061951529	0.216554880842445	1143
0.032790383819168	0.134826916381983	599
-0.118980604694502	0.322355133685148	69
0.054371171462705	0.65693988485229	202
-0.044266614595407	0.57669578395807	202
-0.046763105791257	0.518638622649795	202
-0.043977685270471	0.513164326827199	202
-0.059170897414723	0.497407220393738	307
-0.00398676067032899	0.607108232018479	307
0.067529768241081	0.672700485062204	69
-0.115354527273025	0.155291501534534	69
-0.058010891187706	0.142528053315073	69
0.068881913355287	0.141534938735922	599
0.038793677218661	0.577637054942238	202
0.025199681551407	0.849097301003038	202
-0.106782244881393	0.35724818051418	202
0.03397827939286	0.719023587675234	202
0.123975766844973	1.2182791803976	202
-0.084963224514562	0.398843422877664	307
-0.072233577198644	0.366327119627462	307
-0.07188834810645	0.397128806132043	307
-0.019095179859565	0.354056337551262	69
-0.030004528957643	0.357693120270149	69
-0.06750008193394	0.229835319020981	69
-0.00298650801514599	0.20484604662551	69
0.00012792162025399	0.130195895845294	211
0.124319677903967	0.151901952192914	599
-0.094208764654611	0.179835757748035	599
-0.109770252344667	0.249272781485438	202
0.081797608673703	1.11236692260576	202
-0.076791749478588	0.410258501667786	202
0.116573229434248	0.970107758359818	202
0.093279633827332	0.909964177915831	202
-0.038318491468133	0.576103535213779	202
-0.00898194322180501	0.648959878248092	202
-0.013962177004361	0.673985772517901	202
0.046941185855108	0.337928773802332	69
-0.078195998647646	0.185703025241019	69
-0.04342938770503	0.213094498935513	69
-0.054792897795463	0.180070410216519	69
0.050368581409544	0.234098614511186	69
0.093942853585619	0.327244697091775	599
0.048648056962273	0.233362619710473	599
0.00112440339963399	0.134221040490011	599
-0.076180166081256	0.311703277714575	202
-0.040174507982301	0.436974500314603	202
-0.056352252195411	0.410842835219729	202
0.049991209510474	0.880288514181011	202
-0.104257567960588	0.370716211326472	202
-0.091647356214624	0.359683543529511	202
-0.013605851308887	0.646206908742276	202
-0.074750615986914	0.439324758459279	307
-0.043518839212789	0.443102138694095	307
0.020570789068846	0.36809449540096	69
-0.102458025107672	0.239674273212652	69
0.06471329524637	0.367196900221163	69
-0.120457385662823	0.153682825599338	69
0.100666470625564	0.300372577718735	69
0.036915350787961	0.230166519010544	69
-0.084798493260667	0.520057843809797	69
-0.110505120171557	0.33009866932233	69
0.045632858941659	0.655920486217666	202
-0.089107248126271	0.394099383249211	202
-0.100250164281431	0.394935984569295	202
-0.09106902649586	0.42210890551436	202
-0.077316943997279	0.424678267865711	307
0.012694538563216	0.707995675045321	307
-0.013630689546481	0.596438415764109	307
-0.028883842729737	0.525237428749443	307
-0.03180255440823	0.256549653951804	307
-0.06267017277175	0.425482331329961	69
0.029677852387443	0.137162658337725	69
0.120465636071063	0.221624039294689	69
-0.069587820277895	0.285883279632996	69
-0.013015254414314	0.252273282837201	599
0.080114349528604	0.14987528650403	599
-0.057213086542985	0.219508925244123	599
-0.065717100810091	0.372781378055739	202
-0.041180175827727	0.627517866977352	202
0.066145149635752	1.06885578210042	202
0.061492475628368	1.00642984815309	202
-0.015002479986634	0.586874023989149	307
-0.044366092352047	0.461346690579506	307
-0.053091050442169	0.484781772861393	307
-0.099315272721915	0.241939642059058	307
-0.068726128813748	0.17086785337434	69
-0.052897841473417	0.21462933475519	599
-0.027108075181941	0.130912296597405	69
0.065045850549195	1.18162147537574	202
-0.00138456564933401	0.457428044237943	202
-0.106070636468281	0.289962868516411	202
0.00623834235121501	0.893491440263209	202
-0.091284941295601	0.364252833412565	202
0.110889780333731	1.17268569188416	202
0.119020881286258	1.44853204147522	202
0.00528224940733102	0.765579000963229	202
-0.065907324726526	0.511908359779789	202
-0.053334705693876	0.532186914933306	202
0.071635933628419	1.02454025985433	307
-0.064168448771234	0.422242948502775	307
-0.004322327611961	0.423615190680219	307
-0.098191131538953	0.242696378912353	69
-0.036200170876156	0.405220084834241	69
-0.043782557645183	0.247906758985134	69
-0.020425997042478	0.266722277035735	69
0.034975399889814	0.358749711375022	69
-0.124642171902977	0.097233521218309	69
0.042719913942737	0.14006328364274	599
0.11160109022185	1.09440349895301	202
0.034015062572547	1.1378654303773	202
-0.119299159377831	0.388300577508448	202
0.017230225724898	0.790995582136199	202
0.019477110688157	0.954014904701225	202
0.024002567861414	0.867010865575031	202
-0.00975217829134101	0.791657583812732	202
0.047177452688766	0.987808878023899	202
-0.110019289769637	0.384065970727814	307
-0.071132143269544	0.395745462570723	69
0.00289786040773898	0.673674896674577	307
0.085263830924964	0.555727647537864	69
-0.060483980755419	0.144519629343573	69
-0.123314076803981	0.111822245759154	69
0.064008722885839	0.135406784208336	599
0.090067097331869	0.23390013133753	599
-0.084835317069138	0.723960375767357	69
-0.07419717212077	0.583109487489347	202
0.124074830707146	1.51727073787835	202
0.061984325015065	1.08098154951113	202
-0.105693937860569	0.418469167231178	202
-0.06964372611506	0.41726060910424	202
0.114040918668814	1.05119561862012	202
-0.04617983340885	0.516583083071764	202
-0.122456340858002	0.264201094052185	307
0.117050760358013	1.10828720970095	202
-0.014283615392214	0.554652088068967	202
0.105941704445596	0.884676364736021	307
-0.087041942868475	0.328632072928785	307
-0.035088801397913	0.428673224308368	69
-0.084291541429023	0.318031547059006	69
0.024093905105902	0.439596844752618	69
0.059584820850637	0.459009632911042	69
-0.01306884974914	0.502138882138138	69
-0.123523733455428	0.247231166983216	69
0.114818827749634	0.681906006587968	599
-0.083767733101777	0.235624169913981	599
0.105710913089114	0.764671369985517	69
0.025118892215809	0.330869792403367	69
0.069811439266376	1.6247346366287	202
0.077999839857368	1.14627455367264	202
-0.032283393024933	0.596413062553643	202
0.105667744196397	0.912980973371371	202
0.093466343497623	0.819251952857319	202
-0.041894840733632	0.406401320409617	202
0.047385899574797	0.736240737792352	202
-0.10338298507812	0.251434653588022	202
0.104312835763607	0.720793110394321	202
-0.061630353683398	0.456234134772551	307
0.078559657983702	0.686279805189565	307
0.04966380578602	0.524940728180276	307
-0.096756339121707	0.212611881559557	307
0.097754937106374	0.827666820612433	69
-0.074132343778477	0.272084339954256	587
-0.023760990793281	0.368476009283348	587
0.095665389387154	0.843314177866086	69
-0.089788144461455	0.338185121793031	69
-0.110073458254923	0.821491814433329	69
-0.028620160994108	0.442174197339522	202
0.038959072407405	0.606826821407394	202
0.027338510003125	0.565149874888926	202
0.046130572121898	0.556589160610821	202
0.019971442536042	0.610672775470778	202
-0.10912324520304	0.203043294090588	307
-0.108322360214178	0.323329713281867	307
-0.072822156284395	0.390174418514499	307
-0.090825832161507	0.19423694768456	307
-0.065894950137656	0.294385943135088	307
0.00668378980009698	0.64148586861668	69
-0.057026496595598	0.404036757647494	69
-0.114045011651534	0.227937246537689	587
-0.039812490939758	0.497430270475536	69
-0.102909238050945	0.255539259043374	69
-0.039503239626606	0.41801440441311	69
0.013434904618225	0.452603877716332	69
0.06937769874558	0.407297059101666	202
0.100565536829555	1.35218241432682	202
0.048222111227114	1.01729542208249	202
0.053486205370393	0.852868932835225	202
0.059639045949122	0.321376800313931	307
-0.018570197740888	0.283010068566879	307
-0.011313244052571	0.441350249332312	69
-0.107652887180972	0.319122433693727	69
0.059847659499326	0.418881708367937	69
0.111535984030428	1.64169812403873	202
-0.008311993143268	0.643596368049342	202
-0.012221193261676	0.507214016643106	202
-0.087243740878264	0.32903315810231	202
0.057382730325576	0.742693320424733	202
0.036597476232273	0.580002876252585	202
0.041880271608532	0.535838937728179	307
-0.101054867013719	0.183761535791103	307
-0.055245823119886	0.421903197219498	69
-0.008396330803803	0.436145701159099	69
-0.116270622596286	0.97440616083247	307
-0.105120955044061	0.553539971728119	307
-0.093535913178862	0.357867887026698	307
-0.031251438862093	0.542937990890772	307
0.019499984112593	0.505069231956884	69
0.073675407381078	0.495857133311208	933
-0.060389596536211	0.141122715185774	69
-0.066044627557301	0.155623110934442	69
-0.122445143560363	0.103998413483716	69
-0.060601537466861	0.173063545854858	69
-0.095180786461001	0.185710525469953	69
0.070757271026412	2.00798448406756	307
0.11043020144256	1.76504814406363	307
0.04916901396093	0.489859798465154	307
-0.116173019284889	0.229497493050778	307
-0.049269304190447	0.41199051699622	307
0.095714705438811	0.484407747173493	307
-0.063307184081379	0.217919372517949	933
-0.00114056719069799	0.246198860040033	69
0.039375108618693	0.141400491767171	69
0.059442362430956	1.94299634904981	307
0.056684335470134	0.547054133024468	307
-0.020994739418834	0.130504014631649	933
0.041781817060243	0.140216322782527	69
-0.092053830709704	1.28350473252393	307
0.072937057143087	0.770228146342546	307
-0.049935918611564	0.356045684520757	307
-0.064727548920939	0.165980780654982	69
-0.0455486033939	0.553645724236564	1051
-0.053238655399878	0.444426997277279	1051
-0.036465206111239	0.320836007892579	241
-0.114561844619381	0.242563867614971	241
-0.049374530924785	0.288400855568415	241
-0.117331763283527	0.203239879845398	69
-0.043375889624972	0.137960955436951	933
-0.057522968133131	0.157522657696373	69
-0.09631897841509	0.246601276268483	275
-0.053682156870691	0.231658357939847	275
-0.043287851368261	0.120989690304323	275
0.016970379129906	0.22900225040649	379
-0.099851022454441	0.335472930184733	1051
0.020031977238087	0.384511236616346	241
0.000120462381733022	0.515758948263769	241
-0.093875450373383	0.212487313603519	241
-0.00858460105658301	0.453313563456697	69
-0.111371330247929	0.118940814353575	933
0.096172455932824	0.402270709024148	933
-0.040608381416802	0.309215203061822	933
0.05133447290943	0.393384133115366	933
0.087731948989689	0.398228326258601	176
-0.048323063167576	0.340769610419565	69
-0.107898871909978	0.226016643595613	275
-0.00876936352552901	0.25819793974736	69
0.046868134191715	1.09811774173087	1051
0.061229568917042	1.22719317636002	1051
0.015957749474645	0.794644273157003	1051
-0.071938773018187	0.435633625057556	1051
-0.059876356426925	0.488887609111064	1051
0.110621922667762	1.1239414024375	1051
0.01956486966951	0.242643298575605	176
-0.040030300648991	0.124527013210044	176
0.039068799066604	0.323750104239358	379
-0.016312366456198	0.75710581389211	1051
-0.079844712549368	0.489513576347243	1051
0.040092953156581	0.854091254591777	1051
0.020770492203744	0.741656790869666	1051
-0.056121799631225	0.449955279084521	1051
-0.006731782237476	0.627333003076255	1051
0.074850205206542	0.31924664524032	176
-0.081668661774584	0.305009441317305	275
-0.028189787211693	0.124527621899327	379
0.074355803203343	0.222376545495551	379
0.037381414244899	0.321892987064912	69
-0.08211690597249	0.546144279403357	1051
-0.048815615460419	0.671793537483473	1051
-0.105266922038719	0.476395003863247	1051
-0.043794868201114	0.639352933156613	1051
-0.100301715613557	0.386144669066194	1051
-0.041903470239248	0.599696379103821	1051
0.00852781492966798	0.669548053393815	1051
-0.08284535482293	0.265507636881763	241
0.00114120925982902	0.373565516151186	241
0.079167137536301	0.148478019190517	176
-0.113550841306411	0.207827923654618	69
0.117682026928454	0.225476359546116	379
0.071323345947921	0.215763696006106	379
-0.075053333450054	0.615300496513804	1051
0.106161247414529	1.73482701941202	1051
0.039119852693159	1.24209680546669	1051
-0.107351839432714	0.447935021796111	1051
-0.034362129725715	0.562776602082923	1051
0.089334581609275	1.18032205148477	1051
0.090509747188373	1.09522885279389	1051
0.091906552693137	1.18293310101167	1051
0.068338836284978	0.546134254585354	241
-0.079701284692534	0.301273484357653	69
0.08537700481966	0.548606208886151	69
0.058650886490357	0.315849527236974	69
-0.121553510638336	0.115841145757272	69
0.065120337382269	0.616372542598494	275
-0.117179384531072	0.479844737931139	1051
-0.00127239923327799	1.11324738891588	1051
0.01777279809653	1.22951741290989	1051
0.011242204917312	1.10454657296834	1051
0.00627997965018501	0.764159265221973	1051
-0.05247922775546	0.55731815626706	1051
-0.102634962235164	0.396703958409172	1051
-0.00754771133599	0.582728204113623	241
-0.084157149012279	0.232916624619963	241
-0.114602993621423	0.163470558741854	241
0.030580875927348	0.233518357982049	176
0.00432430596806199	0.432368282747382	275
0.114302968366589	2.42943987674292	1051
0.092476436010792	1.90189794022256	1051
-0.034627345458319	0.91620779814458	1051
-0.034102555832	0.523052313171205	1051
-0.031835369223473	0.677527691175486	1051
0.048563659962282	1.05614426073968	1051
-0.106221443953505	0.259989003775462	241
-0.000644624280368988	0.339780285406948	241
-0.056142194073015	0.250864718786268	241
-0.059210190923778	0.266326744177688	307
0.106428677484471	0.33312369604752	176
0.01660190469743	0.232292161350264	176
0.03795111779019	0.53365809592888	275
0.011733866674745	0.134459851132415	379
0.003456981464253	0.134004780606552	379
0.091917456198457	0.49575582887591	379
-0.091742834153304	0.203956330493904	69
-0.074133218819036	1.11602413865723	307
0.100007225099903	2.28010790107778	1051
0.060650625337834	1.73040066999332	1051
-0.117614938149159	0.33110536967145	1051
0.10059896904441	0.774390090243175	241
-0.078354229882073	0.380279762208442	241
-0.054844183942339	0.139543630708689	176
-0.040424469144997	0.132442387383462	176
0.022781209310721	0.229245937993301	379
-0.104255124411686	1.12716885854205	307
0.000572144571458988	0.827470566205974	1051
0.021798852489998	0.662195830844723	241
-0.082785806660564	0.250860521962793	307
-0.084030360930437	0.277622819854408	307
-0.061205173130547	0.173972624171445	176
0.041182987615319	0.321546055820023	176
0.025706479385	0.352510526146696	176
-0.090785964369557	0.19300308266284	176
-0.013610801400922	0.264791152405355	176
-0.09054190054537	0.274482583149202	275
0.111461224455749	1.544222503944	1051
-0.073069446569127	0.505921684789052	1051
-0.11171371248739	0.30900020760303	307
-0.012586176379773	0.409323398169712	307
0.10811310440081	0.530835580546516	176
0.028440251692347	0.134754836568027	176
0.056775768262314	0.220087455276203	176
-0.102239025417821	0.1513287321068	176
-0.053788079023888	0.236250999518607	275
0.023320323707758	0.991088071816575	1051
0.043634621945113	1.1692448493338	1051
-0.089060090015637	0.505808732915673	1051
-0.121156422899047	0.344945274964056	1051
0.086810030863187	0.67736109165594	241
-0.069399510262318	0.178214256699188	176
-0.079749604962192	0.241934492410621	176
-0.049408500064624	0.122300367524217	275
-0.057031601622327	0.124751640771673	275
-0.048542825006315	0.427827017809492	275
-0.057365147329211	0.371196645511987	275
-0.03755584031816	0.939295868256332	307
0.060204728564236	1.43981442033273	1051
-0.01565816811581	0.462586409415443	241
-0.053666845386412	0.267931275157933	241
-0.017890401706634	0.442914639892237	307
0.093914100314462	0.60066322684125	307
-0.063324573003504	0.178796707899915	176
0.043504117182566	0.239612120120323	176
-0.115565750372939	0.13546010085311	275
-0.00162944364888401	0.128974911564931	176
-0.000668085865410006	0.130211032899487	275
-0.099871100813461	0.163187429522721	69
-0.120004486570019	0.49563651376694	307
-0.082277478368242	0.714441391255882	307
-0.000376191998180009	1.38109033713188	307
0.083519672785562	1.57528868625138	1051
-0.062863309163456	0.63900212062705	1051
0.03846972838888	1.10755582489048	1051
-0.108196117441466	0.289425698224818	307
0.022993348044352	0.604562973331946	241
-0.108132133022358	0.218596529268951	176
-0.00352886640759201	0.311064673342533	176
-0.061211421617614	0.177855577374942	275
-0.084793707621834	0.281354709412548	275
0.117786813782301	0.871943179747954	275
0.032125377553393	0.235318831421964	275
-0.018805497891335	0.30829286247281	275
-0.03470671479429	0.133516100758318	275
0.068428834467333	0.224579479251218	275
-0.12049202953299	0.693360464704209	307
0.00765673178586601	1.54742419075583	307
0.039016084102062	1.50546170151062	307
-0.076693724460622	0.456620484024461	1051
0.027545909295203	0.865912496670423	241
0.008419731233893	0.766834489450533	241
-0.066002576771065	0.447095413766144	176
-0.029716914100622	0.546846720558199	176
0.113289384662817	0.891751630956768	176
-0.011868689115113	0.419564995206906	176
0.078088129064986	0.683664558953531	176
-0.014336662991825	0.425164173079717	275
0.104091672395001	0.69061073719055	275
-0.101966365104129	0.216926424363118	275
-0.043107655252407	0.366649970606427	275
-0.051991126091456	1.58017424396065	307
-0.031479411077126	1.43502690951733	307
0.041242169288067	0.761067988173387	1051
0.031770521031557	0.695592386629891	1051
-0.048769417537718	0.518562322099196	241
0.101986522372079	1.70328930478778	241
-0.097087605393995	0.351402245947461	176
0.078792587961216	0.79596046506807	176
-0.03161149130461	0.424466905599268	176
-0.112877609193302	0.190990762420193	176
0.024389459981017	0.549027697064512	275
-0.108821615038476	0.29276164260793	275
-0.111925772390422	0.295607517284063	275
-0.113875004012701	0.204835345803423	275
-0.119694317854551	0.22520314167667	275
-0.103060406648377	0.252236505907558	275
-0.061790301853706	0.77867818563941	1051
0.022883057198371	0.778757688762963	1051
0.059949153479687	1.12158738398678	241
0.045355712505127	0.987359181283447	241
-0.107116123945163	0.412041677490562	241
0.101252793655933	0.746773120186972	176
-0.123356151439689	0.201833057407665	176
-0.108659031864342	0.18950066049754	176
-0.027769931639234	0.473084022567529	275
0.048978823510405	0.55039661569425	275
-0.012169758080126	0.437186848722693	275
0.00177515675427098	0.404367423178156	275
0.075808438878797	0.398671728579973	275
-0.047324009597306	0.853139536179031	1051
-0.098783124824109	0.351985992363317	241
-0.038792212734984	0.529797044277843	241
0.08707732461993	0.90592143330134	241
0.00554845235380103	0.4971248753215	241
0.054886838767049	0.57347768767413	176
-0.00395009723304099	0.241367773970377	176
0.031776461572729	0.320946153421278	176
-0.065026448915063	0.265592132661401	275
-0.013760765022145	0.337132093655928	275
-0.031565715835387	0.464717168348681	275
-0.03950103580124	0.212065357137378	275
0.013704908494813	1.35902876764097	1051
0.057304716104735	1.49124038383744	1051
0.09894511512013	1.64369604500657	1051
-0.05577427783476	0.440877947032038	241
0.105176712492536	1.26816001526781	241
-0.032199391119209	0.434983996974065	307
-0.046725678738773	0.44147318518614	307
0.023649211983737	0.575766925731731	307
-0.110079594171635	0.202416537505284	307
0.092278662198254	0.498296948747337	176
0.043090514325314	0.287581166603279	275
0.081436373896832	0.221255921706329	275
-0.035705792920587	0.553985341006639	241
-0.059487456530152	0.348874082421666	307
0.00612352490832302	0.508496872304952	176
-0.122463033974255	0.169448469017847	176
-0.071319337710816	0.120796568624364	275
0.018709152620313	2.23226562371153	307
0.024819068841696	1.37073574559747	1051
0.110074621406428	1.74748433276908	241
-0.041708010656551	0.799787774480469	241
0.083199140038583	1.25719645936328	241
0.065142562807363	0.905476179147204	307
0.023830071515305	0.70168819064662	307
-0.093850853895643	0.307004151255566	307
0.099319750794583	0.928050924113538	176
0.120594381515226	0.809024606484967	176
-0.074388597812598	0.18194280019891	176
-0.06292003011281	0.275742769647612	176
-0.088410170160949	0.220041579313709	176
-0.069176626529487	0.271330975780263	176
-0.099367952511882	0.220034008900272	275
0.028554939332728	1.36673019480784	241
0.020113582706004	1.10067442545483	241
-0.117424655012119	0.323801894357737	241
0.053858125843265	0.927365662859158	241
-0.087317642813435	0.396785867434711	307
0.106660042498183	0.836152307491837	176
-0.002569228471446	0.243179728895532	176
0.026474478878659	0.424553485080753	176
-0.00264112773342701	0.916740536856928	241
0.100882916305487	2.05133522646735	241
-0.009257870967216	0.524799925553036	307
-0.076819306446388	0.462700962514621	307
-0.012203926861238	0.665159488627743	307
0.00816813085629697	0.57851522202937	307
0.00338756606579199	0.385451880038672	176
-0.07305885594837	0.316013669395348	176
-0.044825580561922	0.133900366311992	176
-0.007823396067516	0.216182497533039	176
0.062932651600597	0.321156084428406	176
-0.117354167340035	0.132722559581984	176
-0.043772016475308	0.471092480537851	307
-0.01789928027577	0.748025190411755	307
-0.014642321303933	0.709317071620422	307
-0.010494676287223	0.547634406160835	307
0.037601294067225	0.241829626743412	176
0.041717716931465	0.23312079032623	176
-0.012767220044865	0.593088034437175	275
0.047064470570972	1.88370271192609	307
-0.079394443350725	0.434335517951394	307
-0.021760671749888	0.510435877993754	307
-0.115356622351275	0.224358428536842	176
0.029801549649822	0.223075225080578	176
-0.045219415492737	0.155347369335323	176
-0.082864738547511	0.200461155688531	176
-0.11860764475755	0.215226162441221	275
-0.114349941837476	0.236203870771007	275
-0.029053756280881	0.223344825494304	275
-0.062758901728878	0.140214040258365	275
0.054337393426257	0.851533132803853	307
-0.090378471815931	0.423890341516747	307
0.00801683742104697	0.476254602873832	176
0.064882242202484	0.229599918700442	176
0.026172658517458	0.414319507713501	275
-0.060918495270148	0.126823405634151	275
-0.00626337304447	1.748352776426	307
0.043500082988932	1.0510300954993	176
0.0357871569924	0.730181234924518	176
0.000921004231395017	0.399525488807104	275
0.00378862824970999	0.427135028211756	176
-0.074211434470298	0.468393239528536	307
0.066508164284412	1.128720943274	176
0.055124440474716	1.04683442661451	176
0.117852111988565	0.974911668663676	176
-0.040720239454762	0.447823093659962	176
0.114918966048522	0.616747099334394	275
-0.071226529665642	0.2888974587715	275
0.094207901432339	0.848265069106886	275
-0.118765014318987	0.249328243814963	275
0.11716661503686	0.708357993677189	275
-0.099527070575479	0.414643487340103	176
-0.02966265546557	0.508106517106403	176
0.087646530038738	0.938233569982266	176
-0.096597167389674	0.376126775863092	176
-0.047366916992764	0.283462806209524	275
-0.015729181578861	0.292867855234252	275
-0.045529367737031	0.807519320731813	176
0.078429743012681	1.48344975699716	176
0.093127329582513	1.8447770563364	176
0.080213340697338	1.12281520080989	176
0.077940505974396	0.750796531203964	275
0.111767242046058	1.03918384790581	275
0.054194101041182	0.749812811614197	275
-0.084061438939266	0.359756936803838	275
0.014503956231777	0.506548521429842	275
0.110299275456239	1.08139464238791	497
-0.007664195443156	0.617202359828785	497
-0.102868538545624	0.166819160562082	497
0.00137661253113103	1.73256795149339	176
-0.058727030562549	0.577604661846189	176
0.015725284582605	0.737310613693623	176
-0.025212904497081	0.384139132839481	275
-0.040881117898166	0.421831438026189	275
0.044849689415027	2.09997057531818	176
0.00709093230601399	0.974615832930767	176
0.122142422719477	1.51030374321799	176
0.108078130505485	1.01892135582577	275
-0.118512424450952	0.262918748230823	275
0.010807340608937	0.61107401755107	275
0.061269742036903	2.41088886762254	176
-0.120171236828483	0.365421663981293	176
0.094391299691817	1.00410852610395	176
-0.051386018388546	0.428730462882661	176
0.00245035086560302	0.564955267029491	176
0.118333956330955	0.906129174792615	275
-0.034359243451118	0.358610907951362	275
-0.086259920923563	1.14738476335526	176
0.01803740166881	1.93280890766281	176
-0.035385428763912	1.32067002343223	176
0.051728750687076	1.21400478200643	176
0.075053099707902	0.681639661464695	176
0.080862546555951	0.788670006874908	275
0.053285898327081	0.608753149074456	275
-0.094295717353751	0.511080139906046	176
-0.059046241169948	0.23663485423719	275
-0.120645078579967	0.185971418550795	275
0.079288706270138	0.650880593670848	275
0.030359499695252	0.364528756326157	497
-0.099284041228708	0.167481872321627	497
-0.067512010833881	1.20874007731692	275
-0.046415878529719	0.856621350840857	176
-0.035336151907158	0.755303432895476	176
-0.013638488794092	0.44992346915004	176
0.030210803067172	0.518737510108414	176
-0.01056541374634	0.512554357699129	176
-0.043388003374503	0.230338293113095	275
0.055486827574707	0.534288752673015	275
0.089526789228941	1.51038716992262	176
-0.092677747031277	0.297206924498502	275
-0.024337608365878	0.245477291002958	497
-0.081234425589811	0.729388246069956	275
-0.088785102017817	0.212897444883379	275
0.114347668431202	0.702010613122154	275
-0.076688699499558	0.320134277632626	275
0.097146324908462	1.65836405222662	275
-0.019719260918238	0.873283113395247	275
0.06636313292124	1.39468470109883	275
0.00458833842126399	0.888823051727962	275
0.046875689885418	0.922777754039808	275
0.106463900976831	1.21997014418858	275
-0.07566820210172	0.505299242246288	275
-0.029863479352165	0.476724994104652	275
0.082478450320842	0.693396352891903	275
-0.095565743859107	0.354521504356808	275
-0.030619974785262	0.589936367229644	275
-0.025573415136091	0.265330706430096	497
0.105006289319907	1.71071578952614	275
-0.057226095786372	0.360527971613074	275
-0.083543149278395	0.333426910027896	275
-0.075131847026347	0.238827633061426	275
-0.063972773071597	1.10034077067591	275
0.067300213425053	1.74592147882969	275
0.098931798284979	1.34838084184681	275
0.114596388436998	1.24463453927407	275
-0.048346482535374	0.420912309023662	275
-0.014406163591359	0.48479138192082	275
-0.042219803478598	0.549486464634089	275
0.031494098948511	1.25109947019368	275
-0.040848804980406	0.708892451318494	275
-0.060956732777203	0.683170931457647	275
-0.087549414686216	0.426721253552655	275
-0.05762678277997	0.666922703633558	275
-0.094171586720466	0.400255427513072	275
0.049876176002192	0.308270073965831	275
0.075340760212482	0.54731107237158	783
0.038912209768932	1.00506364939007	275
0.060482681753716	0.605972062193365	275
-0.099669080996847	0.382411791387002	275
-0.065874324517151	0.129081516459485	275
-0.012107160183323	1.88447013252167	275
-0.046814001037418	0.533017802991594	275
0.031174241529276	1.98766130965569	275
0.101965204502736	0.952468746113306	783
0.113588567887998	1.3947698387282	275
-0.10949548952268	0.380291609119148	275
0.032829244381871	0.978837593558301	275
-0.056014995184591	0.486601439932015	275
0.026474099505981	0.336922913615531	275
0.105529729310103	1.3266405074947	275
-0.081959445125138	1.01539763849927	275
-0.115911386045796	0.519920036846657	275
-0.024648150984464	0.377288239835501	275
-0.077825245809081	0.630745879726296	275
-0.120518106898866	0.302014040141842	275
-0.072339862371792	0.481249774053537	275
-0.114011947140701	0.315583161609181	275
0.068784412933671	1.70987525975616	275
-0.010162346506249	0.922323040889324	275
-0.119739695991763	0.307325760422875	275
-0.109464274137945	0.38061133559366	275
0.054492915489422	1.96412140435934	275
-0.115871486850333	0.350711788729527	275
0.062846856912968	1.27100461525121	275
-0.078796864772902	0.538356292180796	275
0.061242949867729	0.92284716328524	275
-0.082116724767087	0.882254844986467	275
-0.019103464360852	0.836011576098722	275
-0.11998488852905	0.364899134315515	275
0.026435883730092	0.967299007726092	275
0.013195593415057	1.64596796778844	275
-0.02197089461945	1.38033728691981	275
-0.0814710439519	0.260078800567071	275
0.00226323318205601	0.583509797657017	275
-0.042046705887785	0.539860160831315	612
0.058416841954783	0.919979768658781	612
0.033445198140554	1.0497076235347	612
-0.022693601898505	0.457210539843078	612
0.058033956060353	1.08711531308934	612
0.098998775855025	1.36568462441609	612
-0.074730542513619	0.220405987247954	275
-0.111467435391724	0.23983442167233	275
0.08911595573695	0.75302973279246	275
0.02020476182533	0.584418129497294	275
-0.082475065007958	0.527124825404231	275
0.032590579342411	0.708433412778051	275
0.110854435039849	2.32717193991849	275
0.015342365493265	0.800631600649746	275
-0.058795637797178	1.56505287202606	275
-0.024095903800653	1.5350909264652	275
-0.086565319018075	1.28736205231831	275
-0.036570030468489	1.47800564689246	308
