x	y	clickSelects
-0.062431579599079	1.1981522927751	73
0.066315628133111	0.641081251361473	73
0.019298479831683	0.532883183578862	412
0.04650418438024	1.38954944606315	249
0.037321601242933	0.8153026817845	139
0.00804918180548297	0.326712984683086	669
0.085072670520571	0.44544306873613	24
-0.012158503320249	0.760818695797785	24
-0.0526433650337	0.506870734401812	43
0.075896960249817	0.441746608347558	104
0.00898587336881196	0.326572796883435	105
0.021222354121777	1.03216154598351	111
-0.041051513154285	0.660647798182522	111
0.0238392731382679	0.988206008668618	111
-0.063888853699914	0.766796508530884	111
-0.080043891357425	1.42480319990546	267
-0.00351215882157296	2.21839107752186	238
-0.0577518122362331	0.891462930922278	73
0.043380779047564	0.845059840836967	38
-0.080558542156727	0.587539601560215	38
0.073406953677705	0.922772830411294	37
0.026509293703432	1.66904308656808	730
0.00976177908173104	0.799915558398198	2003
0.0970145653268481	0.981679637603634	287
0.0697064230032139	1.17280422574347	539
-0.104134536633913	0.726009815891389	2302
0.122175034524348	1.81541380092717	249
-0.039569655355885	1.24121396225071	249
0.087927732741617	0.440515831450869	669
0.00731772971024303	0.31768130480234	669
0.08325795220508	1.08317448030888	45
0.013682048466283	0.328683711331323	545
-0.00252451458570202	0.600532246760679	45
-0.123481447014312	0.391211230116176	43
0.110683869635425	0.777288908977454	43
-0.044677941669533	1.03632475178464	515
0.050511461240326	0.739686377024247	111
0.028396524977257	1.10494006895246	73
0.05382913104374	1.93960276434452	182
0.041862812849415	0.698197549692883	182
0.07848248335768	0.923316285335833	412
-0.0511423525653451	0.979277376951379	249
0.054440967294238	1.31409746498989	945
-0.121464526028397	0.474640339175357	429
-0.119696995776172	0.295160888998362	429
0.046451288413918	0.924240865598915	660
-0.110092631264975	0.720546626367249	24
0.00609248771722604	0.313582289663086	104
0.011062975194348	0.325143602858773	3
0.072924315590157	0.432335232415527	3
-0.123944337989405	1.53012227405944	598
-0.00212651622302795	0.927167148385579	111
0.025033188014212	0.886872061828266	111
-0.058832884158939	0.751363696107851	111
-0.064162563350298	1.83170576860702	238
-0.029118271843827	2.02724754448973	58
0.122412109915475	0.765428412211034	73
-0.087533292654173	1.36380997651862	37
0.102113540559762	1.29059729851708	37
0.00601517266345497	1.03049525450532	48
-0.036545324262113	0.780370820046366	68
-0.076323251730322	0.660374752267152	45
0.00939326231459003	0.715961320042513	545
0.00517396415857896	0.62233069059517	43
-0.122814590987378	0.302116415520341	224
-0.090352298508091	2.15363160107353	515
-0.056581547179668	1.05303792319915	111
-0.09179841746113	1.3501212374564	238
-0.00329080822363603	1.58407446106843	58
0.062537092245038	1.64771224849206	238
-0.124056686980867	0.780973456097358	37
-0.101293565987836	1.00097998265656	37
-0.121012318982269	1.34505083474128	287
-0.074725080776939	1.18163355608354	287
-0.060414193509359	0.757319624528167	1783
-0.116160149505462	0.71660054349534	1783
0.0920152098647961	0.852572833210603	1783
0.077931837144074	0.924460753464619	249
-0.054541045056505	0.663590074045188	1774
0.082650523087615	1.07259753697994	139
0.000742347031614021	0.615678922714903	669
-0.110940261699245	0.494051062149245	365
0.08321055258174	0.453227142007863	669
-0.039220724204478	0.776839456536344	669
-0.119222242018157	0.392553822832815	24
0.080497432845354	0.44878714446407	1062
-0.124486855511389	0.295035218604979	104
0.122987681885634	0.562604608706798	298
-0.121509215786662	0.386161208420072	105
0.012744925175151	0.330471033714227	3
-0.105665400240716	2.21254820105564	515
-0.001291879952106	1.7268881280092	279
0.055291006754054	1.32259030788139	111
-0.072335744436924	0.91111502345178	111
-0.039153413994908	1.08649103823265	238
-0.060890022547617	1.40332376366019	238
0.015566232670928	1.82362347434065	238
0.035085185673351	1.67586803914815	238
-0.054674296401187	0.828880958591941	73
0.052730554990976	0.733159398236924	73
-0.042685488985947	1.05313381917653	37
0.069773709344655	1.22364930964387	37
-0.0934437748764591	0.806271926800128	37
-0.099695021601109	1.03229395994436	37
-0.027145530127376	1.70137825618491	287
0.040742194207257	1.4783643080065	246
-0.067813650338087	0.974553547967547	68
-0.087381430991029	0.819119304283436	68
-0.00356570787126598	0.599779428017454	24
-0.048758705307947	0.61068179003734	24
0.00300205491990702	0.623835494005482	45
-0.121277681922592	0.394657798652344	43
-0.037102346921787	0.413048623194024	3
-0.118140840647961	0.276709702956878	3
-0.122461242884063	0.286061448964401	3
0.062338505683983	0.965956744291922	111
-0.0749963705467151	0.809495701912566	238
-0.057320095976516	1.49347864783657	238
-0.015511003134547	1.76286029401134	58
-0.014862863097026	0.673733520986383	73
-0.057059736678753	0.817787615752357	38
-0.054829506052026	0.918340376652811	1100
0.026178596295136	0.972506287390488	37
-0.056985622804815	0.585609956832113	37
0.016838381712808	1.0186295132602	37
0.099047361426168	1.25178033271515	37
-0.121375941381625	0.574761439850438	287
-0.043854826483789	0.701331514975459	246
0.0629533118808659	1.35311572815897	246
-0.02592668372379	1.38166706172544	246
-0.070764962274978	0.953256030165786	48
-0.09603512834193	0.991197084728219	2095
0.082383448494862	0.445789314606393	833
0.00422295309629295	0.316310416093388	669
0.00100173459800701	0.311978320753221	669
-0.04382662105841	0.58343721032908	68
0.082524000936008	0.447556020478582	43
-0.12032300278186	0.395644178964781	224
0.00784433729036205	0.317501565847154	224
0.00825396454068095	0.325505224272637	1075
0.015758027137179	0.323013741243103	105
0.00972975430975798	0.312910130253441	3
-0.025485479426002	0.86355513672205	111
-0.038066592586387	0.74908741556393	111
-0.012469772726736	1.63865244782249	267
-0.039090471735885	1.01558982012401	73
-0.012107692087329	0.59553069425952	73
0.049792709900523	0.752974005855823	1100
-0.120066457029695	0.917257057019667	37
0.00396541274308404	1.11294482935096	37
-0.04607864440474	0.733282743236912	287
-0.116267532641094	0.794138923760131	246
-0.124040482554636	0.290039608984476	139
0.013884450732766	0.33195250603616	669
-0.087345848153646	0.733887790425234	68
0.082524000936008	0.447556020478582	24
0.00924845242834904	0.716281042003263	24
-0.003908982850092	0.684565741382684	24
-0.050579696940641	0.5811772133478	24
-0.12443516615302	0.388053305004713	43
0.085236639309172	0.45715784373928	229
0.017443773946891	0.319972101535211	1183
-0.12376502753015	0.911575237654755	655
0.00750041895234999	0.85066919452405	73
-0.03504467182491	1.37312085704868	37
0.108803678708803	1.32249557855007	37
-0.0244408557917321	1.40054409259684	246
-0.111789492279981	0.946377627329716	246
-0.109873849031288	0.488325644148445	669
-0.054248587970356	0.604213534517887	669
0.110617397670649	1.44611001524678	68
-0.035895384250064	0.701310287216078	68
-0.117211287488287	0.470731773789801	68
0.049090281239967	0.725945552450191	45
0.083986044804132	0.443860803639201	43
0.084294365735795	0.452149027405867	43
-0.0361745323777209	0.414284070276113	1207
-0.03507500025135	0.411732314415258	229
-0.121721859371104	0.301594621649869	105
0.081581359900441	0.447739775247828	702
-0.023278673241149	0.411334230677306	298
0.079543623886142	0.451055852436725	1183
0.064219511902225	0.643728983367413	17
0.054273468046234	1.06567873045948	111
0.021696055839488	0.947769377174019	111
0.065142361345837	1.36095223265099	73
-0.090904788344354	0.801986896443206	1100
0.0472913435526951	0.835475056669973	287
-0.0900660374594891	0.868382344595961	412
-0.057776024458987	0.595967971087678	913
0.105086409567724	0.729734401641745	913
-0.095287624845726	0.583995950184598	1775
0.061947257522433	0.652453543010179	669
-0.060745693353729	0.4889671161074	45
0.049862552223881	0.75696608676223	45
0.079555231549779	0.44632031215998	889
0.017420722548703	0.508041512196839	45
0.00939456708504904	0.318697789552526	702
0.081440171795602	0.448598869184711	702
-0.121527639114833	0.479900473262998	17
0.0165062931480841	0.319950107369555	17
0.04820593532289	1.61832132939168	111
-0.090813690666677	1.18443639733762	267
-0.033643509174378	0.794045712641391	238
-0.0474078727517791	0.616958831230529	654
-0.065362789266303	0.49045488802371	655
-0.118271303709978	0.395557197984624	655
0.077368757048662	0.437928356151197	655
-0.057221181871341	1.10415915463905	556
0.123872174212824	0.57159461028753	124
-0.103330303070488	0.959213732408607	669
-0.00145328101993203	1.93629207554176	669
0.00711254116987004	0.324065720102263	43
0.00621109348527404	0.62308187563561	229
0.051641198853336	1.43393103220178	804
0.106374820080964	1.51399851716108	804
-0.038090447202029	0.986966810233687	316
-0.072674744735308	0.663336044121519	316
0.042354931359858	0.836790034504066	25
-0.036924565317467	0.681025755802789	238
0.042046905689917	0.719290204023694	655
-0.116319533505267	1.01724583414849	655
0.00132990700265001	0.807937214575727	66
-0.119414512914861	0.482887236586739	66
-0.092321426711659	0.591484420567674	38
-0.002644110809923	0.80245825757069	37
-0.028217052664523	0.937134187525869	37
0.000978925740565018	0.893832496102874	37
0.075228699643164	1.34121178382752	37
-0.099684458243247	1.02625738278874	37
-0.098543720274334	0.731328981895291	37
-0.120921517334463	0.732403982390282	37
-0.107794536443783	0.483677037413554	1204
-0.054444645202633	0.996413827353299	412
0.068830131930223	1.02399172567087	246
-0.031852648652328	0.424858256050355	246
0.0933349087998701	0.4398796682797	471
0.019631574699386	0.520394119453679	1425
-0.119222242018157	0.392553822832815	1425
0.020587728246905	0.516764018508234	249
-0.031852648652328	0.424858256050355	249
-0.119696995776172	0.295160888998362	889
0.013884450732766	0.33195250603616	229
0.01180784531567	0.328824523021788	229
-0.036015782743425	0.410796673940341	17
-0.037777456989315	2.38282633631964	1030
-0.078729451799748	2.07219307487435	1030
0.00613433832264898	1.40008020333937	804
0.031512162166766	0.896562069852346	605
-0.0740871399850041	0.805895506252272	316
0.0120700637701781	0.706669742157362	316
-0.00356602258852701	0.798924493610526	316
-0.089521250761644	0.577008410755388	25
0.094284692029553	1.0969097930863	25
-0.08531093768096	0.599307891940168	238
0.112619657850544	0.770685804923152	238
0.0652912301138709	0.646424526592528	654
0.062418725527328	1.01591086112777	655
-0.0565762600485989	0.989283937090968	66
-0.095287624845726	0.583995950184598	66
-0.095943805029595	0.750493928588376	66
0.119984226237083	1.33185853180033	556
-0.050476610022157	0.934552984992195	556
-0.000578486389429034	0.615929089954055	1689
0.106767457390342	1.29404787417072	1100
0.051733714288812	1.01503896813564	37
0.00377339790768005	1.20255152988803	37
-0.049622734326486	1.04875103982555	37
-0.122814590987378	0.302116415520341	1204
-0.089400087187163	0.583915796121659	124
-0.117578036477208	0.632586761541613	287
-0.050769508440601	0.613255545385631	431
0.0463064527834221	0.826198976756621	431
0.098870598935886	0.977415817780977	246
0.110099290897482	0.934085093004346	246
-0.060491477704968	0.50599187986706	1047
0.117264121939501	0.554321610039601	1425
0.013884450732766	0.33195250603616	1425
0.079555231549779	0.44632031215998	68
-0.0639999068706401	0.493362692906776	475
0.000650205532962023	0.59111493802407	43
0.00919025134873597	0.328174429060915	43
0.063598067743953	1.55198863376357	804
0.064427083670748	1.41771552234942	804
-0.00363665379744504	0.857033076465194	25
-0.04851703446821	0.508390721892751	25
0.101913329576021	0.747238077798962	238
0.117974549686211	0.728462261777857	654
-0.03243471388119	0.697166740280894	654
-0.0338092891626079	0.697274804711752	654
-0.00158622919303897	0.724034623073959	655
-0.0851547728086131	0.823417651159113	66
0.081647825119747	1.68916504985189	66
-0.053889319367228	0.908498496151538	556
-0.120463381288409	1.34362779225677	556
-0.02263959274811	0.952744462214233	556
0.122834789031954	1.01384356655258	556
0.058721299222111	1.3835320340728	556
-0.053184403414192	0.495602693688173	1689
0.052338038260501	0.719668232323686	1100
0.036472275117105	1.13452327803309	37
0.037041761444408	0.980527384512016	37
-0.052819862442432	0.848118341169947	125
0.034870756717269	0.824149744336117	1204
-0.00433665171595798	0.948472723552286	124
-0.085242635881458	0.599898917091641	124
-0.093079670030385	1.19762530655217	287
0.00518568277773601	0.69229609189195	431
0.00306533237538997	0.620866001366778	280
0.00870345263655104	0.323024206464861	67
0.016404960255941	0.520221499431358	67
-0.035223893968895	0.412844774094554	68
0.013682048466283	0.328683711331323	889
-0.1240681824367	0.290706403346731	229
-0.119275129320558	0.293367418028971	1102
-0.066378065376859	1.35994739764162	804
-0.097104522239328	0.845786531111728	316
-0.00381982046230001	0.883042540552356	316
0.00424489643235704	1.26011106086896	25
-0.00619329851872397	0.712483020472363	25
0.043040492049696	0.820274762567598	267
0.077879604572925	0.944064898167638	238
-0.051558432930487	0.655252710275029	654
-0.115206657965594	0.487228967952989	655
-0.100673044152168	0.564561853018055	655
0.092966708430708	0.84932777778495	655
0.076366030182745	0.827587851095718	655
0.00485372036513398	0.612022884775991	655
0.00413618413063599	0.617930147062154	655
0.105449525378223	0.783484862338432	655
-0.056201956344007	0.602106420664636	58
-0.00275895377770996	0.625149957309985	464
-0.092515484698066	0.564290186534099	66
0.0931131106919491	1.09304015778368	66
-0.0498758728673721	0.80767521904679	556
-0.052054196130785	0.977057341800025	37
-0.078219715154308	0.681343208815128	37
-0.110922865850546	0.641880291295599	37
-0.08590552360056	0.82187528098691	37
0.055556286615179	1.50880576428985	125
-0.0877813690293	0.758089176916357	125
-0.048355171441983	0.387603078943257	125
-0.030675242097903	0.415396997393011	431
0.110472192781664	0.948636897031562	431
0.093061872236754	0.850760338381295	265
0.111486159313221	0.758750270854964	48
-0.061488827790126	0.507343844260411	67
0.081581359900441	0.447739775247828	249
-0.0818284395807241	0.715740946243722	334
0.099784175139521	0.748030902270453	1475
-0.039401660363606	0.669557857118373	3
0.083961977807558	1.34626340674399	605
-0.034118681427998	1.24745244674241	316
-0.031267129300655	1.09913509988029	316
-0.113149334242389	0.952645455875033	1073
0.068761315100746	1.06914662242936	1073
0.124000044567034	1.13404117455872	238
0.118157369696012	0.9402293326438	654
0.01179584459881	0.624501152267783	654
0.0443477130853061	0.826891976634446	655
-0.117238334636392	0.485056721637583	655
0.00828639470958203	0.715174379359948	464
0.072655614818726	0.636350376694641	66
-0.060956292692385	1.04562591786325	38
-0.104784672268424	1.07159573985291	38
-0.0288167288586481	0.841977197478587	37
0.073736070662311	0.91380124240158	37
-0.073810262834654	0.828050678764517	37
0.037882298132475	1.11870938677143	431
-0.035992134224876	0.812849655735251	431
-0.070976705044934	0.98015298540286	431
0.124961293521789	0.567948868685221	1915
0.081440171795602	0.448598869184711	48
0.018381290479327	0.314481021375962	48
-0.115280502003888	0.38900022853639	334
0.109291268459146	0.766842780582911	334
0.00464290054651795	0.714451781111368	139
0.115098569776241	0.956266215210195	139
-0.12353463536399	0.394671673475025	45
-0.120469174588618	0.3942682698347	475
0.00825396454068095	0.325505224272637	43
0.00919025134873597	0.328174429060915	592
0.117959127949428	0.761544012445404	3
0.053896131894722	1.20704092709084	316
-0.0603788554252111	0.891909575148702	267
0.02896303374773	1.02292828575167	1073
-0.074698306709173	1.0478377744183	37
-0.011322123090088	0.921727043483584	125
0.047304578919547	0.825697470346076	991
0.0662370514312	0.664275133753379	249
0.121430283414277	0.568429767725591	249
-0.111125522180746	0.663936683537964	1475
-0.045400590546922	0.69176231621156	68
0.012744925175151	0.330471033714227	1105
0.00617595288570205	0.316310639307214	1102
-0.097882925174768	0.668323528728933	316
-0.088659995589735	1.26360970243387	25
-0.072325674964983	0.468422831316674	331
-0.124529404698568	0.459621512565693	331
0.104809276451985	0.736083117670114	371
0.078613567811974	0.440700090909921	38
0.054288361216019	0.900720171857915	556
-0.083721036312198	0.642860899653848	125
-0.120402693184922	0.387797145186899	124
-0.122775876475275	1.40903045916679	125
-0.059491230751894	0.844812818030303	431
0.00495071596726504	0.318150083411716	428
0.011062975194348	0.325143602858773	334
-0.055517560502278	1.26986630808743	1475
0.0184803665880739	1.03396582125688	1475
-0.045834615671915	1.06897042389616	68
-0.0577760732007661	0.498224952346587	3
0.032230936217251	0.811711396512356	267
-0.00257620432746997	0.58849845584613	371
-0.111899832793581	0.928604194708294	331
0.093850196796777	2.06254430125821	284
0.033340070097664	0.817279246174246	37
0.078923455738993	0.946060634008699	125
0.058782983829511	0.637510330488581	623
-0.00771277230002299	0.602955348169509	623
-0.029984763990388	0.416394983349853	471
0.081581359900441	0.447739775247828	712
-0.050384924373703	0.502686752718906	249
-0.072700221808936	0.883535079792192	368
-0.035079033230911	0.418340437716484	807
0.099896154463276	1.11478643202554	807
-0.076681431750145	0.886946197529453	3
0.0101265887101371	0.328029845028494	3
0.00681529909212197	1.2485701779746	316
0.105798014862367	1.48191947204236	316
-0.053599754785059	0.989345674997614	267
0.00580802404134895	1.18712882134798	373
-0.060283254601919	0.948928190114364	25
0.0583872867101199	0.965283416408734	25
-0.109901444466631	0.662598349353746	25
-0.012077726563503	0.928820308858969	776
-0.116160149505462	0.71660054349534	371
0.042788298483215	0.98270222449976	38
-0.061056366519529	0.840987728721312	37
-0.09784565278618	0.748989791200475	124
-0.114102369219299	0.493611188671261	712
0.064090799222631	0.657962208595191	712
-0.082893176849838	0.67090694771127	249
0.00778091012470306	1.2252466676992	249
-0.116214259638226	0.395776464734715	1577
-0.06740402333049	0.474652647183799	1577
-0.038042160243477	0.40988240847414	43
0.016707537652044	0.315529155842478	43
0.121724269773374	0.552316863625593	1102
0.00794180802529698	0.484661288796023	3
-0.086806544468992	0.935033422487832	316
-0.104422674538576	1.06125688972512	316
0.053351701116931	1.35168090995002	316
-0.034517246965033	0.926118139075279	373
0.00808515325591497	1.19903859797081	25
-0.104071367383233	0.809606167033607	25
0.027036691911731	1.03831500900901	371
0.063371454744026	1.54583207943241	435
0.11575873099756	1.22075526716207	1096
0.041476826111618	0.974052336568517	38
-0.074851405313327	0.997194462107809	37
0.070930737546677	0.936770498397499	124
0.0620005042160851	0.655821845124006	124
-0.00597009767775503	0.990197156594751	125
-0.035617300336545	0.926271539825839	280
0.087625876032828	1.63635763068275	280
0.089972627662234	0.850811681027476	48
-0.01828888216466	1.25556619960431	249
-0.119225424131196	0.393160688648266	249
-0.06470364519595	0.759170740064734	807
0.00594313245979306	0.718640587311118	807
0.016918694177403	0.512133474600201	145
-0.120947408386732	0.299624574673166	43
0.012744925175151	0.330471033714227	43
-0.053637728591122	0.507055269294147	141
-0.05424608303165	0.921638897678508	3
-0.022891128678164	0.913464316405077	267
-0.0577606954052871	1.13655166846883	25
-0.02837417772327	1.00981105323523	25
0.00218270476264704	1.16587234969761	371
-0.0276499546233649	2.1758964845186	284
-0.0254664016914929	0.851076252017385	1100
0.012319116947459	1.19213268684419	1096
-0.071989936405147	0.746262883980796	38
-0.077617956872031	0.979365394299439	125
-0.039682964598496	0.707706847468287	125
-0.003862727925392	0.722364696186441	368
-0.095608174383378	0.565761396113892	50
-0.122539329205393	0.47676752070639	145
0.00569038304554703	0.316486999703429	1060
-0.00304490796599199	0.302182923118642	39
0.080487152457	0.452454124812538	39
0.011062975194348	0.325143602858773	3
0.088939310627116	1.18073638990074	373
-0.102383643873682	0.726756232797141	373
-0.124423361759911	0.717608109027296	25
-0.022631919673223	1.22767041450036	25
0.064399263246722	1.53424119106704	25
-0.061137323449368	0.987910783036425	331
0.092021986344897	1.880905066728	371
0.016287905813678	1.76753284524539	371
0.019569866332397	1.4033826511475	371
-0.0837541363011201	0.966128560845151	371
0.000319619712019992	0.969529697650193	284
-0.0803225393142481	0.830966833340184	37
-0.093838346382883	0.88681885485403	37
-0.114486344399184	0.732212569493189	37
-0.017280319127177	1.16402126264606	37
-0.110090028165214	1.40517270747136	125
-0.092203807872138	0.800275035983592	280
-0.0363828157010691	1.15650426720357	249
0.011281395041667	0.515794029934258	368
0.108598443200372	0.785572575417208	145
0.023638074833977	0.533355567252977	39
-0.118182972663977	0.296250261999821	3
-0.0900819278118909	1.2114824910464	25
0.020390302288003	1.454653698264	331
0.070103904612661	1.41507590654354	331
-0.080537371058486	1.25915957903589	371
-0.113389478066933	0.661566135628485	284
-0.115608559012147	0.73416213145089	1100
-0.068806773417377	1.1807364188234	1096
0.022008155253093	1.17652735718527	37
-0.112274008099648	1.29525367270091	125
-0.103665998750499	0.809738860002352	280
-0.111294509290202	0.808254260934413	249
-0.025037265714132	0.773571060668378	249
-0.121024969946197	0.64606550199374	368
-0.052769962444337	0.572617253133744	145
-0.034290543513494	0.409513624072508	1104
0.023583360852608	0.537708298586144	196
-0.123747916316526	0.299550317553078	196
-0.037491792873748	0.421594127694002	39
0.0888499690049151	0.423759414474032	81
0.00569038304554703	0.316486999703429	141
-0.049510557356424	0.507131403675112	7
-0.016976320069528	1.19555649402748	316
-0.071269146375737	1.44754608459373	373
-0.101235288676715	0.561106073348008	25
0.014381351441223	0.956106068349694	331
-0.104926761789048	0.69951532264158	331
-0.12369422761049	0.634535360299839	331
-0.039942973916244	0.772007474489933	371
-0.016159429116761	2.19996499559167	284
-0.120185057614105	0.863359984003347	1096
0.105165649087783	1.52761373054468	1096
0.108315728447697	1.24851741649079	37
0.107894930312164	1.05713271191089	37
-0.00500607371801598	1.15676801134442	37
0.111411747495868	0.772293438709423	37
0.064510992322233	1.0180044749689	1927
-0.121490002216393	0.458124972876376	1927
-0.00237775316976696	0.613676640412011	48
-0.089594944492238	1.2481490484194	249
-0.031852648652328	0.424858256050355	249
-0.047523136461697	0.506779088336808	807
-0.11522447366143	0.288583565256794	50
0.000066362866259051	0.30485036176824	145
-0.042880093027275	0.406744558581688	39
-0.114139518901723	0.483389551219367	39
0.035365770331944	0.913424521203767	3
0.00572441972954896	0.630868021508863	267
-0.033049071929945	0.418901878055911	25
0.00935660273318195	0.502087957502563	371
-0.085367004619097	0.663690545277726	284
-0.090969253095957	0.806930618559311	284
0.040876755118334	1.44976670097851	1096
-0.059856198886112	0.584100948536217	37
-0.034285715709982	0.75233948872479	37
0.034515570401221	0.995978343468042	37
-0.00965834164574497	0.606347748435264	29
0.063886866411447	1.08792564662065	125
-0.041325702543787	1.0087519048785	280
0.099161157630598	0.734042164012559	48
0.123923848387595	0.562264038986448	434
0.014821218141027	0.330145166741139	427
-0.054248587970356	0.604213534517887	139
-0.121721859371104	0.301594621649869	43
-0.063574418523158	0.497726784406501	196
-0.111180539996048	1.79739847178052	515
0.111180062431089	1.0830094437387	316
0.00307821045637502	0.72024316590629	267
0.069449226080619	0.929067670254753	25
-0.00379712588737602	0.625096185405452	25
0.048319009908945	0.72616588071457	25
0.114480423718935	0.733980957544627	371
-0.112255631376028	0.554823323290215	371
-0.123248833714447	0.996768260796499	38
-0.12032300278186	0.395644178964781	37
-0.032377431264311	0.404130814440619	37
-0.121277681922592	0.394657798652344	29
0.120046927410961	1.3390849524442	280
-0.0531783938548061	0.604051807573163	280
-0.057684255405154	0.502767872808852	280
-0.097870431813432	0.568097849203809	68
0.013884450732766	0.33195250603616	145
0.042333191293376	0.742370183807634	39
-0.016193172760237	1.33095122547494	316
0.052127291865916	1.62124981593636	25
-0.079564466265203	0.735377085916802	25
0.0187273866964111	1.09192127458861	25
-0.099780138230944	0.732527981314418	25
0.00167861913894496	0.808220941219642	371
-0.070894891223039	0.891142834040501	331
-0.113596712070357	0.892892579900819	331
-0.000362014191988003	1.10583599742646	284
0.018226599418913	1.12503946089351	284
-0.076651526345194	1.04773230971216	38
-0.049249021409976	0.852778532807696	1096
-0.029554006806586	1.0079172048301	1096
-0.016105122298815	0.653724703191415	37
0.053832970739891	1.03936350683466	280
-0.10245648190281	1.05622877593806	280
-0.00849891665522396	0.761488186017141	48
0.0501747980788591	0.75373210252206	427
0.00225045401970203	0.732200282827816	427
-0.117169250751591	0.395824887431901	249
-0.123436889137777	0.579738763146821	249
-0.047836787268423	0.93138484019852	249
-0.0960504998659401	1.02536036736335	68
0.055590334556149	0.628858833719065	807
0.0101265887101371	0.328029845028494	145
0.04561371528952	0.740092587172532	145
-0.124640675698612	0.39296838940159	43
0.00919025134873597	0.328174429060915	43
0.015758027137179	0.323013741243103	39
-0.122040268239502	0.296639196065085	39
0.01672606396929	0.529573284678017	3
0.123641136759229	0.572822943006977	7
-0.017806972689026	1.27650640294923	267
-0.00397207736543903	1.22753036432317	267
-0.085080102500445	0.843471184731353	371
-0.041899171292438	0.994752274883895	371
-0.09713020468671	1.12185463714167	1250
0.00161464730322902	1.62440895183369	556
0.00756768207553604	1.03534505889588	1096
-0.066876180033379	0.960092606586286	38
-0.118091141476965	1.02940080072771	125
0.103793612930891	1.84359858388081	125
-0.072501496540347	1.0540773341601	280
-0.010660569156008	1.17946399565555	280
-0.077190295060482	0.977271445471218	1503
-0.074083252954634	0.785467489612619	48
0.00609141146253101	0.786787623802411	427
0.00308334483850903	0.845713199234006	68
-0.042927316765378	0.819240324646943	68
-0.0375792332631411	0.609808492068822	807
-0.00759972169280399	0.596315115854158	50
0.026974443711746	0.53288211185314	145
0.120824414516063	0.568941245708308	43
-0.00215686851725805	0.782702125846827	39
0.02232432025451	0.533645354755971	39
-0.036573609596824	0.96901390464798	25
-0.052631827275193	0.81394955859656	25
-0.027551156462855	0.78795921665077	25
-0.033031828117106	0.704161348167699	25
-0.092599088901042	0.738042580269812	371
-0.09970284260688	1.04671212788619	38
-0.106000124461776	1.01546941513811	284
0.00236551853161204	1.10701445555037	284
-0.012686610588156	1.38211301991458	1250
-0.064094385754102	1.19703795680331	37
-0.028770651293916	1.03410693679303	29
0.031756413199817	0.904500883192293	68
-0.0612762564803641	0.882846095598368	68
0.012744925175151	0.330471033714227	145
0.013150464060152	0.316393456751397	39
-0.117249199474914	0.294879454966007	10
-0.031852648652328	0.424858256050355	7
-0.1185634652523	0.945248792049769	25
-0.056326207683904	0.847479582842983	371
-0.026447705061588	0.976273851491028	371
0.028691770867321	2.01654310148443	38
0.077427360120368	1.22346762542055	37
-0.105834129669996	1.3832799681279	29
0.029115181529507	1.53982384643944	280
0.00291150650274596	1.9260216610499	280
-0.039601937390202	0.974787005534955	280
0.056298974094554	2.15001174839127	247
0.069844096079269	1.21465559255371	247
0.073721653618663	0.429180210905107	50
0.073842090202995	0.426750784265023	10
0.089160475700277	2.04329715874511	515
-0.119291095888838	1.17890116472386	25
0.00573476736612799	1.7386554974101	331
0.00360836529300401	1.64767533761894	284
0.08054735265032	1.77761908400426	284
0.041983523725495	0.736453378655609	284
0.110303524388445	1.02614391709526	284
-0.102009665418562	0.814222110152777	38
-0.045203681858096	1.05310402329499	1971
-0.081457911439458	0.874085661734499	38
0.050487753818262	1.02443732274039	37
-0.074901168770294	0.95995673390781	37
-0.104904987928146	0.657496314514234	37
-0.021146517195702	1.1773333142216	37
-0.084011473399355	0.582514190898617	37
-0.092771616762648	1.33613691407396	29
0.057154702184411	0.735910995199707	479
0.119619963551386	1.02060691687634	479
-0.050541782305221	0.901307989033002	427
0.100983357913928	1.0391765199745	427
-0.122040268239502	0.296639196065085	137
0.00825396454068095	0.325505224272637	1811
0.00662620622727295	0.318016925474947	137
-0.103907135727403	0.56341431473762	50
0.083607062868431	0.437263653289805	244
-0.00859805556247795	0.94541207778513	515
-0.097081007613963	0.88897015473695	1147
0.023334530113627	0.951474608592111	1147
0.039032069576715	1.14374933465191	1147
0.02423811846044	1.16690565935644	267
0.105682341998041	0.742348874198746	881
-0.106653655554025	0.491766206717271	881
0.1104785198449	2.13956739646778	37
-0.113000969253419	1.2612796497286	37
-0.076395899955342	1.59422306339608	37
-0.123860832177265	1.34566157667623	29
-0.00496874433795902	0.612986552031282	479
0.00324602759287096	1.1895628791323	427
0.099463645756617	1.55119660258108	427
0.070459783753826	0.643199069759513	137
-0.047088297436079	0.681674165651064	92
-0.072128373775268	0.746565970183747	68
-0.036541480220338	0.836609331299138	736
-0.00495271248289697	0.874452611459884	244
-0.0634823499473221	0.502946777546642	159
-0.048690901162739	0.609915114032324	159
0.123641136759229	0.572822943006977	1068
0.047395236292204	1.70008079984062	515
-0.060278724817061	0.864097365630555	1147
-0.00477544566432897	1.01083480686622	1147
-0.048220788365653	1.68942771988069	25
0.055573467754524	2.31816452807836	25
-0.00103610664355902	0.625295883052239	881
-0.105036041597574	0.667123218700169	556
-0.045311991815622	0.87185119498663	37
0.00318244721499195	1.3346165530627	37
-0.08179022986274	1.64775493194563	29
-0.00636649097813102	1.81503215800947	29
-0.00674272549015997	1.61775929430094	29
0.049134250013221	1.93565118934776	247
0.109934364946576	1.53659501014869	427
-0.0636664183517131	0.481884443052401	92
-0.062558267649812	0.734418366006559	244
0.029706741299196	0.89693390356959	787
-0.00275895377770996	0.625149957309985	159
0.124810613676689	0.574980513197505	1068
-0.055513305963823	0.503752651026957	1068
0.013884450732766	0.33195250603616	39
0.0101265887101371	0.328029845028494	39
-0.123482126297786	0.565355243911072	7
-0.084404315233692	0.822271017941469	1147
-0.105012570741061	1.63644455795535	25
-0.120421529731238	0.480661559961448	37
-0.1145953030321	0.788632335383499	37
0.040950224113775	1.35139122909783	37
-0.03130363468446	1.68281528472358	29
-0.0764695233588491	1.23846371342891	280
0.015023158882947	0.324854161382719	1781
-0.082042086671073	1.64928247965992	280
0.060135470452916	1.4539448115444	48
-0.093918473515502	1.05008740020584	427
-0.033629707553438	0.397511888469649	1811
-0.120788667134394	0.301606844411018	1811
0.077784285419661	0.438884452366372	137
0.113740240312285	1.20174981470726	1103
0.110213498749608	1.20317583099325	244
0.123180124816224	1.11275217878037	1977
-0.051161809352909	0.680340302996	159
0.073826680715267	0.649049131063048	1068
0.015595012751228	0.522306058427388	793
-0.033984355634093	0.417520194380612	411
0.063529511265195	1.09792900739032	1147
0.050345384097254	1.204603834241	1147
-0.022854357041461	1.97477226975958	25
0.083090116102458	1.48199568781952	556
-0.00176495006778599	1.90041065365019	556
0.093199351837104	0.921570953338208	1971
-0.028418704876741	0.939073339983596	37
0.036942083268159	1.54305776857864	37
-0.036182346964302	0.760175514747991	37
-0.00133706511246401	0.618080693891405	479
-0.104251192816573	1.24068676573845	427
-0.00653287854390305	0.936864627294864	854
-0.059771659133912	0.496109987525485	736
0.0195189069625999	0.315798608524016	736
-0.121620160521135	0.397093991770177	736
-0.099281473316697	0.570093439116305	1977
-0.05976522616128	0.494043993771519	1068
0.114089044295179	0.522531019665161	793
-0.118957976101541	0.288106223619844	106
-0.114115033086062	0.49595061332035	7
-0.055975939213282	0.824553754145827	7
-0.121277681922592	0.394657798652344	2114
0.113302233632286	1.52815694764456	1147
-0.086570348683222	1.12546302127692	1147
-0.100207538213091	1.43279515266582	25
0.124290707114173	2.14662037497668	331
-0.00285072889270999	1.603851327064	371
-0.000119858511367976	1.9200753313975	496
-0.029843809755129	1.00385905298752	881
-0.062536994155479	1.25347269392677	556
-0.00358714739437704	1.24493535626071	37
0.100981728609338	1.31496593231817	37
-0.077105965265427	1.03401587396994	37
0.0740732007642571	1.19984668448232	37
0.118212312215793	1.37689420172713	37
-0.086559775485246	1.40158107205522	280
-0.095028280216312	0.939524851107552	854
-0.028418704876741	0.939073339983596	244
0.00181013922059103	0.616667656968467	1068
-0.059314217037905	0.511807689211647	1068
-0.1162408538022	0.468050519117338	1068
-0.1162408538022	0.468050519117338	7
-0.108576021559184	0.660412123358039	7
0.085956533854785	0.824106355010718	7
-0.053873324421587	1.47343058042557	515
0.031778202453289	1.44882627916994	1147
-0.023900335419749	1.41481672020561	1147
-0.11256495644651	1.35999518580901	25
-0.0649992990064679	1.45899820063429	293
-0.111977404223789	0.870659907501862	38
-0.101885611555537	0.905676713076378	881
0.018059624209943	1.2740093756372	37
0.071601382748999	1.55312910540148	37
-0.074299771247105	1.36366606749908	48
-0.026506925918164	1.25652369839308	427
0.05438549978614	0.734843299317937	137
-0.055256281590352	0.607464246481862	1456
0.021207693114228	0.306550408192742	1413
0.0981685462666711	0.721716211844013	1068
0.110351363516958	0.771210407702069	1202
0.080639256368238	0.445291372848364	351
0.068574237893848	0.933133077142681	1147
-0.105023197793911	0.792055666668961	1147
-0.020009627816046	1.60679390068336	267
-0.041333320965545	1.727176975348	273
-0.06273472426594	0.483307498581199	496
0.031181394813758	0.873812204905005	881
-0.055466936060283	0.655469364196512	881
0.013236497299823	0.712562108488879	881
-0.000347744760013979	0.804950174724945	496
-0.108821135082905	0.48608269931859	556
-0.113311193283141	1.32336071152716	37
0.116263342200166	0.963205480459271	37
0.063045522106515	0.658362572332453	37
0.092193259798279	1.11615678278465	37
0.042707986413969	0.70811079885722	125
0.055849778742805	0.744086220598237	304
0.0967380995520351	0.852700762485315	92
0.066261719454593	0.663074983862915	92
-0.038063189314789	0.688115196233513	159
0.0189749948492221	0.513641789479507	344
-0.000389468482805966	0.593891431044256	1456
-0.0477134326886301	0.658712636522546	159
0.01180784531567	0.328824523021788	411
0.085072670520571	0.44544306873613	411
-0.040851867306722	0.409561047249915	731
0.010330500696326	0.321224299065816	10
0.038452571304696	0.881924389291083	496
-0.101616384816755	1.09714432349417	496
0.085478111549498	2.46485099626602	496
-0.0789329596356479	1.184642939621	37
-0.048173200184173	1.05217834892591	76
-0.02846920224774	1.00662179201381	280
0.00528006835577399	1.69935374271455	180
-0.062311207339149	1.26839169938177	427
0.059861965396382	1.5265051326624	427
0.01368078690624	0.518161189272811	137
-0.051205608646256	0.594941041547873	92
-0.077841245388251	0.638823925275391	244
0.085236639309172	0.45715784373928	159
0.00898587336881196	0.326572796883435	10
0.063176031318617	0.638370956623273	351
0.0913279467908989	1.42976086726769	1147
-0.121152757205279	0.981356642532655	25
0.016725183661785	2.08920905203191	267
-0.092365764196917	1.51380644288443	25
-0.118246516281173	1.24226334879019	293
0.041050328003441	0.723257908065761	556
0.066266883545142	1.45760527116037	37
-0.0319027250603759	1.198808767688	37
-0.062530544927051	0.854891647817126	76
-0.064639579593905	0.772829188882414	37
-0.011800416655071	1.85289858376554	29
-0.118548444919517	1.49287609024932	280
0.0900810513978369	1.08305310389583	184
-0.080821908270079	1.12048313231869	180
-0.070229512483471	1.35190938058925	427
0.047051130460143	1.70548016395007	304
0.019631574699386	0.520394119453679	92
-0.0873938354589861	0.591279965461128	92
0.0327902109150769	0.961409256439623	854
-0.011285330418264	0.84636426241497	244
0.117959127949428	0.761544012445404	159
0.00545334102013195	0.616972045453081	1068
-0.076573760902283	1.32302733352873	515
0.117639025405586	1.39120231860502	1147
-0.0662631201892681	0.926379940876972	267
0.018631091955976	1.54668170336008	25
-0.021374836662063	1.37806912619243	25
-0.08696548721258	1.28456808824148	25
-0.055547031031416	1.06021080952581	496
-0.055451112136501	0.941108318637844	37
0.00297728180766199	1.19222631958757	37
-0.00880831902591705	1.99051982341785	280
-0.108542552356695	1.01452146297823	180
-0.058107319537736	1.15577068067148	180
0.070803283350273	1.49286774734674	427
-0.059415721939679	0.595636337531423	137
0.00955413715104902	0.732450107460131	137
0.010014735820521	0.794479645342493	137
0.099859437345268	0.750608964872682	1969
0.02587402430162	1.04995833709289	92
-0.08621750332349	0.959594819481712	244
-0.054624980693506	0.6042033708743	244
0.0817148785791471	0.932454464213311	344
0.025846745324158	0.528988018514562	1456
-0.052407581345468	0.586072154044024	159
-0.03624052729669	0.411751572058943	411
0.07401178284147	0.433868188049762	411
-0.094551380705354	0.562911213401669	411
-0.00404192638553902	0.79497887365093	7
-0.052594840017822	0.593751307417763	351
0.034537737823189	0.986316914766142	1147
-0.108180926562875	0.786409862049893	1147
-0.029822359075798	1.11681479355807	1269
0.023636288983941	1.65787545593177	1269
-0.075568613574721	1.46766899403694	25
0.016814797200691	1.60588192734788	293
-0.092695733682697	1.01829378652935	556
-0.024217259084527	0.793732594332462	556
-0.038343624426148	0.851784453395307	556
-0.021355826953592	0.850420998503677	556
0.085827607410817	0.933616459041872	37
0.117062924656803	1.0664712093466	37
0.009230291825995	0.797973838950716	37
-0.115224802401481	0.769124173188401	146
-0.067643741210826	1.26074395001877	146
-0.077038171397305	0.68217216417358	137
-0.061974562110778	0.484580416956599	92
-0.06320932208311	0.759855701563201	244
0.110836022514187	0.790041372220955	244
-0.000297031971207007	0.61883942533342	344
-0.115280502003888	0.38900022853639	159
0.014356760653194	0.528404767200726	159
-0.115134388311643	0.481276204491665	159
-0.0404549430740661	0.415105222690846	411
0.00214540477646097	0.318454182630601	351
-0.00681727400855003	1.34015617099987	1147
0.111648911920881	1.16313170391019	1147
0.101659816251003	1.55889734324932	1147
-0.052090880975765	1.13671939476052	496
-0.000932729234163987	0.867170772160529	496
0.014540302097903	1.23370990464234	520
-0.030110432361932	0.786784002365803	280
-0.118944547014257	0.98360858873504	146
-0.051680041716986	0.499507686430408	137
-0.041470646221664	0.397476767447551	1969
-0.059354707981229	0.591913076719879	344
0.120185155139743	0.546020593810983	226
-0.124764674557625	0.395729179309111	159
-0.117296696591474	0.467314913826872	159
-0.101579658925172	0.772649491901087	7
-0.0663532585555811	1.26879617665809	1147
0.10796432544668	1.3423533611482	273
0.083294343948026	1.06788263095595	293
-0.104367705021213	0.85018255539582	37
-0.0244227401682821	1.06733536955736	76
0.029389588576149	1.10520165402695	76
-0.072125376390751	0.895884351194719	520
-0.09304694322277	0.949699089540868	280
0.037622914897531	1.28292488135559	184
-0.086444987944575	1.61368730272845	48
-0.06439800669647	0.827358180410828	180
-0.087556224305565	0.802659274353928	180
-0.097460175632876	0.728809702837921	146
-0.00394836605650095	0.784597357114813	448
0.038939269034253	0.810086528798425	249
-0.114232173832255	0.793223567460652	137
0.038701644758124	1.1615123041156	36
0.00825396454068095	0.325505224272637	226
0.124977782156983	0.570203085096492	159
0.08401144330115	0.454910395039594	670
-0.0338741880624021	0.423227340658813	670
-0.123747916316526	0.299550317553078	670
0.084954977771625	0.453165082420876	670
0.0247428130199781	0.533528995578173	411
-0.09626592846578	0.581521910159386	251
-0.117029574176333	0.758726489012458	440
-0.013029366708937	1.41096522162173	267
-0.052849340422453	0.610205256514698	25
-0.027839299324858	0.407813233628136	25
0.017682166805117	0.534988750427473	25
0.00321373809220704	0.735221554521151	25
-0.075089751757757	1.27353038103442	273
0.087944351899774	0.436830939770162	293
0.0693456739702349	0.705850043744537	790
-0.121087352908156	0.871942297112663	790
0.00274434167299498	0.62020660632759	293
-0.071580507115584	0.916619587531219	37
0.033541014854215	0.990117096550787	37
-0.120969522405584	0.729372556711717	76
-0.113687174408622	0.773125389711014	37
0.080466701476472	1.29987016271531	76
-0.054161982946332	0.508705905747986	37
0.01753132190443	0.540711146925417	37
-0.00783388175355104	0.587371876276102	37
-0.123712998139964	0.285363846700179	29
0.015023158882947	0.324854161382719	29
0.0940546885807601	1.54851774503599	280
-0.066568460148579	1.5260126186288	280
0.046104496400161	0.729517487403278	280
-0.112240378648263	0.794858719002236	64
-0.057684255405154	0.502767872808852	427
0.017443773946891	0.319972101535211	869
-0.055256281590352	0.607464246481862	244
0.0505806102474951	0.732312732110163	670
-0.03546819116057	0.787303350796022	411
-0.022235074832846	2.06462979682717	515
-0.04471682938971	1.39035961537418	267
0.115079589323955	1.42599661868569	267
-0.07424829048324	0.803426111417254	25
-0.057260706940506	0.512799048512218	25
-0.108835464640422	0.495022549213139	25
-0.030585324667012	0.906681864883821	37
-0.082819404580759	0.961200051744837	37
-0.033585789162031	0.986962364212315	37
0.106547796372299	1.812033926116	37
-0.02989170887157	0.753480266446457	29
-0.078009703148942	0.893888766616264	184
-0.037174426423576	0.599253607563591	280
-0.00503291236732595	0.612838551040938	448
-0.121240905618909	0.941441437681288	249
0.014086789401819	0.323278777981483	244
-0.03537906473029	0.407865177610951	244
-0.025893141849231	0.70449185095875	315
-0.06558269751895	1.18098985470883	446
0.00933613350068097	1.71176708213943	267
0.064566140472278	1.73114608636935	267
0.09062144225359	1.2411225725569	25
0.065288863184963	1.22851729779687	25
-0.080595257994138	0.707099012531881	25
-0.045885580168553	0.760381835271013	25
0.00774758431131295	0.986640866345143	25
0.00570716257939197	0.819488591946005	293
0.033260720463847	1.95187823256403	496
-0.00658629597357496	1.32659176486872	37
-0.120839899701386	0.655010493568373	76
-0.076317211659493	0.794485115122414	703
0.061692019762643	1.90592143270164	37
-0.00105668668226	0.88263843948949	29
-0.074431460919951	1.03311486223805	75
-0.028336415466195	0.41909201085836	244
0.013682048466283	0.328683711331323	344
0.014821218141027	0.330145166741139	226
0.053493896799037	0.901711859286778	440
-0.010983632840206	0.84753996899346	25
0.0902031910893441	0.967067938901976	25
0.0359137145082991	0.893889180637461	25
0.065319451975099	0.639245886799692	25
-0.056703748646505	0.60233763336997	38
0.014262629611123	1.78663776741591	556
-0.118490077361035	0.853554947924497	556
0.08645555513924	0.805974553563904	37
-0.056049977583044	0.585275953394334	76
0.114812325732501	1.1066889864593	76
-0.013667754191922	1.10804795367093	904
-0.117169250751591	0.395824887431901	180
-0.116189700249099	0.48053011266102	146
0.012744925175151	0.330471033714227	249
-0.099822465942669	1.0988067193941	75
-0.091931500839212	1.2142762246782	75
-0.086176833723712	1.26987898063031	36
0.051852814979728	1.32248487705229	1941
0.069365679886999	1.14817637783434	7
0.00804918180548297	0.326712984683086	7
-0.01407132487596	1.09931200534135	293
0.00750586711663603	1.11324425262404	293
0.043493661237517	1.63869560648851	496
-0.11151101524885	1.13271432660403	496
-0.000254159911861951	1.3209310584655	76
-0.120549595252239	0.859586013394134	64
0.020324738220965	1.32475692432273	249
-0.118451601284367	0.383678023300864	563
-0.045626991816175	1.43470587101734	446
-0.089001469530924	0.580019336381402	496
0.017342649967735	1.01597899063726	37
-0.119460189131322	0.545432194700421	1131
0.110387589645708	0.771548666204641	300
-0.115258479609164	0.393306772239984	670
-0.116172591565293	0.46385428732701	159
-0.031018400402031	0.408612133005464	296
0.00491271756877199	1.18444203318374	446
0.094348150608374	2.00377515387599	446
-0.112515799594992	1.74647618618946	25
0.075592037605263	1.90018028184387	496
0.018488912869189	0.540405081728692	496
0.107894658351482	1.54709945537081	37
-0.081328467091267	0.894718335321644	280
-0.040617604940231	0.706610693997136	64
0.063176031318617	0.638370956623273	209
0.069476250785646	0.660466925126796	209
-0.091820955416835	1.43480252755035	209
-0.030276959014245	0.79270735674274	427
0.0636875014375951	1.80473958733171	249
-0.118024855884431	0.294265034245684	947
-0.040851867306722	0.409561047249915	1131
0.096874511955293	1.02867876499807	49
0.123872174212824	0.57159461028753	563
-0.077881260498741	0.722131603589597	440
-0.0327850597023041	0.424996962074032	400
0.048770267158279	1.9368038137711	446
0.039862442054815	1.94369425396575	446
-0.053137652967853	1.70355469572598	446
0.020893032979232	2.30243434705295	25
-0.091702638288214	1.50893480829956	293
-0.000412042321787043	1.24247785284144	496
0.024683488363362	0.532410475242872	492
-0.000338110312519957	0.93495280379364	132
-0.00110283912834597	0.889573644128369	132
-0.060993584397786	1.17802299731391	132
-0.077780543998184	0.812505620909402	37
-0.067844660305965	1.62245474348789	280
-0.0636422376570031	0.955956623145183	249
0.07493169854217	0.421288291750221	947
0.112619657850544	0.770685804923152	137
-0.111773635222026	0.701920627935225	75
-0.0788286514514191	0.667729551464104	75
-0.080938744372218	0.812718307893648	75
-0.062069109098814	0.746598895084854	49
-0.113100451576264	0.460832247520082	1009
0.01863904728041	0.53743087724714	1526
0.119086751009705	0.543887730945908	315
-0.033559021744568	0.414641462499945	315
0.013884450732766	0.33195250603616	83
-0.06858869025366	1.92659912444051	446
0.068539673091908	1.87413131047699	446
-0.062711027971216	1.14094534821798	446
-0.100250100836012	1.81768733656504	25
-0.049715153798737	1.22552658664664	293
0.050511461240326	0.739686377024247	496
-0.033049071929945	0.418901878055911	492
-0.002335337817017	0.774170117182744	132
0.022895708241614	1.11165948427922	37
-0.054471370214922	1.22783457373227	703
-0.060698464856682	0.577738316679764	76
-0.064110501521779	0.756817577092271	249
0.011062975194348	0.325143602858773	153
0.055458668264314	0.612799935662548	1131
0.0888499690049151	0.423759414474032	1131
0.071931014811994	1.07817090804669	49
0.0885765375432051	0.964359911838044	1009
-0.12443516615302	0.388053305004713	296
0.098831470258148	0.752970958301273	93
-0.035618662305365	0.413223055362496	83
-0.056302330102567	1.99606621759254	446
-0.118456746654926	1.34392610275134	446
-0.1230930603695	1.2794576410409	446
0.00776513624231501	1.96082394785132	446
-0.107752433681773	1.71413007320565	25
0.044750989278881	1.36325399915716	496
-0.051776707771149	0.852770943890611	496
-0.077505085004832	0.703209289997474	492
-0.000649741706391982	0.619160118590323	492
-0.03765062781961	0.414820175235411	492
-0.054708943407547	0.758049824625459	420
0.036683716761152	1.66720778327075	37
0.068376678114585	0.657981681248966	64
-0.111677676551243	0.795092357646926	48
0.053198485204735	1.50911760967265	249
0.0807810449535939	0.42984683465008	1957
0.013676879246283	0.717665285630152	1009
-0.02925620588408	0.77659255530048	1009
0.00804918180548297	0.326712984683086	315
-0.013297277907471	2.09685687878875	446
0.016078980185817	2.33853238541223	446
-0.00870514079590001	2.03348532744547	446
0.06267182107433	1.99501304476656	446
0.020426623533724	2.23932222063168	446
-0.122491850383935	1.78097509856569	25
-0.0722546334786171	2.1571196172624	25
-0.018617548153172	1.17295560803074	496
-0.068114056338217	1.18820473039401	293
-0.033151989204441	0.851206630435754	420
-0.049557187318005	0.614540603538876	280
0.041272616230203	0.735776002020918	280
0.067331533465034	0.656783760224171	64
-0.084985181249254	0.589602074179317	209
0.047806599536607	0.756730269440239	249
-0.068531561840289	0.672504796490149	249
-0.030516103097889	0.419705515310948	75
0.076936233519125	0.64222353895507	153
0.012011046540976	0.322995354693073	153
0.034880076354927	0.915880291305436	1131
0.013379635599217	0.523173307176525	1131
0.044979850238027	0.722644189237841	343
0.08712278252672	0.456788286748841	1058
0.01299143906252	2.27812504125091	446
-0.019619105539084	1.88330696353449	446
0.034753106857448	1.95093786221239	446
-0.082210981292493	1.52440096429677	446
-0.118739480211634	1.83594982851498	25
-0.043151414387416	0.67759271742502	492
0.00979353427168905	0.675208381097012	556
0.122370700106587	0.563252914226819	556
-0.08658070618491	0.660430531253146	420
-0.103619211828636	0.730877999241845	37
-0.00688438024558302	0.790762020548539	37
-0.120522501886226	0.769132189344706	37
0.062936636026661	0.619810459539829	280
-0.051680041716986	0.499507686430408	48
-0.048286941650268	0.997246294304336	48
-0.124640675698612	0.39296838940159	249
-0.118358235106414	0.488397742725091	75
-0.097956283172393	0.565486963237054	75
-0.0451088792166901	0.680706310385229	75
0.080487152457	0.452454124812538	1131
-0.050474502193227	0.507848983918439	49
-0.110940261699245	0.494051062149245	1141
-0.058664317033577	0.490933247379938	600
-0.100298785290204	2.34758265143806	446
-0.097043478873063	1.95228095046209	446
-0.089731213071767	1.92163975579755	25
-0.094256473686649	1.34754014906807	331
-0.032268993307226	1.44347379656026	293
-0.04191901987576	1.29710276973031	76
0.082547145171928	1.28302823267657	280
-0.069407053777812	1.07807400313229	64
-0.053603322511007	0.5944116742228	209
-0.071952738933583	1.00678923222559	249
0.019928950451602	0.516760904497326	249
0.00756206675728	0.316407884697286	249
0.0834671795690211	0.444773435595153	75
0.0817225136370761	0.435097892414173	153
-0.031078578286143	0.828679529463476	75
0.0819979782595091	0.952806709527272	49
0.010509884501944	0.513111984486091	1957
-0.122814590987378	0.302116415520341	1042
-0.088398071423145	1.85884516319835	446
-0.103764511147374	0.653703573886711	293
0.00400875947047596	0.607383343881019	293
0.0758914222814721	0.649768192002509	293
-0.120341243012302	0.773780745924323	1864
-0.043259420742942	0.691720600175932	132
-0.0927126275768489	0.592875677246695	132
-0.035848406457494	0.697799475596695	420
-0.113038601338477	0.659652298480523	76
0.034472242824515	0.996141375212294	37
0.121430283414277	0.568429767725591	209
-0.103462846781545	1.0227751204681	180
-0.11109559593291	0.661280076832482	249
0.00992261442985598	0.323716395858454	249
0.013150464060152	0.316393456751397	75
0.091578515062155	0.43748148459507	75
0.015296730108979	0.51810938810736	75
-0.0583172885347359	0.510422594634572	49
-0.122814590987378	0.302116415520341	49
0.00690729089236297	0.317612274927422	1042
-0.011271244396944	1.23423336109436	331
0.123363263346668	0.537838123922526	293
-0.00650618880282095	0.609241048208738	293
0.023964871567092	0.708906644057332	132
-0.0910331306044661	0.591176223015856	132
-0.0399484806418881	0.704070881172711	76
-0.095596411127122	0.626866016527801	420
-0.084848867597348	0.837657902274701	76
0.00668459040846403	0.868985346922084	76
0.01531343681854	0.530798858006507	75
0.019596706051032	0.537139632972546	75
0.001937152758273	0.314423508331411	75
-0.012408548595059	0.592428013510208	75
-0.046911036586917	0.584830711521464	75
0.00919025134873597	0.328174429060915	1131
0.123476786794623	0.568929948583555	49
0.00804918180548297	0.326712984683086	1141
0.014821218141027	0.330145166741139	563
0.01180784531567	0.328824523021788	546
0.018782140415726	0.314901615881152	128
0.111010540019505	1.29264225179486	719
-0.10078064610069	0.982819194718753	132
0.052530961626318	1.11296292229701	76
-0.030840900813667	0.858346245679337	297
-0.073041990783251	0.666615239526475	209
0.025719246808016	0.538554296561779	249
0.000271920621899957	0.696224317556623	249
-0.040517784383898	0.746440597613078	75
-0.043210034865345	0.753412211588568	75
0.041973880744878	0.819144690362559	1131
-0.120788667134394	0.301606844411018	49
0.070499346783198	0.663273841980306	49
0.121658450526722	0.549402066642386	49
-0.040694397591206	0.409904044496647	343
-0.05560404954684	0.505921025338292	343
-0.032008857661141	0.420388970889366	343
-0.0450400477338731	0.612020716207182	563
0.072733986798457	0.651290543769803	563
0.00401556860416097	0.3208957470887	563
-0.039602776940845	0.401371274138639	563
0.00308046438964305	0.321019750214389	546
-0.08587345460327	1.01964201938206	25
0.061537641502192	1.06282850557956	95
0.052406235825704	0.711017530812633	192
0.115697167034454	0.901542939727493	192
0.069792515556346	1.05021732843742	293
-0.104343536301386	0.93271705891271	293
-0.046034785869691	1.10836195332857	293
0.037859325600441	0.992986348656905	1864
-0.096717063478983	0.786862838426859	293
-0.0634935686652201	0.679906418075057	293
-0.003262663002498	0.999229943605433	293
-0.014891952020363	0.988258926662227	586
-0.075162118867826	0.801155699321627	76
-0.04591608712563	1.11379755717447	76
-0.017738914388249	1.00806956204024	40
-0.037044780754518	0.757378967476964	463
-0.06970949045216	1.11668707628937	297
-0.070108743777795	0.744055926219354	297
-0.012319136406298	1.0285465126891	209
0.033569100288697	0.780723006674673	209
0.020587728246905	0.516764018508234	721
0.00355237870269798	0.610765884473756	249
0.080344366677966	0.449101672062903	75
-0.00440360316193	0.792598515787521	230
0.059883271831451	0.650144854238138	75
0.019820567079206	0.528913384722423	75
-0.0832617794163349	0.635447186564984	75
0.048799948645076	0.757440962652926	75
0.081431212393979	0.450733096242369	75
-0.117245694810445	0.477070186680755	36
0.084954977771625	0.453165082420876	49
0.071836075099192	0.421798272956521	1043
-0.043653687879859	0.406572119691709	140
0.046813807455702	1.26214169231559	95
0.086820413093251	1.08264470198906	95
0.111411747495868	0.772293438709423	192
0.0211969082356051	0.867881458659099	192
-0.118267289357505	0.469992724861618	192
0.037849048343757	0.82262151404233	192
0.106005554433322	0.76103094005732	192
0.006374470016834	0.62278876388889	293
-0.0286985605601861	1.07531678747159	293
0.108726269228913	1.61282951941367	293
-0.036385599679617	0.762147551682891	586
-0.103972804378482	0.774717978437779	421
-0.080709060930256	0.728365146812249	1780
-0.030573554473362	0.99365727121808	76
-0.102087828014008	0.940930859677492	40
-0.124737031044429	0.379340165472834	463
-0.070293340558536	0.675483839126348	463
-0.11600475940897	0.653694276014256	297
0.023638074833977	0.533355567252977	721
0.060152749895244	1.19760869256644	146
0.00600356535493996	0.778870412619102	2044
-0.102925554639293	0.562823922563024	75
-0.00407972393881395	0.716298157676263	75
0.07582740017013	0.657098107785778	49
-0.05834720143968	0.512601988809097	83
-0.103059469480493	0.660908953953109	95
0.01283649691666	1.07533397545275	95
0.00511660894641997	0.807842575066842	331
-0.103954861222968	0.650019253109906	192
0.0763511618194	1.14470084898461	192
-0.013916391299471	0.749932696644927	192
-0.000555066647035973	0.726546877961869	192
-0.05672275222557	1.29929864854486	293
-0.095121612238359	0.794391506276283	1864
-0.06062882664283	0.910826254595869	851
0.12062367571846	0.955384559913014	719
-0.088869251861374	0.761128971240488	719
-0.051515786404474	0.758001251706505	719
-0.04114180295864	0.765059538233054	586
-0.082337202983509	0.83416382696368	586
-0.040744615268918	0.769855471766933	1683
-0.00315513313020899	0.856955673929557	76
0.025757081800584	0.889567361740703	40
0.12055829011971	1.12171477143476	76
-0.123927410510848	0.581414419579045	463
0.038057034181654	0.707858568157398	297
0.115047957909312	0.93076163830156	297
0.063301317768417	1.11804325548484	297
-0.050352985638065	0.56647871702406	209
0.114026626133319	0.776962184017003	209
0.088465314239658	1.41045387467124	209
-0.060496763197428	0.559843892715704	75
-0.031074660514824	0.41470341200719	75
0.030951696884421	0.530246342959954	2184
0.079400205883169	0.450807522807341	75
0.00898587336881196	0.326572796883435	49
0.081289059046607	0.443990074031639	49
-0.121562582849608	0.292720856068546	49
-0.042720775625685	0.409731753390534	343
0.083068441201111	0.453516437606664	1349
0.10471572083009	1.42221081228376	25
0.116226705553541	1.39118957881922	331
0.0235761175763271	1.27732993056753	95
-0.118576529648459	0.728114001522274	95
0.061831431056086	1.05918758660128	95
0.095503434873774	0.859759156302377	1813
0.035898110405425	0.811349992992748	192
-0.066852598276158	0.670659779370995	192
-0.068527828603991	0.711476571030747	65
0.088203956278695	0.822261692426109	827
-0.00860293423908498	0.999766577972688	719
-0.0783983691264361	0.664410815169776	719
-0.00711187864651797	0.618410083512558	719
0.056709259477297	1.46828265539803	76
0.078321644843442	0.999355900861361	586
0.116314207741488	0.775363369606462	40
-0.11935378504186	0.471501753352414	463
0.00734185455296799	0.619216873983814	463
-0.093270976569399	0.809363181581858	297
-0.099936599962111	0.572808820971002	209
-0.09241129620711	0.582583811306567	209
-0.0760035380101271	0.90099561229133	209
0.086039263901101	0.457898698718693	721
0.040115261311268	0.717124409571288	721
0.015595012751228	0.522306058427388	721
-0.035764910244417	0.713431025543655	75
0.111486159313221	0.758750270854964	2044
0.060874421339268	0.641100653364293	155
-0.124806559612428	0.282688594482793	49
-0.032942033052664	0.423092471695699	2270
0.065216476302102	0.658478978656727	2270
0.013102156416867	1.79138752267021	25
-0.041613908144598	0.60292062210728	95
-0.04969615586475	0.609184439157919	95
-0.082242984157114	0.673119759352295	95
0.050688127133583	0.720059844733803	95
-0.0583172885347359	0.510422594634572	1700
0.0705448131518071	0.654292966317482	192
0.045450176308912	0.747731368741925	1675
-0.058653662927265	0.584162938964346	293
-0.0583537592965629	0.847400952787229	293
-0.01005764073731	0.78490931651653	293
0.088180357507589	0.86924312369172	293
0.060955746048287	0.650190482692013	827
0.079409275741487	1.12345880817368	76
-0.00607206911573999	0.618479559266654	40
-0.0909558315968459	0.58031528525716	40
-0.123332964745324	0.391181897324051	461
0.011175491189557	0.876216593023577	461
0.116491982535157	0.557770279274724	297
-0.036555740868629	0.418903633246416	297
-0.057550774780774	0.560605054878569	297
-0.058245596293245	1.14265870292195	297
0.00632722623817705	0.494476946670083	48
-0.042032859281758	0.399744082687159	721
-0.116000904542781	0.289750138092387	75
-0.039360822701625	0.419221272694822	75
-0.051648438519451	0.577071257422841	75
-0.100397143538985	0.736707745262981	75
0.014821218141027	0.330145166741139	49
0.00919025134873597	0.328174429060915	49
0.00984401906542398	0.318294186109517	49
0.018782140415726	0.314901615881152	49
0.07831248719858	0.439252001135852	140
0.08684364407076	0.436221128114034	382
0.085236639309172	0.45715784373928	2270
0.010671716614152	1.32339397345456	25
-0.067299815864066	0.980910307014427	25
-0.052706109910533	0.762727264222421	95
-0.120492026003082	0.474700073582189	95
0.124085989166071	0.559170455387603	1853
-0.12353463536399	0.394671673475025	192
0.00515769902311203	0.316202367136136	192
-0.059342970377817	0.507128737781022	192
0.02294180626934	0.503368882365118	1675
-0.101133162234642	1.07589610568599	851
0.071660327957178	0.65266734977688	827
0.033340070097664	0.817279246174246	586
0.120691419248922	1.11875950705619	76
0.00834595559056906	0.970145073947892	1779
0.034521075958406	1.0585810234482	40
-0.084901453038319	0.588155293979947	40
-0.093802076390248	0.575294141046972	40
-0.06174040607896	0.487153603612966	850
-0.0287423756481	0.409849574084571	850
0.000771192919822972	0.61983470371145	40
0.037580185350589	0.883460190369091	1787
-0.086566527987648	0.668645627626514	461
-0.00421635338676496	0.628350829177515	297
-0.046332801198637	0.613922783910419	209
-0.058228026683262	0.507363400336043	721
-0.121881088022356	0.302126787436304	721
0.01954741344837	0.517442985541263	75
-0.0277165036882	0.414757265125965	75
0.018782140415726	0.314901615881152	75
0.017721610403112	0.520876038603067	75
0.111411747495868	0.772293438709423	2044
0.01531343681854	0.530798858006507	75
0.110175928263554	0.762869013327631	136
0.014821218141027	0.330145166741139	136
0.080344366677966	0.449101672062903	361
-0.00338679747318504	0.598393141660505	49
-0.059525841511527	0.502093266814641	1518
0.001937152758273	0.314423508331411	1349
0.038779944184501	0.700271799425885	133
-0.071379960617237	1.5747069379664	25
0.0638562330768681	1.0614126932718	95
-0.122991817902622	0.574903459774544	95
-0.05947617318059	0.592895620683463	95
-0.045986955155227	0.671519800996736	331
-0.118746044197317	0.574290637675728	1700
-0.00767016876223303	0.866127440141492	1253
0.035931391058038	0.820320071813113	192
-0.03290332982721	0.806725797019754	293
0.067475064048826	1.16012133787924	293
-0.123436889137777	0.579738763146821	719
-0.115944480987006	0.652448273825791	719
0.099433106922251	1.03964090616985	719
-0.092342245945225	1.03917069413841	586
0.115272285144157	1.18370423178246	421
-0.0970937784165	0.802315271812038	76
0.040817388573029	0.725065563414619	40
-0.063714736035144	0.919486691237424	1787
-0.120689365234967	0.576359225653941	1787
0.071531441883119	1.02306596026093	1787
-0.05390108678413	0.592976972418128	951
-0.096195141124205	0.88185127536316	461
-0.118457245449242	0.65042018559472	297
-0.058664317033577	0.490933247379938	209
-0.122533912355001	0.382595721330654	721
-0.054246841530772	0.34419965778812	721
-0.123631196836332	0.472635631277608	75
0.118083260444855	0.544665732007131	75
-0.122814590987378	0.302116415520341	2044
-0.0575802985864921	0.486256007657525	618
0.124025751519229	0.566777506508436	2175
0.00898587336881196	0.326572796883435	136
0.049932956366919	0.752771719089047	49
0.088066652297142	0.451500392321276	2087
0.085095827931201	0.459698271490828	49
-0.00336645264373003	0.287028253767763	133
-0.030386175994054	1.13002853194455	95
-0.00495576676587595	1.15425871707877	95
-0.111009057604997	0.87338154645363	95
-0.055498287603485	0.822920644009366	95
0.0845604784613549	1.09822106372502	95
0.0409625490391931	0.835841850775683	95
0.0520861620050041	0.751027548043839	331
-0.124307542415251	0.918128181266901	331
-0.039458023056804	0.765431338836098	1700
-0.082041916778663	0.567524739824394	1700
0.119894908140153	1.5438744344873	1700
-0.052719020393965	0.573521896573987	192
0.00163204692432695	0.626931855333299	192
-0.04545373727979	0.50170193654469	192
0.0162708919379519	0.530525329038301	192
0.09413072473863	0.832310999638585	192
0.088590654766224	0.829403735272884	1675
0.092443831949103	1.1124710852635	65
-0.124444908508863	0.384389971505031	65
0.083701912476021	0.841923866453403	293
-0.016489753228055	1.21543744557473	293
-0.00509852202481298	0.874273751477201	293
-0.085521283927944	0.887743330610245	719
0.039117344390267	0.707578292204505	586
-0.03751177938705	0.770584731904221	1343
0.07075335482014	1.2457875829688	76
-0.111844679582283	0.644861781270175	76
-0.091524567804519	0.749254781754679	76
0.0821908993455031	0.842090861759728	76
-0.031182198816345	0.931203195656549	40
-0.00674393987140398	0.948767362170669	40
0.099739496808976	0.853536902405475	40
-0.00573248067349597	0.760130779535685	1787
0.050996527666086	0.746240015449278	461
-0.086024540406988	0.942791455748687	461
-0.00660164243844896	0.798491362804579	297
-0.040254441049258	0.602016935639026	297
0.023752573531031	0.506847561288876	297
-0.048248808930941	0.582641588961204	297
-0.058986076084933	0.599149268288179	48
0.117676863730098	0.975412321042062	48
0.019631574699386	0.520394119453679	721
0.043766695295882	0.710069215451259	75
-0.0374012384561619	0.405731954521135	75
-0.112002525151911	0.481012878829688	75
-0.117564384227781	0.557112165038691	75
0.00690729089236297	0.317612274927422	75
0.015931948337193	0.811676781570462	75
-0.11627330722154	0.457272941277798	75
-0.000325142891116959	0.612218757292273	36
-0.053133051310577	0.514394903371332	668
0.00898587336881196	0.326572796883435	49
0.020587728246905	0.516764018508234	49
0.02889349440245	0.531578463633707	133
0.00235359535149904	0.306641743480582	9
0.025580004809728	0.538640708182771	128
-0.0928888866016651	0.802322480247728	95
0.042161198185624	0.894844264348753	95
0.067586450758045	1.01169025617081	192
-0.094628463305605	0.572159260576791	192
0.108789598770657	0.777725778059765	192
-0.050443494335677	0.985225568726398	65
-0.069525100022315	0.672689220163297	293
-0.0382914442949041	0.77206821408412	719
-0.083979659546659	0.667151951142412	132
-0.033088374642652	0.781545288301184	132
0.110404411653042	0.909139031201278	1343
-0.078997676408154	0.570781879412867	76
-0.032042503811328	0.785178126629355	40
0.104465405185256	1.4919396904992	40
-0.093649318851349	0.575879444526115	850
0.033322258593379	0.890069447507315	1787
-0.030033436153696	0.708691796215482	297
-0.078781654235211	0.660708289801953	994
-0.00635622077928699	0.623675043529567	721
0.0669809099031849	0.87655130973725	721
-0.120947408386732	0.299624574673166	75
-0.100249346563571	0.646319298129172	75
-0.0404549430740661	0.415105222690846	75
0.104172047387622	0.764008055425989	75
0.088066652297142	0.451500392321276	75
-0.123394176350474	0.288915452216878	75
-0.04919107948627	0.603150166743422	477
-0.0934251062867379	0.592486712413601	49
0.080629899934765	0.442137252619314	1339
-0.122522731816352	0.475436797063768	157
0.081440171795602	0.448598869184711	130
0.079687003044868	0.437469076632134	9
0.019780346574268	0.521940454386847	9
0.023480428467178	0.302170521808539	9
0.0658189815556151	1.44562512608086	25
0.007105289676959	0.620647876593839	331
-0.029425852231617	0.421435240016179	192
-0.117316394879027	0.395507961456908	192
-0.053133051310577	0.514394903371332	192
-0.00525705352169403	0.621196283173733	293
0.092416873683797	1.10854873446721	293
-0.0119606653808531	0.846894941793492	293
-0.090864669262869	1.02769699159234	293
-0.111193879727975	0.665488941753384	293
-0.121243387366647	0.724210079568493	719
-0.108301343249774	0.563524513273117	132
-0.035416326777307	0.782927287339522	117
-0.02782226557042	0.846341546769934	295
-0.053922588407633	0.60912477740699	40
-0.114994206550756	0.742234841829242	76
0.095500836045838	1.01839267487069	1306
0.056569802069679	0.709134259607073	76
0.082976889824207	0.855037364712374	581
-0.000840979502390038	0.612288080450835	297
-0.114139518901723	0.483389551219367	297
0.051644348681094	0.729177212986951	48
0.039806463869598	0.899776703629408	48
0.121430283414277	0.568429767725591	994
-0.11313481354812	0.659833158254915	994
-0.096077923634849	0.591726929401357	2155
0.104777187082678	0.759202351523305	721
-0.030675242097903	0.415396997393011	721
-0.121721859371104	0.301594621649869	721
-0.098043736486884	0.936340505042458	75
-0.119855298551445	0.299126224277123	75
0.00992261442985598	0.323716395858454	75
0.120788589413064	0.552627153381624	75
0.00804918180548297	0.326712984683086	337
0.012744925175151	0.330471033714227	49
-0.031447273431912	0.415064844277859	9
0.015023158882947	0.324854161382719	9
-0.117091564740739	0.295782653194977	9
-0.049290777886179	0.384780088900051	128
-0.119414512914861	0.482887236586739	192
0.088249771506791	0.870226970632887	192
0.021365943463779	0.538690276102933	192
-0.050918872071959	0.671454295410297	65
0.02232432025451	0.533645354755971	1810
-0.00541035381956301	0.608324733820459	2081
-0.000874421301043982	0.627569021199289	424
-0.083010493460871	0.979995694677605	295
-0.074032658262615	0.911529103852971	295
-0.065705331517435	0.910404102180531	76
-0.034144005289081	0.419730007560001	40
0.00472688779013497	0.614816950691292	581
-0.037491792873748	0.421594127694002	297
-0.037249205213102	0.412304982099278	297
0.035789571273896	0.852655688934251	297
-0.0878827549119779	0.956637656741517	48
0.017231110083614	0.514819944214707	48
-0.041300457928613	0.810181191130725	994
-0.122814590987378	0.302116415520341	721
-0.111163201985404	0.386606856331821	721
0.070619955695594	0.641107948400435	721
-0.118358235106414	0.488397742725091	477
0.011434052203755	0.50974918243786	1958
-0.0404549430740661	0.415105222690846	49
0.0101265887101371	0.328029845028494	1645
-0.121577211396651	0.378960506735809	9
0.082241810062012	0.431321692673267	9
0.116199051064307	0.545160012304879	9
-0.092876551837755	0.578851768770427	128
0.0662370514312	0.664275133753379	331
0.010905698736248	0.881499154309297	192
0.052060360162933	0.736522400015303	192
-0.077357069474237	0.834905374357201	1810
0.00763390017167898	0.730653825723419	2081
-0.0548151920083581	0.492032827898941	2081
-0.08627192183915	0.662670531181093	293
-0.122008879307798	0.804393032251426	117
0.076138322264629	1.16105368163985	295
0.081599777159884	0.827914766116763	295
-0.00828904542298703	0.769068144421794	1306
-0.000939710945279004	0.635231676883497	581
-0.029470400827536	0.856050549389824	526
-0.121918015890054	0.71359623813621	297
0.000546074226170035	0.717708080654214	297
-0.116206169395064	0.479019442126901	297
0.034835761710295	0.818264333620122	297
0.037246246875015	0.827748465129379	165
0.0330681453858001	0.983531053231484	297
-0.083271969491054	0.73252855900566	86
0.093419020950172	0.852024498539492	86
-0.094707852118168	0.586633659499175	131
-0.059493735186463	0.502261174665995	721
-0.115166387707086	0.478985356881716	75
0.026674108883004	0.536747681973758	75
0.084954977771625	0.453165082420876	75
-0.123184658342942	0.385550604803873	75
0.086139784016614	0.861242916223806	75
0.080487152457	0.452454124812538	337
-0.117022286067619	0.390416363321743	9
0.014821218141027	0.330145166741139	564
-0.09910062809339	0.558298906413707	564
0.013953684323506	2.21924964605106	25
-0.071942759540639	0.970822864896178	95
-0.023413865057671	0.865785418583863	331
-0.025861699639837	0.967978748682451	192
0.123747050907395	1.17975254201158	192
-0.054070901534676	0.842870057617951	65
0.063045522106515	0.658362572332453	2115
-0.106064498031137	0.738216592947185	293
-0.095943805029595	0.750493928588376	293
-0.01225183887597	0.9158618874847	248
-0.05758665307915	0.769289523552801	117
0.099343294891255	1.12170292458477	295
-0.038378217795731	0.840302806831012	295
-0.0771709118680129	0.80969238523968	295
0.088407489985129	0.948084376046141	40
-0.049691787812334	0.499203069227262	1306
-0.07016918443847	0.782562558180696	526
-0.049042974740089	0.848949287499053	297
-0.078269325700582	0.672315735617301	86
-0.084452193441076	0.578016066017327	131
0.044521308614067	0.739837004756793	131
-0.116261220589465	0.488411774695445	131
0.057632484645317	0.638584548604239	75
0.0807810449535939	0.42984683465008	75
-0.058495600414872	0.495944070620727	75
-0.106619143784105	0.49437239431902	75
0.025870200848357	0.537509880115598	75
0.02843709619418	0.50291599998119	75
-0.122946912409402	0.29114031305426	75
-0.01126658734921	0.698391574638935	668
-0.035618662305365	0.413223055362496	75
0.015595012751228	0.522306058427388	49
-0.122974259451874	0.299073143904935	133
0.01180784531567	0.328824523021788	564
-0.100572155129003	0.985684043299876	95
-0.067696173616577	0.802246495534072	95
0.011556335580572	0.873194672752199	95
0.039898344275897	0.979330204400734	192
-0.0369420592602781	0.749627516207662	192
-0.066448840792979	0.753239079647735	2115
0.067699955443203	1.0048966924045	2115
-0.07070439060903	0.735088307412406	2081
-0.054068141825636	0.987551511404624	293
-0.02385125052433	0.98209672469676	293
-0.103676376212484	0.647050465564681	424
-0.121961002590559	0.577433220892058	248
0.064955346439299	1.13822739959271	117
-0.048908338944791	0.992669366705738	40
-0.095447540131426	0.797476254977542	40
-0.074744765298758	0.830413901463373	40
-0.064946065364954	0.734128341516926	526
-0.104167286636757	0.668357211390528	297
0.0771914551523451	0.894016777888212	297
-0.080040932458917	0.721302841757376	297
-0.039540826391658	0.706551746980838	86
0.000674327469460945	0.948787347233085	994
0.084950358390162	0.856434924899917	131
-0.060617861025094	0.742220423219199	75
0.092260537065402	0.721640599385713	75
0.01753132190443	0.540711146925417	75
-0.123631196836332	0.472635631277608	75
-0.064000347116691	0.491093821325663	75
0.052158681730007	0.759975838407521	75
-0.05549119891656	0.481727614905099	75
0.016574509454129	0.538231982925503	75
0.030499424964839	0.518917096813981	75
0.022475057918083	0.540946975042058	49
-0.037491792873748	0.421594127694002	157
-0.119116575596485	0.294722912320112	157
0.086179444884695	0.458568738968867	133
-0.032270888517505	0.413432593213215	564
0.049460661223792	0.747680325755915	450
-0.074724443003642	1.65181367654512	25
-0.083968090385713	1.17992289577693	95
-0.0791452600382671	1.31981280688363	95
0.067860984820178	1.1125788145974	192
0.0584303513733589	1.27551407865799	192
0.092583308747264	0.874128826390328	192
-0.00752080180575598	0.608181493939821	2081
-0.064615610749842	0.720335080747937	293
0.085334610885497	1.09982523045289	424
-0.02056345049243	0.932744302756798	117
0.124401066232911	1.16453845922042	52
-0.089228677114536	0.81058325076555	52
-0.010983079373409	0.99965622223112	40
0.0605410829213801	1.09237405328436	40
-0.09082199522827	0.773155717870033	526
-0.074777975154494	0.744761039899386	526
0.101329755768848	1.04349048401875	86
0.039898344275897	0.979330204400734	131
0.00271275605950705	0.715839604530617	131
0.084185863378597	0.927414003553372	707
0.088110004866456	0.817444574919765	131
0.112678644385692	0.927830968195401	131
0.049028323473828	0.889239008080845	131
-0.038108530644408	0.404187140333857	75
0.085214481261164	0.437005719393781	75
0.00177157697223995	0.61443651901126	75
-0.037098720472573	0.592110949944554	75
-0.118302372827305	0.470835082407675	75
-0.0524705586926561	0.593865349159486	75
-0.116068000804531	0.392762643225785	1238
-0.033356166291688	0.403565704274504	939
-0.051331376573979	2.00084875361253	25
-0.119152271940726	1.84946673783749	25
-0.07631256668829	1.40033527232427	95
-0.04728049565527	1.19276744531168	192
0.024399947732021	0.955988674698414	2115
-0.0838475704249509	0.89235050059991	2115
0.050181680370612	1.27174905789222	2081
-0.000574919701427978	0.932225585119575	634
-0.052171751363487	0.595954000525605	293
-0.086024814572727	0.787474150450576	424
0.069631953280485	0.936210745842102	132
0.022791536864388	1.34491374551523	52
0.049784156088223	1.05553929362858	52
-0.060260967910565	0.841842987413254	52
-0.082860187091058	0.901484670898558	40
-0.01183673927539	1.06481680980714	40
-0.082181432952858	0.809412487551298	40
-0.081754717597939	0.743048757643817	40
-0.021357965404164	0.930328599211941	40
0.0201315185882009	0.947566764126089	526
-0.075429832429107	0.976003491596551	526
-0.123471900373444	0.63294468593759	76
-0.119390029087011	0.481174326558327	297
-0.084462533615586	0.661306227070989	297
-0.042394537955862	0.91414753513967	86
-0.102280315355157	0.680360484678956	131
-0.088373787000794	0.642843054865415	131
-0.083028971846622	0.651324482577036	131
0.019247457016083	0.814403611379842	131
-0.118607987303435	0.632153132570045	131
-0.055697170451953	0.903288462239286	75
0.00845868507813796	0.3113110950264	75
-0.055268433785857	0.51510297018534	299
-0.123481447014312	0.391211230116176	218
-0.083737977326926	0.579967808202	75
0.016767798284207	0.517686040754903	75
0.11445135831644	0.547080078340136	49
0.011062975194348	0.325143602858773	1238
-0.11246218584409	0.285494044559406	157
0.0165062931480841	0.319950107369555	939
-0.050740866957804	1.21084418962824	1299
0.00513660695808305	0.968663175999951	634
-0.00165687987979402	0.802026161378678	634
0.042728822148147	0.894969813099498	634
0.072586754400936	0.922206368922133	424
0.123575808763832	1.32529346141018	424
-0.076025578722179	0.659775489787544	117
-0.042212932560343	1.03837730985905	117
-0.021578059174446	0.991666376335086	52
0.094984651532014	0.954002327089422	40
-0.00718560122921697	1.08092886075727	40
-0.0157047902483149	1.04594826527442	526
-0.014337229274404	1.11095799614091	297
0.047268401703547	1.12864616111586	297
-0.102816245867824	0.736499778005019	297
0.092755034098902	0.855214072706796	297
-0.108767648440094	0.946058667884631	86
-0.058170709247569	0.852294843383283	131
-0.06529016669545	0.994575578555555	131
-0.049027637541608	1.14920538540851	131
0.07787047210299	1.33403234388346	131
-0.115677341843074	0.860866736594312	131
-0.033624000502248	1.06469540919111	131
-0.0121035080772131	1.00001125282525	131
-0.124486855511389	0.295035218604979	218
0.00825396454068095	0.325505224272637	218
0.08401144330115	0.454910395039594	75
-0.107781951368703	0.484927046315826	1238
0.083986044804132	0.443860803639201	1238
0.084410895890941	0.438973336136163	1238
-0.123587710948033	0.291890962132432	157
0.084954977771625	0.453165082420876	817
0.00633451876324498	1.54455722184702	1299
-0.102289473744459	1.11119676092791	1299
-0.029549510411206	1.36575713266341	1299
0.113380582334792	1.00370058343994	192
-0.069230031511988	0.929999213269376	634
-0.041304932975897	0.827742430847736	293
0.088641140098229	1.11328587976241	424
-0.097588379716758	0.881127727484785	52
-0.031591015087859	0.697147222023891	52
-0.070170386228925	0.892760618141855	52
0.011315951258863	0.721638976975903	40
-0.016347217529054	1.02078108346552	40
-0.0590494668352261	0.908831803783113	526
0.097443129500538	0.841536903640279	526
0.00218429791397001	1.24939083576205	76
0.065190620943298	1.37611261558877	297
0.039724487211336	0.785617851782757	86
0.108933901757826	1.52138324094205	131
0.040236783839553	1.42998702621012	131
-0.068738915015334	0.96513094932028	131
-0.033984355634093	0.417520194380612	75
0.086039263901101	0.457898698718693	1
-0.09405386944516	0.551618499399369	75
-0.048482668305678	0.617173799738893	75
-0.120476468541613	0.4745223757379	1238
-0.09135422118351	0.584683533063126	1238
-0.057351046246665	0.515117943827997	1238
0.074954103118153	0.439335343997589	157
0.08321055258174	0.453227142007863	32
-0.103059469480493	0.660908953953109	120
0.077973103050745	0.651162989764796	293
-0.032464770958589	0.710317674382123	424
0.043394030530847	0.746080990034717	526
-0.114157065487426	0.390324237632587	526
0.000339331658639974	0.720482678115285	165
-0.051511612034648	0.982169968860758	131
0.00890887917652094	0.319924308030242	796
0.00401556860416097	0.3208957470887	75
0.00919025134873597	0.328174429060915	573
0.084152924179623	0.458277709757576	573
0.017721610403112	0.520876038603067	817
-0.062552419809037	0.485754969231005	65
0.001404300315754	0.617139687944152	120
0.00841194850445004	0.623524145681465	120
-0.106693103778519	0.488736565998525	120
-0.063032133579105	0.490464674646075	424
-0.036338772629204	0.709718909097668	424
-0.005436662285355	0.916966091571336	52
0.063852359838226	1.00562306626135	52
0.084152924179623	0.458277709757576	40
-0.058662552417387	0.497995695295982	526
-0.120788667134394	0.301606844411018	297
-0.10001453998999	0.580099938419105	165
-0.121261250745552	0.942125980788662	165
0.036603862554645	1.25074123446521	48
-0.119433636723502	0.284268238116554	218
0.014086789401819	0.323278777981483	218
0.011062975194348	0.325143602858773	75
-0.034964130295411	0.417425128329939	49
-0.116206169395064	0.479019442126901	278
0.014821218141027	0.330145166741139	22
-0.0287423756481	0.409849574084571	79
-0.0117383749522481	1.17938376234411	88
0.096272340341362	1.03227937334539	132
-0.11056171063857	0.809757085228862	117
-0.12275455817412	0.717525782300886	52
-0.117431909130285	0.934893090666163	52
0.08389558923459	1.29103212054306	52
-0.088567196327167	1.15604866681022	52
-0.124429746968409	0.568052275261555	40
-0.028336415466195	0.41909201085836	526
0.017699735316718	1.51407741214677	86
0.000124446183639049	1.29176368147051	131
0.013884450732766	0.33195250603616	1
-0.037885635948293	0.399691920553803	75
-0.088782250132754	0.55685734085688	1
-0.030393672825902	0.796529569809299	1
-0.100489853186345	0.581865160591669	1523
-0.0553243494451841	0.483489868995273	573
-0.077070524042529	0.978656366750105	65
0.015249842376222	0.792377194477914	120
-0.107253680694762	0.80588764481776	117
-0.067700032843529	0.811404445922222	117
-0.121029656886096	0.653038061651533	52
-0.00859805556247795	0.94541207778513	40
-0.110945631817708	0.876408480238812	526
-0.086943954504772	0.81254516108737	86
-0.073843029334602	0.688212458828089	131
-0.0275599553196561	0.421243861503421	218
-0.119222242018157	0.392553822832815	195
-0.00408947917347702	0.61976756086087	635
0.079786635979724	0.813232898421223	1
-0.122526933306651	0.392187789445446	278
-0.029583918922245	0.42107066131538	278
-0.121721859371104	0.301594621649869	1523
-0.124689420496395	0.467457099809771	573
-0.118182972663977	0.296250261999821	939
0.0113181759179219	0.308550034635422	70
-0.040293803270779	0.413657506965979	70
-0.029583918922245	0.42107066131538	120
-0.05834720143968	0.512601988809097	424
0.124223215936535	0.978298319585546	424
-0.030785091220581	0.937655690008218	117
-0.115895767842047	0.942959840501054	1454
0.112148189694195	1.45546832797027	165
0.0652355137560801	0.638682496747908	1
0.08321055258174	0.453227142007863	585
-0.041901065314282	0.705696346680487	635
-0.035870107004244	0.39835756276465	278
-0.061397897301515	0.510613503555053	278
-0.052849340422453	0.610205256514698	1523
-0.0608375992804761	0.483683394594527	573
0.081581359900441	0.447739775247828	133
-0.063460301849393	0.496001186360817	822
-0.120788667134394	0.301606844411018	822
0.015758027137179	0.323013741243103	4
-0.04530111554071	1.62652398615517	878
-0.0793981656709311	1.38061216567682	65
-0.041504955075076	1.86717809210247	1099
0.076854672011741	0.639035881385964	65
-0.024542183491493	0.934864976832568	846
0.118533257774794	0.558830200677132	120
-0.107793789456498	0.492327016246391	88
-0.089214126502708	0.747085672129271	117
0.030643574960756	0.875519710436227	117
-0.123533833259381	0.46265510843301	52
-0.104852260892017	0.668094104808643	52
-0.107719575435495	0.478954462359389	115
-0.111970833607613	0.493768865563748	86
-0.056624511902561	1.31076427936093	131
-0.086452241475824	0.758932894629651	131
-0.096493074829057	0.716342234830625	131
-0.112748564447666	0.868509413198718	131
0.032701844196792	0.527744827403202	2299
0.0800671809128261	0.419625883080797	75
0.085355149990671	0.427159945715629	585
-0.00130757573935103	0.707698376768546	1
0.012573640608846	0.521130356695619	1523
0.101696097374352	0.738369935391123	1523
-0.032942033052664	0.423092471695699	1883
0.0189749948492221	0.513641789479507	1883
0.011999409364614	0.317464104349155	340
-0.07475152633078	2.1641820993279	878
-0.11516940759489	0.461499552343881	120
-0.00103794967489601	1.03665873014483	117
0.03689709504451	1.1352658950775	117
-0.029389392687139	1.00717363673912	117
-0.012350226446474	1.01287333389829	52
-0.034258048403508	0.82282142874624	765
0.047477619551876	0.747116771140925	115
-0.0487063918370611	1.51303938441871	86
-0.037602057969792	0.70958926164751	86
-0.0000677288364490103	1.67813336641745	131
-0.031074660514824	0.41470341200719	75
0.121899901036143	1.11374569777998	585
0.080923653584196	1.13998926732048	1
-0.050132384131424	0.595993267371161	278
-0.101542742245301	0.574634447928294	278
-0.12253616408112	0.371860555719026	573
-0.094201763645554	0.584671415188365	573
-0.122573658537636	0.474725342396792	573
0.064065272508918	0.654612723506417	133
0.084294365735795	0.452149027405867	4
0.019298479831683	0.532883183578862	340
0.014351634767481	0.515041155736582	65
0.05661144742976	0.633333474438622	120
-0.091158064281056	0.58548747301951	88
-0.054838234684611	0.842827019501232	88
0.050299049717869	0.730022410193283	88
0.00243648244796302	0.971177043754766	117
-0.047548007116091	0.611954435520886	117
-0.068508019526894	0.895280678600474	52
-0.096924092493898	0.868611797493538	52
0.035029685211642	0.951319516263868	52
-0.048536887455917	1.3908862845237	52
0.033621583044073	1.88539465802723	526
-0.066187643108335	1.02481785222928	765
0.010799986861723	0.608690344488298	115
0.000515218730111955	0.693742473363268	115
0.104241090052782	0.778060195570025	115
0.0873695565686971	1.52365060950525	131
-0.031852648652328	0.424858256050355	1
0.075753187875513	0.440006265800938	1371
0.00933800157153797	0.485355074821249	737
-0.034290543513494	0.409513624072508	147
-0.123631196836332	0.472635631277608	147
-0.031591015087859	0.697147222023891	278
-0.090677618788958	0.59911445473261	1523
-0.10089216987225	0.562510594362945	573
-0.121080930905562	0.284148790547665	133
-0.00549312259004098	0.712810361468601	549
0.037874952030352	0.709802371500724	53
0.02423079270069	1.04210450705966	120
-0.083616190706133	1.07658104498556	88
0.0662370514312	0.664275133753379	88
0.0371058297628299	0.882618990370593	117
0.090264642728628	1.34190578817294	52
-0.112767525015504	1.20680505968822	52
-0.056711472022013	0.49406400957346	165
-0.05659840969903	0.504958793750838	115
0.068557820165203	0.608590154508841	165
0.00603024557325504	0.624255698616725	86
-0.08661617072761	0.956777214175516	86
-0.11259878260949	1.14147247230733	131
-0.121393560128457	1.09702269585833	131
-0.087755929894795	1.12628702954842	131
0.00898587336881196	0.326572796883435	1371
0.011062975194348	0.325143602858773	278
-0.051334911567214	0.593404987433048	278
0.014557376380396	0.505410749687666	1158
0.00898587336881196	0.326572796883435	236
-0.089596922398995	2.21497500537902	65
0.078378272732057	0.791040658419974	53
0.061902815656805	0.644498567117605	120
0.026974443711746	0.53288211185314	120
-0.090693827968313	0.602124748073328	117
0.065617489598205	1.30495332422517	76
-0.116934115343971	0.618862313786474	76
0.014387663148868	1.67853905281054	526
-0.050188689987676	0.607723531603655	115
0.082383448494862	0.445789314606393	131
-0.117249199474914	0.294879454966007	1
0.018581748005711	0.321341281608448	75
0.020773783873238	0.534249054924918	75
-0.085736845357997	0.961923838175951	1
0.022913049703674	1.07819548529442	1
-0.118322530270168	0.477620602490335	278
-0.037045328773931	0.770932341916633	278
-0.087060977385896	0.590122185134045	278
0.00297119436196003	0.615294049011498	278
-0.119849272743786	1.3062761092573	65
-0.104678118774696	1.24055476409609	846
0.077513478808993	0.444534506207211	53
-0.012408548595059	0.592428013510208	120
0.075997648187611	1.15910384095961	117
-0.016227379022501	0.911902872741458	117
0.081440171795602	0.448598869184711	752
0.08535811376463	0.856222491470422	147
-0.036161704566585	0.413994009454627	147
0.085236639309172	0.45715784373928	750
-0.092985563613743	0.59633637730388	1
0.109621890928032	0.782920815050862	278
-0.000268406891065998	0.619076964567708	278
0.018868122624521	0.519936240744893	278
-0.096077923634849	0.591726929401357	133
0.0112664844871559	0.321103690037374	22
-0.019515128410683	1.81842306136664	65
0.112713546087291	0.498894852519294	53
0.123313157234837	0.538205636205551	53
-0.034400546461696	1.28275259419895	88
-0.042979364314338	0.955674519196129	117
-0.07695212495871	0.745401298961996	1770
-0.108142016258288	0.652220856739931	76
0.038117627690006	1.45634693012636	52
0.123474455396074	0.931917038911263	165
0.057121294469949	1.34734412140732	86
0.058113001439157	1.00471541432708	86
0.038434663201654	1.51125645179719	86
-0.063510754346666	1.36620059958694	165
0.122934724212736	0.563807748285033	752
0.11866466651372	0.977678177514377	1
-0.056689690077333	0.503726772245836	75
0.119233272289394	0.543703093023953	147
-0.076020926911373	1.01173159628207	147
-0.03154582521696	0.939804530879847	562
0.0216920150544579	0.516964086169847	750
0.122813187074084	1.27887590324094	278
0.034599900784157	0.793279692489389	278
0.066231270822134	0.91633834710323	133
0.08401144330115	0.454910395039594	22
0.0207357903366689	0.520586740328879	2294
0.063147083096189	0.636635249606304	2294
-0.113049029300737	0.488239881962023	2294
0.00177441407068801	1.26141970152648	53
0.034800995724341	0.525841013899515	120
-0.036436028350887	0.758946930866607	120
-0.000555066647035973	0.726546877961869	2262
0.0169200301239461	1.39399838315814	117
-0.11300326422948	1.0604315855115	117
-0.0329534130304821	0.773177962135879	117
0.035219006209017	0.916985603514763	117
-0.124213923312628	0.72369720898017	76
0.117836115653594	1.57269701731679	52
-0.037272051988719	1.57945790789056	52
-0.095040798526438	0.828950937894128	115
-0.035160184191498	2.08476753177319	165
-0.117668173994926	1.44571348759894	131
0.079555231549779	0.44632031215998	75
-0.044102435797328	0.731617849064262	147
-0.004076308871101	0.696391157493522	147
-0.0115358922037651	0.909800205775288	147
-0.105055452065094	0.804928530339028	147
-0.11005091199501	0.668283210021936	1
0.117737151608917	0.938542395669462	278
0.0803555743933529	0.444051747946508	278
-0.024461880850564	0.796399154037847	278
-0.064398854462003	0.730609081227455	278
-0.00662585400432303	0.587479491466444	278
-0.057908729021336	0.574761752180227	1710
0.111858287502618	0.787353977056086	53
-0.00595934940517995	0.680962452943806	53
0.10952229749308	0.500619379038867	53
-0.120323455448067	0.280079286915447	53
-0.00311301478100501	0.72334434878748	15
0.029118633546006	0.945429070968655	117
-0.094274739657197	1.10604365078573	117
0.0439636369811131	0.823417425313869	76
-0.123117514878202	1.26552064998204	52
0.030375621493162	0.987683496605487	52
0.027070907087659	1.46813778173251	115
-0.08218419540234	0.590572906622734	1801
-0.0807112120981151	1.56388981791783	86
0.00898587336881196	0.326572796883435	231
0.018581748005711	0.321341281608448	1
0.018488912869189	0.540405081728692	220
-0.088970777165059	0.583476765916563	147
-0.069814129673638	0.964064022634006	1
0.011617772561361	0.515201435116396	278
-0.090296887003776	0.584594988668425	278
-0.102126536662451	0.580258030431702	278
0.00447921203367097	0.6362830582988	278
-0.0231220308953221	0.412673317639582	4
-0.12017700372229	0.391581215240509	53
0.080487152457	0.452454124812538	53
-0.101470468292725	0.576224876186734	120
-0.105568111950323	0.715656360100904	120
0.114662789078618	1.1606314016106	15
-0.067558397499687	0.742446128299458	15
-0.12036478005193	0.759691569369849	117
-0.084721112255755	0.960111537103505	1770
-0.059946430170003	0.978063717937941	1770
-0.047825022177009	1.56264389452355	52
0.0661937030575031	0.646859234317692	52
-0.121633819438007	1.27237422491396	86
0.074846858914286	0.653615413377106	131
-0.122726359653365	0.395377396486364	1
-0.046320835649324	0.389877541517559	75
0.00898587336881196	0.326572796883435	220
-0.10661329644593	0.630210559442535	1
0.084954977771625	0.453165082420876	147
0.096975503139384	1.26480002549798	1
-0.107853855298041	0.667740228502461	278
-0.050769508440601	0.613255545385631	278
0.0733008596714551	0.929260346799027	278
0.07289834254036	0.422409847907277	133
-0.042720775625685	0.409731753390534	2294
-0.124640675698612	0.39296838940159	88
-0.010228968506272	1.07389985520314	88
0.102252115245129	1.2894779406667	117
0.00692730081037496	1.3479427546429	1770
-0.037484609687808	0.682313108696088	52
-0.116214259638226	0.395776464734715	392
-0.070667634250152	0.460939722542532	165
-0.100104173317313	1.34338749307855	131
0.113999052439722	1.48680051454273	278
-0.100094638572761	0.72181997426046	278
-0.041196634722692	0.687145303766398	413
-0.022766322654335	0.851522903234772	278
-0.065249745332057	0.755294653418477	278
0.033627108805686	0.774954733868333	278
0.022682537097949	0.536337424646462	2207
0.109061436683668	1.51704177106984	65
-0.121472483238061	0.395040472018196	53
-0.074038376137937	0.571906231546931	15
-0.00193725167450498	1.18268180810233	15
-0.0325051110307451	1.38745331944295	117
0.059261984301117	1.10689005885717	117
-0.0355341674028961	0.991657206950993	117
-0.095649993834077	0.888434569034588	117
-0.087016759855616	1.22457949424211	52
0.076758971666586	1.12947408906444	117
0.04588484796846	0.99532789247928	117
-0.089618605394117	0.600230086054081	117
-0.020989625094553	1.09004948679489	52
-0.053485269854605	0.605646570297035	645
-0.108513781924346	1.1949940847803	165
0.048793533292704	1.43091149126645	278
0.124715997589206	1.26805503026669	278
-0.025463790958579	0.404459994836676	413
0.00209447603162605	1.04374172506445	278
-0.0509962486115551	0.512951492973615	278
0.03620586475441	0.822656116120639	133
-0.064167236192614	0.479099366193797	791
-0.000268406891065998	0.619076964567708	133
0.00495071596726504	0.318150083411716	2294
-0.124145267098548	0.852483896435371	65
0.054552614662204	0.735573595809274	53
0.057170881330088	0.820658832329806	965
-0.107784136903186	1.26233219553072	117
-0.12111087920786	1.25690009292785	117
0.043572009168679	1.29412434443266	117
-0.0389166966972589	1.00060870901252	117
-0.123511603831826	0.83440411399069	117
0.068979927721321	1.01548772380988	117
-0.061964088121478	0.477924834772806	645
-0.064998309438562	0.490100734935186	165
0.00957945807154303	0.975539415526178	467
-0.04279702295958	0.94705946463428	165
-0.036397982017676	0.42073912826608	1
-0.100028523160269	1.03021296366195	278
-0.070844465385164	0.732104468544274	53
0.00711254116987004	0.324065720102263	53
-0.094080296910362	0.948527521234722	2293
-0.000477773875567022	0.62559819197402	88
-0.0824665312801099	0.912256284181056	117
-0.053603322511007	0.5944116742228	117
0.007353815678936	0.800841097267404	52
-0.051640563452147	0.577876034396666	392
0.00303401882852505	1.00425473624106	467
-0.031130908955132	1.59356046677873	291
-0.044585574072475	0.400720089028938	426
0.08401144330115	0.454910395039594	1
-0.109523622039189	0.643360545948091	278
0.117512995559434	0.942960394834188	278
-0.051205608646256	0.594941041547873	278
0.111448693808894	0.769428821929863	278
-0.09811953126956	0.559331341880859	791
-0.121881088022356	0.302126787436304	791
-0.119384703849551	0.488610044431302	2207
-0.033941052161733	0.78620717147194	2294
0.078418850973578	0.42222900189443	781
-0.124142125176239	1.01541604862268	1694
-0.105976461903482	0.801634584340485	65
0.116980040903456	0.770343724088523	53
0.080644992847324	1.08774401249613	2293
-0.120661732646043	0.394569158310444	120
0.101162600107629	1.16134843273429	88
0.033669485095211	0.909123236267175	88
-0.04569385714106	1.12965447379588	15
-0.01091072860784	1.17056489917638	1568
-0.096894986302501	0.750767225450148	117
0.048291894238758	1.20708565649041	392
0.00939456708504904	0.318697789552526	392
-0.030182139527971	1.00294375607316	165
0.0817225136370761	0.435097892414173	1
-0.106693103778519	0.488736565998525	426
0.094556903098497	0.427399274559911	909
-0.084431554458164	0.812770120667392	909
-0.043831500768537	0.599160448492683	1178
-0.097593808337579	0.733137215982802	278
-0.017231040128166	1.0007243929186	278
-0.08265153529985	0.65236131834868	278
0.072794840484569	0.807396197015771	278
-0.116206169395064	0.479019442126901	278
-0.0381897072281791	0.411364399959239	791
0.022028668281829	0.524613341275992	133
-0.04096551102465	0.706795442203748	2294
-0.118182972663977	0.296250261999821	781
-0.109905981962047	1.79269878629422	65
-0.022226659370586	0.859174336489516	65
0.025589546195893	1.63879720182243	65
0.064248096764597	0.641027947780631	53
-0.114322392979067	0.739464919997988	120
0.124618363498664	1.38091720713077	117
-0.0595875870760439	0.947904159316877	117
-0.042252478449727	1.15555081907032	1393
0.012691217645188	1.09339645538309	52
-0.093531902978369	1.04215998517138	392
0.026824366518587	0.538719633240429	109
-0.121768010874338	0.392876698143077	909
0.099282397468064	1.13917446553831	278
0.000924532817084045	0.618632624045992	133
-0.123927410510848	0.581414419579045	278
0.079555231549779	0.44632031215998	278
-0.037102346921787	0.413048623194024	82
0.062077165440299	0.628872609407326	781
-0.095066906127243	0.959510020553275	1694
-0.057592381852778	0.501631324976796	53
-0.00272454702430103	0.62484965508011	53
-0.052462021857897	0.505634477064543	53
-0.015482978294497	1.17356606704481	88
-0.090296887003776	0.584594988668425	88
0.079862774591272	1.15638434276841	15
-0.106882745254708	1.12950666451802	1568
0.075399030736405	1.47901790345818	117
0.011932953412129	0.889985003982378	117
0.075514681262324	0.936910863691905	1393
-0.00525705352169403	0.621196283173733	392
0.00318050517221502	0.788073327579027	165
-0.00590867135304596	0.617394453945503	1178
-0.042880093027275	0.406744558581688	278
-0.02195091907513	0.995746070473362	278
0.124215114060089	1.14448798540866	35
0.00218141186639098	0.696341186166895	278
-0.030609240043867	0.412418134678553	278
0.0163049841203881	0.3115304942436	5
0.013682048466283	0.328683711331323	781
0.085236639309172	0.45715784373928	53
0.029853630064736	0.980346277980602	120
0.01239298318987	0.514786061816525	88
-0.00233862426105902	0.710775468211382	88
-0.025312044677545	0.798600848340061	88
0.095037039501718	1.35651480867793	1568
0.090645534962664	1.43898316843021	117
0.052863794066801	0.845103441222785	117
0.0505806102474951	0.732312732110163	1393
-0.077227071746892	0.683433298076379	392
0.010685499070563	0.622407085314174	392
0.026674108883004	0.536747681973758	392
0.034651715287806	0.907553905506384	467
0.04310792945999	1.56807485242592	131
0.00474367131983999	0.304780332321884	212
0.098635136910006	0.859242573907191	212
0.028589032171534	0.530062549987442	109
-0.035223893968895	0.412844774094554	1
-0.118335920622236	0.468154324903354	1350
-0.122371501287567	0.611749316326844	909
-0.0968573859294229	0.86595007299679	278
-0.035895009888794	0.415034252794297	41
-0.124548651085438	1.30425021229757	65
-0.042561758601204	0.405816879329019	53
0.120575185344842	0.546015242179282	110
-0.123908073668791	0.299055217347214	110
0.00557885927880197	1.0382034098314	88
-0.042688071283026	0.605742007442562	88
0.02217850851224	1.05516478348851	15
0.114168089125045	1.26338697227925	117
-0.000417037103641049	0.595426979262097	117
0.117166551958011	0.9488137443268	117
0.097367527191161	0.851153472053726	392
-0.118764665228568	0.922115196385127	1
0.120175375492346	0.543480289909278	1178
0.100918297538128	0.751476975596491	35
-0.00357887456438999	0.955622438103076	278
0.11776024616583	0.539042755142596	5
-0.09348756123744	0.638706833848646	53
-0.050117909780388	0.609337001171221	88
-0.00750967941008995	1.38649932443778	15
-0.114771117395238	0.621533453748845	117
-0.038587191623852	1.39176295814797	117
-0.083345349817221	1.78769881224342	52
0.025680377046945	0.535685871511759	52
0.011062975194348	0.325143602858773	212
-0.117245694810445	0.477070186680755	212
-0.056174954569076	0.508355553645733	1
0.051436454517883	0.739116791869801	35
-0.0337514121977051	0.893201373804835	278
0.07847043812711	0.441811531771131	278
-0.115134388311643	0.481276204491665	5
0.047227281786687	0.829357860122701	41
-0.082097327737896	1.14324177468861	65
-0.0910331306044661	0.591176223015856	53
0.0988355663107719	1.01430044099953	88
-0.022369636106272	1.01949508700941	1568
0.050881250120535	1.35882434527113	15
0.08221342724118	1.98691292898914	52
0.1246931336041	1.4618685369488	392
0.114367256969356	0.943826584364223	467
-0.0524705586926561	0.593865349159486	1350
-0.00263101531528698	0.703864098540897	278
-0.070500006787988	0.962897217357291	35
-0.111966868524065	0.486516514724647	278
-0.030978183417715	0.756325856886146	278
0.010586726048107	0.309085904611731	41
-0.042720775625685	0.409731753390534	82
0.080344366677966	0.449101672062903	53
-0.03624052729669	0.411751572058943	53
-0.052849340422453	0.610205256514698	53
-0.040863708884311	1.170087530183	15
0.063292466779312	1.35972477255946	52
0.086139784016614	0.861242916223806	425
-0.121199211197921	1.03226979630291	52
-0.00541035381956301	0.608324733820459	425
0.037699151238932	1.22520013780008	467
-0.007279558779136	0.706680433382198	467
-0.072615712685814	0.66893377990473	467
-0.111430114035504	1.53095682060628	131
-0.093672609960938	1.46222156595214	131
-0.112175913676571	0.530665404684203	212
0.018488912869189	0.540405081728692	1350
-0.066865400256469	1.35479767253174	278
0.117737151608917	0.938542395669462	278
-0.118397024684837	0.888860787524713	61
-0.106742517093854	0.481520204696721	5
-0.0788286514514191	0.667729551464104	41
0.00129943788244102	0.625375801362761	54
-0.090509767247751	0.590491802636053	53
0.0373196389982	0.993816691333179	110
-0.056907481070347	0.597279950863624	110
0.074604499555783	1.71862051351653	88
-0.108919468294668	0.639866683428619	1568
-0.114866678666407	0.848809847762122	15
-0.1220737821467	0.828440290057197	425
-0.058278481378388	0.590421575840014	165
0.104042913336712	1.82299159341718	467
0.124475282606105	0.548614976208018	109
-0.113071394812534	0.480412495340114	1
0.025025234175724	0.875338807679322	1350
0.00102774673275696	0.927268550208145	35
-0.083295932982614	0.594764663833906	278
-0.080445706766067	1.20669399150406	65
0.013884450732766	0.33195250603616	1756
0.016553303159065	0.52095256454238	88
0.017963339270181	1.04837757108792	117
-0.00362331344247702	0.954126065026175	467
0.124961293521789	0.567948868685221	131
-0.118760245127385	0.946416006183023	1
0.105801150871033	0.765432703823028	278
0.066389561132172	0.638365916308348	278
-0.110211276280483	0.546573149967383	278
-0.10737966495462	0.478822037229629	41
0.04754049194053	0.94686724370735	54
-0.054188652129917	0.513034313001981	1756
-0.122526933306651	0.392187789445446	110
0.0489783801410481	0.912729344209606	110
-0.00289825968348401	0.723040416674531	88
0.00284617371500295	0.621283560982214	88
-0.108907404401448	0.810111253261507	117
0.120344274669841	0.545594284463529	52
-0.0346468261023	0.416943568205328	52
-0.028650719565261	0.419520891718362	2283
-0.121869167713274	1.01734502811122	165
0.0101265887101371	0.328029845028494	701
-0.03154114297379	0.410112410334416	701
-0.031852648652328	0.424858256050355	1350
0.058669873242254	1.57756060240561	1
-0.037849912600879	0.786027780659864	35
0.0101265887101371	0.328029845028494	493
0.082524000936008	0.447556020478582	493
0.108313357275381	2.11250476857827	915
-0.068364707898293	0.512354944688235	54
0.107536316543821	0.787861577470147	1756
-0.0614260129363851	0.493998426283015	1756
-0.063623145982838	1.2539252442808	88
0.021178274470654	1.6085702956719	15
0.044384617256734	1.44417535789897	117
-0.00958792094765004	1.09766066730693	15
-0.111046996721384	1.12044614432537	425
-0.013630953668141	0.592712383774742	2283
0.0223386988833491	0.997698660784143	165
-0.019542635386173	1.58889930208276	467
-0.109640208126689	0.646829162845873	467
-0.00528747427896104	1.02198869879376	1350
0.012241044230497	0.518122368810689	1350
-0.044746435206089	0.402708366629616	31
-0.040694397591206	0.409904044496647	5
0.00939456708504904	0.318697789552526	41
-0.040687325150801	1.25774462033695	915
-0.033716451728161	0.422518000140114	1756
-0.119116575596485	0.294722912320112	1756
0.042331801821009	0.717948089466047	1756
0.068812514328361	1.00649685969051	1756
0.015296730108979	0.51810938810736	1756
0.083212893960565	0.850559936157674	1756
0.09335033972397	1.2182497301536	15
-0.077706700890032	1.08965267363787	117
-0.095841245947736	1.665016233551	52
-0.00830515194757697	0.702202410760256	212
-0.116158103666179	0.29442387033651	701
-0.061442870124392	0.901172685547876	72
-0.0129525066613641	1.60552935980058	35
-0.036545324262113	0.780370820046366	278
-0.00605030730970402	0.874788086425306	278
0.019718907458749	0.314933983479178	795
0.084152924179623	0.458277709757576	795
-0.005724807429347	0.594599170302954	41
0.010330500696326	0.321224299065816	493
-0.00138930648635904	0.792273578132276	1933
0.00148517532615799	0.878056743817871	1756
-0.105571036994671	0.493172061348336	1756
-0.0640071941896661	0.734810165406028	1756
-0.01211895788437	0.857138158049316	117
0.027895280743677	1.26619849200962	117
0.048343472965176	0.94270411614006	117
-0.015640566921922	0.984925106177549	117
-0.076966408473211	0.951925928609979	117
0.021819750219395	0.520704075992371	407
0.012947726379251	0.330293455717041	407
-0.045400489032955	0.614350707075748	392
0.040711468462895	0.698915026601392	392
0.010330500696326	0.321224299065816	212
0.07401178284147	0.433868188049762	1
0.00825396454068095	0.325505224272637	701
0.054088929586578	1.16682461792052	54
0.096034946044855	0.813316096210649	1756
0.050744102861055	0.723471977581978	88
0.00662620622727295	0.318016925474947	1148
0.083524797565909	0.854146849451592	88
-0.025360566207675	1.48419161007123	117
0.098809021849344	1.26272156519115	117
0.090331279080301	1.35488676020329	117
0.09610391247712	0.821002825781449	212
0.117595186506924	0.556466003555926	212
0.066334620873205	0.648866103168867	1350
0.019451507780211	0.539273600818935	144
-0.047836334243632	1.06011046706034	278
0.094418003134127	0.438941379603665	41
0.019820567079206	0.528913384722423	258
-0.067373932361305	0.764663989002062	1756
-0.018435950226842	1.54910460245702	15
-0.100738791164436	0.960110479474206	117
-0.124722299273958	0.464548452186887	392
-0.124299098214959	0.379827431165018	1752
0.075481705065565	0.931185491596079	1752
0.00878143356157102	0.314867442161462	41
0.086179444884695	0.458568738968867	41
0.12176232617586	0.573546347915144	41
-0.046772489628979	0.66128000032607	56
-0.070299517590538	0.902714073082637	71
0.018396873178512	1.12455229674535	1638
-0.112635505730042	1.34039660640793	15
0.024537448139195	1.4163466752835	117
0.062041453065766	1.84688156889151	142
-0.00210624168409002	0.883335137892463	746
-0.056158153692712	2.00327000744363	131
0.118368642635517	0.559836581750612	1
-0.037249205213102	0.412304982099278	963
-0.02827719813718	1.00720214685867	1350
0.069220823109883	0.915804987227851	1350
-0.083545463008336	0.88615439399204	35
-0.065448019181912	1.15667130106671	197
0.044732610057257	0.992668446678349	197
-0.12214833727432	0.572884925921437	1752
-0.010726654511483	0.602036851774505	493
-0.025727468648913	0.77602827502178	65
-0.062997852998451	0.466006255432794	56
0.082646553461081	1.32095563244288	1638
-0.0524705586926561	0.593865349159486	88
0.105266586047573	0.775463667341663	88
-0.037164943572585	0.808123973493031	117
0.0640445353443591	0.643066748123002	117
-0.00672884196916301	1.02130322715247	117
-0.0106432441307019	1.07878489726536	117
-0.041804109604326	0.959811631885552	117
-0.115219544152955	0.484051163962808	52
0.091855676443258	0.440866358624603	407
-0.103623260288496	1.27481726860023	407
-0.058482604981008	0.483281145495072	165
0.018507660856764	1.01991959246167	165
-0.0948207372016689	0.719264385175377	131
0.092509255877707	0.874805584858857	1
-0.023278673241149	0.411334230677306	841
0.082383448494862	0.445789314606393	1350
-0.0143513514028381	1.22275497897138	35
0.000476399806029981	0.726155977938918	56
0.00401469690775302	0.712930845384474	56
0.031862964315168	0.812280266945286	88
-0.118358235106414	0.488397742725091	88
-0.059143728850789	1.20775761294191	88
-0.00911939479072299	1.41401687804204	117
-0.01842476738621	1.08827114428491	117
0.123751298984903	0.967879664840198	117
0.108476361685657	1.3429395333179	117
0.070127592633373	0.994002426941756	52
-0.035304990570348	0.411670636418267	746
-0.053664463104507	0.589425144688717	746
-0.116214259638226	0.395776464734715	1
0.000066362866259051	0.30485036176824	963
-0.053485269854605	0.605646570297035	1350
-0.054519150650021	0.50471033812432	1350
-0.121881088022356	0.302126787436304	72
-0.09362771146948	0.724344905309428	35
0.122027138576129	0.508030878761308	173
0.028969463780586	1.91310188303214	65
0.116773561207605	0.965031331590937	56
0.08332796790584	0.423485800747041	56
-0.115129569333264	0.478799518867543	1638
0.018488912869189	0.540405081728692	432
-0.10397866725792	1.09066874487062	117
-0.123641394725651	0.467935020299195	117
-0.057889575300239	0.954648358612197	117
-0.00531331470979501	1.15177626720219	117
0.051589536190814	0.746814001710338	52
0.00898587336881196	0.326572796883435	142
-0.041628591834474	0.408954653121205	746
0.112785622822646	1.19626000628026	165
0.085236639309172	0.45715784373928	1177
0.00308046438964305	0.321019750214389	963
0.110639741590766	1.33583830977271	1350
-0.050562681135387	0.610034285157314	35
-0.084601444909435	0.670139761293901	197
0.030826008342638	0.977328352714126	61
0.041710025031815	0.705326125618633	173
-0.039759174466022	0.408791970500972	576
0.016707537652044	0.315529155842478	656
-0.0463038151763669	0.695810470213364	88
-0.021214427494025	0.980444067367789	117
-0.103020341540963	0.792029208426993	117
-0.116889331430835	0.938512351721537	117
-0.121606677553345	0.732207919875072	52
0.023787204392729	0.536503973299271	746
-0.00765347862756804	0.671423004831085	746
-0.116105060769665	0.791047648800834	165
-0.0287423756481	0.409849574084571	185
-0.035895009888794	0.415034252794297	841
-0.024213107280555	0.414865828719455	963
0.054140223121558	0.744708571661996	72
0.074809693378547	0.44016337277581	72
-0.11353707943603	0.905230357722805	61
0.00617468299389001	0.869580451850208	56
-0.118123453644104	0.39343125657931	56
0.0154459518464241	0.523946493722292	56
0.0163810962815401	0.774900192095359	88
-0.078497665827701	0.881855277201065	117
-0.043566651519566	0.934222951857982	117
0.037397998258518	0.881287118202642	117
0.037401072865365	0.710890062534178	1113
-0.058205014471668	1.1628324628141	42
-0.110529016375988	0.94698020647462	165
0.085907979386732	2.42142480113126	131
-0.0338741880624021	0.423227340658813	841
0.00825396454068095	0.325505224272637	963
-0.053637728591122	0.507055269294147	72
0.081440171795602	0.448598869184711	35
-0.063324796329205	0.763981708768296	197
0.00898587336881196	0.326572796883435	41
-0.113437779767662	0.722986009667107	395
0.015546347340791	0.488024855767621	56
-0.036331611923058	0.98283990997339	56
0.100095645879271	1.02663849696477	71
-0.109317699212107	0.72637740200392	432
-0.096664708598591	0.56672865321037	432
0.107630162342942	1.20852994965111	117
-0.119991032782478	0.747493183767981	1113
-0.057675771998051	1.22638592829031	142
-0.0144558217898521	0.765187455051494	746
0.074809693378547	0.44016337277581	1
0.065114334584692	0.626887459044216	1
-0.119225424131196	0.393160688648266	841
0.074870396397265	0.652135543016629	841
0.011844412097907	0.731263197506335	841
0.070204065174641	0.418408712832083	963
0.088278080572767	1.63140499026672	72
0.083557751372762	0.926391933296773	72
-0.077972484581649	0.968280015332247	35
-0.044274506746281	0.695276144522087	197
-0.12017700372229	0.391581215240509	31
-0.121881088022356	0.302126787436304	41
-0.07171377016175	1.11769332227989	56
0.061694785395352	1.32977503233044	117
-0.030836260863781	1.43882532224639	42
0.04227854263362	1.90520019775585	165
-0.00044712517134704	0.805511613075719	841
-0.114083061154015	0.723763457374465	963
0.039118377761491	0.838113351328942	963
-0.06950609501651	1.14327855678107	72
-0.028131970819413	0.988970890948998	197
0.031836098188159	0.877230589030784	31
-0.056689690077333	0.503726772245836	41
-0.121490002216393	0.458124972876376	41
-0.117169250751591	0.395824887431901	41
0.03299006986799	0.816565017077387	395
0.054693765912434	0.732875504944247	395
-0.06533694235854	1.41658623539358	54
-0.00287191963522504	1.18065516423969	142
-0.09263708696031	1.10585447748207	142
-0.094635632312431	0.785935744057133	165
-0.088908316988607	1.20422523168475	173
0.057765579822039	1.08289515985192	41
-0.123881435809064	0.61668375430851	41
-0.120997013320546	0.84802181723648	56
0.07798971099319	0.824261194010618	56
-0.106019298883415	1.31226882480202	234
-0.087563587346336	0.746371719025461	52
0.015296730108979	0.51810938810736	142
0.00174687132737195	0.711245984651837	746
-0.115112927509092	0.392725356116932	42
-0.113163258098138	0.951522629872213	165
-0.105555022742089	1.71582354284894	918
0.033441694787669	2.22624646191761	918
-0.115156388449423	0.494852148006378	1
0.106401415981287	0.761939798041684	841
0.043380779047564	0.845059840836967	963
0.070535950599911	0.637580825909192	197
0.021727773661573	0.53664410768688	173
0.074954103118153	0.439335343997589	41
-0.124681063049404	0.292340894815351	395
-0.0418995428025259	0.779192342691166	88
-0.027403718307674	0.420448469161197	977
0.104387540777219	0.778915776801702	896
0.013174171677556	1.16783347506392	234
0.088687706702381	1.49029548741777	117
0.00797377586870596	0.318381376654323	1
0.11878345668496	0.561559094453316	906
0.100408224518364	1.30408744592137	54
0.00776795274886799	0.32473795344534	56
-0.043153972230506	1.46139629166842	234
-0.049536046965739	1.03013846398799	117
-0.0580784649162121	1.00838409225223	117
-0.0587708440421	0.497277038933977	142
-0.058205014471668	1.1628324628141	142
-0.075554880345089	1.29298307365016	165
-0.00283366121447504	0.300452418584102	724
-0.124326927532735	0.289797918327047	724
-0.111372852828488	0.280116126117812	724
0.00878143356157102	0.314867442161462	1
-0.035223893968895	0.412844774094554	253
-0.064238570133257	1.23898741584858	35
-0.019391180426403	0.959551566849436	197
0.121703589663217	1.04853685975204	197
0.0131385968769771	0.311176516715283	173
0.08712278252672	0.456788286748841	567
0.096289502679177	0.694944518064132	56
-0.029411128266569	0.762138598291816	88
-0.037290574368793	0.689668702517944	977
0.046137534411416	0.834181636277247	117
-0.04555388212571	0.999042039778004	117
0.025418971754379	1.12773230493223	117
-0.071907135039386	0.905478789975661	52
0.047379195361873	1.90078177406027	934
-0.054519150650021	0.50471033812432	609
-0.099766363865185	0.568136709618543	746
0.071635361594787	0.652607346826003	746
-0.101215010031925	1.8085136133381	59
-0.114157065487426	0.390324237632587	918
-0.03507500025135	0.411732314415258	724
-0.052351573928266	0.485925661111927	1
-0.053299836109277	0.664538309498994	906
-0.123908073668791	0.299055217347214	253
-0.084091928295355	0.804170435980387	72
-0.00540411598622903	1.08718908338503	35
-0.12124794099118	0.949717139155717	35
-0.111531960063947	0.834032884192539	197
-0.070426891032048	0.677252409694106	61
-0.03733326398163	0.42084937893588	395
-0.065088314942848	0.496130117975127	56
0.012947726379251	0.330293455717041	56
0.059491139441629	1.38847611934313	71
-0.0453918531355501	0.691026696589806	977
0.010652339046383	1.36511144594858	117
-0.051764336506816	1.22089125304652	117
-0.04345928713914	1.30048634061201	117
0.0472637078227191	1.05159452609321	42
-0.03243471388119	0.697166740280894	1
0.087944351899774	0.436830939770162	906
-0.074942517622852	0.657270151034954	72
-0.00197147865672598	0.676490190998943	72
-0.018200079597994	1.23019650224782	35
-0.00543433388426196	0.718520620118991	762
-0.0658616971138391	0.949646024293133	941
-0.120629877807094	0.295131739454174	173
-0.094430281871854	0.718181505919831	395
0.074822924231581	0.628772368725555	56
0.046154940594595	0.821206990688513	71
0.023180621948544	1.19480118304661	88
0.107530329726838	1.66927676171067	88
0.04901229652202	0.837965621524965	977
-0.053981317147584	0.971756852632432	234
0.111403092182925	1.65336250528725	117
-0.00286325517604602	0.866141579845071	117
0.010330500696326	0.321224299065816	609
-0.120356518792043	1.0495190371153	42
-0.003145965285002	0.626797150703727	746
0.013397714429453	0.898470979195838	42
-0.00160950849963903	1.25835817199446	72
-0.104832906808278	0.568154909162907	72
0.124191998203376	0.570375402750259	72
0.021209278288889	1.52463483716488	35
0.093501742240167	1.12398649673406	35
0.00478829003200598	1.26889973197887	35
0.118000989629135	0.771078002845464	762
0.123805166762817	0.561363095632837	173
0.00214540477646097	0.318454182630601	378
0.00919025134873597	0.328174429060915	186
0.019631574699386	0.520394119453679	643
-0.102189870148161	0.549669173815205	56
0.112307438047204	0.734149887851578	56
-0.117242975204834	0.649944001744626	88
-0.071698201219682	1.71780613751257	234
0.051971074788255	1.39062522960265	117
-0.093148151319114	0.717064566073642	117
-0.11742583630073	1.8954518988552	934
0.0933349087998701	0.4398796682797	609
-0.05659840969903	0.504958793750838	42
-0.120707979342452	1.62069332231076	918
0.00704971066134896	0.802705283079232	918
0.00711254116987004	0.324065720102263	398
-0.120469174588618	0.3942682698347	398
-0.05659840969903	0.504958793750838	398
0.072704098396252	0.650747297056928	1
-0.041253430282892	0.391120238391451	906
0.080866319438495	0.805108803184282	528
-0.0708315675404591	0.994287306045341	35
0.112803205367304	1.21166402751864	197
0.124691904690161	1.13218995763232	762
-0.00717257484616496	1.08833130056414	234
-0.044679668530449	1.0731430483635	117
-0.062754250046376	0.579320800183277	746
-0.052552720420132	0.509262576777816	746
-0.121571624298297	0.391105750612551	746
0.015023158882947	0.324854161382719	1129
0.063609393749465	0.87669223314849	1
0.10757436277328	0.782333249341644	398
0.068376678114585	0.657981681248966	72
-0.124737031044429	0.379340165472834	72
-0.103803146985741	1.41246337486669	121
0.119853905386417	0.550356039484451	72
0.11765996463168	0.9305468787159	762
-0.004682977267083	0.591770266779431	173
0.073778653033478	0.650915575888188	173
-0.122814590987378	0.302116415520341	31
-0.00190018749965004	0.302698184323817	41
0.110764168639781	1.19505881470495	1078
-0.00359158279528904	0.600691703711152	1078
0.00845868507813796	0.3113110950264	1341
-0.116247725782642	0.489384810095141	56
-0.123614081503719	0.472012902420255	56
0.042679770740077	0.818541253192733	88
-0.078081861546346	0.641855821679527	432
-0.035081239509707	0.908795573510242	117
0.017341759423701	0.931801462042671	117
0.00337285264016396	0.616524436274299	746
0.113881579079959	1.16196944710996	746
-0.123879655079636	0.289648946672608	1129
0.088066652297142	0.451500392321276	906
0.040404024838729	0.714489852555729	528
0.038907878440445	1.19553809658245	35
-0.102675698293606	0.913144635745919	35
0.0135761070161941	0.969912664498234	197
-0.063194835633511	0.771116436254291	197
-0.114606188332975	0.650995164414621	61
-0.120391512624554	0.946917564594203	61
-0.064834875945871	2.23591270250698	332
-0.069190468943248	0.680432319049403	54
-0.0183707918550881	0.774053539331491	54
0.00532194481611104	0.882376574468258	56
-0.116936244242011	1.14731019505413	234
0.116753914649601	1.50948023852334	117
0.107951808131792	1.41524374403081	117
0.00190750030692299	0.78879359996978	117
0.020482722520621	0.943255449755145	117
-0.040937771777307	0.881860670938535	2185
-0.012845971628129	0.924898068461151	142
0.00844320250825503	1.46181498776051	934
-0.089827176806221	1.04031098271439	42
-0.114029453217019	0.468779497873862	746
0.012573812381765	1.67010766396954	42
-0.00407972393881395	0.716298157676263	918
0.081431212393979	0.450733096242369	1129
0.118368642635517	0.559836581750612	398
0.091855676443258	0.440866358624603	398
0.077649797047425	1.16404362063233	528
-0.053747771721651	0.738958629110677	197
0.086179444884695	0.458568738968867	1341
0.0642867741806979	1.56174804516741	54
-0.088328436830177	0.784233034657523	54
-0.064504213861003	0.902739047865079	88
0.010430851105395	1.54134258130097	117
-0.096363435887972	1.09537302919999	117
-0.053814462367336	0.962267257522301	42
0.0877919729535151	0.866496642322819	746
0.052863794066801	0.845103441222785	42
0.011062975194348	0.325143602858773	1129
0.00919025134873597	0.328174429060915	1129
-0.031696744075293	0.422565171150266	483
-0.116234786488148	0.387672011727625	483
0.010475903447427	0.501334646559627	906
-0.0403285468125481	0.606112743499074	906
0.00358388060034898	1.03383328967222	197
0.063837914765486	1.31511484542226	197
0.019928950451602	0.516760904497326	31
0.00683248982557605	0.323137689840455	1341
-0.045424338501022	0.886707350781657	56
-0.059404011298599	0.510220864501949	88
0.000515218730111955	0.693742473363268	88
-0.030852159765508	0.792083731148191	117
-0.00462660191418496	0.793128129428659	117
0.05113411954891	1.07237445410844	117
-0.0839446700651419	0.935922852715506	117
0.103214958431497	0.774851183031399	2185
-0.109512424811551	0.482873699856601	55
0.065235257896944	0.626643467332058	42
-0.113929830202993	0.528421745738069	1129
-0.035870107004244	0.39835756276465	1129
-0.00392693322411197	0.72208922573236	483
0.055108968822888	1.14801526531401	928
-0.121620160521135	0.397093991770177	905
-0.113404792573521	0.923363589384902	35
-0.122490217093183	0.453728009492068	31
0.066400128136113	1.32624302911832	129
0.00934231872934399	1.11848631962738	88
-0.084761206520622	0.825823385598314	117
0.00646365305957097	0.808735167768248	117
0.070580984903764	1.02675914500211	117
0.118574067823375	1.34945477030632	117
0.048851322374561	1.57810023969152	117
-0.10178818023423	1.17517941795379	117
-0.037016327552138	1.00234754024317	117
0.00682352847630097	1.40663503378419	934
-0.069156683425754	0.812080409806058	2187
0.0630985642813871	0.626455858295882	444
0.090618348074758	1.2160985330682	42
0.00422295309629295	0.316310416093388	72
-0.120697136489359	0.763393915315248	928
-0.00356570787126598	0.599779428017454	905
0.03613947654325	0.968971787863643	197
0.020622370642607	0.532282548682941	197
-0.0465991228723071	0.655334551070216	197
-0.050564025294362	0.506295549683506	31
-0.095262183970098	2.00204831723227	332
-0.115112927509092	0.392725356116932	88
0.123805166762817	0.561363095632837	88
0.063097147645755	1.16779148034917	117
-0.0563357646825861	0.974265672116334	117
0.00596873955018296	0.899339132397716	117
0.0585863680996001	1.89518417485461	934
-0.061414187684621	0.77538731549025	2187
-0.124640675698612	0.39296838940159	42
-0.099021307735967	0.781199681408145	42
-0.11465243964146	0.98870345837049	42
-0.04851703446821	0.508390721892751	55
-0.100917197569844	0.672850412424672	42
-0.010701531910282	0.599676956703454	1129
-0.017916626468663	0.39297287268742	802
0.089689829560785	0.452251826338136	905
-0.013129454137632	1.56482438789281	35
-0.058211001009755	0.584351007938871	35
0.113005045267794	0.773830444338441	197
-0.046747791678033	0.6789807211562	35
-0.096343555576774	0.587216257943848	813
-0.11687550068584	0.376165792288891	88
-0.081193827658786	0.640068642298652	88
-0.072183347051158	1.13098718107507	88
0.117890373400907	0.762208827542333	117
-0.000152634920548955	0.72886802639421	117
-0.010283324241592	0.763294805789774	234
-0.105947238171301	0.79943644319952	117
-0.075481646253477	0.82741888261792	117
-0.099294229875467	0.733570123986496	117
0.071026316175697	0.936052864557896	2187
0.122216158733386	0.551651367280396	444
0.062047719818076	0.627200370313383	746
-0.044022650388242	1.57883902219399	42
-0.041093871351551	0.3974430942105	2265
-0.100446416256185	0.574165773473324	905
0.084448630277973	0.968228853121387	197
-0.00938515252320105	1.08736619387181	129
-0.097527965889211	0.964518200727767	117
-0.065573106541897	1.00686937905006	102
-0.0897932656022991	1.45324422992821	934
0.10874972865139	0.783639995780393	444
-0.040030457848079	0.70417317126793	444
-0.124993798249807	1.29692651032759	42
0.00804918180548297	0.326712984683086	2259
0.022982028017797	0.52981824604614	906
-0.035297557413962	1.11700854096103	35
-0.080418451662107	1.00615182754917	35
-0.088476179799703	0.809496358701989	35
0.022632035067612	0.95897144384921	35
-0.075506388792583	0.672156207413989	35
0.045319197699109	0.728432048447787	1698
0.00116757901773601	1.17405501275846	88
-0.0437222772643811	0.689939812607463	117
0.021425503695319	0.852001837548179	117
-0.111095176669128	0.791457332109729	117
-0.078342799178857	0.731612777125112	102
-0.035052454517595	1.14548893766986	142
0.110816600503504	1.09187858529705	1053
-0.07860229448078	0.890138208065306	165
-0.027247791661312	0.409258698760297	2259
-0.053664463104507	0.589425144688717	758
-0.039839883487776	1.30172349222035	121
-0.110861090864018	0.917518335590414	121
-0.102146245049505	0.901271515992349	35
-0.103172969133707	0.543718047407643	35
-0.033049796480473	0.401174132240836	35
0.081581359900441	0.447739775247828	917
-0.08505044939402	0.878359607269769	117
0.077088553754851	1.14346509450528	234
-0.120773560621063	0.629774068590387	142
-0.045283542738527	0.666602114540578	142
0.068802101217526	1.09707267606322	142
0.051867447506055	0.817382644637491	444
-0.00368442331248497	1.08307115025976	597
0.0618072280866661	1.07265950603861	72
0.102843505694853	0.72594066632585	72
0.076163183728979	1.16244158344768	35
-0.117249199474914	0.294879454966007	35
0.07845657661133	0.449416631711883	35
-0.100455263269845	1.08450062392767	117
0.049636946151415	1.05853006360393	117
-0.0669211776989001	1.26691018861202	102
-0.124989085164499	0.721070642401393	42
0.042049992370238	1.19959680896999	42
-0.0909272693698781	1.44815257353359	555
-0.046741444984967	0.608960036470182	59
0.025719246808016	0.538554296561779	165
-0.06206382515073	0.569907302596481	469
-0.059404011298599	0.510220864501949	929
-0.104480295706733	0.554838270986084	35
-0.032270888517505	0.413432593213215	30
-0.010285333468795	1.26116259806238	204
-0.027492404891017	1.16450644875056	117
-0.023643899179065	1.54035352872158	117
-0.047283774525038	1.20556269042093	117
0.00729302880769001	0.885797669352577	117
-0.02611209788476	1.41650233150717	1053
0.110323095940088	1.85666213054757	42
-0.0899332023562231	0.964729751785998	42
-0.054241239542871	0.500050503511054	59
-0.0559803449184591	0.590399276618725	165
0.054552614662204	0.735573595809274	35
0.00617802754846097	0.62284999790708	35
0.124977782156983	0.570203085096492	35
0.122660947744856	0.549449983411881	35
-0.11005091199501	0.668283210021936	30
-0.042720775625685	0.409731753390534	30
-0.018990972839687	1.22357924456315	813
0.109142364800131	1.36625662205609	117
0.036919965477491	0.887893295912243	117
0.0913957682397299	1.70824454158844	42
-0.092622972017746	1.185319902697	42
-0.087407905598778	0.810949354713922	59
0.109062813219865	1.17442099762481	165
0.049272823363707	1.36760702399384	469
-0.00295048218741201	0.803447247091414	758
0.00580486416957704	0.7033737105042	758
0.015689375254946	0.961241846616209	121
0.064654365856172	1.01776248709704	35
-0.046149862923792	0.689653579664625	35
0.114283075721634	0.536567106633969	35
0.034580550672938	1.08185414452002	129
-0.0307743597405959	0.858564390769279	117
-0.100819685391363	0.56817026071213	1053
0.037272323456508	0.822845332188676	42
-0.114464695455402	1.29340312405999	469
-0.01430165296709	1.28201262072362	469
0.00542333682293905	1.12323503927157	469
0.122052511694772	0.560252641603849	758
-0.024988381012055	0.40927523770317	72
-0.091755886790879	1.27038029252508	72
0.0733990462513801	0.932958217597642	72
-0.121548720508995	0.704077469167229	121
0.00279451124664698	1.02799487681442	35
-0.114102369219299	0.493611188671261	961
-0.030516103097889	0.419705515310948	30
0.012202517026474	0.318402457803236	813
-0.0469628506249961	1.41575679280082	88
-0.105593204846977	0.886802620462202	117
-0.113702155521767	1.17517078362306	117
-0.062502092619918	1.13747908504677	117
-0.000544147747736035	1.17344715630436	117
-0.0741839866923421	0.948534020534798	142
0.055134149769856	1.1407327345439	102
-0.067101692856419	1.2965957884938	960
-0.032671625075922	1.31699882382557	165
0.042876951770048	0.828211183985668	597
0.120925574166993	1.28664475879136	85
0.041056794016315	0.718917621749525	961
0.115160843386046	0.783752876899976	387
-0.074950174273697	0.785600224497903	129
-0.121183906852171	0.723686813915597	117
-0.055056780153788	1.3289319435995	117
-0.106105033446634	0.793716263732577	117
-0.045729410630195	0.681006494817344	102
-0.084035829774904	1.50572370571134	42
-0.113300864335326	1.29488489708886	42
-0.044397135744748	0.695296658480323	786
-0.0150190749528351	1.75180580386103	42
-0.121660795594903	1.25247708317103	59
-0.027832454944429	1.40129809151576	165
0.117225175601099	1.60836689553141	165
-0.110132530040085	1.19228449517115	469
0.100683849717884	1.96164064021301	597
0.052429451537958	0.733537398621515	758
-0.010603417252923	1.31236913870593	85
0.117757542975833	0.97654184048449	35
0.024594387519802	0.527514098247333	961
0.00711254116987004	0.324065720102263	30
0.00825396454068095	0.325505224272637	30
-0.026356674858075	1.12968481459973	129
-0.100980104488509	1.15138791292793	117
0.01743216913681	1.50984981431467	117
0.028298040791055	1.35146730530066	102
-0.032738492280097	0.759805668208997	102
-0.115423279930993	1.45064660582606	42
0.04403654183826	0.818503887292312	786
0.081184033849915	0.436822637774695	597
-0.055318505131966	0.602085651464297	1097
-0.051086733117375	0.686671779566006	35
-0.000216139033881957	0.71947533941021	961
0.012640469367897	0.714761288733756	30
0.035550904837729	1.1278133666703	88
0.00824544720932796	0.503007810373182	117
0.0921932280415	0.851202675107972	117
-0.124947572337528	0.747738362741953	117
-0.0959118893575051	0.733628552865179	117
0.080925558814344	0.953264227763452	117
-0.104734421545495	0.716461721349784	102
-0.014351236173918	0.672095166053767	102
0.00753603421816596	1.67154859205604	42
-0.031927535122893	1.04481150725914	42
-0.116770683928607	1.26558357363014	469
-0.085623810033985	1.25187136681818	469
0.090773135933333	0.45120098186286	597
0.01180784531567	0.328824523021788	767
-0.071160177516723	0.789513390390314	85
-0.011471183924775	0.688917046326234	1097
0.085072670520571	0.44544306873613	35
0.000894108343239997	0.617674600425146	1377
-0.067858747790976	0.937211731180526	117
0.092560915486954	1.23146956827975	117
-0.109254144904089	0.937706554958834	142
-0.10606847457	0.798589921780193	102
-0.019416512515547	1.44028027689787	102
0.032427517822776	1.41522478742031	142
0.03367453031054	1.84947335115887	42
-0.120668468421799	0.622899042605263	42
0.090093353826709	0.864148341182835	786
-0.052594840017822	0.593751307417763	42
0.015834646124832	1.65315088864774	469
0.02045847503521	1.40474203668998	557
0.121118336538724	0.55496324496701	597
-0.071423078189214	1.09510174085396	85
0.070380306994335	1.00188945612966	35
-0.034819706986846	0.848637372327265	1097
-0.005319624886853	0.867264887507002	35
-0.037108285669597	0.409707396458238	30
-0.05461241321899	0.591925678332732	30
0.00429127941232998	0.818755950701461	1377
-0.067935716801165	0.949016078350981	117
-0.014511628897422	1.23859396171805	117
-0.102625185330336	0.872810116094454	142
0.000725845795275015	1.24816941082362	42
-0.00726009697462005	1.1864864964718	42
-0.06084721717105	0.936043904952484	42
-0.072187775910311	0.683267716446037	469
0.029797393580745	1.07336652134951	469
-0.049805557078243	1.38893011866954	597
0.078086896853787	0.629218126720737	597
0.059706268777655	0.987236964712377	72
-0.098053981754671	0.941685022178534	121
-0.110454085802217	0.939944001767845	85
0.107994495603651	1.1858452164388	85
0.0635219941201109	0.984020168814538	85
-0.00269868556407205	0.955698471285595	85
-0.00155839307157202	0.809202160459805	30
-0.038981145390204	0.404004687726024	309
-0.078806262965786	0.554946517465019	1377
-0.020395529225108	0.924887931323471	129
-0.110085752538615	1.86434446846893	129
-0.101551051860076	1.26580608123378	42
0.06675107254322	0.96771095152317	42
-0.00259962799624003	1.4709156720281	42
-0.06033835286455	0.498010359054085	786
0.088837765326427	0.975920041062393	42
0.00535988743363403	1.04216037179623	42
-0.078747894100651	1.40157107298066	59
-0.092451353149461	1.2582464388251	59
-0.059314217037905	0.511807689211647	767
-0.096914446754244	1.01655685034871	85
0.00912693584040203	0.882889190419889	121
-0.080471748667387	0.847429858710184	1996
-0.0701218380176381	0.751215108663493	35
-0.078349997428075	0.812553128892293	35
-0.0268658546953739	0.79051059574795	35
-0.100918309359198	0.739808149579246	35
-0.010706480467397	0.690461271391181	35
-0.111970833607613	0.493768865563748	35
-0.0409346169031321	0.393072635700128	30
-0.120441001778487	0.486419571517821	309
-0.027169273980349	0.702356955354008	204
-0.059843540971339	0.892509410556853	102
0.06972054132456	0.893441478569837	42
0.037887661878138	1.55691118855878	42
0.088011140350463	1.17472469977458	42
-0.054437683251965	1.30967151130183	59
-0.018490021161887	1.21959613817445	59
-0.104483115586159	1.1824213594514	59
-0.100718281256622	1.2672679352775	557
-0.050668839056489	0.677708606766973	597
0.00731772971024303	0.31768130480234	597
0.00825396454068095	0.325505224272637	958
0.085236639309172	0.45715784373928	72
-0.00192648876480095	0.852663992470264	1996
0.063983540423342	0.887012427507141	35
-0.005808940072207	1.09543572791581	35
0.027226320485235	0.864765546914832	35
-0.05799142854623	0.569066055070422	35
0.00690729089236297	0.317612274927422	30
0.013884450732766	0.33195250603616	309
-0.029856517614413	1.4066655965045	596
-0.04211336118346	1.32159490941414	88
-0.085576804799644	0.668447118055151	117
0.050748848698474	1.05352824825543	142
0.113602457943762	1.04701488044952	102
-0.0403344368699941	1.32404150137653	42
-0.09940846807099	0.571942160921929	42
-0.010706480467397	0.690461271391181	42
-0.117975783993763	0.385256727094228	42
-0.046690410802201	1.05546643263822	59
0.111835801510991	0.953492068646573	597
-0.031852648652328	0.424858256050355	658
0.069495768719732	0.642744772026928	958
-0.022268969111542	1.07956497188293	455
-0.123630105271705	0.385853691183139	1633
0.095984756878257	0.868641409013426	1633
-0.041249404617787	0.712926904302006	35
-0.031769008172945	0.686771921637293	35
-0.0275599553196561	0.421243861503421	35
-0.120788667134394	0.301606844411018	30
0.012947726379251	0.330293455717041	30
-0.00118793008646401	1.42275664845527	102
0.124682138384166	1.79747914250808	142
-0.081026710746878	1.45140443957271	282
-0.037707560012316	0.986464823009362	42
-0.031541535624816	0.77536329263431	59
0.0814070673940061	1.36960173039275	59
-0.066791362462606	1.01083970721588	72
0.045043675425065	0.725993508555352	35
0.025580004809728	0.538640708182771	30
-0.088544851290984	0.663063219912127	309
0.036624426124151	1.6770774384804	117
0.00870967353012697	1.48420636283559	117
-0.035605913556226	0.8971060564549	117
-0.01227911858423	1.43369263212892	102
-0.083162913461708	1.27954487034194	102
0.104541247602402	1.81855509318033	282
0.060334910003798	1.91933459726825	282
-0.124014221049913	0.992708841749743	59
-0.117735401658573	0.862855679637216	59
-0.071397318652077	0.743977699860499	72
-0.105005531951216	0.657116351747353	30
0.035735513653985	1.70785219104048	117
-0.084798745628863	0.956390111478234	117
-0.091197021620732	1.02668222277962	117
-0.115476132175089	0.799352297363134	117
-0.102707373131997	0.948740048794786	207
-0.056052522636069	1.07298371476026	42
-0.094453248177032	0.702206075183713	59
0.020383092142761	1.1278418912858	455
0.124060141316781	0.95339962357025	499
0.082554807508184	0.821490185712842	35
-0.043337584091849	0.692768360916511	30
-0.099832749279515	0.558170508431306	309
0.081047516522425	1.23224550631186	117
-0.050886605496774	1.01874168471418	102
0.068667092539227	1.73378156559812	102
-0.025548937722327	1.94716474848034	207
-0.053306464524583	1.59737013543393	42
-0.00175382507001998	0.809383164683464	59
-0.063995464469788	0.822869220138018	455
-0.096716317258572	1.19466690648753	72
-0.0322627635863471	1.35448586472474	121
-0.045803120438052	1.15919245525691	35
0.102643488572802	1.1907805261139	30
0.041549575423447	1.45832242503738	117
-0.101710000146986	0.99570767531566	117
0.00269430681729899	1.03354529788271	117
-0.123370325552212	1.1286146909621	102
-0.109596424926526	0.726435004202865	200
-0.058764916881848	0.567078702951234	821
0.00331086023399096	0.881841548627531	72
-0.119662048242684	0.806220513533306	72
-0.093257848407449	0.727792971106763	72
-0.00540783898528996	0.881595692363035	855
0.00250114158788695	0.863219324683776	163
-0.048993655477983	0.587816568894849	260
-0.121452033865984	0.460254381293925	260
-0.057988294187108	0.756254149869639	117
-0.0670288046570779	0.762326565217195	117
-0.080112927413521	0.679401630151683	117
-0.060919166349176	0.75931669657396	102
-0.071469217184279	1.62158809109246	102
-0.074400652593376	0.971803100241936	207
0.091513242176281	1.22984540381339	207
0.063100259854707	0.650108812444966	207
-0.071147000386282	1.50805864237262	207
-0.118112641536742	1.32952130496222	42
0.069390608881669	0.92865089709003	406
-0.005675490311152	0.595780755627742	406
0.049222713931853	0.82552421389026	406
-0.052968134400058	0.904047223979902	42
-0.00344021497531699	0.719499484226187	555
0.109522831558516	1.56552897385884	59
-0.056414487883505	0.507809572637764	59
-0.103525055950574	0.48612602824014	59
0.00495071596726504	0.318150083411716	1932
0.00890887917652094	0.319924308030242	1932
0.00568647214186702	0.626441654922407	1285
-0.093731339115966	1.09969545789368	72
-0.015738278091583	1.23957588636854	72
-0.090838836907205	1.08131404338149	72
-0.094669023564769	1.00987684772315	72
-0.099366467135299	0.797946260028933	72
-0.119222242018157	0.392553822832815	72
0.00920574249828199	0.503913296930297	855
0.076840354322517	0.441585713310568	499
0.040124722153391	0.809250573247473	35
-0.0295087140411801	0.85742422039233	309
-0.046132899702519	0.811169977001246	309
0.050733026800846	1.1008616389335	198
-0.041070931777509	1.07598422418067	309
-0.109588082782132	0.797968062173155	117
-0.053344028086177	0.666692966058049	102
0.020489628579257	0.945904168810843	102
0.077961781467728	1.15256863125836	102
-0.0762939323319221	0.669838866958674	102
-0.089214211815261	0.960725618788669	42
-0.064989125157757	1.07231739123559	42
0.073644226681568	1.04602542048564	1278
0.105920504502687	1.79118694945399	72
-0.068294925548809	0.879411156099595	72
0.056982101194224	1.13662500420424	72
-0.033367758657597	0.691386747229795	855
0.00184036320356895	0.724040646310754	44
0.00455196776213696	0.634880778118616	44
0.104871803910668	0.73349585663712	35
-0.00249790410705297	0.597527411623331	198
0.000532193105603041	0.767146830388939	198
-0.01722950805206	1.64871114543391	60
-0.116305622888171	1.69896312748317	204
-0.08937203695882	0.743822464262128	117
-0.060451574886094	1.20893001598423	117
-0.042854279437878	0.696714024521827	117
-0.087259738531279	0.597525670591571	117
-0.0106579820079959	1.00735122686649	117
0.118543320827518	0.922455702846667	117
-0.088303185717851	0.95130233287339	102
-0.116238990860772	0.693148959342048	102
-0.052305998564293	1.53538861355016	102
0.122866017903056	0.560182680569993	282
0.120852469573389	1.57381346018573	207
-0.071542396434186	1.72283496784089	207
-0.055954822822283	0.909343673633005	207
-0.073605205006043	1.21994467323402	207
-0.038267522126775	0.418378907497747	406
-0.082405591824365	1.03096353843479	42
-0.114177071702017	0.392074182445839	59
0.00825396454068095	0.325505224272637	59
-0.123747916316526	0.299550317553078	1932
0.095684290405379	0.740117352373851	1285
-0.119374160781328	0.392388750152788	1285
0.0898296815840121	0.451319370102044	1285
-0.060999904665617	1.15395880630087	757
-0.047202474401183	1.33964350055618	72
0.00609248771722604	0.313582289663086	855
0.0111610108904699	0.500157800451285	855
0.124191998203376	0.570375402750259	163
0.0461877000576551	1.03981009568944	117
0.076043019934692	1.55213149466628	117
0.019156765675301	1.1805068618617	117
0.117901101665264	0.954317674777251	102
-0.03927786476628	0.405899556790365	282
0.039694905120872	1.93494423961079	207
-0.093839292154151	1.08018545553335	42
-0.036312159769046	0.411167208242738	59
-0.111614568951719	0.78562166582244	757
-0.049601709594422	1.44377983118897	72
-0.038438879556804	0.780465654376216	72
-0.0793524810827631	0.682871182677226	72
0.02972002088156	0.905294854532513	121
-0.117249199474914	0.294879454966007	260
-0.116158103666179	0.29442387033651	260
-0.012138919913642	0.594573894679926	260
0.081687508612684	1.14636060333479	309
0.043623768005308	0.734072907120517	198
0.00784433729036205	0.317501565847154	14
-0.023326840357028	1.77162933969505	60
-0.067069560105034	0.912243700845162	60
-0.035721380921019	1.19565696847379	117
0.0663596008523451	1.0880365083509	102
0.063043127798912	1.68212601393979	102
0.099004315719746	0.758468307146012	282
0.00598928397183696	0.618863623422037	207
-0.075538144738599	0.673381644716464	626
0.00562527043276995	0.629782505957692	626
0.051094654632786	0.755434990194418	207
-0.117228623243814	0.476442601873229	406
-0.031584912504611	0.853894489614671	42
-0.041613908144598	0.60292062210728	59
-0.122814590987378	0.302116415520341	1932
0.00942454845389895	1.33011150132818	72
-0.00956599990359597	0.768613004236311	163
-0.123635069973684	0.38231229052949	260
-0.0343684286467	0.40918642173515	260
-0.052407581345468	0.586072154044024	35
-0.077880377847963	1.258719218188	117
0.082089908825216	1.18055686217318	27
-0.053893324529491	0.915043402226487	117
-0.04561971739756	1.00390858305834	102
0.034523619686448	1.19971766673867	207
-0.096494081522825	0.894609286347369	207
-0.107248545558146	1.00612964666929	207
0.033600661797871	1.06171571020993	42
-0.073963694981268	1.08550346082825	42
-0.072782687327237	1.02769510772557	20
-0.032558992805211	1.48830735287808	72
-0.01179034867151	0.845984225361695	72
0.096343533031447	0.85644656459666	163
0.024613319877852	0.534193100154946	44
-0.114079758167847	0.47910114061224	44
-0.102451651431665	0.567286063619116	260
-0.113071394812534	0.480412495340114	260
-0.058405921178442	0.600012623920929	309
0.032710690627383	0.904655933889312	309
0.048909223899101	1.06848011447881	198
0.00664797554199303	1.64117906893842	60
-0.05416186591845	0.960396079431474	117
-0.108530924585842	0.879730967880552	42
-0.095450805593681	1.20408374285668	42
0.07845657661133	0.449416631711883	172
-0.123745316982651	0.375337623987221	200
-0.024213107280555	0.414865828719455	200
0.018007169700955	0.7388042734162	72
0.104892701110817	0.765849412256571	72
0.00422295309629295	0.316310416093388	163
0.078613567811974	0.440700090909921	260
-0.054609301583659	0.504599276457604	198
0.094855523650806	0.839490403312782	117
0.017357952727592	1.02747745105534	117
-0.035036492834585	0.846458869053199	222
0.032939519304324	0.912407640511084	102
0.017682166805117	0.534988750427473	207
0.023727292726929	0.511723028283231	207
-0.03949922834293	0.735238211804835	207
-0.098531417249521	1.00561467582784	59
0.048799948645076	0.757440962652926	59
-0.037102346921787	0.413048623194024	59
0.080497432845354	0.44878714446407	200
0.00825396454068095	0.325505224272637	20
-0.119796994274434	1.4831806649852	20
0.069476250785646	0.660466925126796	198
0.123996249442466	0.770074839651282	198
-0.113695658796396	0.62577496054982	102
-0.108057657932999	0.542130668601056	102
0.00184036320356895	0.724040646310754	2117
-0.0496260891477111	0.609651288345052	117
-0.124022333194322	0.569632391539933	117
0.0165062931480841	0.319950107369555	207
0.00328825139009603	0.313842312179367	207
-0.086352546509071	0.596732318782632	207
0.0815421609131341	2.4207992876155	207
0.012947726379251	0.330293455717041	207
0.103146319442982	0.773493566513774	207
-0.032836016172701	0.865838333246859	42
0.08549376188183	0.429251811241094	42
-0.112094878031865	0.940568859541462	42
0.080639256368238	0.445291372848364	172
0.023936160336	0.532161329401006	200
0.084152924179623	0.458277709757576	200
0.07478636851455	0.428016668979832	72
-0.050686102692601	0.500742785365126	2027
-0.122654874295918	0.299046920470999	2027
0.01180784531567	0.328824523021788	260
-0.065353897987833	0.734278816940303	309
0.011604581042038	0.321197559416992	14
-0.048368494089685	0.964404840033846	60
0.00993342949699705	0.819968952481019	60
0.088605756274642	0.447692942193294	117
-0.032787510887006	0.795358966898103	207
0.02088368543782	0.517625674446428	207
0.01180784531567	0.328824523021788	42
0.00652671188391596	0.297546938151618	59
0.010330500696326	0.321224299065816	200
0.032490357951303	1.19350381387121	72
0.086179444884695	0.458568738968867	1859
-0.109897876894906	0.491353335693575	198
-0.108043913504613	1.41333809910461	60
0.096392670252814	1.16928163144144	60
0.119580099522758	0.780999022259748	222
0.014821218141027	0.330145166741139	282
-0.065348284235584	0.560106532225394	207
-0.0509758295573089	1.49213169327002	42
0.071293900397887	0.413201736399122	42
-0.040068224986331	0.40238702160927	42
0.010330500696326	0.321224299065816	59
0.077528676606238	0.436318837372322	200
-0.124486855511389	0.295035218604979	200
0.122295565610499	0.54051585882624	20
-0.118312135016315	0.649287325415081	72
-0.121721859371104	0.301594621649869	72
0.010870810347796	0.321591005229121	14
-0.00720580899961199	1.28259079380523	213
-0.00516056016794397	0.61094707533054	172
-0.079208623268142	0.722492737755587	309
0.105498369701642	1.07278872863806	2057
-0.110595010504872	0.946793351490398	102
0.003971891632509	0.883526436132524	27
-0.122213643835005	1.04394462953302	42
-0.073041990783251	0.666615239526475	294
-0.119455309393514	0.566570029737942	309
-0.029696815943369	1.25225868555534	213
-0.107410449168745	0.815210287526679	213
-0.064378560066385	1.2796428797284	102
-0.027496156423111	0.942851320955738	117
-0.024124270944658	1.20525842083649	42
-0.047677560987182	0.906425589086517	1945
-0.03733326398163	0.42084937893588	72
-0.019516279377382	1.09223611593128	72
-0.056087729979032	0.892511617317769	309
0.0159173727933249	1.1789349849532	14
-0.00127974021741994	0.605173109608273	14
-0.019807967000687	1.09592652466798	102
0.101961187622625	0.85528615855172	117
0.0149161446399519	1.02810776434622	117
-0.03259482952204	1.47290742679174	42
-0.07609409618418	1.50717446945843	42
0.00196081184805996	1.00516341898169	42
0.064116581969502	0.652149895040515	210
-0.0338741880624021	0.423227340658813	309
-0.120489683804869	1.25991163028873	213
0.058941853445279	1.08005483540073	102
-0.118760593275741	0.912313087640863	102
-0.080500707334581	1.12919250635318	102
-0.122556878994197	0.470952455806079	42
-0.100017620609159	0.711970994986964	42
0.024094007672109	0.776390827296194	42
0.123879258945979	1.11765686997929	42
0.056390596449066	1.28965056946708	42
-0.083674538935217	0.816582751561992	228
-0.119906943516615	0.869436816346126	743
-0.11406101066277	0.479661895738834	687
-0.119384703849551	0.488610044431302	44
-0.122654874295918	0.299046920470999	375
0.078613567811974	0.440700090909921	1622
0.067406382468403	0.643444180844644	210
-0.085173568066128	0.594489974909366	484
-0.108775472052796	0.941433890470235	14
0.029404301194911	1.38015162811177	27
-0.052819862442432	0.848118341169947	102
-0.030425171172783	1.20634864892906	102
-0.115206657965594	0.487228967952989	42
-0.047063659947765	1.23039786328125	42
0.0145100748385441	0.53050807188461	642
0.019745962700183	0.524032100972519	642
-0.042720775625685	0.409731753390534	375
-0.120050007277107	0.288520316330793	1511
0.123752545103715	1.68288745500527	514
0.113924083653156	1.00802706554942	102
0.021699952132775	1.12301009621881	102
0.060177522051882	1.1937780500846	42
0.09499585087328	1.35472459993839	42
-0.108107614665825	1.02870742025047	228
-0.02886228689951	0.83337763625089	1462
-0.00204132576486005	0.61866687330194	59
0.098654331838905	1.04055981689034	72
0.073962619552592	0.80119671084161	72
0.00919025134873597	0.328174429060915	375
-0.03991586842974	0.406272765446252	1511
-0.055560747604701	0.579556480015323	44
-0.050782231256296	2.02381296483017	213
0.046741804673667	1.02441056058781	102
0.00824744924570797	1.12183602053689	102
-0.082237535995317	0.778976825317759	102
-0.056178270696622	0.770564454249186	102
-0.096650309576611	0.725781090550716	102
-0.090010076740757	1.92753185681069	102
0.019631574699386	0.520394119453679	1446
-0.119435870791011	0.47362820750234	72
-0.066177468702692	0.494029562303584	519
-0.0395211955857629	0.417543141393599	14
-0.0714824921410671	1.26530272835578	213
-0.116343561550697	0.809774259244495	117
0.010122147120717	0.627446524926826	997
-0.077133192352248	0.685782696259315	42
0.0584235045886	1.38678095629772	228
-0.052819862442432	0.848118341169947	1446
0.090016122464239	0.909440142575708	271
0.00677240609201402	0.68510878468626	271
0.069744073771676	1.12612167228066	72
0.119490947319074	0.961024395991727	72
0.00593360477216698	1.08588969523547	72
-0.011167872288218	1.1520450148758	72
-0.124678754417761	0.791613931136992	44
0.0146186173578891	0.698413036774709	519
-0.12406921577079	0.714664812790547	519
-0.122584175362249	0.475934936091266	57
-0.036015782743425	0.410796673940341	57
-0.016955721988019	0.935693546262766	514
-0.107633078664563	0.48534753854032	484
-0.031807524439374	1.11688752232806	102
0.088532828194419	1.17696818314163	102
-0.114814301104082	1.04397360394592	102
-0.097995632123737	0.74492331279612	997
-0.00828461788269697	1.54413449570853	1144
-0.031310228377784	1.46189411105885	42
-0.00871790132095796	0.978553588002815	42
-0.07322674592747	0.675459908726226	642
0.097288263582508	1.02343184734851	20
0.052259676604509	1.04157557127933	20
-0.035846617988208	0.765286036191584	72
-0.099239540788202	0.823238725933648	72
0.0278850991115011	1.61446791169191	72
-0.089053281596048	0.583776962623251	772
-0.041384422158112	0.690639021273051	210
-0.000783564443084028	1.93911903022952	213
0.080931870140968	1.56150917242035	102
0.027420335092068	0.975489866137424	102
-0.11322977910507	0.655141079527248	102
0.00763152875448503	1.01816583375349	102
-0.092851920500935	0.763962235549972	102
-0.066420353517724	0.769992667382095	1144
0.072612683428893	0.943254681128985	42
-0.094268365522619	0.871133337668377	42
-0.028686883528891	0.795616551465564	1122
-0.035343630583146	1.15642140338884	20
-0.105243863133542	0.671395417660772	20
0.027522522181096	1.14382552963616	118
-0.11564785429663	0.649741384234656	271
-0.0876991006851781	0.585006706838369	271
0.0898296815840121	0.451319370102044	72
0.01757125154706	0.517636162759777	210
0.034262491721362	0.825268187719894	57
-0.080054655923944	2.07589792833509	213
-0.0848880265190281	1.26933647494913	102
0.102950245460664	1.9368116780647	102
-0.103834507290175	0.770284917483801	102
-0.00421571505454998	1.46191941923949	102
-0.062250390909697	1.39602024652219	102
0.099458304774489	0.753195346778823	42
-0.019885994105636	1.01276882176928	42
-0.052933715809881	1.13792732735617	42
-0.054550882244657	0.588400680058249	59
0.0706010724067701	1.13279210399149	20
0.028685171104295	0.792174595364447	20
-0.037714999484554	1.23615631553351	72
-0.054052657061157	0.604169371208338	216
-0.117976268261432	0.465641446067978	772
-0.124771406628524	0.287619935610129	210
0.05905768786904	1.00650181656184	484
0.041469789969471	1.5913143432134	213
-0.023153976677545	1.22279194397505	102
-0.110621545613578	0.843396610635126	102
0.013075079948027	1.15877382408341	102
0.01905976351589	1.37618459820795	102
-0.00333368333512596	0.802953309230748	102
-0.075480529539174	1.2171702668326	997
-0.089996527407355	0.968218192125035	42
-0.094553111760993	1.21667185516328	228
-0.124055325527986	0.831237761902588	20
0.00538042791818705	1.24997008176188	20
-0.038695373159904	0.398403630673275	98
-0.057443495771064	0.856287543470851	519
-0.108210515372996	0.666566846941729	519
0.047923876756088	0.834129056543419	345
-0.054829506052026	0.918340376652811	484
-0.046328742101925	1.57871529319391	102
-0.112918826404068	0.864658420068799	102
0.098403732046081	1.46455476489959	997
-0.015772079648385	1.17983602036274	42
0.028417891369573	0.790245988841241	42
-0.088939421398909	1.36253058639652	42
0.022891208666723	1.12515341492967	42
-0.011655391547279	0.850271534207273	59
0.0978783485846	0.870420167238646	20
-0.028108178378952	1.30065962443305	98
-0.093962624108707	0.593776921226514	519
0.039130238339758	1.51002381503425	44
0.038324609619602	1.57831319107474	44
-0.040366820642	0.393927401351609	210
0.09227366661221	0.982763415520622	484
0.048099627081606	0.914609211589958	484
0.020260242170452	1.27675563091663	102
0.069827736550543	1.37717415573712	102
0.06710333255101	1.18213055808862	102
-0.0579657319461661	1.04272073499418	102
-0.120886888100283	0.873139539832943	102
-0.0895826227763	0.556212912072209	1018
-0.107480596961095	0.905898422530757	42
-0.108683616735713	0.548070598188674	42
-0.0712105000657161	1.19350233448602	42
0.0531329669732	1.16198771084298	42
0.0612969692745871	1.00936081487306	228
-0.028202920321139	0.830789773712042	228
0.0775267238590141	1.08932720562355	1462
-0.086535358267122	0.594141299412439	59
-0.114091501562625	0.467993148148572	20
-0.00275895377770996	0.625149957309985	20
-0.117266468147399	0.487042833084984	20
0.00181013922059103	0.616667656968467	1007
0.024613319877852	0.534193100154946	772
-0.097393588647479	0.569926582019046	210
0.002273609831971	0.634337307632207	210
0.094140515647184	1.11339757563563	57
0.039707917754101	1.09195964034477	2194
0.084157709373192	1.66491629713756	460
0.066602429440633	2.04356276950049	102
-0.091936788767468	1.51559309763636	102
-0.00878365321288599	1.0872200683754	102
-0.103249818554051	0.866414467483956	42
-0.108494470345359	1.40630599973128	42
-0.087257147122504	0.664438847182242	42
-0.024296818642624	0.877296046335957	423
-0.035013461872774	1.51657025741094	228
-0.0614260129363851	0.493998426283015	271
-0.051623162168461	0.842969018558938	1604
0.014086789401819	0.323278777981483	1604
-0.124871365375481	0.725676857735168	519
0.044808780009315	0.890794425907584	772
-0.039590545703062	0.703202438430272	772
-0.060430419394311	0.502958618060688	2194
-0.0161550841067321	2.38586517268307	460
-0.077755185377714	0.956449140913077	102
0.041443752050656	1.1084091399059	102
-0.110913128445957	0.487262109697103	42
0.092391282184218	0.437726614065912	1604
0.00187324281214396	0.587017272466158	72
-0.020102951102886	1.23094917475804	519
-0.124924672034702	0.695533337619203	772
-0.0338741880624021	0.423227340658813	2194
0.047986223280083	2.27880909654022	460
0.00223534447441998	2.2213182238143	460
0.034743404625585	1.44581274900303	102
-0.028261047524447	1.03802710961033	102
-0.00459261209762496	1.57395282011732	42
0.090180747768847	0.833133118102962	423
-0.056502503089955	0.96525621693271	228
0.00328825139009603	0.313842312179367	98
0.000164216005017037	0.634817759683454	943
0.120866277363112	0.966505753226949	271
0.00426729450261698	1.90078770117393	102
0.049236817842006	1.05025953075468	102
-0.083387014259806	0.646432618292123	175
0.068310591602991	0.642529372192458	1935
-0.119140932790266	0.793956022975271	228
-0.03733326398163	0.42084937893588	98
-0.029575057542867	1.24137900783213	98
0.078613567811974	0.440700090909921	1331
-0.062232331889586	1.17140590165698	72
0.014288550117755	1.17033895433943	33
-0.119116575596485	0.294722912320112	2194
0.000558754195507993	0.62565149108759	14
-0.011454996484521	2.36758308269821	102
-0.044317819523869	1.45210283197806	102
0.053978815847793	1.53461344118611	102
-0.014014611445478	1.24651550624622	102
-0.0596754042896071	1.44361072934831	42
-0.00493392741916199	0.788288296427307	1935
-0.025784673695931	1.68284049052935	561
-0.088631851326099	0.656618171179283	161
-0.080586543489954	0.717831228278558	772
-0.00296262893230503	0.878543696659628	210
0.012744925175151	0.330471033714227	210
-0.118123453644104	0.39343125657931	14
-0.030357279233612	0.41675931794205	2194
-0.021755216601934	1.93637996351991	102
-0.0545798675206241	0.854044533661656	102
-0.029115301382374	1.00668209153839	997
-0.118799225905525	1.13648864578519	102
-0.111956681344702	0.867947149390212	42
0.116087886137865	1.097123717058	42
0.102556732546282	1.39863341572847	561
-0.087862848877858	0.803125223413653	772
0.096584345296668	1.01218830417059	772
-0.0297154083592081	0.780209857596996	210
-0.038426819693694	0.421708916229752	2194
-0.088181443278568	0.577878337823785	1478
-0.121051477003712	1.88065929426315	102
-0.095311474314982	1.26643487460172	102
-0.016387282850433	1.70512553290226	228
-0.112919849840998	1.23876417895841	20
-0.060220288481429	0.50299882605424	118
-0.053546495619856	0.506845227560067	98
0.122824472636456	0.560012419174352	72
0.099153680665476	1.39788189326265	161
-0.00844532420022903	0.944656262846834	210
-0.074884809783533	0.749799194562524	210
-0.039473272006825	0.587295718676434	210
-0.05538016784143	0.589663415722795	2194
-0.00141715840629197	1.35292514246129	102
-0.036691628204354	0.972419530974453	102
-0.115956161894007	1.2600544850115	561
0.053616524763605	1.68174667786178	13
0.072892539966295	0.78926619312125	42
0.006558419916458	0.8058420992611	423
-0.005122351723166	1.07711859457617	472
0.015023158882947	0.324854161382719	472
-0.100442416388676	0.455209317569919	108
-0.121877028555802	0.705279642665152	98
-0.00675875519723002	0.835899998992777	118
-0.0327850597023041	0.424996962074032	72
0.0194472830031111	0.53734121280457	465
0.010723132247172	0.624756260730196	465
-0.123481447014312	0.391211230116176	657
-0.048756206183448	0.902583785650785	14
0.094839467631787	2.20175853702518	363
-0.023734005551694	1.92134941387723	102
-0.094251057407794	1.22726714901393	102
-0.113536845447185	1.0249956623433	102
-0.090654445945245	0.614449865086444	42
-0.084606989135855	0.818182266562883	663
0.00845318702576103	0.877505093813821	472
0.046555253012034	0.916420879477429	472
0.00229956666519304	0.881186448843051	561
-0.062618832529901	0.752043103381329	561
0.068448582547316	0.646657599726578	108
0.092583681834314	1.07373704130785	108
-0.113111801827057	0.477876912441705	108
0.079108488629386	1.17951552151809	72
-0.104882642359064	0.937956051294699	72
-0.081224013248738	0.824452667592419	72
0.000453291496302022	0.703001743876529	465
-0.055387203349424	0.578753032963955	988
-0.118343800918957	0.49066579519872	988
-0.034444942939976	0.401966465450928	657
-0.055677245374128	0.478557727358525	657
0.122701233176438	0.574776127369681	19
-0.035091013428332	0.678839901738912	210
-0.097399229615145	0.588359161297181	210
-0.107530567659552	2.17715392712799	363
0.046332267861895	1.39299263672534	363
-0.056619041361615	1.32195460326195	102
-0.121555347256382	1.3828787733445	102
-0.100762398315361	0.723706122232253	13
0.049932956366919	0.752771719089047	102
0.01270418719727	1.28188137931877	42
0.099999984309308	0.761246266194614	175
-0.110910729742682	1.0150547084258	175
0.000839297560968011	1.2489218422524	561
-0.083156824653018	0.591273313645432	108
-0.113021288797774	0.483001927333223	108
-0.090456296070135	0.581831467512168	508
-0.080754444080964	0.710075358395226	98
-0.050091165868395	0.89320442604577	72
0.0587547452713501	0.638363806584857	72
0.018488912869189	0.540405081728692	465
0.064168442365686	0.729074779479456	210
0.006374470016834	0.62278876388889	210
0.097484753996496	2.43383989634162	363
-0.090550593976324	1.20164603637621	102
-0.0298381780511861	0.855776004343581	13
0.065412213146945	1.32671754973834	13
-0.10468141060785	1.32036505492409	102
-0.067609290307994	0.760908783014715	102
0.060132704601659	0.747629981519864	102
-0.110898748836124	0.481685557358006	102
-0.05834720143968	0.512601988809097	102
0.042607706020413	1.15632419418197	175
-0.118481491039909	0.731662085449752	175
-0.03604848994537	1.21770707364099	472
-0.040293803270779	0.413657506965979	561
-0.121721859371104	0.301594621649869	108
-0.038903341682756	0.68596350737616	108
-0.039113364786836	0.782226579558598	98
-0.085175372642555	0.752679735803073	72
0.088886753584512	0.447572590739848	72
-0.030919217205799	0.422129649923738	72
-0.124122549088882	0.570902482391252	465
-0.050777223632023	0.490083814016871	210
0.0276349771471091	0.530320083599411	12
0.02659896974113	1.97625917719748	363
-0.113897130646486	1.00215445299852	102
-0.078550280901495	1.10332346019491	102
0.047232459456596	1.06213724543875	13
0.00946488758041897	0.785465848122117	13
0.00293301802036206	0.796573792409785	42
-0.0932973493454971	0.587172450758311	42
-0.047548007116091	0.611954435520886	663
-0.026573023231635	0.944456296793081	663
-0.031007710055762	0.997847400532232	175
-0.037671499320216	0.712340313120127	108
-0.053114725143065	0.604807652102686	108
0.024891065888232	0.531876231295527	72
-0.118122282787893	0.382941065818878	988
-0.037102346921787	0.413048623194024	19
-0.104086469403922	0.944684513155905	210
-0.028153430754986	0.860872881685132	228
-0.12259792805458	0.630680736710468	561
-0.112260554456063	0.661083777862447	108
-0.073608750250423	0.672217468077829	108
0.053701352469932	0.729980584301114	508
-0.0750322178481631	0.668530248200885	98
-0.119182832285873	0.648331808764282	98
-0.00225922171212101	0.797402076130972	72
-0.058344744941319	0.600132313854428	72
0.00290998500015505	0.680043459387851	465
-0.123357408952821	0.446415208922837	210
-0.11995445196841	0.638437945349155	175
-0.047041645884654	0.75239211408911	175
-0.113617146229736	0.992279288152272	561
-0.118524296117597	0.938520999391123	561
0.00589484826095399	0.961244266842489	1681
0.054370381707283	1.02429186007308	108
0.040102355336008	1.08064240185731	508
0.098012622354717	1.06427046962345	72
0.0909267388688449	0.982102448593928	72
0.051644348681094	0.729177212986951	988
-0.050902790527823	0.611059071724342	12
-0.07853639657479	0.684377255084866	12
-0.078544132007795	1.79722552179994	102
-0.044701614480534	1.51753533602647	13
0.012919966180994	1.91674491745397	13
-0.104354831594007	0.732683958467045	175
0.00110530066520897	0.608497223126614	34
-0.054676993558291	0.561951758832907	34
0.113721058878032	0.76771130102151	108
-0.091948908848644	0.89422571229493	98
0.041919456039458	0.903929817586858	1277
0.120369863244723	1.64893738167562	72
-0.105276246395317	0.948555713349985	13
-0.045035796484722	0.597922967731717	42
-0.104323481085936	1.22928082812215	509
-0.063226384723886	0.833713539710224	34
-0.036338772629204	0.709718909097668	108
-0.109544844561094	0.658635841410236	98
0.038473792694613	1.11307770865017	98
-0.115696143586547	0.915625612153611	26
0.00919025134873597	0.328174429060915	16
0.036636328196712	0.858710443037148	1172
0.00293938105338298	0.60721178119695	620
-0.0614042151051351	1.59611022517035	13
-0.0842068764077381	1.19127301649052	13
0.0181052778797191	1.33565582212547	13
-0.094875626984719	0.947231186155913	13
-0.038908189875649	0.852245224646428	262
-0.0541168415954441	0.591501914365838	26
-0.00594819442710703	0.865333612696534	26
0.011769696424146	0.503233179991987	26
0.119575652936885	1.2386731076274	26
0.115427795105916	1.34940429885068	72
-0.113283251603897	0.74214733923059	72
-0.054631710138106	0.504653514235668	1172
-0.077831551285806	1.5570561089617	13
-0.040808740486586	0.733805905544783	509
-0.00314129388974005	0.885024582396654	262
-0.10251891571263	0.870060489406566	72
-0.049836011233346	0.981298805630862	72
-0.116506500594663	0.804465012174001	16
-0.027486710451392	0.400361277557866	1172
-0.097995632123737	0.74492331279612	12
0.088886753584512	0.447572590739848	12
-0.110159408781575	1.10146332731171	13
-0.112865041105589	0.661732549854182	509
-0.00324264356905801	0.798953392713358	262
0.067632575466873	2.13798635700614	175
-0.042320367741743	0.927491538926323	108
0.050501227949779	0.830139945522796	98
0.088334793924831	1.09751559363598	16
-0.00547039464834898	0.846251450195152	12
0.122347663604439	0.979310440602043	175
-0.046492545311507	0.92976855868434	98
-0.043911829493635	0.755859066163368	98
0.00932048011560904	0.719381836555592	72
-0.120013553050607	0.292690408147962	1172
-0.101881456126634	1.01880953805625	12
-0.064132610560558	0.460736772592414	12
-0.109607541413905	1.0098875708383	13
-0.105350930942365	1.39591633689959	13
0.00115128913189599	0.727067260492629	175
-0.080362359638203	0.806711190876889	175
-0.049601198678861	0.506210661981402	72
0.00776795274886799	0.32473795344534	16
0.0276297387965601	0.531803311206667	16
-0.0338741880624021	0.423227340658813	19
-0.064769643077955	0.812438440382286	12
-0.096817474588087	1.17576828222676	509
-0.046045929334821	0.998344931512045	509
0.00339026406026299	0.893109793203249	262
-0.028673319902714	1.31419645220345	175
-0.098699104283155	0.813650707420691	34
-0.001866438506959	0.879477203452081	34
-0.061237337579743	0.672431143151543	34
-0.0651411875455991	0.765871367071848	34
-0.02757226411695	1.00067951031307	34
0.00240786883940003	0.846623832226007	98
0.084166679268164	0.85392330737559	98
-0.117211287488287	0.470731773789801	98
-0.008357007801302	1.07673248754088	26
0.034319820618926	0.987849228656323	72
-0.094173126396761	1.8052628127516	13
-0.00932424095435302	1.09386844098387	175
-0.050381833786904	1.0724529713339	228
0.000224829428231987	1.09842176688538	34
-0.120761596067795	0.732187295286352	34
-0.072257758006351	0.830149348147479	98
0.077590648819708	0.942844416934744	98
-0.109128720029456	0.654681778737891	26
-0.11001931670454	1.16498094958939	26
-0.063657859679712	1.02691872457849	710
-0.028858124103047	0.780104501700271	72
0.019662713327252	0.853544015277202	16
0.061326244170253	1.09450524901955	1172
-0.068180702217831	1.1985307402761	13
-0.112591347440265	0.872328073329012	13
0.059851898352307	1.38602735250661	175
0.042968299621383	1.09529904292836	262
-0.035415204471718	0.754960206674051	1088
0.098860827278421	1.21096631073579	360
0.000770929080574967	1.0365430833321	26
-0.019244680375925	0.930901786458374	16
-0.053710331404272	0.578782796378197	2254
-0.109892568213449	0.639955141566163	12
0.022423508880643	1.81631395030521	13
-0.021248242302872	1.72542480463544	13
-0.042302651773193	1.21424466800846	13
0.056079644831929	1.46336599748341	509
-0.098321218755172	1.109651745503	672
-0.026224273495693	1.39761650524436	175
0.012018045799998	1.11327882758816	433
-0.060884785599615	1.07353604367179	433
0.011383011280547	1.50602418654882	433
0.0368146807466	1.32445751534422	1088
0.071588116510713	1.14278862438399	98
0.066139707020814	0.636351193454285	98
-0.090677618788958	0.59911445473261	26
0.013150464060152	0.316393456751397	26
0.059093201358054	1.55962366872582	26
0.025505477518547	1.13639622472577	72
-0.021181476117663	0.949809456977785	16
0.020861794168846	0.917295589341125	16
-0.072649490407949	0.655370751666695	798
-0.10840577556655	1.41595177376637	13
-0.0816601815878359	1.32720517980126	13
0.08254458528078	2.20197637950798	13
0.0118299626121799	1.56864880546814	523
-0.05433860629851	1.07055799899336	672
-0.068808795735762	0.76391474546446	262
-0.025626193453298	1.55622770076943	1733
0.073357062953975	1.16250681315535	175
0.024213639763159	1.75711862671547	433
-0.059663725775494	1.51116006354486	433
0.024567070491892	1.05338977851012	98
0.0588173902407581	0.797235330219876	26
0.00321077093413802	1.17790057046324	16
0.019780346574268	0.521940454386847	1597
0.111872683655248	0.530032077040031	2254
0.00087096080071003	0.587827078728898	801
0.103214958431497	0.774851183031399	801
-0.05237127029286	0.495280696893215	12
-0.123046914008194	0.627474085567719	12
0.025773896086294	1.33448715321147	13
-0.012197066367045	1.65577695204639	13
0.086148967382392	2.14812247312253	13
0.081041812885101	2.0501960513238	523
0.066057422013339	1.19737092712647	84
-0.077834270653704	0.722888489594294	509
0.0494943256786879	1.53780514531082	509
-0.105593575080274	0.924992904638721	672
0.046466397535697	0.699498406698404	262
0.074364320235928	0.936382601926109	262
0.024016181086457	1.0583536968915	262
-0.109797856342301	0.633882052727423	262
-0.044397135744748	0.695296658480323	262
0.105264765520228	1.89836628414297	1733
-0.042094775629704	0.903538731875653	433
-0.117869014132354	1.27196586217724	433
0.087431295395024	2.12674401906129	433
-0.111116868522519	1.20429197809606	1088
0.124324579120856	1.93998334544811	1088
0.01672606396929	0.529573284678017	98
-0.122543632373157	0.47011331197041	710
0.00307279083411705	1.16125622701776	72
0.043458817218098	0.838992093505945	80
0.014557376380396	0.505410749687666	2254
-0.119657852893997	1.27570127251975	13
0.0641575190395201	1.67681125690188	523
-0.057825854607941	1.01517147046491	509
-0.098493169338869	0.732672341526708	262
-0.022932706862291	0.855015238705089	262
-0.025993108735119	1.13254180912808	433
-0.010327828971051	1.14523867659279	433
-0.0619301448926261	1.03761815609917	1088
-0.062042584450855	1.13609582906545	98
-0.085901832187504	0.633319955584339	98
0.122473995648896	1.37555451389857	26
0.000384829757742011	1.02160516470489	26
-0.115944480987006	0.652448273825791	26
0.00276298762628602	0.962777137190415	72
0.078551045889518	0.822063801870789	72
-0.121803622653388	0.872656786645775	16
0.080380626386381	1.17115789129764	12
0.120124703482166	0.976944117031569	12
0.080629899934765	0.442137252619314	801
0.054610110160831	1.07856415579289	801
-0.035012640169376	1.05329394103571	80
-0.113006242945038	0.483132622452983	12
-0.114533049843455	1.27048373448781	13
0.07148454231338	1.79965397108953	13
-0.105060470232679	1.10815226534299	13
0.10290925958406	1.2399505281634	509
0.095376682894927	1.44585538543927	262
0.113475519867514	1.76311046792985	1733
0.016804624634694	1.60171644854409	1733
0.019690042209304	1.2077293920752	433
-0.065593824079754	1.09786153142282	98
0.044147733168346	0.826532844978712	98
-0.112575433393393	0.794686939514989	98
0.090964732128155	0.852982721775736	582
-0.091949418402601	0.800908040039924	26
-0.020609019035176	1.15682893582296	26
0.096279756152914	1.20430255714643	26
0.083664910708202	1.21112150879073	72
-0.027664750380843	0.838456917410332	16
-0.00626698312401497	0.867739570079569	801
-0.053241500354318	0.596085097626479	12
0.014862510666892	0.502940347598068	12
-0.096126190544923	0.822476508142715	12
0.030451731696029	1.44232778912479	13
0.068053089853055	1.49207529728056	13
-0.044332019918311	1.40035213432544	13
-0.074863103585386	0.92051057166657	523
0.096853098623199	0.874642727163486	262
-0.022022322112435	1.01105681879889	262
0.034351809880603	0.948702126287448	1733
-0.034138900642337	1.19923388010373	433
0.000301107455699001	0.809388383774205	505
-0.0615644331311021	0.837327583072052	433
-0.109439370142801	0.854403372681872	1088
-0.118327099919453	0.772982280447963	1088
-0.114095554420716	0.483247367146729	98
-0.015199651693474	0.842012923851471	26
0.058501870584642	0.883405501295917	16
-0.025809387338027	0.706701606932456	16
0.0659958361547131	1.21081937518287	12
-0.038815220519281	0.782996516203315	898
-0.092449288769376	0.589300309287984	801
-0.097475600598364	0.586704517784558	801
0.091781413355003	0.818082997773737	1659
-0.087265231865679	1.00628668069557	13
0.067987274998956	1.08867785742167	175
-0.026177147786098	0.871085208412119	1733
-0.119509026751056	0.888641319911505	433
0.025886152839574	1.02505749091543	433
-0.0910864506216	0.808638470172564	433
-0.00243257353770099	0.609162228201377	98
-0.122661239470935	0.578023425272792	98
-0.091410421617622	0.590377756386901	98
0.0960420046694001	0.998346308990068	582
-0.0851547728086131	0.823417651159113	26
0.112523023646572	0.957261662253588	16
-0.038250587876192	0.603807342765441	16
0.116931906708048	0.958067839001852	12
0.028761400513031	0.900831535862144	12
0.05429953503553	2.13170654485477	608
0.00351283087751797	1.09092181659027	21
-0.071033562883615	1.12041014323907	523
-0.0709243462713	0.974961368108948	523
-0.034590794161984	1.08860271534904	175
-0.10253147101808	0.76352907281818	262
-0.046056643620737	1.05542007278926	1733
-0.0965040005439159	0.728607619858365	1733
0.000729517695245985	1.15488245309029	433
-0.117749973065873	0.913361275396206	865
-0.122096475706046	0.874358145831172	865
-0.105683057823155	0.851565648711662	433
-0.046901801961781	1.07649834823698	433
0.063114395437424	1.37949643241584	98
-0.113712199171187	0.787603170807851	98
0.00695531013319395	0.776368946950209	98
0.00484525869005203	0.702537792570525	98
0.055333201057221	0.818987976538173	98
-0.035246603456108	0.625839685287257	98
0.098800868951901	0.747093314391981	98
0.07386673597887	0.437766568101174	98
-0.057563836617615	0.971095369821266	26
0.065274026949959	0.989779913064322	26
-0.123323012833302	0.841412426493896	26
0.035562635180864	0.875635699579137	72
-0.067064661676445	0.984378776444937	72
-0.042772723973814	0.662945591729002	16
-0.058323376026182	0.768863934936847	16
0.101503329039263	1.15770031200005	16
-0.0490588802638901	0.594683572740742	16
-0.024875528509467	0.786211566796033	12
0.110795764488252	0.784221502286744	898
-0.054723478135846	0.501510077350569	80
0.00417405339140398	2.03564281418532	608
0.00670241918003001	2.13361754248351	608
-0.118574346026291	1.56651422396348	608
0.071374064311355	1.25674653242368	21
-0.093955864072766	0.571059782114837	175
-0.124965299282445	0.567270705424119	175
-0.10100704105962	0.648861766822854	865
-0.048090701922089	0.975071674183261	433
-0.030073512079831	0.996575534659096	98
0.042333191293376	0.742370183807634	98
-0.00323748052132	0.709091520736367	98
-0.109876890209183	0.495105031558872	98
-0.00150779569014603	0.702709865550214	107
-0.068267030144476	0.895957230197568	26
0.123974583779844	0.960531139893788	72
-0.107408186403416	0.660230906438737	72
0.0000735836170140392	0.790114609166296	16
-0.074177861109477	0.690893360300718	12
-0.051842584765722	0.614742749486271	898
-0.119556263153021	0.392533561219143	12
0.014463534602754	0.506184731630444	12
-0.046571852014183	2.22952902135542	608
-0.034103393300291	1.14985426531511	13
-0.034959860710874	1.1987017245878	21
-0.066160300407052	1.21765684558022	21
-0.099844073559704	0.860821219004805	523
-0.0957978904661601	0.89362811559885	509
0.029007540927652	1.06314819002956	509
-0.078325112888621	0.81160708388974	262
0.00232260521875805	0.863782310062908	1011
0.030873323134987	0.971351975386509	433
-0.075854993633854	0.729622347646643	433
-0.038872750446949	0.752053245970024	98
0.120262390258887	1.08143255536721	582
0.041778627018261	1.22177555966508	26
-0.095442573582879	0.583351389607599	16
0.00192970529844605	0.895766037803159	16
-0.00151310030474605	0.875347887580643	16
0.0891575596491751	0.836415314985129	12
-0.081667432714686	1.03514424738038	12
-0.09626592846578	0.581521910159386	12
0.051239978250587	0.754891882676115	801
-0.036311241348249	2.36183785861188	608
0.00246972957948499	0.723559032306882	509
-0.123861153520528	0.873470459417444	262
-0.109588082782132	0.797968062173155	865
-0.098378405808364	0.585834984235316	433
0.100609473344848	0.729724001129938	433
0.022682537097949	0.536337424646462	98
-0.102652576411557	0.710301983839551	107
-0.121730729278529	0.812455205361536	582
-0.057240827666734	1.16191473906571	582
0.00426507312666402	0.613325632239549	16
0.015549227649014	1.02190093741272	12
-0.000889329978692954	0.67801111407193	801
0.075586443609633	0.414675247499375	80
-0.1208304513054	0.727894052483692	12
-0.04093790049697	2.27319576092799	608
-0.113368835040286	0.878207500932103	175
-0.101476975272116	0.888771055158966	865
-0.093943311622268	0.942797840955919	865
-0.104412341241275	0.838999251970696	505
0.076704426524597	1.17766060998897	98
0.030674869667869	0.986990305859665	98
-0.00151310030474605	0.875347887580643	98
-0.124953976318044	0.581506998505989	98
-0.077357069474237	0.834905374357201	107
-0.0626501635965741	0.837127710325392	26
-0.113138309754547	0.79965522066373	72
0.070785972709323	1.02070380313885	16
-0.054122132412281	0.604071642151704	16
-0.00346113557566896	0.952437629633863	16
0.065116225593846	1.01021738708965	16
0.081223236002359	0.767261176413188	12
0.087511500297583	0.984804504427368	12
0.059220766663725	1.00213711518147	12
-0.12377993040711	1.08104539216864	21
0.00634129707978803	1.31116335288239	21
0.016311915790941	0.910877141453194	865
-0.0807571894888221	0.980632587069091	505
-0.108632249229623	0.643517405949789	582
0.05385651258137	1.07116212677267	72
0.091516111566778	0.828046028359107	16
-0.103031575519652	0.890149306523147	16
-0.042688071283026	0.605742007442562	12
-0.05386366811643	1.20597209568883	21
-0.060480385372678	1.12045103575236	21
0.032171321805223	1.35111596117669	21
-0.067098211182099	0.887197244422203	21
-0.090454767646364	1.11977290340737	509
0.06485630933411	1.1154205594883	175
-0.018893963496073	1.10079588109721	865
-0.119818372727156	1.01246608762181	505
0.0906864850445011	1.22776213993306	98
-0.124592204581251	0.912992909335889	98
0.113136501427503	1.34395976578865	98
0.062641623169586	1.08679845526623	98
0.0635997002088951	1.00763184334541	98
0.042262503350893	0.693265321869687	582
-0.018352943539755	0.952056972064331	26
0.108160382139315	1.17463416343087	72
0.017854434345279	1.18108695560705	72
-0.105223767665429	0.727368320572996	12
-0.039540826391658	0.706551746980838	12
-0.049086412887569	0.754635896997551	12
0.095622107058959	1.47234065592253	21
-0.083622771609124	1.12465432599532	21
0.122797935004828	1.27718751946717	865
-0.067064661676445	0.984378776444937	865
0.075226531509064	1.43795573020128	433
0.020700208721942	1.27288013968519	98
-0.0308998564675	0.763990143513691	98
-0.045445854421332	0.501041100800888	90
-0.120178756840003	0.387879293019151	107
-0.024745418953566	1.06939206239692	26
0.00838994831875395	1.10402802318369	72
0.077456356821873	1.07406016880724	1115
-0.124362542869818	0.636614362987022	16
-0.105977934872138	0.652070476286242	12
-0.038040996521774	0.851092526411404	12
-0.089400087187163	0.583915796121659	12
-0.089063016353668	1.25730020388025	21
-0.061879123079326	1.20266066924233	21
-0.00110283912834597	0.889573644128369	509
-0.119627377988384	0.726488607049423	865
-0.034314314975078	0.900257289797596	433
0.024842455876366	1.08454159363703	98
-0.113550901001463	0.465522923285458	90
-0.00299823441041702	0.808335768532174	1365
-0.120814623251512	0.731249876684528	72
-0.121051137894649	0.688435114526476	16
-0.07407104129005	0.651216738915931	12
0.056163902423335	0.733010311386925	12
-0.000623180154536995	0.72470573626154	12
0.051138021552065	1.06999381715852	1171
0.123641136759229	0.572822943006977	1171
-0.119108103612796	2.00531377196228	608
-0.018321344402297	1.39186769295148	21
-0.08161861153172	0.587635399673709	87
-0.114602496312109	0.929043159862682	175
0.029539964397534	1.20773441677648	865
0.00980024483547004	1.04741209062225	865
0.055155311505396	1.15565298981867	433
-0.113166249812772	0.925147119414332	433
0.086797990242608	1.34019823244593	433
-0.058166014063611	0.959320408994787	98
-0.031859846507763	0.850363823862346	98
0.022028668281829	0.524613341275992	90
-0.00925380176634905	0.613807900308184	90
-0.00344021497531699	0.719499484226187	582
0.082779329626317	1.00457975152577	873
0.09227366661221	0.982763415520622	19
0.096463449372267	1.00472931092058	16
-0.067457905512234	0.771216127315022	16
0.011258150908191	0.897650621376412	16
0.018272896936989	0.681700521581266	12
-0.06336980918726	0.49636326006238	12
0.068502130126516	0.619241317696787	12
0.101126607612148	0.76648851865459	12
-0.050494669806858	1.46839963553163	21
-0.060816010233817	1.04270339417978	509
0.050299049717869	0.730022410193283	175
-0.064013685406684	0.824933251080326	865
-0.05991182422316	1.03629070711885	433
-0.023883775541393	1.04203511005067	433
-0.00293073214553596	0.995697086105048	34
-0.117544966099681	0.950297620285355	98
-0.08725427276256	1.11701971651992	98
-0.093455505793045	0.944736361604936	98
-0.04041913643766	0.761689583548353	2305
0.023728038883126	0.525047649318737	90
-0.121395120159118	0.704351906770123	582
-0.107207257158359	0.858179949094525	72
-0.048278950908171	0.848976896366942	72
-0.044923174923529	0.828428640621167	16
-0.059374182145133	0.820977493371814	16
-0.12045034794014	0.458971655529773	12
0.048226935398075	0.7288015552946	12
-0.05733539057559	0.604569871562757	12
-0.096420619074247	0.587638094163766	12
-0.11504973507791	1.07691304674757	84
-0.03540017883882	1.14151079701856	673
-0.065206647679584	0.742570336925009	87
-0.102807066565531	1.01050377206617	485
0.054252843583896	0.988157852258282	2305
0.124241337016275	1.2852836379325	16
0.11153877525662	1.01867228530661	12
-0.048908338944791	0.992669366705738	84
-0.085488036935125	0.855837174532429	485
-0.0893925696458721	1.10346679371848	433
0.010207562143034	1.24596641181588	98
-0.077759209146385	1.02574873594223	98
0.0314948062204951	1.35784936827069	98
-0.00495459931734299	1.38643663579191	98
-0.029302089272747	0.998754163540785	26
0.0338444523896539	0.81876589031366	1551
-0.00721998909468402	0.712819633248239	12
-0.103188806179116	1.37972478182796	21
-0.091265917422002	1.19001195373892	21
-0.064465639487688	0.922148804003838	87
0.058889015838779	0.790689609976939	87
-0.069087159297623	0.911050809564452	433
0.084295548781497	1.52630787403432	34
-0.071094988378508	1.10853534678238	34
-0.058718922319345	1.20175078473366	34
-0.088392058109567	1.01778984121009	34
-0.034390098803129	0.689000689684858	98
0.0694220774138949	0.656001378757434	848
-0.100492988105948	0.764841886484507	90
-0.101038577953145	0.738632186343496	170
-0.114634894700697	0.781849827631409	26
0.05732654761078	1.23201695052701	16
-0.11436308750024	0.717020521354672	16
0.020891171831951	0.820971500843139	16
0.099253514991204	1.09858364154272	16
-0.032789293955263	0.693288504059334	338
-0.099358148257135	0.580140121036146	12
-0.00405826733664705	0.612937648180282	12
-0.059642563723299	1.03690965267136	87
0.124585762888098	1.35741631734489	433
-0.030394251872605	1.39616741929579	34
0.069109199837035	1.53080239142418	98
-0.11506775505788	0.288486401381217	90
-0.096794356498797	0.672654294622477	90
-0.034802069860119	0.701254435561946	170
-0.120125508406722	0.751091189066833	16
0.093165397079466	1.0968374428998	338
0.111375318753376	0.76687285140434	1197
-0.056201956344007	0.602106420664636	1551
0.034738988321649	0.873240501610676	12
0.0876368527195041	0.837348854228321	317
-0.084824645440715	1.57431877922556	21
-0.089248551016067	0.650631197997399	87
0.120307990323272	1.73511333650351	433
0.073851062004184	0.635140145178649	394
-0.025452138165849	0.693404356893227	848
-0.056174954569076	0.508355553645733	90
-0.122799203889279	0.620115535153629	90
-0.116233952580577	0.484158652829709	26
-0.091317319010303	1.12362108079338	26
-0.035354242066137	1.22831655615226	16
-0.00130866098855598	0.614668691182001	12
0.082666591279642	0.838624076183654	1551
-0.018951857112576	0.946111041901757	12
0.0341831719721351	1.14765546948205	84
0.019070608671539	0.954933511311272	175
-0.057482452069499	1.36767173170444	34
0.115404822640644	0.962516832967794	34
-0.124617984020154	0.394741787740212	90
0.047974406986368	0.734487305059074	90
-0.0603133888142821	1.1371688184579	26
-0.074279626134393	1.03190175405981	26
0.040186830191449	0.831568722316097	26
-0.022991947742254	0.935662046048072	16
0.00413505548612003	0.875579547210852	12
-0.077750724789156	0.653664843633802	12
0.000261755693786947	0.62275268254707	1197
0.00214540477646097	0.318454182630601	12
-0.098979444628472	0.738622192400463	21
-0.044702627364044	1.07338317653007	87
0.01753132190443	0.540711146925417	87
-0.021690160444803	1.12953007562423	87
-0.059659220118216	0.491056468209218	90
-0.034887521544668	0.702482196472317	90
0.033420150527034	1.22449414078766	26
0.122658586575722	1.54044971274721	19
-0.122379162653034	0.394390922174858	1197
0.031403898784588	1.84480148911677	21
-0.047844159159539	1.05638844295077	21
-0.092737944417036	0.794954674400838	87
-0.026600539346183	1.05931284611851	87
-0.064205360356965	1.19533517330095	87
-0.09566189994232	0.942433258080968	87
-0.090690018690453	0.89330212768981	87
-0.115694474652503	0.938026944052154	433
0.038571509324984	1.58154164583004	433
0.047823901510528	1.05322976943828	34
-0.03750165794537	0.917935359979778	34
0.049862552223881	0.75696608676223	90
0.114497362203151	1.20077270655006	90
0.0640489245199311	1.30782131866866	26
-0.118677632918979	1.06466304051124	26
-0.011725163602321	1.29127108673677	26
0.108403457316154	1.02492262132436	19
-0.053047389775774	1.07197977465139	16
0.071191761828138	1.32671330207054	16
0.00420356171923197	0.896326989388545	19
-0.074585167318473	0.674589166968767	12
-0.002644110809923	0.80245825757069	12
-0.123392276333997	1.0083519393338	21
-0.00555898126937504	0.929178263768781	87
0.027881126890386	1.05895876277965	87
-0.105503976072026	0.715825045678537	433
0.0191857908738	1.11254689455838	34
0.0380941961003159	0.993144148216772	26
0.068681599683205	1.02546345398505	19
0.10874972865139	0.783639995780393	16
0.051582509273767	1.23202815948007	16
-0.00354026603333002	0.693477311177565	16
-0.056099599608909	0.751446854764232	16
-0.037294086720545	0.774821344069099	16
0.094465095958476	1.91445669364621	21
-0.099296986087226	0.93045734248857	21
0.034312737113121	1.20495346860801	21
-0.11757876204756	1.03292734335741	84
0.100994058182531	0.998499665181807	87
0.0729654461564	0.937557082450424	87
-0.114817886638128	0.710735364626305	87
0.076717447901548	0.94876800976498	87
0.063046185885676	0.998177446709308	175
-0.023930484471955	0.859278913874806	433
-0.039337294032972	0.753579030146579	433
-0.0717880200608521	0.690576455644302	470
-0.10971066955361	0.648357879177445	470
-0.0256053566891949	0.849472715558845	470
-0.00399038701446397	0.714279705432687	470
0.035051673157993	0.972704107261633	34
-0.041116999288022	0.688812880091423	34
-0.0422378809459319	0.982461592059389	34
0.075341871732358	1.06365113948802	6
0.06803970276352	0.916188977915032	394
-0.074919617372554	0.81973089458785	394
0.124147934171668	0.968674172910377	26
0.083931100747203	0.858438367481502	26
0.00361378765946097	0.713514493242396	26
0.005421974402123	0.721050919055531	26
-0.121019530901277	0.576707965171178	26
0.083386834425302	0.859170239416043	16
0.089019636449981	0.849641414565837	16
0.055161080279974	0.839618731084661	338
0.122020771245798	0.984074110946471	338
-0.123156406423944	0.583856288512423	338
0.026166760609256	1.30853385497167	21
-0.091693881262192	1.06721829132176	21
0.03605943142657	1.44567496164464	87
-0.05746937608023	0.846926442198104	1015
-0.030882974734332	1.24095323437976	87
-0.078974276188739	0.810669552953416	433
-0.004661958225888	1.10230108825659	470
-0.076057039431615	1.1038410424515	34
-0.059057795930281	0.755430914995717	90
-0.047079209896453	0.784681331449864	16
-0.034216987663181	0.858649315522067	16
-0.121507591078405	0.624841529210809	12
-0.096590003916225	1.67291123130398	21
0.025951021146886	1.76835189370906	21
-0.080427624935326	1.34594075953166	21
-0.0275110086293	1.37332631040992	87
-0.117560913042591	0.935497607526878	87
-0.092374837991173	1.02950970205542	87
0.092294595994605	1.2357187073376	175
-0.020437699882959	1.12513199754002	470
-0.102582237679316	1.00983698181945	470
0.066290849184947	0.647872768301022	394
0.049959784274315	0.73111015650783	90
0.024986667162986	0.971135541784366	26
-0.067765450303485	1.1597054305086	26
-0.124955173506233	0.80441021368875	26
0.0619650384543941	0.999528925523501	16
-0.034908140820526	0.789025515489948	16
-0.028768000095969	2.42239486463793	21
-0.110535741727402	1.79004526329545	21
-0.0778825213025271	1.28885061470685	21
0.082876771524611	1.09259742493272	87
-0.03874837462443	0.773143634334407	87
0.123408312782667	1.27326252375354	87
-0.000219809354634948	1.16626100735671	34
-0.091569674812092	1.12681287564716	470
0.025073755598062	1.4168588895974	470
0.082827071795497	1.57946510139089	34
-0.057776024458987	0.595967971087678	6
0.042434266266841	1.13617404283809	6
-0.117279733386106	0.468892003435857	394
0.050784883952428	0.742191728386275	394
0.058868556026007	1.20166607888976	26
-0.115058016397256	0.920580631412727	26
-0.10011171042066	0.952289853497476	26
-0.086216813238777	0.597363556958713	19
0.090246565272433	0.943371532000212	12
0.0877654617543711	0.936513414781135	12
-0.065852752337863	2.13055177498337	21
-0.067501939885786	1.8650638922364	21
-0.063171472363316	1.4687865414833	21
-0.123281026611866	1.32247658147357	21
-0.00133382792661396	1.30667668167792	87
-0.077409965408027	1.37307269930998	87
0.110542573893431	1.10773487505348	87
-0.108974749865203	0.561774052119112	87
-0.114032831150589	1.33908776478642	1015
0.050370211296508	1.35944712392116	288
0.068017740358878	1.6131619782835	288
-0.026758152178281	1.27726084683439	433
0.018520290360952	1.43350930717823	470
-0.000327836514860014	1.0391318995791	394
-0.103764445058899	0.731961434364008	394
-0.060870499210485	0.83099036495275	26
-0.011962696621181	0.900133150252458	26
0.07202450416245	1.198327415862	19
-0.08939697126497	0.581148198432233	19
-0.123747916316526	0.299550317553078	19
-0.113875033346236	1.90441568824823	21
-0.076741392755771	1.00917038327513	21
-0.020449861145066	1.3066328634368	87
-0.085655387937379	1.17717366706783	87
0.0225451118086391	1.10378235981026	288
0.101423109147475	1.27376346055906	433
-0.040967398335903	0.841094383132605	470
-0.033698532069988	1.14383919002944	34
-0.048088750757594	1.01223824335742	394
0.012643118536135	1.16327504983039	394
-0.032483200517717	0.860724271136357	26
-0.038131247745131	1.3068632791863	26
-0.117567982344179	0.776391178796437	12
-0.069144855842054	1.31922501194768	12
0.030700931305559	1.31294463996908	21
-0.091646147008492	1.15381935799674	21
-0.014004353842387	2.27081758983439	87
0.079515619665121	1.1762133241396	87
-0.050373376469344	1.22956923092688	288
-0.12274428976642	0.891394416233137	288
-0.00267004847046903	1.10134201663111	288
-0.035320306951088	0.760125725985447	288
-0.110963526331302	0.47900482518451	470
-0.05834720143968	0.512601988809097	470
0.038217094345423	1.04661875736728	34
-0.0953600890301	1.43447131361405	90
-0.032008857661141	0.420388970889366	26
-0.098249005640808	0.480123958664414	26
-0.025002587089635	0.85994012353734	26
0.046880967058559	0.706378660613201	26
0.00617802754846097	0.62284999790708	12
0.116658114964314	0.551188474126258	695
-0.099277667328189	1.52401127011146	12
0.04026053642979	2.29819919596726	619
0.089853735723085	1.40246256170203	21
-0.042650860091171	0.77258269472759	21
-0.00168736174782702	0.849364475091323	21
0.122560065099649	1.25063718746262	87
0.04914399966587	1.52955623861286	87
0.076982060207371	0.947561963478602	288
0.043303865940766	0.843768458191272	288
-0.099742630171802	0.582730336221923	470
0.078324308155279	0.917971505147424	470
-0.049886556355161	0.6631762962481	34
-0.087142960745198	1.49713372637527	6
-0.0429603773188511	0.6147463666143	26
-0.045554939591247	1.42974985701394	26
0.00715843667009397	0.487681605824547	26
0.018488912869189	0.540405081728692	26
0.0492219109668191	0.731725062572608	12
-0.109873849031288	0.488325644148445	19
0.0652912301138709	0.646424526592528	19
-0.02977430242713	1.06165852258467	12
-0.079507187247208	1.19997742798055	12
-0.051311919428234	1.73043357737961	87
0.055898348063305	1.06676834509768	87
-0.0888992976791499	1.17994235954514	87
-0.101779158158449	1.52873001974193	288
-0.123731900079462	0.802626311728374	433
0.054285266852085	1.07485779113075	394
-0.110187940344998	0.785934397405885	90
0.03338288333472	1.21753455057149	90
0.124815950746164	1.93009104127574	90
-0.074384862449803	0.718768509183273	26
0.00513869281796497	0.728197855612376	695
0.065085752986963	1.10512160378969	12
-0.099832931837994	0.65894551656722	12
0.00292249044362802	0.859795670173437	288
0.012120245121933	1.28443224661966	470
0.00183865560160201	1.11524065258908	34
0.01497788205284	1.03007904038329	90
-0.075958134971763	1.0746409218779	89
-0.089154559777339	1.02420920518173	26
-0.118804609481816	0.997079566939547	26
-0.00141919435090299	0.58972434449332	12
-0.0575787906538791	0.489846250043151	12
-0.118266685572835	0.391483266045867	12
-0.06242121945868	0.477531447679945	12
0.028123783973436	2.03801292024994	84
0.0136386416275081	1.12000422114262	6
0.025233213724272	0.966274534180224	143
-0.00335455021464803	1.0897892783805	90
-0.074932150160453	0.746194771843353	12
-0.000939710945279004	0.635231676883497	12
-0.103827958936345	0.711464205054291	676
-0.040749578530931	1.02284859017828	143
0.038399314644149	1.28300716269245	84
-0.036816627179644	1.40885083301857	288
-0.114009478355673	0.655845746037169	470
0.074684519017166	1.17221191944253	470
0.011523199942062	1.1014277153133	676
-0.103403028422862	0.665391371737664	676
-0.046460314527739	0.730165387240677	676
-0.044131138346404	0.825986709742274	143
0.043113524729934	0.811741716152708	26
0.01433778968316	0.521801221324265	12
-0.00470848226518805	1.02818044229537	12
-0.078837442737877	0.669891118755342	12
-0.109101801759322	1.29377759417985	84
-0.076384616902262	0.901517958131589	288
0.059181595956797	0.861744733951824	288
0.00297119436196003	0.615294049011498	676
-0.064089434838413	0.493888411222842	63
-0.103562677790682	0.483942766541442	639
-0.0995050022515031	1.18071611707999	1995
-0.067539947382162	0.486288999072794	26
-0.117274154962162	0.482164970566473	26
0.082517287237577	0.441869557987669	12
0.052199529769586	0.949477734424064	666
0.01867620231291	0.521751338006937	666
-0.059567795809568	0.488152447833797	19
-0.076101869724629	1.09888127550789	12
0.064071755796	0.883740084120143	87
-0.00506419458602003	0.595258532427449	6
-0.092169564391846	0.580244470717243	143
0.00662315268070501	0.635682758688478	1995
-0.076300323866349	0.971248946727879	223
-0.00044712517134704	0.805511613075719	26
-0.115264356112323	0.998602048810051	19
-0.114177071702017	0.392074182445839	12
0.052801812196179	0.737908791890682	12
-0.10333215714612	0.562498399842748	399
0.106189106862626	1.04681423110637	399
-0.069496049313337	1.64235726065354	84
-0.121993382055989	0.634794384533428	288
-0.042041012232778	0.747283237546644	288
-0.048951575801833	1.72524701501858	288
-0.096071993829963	1.6087597195768	288
-0.1165307385134	1.38622968988787	63
0.103673612565573	0.773007496423833	810
-0.061215831691781	0.496965332067979	143
0.045516499408896	0.745223821837969	1995
-0.033559021744568	0.414641462499945	1995
0.015568849579954	0.314205786153802	143
0.101584988463272	0.765489471249346	223
0.047556151170046	1.4812061606829	26
-0.101097470687768	1.0448760793526	356
-0.024935883814052	0.967987951913253	19
0.02301136521743	0.951151371978915	19
-0.096983177659507	1.16002614594688	12
-0.114486097092985	0.285737770416019	12
-0.00458139501327604	0.58589989334573	12
-0.08341392913005	1.29411572868453	84
-0.124042352978435	0.57062071559593	399
0.053638846581209	1.12743099761581	288
-0.0574299822772471	1.4596424339429	288
-0.116799942117192	0.812358796181769	394
-0.096390095618329	0.546984085952106	394
0.115427197736767	0.52384467204959	143
0.029998190410843	0.527134681033394	143
-0.07951403353828	0.88962669779551	26
-0.11929697939141	0.385877123790046	399
0.00839703227215405	0.499040780220638	972
-0.121281781240031	0.469675870739095	972
-0.083982698374554	0.696841044098456	288
-0.114402040148193	0.966561832181615	288
-0.032628391743836	0.420123709750017	190
-0.067692025858022	0.707542063995868	26
0.057977715224237	0.743259502182222	972
-0.046642471561865	0.492906185392979	972
0.056840655676907	0.738459584366703	190
-0.120921500033498	0.284992122390632	1995
0.00401556860416097	0.3208957470887	1995
-0.123513960487325	0.385608194212704	12
-0.055625309467472	0.499441616721351	12
-0.06336980918726	0.49636326006238	1295
-0.054558370802126	0.60707215793871	972
-0.00393264307910801	0.953552136704967	288
-0.035048059652033	0.887117782615602	288
-0.056840565902146	1.06397774533974	288
-0.033984355634093	0.417520194380612	223
0.0898296815840121	0.451319370102044	223
0.0906339090306369	0.448279848883707	223
-0.123805733784937	0.392369171277933	223
-0.117745908475443	1.0114623763253	26
-0.00740300884921596	0.915636427203451	12
0.10300391384108	0.741013155479416	972
-0.09470498677047	0.576918183573936	288
-0.053312748736162	1.26454324395765	639
0.07386673597887	0.437766568101174	190
0.079697690242781	0.439716172182247	190
0.048165105235877	1.22572613358695	223
-0.064478773574487	0.834479311681347	223
-0.07921245268689	1.37244915773223	89
-0.11295115609886	0.46731834677816	12
0.11742981207459	0.560150678903374	12
-0.123587710948033	0.291890962132432	190
0.102772215254151	0.394350515397816	394
0.026824366518587	0.538719633240429	143
-0.104162351928448	0.573033845807402	223
0.023377980487978	0.938921601809765	223
0.022028668281829	0.524613341275992	26
0.016868885092257	0.93053461055668	12
0.079697690242781	0.439716172182247	12
0.00992261442985598	0.323716395858454	12
-0.004712656746796	1.69367901133709	63
-0.093568213412169	1.30494867427384	639
-0.0960130026643951	0.961276228381413	190
0.058658439270358	1.05954412743072	143
-0.105127381242801	1.91315248797936	26
0.07309546511569	1.22926910598453	12
-0.071841383938275	0.761831117504809	288
-0.092029425658088	1.83693238281825	63
0.077422035766533	0.9280415593006	223
-0.074281675471482	1.48657796942289	223
0.091911960699059	0.840647341453839	223
0.0388788233883131	1.43521540997789	12
-0.117504534996292	0.448491402224729	12
-0.116700112733802	1.02184053425949	288
-0.065121458298011	1.55864369506739	639
0.0330762767463501	1.25182710993534	12
0.043185854042013	2.33757839227986	399
-0.00717555218372401	1.5001922990309	288
-0.00869577354472195	1.84936801075394	676
-0.081426316051319	0.561740782388821	112
-0.043530755622158	0.701392341178517	223
0.097854808879988	1.68613415061178	223
-0.120776255671266	1.42942966651565	26
-0.123023188803894	1.02945323644737	26
-0.045461638461719	0.690701903328992	1947
-0.117302639672128	0.490593618874042	12
-0.086405644477584	0.801856689960986	399
0.122370309159181	0.870984059664521	481
0.05688316890712	1.08664764831091	481
-0.080801624000923	0.89491039420045	481
-0.088611669937004	1.0071222463192	481
-0.086797990632869	0.585604260571436	907
-0.115222739651878	0.381725326384495	907
0.041517267636158	0.831641814393137	907
0.025699196387846	0.527699519338092	2289
-0.117279733386106	0.468892003435857	112
0.066678561482589	0.904556996378419	811
0.011759508450687	1.56840313396018	12
0.070204065174641	0.418408712832083	394
0.01764462440299	0.321321938145245	811
-0.12231356121279	0.716116513107516	2291
-0.00825113647132203	0.580876215574087	2291
-0.117279733386106	0.468892003435857	89
-0.085722699674025	1.68621321487837	12
0.070137663263942	1.52751875407421	12
-0.103097108171419	1.25648893802853	12
-0.111369941919546	0.641838793192514	12
0.086179444884695	0.458568738968867	12
0.013884450732766	0.33195250603616	12
-0.052601902844112	2.15654946987428	676
-0.092445308242426	0.740434339134829	639
-0.032628391743836	0.420123709750017	313
-0.075878154447648	0.88877544076609	2291
-0.046815682662029	0.605878116997687	2291
-0.052100074270554	1.96833875036803	12
-0.035060289538257	0.786550342031124	12
0.085253419871092	0.953495454837948	348
0.085095827931201	0.459698271490828	348
0.117443154018929	0.939639927028855	481
-0.00943502974062904	0.865346934998612	2291
0.075896960249817	0.441746608347558	348
0.00217385623789701	1.53736965597123	288
-0.121472483238061	0.395040472018196	453
-0.124486855511389	0.295035218604979	453
-0.032840455482229	0.404756646152963	2289
0.112814240771537	0.529832339003767	313
-0.12468542258792	0.467917696738684	1146
-0.038638438958804	1.79099333711018	12
-0.05976522616128	0.494043993771519	348
0.123923848387595	0.562264038986448	348
-0.083549037045541	1.08318133243245	288
-0.064675432676033	1.77673762644341	63
-0.00468632223596699	2.29988797514999	639
0.089653125567159	0.431500409678815	453
-0.055701858427455	1.07418169080929	12
0.00919025134873597	0.328174429060915	12
-0.039129380199604	0.408220818121626	250
0.101159858703795	1.11796940171141	84
-0.087473844459841	0.741894201145561	288
-0.121974989788511	0.718406668954194	63
0.045681294001368	0.748442553541655	453
-0.034144005289081	0.419730007560001	709
0.068503761099132	0.648973618837596	313
0.044741587744491	0.836040443214125	1146
0.08161964992271	0.930495343954237	1146
0.072704098396252	0.650747297056928	12
0.00744647314420499	0.621060657656153	12
0.011522522533156	0.31465265278547	250
-0.068573445407967	0.996324035709552	399
0.083440321575289	1.07400004619529	399
-0.056987329406805	0.850848397540888	453
-0.121746852765182	0.368182886603427	101
-0.0000331268558459996	0.300288921735029	1145
-0.086392602891973	0.569680627068371	1146
-0.120559013910683	1.40813271156739	89
-0.090694904590116	1.36050330731683	12
-0.00619329851872397	0.712483020472363	12
-0.05205804459232	0.776237054593437	12
0.122675634420216	1.46193181946502	399
-0.103654151568413	1.00182651122624	399
0.024574938956883	0.538870976994803	709
0.079543623886142	0.451055852436725	1145
0.111339405963301	0.752137752032425	1146
-0.112534794143341	1.19042701262198	1146
-0.122545299558127	1.51375759810494	12
0.086526423579403	1.53601301459701	12
-0.057592381852778	0.501631324976796	12
0.000839297560968011	1.2489218422524	250
0.086018069248849	1.76087341424808	288
0.09917149627804	1.74140926689311	274
-0.00113833205015501	1.52063051969782	63
-0.015307635829275	0.961105998781034	453
0.043803830933395	0.837378123894473	101
-0.070629019726578	1.93874691045303	1146
-0.058457872149516	0.91815952125508	12
0.047154315707701	1.93708651525289	12
-0.0407403255469601	1.64699012025985	399
-0.00282618127133705	1.19547577468749	288
0.069631953280485	0.936210745842102	63
0.080745414530594	0.933123698238364	63
-0.047477996472201	1.91892297589783	453
-0.00403360207036596	1.47726989614094	313
-0.114208560486754	1.41929440534618	313
-0.12453793213614	1.84305732169748	1146
-0.062169579681181	2.2203646141184	1146
-0.032455128420442	0.868358667337323	12
0.0359567685124	1.73958577664217	12
-0.10897278779752	1.87172490974944	399
-0.070778115761016	1.15662004281849	1146
-0.051335512070586	0.581693500759812	12
-0.097906075948233	1.79732495072477	288
0.00888297534318006	1.05048889070982	274
0.089501102168893	1.08375814618792	453
-0.123242758177942	2.42137528426214	399
-0.096066921256336	1.73473212342368	399
-0.052114976592339	1.15865982930095	288
0.107275467504664	1.19195515119693	63
-0.111125522180746	0.663936683537964	63
0.104634968449397	1.74559135370568	313
-0.013599371376145	0.764391661316446	447
-0.0637827917045421	1.17240111189024	447
-0.106995630896274	0.937029903141725	89
-0.00252451458570202	0.600532246760679	12
-0.019155218474864	1.91483415509792	12
0.112590129030755	2.25750028116315	399
-0.019110511344308	1.7486564611451	399
0.03048793264981	1.72138745854652	399
-0.021750830157365	2.11925470754772	399
-0.121258398992535	1.77391588914155	399
-0.074006043495047	0.787293228993249	288
-0.108785061084231	0.485535874633173	178
-0.037446460170221	1.76579930173278	313
0.00084925446930495	1.07804458396186	447
-0.116786430172936	1.05188014506433	447
-0.079903146044551	0.670438295305157	447
-0.090093414647416	0.83551816242982	89
-0.089226841988674	0.734259889692158	12
-0.038872750446949	0.752053245970024	12
0.018581748005711	0.321341281608448	63
0.042333191293376	0.742370183807634	63
0.024765151954933	0.537343364148141	447
-0.041669893348397	0.391557875884133	12
0.00457376266379495	1.94559531088463	12
0.096291178402396	2.03618443274973	399
-0.097866522346099	0.580162443872391	178
-0.121277681922592	0.394657798652344	178
0.082524000936008	0.447556020478582	274
0.024891065888232	0.531876231295527	63
-0.099261646199424	1.91652916830903	63
-0.030802369491759	1.55856388833109	313
-0.055149170845712	0.48937171799667	89
0.027906397337697	0.510049729402071	12
-0.116768097797565	1.5205881456113	399
-0.106707562697832	2.18611102026513	399
-0.0818174330849	0.972945808909018	178
-0.00366013259551301	0.699134535415584	63
-0.044173124763182	0.673908605789257	447
-0.046379677929052	0.690244384500114	447
0.058782983829511	0.637510330488581	449
-0.098551336508208	0.568572647989955	449
0.07496982152149	0.946271262135967	676
-0.00424595457781896	0.630028843610605	178
0.001368811599475	0.628254564545481	63
-0.099434258506187	0.584899254038853	183
-0.124889914637214	1.21349545819987	261
0.072706670716328	1.82992185413312	261
-0.063036262048939	1.57070821071718	261
0.07267973347844	0.647493737130901	447
-0.118266685572835	0.391483266045867	449
-0.119369382482107	0.483158284747998	12
-0.104537345795834	1.76483384654418	178
-0.080044308345892	1.02412602327406	178
-0.091777681372207	0.951198721979177	63
-0.116771638502513	0.836375129370406	313
-0.035939347049878	0.849488580350109	449
-0.057773749951916	1.24800890938238	12
0.015067035582257	1.81445790315446	63
-0.027225151755534	1.41570698612775	183
-0.086428757905063	1.19561543660914	1391
-0.031722480046812	1.56702865415496	261
-0.077674145620661	1.50050661327559	447
0.084501030222826	1.96264697434952	447
0.00190545760558403	0.728087432796451	12
0.105449525378223	0.783484862338432	250
-0.086831993903556	1.54372726984115	63
-0.00757393416968799	0.607222207833249	116
0.077434935524177	1.66107204546245	89
0.036276668522141	0.819338995028798	674
-0.107341832969475	0.470822607595524	12
-0.038337503295038	0.406821473362727	250
-0.027137495624269	1.77062336681348	611
0.098246807681745	0.761393875719398	313
-0.068056382687796	0.477982893284877	261
-0.123553612571203	0.291985856342046	354
-0.121721859371104	0.301594621649869	354
-0.000579532509562997	1.1943241243989	261
-0.0744417025447121	2.26127540914081	611
-0.107259299993846	1.53537072824712	183
0.027917094980354	0.901844213068954	594
0.0785638937933561	0.413811417382731	1488
-0.124444908508863	0.384389971505031	1488
-0.116540503760188	0.715512498072736	261
0.069521449160468	0.651819808924772	261
-0.028751065908965	0.901852939630786	674
0.00804918180548297	0.326712984683086	12
0.072783214116973	0.642203217493641	116
-0.060742357664649	0.485010590974539	594
-0.00151030108087402	0.590384792465453	2
-0.000939710945279004	0.635231676883497	261
0.099418065261118	1.69259229045663	261
0.112778934276032	1.96812083285067	154
0.102424657436372	1.01868765069704	12
-0.116909678341761	1.06791706207195	594
0.0898296815840121	0.451319370102044	1488
0.052158681730007	0.759975838407521	1488
-0.067399984684232	1.10445636958199	449
0.016707537652044	0.315529155842478	12
-0.041434174913796	0.577095366951212	674
-0.119384703849551	0.488610044431302	250
-0.074202503019401	1.25331944676926	178
-0.124275500943274	1.05259172691655	183
-0.083415646414455	1.13725967261129	116
0.062997335511169	0.641858925659052	1488
0.019531298222465	1.25834495244948	89
-0.00451599801836899	1.16115435146961	449
0.011029706276662	1.20778067835897	449
-0.116218354523135	0.484283029918367	12
-0.094526073021713	0.579545496336145	674
-0.072328206728582	0.741854162496728	327
0.00436000056820496	1.95514330364717	261
-0.048758705307947	0.61068179003734	154
-0.100492223323877	1.04905177198815	154
-0.091162204223916	1.10945975855201	449
0.113532014547338	2.04879855671511	178
-0.061505337293312	1.5222226627611	116
-0.014459454075904	0.72884739359099	327
0.09878259140239	1.04683223635206	327
-0.119775802341074	0.573194239921688	261
-0.089205144101122	1.14209210727875	261
0.06257771295377	0.977357728574909	261
-0.028484922768552	1.09173096914424	653
-0.087309997559839	1.27635423077054	154
-0.100250756453037	0.662376471899621	154
-0.082580599142284	0.967537681443122	18
0.042241953359861	1.03919943305436	590
-0.00946375858559001	0.572636370112261	674
-0.124839053894104	0.83871299937448	674
0.073041073505604	1.43714181178177	178
-0.06765635884693	0.808915673949898	775
-0.05626476320396	0.515310538682836	327
0.074177994030128	1.05297247283015	653
-0.01824924251203	1.62373080278038	154
-0.089675391194978	1.32188263637939	154
-0.057191516241087	0.958979282197332	18
-0.063324790401308	0.895674400938466	590
-0.120218473342684	1.84774422158397	178
-0.047845056720458	1.06473630258058	206
0.00609042685332395	1.24651571609771	178
0.100950347191666	0.752087363474089	775
0.062209292879467	1.07739718244316	327
0.093743681273742	1.39673502036944	261
-0.109256594590367	1.09905023206238	653
-0.025289245524576	0.895985294381142	653
-0.04759121120965	1.05364341856757	77
0.026985047003695	1.12912695156963	154
-0.022071961201844	0.934616417878633	18
0.079726873442639	1.22271508312437	674
0.086471740324115	1.07281722779114	685
0.070743219049504	1.81813445135409	74
-0.10001453998999	0.580099938419105	206
0.075896960249817	0.441746608347558	443
0.00422295309629295	0.316310416093388	511
0.010667145041628	0.319650259231567	77
-0.037175040197436	0.409405793585534	2205
0.058726761210281	0.631687574857786	2205
0.02792868011759	0.534073347102708	2205
-0.056948721523281	2.44617715278609	590
0.123421717751119	1.45268122275513	74
0.098707847792008	1.40533081771723	206
-0.071605110824385	1.52510070715021	206
-0.040460291255353	0.840523384555827	206
-0.093229987814439	0.995741511009899	206
-0.0577760732007661	0.498224952346587	206
-0.110632798589848	0.4830951473673	206
-0.0873938354589861	0.591279965461128	206
-0.030970013440348	0.408167174166586	443
-0.12153297321477	0.475607154484961	443
-0.035461674862481	0.418074428521429	511
-0.000204914282687985	0.690379081525411	116
0.00462726910517097	1.35357837861199	653
-0.053272373031935	0.604354847213657	77
0.116869117325203	0.761474843871853	77
-0.062372721948793	0.49622803448782	803
0.063606966990018	1.25611482198771	18
0.034539808132281	1.62994011639939	74
0.041336672684004	0.736988202350531	443
-0.111862294199674	0.994493823119727	594
-0.00276407994660699	1.52231499846031	261
-0.075650651165819	0.680144676887956	77
-0.007371684591293	0.785504884725129	77
-0.040476954008041	1.06592378471206	77
-0.0583178566686841	0.9118457489939	89
-0.123727632971805	0.556873628747412	685
0.080758184101244	1.80194106082719	74
-0.087449269416896	1.03451535499761	206
-0.00285324326991698	0.806293802097575	206
-0.122324756139672	0.628705989871473	206
-0.097707022945038	0.58921385041944	206
-0.12247369862632	0.72177710870736	206
0.00243746099512998	0.886979891508515	206
0.043303865940766	0.843768458191272	178
0.046444629068089	0.74339652081847	443
-0.023394967785729	1.08072689254174	594
-0.086309001171045	1.28012230966353	261
0.082662148762946	1.66102738732434	261
0.112619657850544	0.770685804923152	77
-0.017871210965239	0.776991843899024	89
0.0834554417069761	0.86095565886161	803
-0.0947809525318119	0.577054930194807	18
0.0212332767510049	0.900160029716014	18
0.05905768786904	1.00650181656184	674
-0.081084014709251	0.790958443228905	685
-0.00141471485714695	2.12728068143431	74
-0.0458093979937621	1.4732383897257	206
0.018928649594102	1.45243307947586	206
-0.12328460262528	1.41928899655708	206
0.052056059843961	1.07919675632055	206
0.042897749802061	0.818557018938224	206
0.058190834584572	0.934036989775166	178
-0.116086667531948	0.708096678188829	511
-0.01154077459909	1.59571227431236	594
-0.000591436630914988	1.08111665901572	594
0.060814396329563	0.999772534069215	775
-0.0675665638661001	0.770781372265047	261
-0.092529174224526	0.760435384038056	261
0.117889656783368	0.936646339458424	77
-0.000152634920548955	0.72886802639421	18
0.114282058239541	2.31434874154887	74
0.00566212282913903	2.13300621492296	206
-0.018374964839179	1.14466192814996	206
-0.052914168730925	1.08131294058967	206
-0.071236486668788	0.677303120012212	443
-0.025600060599052	0.94550924565381	594
0.061053115881739	0.962709036221306	775
-0.00445934979031504	0.88221359608802	775
-0.072376099821676	0.893265777241195	675
-0.116224229321008	0.466885781156811	261
-0.065125228812163	0.759675883571687	77
-0.0443519032662369	0.69411191660378	89
0.022864141587737	0.960153155294889	674
-0.029650037702148	1.15095616312318	674
-0.0258937386182581	0.832325853478729	992
0.012313656330325	1.73428021487008	674
-0.03507500025135	0.411732314415258	127
0.101549791636537	1.90349691998603	74
-0.026334236285239	1.53509624684334	74
0.000171905916981019	1.51641880358014	206
0.0724292198750081	1.22486080897458	206
-0.00632472956771102	1.68654734871993	206
0.0470356659100391	0.727877704762106	206
0.081512071463472	1.00981788160114	206
0.117839337050457	0.969460511383658	206
-0.060745693353729	0.4889671161074	178
0.096853098623199	0.874642727163486	443
0.00233659719313695	0.8072609872011	443
-0.0808441308086451	0.831125899836542	775
-0.109955046248283	1.26244873752018	675
0.02832196279612	1.26558210225012	675
0.057658649427352	0.759594137438051	261
0.117377457835776	0.955390832214718	261
-0.031194190587954	0.757858030597312	77
0.091877030647169	0.839418502355374	77
0.10261027688049	0.771884291341364	18
-0.00754762810524601	0.610931930905967	532
-0.044267119113571	0.767394978271401	532
0.057061216367678	0.736337660099537	685
-0.097544463758666	1.02910815446602	206
-0.120643613359008	0.847174498659597	206
0.032516015415313	0.769273134046446	206
-0.038728160683025	1.45049708472353	594
-0.000776726536145023	0.95613583407311	594
-0.0367138047941979	0.409277890303488	261
0.095081295422648	0.833445521606419	18
0.0529085814118	0.738526529304974	805
-0.0927126275768489	0.592875677246695	18
0.069453039128763	0.663692735024742	18
-0.064619792368108	0.963290003330948	532
-0.094689495481995	1.18322221087003	127
-0.104103080538943	1.92906977029614	206
-0.039360822701625	0.419221272694822	206
0.120657801400531	0.574982008778218	178
-0.00396238185131803	0.611435986349537	178
-0.057643985535459	1.06405122034005	775
-0.033377260071191	1.45213240533507	261
-0.00760536121193101	1.67911335236861	675
-0.04112718028747	0.695602409888527	89
0.026930399026779	1.45874544679289	18
-0.0327850597023041	0.424996962074032	718
-0.107824515231599	0.801573016161976	51
0.040591368180857	0.69720955221471	51
-0.100216873832313	0.697983951073975	775
-0.097475600598364	0.586704517784558	89
0.00237109923139001	0.633604463064343	805
-0.104071791715604	0.856734755260181	18
-0.0761664346691751	0.689031141475722	685
-0.090756268689536	0.743856535669139	127
0.0246175475250821	0.747704548332166	178
0.101547230766207	0.767410780026873	178
-0.053351217514909	0.585438175730439	355
-0.098823295609312	1.77866679468356	594
0.0346964203925571	1.93210197729203	675
-0.112745984060631	1.0891065349736	675
-0.038398834299777	0.591361724234953	18
-0.037319695952682	0.676177176625598	178
0.107425337529437	0.739000102949882	888
0.110795764488252	0.784221502286744	18
0.00419817871610095	0.613821674374724	18
-0.118389230245244	0.568169054383759	18
0.103180377479231	0.778613202845057	18
-0.120250018163909	1.15020216345263	178
-0.01159688865143	1.31531421834251	178
0.00679435452043997	1.28048074870519	168
-0.003473472348268	0.608405415462573	675
-0.025420800818145	1.60081752832948	261
0.114730928362222	1.5918042258229	888
0.020045239803725	0.939592511215496	594
-0.039113364786836	0.782226579558598	2
-0.105366507305952	0.555271944166367	675
0.050342409437467	1.68634809460344	18
-0.098155594118304	0.929645808930992	18
-0.12136843052941	1.09419331585491	18
0.02466014759826	1.77150754456432	888
-0.090677618788958	0.59911445473261	594
0.022415386721328	0.871277249445593	675
-0.063685500513303	0.773595614142878	675
-0.042801809884194	0.932571777198133	2073
-0.033716451728161	0.422518000140114	992
-0.090509767247751	0.590491802636053	2073
0.037631334360844	0.722212365452305	675
-0.050469796001737	1.01946320451495	18
-0.038545782155903	1.41277050984693	18
-0.11788656462052	0.570360820498148	992
-0.023799288293086	1.0485720431057	992
-0.114943995583952	2.10315827832263	314
0.069634262960671	1.90127975431377	594
-0.118489343779438	0.393688639929578	675
0.012011046540976	0.322995354693073	675
-0.033774156410031	0.395145693205135	675
-0.040614114732008	0.888103829696559	675
-0.061441470486208	2.29347780365901	314
-0.025000170371573	1.01074680947987	594
-0.050384924373703	0.502686752718906	675
-0.124911531441495	0.390683371525797	675
-0.045684826085688	1.35905843890466	18
-0.030609240043867	0.412418134678553	992
-0.047318036915629	0.692744190932764	992
-0.108364250778305	1.87265766395052	314
-0.0121236466961721	2.12008762108287	178
0.010667411577853	1.16547144555689	594
0.0844070396361381	0.861574664437312	675
-0.049724406442524	0.684604347852242	18
-0.100448500192056	1.16211361683288	18
0.086039263901101	0.457898698718693	992
-0.08392602714673	0.785183809718315	594
0.096362378844291	1.08391400444989	675
-0.064445104786898	1.32810255232677	675
-0.013922234588305	1.63234242707009	127
0.112040491460906	0.529680518104408	675
0.003310505382221	0.632458771680696	675
0.027023756451485	1.94937086785277	675
-0.088851709636399	1.05921157461378	675
0.01619514354146	1.48764805963522	18
-0.066619124999565	1.37660195935805	18
0.106029885751408	0.855467217523161	594
-0.117288536127923	0.4894513648244	135
-0.05626476320396	0.515310538682836	135
0.104098096262795	0.998524353532706	675
-0.098994494179055	1.66593913029361	594
-0.079952311219922	0.824744621952511	135
-0.067658413854376	1.57323737915939	675
0.008987595381723	1.06620252457855	594
-0.017994328068098	1.53749169019721	319
-0.112668606020822	0.825961483872751	135
0.10456808147155	1.65410896148236	135
0.072691701466312	1.44427704893772	18
-0.039051841136692	1.14859672361629	18
-0.088480050663112	0.963430572609638	221
-0.112043166118831	0.723664273009916	18
-0.11565520792639	0.929583028485311	992
0.068759428200381	1.06344902132278	18
0.06552824489633	0.914636361884883	18
0.014948002810372	1.35902078819164	135
-0.059323587491909	1.64527189985036	675
-0.097195790148029	0.74162160872421	221
0.085178966889749	1.17132850352565	319
-0.07509555710348	1.11260737941903	675
-0.035518500802129	1.54620777542942	18
0.109305580734709	1.30534801805568	18
-0.031132162190305	0.899930670320632	51
-0.051793828134984	1.41590016656691	594
-0.018919230757469	1.23058888474383	319
0.100408746244498	1.50978340800297	221
0.108775223084194	1.09292622800775	127
0.122835360854005	1.48863449973692	127
0.105000955529238	1.41153599920009	127
-0.0808441308086451	0.831125899836542	127
0.065216476302102	0.658478978656727	319
-0.00109474389589204	0.595919313580223	135
-0.110972978586571	1.0897055978826	18
-0.074619958414232	0.795309105837137	127
-0.102998758142359	1.71097615551132	319
-0.100384855273108	0.483295908795543	23
0.066362238626239	0.644594625539467	135
0.0758758737408	0.422519967023671	135
-0.029425852231617	0.421435240016179	135
0.091855676443258	0.440866358624603	127
0.119472330043818	0.558523040827398	135
0.002035943841319	1.72789434265683	1084
-0.106680722294702	0.484079996783994	127
-0.04825014121587	0.594722103646145	127
0.093012322530474	0.862272827547203	127
0.045574744075616	1.14145120080766	135
-0.123271109809071	1.30446248810386	18
0.118832592913321	1.66629955552591	221
-0.099359651919754	0.917245518533093	18
-0.00290582635623404	0.685746264207473	169
-0.119489079777776	0.579567035533924	135
-0.09876574897346	0.717968177825443	135
0.00283865159234897	0.809152317979001	542
-0.0745256537117141	1.37437785339163	1084
-0.117813740795812	0.87216180510063	1084
0.050690973438228	2.12710889862644	18
0.065216476302102	0.658478978656727	127
-0.037730792101759	0.397292651495067	135
0.088708418825548	0.433623097090071	135
-0.123332964745324	0.391181897324051	135
0.073802543948279	0.653999378142837	135
-0.0290446144723689	1.19298588029454	1084
-0.045471146350375	0.606214125986202	788
0.068503761099132	0.648973618837596	127
-0.101240511799684	0.73129785523791	127
0.018517536896664	0.923869339501153	23
-0.117579757664065	0.732628961175307	319
-0.038033964289916	0.599358472002425	319
-0.121501553269267	0.474162519343586	135
-0.04203801100163	0.686871893822195	221
-0.0758830167147591	0.747410867045099	319
-0.124681063049404	0.292340894815351	78
0.00650373267228599	1.12205193577984	788
0.016048867769809	1.09968648238882	127
0.000066362866259051	0.30485036176824	169
-0.122786519553364	0.284793696042733	135
0.123872174212824	0.57159461028753	135
-0.053241500354318	0.596085097626479	135
0.00602637816223695	0.942841306976362	1084
-0.065923552557574	2.27655160798525	221
0.060085591153084	0.81966437231919	127
0.085072670520571	0.44544306873613	127
-0.041116999288022	0.688812880091423	1084
-0.0903768722808	0.585745849789025	1084
0.057380528979514	1.0836185991171	18
0.106188625026028	1.98575175491382	221
-0.027053700047684	0.85550961157146	127
0.080497432845354	0.44878714446407	169
0.00703871062556605	0.311667577570789	237
-0.123879655079636	0.289648946672608	237
-0.041128680319721	0.933917531489365	18
-0.109986487215824	0.269489300379894	127
0.01867620231291	0.521751338006937	169
0.075749587707294	0.943455020357348	169
0.078207302489141	0.817038405882981	169
-0.0920664182770921	0.585895811527485	69
0.109583451359476	0.77541787601593	127
-0.054631710138106	0.504653514235668	1952
-0.117169250751591	0.395824887431901	62
-0.023736358772108	0.846858318891718	1084
0.00787474616796802	0.898200583442507	221
0.047232459456596	1.06213724543875	266
-0.00955751034228003	0.777156541894192	245
0.0101265887101371	0.328029845028494	127
0.065216476302102	0.658478978656727	62
0.00300205491990702	0.623835494005482	1084
-0.09118728898062	1.19978483466863	18
0.00944047070255005	0.48011547369846	127
-0.044961200315343	0.575659028775732	122
0.00898587336881196	0.326572796883435	2148
0.017272982360433	0.509599701134304	169
-0.015871685639442	2.15749622676054	18
0.06828932266892	0.910702788831223	122
-0.023363700436939	0.83773057500369	169
-0.07608614754374	0.739546460984271	69
-0.032393232933982	0.961418580277746	18
-0.059719138590871	0.498062830938495	122
-0.118365507869082	0.45714860991474	122
-0.095642098145809	1.42087111212985	127
-0.104847182142783	1.4577834420397	319
0.013884450732766	0.33195250603616	237
0.00898587336881196	0.326572796883435	78
-0.099372082053343	0.654189236239009	1658
0.096832410028875	1.12652258720419	18
0.084152924179623	0.458277709757576	122
-0.111981314297731	0.484058820419796	122
0.080629899934765	0.442137252619314	127
0.09347447536347	0.436803138455023	169
-0.037033729209305	0.675525676188871	169
-0.035895009888794	0.415034252794297	631
-0.033559021744568	0.414641462499945	631
0.077513478808993	0.444534506207211	237
0.079687003044868	0.437469076632134	237
0.12239702125853	0.535566568066006	1658
0.078950615220353	1.41123770059659	1658
-0.00880398680984096	1.12653007876966	18
-0.00240205798254101	2.0949810875648	18
-0.124273139108962	0.577887957749528	127
-0.032270888517505	0.413432593213215	631
-0.037102346921787	0.413048623194024	631
0.00446014714026699	0.722159857247168	78
-0.121562582849608	0.292720856068546	257
0.040839150341503	0.895942765740122	1658
-0.08861795122997	1.00910913765197	122
0.080103732156497	0.645416121064039	122
-0.104682563216559	1.40814460082865	127
0.116491982535157	0.557770279274724	62
0.104482834452508	1.24205683680847	18
0.0207357903366689	0.520586740328879	122
0.012202517026474	0.318402457803236	127
-0.034144005289081	0.419730007560001	62
0.094829949733489	1.183209527759	257
0.015023158882947	0.324854161382719	122
0.101329755768848	1.04349048401875	122
0.124523516354075	0.543562755609905	78
0.110948826216019	0.754473852908236	1658
-0.119116575596485	0.294722912320112	122
0.0898296815840121	0.451319370102044	127
-0.0950533645895399	0.871820057148928	169
0.00694828183345297	0.789049689355972	257
-0.050836433521479	0.615478278718294	370
-0.038182832387947	1.58745055782613	1658
0.00297119436196003	0.615294049011498	169
-0.063685404982181	0.833402589046862	1658
0.09418249489659	1.26769528488053	797
-0.116214259638226	0.395776464734715	122
0.083802241680323	0.845518573023696	169
-0.052197372770161	0.606933632252112	257
0.010330500696326	0.321224299065816	257
-0.085367004619097	0.663690545277726	1658
0.078932868354101	1.53994116165384	797
-0.106393091057746	0.6548456437878	18
0.030202608149945	0.947309641135748	266
0.0255083495503891	1.0109175625959	122
-0.05857349005973	0.489964263563874	1260
-0.02543268731844	0.794050680906446	169
0.073826680715267	0.649049131063048	78
-0.0210799370135371	1.74063144043419	1658
0.049420301146566	1.12646963306444	797
-0.109547288899741	1.87721499503388	18
-0.103227035641027	1.84235455956983	18
0.00151323701129402	1.59664468296267	18
0.029004946061986	2.28441437043572	720
-0.032786378310745	1.7179011704917	169
0.115354101052388	1.30696839550526	1832
0.106532544996998	1.52995460486822	1832
-0.028509991532897	1.64174901838043	1658
0.020866575666343	1.52889873810468	330
0.106584844799181	2.17501229787994	720
-0.088002047259828	1.4378456570728	720
-0.053780208763711	2.21406612287233	257
-0.057776787431458	2.3093686898873	1658
0.073188274399703	1.16271291794304	257
0.025580004809728	0.538640708182771	18
0.034263533219077	2.10965963372899	122
0.079353379335963	1.80565173651735	257
-0.080195659924571	1.05428572612671	257
-0.00520981428670597	1.95710749118981	257
-0.086124877171225	1.30789439666413	122
-0.117465236162994	1.16221947685624	122
-0.0759893471491609	0.913288561583427	122
-0.0665432395032201	0.490251196134249	169
-0.115134388311643	0.481276204491665	257
-0.03874837462443	0.773143634334407	1655
-0.097752623833112	1.17444138381912	376
-0.0804156833324921	0.89807375829487	376
-0.101428302919785	1.44291877175711	18
-0.122814590987378	0.302116415520341	330
-0.049255599156159	0.5809486530229	169
-0.040538711289521	1.04436723796685	169
0.121454434961314	0.535761670248044	985
-0.103258508053849	0.764315454209939	122
0.080639256368238	0.445291372848364	1834
-0.068210742873895	1.35659742469532	169
0.014313194496081	0.516911079980392	169
0.0753475162944121	0.826793789549054	985
-0.00562886068439605	1.01590663037368	1655
-0.0977058372331831	1.03436511196837	1087
0.086179444884695	0.458568738968867	330
0.045637191294523	0.667450189708999	169
0.06534791452976	0.623780011154223	983
-0.040694397591206	0.409904044496647	985
-0.063279245674423	0.490403314056871	1655
0.029408156564379	1.18624573065098	376
-0.03912546674479	0.753532953382231	1077
0.042475468446783	0.918934653280887	211
-0.041628591834474	0.408954653121205	127
-0.018843859767933	1.853626922638	169
-0.041594947847851	0.703853247780849	257
0.068406983121622	0.660442348935348	257
0.093248503061924	0.848591242080748	912
-0.00479091130292897	1.08593214525699	169
0.025074322882736	0.855582251015107	983
0.083187073034275	1.25814458397808	69
0.07289834254036	0.422409847907277	330
0.123872174212824	0.57159461028753	127
0.062997335511169	0.641858925659052	127
-0.048197933525056	0.683290273253277	983
0.01753132190443	0.540711146925417	983
-0.034349302882887	0.864728349759951	257
-0.00233862426105902	0.710775468211382	18
-0.118123453644104	0.39343125657931	330
0.057709621354711	0.637435842143166	257
0.085114054064086	0.828165053964112	2202
0.00278728490244096	0.797260963170318	18
0.0506520112958721	1.15327082354403	956
-0.086285062373311	0.600069743912948	169
0.026241341205503	0.869304378407034	983
-0.081313832111266	0.720456886329698	257
0.012542271909064	1.78880575858106	69
-0.0453321649341531	0.684308938738734	330
-0.109674537347805	1.13706586480052	257
-0.000368302611393978	0.84850880243881	257
0.031963494215808	0.986219928966651	257
-0.014490549491858	1.14325601485232	18
0.08270352345364	1.65976531890238	2135
-0.124486855511389	0.295035218604979	127
-0.067689029200805	2.11775043723223	257
-0.064202125772818	2.07986428128266	330
-0.0239596890246721	1.01294186037496	18
-0.033542163474349	0.701403913856258	18
-0.074777975154494	0.744761039899386	18
0.017435696020185	1.18388937918815	211
0.073273492869103	1.550621510766	903
0.043168564341232	0.720248880792563	254
0.078613567811974	0.440700090909921	18
-0.120421529731238	0.480661559961448	254
0.026020973489703	0.528580537504318	254
0.032854544370388	0.526255476245811	18
0.07698345529547	0.433257072247091	18
-0.030487512391514	0.390408323366467	254
-0.033984355634093	0.417520194380612	525
0.111448693808894	0.769428821929863	525
-0.050611268974297	0.643686672938073	127
-0.11195215594506	0.483876573345787	127
0.010059539375195	1.34951173424892	727
0.007127235295603	1.31266041943564	727
-0.056494006156256	0.484953867240083	2203
0.00617595288570205	0.316310639307214	18
-0.04089658698223	0.388003588812273	18
0.123570449765983	0.95037990450059	254
0.00328825139009603	0.313842312179367	254
-0.033049592520906	0.854330645717723	525
-0.04957303499226	0.563621453641488	127
0.095484372519948	1.76223900593851	727
-0.040217397183715	0.402846026364781	254
-0.075595927009819	2.10798177000239	257
-0.097763403676192	1.09806349038131	257
-0.116046889849024	0.648286627892842	217
-0.075228613768793	1.23801839169936	257
0.010915518338085	1.16892298874071	18
-0.0746327582173531	0.975843244417501	18
-0.061080826420243	0.761952980002051	254
-0.115528787773623	0.745759219674889	243
-0.035687477028518	0.781670244605327	254
-0.042825522360786	0.898916905095009	18
-0.082704174611271	0.826286547239501	217
0.031512162166766	0.896562069852346	18
0.089690741799523	1.07992030333537	18
-0.097585098051926	0.822796259117717	1930
0.066644006463779	0.917578603884526	1930
-0.111023205309193	0.667414515603324	254
-0.00619503935687005	0.942514360735317	217
-0.062354296998804	1.11957697975686	211
0.122701233176438	0.574776127369681	257
0.012011046540976	0.322995354693073	18
0.00401556860416097	0.3208957470887	254
-0.00255663432965303	1.10200763689235	257
0.070930737546677	0.936770498397499	18
0.065319451975099	0.639245886799692	1930
0.118285250324313	0.951423816147491	243
0.085799456158447	1.85695981868581	211
-0.064898885308629	1.15939379075959	211
-0.122557437450394	0.478146081504107	18
0.115555152740566	0.552451721598796	243
-0.00333635644772401	0.929967419638171	478
-0.075530271555545	0.588577861306584	18
0.00625152822553898	0.48273325647497	243
-0.029830390247818	0.419763894641012	243
-0.110940261699245	0.494051062149245	571
-0.0338741880624021	0.423227340658813	254
0.083309956259827	1.69214713397904	254
-0.048836527799432	0.495400646192446	18
0.00919025134873597	0.328174429060915	243
-0.118957976101541	0.288106223619844	571
-0.040851867306722	0.409561047249915	571
-0.031954959346988	0.410021088183984	18
-0.116068000804531	0.392762643225785	490
-0.118732775644778	0.637209572784068	1799
-0.094465773910929	0.82890723190301	1044
-0.12353463536399	0.394671673475025	18
0.0691609699321259	0.895519744727121	1799
-0.065443513687515	0.650491099322377	1044
0.003443060999202	0.63819615435505	18
-0.097551410006922	0.57943964206318	18
0.00168266933938599	0.714897054868836	18
0.000893041024104035	0.883118814172974	272
-0.040077677413588	0.781493177563176	1799
-0.042813589625977	0.602428400748305	1044
-0.123631196836332	0.472635631277608	18
-0.12353463536399	0.394671673475025	18
-0.060310753674382	0.510813130049091	18
-0.118340618593819	0.390315366729559	252
-0.04101863823088	0.753361879247467	211
-0.062867792817403	0.571952799758817	1044
0.072924315590157	0.432335232415527	18
0.00422295309629295	0.316310416093388	252
0.013884450732766	0.33195250603616	126
0.089969490770781	0.437420977596699	272
-0.045701201672433	0.598259748764388	1799
0.056032904199236	0.743611816893264	1044
0.077657509845131	1.23135021858626	1527
0.089586228163514	0.872008025383021	69
0.04561371528952	0.740092587172532	272
0.0651683806630981	0.632969676662583	272
-0.113049029300737	0.488239881962023	272
0.083607062868431	0.437263653289805	272
-0.050663012129725	1.27288791833764	211
0.0592945639482571	1.20671680389801	438
-0.023414621903883	1.14252041258674	1044
-0.118329088520752	0.487410773657646	272
0.00765777453622496	0.62831566962372	272
-0.052594840017822	0.593751307417763	1044
-0.120367979382581	0.385973724018568	1044
0.00617802754846097	0.62284999790708	69
-0.124490683730854	0.389256661882582	69
-0.117185106182513	0.478022352815459	272
-0.018420420644007	1.06496753677423	1044
-0.056195416543666	0.580942285985216	1565
-0.121721859371104	0.301594621649869	166
0.015758027137179	0.323013741243103	166
-0.034964130295411	0.417425128329939	166
0.045846611072339	1.02506350116702	272
-0.054968676177511	0.667922327737055	438
0.0780786886616101	0.646629176142096	438
0.098720032150897	0.743796510231525	69
0.041201082371105	0.68561014153824	1029
0.088205534700697	0.446017002789342	1029
0.117595186506924	0.556466003555926	1016
-0.1231753162437	0.570799074685984	18
-0.036015782743425	0.410796673940341	166
0.022036892982839	0.795007645922037	272
-0.121277681922592	0.394657798652344	272
0.095821178832631	1.00489159328812	438
0.023574876737838	0.535541399020894	225
-0.0353708090552241	0.391942578822697	225
-0.124841709925386	0.296543794529272	554
-0.035461674862481	0.418074428521429	166
-0.061886538113185	0.498767346914043	8
-0.071765276449058	1.12381102437249	771
-0.073831755669817	1.0435985924456	386
-0.074695200890236	0.750234648989834	438
0.048196520118403	2.02311244689123	257
0.070671094738605	0.632388379659484	225
-0.032628391743836	0.420123709750017	225
-0.046606361669432	0.496141936183152	8
-0.003908982850092	0.684565741382684	225
-0.055227983404209	1.35693293880253	225
-0.104459610876381	1.56835260057439	225
-0.111972623759002	0.38941032479287	171
-0.117119908192653	1.09284661701692	272
0.0581325892808891	1.08722614992758	225
-0.0700151578477251	1.89430861458673	225
0.0194472830031111	0.53734121280457	554
0.00776795274886799	0.32473795344534	166
0.081581359900441	0.447739775247828	333
-0.076413388233277	0.827168038028313	8
-0.113160674685877	0.376791206855385	8
-0.095102239755519	1.02150143422174	8
-0.067946407367004	2.37836389722575	225
-0.118271303709978	0.395557197984624	171
-0.060310753674382	0.510813130049091	554
-0.115935449016021	0.376398104475581	554
0.062107050834998	0.753629265816468	333
-0.12069967661536	0.889393466297373	8
-0.103449315299437	1.55693723199609	438
-0.078186171974738	2.18912323577755	225
-0.032817246018204	1.7625574768193	225
0.0619650384543941	0.999528925523501	333
-0.100777921658956	1.03724181644851	272
-0.101881303521361	0.651841130051112	211
-0.124904906339291	0.642138992775139	438
-0.0000368721450070275	1.83825038313233	225
-0.068506796000381	1.40542330980251	171
-0.025090878870104	0.979775185791627	333
-0.048629509702856	1.56636726467235	225
-0.049092200233848	1.08516572688858	403
0.00299292619643299	1.04253289513554	171
0.030032232135831	0.985595000026008	955
-0.082788631192022	1.21368650527829	69
-0.00180649084742102	1.34914035900228	403
-0.056096122253966	0.977591817187388	403
-0.055502209771068	1.13759623994476	403
-0.111767779270421	0.94893515651423	403
-0.032909836847402	0.844075943744397	171
-0.122155897153038	1.28340495774795	171
-0.026707486114673	0.868613753144455	171
0.074875016444844	1.17708500130162	333
-0.019802571149543	1.41144907098835	955
-0.118159058374896	1.17680286724724	438
0.09454695781458	1.01663517397926	403
-0.026586755057643	2.45103653460811	403
0.094614941130518	1.33517805594837	171
-0.119367528713834	0.394536820696618	171
0.0282397032081571	2.04872701917581	69
-0.011002542634852	0.587106974506067	955
0.081189978344795	1.33955208136238	955
0.01124307812641	0.717982186421231	955
-0.123113304750374	0.803956009288374	438
-0.09982765620485	0.544566878999295	403
-0.082138440783577	0.707167009124866	171
-0.0521920556211251	0.951666052860359	955
-0.119859176896439	1.4594103488285	211
-0.07786345576649	0.66272579006665	1374
-0.067601954007367	1.17810750455503	1374
0.00365193312949697	0.718004563563652	1374
0.098057142699841	0.422687892323987	902
-0.101574748380562	1.58703093088345	69
-0.046262234358345	1.07144545013164	1374
-0.08287969759043	0.819870932719451	1374
-0.00700419879418501	1.48106135008153	2106
-0.062176355820288	0.821639810385198	69
0.035653758976084	0.981403712156941	1374
-0.057546505541279	1.83976697985342	171
-0.103721333599765	1.47288712443663	69
0.107536316543821	0.787861577470147	1374
0.00499041790247001	1.34809805972893	1374
-0.047211337997926	1.39275885336449	1374
0.0288140321795261	1.80303486153444	599
-0.120110554523099	2.39765262300929	782
-0.047415307399693	2.45932315898268	782
0.091951682112941	1.97372739210009	2005
0.108550614803916	1.19755532419389	171
0.061055315423486	1.14207024642564	171
-0.040409526054165	1.92121942550606	782
-0.046780056184679	1.80679004886991	782
0.089068717401723	0.857598689443994	2005
-0.042569145703773	0.829073490942717	171
0.109326774284403	0.770464360901737	171
-0.08287249674678	1.48027057874765	69
-0.063058732248767	0.66070614802982	1143
-0.121721859371104	0.301594621649869	599
-0.010951602249708	1.06464703967168	69
0.067283160117237	0.662218054780151	2023
0.00135877628744596	0.704293613542695	69
-0.124689420496395	0.467457099809771	599
0.051305406740505	2.03142528556025	202
0.021727773661573	0.53664410768688	69
-0.124040482554636	0.290039608984476	599
-0.066606821350354	0.564335470111796	599
-0.047318036915629	0.692744190932764	2029
-0.00172143207984898	0.61938260450312	587
-0.040537225323698	0.400455318727163	599
0.046167653136752	1.12896330858133	599
0.00558788401064103	0.637577744720193	587
-0.038426819693694	0.421708916229752	587
-0.032472028219839	0.404961881580201	69
-0.048829316423554	1.64757448620253	202
-0.070850056682072	1.5058963175295	202
0.056419097366836	2.07146414930562	202
-0.122919078190159	1.37146396418929	307
-0.05653762648132	1.99090940646104	202
0.036994148759591	2.18101471820963	202
-0.110798375514661	1.17599105620384	202
-0.121045118287267	1.55149978754705	307
-0.095193759342457	1.71823769477739	202
-0.087638212793229	0.664091525790354	933
-0.061039218449007	1.11442574881287	69
0.071086787548732	0.919608897490011	933
0.117634111733092	1.11599765719224	176
0.072758477912424	0.650887480082191	69
0.116856855291838	1.81473236132872	241
-0.030443068652148	0.997488243550905	176
-0.059771659133912	0.496109987525485	379
-0.00522746431951504	0.708411807290671	176
0.072556933260007	0.634892077517411	176
-0.108897821321223	0.271775288516344	379
0.050784883952428	0.742191728386275	176
-0.114157407188423	0.741732897758715	69
-0.000145414115439002	0.61330137121984	379
0.018782140415726	0.314901615881152	69
-0.032628391743836	0.420123709750017	69
0.014637507563064	0.521403012301539	176
-0.032870615668489	0.695911032061685	176
-0.048517055627903	0.379835081545539	275
-0.081343327886731	2.0065196660671	241
0.106005554433322	0.76103094005732	69
0.098713039747236	0.85749250596437	176
-0.069911333404221	0.943027150151201	176
-0.093329778467198	1.46742772838582	176
-0.068518587502524	0.893410874888978	176
-0.10687067834664	0.986224685900281	176
0.011743957643173	1.26391039608378	275
-0.035415204471718	0.754960206674051	176
0.00181013922059103	0.616667656968467	176
0.112293322379643	0.901562373906823	176
0.07454693942684	0.941793461270747	176
0.095600487086568	1.50584228623089	176
-0.0452116187925991	1.39707437131496	176
-0.019293275571966	1.60723075194526	176
0.053659668736454	1.98490033650115	176
-0.122499665051381	1.60771707504906	176
-0.092886871338575	1.52039732308883	176
0.000980386444828008	1.36083980980544	176
-0.087148437957699	2.19295127376707	176
-0.092237479321424	1.67501250413671	176
0.090599182665818	2.11030397859507	783
-0.038683872736323	2.07415098823573	783
0.00200062205545604	2.28311669119636	783
-0.103524709798034	2.0861091050718	783
0.103701378199011	2.47945251933284	783
0.033824531269096	1.94506825089216	612
-0.089933120299736	1.42445386753075	612
-0.0769340371745531	1.07962196729965	612
0.00841604495381698	1.65408427895824	612
0.0100348969922121	1.38605475215305	612
-0.00387708114737595	0.917636696392699	275
0.050814069740596	1.39784136577208	275
-0.08962545198585	2.45207084718443	275
